movieId,num,den,pred,title,genres,imdbId,tmdbId
1580,2.070116213064135,34.829194016741724,4.794730354157989,Men in Black (a.k.a. MIB) (1997),Action|Comedy|Sci-Fi,119654,607.0
2366,0.5591668150763742,2.008397618577896,5.013708516222331,King Kong (1933),Action|Adventure|Fantasy|Horror,24216,244.0
3175,0.6689667289276915,12.545671448362414,4.788616630649343,Galaxy Quest (1999),Adventure|Comedy|Sci-Fi,177789,926.0
1088,1.9282306220369894,7.350741745435107,4.997611947440826,Dirty Dancing (1987),Drama|Musical|Romance,92890,88.0
32460,0.018447851138285915,0.4821235659802995,4.77355785839737,Knockin' on Heaven's Door (1997),Action|Comedy|Crime|Drama,119472,158.0
44022,2.4862665491647813,3.848181204749122,5.381382858503759,Ice Age 2: The Meltdown (2006),Adventure|Animation|Children|Comedy,438097,950.0
96488,0.052878775228248305,0.18913811293997423,5.0148716940873515,Searching for Sugar Man (2012),Documentary,2125608,84334.0
1238,1.3161573050074675,1.7096442597121835,5.505136906596054,Local Hero (1983),Comedy,85859,11235.0
1342,-1.0469159196039406,0.7458732752604078,3.3316831366282935,Candyman (1992),Horror|Thriller,103919,9529.0
1591,-0.05423544246216125,4.141626756249424,4.722198914806696,Spawn (1997),Action|Adventure|Sci-Fi|Thriller,120177,10336.0
1645,-1.5442370090080442,8.636976476538802,4.5565004144104275,The Devil's Advocate (1997),Drama|Mystery|Thriller,118971,1813.0
4519,-0.029993403694718465,1.1957403228536196,4.710210574739398,"Land Before Time, The (1988)",Adventure|Animation|Children|Fantasy,95489,12144.0
2142,-2.055349345394177,2.2225014660645854,3.8105031212057323,"American Tail: Fievel Goes West, An (1991)",Adventure|Animation|Children|Musical|Western,101329,10380.0
471,0.3990477358114659,6.090486883182762,4.800813959240237,"Hudsucker Proxy, The (1994)",Comedy,110074,11934.0
3997,-0.6622804853688605,1.574094042213696,4.314556558385685,Dungeons & Dragons (2000),Action|Adventure|Comedy|Fantasy,190374,11849.0
833,-1.3541666651125177,0.9999999988523208,3.3811274509803924,High School High (1996),Comedy,116531,9308.0
3918,-1.3876630059600532,1.003252665001125,3.3521300809400176,Hellbound: Hellraiser II (1988),Horror,95294,9064.0
7982,0.25587901194186574,0.34997208776175814,5.466435316873365,"Tale of Two Sisters, A (Janghwa, Hongryeon) (2003)",Drama|Horror|Mystery|Thriller,365376,4552.0
1959,0.0526400379840154,2.152728789594933,4.759746820764352,Out of Africa (1985),Drama|Romance,89755,606.0
68135,0.520218910940293,1.2802238812092743,5.141644068289211,17 Again (2009),Comedy|Drama,974661,16996.0
2659,-0.19590387934027712,0.0889209097714733,2.532169117647059,It Came from Hollywood (1982),Comedy|Documentary,84156,30168.0
5803,-0.2860415218676242,0.5853563778319323,4.246631940723187,I Spy (2002),Action|Adventure|Comedy|Crime,297181,8427.0
76143,-1.0259784409253285,0.9989790082693987,3.7082670906200317,"Bone Man, The (Der Knochenmann) (2009)",Crime|Thriller,1181927,21467.0
140541,-0.5264889367906292,0.9989790082693987,4.208267090620032,The Electric Hotel (1908),Animation|Comedy|Sci-Fi,516,143634.0
2122,-0.8619638167074605,0.7306431588164165,3.555561157300488,Children of the Corn (1984),Horror|Thriller,87050,10823.0
6620,1.1097821802174872,1.3589919227708895,5.551915733730485,American Splendor (2003),Comedy|Drama,305206,2771.0
8638,-1.0520881066568895,3.7532015698613095,4.454976610826937,Before Sunset (2004),Drama|Romance,381681,80.0
4900,0.15615163261759943,0.4152247560130071,5.111359442164241,Out Cold (2001),Comedy,253798,14369.0
54190,1.2485051208332767,1.4506954353250787,5.595919367049257,Across the Universe (2007),Drama|Fantasy|Musical|Romance,445922,4688.0
1829,-0.6466666597526205,0.9999999893081762,4.088627450980392,Chinese Box (1997),Drama|Romance,118851,30265.0
160563,-0.10539337824645029,0.29298545304032525,4.375571895424837,The Legend of Tarzan (2016),Action|Adventure,918940,258489.0
36525,0.663585493848011,0.7148665784102874,5.66355893501156,Just Like Heaven (2005),Comedy|Fantasy|Romance,425123,9007.0
6658,1.258559412473847,1.3772566642709452,5.649110289406205,10 (1979),Comedy|Romance,78721,9051.0
148,-0.5468992928378982,0.4344527092637509,3.476470588235294,"Awfully Big Adventure, An (1995)",Drama,112427,22279.0
496,-0.5468992928378982,0.4344527092637509,3.476470588235294,What Happened Was... (1994),Comedy|Drama|Romance|Thriller,111689,83718.0
175197,0.01240645752667291,0.13674673184955016,4.826019924098672,The Dark Tower (2017),Fantasy|Horror|Sci-Fi|Western,1648190,353491.0
3794,-0.32981807489363607,0.15804599783844867,2.6484454824113266,Chuck & Buck (2000),Comedy|Drama,200530,44490.0
2866,-0.04636323340467251,0.3176182548177241,4.589322553666016,"Buddy Holly Story, The (1978)",Drama,77280,24153.0
1025,0.9257086767080613,2.920792071818931,5.05223166538957,"Sword in the Stone, The (1963)",Animation|Children|Fantasy|Musical,57546,9078.0
1127,0.42685881630922345,9.456324849383432,4.780434150705151,"Abyss, The (1989)",Action|Adventure|Sci-Fi|Thriller,96754,2756.0
2387,1.4457525015342207,2.3770216633981502,5.343514279792068,Very Bad Things (1998),Comedy|Crime,124198,10029.0
2580,0.5648430034898589,4.112886904671137,4.872629039949043,Go (1999),Comedy|Crime,139239,9430.0
1084,1.63625994674273,5.295002869134367,5.0443137701728045,Bonnie and Clyde (1967),Crime|Drama,61418,475.0
243,-0.24610841550375334,0.4985680159237328,4.2416635443986515,Gordy (1995),Children|Comedy|Fantasy,113199,47867.0
540,2.6443199172417082,5.350740750391452,5.229491097205123,Sliver (1993),Thriller,108162,867.0
1721,-1.4908921163153737,26.275380419061985,4.6785530888765,Titanic (1997),Drama|Romance,120338,597.0
858,11.593805410315266,32.13477799897039,5.096080970155787,"Godfather, The (1972)",Crime|Drama,68646,238.0
48780,1.0363348030562758,11.901066356355143,4.822373272743348,"Prestige, The (2006)",Drama|Mystery|Sci-Fi|Thriller,482571,1124.0
166635,-0.4025727758772327,1.7793680310072924,4.509049311141607,Passengers (2016),Adventure|Drama|Romance|Sci-Fi,1355644,274870.0
3698,-0.4309880656469544,3.8781260405857374,4.624161044318204,"Running Man, The (1987)",Action|Sci-Fi,93894,865.0
4161,0.15919553329323258,4.2312469896172145,4.772917904129831,"Mexican, The (2001)",Action|Comedy,236493,6073.0
6773,0.12187585724888231,3.3443834657203357,4.77173606830795,"Triplets of Belleville, The (Les triplettes de Belleville) (2003)",Animation|Comedy|Fantasy,286244,9662.0
43921,-0.10274691857691655,0.30497400157331245,4.398390256836428,Running Scared (2006),Action|Crime|Thriller,404390,7304.0
56941,-0.5026382750990563,0.40840853114425757,3.5045698874484614,P.S. I Love You (2007),Comedy|Drama|Romance,431308,6023.0
737,0.7209007897299677,2.8146428026398786,4.991419260437408,Barb Wire (1996),Action|Sci-Fi,115624,11867.0
4929,-0.30882535124039806,0.3525645640770209,3.8593542680229986,"Toy, The (1982)",Comedy,84809,23805.0
8928,-0.22425132778943355,0.1839098190865725,3.5159392789373816,"Fearless Vampire Killers, The (1967)",Comedy|Horror,61655,3053.0
69481,-1.528536559164624,4.466860640266123,4.3930993006908805,"Hurt Locker, The (2008)",Action|Drama|Thriller|War,887912,12162.0
897,-0.07533027229843421,0.12407338966800928,4.128151260504202,For Whom the Bell Tolls (1943),Adventure|Drama|Romance|War,35896,27854.0
4158,-0.7161994814328734,0.6916782142212987,3.6998422750020206,Monkeybone (2001),Animation|Comedy|Fantasy,166276,23685.0
1395,-0.2593026110808209,1.5126557455457315,4.563872026504126,Tin Men (1987),Comedy|Drama,94155,10896.0
3179,-0.5573770444231264,0.9999999914650206,4.177917068466731,Angela's Ashes (1999),Drama,145653,10397.0
91690,-0.10123910656342483,0.5343897005031583,4.545846030477523,Friends with Kids (2011),Comedy,1720616,80038.0
1483,1.6729032118754446,1.5952165178870328,5.783993897969866,Crash (1996),Drama|Thriller,115964,884.0
2563,1.1538853565048774,0.9186886277200215,5.9913076587840175,Dangerous Beauty (1998),Drama,118892,8583.0
4219,0.12123017540557177,0.1257877007967587,5.699062233589087,Girls Just Want to Have Fun (1985),Comedy,89208,16263.0
1460,-0.06539896732532387,0.19574032419412124,4.40118326136552,That Darn Cat (1997),Children|Comedy|Mystery,120317,20735.0
92008,-0.16812905762588326,0.24140424746283304,4.038831402541896,Haywire (2011),Action|Thriller,1506999,70435.0
101362,-0.1653708464597587,0.25055043467540966,4.0752639457816695,Olympus Has Fallen (2013),Action|Thriller,2302755,117263.0
185435,-0.16812905762588326,0.24140424746283304,4.038831402541896,"Game Over, Man! (2018)",Action|Comedy,3317234,456750.0
1270,4.775772817673496,30.58130112492885,4.891460554063999,Back to the Future (1985),Adventure|Comedy|Sci-Fi,88763,105.0
80906,-0.3631055818623626,1.0346029000483516,4.384332814672368,Inside Job (2010),Documentary,1645089,44639.0
31,-0.6939960394124768,6.7332862920982315,4.632224678846141,Dangerous Minds (1995),Drama,112792,9909.0
516,-0.20989654935760627,3.366525594299114,4.672945995383249,Renaissance Man (1994),Comedy|Drama,110971,11858.0
6266,-0.4376613873310124,1.3156463523684305,4.402635279241789,What a Girl Wants (2003),Comedy|Drama|Romance,286788,10735.0
61250,-0.053056793161486565,1.6403873709973074,4.7029500542267035,"House Bunny, The (2008)",Comedy,852713,12620.0
3000,-0.5392258393281826,5.875546646783501,4.6435195353410235,Princess Mononoke (Mononoke-hime) (1997),Action|Adventure|Animation|Drama|Fantasy,119698,128.0
82459,1.572843777219519,3.173863740506092,5.23085533445239,True Grit (2010),Western,1403865,44264.0
74948,0.04557442176917832,0.17009932883366186,5.003222404499649,Harry Brown (2009),Crime|Drama|Thriller,1289406,25941.0
1322,0.1367778088908817,0.2251868844269083,5.3426909882018245,Amityville 1992: It's About Time (1992),Horror,103678,41671.0
1339,0.40828268992521266,5.83803173494061,4.805229107462486,Dracula (Bram Stoker's Dracula) (1992),Fantasy|Horror|Romance|Thriller,103874,6114.0
2393,2.4235892001209742,2.221521210693457,5.826253406468992,Star Trek: Insurrection (1998),Action|Drama|Romance|Sci-Fi,120844,200.0
2572,0.2620436589297546,4.950217910121262,4.78822990021008,10 Things I Hate About You (1999),Comedy|Romance,147800,4951.0
3213,-0.09949507348614327,1.9487433426080476,4.68423810051502,Batman: Mask of the Phantasm (1993),Animation|Children,106364,14919.0
3704,0.9005468306203572,2.3344372983818795,5.121060242633399,Mad Max Beyond Thunderdome (1985),Action|Adventure|Sci-Fi,89530,9355.0
4489,0.1638577914266278,4.6726406555587445,4.770361610207544,Coming to America (1988),Comedy|Romance,94898,9602.0
1303,0.376169941982787,2.2878607106020343,4.899714066920894,"Man Who Would Be King, The (1975)",Adventure|Drama,73341,983.0
55363,-0.1533164289849727,0.8604779633973788,4.557118225286444,"Assassination of Jesse James by the Coward Robert Ford, The (2007)",Crime|Drama|Western,443680,4512.0
7387,-1.7089758829514423,1.5735066900989454,3.649200303299197,Dawn of the Dead (1978),Action|Drama|Horror,77402,923.0
27266,0.2716160393995924,0.41354344620485195,5.392095819843653,2046 (2004),Drama|Fantasy|Romance|Sci-Fi,212712,844.0
67618,0.4971834681258882,0.28148783187536247,6.5015639589169005,Strictly Sexual (2008),Comedy|Drama|Romance,494277,13808.0
99130,-0.026999432655929863,0.9989790082693987,4.708267090620032,Ice Cream Man (1995),Comedy|Horror,113376,44470.0
150554,-1.525467945060028,0.9989790082693987,3.2082670906200317,The Love Bug (1997),Adventure|Children|Comedy|Fantasy,119571,32643.0
6482,-0.9376196988178858,1.05103531369101,3.8432025897942346,Dumb and Dumberer: When Harry Met Lloyd (2003),Comedy,329028,10152.0
135137,0.14789216115893858,0.22400547739431265,5.395510835913313,Pixels (2015),Action|Comedy|Sci-Fi,2120120,257344.0
168144,0.14789216115893858,0.22400547739431265,5.395510835913313,Joe Rogan: Live (2006),Comedy,822818,24439.0
2996,-9.598978769147104e-05,0.11672358183282547,4.734471749226007,Music of the Heart (1999),Drama,166943,26149.0
3761,0.04163927591818565,0.08519701062213066,5.224035161659342,"Blood In, Blood Out (1993)",Action|Crime|Drama|Thriller,106469,9702.0
7879,-0.18058985037120975,0.8334916170978908,4.518627450980392,Notorious C.H.O. (2002),Comedy,300274,57946.0
6559,-0.03667284636771273,0.1388513395525776,4.471178218687178,Little Giants (1994),Children|Comedy,110364,20726.0
1699,-0.5352580986024542,0.46857020435034524,3.592972020268782,"Butcher Boy, The (1997)",Comedy|Drama,118804,22797.0
1265,-3.1044247385311383,24.106155644922975,4.60651270661419,Groundhog Day (1993),Comedy|Fantasy|Romance,107048,137.0
4239,0.90972340463553,5.72240932867767,4.894269708588531,Blow (2001),Crime|Drama,221027,4133.0
251,-0.008736068938062613,0.763595393157271,4.723853413556452,"Hunted, The (1995)",Action,113360,32631.0
33615,-0.02209272987700231,6.649642093076635,4.731971723814764,Madagascar (2005),Adventure|Animation|Children|Comedy,351283,953.0
150548,1.1265834084668862,1.2843515619402572,5.612455357490897,Sherlock: The Abominable Bride (2016),Action|Crime|Drama|Mystery|Thriller,3845232,370646.0
3986,-3.138868287609667,2.7304971491476646,3.5857348556681634,"6th Day, The (2000)",Action|Sci-Fi|Thriller,216216,8452.0
1884,2.1824832614305216,6.902437245578031,5.051484353614609,Fear and Loathing in Las Vegas (1998),Adventure|Comedy|Drama,120669,1878.0
808,0.42378988686806773,0.9378956512653961,5.187145969498911,Alaska (1996),Adventure|Children,115493,36344.0
2231,1.3845050778430432,3.86818184841502,5.093215521577523,Rounders (1998),Drama,128442,10220.0
71106,0.45129975944314626,1.1051076978268377,5.143670387517058,Frequently Asked Questions About Time Travel (2009),Comedy|Sci-Fi,910554,22494.0
580,-0.9161928658804698,0.8682137641174441,3.680032264234959,Princess Caraboo (1994),Drama,110892,37345.0
2443,-0.30927324269521234,0.48165915314970636,4.093194324312319,Playing by Heart (1998),Drama|Romance,145734,825.0
1975,-0.2622436885524526,1.5839080484858499,4.56972662223396,Friday the 13th Part 2 (1981),Horror,82418,9725.0
3098,-0.5282043712720562,3.4035253585809393,4.580100806117779,"Natural, The (1984)",Drama,87781,11393.0
5308,0.17105113613205739,1.3879032005002572,4.858538401593089,Three Men and a Baby (1987),Comedy,94137,12154.0
51086,-2.300661832445172,2.697919947904524,3.8825401898546135,"Number 23, The (2007)",Drama|Mystery|Thriller,481369,3594.0
33437,-0.10246504199254945,0.4203391714279401,4.49152658666853,Unleashed (Danny the Dog) (2005),Action|Crime|Drama|Thriller,342258,10027.0
76293,-0.4559433167730338,2.05650897237896,4.513586688748463,Date Night (2010),Action|Comedy|Romance,1279935,35056.0
142444,-1.525467945060028,0.9989790082693987,3.2082670906200317,The Editor (2015),Comedy|Horror|Mystery,3067274,285840.0
157775,-1.525467945060028,0.9989790082693987,3.2082670906200317,Tenchi Muyô! In Love (1996),Animation|Comedy,117876,34935.0
85,1.4928686739720656,2.55064000835047,5.320585914640992,Angels and Insects (1995),Drama|Romance,112365,8447.0
91653,-0.06374202469581315,0.15655207368287652,4.328132313933531,We Bought a Zoo (2011),Comedy|Drama,1389137,74465.0
3089,-0.00325891456362154,1.7338348921779656,4.7334145185120295,Bicycle Thieves (a.k.a. The Bicycle Thief) (a.k.a. The Bicycle Thieves) (Ladri di biciclette) (1948),Drama,40522,5156.0
75341,-0.0022150385940862107,0.019038784106312392,4.6189506273423495,Remember Me (2010),Drama|Romance,1403981,23169.0
101088,-0.0022150385940862107,0.019038784106312392,4.6189506273423495,Stoker (2013),Drama|Mystery|Thriller,1682180,86825.0
4042,-0.10482101410877671,0.4343418366505496,4.493961127675129,"Alamo, The (1960)",Action|Drama|War|Western,53580,11209.0
2748,-0.6176111869728764,1.1713704100873605,4.208038877413685,Allan Quatermain and the Lost City of Gold (1987),Action|Adventure|Comedy,92534,9710.0
2025,-0.49103534465986626,0.514013611480744,3.7799977330915664,Lolita (1997),Drama|Romance,119558,9769.0
5155,0.08423778122925098,0.08519701062213066,5.724035161659341,"Big Bird Cage, The (1972)",Action,68273,22910.0
123553,-1.3093362575241914,0.4251491847960904,1.6555839727195227,In the Name of the King III (2014),Action|Adventure|Drama|Fantasy,2379386,252360.0
2525,0.03633664390100933,0.1525641281597172,4.973467037712312,Alligator (1980),Action|Horror|Sci-Fi,80354,33518.0
26375,0.06291213449392424,0.4958075361306885,4.8621823351697175,Silver Streak (1976),Action|Comedy|Crime,75223,11558.0
83613,-0.18141949822357897,0.3141217931185035,4.1577490310024725,Cowboys & Aliens (2011),Action|Sci-Fi|Thriller|Western|IMAX,409847,49849.0
26736,-0.17552418592029034,0.1388513395525776,3.471178218687178,Riki-Oh: The Story of Ricky (Lik Wong) (1991),Action|Crime|Thriller,102293,17467.0
2259,-0.3639814882223966,0.3176182548177241,3.5893225536660163,Blame It on Rio (1984),Comedy|Romance,86973,14347.0
2096,0.2475381242969394,3.5042569597214253,4.805933379305718,Sleeping Beauty (1959),Animation|Children|Musical,53285,10882.0
65,-1.6890331889761043,7.39481749513815,4.5068864267085615,Bio-Dome (1996),Comedy,115683,9536.0
458,-0.18784261437503208,0.6152915977565583,4.4300037235315965,Geronimo: An American Legend (1993),Drama|Western,107004,35588.0
6934,0.8636810638144303,11.907492294680473,4.8078266914619725,"Matrix Revolutions, The (2003)",Action|Adventure|Sci-Fi|Thriller|IMAX,242653,605.0
8665,2.654116884567449,12.314740276055202,4.950817695495316,"Bourne Supremacy, The (2004)",Action|Crime|Thriller,372183,2502.0
32296,0.006097393489867847,0.6242912843375483,4.745061022364202,Miss Congeniality 2: Armed and Fabulous (2005),Adventure|Comedy|Crime,385307,10040.0
1223,1.9272835754841484,6.020372941806068,5.0554210589700626,"Grand Day Out with Wallace and Gromit, A (1989)",Adventure|Animation|Children|Comedy|Sci-Fi,104361,530.0
4383,-0.04058181824583201,0.2552963394557925,4.576334461851213,"Crimson Rivers, The (Rivières pourpres, Les) (2000)",Crime|Drama|Mystery|Thriller,228786,60670.0
104241,-0.1186636484286476,0.6355090536908076,4.548571917956131,Kick-Ass 2 (2013),Action|Comedy|Crime,1650554,59859.0
879,-0.0020167949046066558,0.5428051392446324,4.731578613207633,"Relic, The (1997)",Horror|Thriller,120004,11015.0
2249,0.6595341786129454,2.5046025390174904,4.998622996516466,My Blue Heaven (1990),Comedy,100212,16384.0
2622,0.1175701760553308,0.8831912973866769,4.868413835202265,William Shakespeare's A Midsummer Night's Dream (1999),Comedy|Fantasy,140379,10210.0
103883,0.08175162109314828,0.34166007683268573,4.974571770017262,2 Guns (2013),Action|Comedy|Crime,1272878,136400.0
5682,0.08641292857745242,0.16612266202073486,5.2554695562435505,"Grey Zone, The (2001)",Drama,252480,15192.0
76751,-0.06579219562483672,0.28148783187536247,4.5015639589169005,American Drug War: The Last White Hope (2007),Crime|Documentary,1033467,25572.0
3425,-0.018062059797330512,0.0889209097714733,4.532169117647059,Mo' Better Blues (1990),Drama|Musical,100168,41823.0
8501,-0.16016871928461648,0.26502737723353814,4.130946291560102,"Hitcher, The (1986)",Action|Thriller,91209,9542.0
6301,0.0073043534590699856,0.019038784106312392,5.1189506273423495,Straw Dogs (1971),Drama|Thriller,67800,994.0
27803,-0.4534473896442449,1.1356742809817684,4.336018200918322,"Sea Inside, The (Mar adentro) (2004)",Drama,369702,1913.0
173963,0.016823745512226183,0.019038784106312392,5.6189506273423495,Empties (2007),Comedy,809951,6079.0
101142,-0.3272146757286847,1.4059133192522741,4.502552403596927,"Croods, The (2013)",Adventure|Animation|Comedy,481499,49519.0
159441,0.25989489985609493,0.22400547739431265,5.895510835913313,The Do-Over (2016),Comedy,4769836,389053.0
168326,0.14789216115893858,0.22400547739431265,5.395510835913313,The Big Sick (2017),Comedy|Romance,5462602,416477.0
7324,0.018100222387078216,0.7450739756845214,4.759587305944837,Hidalgo (2004),Adventure|Drama,317648,2023.0
46974,0.10671566907950766,0.4702958348711555,4.962205906284829,World Trade Center (2006),Drama,469641,1852.0
2924,1.851964921214737,2.009398860883342,5.65694534243207,Drunken Master (Jui kuen) (1978),Action|Comedy,80179,11230.0
4307,0.08423778122925098,0.08519701062213066,5.724035161659341,"Fast Food, Fast Women (2000)",Comedy|Romance,206742,49453.0
3834,0.3866426670121383,0.4721727115330053,5.5541526784411035,Bronco Billy (1980),Adventure|Drama|Romance,80472,21866.0
81132,-0.26525778351275975,0.5793788429357648,4.277462792345855,Rubber (2010),Action|Adventure|Comedy|Crime|Drama|Film-Noir|Horror|Mystery|Thriller|Western,1612774,45649.0
36533,-0.3008910979320462,0.1718807994813942,2.9847140712433466,Cry_Wolf (a.k.a. Cry Wolf) (2005),Drama|Horror|Mystery|Thriller,384286,10092.0
52712,-0.04306989870995492,0.1718807994813942,4.484714071243347,"Invisible, The (2007)",Crime|Drama|Fantasy|Mystery|Thriller,435670,9785.0
3566,1.4057266963705508,0.5067154370638032,7.509487666034156,"Big Kahuna, The (2000)",Comedy|Drama,189584,15723.0
2392,-0.8665134493926636,0.9425872411349712,3.816001545482287,Jack Frost (1998),Children|Comedy|Drama,141109,9745.0
146210,-0.16812905762588326,0.24140424746283304,4.038831402541896,Blue Mountain State: The Rise of Thadland (2015),Comedy,3748440,288171.0
4000,-0.04636323340467251,0.3176182548177241,4.589322553666016,"Bounty, The (1984)",Adventure|Drama,86993,2669.0
804,-1.364100793873294,1.6842078696835916,3.9253579937114993,She's the One (1996),Comedy|Romance,117628,11363.0
588,5.442102928128143,43.442932411794075,4.860564273826726,Aladdin (1992),Adventure|Animation|Children|Comedy|Musical,103639,812.0
898,1.7944357350664928,4.937117649642177,5.098752285429742,"Philadelphia Story, The (1940)",Comedy|Drama|Romance,32904,981.0
799,-0.6396679712538611,1.912029259874537,4.4007448590777445,"Frighteners, The (1996)",Comedy|Horror|Thriller,116365,10779.0
48997,-0.4398115625059441,1.144200170044837,4.350910708152626,Perfume: The Story of a Murderer (2006),Crime|Drama|Thriller,396171,1427.0
70293,-0.8502324011333906,1.4703308859689557,4.157034890933554,Julie & Julia (2009),Comedy|Drama|Romance,1135503,24803.0
2027,-0.01565406235012956,1.8924797580418664,4.727022397813011,Jane Austen's Mafia! (1998),Comedy|Crime,120741,9835.0
5995,2.0564446089608315,7.904922308111782,4.995441469993656,"Pianist, The (2002)",Drama|War,253474,423.0
112183,-1.6677145949492929,4.655721365143813,4.377086556637278,Birdman: Or (The Unexpected Virtue of Ignorance) (2014),Comedy|Drama,2562232,194662.0
2802,0.22292578225207388,1.7610970992587271,4.861877587886097,Tequila Sunrise (1988),Action|Drama|Romance|Thriller,96244,10396.0
5110,-0.5920543617543577,4.450386763044652,4.602259756078602,Super Troopers (2001),Comedy|Crime|Mystery,247745,39939.0
481,-1.1145503114973,2.756871222923882,4.331013242200425,Kalifornia (1993),Drama|Thriller,107302,10909.0
3105,0.4810831634042902,3.5150539328287738,4.872157782500455,Awakenings (1990),Drama|Mystery,99077,11005.0
6552,0.33941309421659127,1.56381937878724,4.952335227906103,Dirty Pretty Things (2002),Crime|Drama|Thriller,301199,3472.0
63033,-0.07970973344328244,0.16612266202073486,4.25546955624355,Blindness (2008),Drama|Mystery|Romance|Thriller,861689,8338.0
26729,-0.2217827239529562,0.8142046679780084,4.462902257620353,Hearts of Darkness: A Filmmakers Apocalypse (1991),Documentary,102015,4539.0
4477,-0.8997351129327035,0.6238427554983641,3.2930474857791623,Big Top Pee-Wee (1988),Adventure|Children|Comedy,94744,30502.0
92427,0.32747812947028393,0.1839098190865725,6.515939278937381,Woman in Love (Rubbeldiekatz) (2011),Comedy,1802810,80125.0
67734,-0.0933438919050581,1.2009060831432419,4.657566230999387,Adventureland (2009),Comedy|Drama,1091722,16614.0
255,-3.322310731267569,2.7913417204577162,3.5450741216793897,"Jerky Boys, The (1995)",Comedy,110189,18713.0
6832,0.002700908440389304,0.13311620170490315,4.755583972719522,Regarding Henry (1991),Drama,102768,11364.0
171811,-0.5264889367906292,0.9989790082693987,4.208267090620032,Embassy (2013),Comedy|Sci-Fi|War,3273632,256608.0
4092,0.23737234656569073,0.26502737723353814,5.630946291560102,Cherry 2000 (1987),Romance|Sci-Fi,92746,15785.0
48872,0.0073043534590699856,0.019038784106312392,5.1189506273423495,13 Tzameti (2005),Film-Noir|Thriller,475169,6077.0
2247,0.2183296901542112,0.6425033759527448,5.0751050794656765,Married to the Mob (1988),Comedy,95593,2321.0
3028,0.26114123417511753,0.37725666497893556,5.427505172923441,"Taming of the Shrew, The (1967)",Comedy,61407,25560.0
5847,0.07251290168564972,0.37725666497893556,4.927505172923441,Ragtime (1981),Drama,82970,25566.0
5527,-0.4440933305318421,1.1495866168389326,4.348987140837443,Possession (2002),Drama|Romance,256276,30072.0
6890,0.5660939132727584,0.3566356177558095,6.322611494511998,Elephant (2003),Drama,363589,1807.0
7810,-0.03388870313592021,0.4251491847960904,4.655583972719523,Babylon 5: A Call to Arms (1999),Adventure|Sci-Fi,146455,10916.0
3042,-1.2093889775083184,1.9100985644424857,4.102138844918339,Meatballs III (1987),Comedy,93516,40772.0
27822,-0.3701937138387761,0.5585620125163956,4.072532050869541,Open Water (2003),Drama|Thriller,374102,83.0
30745,-0.17552418592029034,0.1388513395525776,3.471178218687178,Gozu (Gokudô kyôfu dai-gekijô: Gozu) (2003),Comedy|Crime|Drama|Horror|Mystery,361668,12487.0
133217,-0.10539337824645029,0.29298545304032525,4.375571895424837,B/W (2015),Comedy|Crime|Sci-Fi,4312536,335819.0
296,-1.3378479150921576,62.18655895241637,4.713780659793315,Pulp Fiction (1994),Comedy|Crime|Drama|Thriller,110912,680.0
2542,0.9268685510642841,9.281108775651239,4.835160262249943,"Lock, Stock & Two Smoking Barrels (1998)",Comedy|Crime|Thriller,120735,100.0
3062,-0.2734210423371242,2.8294142559072046,4.638658907102586,"Longest Day, The (1962)",Action|Drama|War,56197,9289.0
1466,-0.6475492789739571,6.212997079286352,4.631069172630935,Donnie Brasco (1997),Crime|Drama,119008,9366.0
2874,0.049528914498697514,0.1822467370045156,5.007062574590518,"Pajama Game, The (1957)",Comedy|Musical|Romance,50814,40867.0
472,0.9270060364786138,1.8763190277008344,5.229349778114634,I'll Do Anything (1994),Comedy|Drama,110097,106143.0
8950,1.8965023659111513,5.463655328070745,5.082406490597719,The Machinist (2004),Drama|Mystery|Thriller,361862,4553.0
1718,0.1367778088908817,0.2251868844269083,5.3426909882018245,Stranger in the House (1997),Thriller,120222,191874.0
1888,-0.1543056314357026,0.7723313102139047,4.5355020991246375,Hope Floats (1998),Comedy|Drama|Romance,119313,9715.0
95738,-0.08907841732319459,0.34166007683268573,4.474571770017262,"Adventures of Mary-Kate and Ashley, The: The Case of the Christmas Caper (1995)",Children|Musical|Mystery,283851,193976.0
4396,0.2938867537938705,1.0609625120965447,5.012294247664026,"Cannonball Run, The (1981)",Action|Comedy,82136,11286.0
7206,-0.1322964182461473,0.1839098190865725,4.015939278937381,Mon Oncle (My Uncle) (1958),Comedy,50706,427.0
4291,1.118357419267293,1.125072342647193,5.729325680662731,Nine to Five (a.k.a. 9 to 5) (1980),Comedy|Crime,80319,19494.0
3306,0.0073043534590699856,0.019038784106312392,5.1189506273423495,"Circus, The (1928)",Comedy,18773,28978.0
57183,0.06085341595478744,0.16840526105069747,5.096645156059498,Like Stars on Earth (Taare Zameen Par) (2007),Drama,986264,7508.0
121715,0.035889422461782255,0.22400547739431265,4.895510835913313,Sebastian Maniscalco: What's Wrong with People? (2012),Comedy,2215489,102517.0
128097,0.14789216115893858,0.22400547739431265,5.395510835913313,Jim Norton: American Degenerate (2013),Comedy,3234126,216553.0
173255,-0.1881160549325304,0.22400547739431265,3.8955108359133126,"Norm Macdonald: Hitler's Dog, Gossip & Trickery (2017)",Comedy,6878486,456193.0
8640,-1.1310045186255397,1.5996601657601066,4.028266123305446,King Arthur (2004),Action|Adventure|Drama|War,349683,9477.0
4799,0.1502174387768197,1.4912548084277655,4.836026358661721,"It's a Mad, Mad, Mad, Mad World (1963)",Action|Adventure|Comedy|Crime,57193,11576.0
7222,-0.027263498248180668,0.22889158740832247,4.616183150936234,Reefer Madness (a.k.a. Tell Your Children) (1938),Comedy|Drama,28346,37833.0
2035,-0.3320134329285938,0.6279881831466002,4.206600359008153,Blackbeard's Ghost (1968),Children|Comedy,62737,16249.0
5670,0.15693345682274407,0.3969814970498682,5.130610922054773,Comedian (2002),Comedy|Documentary,328962,19973.0
54372,0.024431637955122657,0.5793788429357648,4.777462792345855,Tell No One (Ne le dis à personne) (2006),Crime|Drama|Mystery|Thriller,362225,10795.0
3703,0.49096999612694164,4.503080086208323,4.8443239342898154,"Road Warrior, The (Mad Max 2) (1981)",Action|Adventure|Sci-Fi|Thriller,82694,8810.0
41285,1.0661074511644995,1.5035579998981998,5.444350536645649,Match Point (2005),Crime|Drama|Romance,416320,116.0
72407,-1.5582406569975396,2.203970531917286,4.028278921921194,"Twilight Saga: New Moon, The (2009)",Drama|Fantasy|Horror|Romance|Thriller,1259571,18239.0
6378,-1.707456626151437,8.912146109639643,4.5437065241375,"Italian Job, The (2003)",Action|Crime,317740,9654.0
62434,0.833937729071765,1.9581496247038268,5.161174611431031,Zack and Miri Make a Porno (2008),Comedy|Drama|Romance,1007028,10358.0
106487,0.4646109947631251,2.9773130817310403,4.89134455037246,The Hunger Games: Catching Fire (2013),Action|Adventure|Sci-Fi|IMAX,1951264,101299.0
513,-0.05207243163501727,0.37775101258662547,4.597445561587726,Radioland Murders (1994),Comedy|Mystery|Romance,110939,22588.0
1016,-0.09219066579054495,0.6953692674043496,4.602716119003732,"Shaggy Dog, The (1959)",Children|Comedy,53271,15944.0
2396,3.5064521184277435,18.868985503158953,4.9211256303079125,Shakespeare in Love (1998),Comedy|Drama|Romance,138097,1934.0
78,0.014931898642632023,0.06092214646193865,4.980392156862745,"Crossing Guard, The (1995)",Action|Crime|Drama|Thriller,112744,27526.0
322,-0.17045627986105671,1.1503282578868776,4.587113562494758,Swimming with Sharks (1995),Comedy|Drama,114594,20306.0
1005,-2.982046123583153,2.110749765419962,3.3225041354153966,D3: The Mighty Ducks (1996),Children|Comedy,116000,10680.0
89753,-0.013019773674815202,0.9870437318620707,4.722103442042187,Tinker Tailor Soldier Spy (2011),Drama|Film-Noir|Thriller,1340800,49517.0
48342,-0.06579219562483672,0.28148783187536247,4.5015639589169005,Conversations with Other Women (2005),Comedy|Drama|Romance,435623,15624.0
86377,0.2588271176592561,0.49660353664859747,5.256488790173939,Louis C.K.: Shameless (2007),Comedy,927619,24447.0
918,0.602361468083372,2.856556425117661,4.946163912756589,Meet Me in St. Louis (1944),Musical,37059,909.0
25887,-1.525467945060028,0.9989790082693987,3.2082670906200317,Tales of Manhattan (1942),Comedy|Drama,35415,27655.0
4624,0.10485865794892166,0.26502737723353814,5.130946291560102,Meet the Feebles (1989),Animation|Comedy|Musical,97858,8216.0
6678,-0.027655030667847417,0.26502737723353814,4.630946291560102,"Handmaid's Tale, The (1990)",Drama|Sci-Fi,99731,20815.0
95720,-0.0686330688761802,0.7600647434990466,4.6449951405359515,"Watch, The (2012)",Comedy|Sci-Fi,1298649,80035.0
4167,0.31858222249488993,1.1738860821335817,5.006685206904932,15 Minutes (2001),Thriller,179626,2749.0
5867,-0.17518136253692967,0.11672358183282547,3.234471749226006,Thief (1981),Crime|Drama|Thriller,83190,11524.0
178111,-0.2547032834462089,0.14936647694438507,3.030070237050044,"Fireworks, Should We See It from the Side or the Bottom? (2017)",Animation,6317962,431819.0
31364,0.4644775727822297,1.22776332170139,5.113606097303344,Memories of Murder (Salinui chueok) (2003),Crime|Drama|Mystery|Thriller,353969,11423.0
5949,0.6038104808908875,0.5793788429357648,5.777462792345855,Intact (Intacto) (2001),Thriller,220580,10856.0
71462,0.9434337507835127,0.8351708613493389,5.864923747276689,"Cove, The (2009)",Documentary,1313104,23128.0
9018,-0.43289540163676427,0.4958075361306885,3.8621823351697175,Control Room (2004),Documentary|War,391024,18889.0
37720,0.31393084219619366,0.5321907094352297,5.32517822616399,"Exorcism of Emily Rose, The (2005)",Crime|Drama|Horror|Thriller,404032,8643.0
53127,-0.578870413557442,0.3107321390339718,2.872369943285568,Bug (2007),Drama|Horror|Thriller,470705,12526.0
4531,-0.16812905762588326,0.24140424746283304,4.038831402541896,Red Heat (1988),Action,95963,9604.0
33132,0.2410298327374425,0.1388513395525776,6.471178218687178,State Property 2 (2005),Action|Crime|Drama,403537,13409.0
362,-0.37191092716368895,7.216179834219882,4.683755639434522,"Jungle Book, The (1994)",Adventure|Children|Romance,110213,10714.0
673,-3.8443999369816275,8.444851514633324,4.280058175331198,Space Jam (1996),Adventure|Animation|Children|Comedy|Fantasy|Sci-Fi,117705,2300.0
7169,-0.6739839131565212,0.6843952759084536,3.7505066170876966,Chasing Liberty (2004),Comedy|Romance,360139,14844.0
3087,1.6198666749997177,4.104028988813251,5.129995685159166,Scrooged (1988),Comedy|Fantasy|Romance,96061,9647.0
187593,0.2313319889017042,2.245396255362166,4.83831913532457,Deadpool 2 (2018),Action|Comedy|Sci-Fi,5463162,383498.0
56921,0.16947425958781986,0.16612266202073486,5.7554695562435505,Battlestar Galactica: Razor (2007),Action|Drama|Sci-Fi|Thriller,991178,69315.0
613,1.2477791032333967,1.2656565898316339,5.721169048697183,Jane Eyre (1996),Drama|Romance,116684,47333.0
188301,-0.040341508702861045,0.1839098190865725,4.515939278937381,Ant-Man and the Wasp (2018),Action|Adventure|Comedy|Fantasy|Sci-Fi,5095030,363088.0
6939,0.21569563625052576,0.28148783187536247,5.5015639589169005,Gloomy Sunday (Ein Lied von Liebe und Tod) (1999),Drama|Romance,155722,1277.0
321,0.040494831874488886,0.1303844586728049,5.045874322425216,Strawberry and Chocolate (Fresa y chocolate) (1993),Drama,106966,12527.0
5529,-0.5264889367906292,0.9989790082693987,4.208267090620032,Serving Sara (2002),Comedy|Romance,261289,12771.0
67888,-1.0259784409253285,0.9989790082693987,3.7082670906200317,Man on the Flying Trapeze (1935),Comedy,26676,55773.0
104875,-1.0259784409253285,0.9989790082693987,3.7082670906200317,"History of Future Folk, The (2012)",Adventure|Comedy|Musical|Sci-Fi,2245195,115199.0
2625,-0.027655030667847417,0.26502737723353814,4.630946291560102,Black Mask (Hak hap) (1996),Action|Adventure|Crime|Sci-Fi|Thriller,115693,9460.0
4126,0.36707159900050845,1.2198123004274186,5.0362187753766845,Less Than Zero (1987),Drama,93407,13703.0
147300,0.016823745512226183,0.019038784106312392,5.6189506273423495,Adventures Of Sherlock Holmes And Dr. Watson: The Twentieth Century Approaches (1986),Crime|Mystery,91942,270393.0
163134,0.017750133703151042,0.4613907140910227,4.773765055966917,Your Name. (2016),Animation|Drama|Fantasy|Romance,5311514,372058.0
175577,-0.412121532326843,0.22400547739431265,2.8955108359133126,Rory Scovel Tries Stand-Up for the First Time (2017),Comedy,7044010,461634.0
4259,0.10031434887102433,0.5364342547966434,4.922296248801141,"Luzhin Defence, The (2000)",Drama|Romance,211492,52654.0
5222,-0.21886426491117006,0.8787236904642515,4.486223485676799,Kissing Jessica Stein (2001),Comedy|Romance,264761,15647.0
2971,0.08423778122925098,0.08519701062213066,5.724035161659341,All That Jazz (1979),Drama|Fantasy|Musical,78754,16858.0
5427,-0.171353250637141,0.08519701062213066,2.7240351616593412,Caveman (1981),Comedy,82146,18905.0
8042,0.04163927591818565,0.08519701062213066,5.224035161659342,Mean Streets (1973),Crime|Drama,70379,203.0
62299,-0.21840759568682397,0.7048129174821184,4.4254138781261005,Alone in the Dark II (2008),Action|Horror,913951,12683.0
54256,0.042870501030742185,0.1718807994813942,4.984714071243347,Hot Rod (2007),Comedy,787475,10074.0
89047,0.07327518983694979,0.24140424746283304,5.038831402541897,Hesher (2010),Drama,1403177,44835.0
1533,0.1443199186217099,0.15804599783844867,5.648445482411327,"Promise, The (La promesse) (1996)",Drama,117398,105045.0
5543,-0.3639814882223966,0.3176182548177241,3.5893225536660163,"Swarm, The (1978)",Action|Horror|Sci-Fi,78350,46878.0
4061,0.1443199186217099,0.15804599783844867,5.648445482411327,The Man in the Moon (1991),Drama|Romance,102388,17474.0
593,4.793283708668144,55.16014792534445,4.822191703838371,"Silence of the Lambs, The (1991)",Crime|Horror|Thriller,102926,274.0
2797,0.39449437234140594,15.145967894801592,4.761340282215835,Big (1988),Comedy|Drama|Fantasy|Romance,94737,2280.0
3441,0.4021929162044917,2.5046517221846663,4.895872497723664,Red Dawn (1984),Action|Drama|War,87985,1880.0
1199,-2.2600954681133256,5.747369315229673,4.342054124851675,Brazil (1985),Fantasy|Sci-Fi,88846,68.0
597,0.05901078396714876,28.48422223710373,4.7373658183758325,Pretty Woman (1990),Comedy|Romance,100405,114.0
1653,2.4324390539605854,12.13372930190901,4.935763321585694,Gattaca (1997),Drama|Sci-Fi|Thriller,119177,782.0
1212,0.030930566723496533,2.9275168804829934,4.745859579089725,"Third Man, The (1949)",Film-Noir|Mystery|Thriller,41959,1092.0
148626,0.896594851787814,2.9648585964300707,5.037701407110167,"Big Short, The (2015)",Drama,1596363,318846.0
2513,0.32476044193833686,0.3680169989181422,5.617754555325301,Pet Sematary (1989),Horror,98084,8913.0
6157,-2.670868104686516,3.9386438339670398,4.05717540032288,Daredevil (2003),Action|Crime,287978,9480.0
73106,1.3720910321011037,1.5820433325649175,5.60258454127697,American Pie Presents: The Book of Love (American Pie 7: The Book of Love) (2009),Comedy,1407050,26123.0
60647,0.08641292857745242,0.16612266202073486,5.2554695562435505,Transsiberian (2008),Crime|Drama|Thriller,800241,6687.0
64983,0.3511631534051399,1.306524715100903,5.004070627839612,Valkyrie (2008),Drama|Thriller|War,985699,2253.0
1468,-0.8061132543297561,0.8800265800231809,3.819283996329448,Booty Call (1997),Comedy|Romance,118750,21915.0
4474,0.44642856964660094,0.9999999960083856,5.181722689075631,Beaches (1988),Comedy|Drama|Musical,94715,15592.0
140715,1.3848151638575745,1.7587085263979578,5.522698706339103,Straight Outta Compton (2015),Drama,1398426,277216.0
4713,-0.644670687747265,0.8571529989596995,3.9831872142941194,Altered States (1980),Drama|Sci-Fi,80360,11542.0
7132,0.3555762080188008,0.8571616471715768,5.150123933227486,"Night at the Opera, A (1935)",Comedy|Musical|Romance,26778,37719.0
6188,3.8640310424896542,6.388374111577631,5.340147711848263,Old School (2003),Comedy,302886,11635.0
26778,-0.17189071176883824,0.4203391714279401,4.326360752752929,Ladybugs (1992),Comedy,104670,19087.0
50685,0.2770451214318016,0.8550563254791025,5.059302154517108,Waitress (2007),Comedy|Drama|Romance,473308,10758.0
57951,-0.029902773163054466,0.5054933092696752,4.676138491618581,Fool's Gold (2008),Action|Adventure|Comedy|Romance,770752,8676.0
164707,-0.5264889367906292,0.9989790082693987,4.208267090620032,Go Figure (2005),Children|Comedy|Drama,447987,55504.0
1417,-1.0740740696918523,0.99999999592,3.6612200435729845,"Portrait of a Lady, The (1996)",Drama,117364,36758.0
105593,0.016823745512226183,0.019038784106312392,5.6189506273423495,Filth (2013),Comedy|Crime|Drama,1450321,85889.0
111375,-0.1881160549325304,0.22400547739431265,3.8955108359133126,Walk of Shame (2014),Comedy,2463288,187596.0
66297,0.041721714977316166,0.28232646680695694,4.883072381049631,Futurama: Into the Wild Green Yonder (2009),Action|Animation|Comedy|Sci-Fi,1054487,15060.0
5298,0.04163927591818565,0.08519701062213066,5.224035161659342,Human Nature (2001),Comedy|Romance,219822,441.0
106873,-0.18002004497401636,0.14936647694438507,3.530070237050044,Evangelion: 3.0 You Can (Not) Redo (2012),Action|Animation|Drama,860907,75629.0
33138,-0.3324596893575291,0.27143860713367884,3.5104879160966713,Palindromes (2004),Adventure|Comedy|Drama,362004,13073.0
101531,-0.33290329744659203,0.2855088314293242,3.569294117647059,Phil Spector (2013),Drama,1745862,173153.0
4782,-0.32694623263380973,0.2214585704012579,3.2589627567003134,Sidewalks of New York (2001),Comedy|Romance,239986,31016.0
34330,0.07246550135179096,0.5165489583537919,4.875581887431231,November (2004),Drama|Mystery,368089,9775.0
5962,-2.2608695635803535,0.9999999992759258,2.4744245524296677,Body of Evidence (1993),Drama|Thriller,106453,2149.0
143385,0.40370377098606675,0.6788747057473585,5.329960213715019,Bridge of Spies (2015),Drama|Thriller,3682448,296098.0
54272,1.5744821943396308,6.1985289649164335,4.989303125792568,"Simpsons Movie, The (2007)",Animation|Comedy,462538,35.0
2294,-1.8324560949892745,7.266357006897746,4.483110514054533,Antz (1998),Adventure|Animation|Children|Comedy|Fantasy,120587,8916.0
2606,-0.9842104992103083,1.130342423532073,3.8645752286444983,Idle Hands (1999),Comedy|Horror,138510,6552.0
126548,0.14912287848453237,1.519207872000953,4.833452428456837,The DUFF (2015),Comedy,1666801,272693.0
7481,-0.2458323954640173,0.16612266202073486,3.25546955624355,Enemy Mine (1985),Adventure|Drama|Sci-Fi,89092,11864.0
1863,-0.3260238770902265,1.5758960723679916,4.528412532746391,Major League: Back to the Minors (1998),Comedy,120742,9771.0
3844,0.8773633180807776,1.9343923310731561,5.188854289483574,Steel Magnolias (1989),Drama,98384,10860.0
2739,1.211318579914338,2.6257586097400427,5.196615495560874,"Color Purple, The (1985)",Drama,88939,873.0
78105,-1.6318346243525759,1.5266163799239734,3.666371599971831,Prince of Persia: The Sands of Time (2010),Action|Adventure|Fantasy|Romance|IMAX,473075,9543.0
4773,-0.3126368544047165,0.4351690983838888,4.016867980391971,Haiku Tunnel (2001),Comedy,273253,75386.0
6754,0.1980285631594005,2.9601252019883706,4.8021928295753185,Underworld (2003),Action|Fantasy|Horror,320691,277.0
54734,0.07495172031284451,0.28148783187536247,5.0015639589169005,Sydney White (2007),Comedy,815244,10760.0
64622,0.013613739352353896,0.7388774627860809,4.753719012217561,"Reader, The (2008)",Drama|Romance,976051,8055.0
950,0.3122181667123043,1.8051564727289633,4.908253177667105,"Thin Man, The (1934)",Comedy|Crime,25878,3529.0
112497,-0.07611331623537407,0.22400547739431265,4.395510835913313,Tammy (2014),Comedy,2103254,226486.0
6213,0.5411018842284976,0.6186749994854918,5.609908227928699,Tears of the Sun (2003),Action|Drama|Thriller,314353,9567.0
4452,-0.003802360448946565,0.16967718091400233,4.7128847375025735,Made (2001),Comedy,227005,15745.0
155,-0.3559334746490359,0.5416534223991114,4.078170097138664,Beyond Rangoon (1995),Adventure|Drama|War,112495,1873.0
3436,0.8183946580399644,1.3706084768855957,5.332397281564143,Dying Young (1991),Drama|Romance,101787,9079.0
56274,0.15693345682274407,0.3969814970498682,5.130610922054773,Margot at the Wedding (2007),Drama,757361,13998.0
3431,-0.11622748425870788,0.1525641281597172,3.973467037712312,Death Wish 2 (1982),Action|Drama,82250,14373.0
3843,-0.3223154635771823,0.3603099099538355,3.8407434692386406,Sleepaway Camp (1983),Horror,86320,13567.0
40946,-0.3008910979320462,0.1718807994813942,2.9847140712433466,Sarah Silverman: Jesus Is Magic (2005),Comedy|Musical,422528,16156.0
77667,-0.16812905762588326,0.24140424746283304,4.038831402541896,MacGruber (2010),Action|Comedy,1470023,37931.0
90430,0.1939773135683663,0.24140424746283304,5.538831402541897,Carnage (2011),Comedy|Drama,1692486,72113.0
99750,-0.04742693389446673,0.24140424746283304,4.538831402541897,"Iceman, The (2012)",Crime|Drama|Thriller,1491044,68812.0
51091,-0.10609851614400154,0.1388513395525776,3.971178218687178,Black Snake Moan (2006),Drama,462200,7874.0
368,4.737923817671607,13.476304860338384,5.086868519292989,Maverick (1994),Adventure|Comedy|Western,110478,9359.0
34,-0.04372366102825396,26.647290745311782,4.733653288136616,Babe (1995),Children|Drama,112431,9598.0
8961,2.5928455920675675,18.387837248513414,4.876302848419743,"Incredibles, The (2004)",Action|Adventure|Animation|Children|Comedy,317705,9806.0
193,-5.512948461891542,8.0044290966243,4.046556870387724,Showgirls (1995),Drama,114436,10802.0
94864,-0.2879638041088274,3.0612221614268944,4.641225870089815,Prometheus (2012),Action|Horror|Sci-Fi|IMAX,1446714,70981.0
1924,-0.4367782508128294,0.7129044680782942,4.1226198108213366,Plan 9 from Outer Space (1959),Horror|Sci-Fi,52077,10513.0
2888,-0.013457355223182088,0.5066747163022708,4.708733970100337,Drive Me Crazy (1999),Comedy|Romance,164114,14429.0
119964,-0.43073849415588034,0.34166007683268573,3.474571770017262,A Merry Friggin' Christmas (2014),Comedy,910885,286532.0
138186,-0.9432286094049089,0.34166007683268573,1.974571770017262,Sorrow (2015),Crime|Drama|Horror,2140423,337879.0
8464,0.3510570888909574,7.381136577120722,4.782855504057267,Super Size Me (2004),Comedy|Documentary|Drama,390521,9372.0
7587,1.250312266152511,0.9459855967933967,6.056997397687145,"Samouraï, Le (Godson, The) (1967)",Crime|Drama|Thriller,62229,5511.0
211,0.0033515975670849935,0.16612266202073486,4.7554695562435505,"Browning Version, The (1994)",Drama,109340,49805.0
62376,0.08641292857745242,0.16612266202073486,5.2554695562435505,City of Ember (2008),Adventure|Children|Sci-Fi,970411,13600.0
1537,-0.5100139938409458,2.3681188114552914,4.519927392221858,Shall We Dance? (Shall We Dansu?) (1996),Comedy|Drama|Romance,117615,11239.0
4132,-0.2642029539612613,0.7433891762674236,4.379890834419515,Mannequin (1987),Comedy|Romance,93493,10019.0
4321,-0.27291974837204297,3.663014157938599,4.660787239812431,City Slickers (1991),Comedy|Western,101587,1406.0
26258,-0.22425132778943355,0.1839098190865725,3.5159392789373816,"Topo, El (1970)",Fantasy|Western,67866,13041.0
5417,-0.09409307581989239,0.34997208776175814,4.466435316873365,"Fast Runner, The (Atanarjuat) (2001)",Drama|Fantasy,285441,13245.0
6124,0.06925900929284089,0.13311620170490315,5.255583972719522,Savannah Smiles (1982),Comedy,84633,17132.0
7647,0.002700908440389304,0.13311620170490315,4.755583972719522,Noises Off... (1992),Comedy,105017,26670.0
52767,0.21569563625052576,0.28148783187536247,5.5015639589169005,21 Up (1977),Documentary,75610,20553.0
72167,-0.30429715471677715,0.7468975567325082,4.327879269420748,"Boondock Saints II: All Saints Day, The (2009)",Action|Crime|Drama|Thriller,1300851,22821.0
3152,-1.271403004522151,2.2048220052965948,4.158647566828948,"Last Picture Show, The (1971)",Drama,67328,25188.0
44777,-1.0259784409253285,0.9989790082693987,3.7082670906200317,Evil Aliens (2005),Comedy|Horror|Sci-Fi,383353,10177.0
53578,-1.525467945060028,0.9989790082693987,3.2082670906200317,"Valet, The (La doublure) (2006)",Comedy,449851,21427.0
102378,-0.5264889367906292,0.9989790082693987,4.208267090620032,Syrup (2013),Comedy|Drama,762138,72525.0
118894,-1.525467945060028,0.9989790082693987,3.2082670906200317,Scooby-Doo! Abracadabra-Doo (2010),Animation|Children|Mystery,1599351,32916.0
136511,-0.3001187936296867,0.22400547739431265,3.3955108359133126,Jeff Dunham: All Over the Map (2014),Comedy,4209802,300685.0
1344,-0.00842209312338775,0.5852937861831707,4.720904603659032,Cape Fear (1962),Crime|Drama|Thriller,55824,11349.0
6005,-0.6948989565110085,1.0175750300168291,4.052397096776258,Blue Collar Comedy Tour: The Movie (2003),Comedy|Documentary,330069,23626.0
103210,-0.2547032834462089,0.14936647694438507,3.030070237050044,Fullmetal Alchemist: The Sacred Star of Milos (2011),Action|Adventure|Animation,1776196,80518.0
117895,-0.4514966942850607,0.3907707244072181,3.5798936076166283,Maze Runner: Scorch Trials (2015),Action|Thriller,4046784,294254.0
193573,0.04402967044256126,0.14936647694438507,5.030070237050044,Love Live! The School Idol Movie (2015),Animation,3837248,333623.0
6639,0.06291213449392424,0.4958075361306885,4.8621823351697175,Wait Until Dark (1967),Drama|Thriller,62467,11206.0
7103,0.005241622968077137,0.2214585704012579,4.758962756700313,Madhouse (1990),Comedy,100087,51036.0
160954,-0.16812905762588326,0.24140424746283304,4.038831402541896,Nerve (2016),Drama|Thriller,3531824,328387.0
3235,2.1375672283574083,1.048949914892499,6.773110411837306,Where the Buffalo Roam (1980),Comedy,81748,13005.0
101,0.3804757570242895,1.6623470663908448,4.964172770436664,Bottle Rocket (1996),Adventure|Comedy|Crime|Romance,115734,13685.0
1500,-0.377302309623744,12.964382171589309,4.706191125724268,Grosse Pointe Blank (1997),Comedy|Crime|Romance,119229,9434.0
126,-2.663274821432562,2.4487083574477366,3.6476697734362746,"NeverEnding Story III, The (1994)",Adventure|Children|Fantasy,110647,27793.0
1183,2.1690420705228903,6.434339267242805,5.072398205640285,"English Patient, The (1996)",Drama|Romance|War,116209,409.0
160980,0.42894336666584015,1.3372146249230585,5.056067880266146,Sully (2016),Drama,3263904,363676.0
1378,0.5715022735800503,2.422776939087847,4.971181402340802,Young Guns (1988),Action|Comedy|Western,96487,11967.0
2003,1.7648824161779106,4.81048558958361,5.102176500581435,Gremlins (1984),Comedy|Horror,87363,927.0
2261,0.07292061647881944,0.35830308613181144,4.938810691467452,One Crazy Summer (1986),Comedy,91680,18282.0
4865,-2.096952712725386,4.65246278003592,4.284575259298837,From Hell (2001),Crime|Horror|Mystery|Thriller,120681,768.0
110130,-1.2728862855505367,1.3406390851020844,3.7858318054591287,"Nut Job, The (2014)",Adventure|Animation|Children|Comedy,1821658,227783.0
3198,0.6949382974631215,1.2348767337036601,5.298053361947381,Papillon (1973),Crime|Drama,70511,5924.0
2342,-0.07169031128698475,0.07169031128698475,3.735294117647059,Hard Core Logo (1996),Comedy|Drama,116488,21589.0
7173,-0.11406534949285227,3.7817040376808477,4.705131696591284,Along Came Polly (2004),Comedy|Romance,343135,5966.0
2771,0.3314805371616894,0.8821014541996006,5.111079165482025,Brokedown Palace (1999),Drama,120620,17707.0
4153,-0.21558960731972843,1.0292761926282963,4.525836628137648,Down to Earth (2001),Comedy|Fantasy|Romance,231775,16300.0
63312,0.14356831038371146,0.1839098190865725,5.515939278937381,Krabat (2008),Drama|Fantasy,772181,4627.0
4992,0.26116460852336176,3.8213319730870965,4.803637985796357,Kate & Leopold (2001),Comedy|Romance,35423,11232.0
58107,-0.20653611156251794,0.28148783187536247,4.0015639589169005,Step Up 2 the Streets (2008),Drama|Musical|Romance,1023481,8328.0
55577,-0.038962966727355636,0.6868568304045144,4.678567642779787,Saw IV (2007),Crime|Horror|Thriller,890870,663.0
7118,-0.027655030667847417,0.26502737723353814,4.630946291560102,Wings of Honneamise (Ôritsu uchûgun Oneamisu no tsubasa) (1987),Animation|Drama|Sci-Fi|War,93207,20043.0
86014,-0.06374202469581315,0.15655207368287652,4.328132313933531,Diary of a Wimpy Kid: Rodrick Rules (2011),Comedy,1650043,60307.0
38159,0.0073043534590699856,0.019038784106312392,5.1189506273423495,"Short Film About Love, A (Krótki film o milosci) (1988)",Drama|Romance,95467,31056.0
47044,-0.6198017042825767,0.6330212790955508,3.756177420072314,Miami Vice (2006),Action|Crime|Drama|Thriller,430357,82.0
39427,-0.018150581193108084,0.4433194066150731,4.6943516709094,Stay (2005),Thriller,371257,8066.0
62836,-0.03388870313592021,0.4251491847960904,4.655583972719523,Babylon 5: The Lost Tales - Voices in the Dark (2007),Sci-Fi,871427,15289.0
39400,-0.7806775456151056,0.6978738418331347,3.6166427242025545,"Fog, The (2005)",Action|Horror|Mystery|Thriller,432291,791.0
2907,1.1290674532293938,1.545738621766433,5.465732910681242,Superstar (1999),Comedy,167427,13824.0
4683,-0.10609851614400154,0.1388513395525776,3.971178218687178,"Wizard, The (1989)",Adventure|Children|Comedy|Drama,98663,183.0
3043,-1.4661542266345646,0.9100985753399214,3.124310135953695,Meatballs 4 (1992),Comedy,104837,40773.0
1226,-0.12792775553627725,0.648221299960617,4.537942139944306,"Quiet Man, The (1952)",Drama|Romance,45061,3109.0
1259,0.805723043989437,14.164795624658813,4.792176198076571,Stand by Me (1986),Adventure|Drama,92005,235.0
3538,-0.046172947091908605,0.029682608844798394,3.1797385620915035,East is East (1999),Comedy,166175,10557.0
4896,2.197891959866206,18.16596161718467,4.856283691784826,Harry Potter and the Sorcerer's Stone (a.k.a. Harry Potter and the Philosopher's Stone) (2001),Adventure|Children|Fantasy,241527,671.0
830,0.9776797232810763,1.3782315669142706,5.4446667272659255,"First Wives Club, The (1996)",Comedy,116313,2925.0
5447,0.7391304342474235,0.9999999992759258,5.474424552429667,Sunshine State (2002),Drama,286179,57022.0
159093,-0.09138821457397041,1.3607571243835144,4.668134289536386,Now You See Me 2 (2016),Action|Comedy|Thriller,3110958,291805.0
5254,-2.1072272759761415,5.684650607380153,4.364606907206999,Blade II (2002),Action|Horror|Thriller,187738,36586.0
5785,0.7488760788803319,2.69324281625848,5.0133515116404785,Jackass: The Movie (2002),Action|Comedy|Documentary,322802,9012.0
60766,1.7317295852835644,1.2111459955330315,6.1651213983139295,Man on Wire (2008),Documentary,1155592,14048.0
5055,0.08641292857745242,0.16612266202073486,5.2554695562435505,Dragon: The Bruce Lee Story (1993),Action|Drama,106770,10423.0
6953,0.5093614699146501,2.75639612404293,4.920086668134159,21 Grams (2003),Crime|Drama|Mystery|Romance|Thriller,315733,470.0
7649,-0.7549189963825168,1.0109825197806432,3.988575968112372,Babylon 5: In the Beginning (1998),Adventure|Sci-Fi,120711,10940.0
8977,-0.28473107509457135,1.5210759765388684,4.548103550255111,Alexander (2004),Action|Adventure|Drama|War,346491,1966.0
385,0.05619658717361489,0.2656565939116339,4.9468325791855206,"Man of No Importance, A (1994)",Drama,110455,52038.0
4293,0.5741520503617281,0.8922782710863861,5.378761597430775,Summer Rental (1985),Comedy,90098,19357.0
5151,-1.191345571614519,3.3028084145583056,4.374587282105755,40 Days and 40 Nights (2002),Comedy|Romance,243736,2752.0
5585,-0.5212015755787065,0.9779018512643947,4.2023146832541185,Ernest Scared Stupid (1991),Comedy,101821,32685.0
68932,0.44642856964660094,0.9999999960083856,5.181722689075631,"Soloist, The (2009)",Drama|Musical,821642,17332.0
127146,-0.040341508702861045,0.1839098190865725,4.515939278937381,Kurt Cobain: Montage of Heck (2015),Documentary,4229236,319075.0
143859,-0.32874144082323276,0.5008374589624448,4.078910624478903,"Hail, Caesar! (2016)",Comedy,475290,270487.0
6460,-0.6682066100529837,0.6483768537747995,3.704710428296125,"Trial, The (Procès, Le) (1962)",Drama,57427,3009.0
7048,0.04434018435857495,0.21831321232703382,4.938397648972288,Nothing to Lose (1997),Action|Adventure|Comedy|Crime,119807,11676.0
2662,0.07517778484183917,1.741587838254583,4.778460349743157,"War of the Worlds, The (1953)",Action|Drama|Sci-Fi,46534,8974.0
86833,3.2856906723102917,3.0784815387155984,5.802602994113846,Bridesmaids (2011),Comedy,1478338,55721.0
81535,0.1907596201550342,0.13472044390770962,6.15126050420168,Saw VII 3D - The Final Chapter (2010),Horror|Mystery|Thriller,1477076,41439.0
141544,1.0130789238871811,1.2919644613097239,5.51943250088105,Turbo Kid (2015),Action|Adventure|Sci-Fi,3672742,310135.0
81,-1.1448069996346584,1.843986412842434,4.114461452253401,Things to Do in Denver When You're Dead (1995),Crime|Drama|Romance,114660,400.0
71668,0.25989489985609493,0.22400547739431265,5.895510835913313,Couples Retreat (2009),Comedy|Romance,1078940,19899.0
5699,-0.058457780704104206,0.11672358183282547,4.234471749226007,Tom Horn (1980),Western,80031,5917.0
89804,0.03140808400135414,0.3314444953185779,4.8300553354224975,"Ides of March, The (2011)",Drama,1124035,10316.0
130444,-0.03388870313592021,0.4251491847960904,4.655583972719523,Ruby Red (2013),Adventure|Children|Fantasy|Sci-Fi,2418558,175774.0
58876,-0.04306989870995492,0.1718807994813942,4.484714071243347,Stop-Loss (2008),Drama|War,489281,8988.0
142115,0.13043478071980652,0.999999985518519,4.865728900255754,The Blue Planet (2001),Documentary,296310,200813.0
5452,-0.03667284636771273,0.1388513395525776,4.471178218687178,Look Who's Talking Now (1993),Children|Comedy|Romance,107438,11982.0
6664,-0.09686106524781392,0.23177350203413732,4.31738152454335,Commando (1985),Action|Adventure,88944,10999.0
2212,-0.01372607921673876,0.15804599783844867,4.648445482411327,"Man Who Knew Too Much, The (1934)",Drama|Thriller,25452,8208.0
3313,-1.8301357148569612,1.2277168301576455,3.2446118447470758,Class Reunion (1982),Comedy,84395,33374.0
130576,0.011904398378701204,0.009146187212576635,6.036863624373517,Midnight Special (2015),Drama|Sci-Fi,2649554,245703.0
1031,-0.59199069146561,3.0402665239690165,4.5405774088327355,Bedknobs and Broomsticks (1971),Adventure|Children|Musical,66817,12335.0
1892,1.2185505918962782,3.502729709303564,5.083180107439448,"Perfect Murder, A (1998)",Thriller,120787,1965.0
2683,-3.7154315780249445,20.39808826662535,4.553148049375357,Austin Powers: The Spy Who Shagged Me (1999),Action|Adventure|Comedy,145660,817.0
210,0.3107254015487007,0.6152915977565583,5.24029922852725,Wild Bill (1995),Western,114938,65796.0
1201,0.686861006511609,10.986445235044064,4.797813066389523,"Good, the Bad and the Ugly, The (Buono, il brutto, il cattivo, Il) (1966)",Action|Adventure|Western,60196,429.0
1441,2.239710660247261,1.8058860377754438,5.975522245777569,Benny & Joon (1993),Comedy|Romance,106387,4104.0
2052,-0.4585134392991269,2.7019210678177332,4.565595067308236,Hocus Pocus (1993),Children|Comedy|Fantasy|Horror,107120,10439.0
2463,0.26756835065569284,1.7237315557142447,4.890520347490501,Ruthless People (1986),Comedy,91877,12151.0
3685,1.389031408701789,2.848255139971649,5.222972131181905,Prizzi's Honor (1985),Comedy|Drama|Romance,89841,2075.0
80166,-0.3333207911844519,0.8070698016898314,4.322292924334474,"Switch, The (2010)",Comedy|Romance,889573,41210.0
1175,0.19349551080342417,2.429954410731632,4.814923393796797,Delicatessen (1991),Comedy|Drama|Romance,101700,892.0
5152,1.359591508306082,2.0669047735581025,5.39308519041409,We Were Soldiers (2002),Action|Drama|War,277434,10590.0
28,1.5904880855283436,1.038912486952178,6.26621044169116,Persuasion (1995),Drama|Romance,114117,17015.0
436,1.1850769257136222,0.9935564664113565,5.928056648793397,Color of Night (1994),Drama|Thriller,109456,2124.0
3841,0.7328438726735544,0.6105225776891008,5.935649189604355,Air America (1990),Action|Comedy,99005,11856.0
4958,-0.18187590820047883,2.1314510859021265,4.649964499058369,Behind Enemy Lines (2001),Action|Drama|War,159273,8007.0
171701,-0.1322964182461473,0.1839098190865725,4.015939278937381,The Death of Louis XIV (2016),Drama,5129510,371859.0
50804,0.640402035200379,0.6975807883432699,5.653326904532305,Hannibal Rising (2007),Drama|Horror|Thriller,367959,1248.0
2313,-0.5310537612835465,2.815100903628039,4.546649454644345,"Elephant Man, The (1980)",Drama,80678,1955.0
7325,2.62746116193256,3.458346852417029,5.495038953563744,Starsky & Hutch (2004),Action|Comedy|Crime|Thriller,335438,9384.0
4326,-0.06282300323033338,2.035403228923657,4.704428978819725,Mississippi Burning (1988),Crime|Drama|Thriller,95647,1632.0
44193,0.056272367913753514,0.57356849360374,4.833403355761226,She's the Man (2006),Comedy|Romance,454945,9655.0
167772,1.9709585838828674,0.9989790082693987,6.708267090620032,The Spirit of Christmas (1995),Animation|Comedy,122264,16487.0
2522,0.36988603518245977,0.26502737723353814,6.130946291560102,Airport '77 (1977),Drama,75648,7227.0
95313,0.0073043534590699856,0.019038784106312392,5.1189506273423495,Jack-Jack Attack (2005),Adventure|Animation|Children|Comedy,455565,13932.0
172583,0.016823745512226183,0.019038784106312392,5.6189506273423495,Investigation Held by Kolobki (1986),Animation,3066856,213321.0
110882,0.26086726463082477,0.5343897005031583,5.223453347484766,Locke (2013),Drama,2692904,210479.0
8827,-0.8579419389033445,1.2376260564742063,4.042078315979566,"Bill Cosby, Himself (1983)",Comedy|Documentary,83652,20120.0
6319,-0.1700747693673822,0.09956151937514536,3.027056131377036,"My Father the Hero (Mon père, ce héros.) (1991)",Comedy|Drama,102465,20978.0
177939,0.11871290891475379,0.14936647694438507,5.530070237050044,"The Night Is Short, Walk on Girl (2017)",Animation|Romance,6335734,430214.0
3445,0.3866426670121383,0.4721727115330053,5.5541526784411035,Eyes of Laura Mars (1978),Mystery|Thriller,77530,29143.0
57274,0.2925370502861485,0.5367453153644386,5.28031433843375,[REC] (2007),Drama|Horror|Thriller,1038988,8329.0
4443,-0.04636323340467251,0.3176182548177241,4.589322553666016,Outland (1981),Action|Sci-Fi|Thriller,82869,10540.0
596,1.4467440188815464,8.089558428740633,4.9141350311067535,Pinocchio (1940),Animation|Children|Fantasy|Musical,32910,10895.0
2018,0.1362613861440743,5.38571218766113,4.760594650129328,Bambi (1942),Animation|Children|Drama,34492,3170.0
2583,1.4038101966451746,1.2364448306634805,5.870654274308384,Cookie's Fortune (1999),Comedy|Drama,126250,9465.0
497,2.5222499049154887,9.266587166953403,5.007481694310705,Much Ado About Nothing (1993),Comedy|Romance,107616,11971.0
762,-2.7074566305735503,4.699997840361106,4.159239250701517,Striptease (1996),Comedy|Crime,117765,9879.0
27741,-0.2434771492169261,0.8069950875384032,4.433585776448092,"Twilight Samurai, The (Tasogare Seibei) (2002)",Drama|Romance,351817,12496.0
7147,1.8168857040900888,12.043527645309707,4.886154044870929,Big Fish (2003),Drama|Fantasy|Romance,319061,587.0
2044,-0.0884090755360266,0.2251868844269083,4.342690988201824,"Devil and Max Devlin, The (1981)",Comedy|Fantasy,82263,40866.0
2355,2.705683077067036,17.442421349452257,4.890414959120826,"Bug's Life, A (1998)",Adventure|Animation|Children|Comedy,120623,9487.0
106920,-1.1681197967760701,3.127772154724303,4.361827081369593,Her (2013),Drama|Romance|Sci-Fi,1798709,152601.0
8622,1.1934723749368308,6.063940207680617,4.932108785018807,Fahrenheit 9/11 (2004),Documentary,361596,1777.0
1243,-1.6127649749235764,2.1802144597377198,3.995566441903824,Rosencrantz and Guildenstern Are Dead (1990),Comedy|Drama,100519,18971.0
1274,0.023131034719173826,3.26330020272963,4.742382351423353,Akira (1988),Action|Adventure|Animation|Sci-Fi,94625,149.0
1621,-0.47511660064965283,0.2656565939116339,2.9468325791855206,Soul Food (1997),Drama,120169,29461.0
4155,-0.12665799647140583,1.077430319818661,4.617738490947485,Sweet November (2001),Drama|Romance,230838,1921.0
4482,0.4954715261078637,0.34549520045556265,6.169385026737968,"Bright Lights, Big City (1988)",Drama,94799,17170.0
2905,-0.022795968743494696,0.4034069671603926,4.6787855032719605,Sanjuro (Tsubaki Sanjûrô) (1962),Action|Adventure|Drama,56443,11712.0
1296,-0.6152025994714548,1.5576155525301867,4.340329777138182,"Room with a View, A (1986)",Drama|Romance,91867,11257.0
100390,1.731363979604263,1.2229844856637113,6.150981724399204,Identity Thief (2013),Comedy|Crime,2024432,109431.0
182731,-1.0259784409253285,0.9989790082693987,3.7082670906200317,Pixel Perfect (2004),Children|Comedy|Sci-Fi,393596,124117.0
168846,0.25989489985609493,0.22400547739431265,5.895510835913313,Neal Brennan: 3 Mics (2017),Comedy,6438918,435351.0
4083,0.3533333295555558,0.9999999893081762,5.088627450980392,Best Seller (1987),Thriller,92641,4639.0
1051,0.025178947393942636,0.06882245621010981,5.101147776183645,Trees Lounge (1996),Drama,117958,27845.0
4826,0.08423778122925098,0.08519701062213066,5.724035161659341,"Big Red One, The (1980)",Action|Adventure|Drama|War,80437,16121.0
170697,-0.12434027432287725,0.13674673184955016,3.826019924098672,Gifted (2017),Drama,4481414,400928.0
55995,-0.1255351931153816,0.5521363864968049,4.507931465618495,Beowulf (2007),Action|Adventure|Animation|Fantasy|IMAX,442933,2310.0
162600,-1.0577364194121668,0.5876313441178704,2.935294117647059,Miss Peregrine's Home for Peculiar Children (2016),Fantasy,1935859,283366.0
1415,-2.2643188931159366,0.8334916170978908,2.018627450980392,"Thieves (Voleurs, Les) (1996)",Crime|Drama|Romance,118100,49935.0
1030,-1.7218107983185678,3.4294183402062957,4.233223320937261,Pete's Dragon (1977),Adventure|Animation|Children|Musical,76538,11114.0
300,-2.3215499145883465,19.398385651929622,4.615616637456463,Quiz Show (1994),Drama,110932,11450.0
412,0.005243928179184246,1.0317677400363925,4.740376587253057,"Age of Innocence, The (1993)",Drama,106226,10436.0
842,-1.26662607562789,2.5962038203394227,4.247417909429211,Tales from the Crypt Presents: Bordello of Blood (1996),Comedy|Horror,117826,9431.0
1064,-0.8760321058189493,2.7015975748179737,4.411029647622143,Aladdin and the King of Thieves (1996),Animation|Children|Comedy|Fantasy|Musical|Romance,115491,11238.0
784,-6.1733943000817,8.49834263639365,4.0088707943928865,"Cable Guy, The (1996)",Comedy|Thriller,115798,9894.0
180095,-1.303718624857518,1.2381620029206424,3.6823473935655273,Wonder (2017),Drama,2543472,406997.0
1489,0.5458687174334038,1.2251868830864066,5.18083326352682,Cats Don't Dance (1997),Animation|Children|Musical,118829,24662.0
3706,-0.5490292337762928,2.225186873027094,4.488560128501507,Angel Heart (1987),Film-Noir|Horror|Mystery|Thriller,92563,635.0
4848,-2.1081616588282235,6.098820227664502,4.38962699185353,Mulholland Drive (2001),Crime|Drama|Film-Noir|Mystery|Thriller,166924,1018.0
8132,1.066456802253362,1.6928084416628248,5.365286724020049,Gladiator (1992),Action|Drama,104346,16219.0
1772,-1.4976982632383196,1.5090212321748255,3.742797636282239,Blues Brothers 2000 (1998),Action|Comedy|Musical,118747,11568.0
136864,-0.5958214860457516,1.5393052453632714,4.348222425505102,Batman v Superman: Dawn of Justice (2016),Action|Adventure|Fantasy|Sci-Fi,2975590,209112.0
406,-0.08988962679831601,0.1303844586728049,4.045874322425216,Federal Hill (1994),Drama,109785,171857.0
1034,0.9434432275746406,1.3925469683354705,5.412788844235958,Freeway (1996),Comedy|Crime|Drama|Thriller,116361,11229.0
1974,0.33482342029933376,1.682207140528972,4.934332281397837,Friday the 13th (1980),Horror|Mystery|Thriller,80761,4488.0
6820,-0.4618689428858674,0.40387871678611575,3.5917108494788037,Ginger Snaps (2000),Drama|Horror|Thriller,210070,9871.0
146028,-0.0022150385940862107,0.019038784106312392,4.6189506273423495,The Adventures of Sherlock Holmes and Dr. Watson: The Hound of the Baskervilles (1981),Crime|Mystery,83100,84254.0
45440,0.45884709620692654,0.6106037078580493,5.486758758791357,Art School Confidential (2006),Comedy|Drama,364955,9786.0
2682,-0.1251456749562132,0.5852937861831707,4.521477265477287,Limbo (1999),Drama,164085,62676.0
2349,-1.6809636554903102,1.9566300868182804,3.8761824915840237,Mona Lisa (1986),Comedy|Thriller,91538,10002.0
1163,-0.1700747693673822,0.09956151937514536,3.027056131377036,Mina Tannenbaum (1994),Drama,110521,86369.0
8008,0.6598594255530814,0.8787236904642515,5.486223485676799,Brigadoon (1954),Fantasy|Musical|Romance,46807,18283.0
1752,-0.17698426964743724,0.2948391268614675,4.135020091837063,Hard Rain (1998),Action|Crime|Thriller,120696,11258.0
41716,0.05027972457767151,0.22229907396614643,4.961474657586368,"Matador, The (2005)",Comedy|Drama|Thriller,365485,9515.0
32584,0.5587196706246128,0.4958075361306885,5.8621823351697175,"Ballad of Jack and Rose, The (2005)",Drama,357110,17113.0
6695,-0.376800640073914,0.3603099099538355,3.6895259340237123,Jeepers Creepers 2 (2003),Horror|Thriller,301470,11351.0
1826,-0.08561510559915476,0.05688898464154363,3.230343622597554,Barney's Great Adventure (1998),Adventure|Children,120598,17644.0
103655,-0.16812905762588326,0.24140424746283304,4.038831402541896,R.I.P.D. (2013),Action|Comedy|Fantasy,790736,49524.0
54785,-0.03667284636771273,0.1388513395525776,4.471178218687178,Halloween (2007),Horror,373883,2082.0
5884,-0.48786407273208476,0.15804599783844867,1.6484454824113266,Chopper Chicks in Zombietown (1989),Comedy|Horror,103959,27070.0
2094,0.20889495838724775,6.48641681181197,4.76749910299534,"Rocketeer, The (1991)",Action|Adventure|Sci-Fi,102803,10249.0
71535,-0.27845972088030796,8.169112070981045,4.701207215856414,Zombieland (2009),Action|Comedy|Horror,1156398,19908.0
587,-0.8119002659448065,21.452616584532322,4.697447906079086,Ghost (1990),Comedy|Drama|Fantasy|Romance|Thriller,99653,251.0
1307,-0.25709551055028174,14.366585423518638,4.7173987372924895,When Harry Met Sally... (1989),Comedy|Romance,98635,639.0
3624,-2.66164634643784,9.946586383463712,4.467700166936205,Shanghai Noon (2000),Action|Adventure|Comedy|Western,184894,8584.0
1276,-0.7811008713397634,10.615544028929435,4.6617132564861885,Cool Hand Luke (1967),Drama,61512,903.0
6300,0.13062408618600926,0.17009932883366186,5.503222404499649,Flickering Lights (Blinkende lygter) (2000),Action|Comedy|Crime,236027,10180.0
2015,-0.2573796548620956,1.0895882098754557,4.499076753573787,"Absent-Minded Professor, The (1961)",Children|Comedy|Fantasy,54594,17984.0
135861,-1.3930912549305712,1.0145195491095498,3.3621404350459736,Ted 2 (2015),Comedy,2637276,214756.0
149380,-0.6015685325722232,0.34166007683268573,2.974571770017262,'Tis the Season for Love (2015),Romance,5056034,362886.0
27793,0.16947425958781986,0.16612266202073486,5.7554695562435505,Starship Troopers 2: Hero of the Federation (2004),Action|Horror|Sci-Fi|War,367093,10304.0
64497,-0.29378775850945027,0.5794077089649621,4.22824570602985,"Day the Earth Stood Still, The (2008)",Drama|Sci-Fi|Thriller|IMAX,970416,10200.0
2752,1.1934677776767497,2.7068225624491067,5.176205093576309,Outrageous Fortune (1987),Comedy|Mystery,93690,20242.0
42018,-0.7695117753132429,0.28148783187536247,2.0015639589169,Mrs. Henderson Presents (2005),Comedy|Drama,413015,10773.0
52435,0.03827887394513178,0.4203391714279401,4.826360752752929,How the Grinch Stole Christmas! (1966),Animation|Comedy|Fantasy|Musical,60345,13377.0
59440,0.07495172031284451,0.28148783187536247,5.0015639589169005,Bella (2006),Drama|Romance,482463,12586.0
96110,0.830074063753258,1.504472317539074,5.287031796085067,"Campaign, The (2012)",Comedy,1790886,77953.0
126921,-1.525467945060028,0.9989790082693987,3.2082670906200317,The Fox and the Hound 2 (2006),Adventure|Animation|Children|Comedy,465997,9948.0
6288,0.013738269444952645,0.21981231111924232,4.797794117647059,Better Luck Tomorrow (2002),Crime|Drama,280477,14290.0
60904,-0.0022150385940862107,0.019038784106312392,4.6189506273423495,Heart of a Dog (Sobachye serdtse) (1988),Comedy|Drama|Sci-Fi,96126,43680.0
159811,0.016823745512226183,0.019038784106312392,5.6189506273423495,The Bremen Town Musicians (1969),Animation|Drama|Fantasy,211281,33108.0
3795,-0.3257920071221747,0.321560942094614,3.722136222910217,"Five Senses, The (1999)",Drama,168794,47585.0
42007,-0.2775491870471578,0.713504531693431,4.346299829988615,Rumor Has It... (2005),Comedy|Drama|Romance,398375,2800.0
157699,0.3301318191789919,0.685479217371699,5.216901452796914,Snowden (2016),Drama|Thriller,3774114,302401.0
3296,1.331212182060637,1.269287699300719,5.784080915781189,To Sir with Love (1967),Drama,62376,25934.0
731,0.15693345682274407,0.3969814970498682,5.130610922054773,Heaven's Prisoners (1996),Crime|Thriller,116508,36915.0
4229,-0.5484048030350677,0.2214585704012579,2.2589627567003134,Say It Isn't So (2001),Comedy|Romance,239949,20309.0
136912,-0.7639207473532315,0.5876313441178704,3.435294117647059,God Loves Caviar (2012),Adventure,2181959,128767.0
85510,-0.04742693389446673,0.24140424746283304,4.538831402541897,Sucker Punch (2011),Action|Fantasy|Thriller|IMAX,978764,23629.0
988,-0.5973356589201552,0.8334916170978908,4.018627450980392,Grace of My Heart (1996),Comedy|Drama,116442,58985.0
2240,0.12750561900688506,0.7692371833445364,4.901050040225461,My Bodyguard (1980),Drama,81207,21873.0
1574,-0.48786407273208476,0.15804599783844867,1.6484454824113266,Fall (1997),Romance,119098,37567.0
914,1.5557514927740759,4.117036131503162,5.113175545713627,My Fair Lady (1964),Comedy|Drama|Musical|Romance,58385,11113.0
2467,0.6261204858871572,2.858604328545573,4.954324250511134,"Name of the Rose, The (Name der Rose, Der) (1986)",Crime|Drama|Mystery|Thriller,91605,192.0
76,-0.371391987823696,1.6025449681301172,4.503542750159977,Screamers (1995),Action|Sci-Fi|Thriller,114367,9102.0
667,-0.6002750817639502,1.4985680147760536,4.334728326942087,Bloodsport 2 (a.k.a. Bloodsport II: The Next Kumite) (1996),Action,112536,25087.0
4700,2.130074418201679,4.028623184176049,5.264029201774152,"Princess Diaries, The (2001)",Children|Comedy|Romance,247638,9880.0
6863,-0.5050827819164553,12.321718855089301,4.694302857591824,School of Rock (2003),Comedy|Musical,332379,1584.0
5965,0.7391304342474235,0.9999999992759258,5.474424552429667,"Duellists, The (1977)",Action|War,75968,19067.0
3435,1.6416315808875783,2.478891033525653,5.397538467513755,Double Indemnity (1944),Crime|Drama|Film-Noir,36775,996.0
1372,0.7645072071921002,7.8187313252891695,4.833073050748309,Star Trek VI: The Undiscovered Country (1991),Action|Mystery|Sci-Fi,102975,174.0
1816,0.36196469331778997,0.2251868844269083,6.342690988201824,Two Girls and a Guy (1997),Comedy|Drama,124179,32456.0
3264,-0.6311990146809697,3.98600469372865,4.576940311472655,Buffy the Vampire Slayer (1992),Action|Comedy|Horror,103893,10206.0
73319,1.5133074526454702,1.7447735244784002,5.602631586616204,Leap Year (2010),Comedy|Romance,1216492,25195.0
39183,-1.964967212981748,5.034667338235064,4.345006720094675,Brokeback Mountain (2005),Drama|Romance,388795,142.0
2032,-1.4520014156627243,0.9378956512653961,3.1871459694989106,"Barefoot Executive, The (1971)",Children|Comedy,66811,20173.0
1480,0.32212048111374764,1.5921774165618587,4.937608556831439,Smilla's Sense of Snow (1997),Drama|Thriller,120152,9311.0
3252,1.9855193552951103,4.521571342515296,5.174415654141624,Scent of a Woman (1992),Drama,105323,9475.0
52952,-0.07970973344328244,0.16612266202073486,4.25546955624355,This Is England (2006),Drama,480025,11798.0
61628,0.16947425958781986,0.16612266202073486,5.7554695562435505,Sunflower (Xiang ri kui) (2005),Drama,401808,38019.0
2871,0.3678874187835376,4.162216921186606,4.823681490470159,Deliverance (1972),Adventure|Drama|Thriller,68473,10669.0
5040,0.37781249130475447,0.8644013254485475,5.1723740713464625,Conan the Destroyer (1984),Action|Adventure|Fantasy,87078,9610.0
5505,0.6410493800618469,3.1374913807734273,4.939613206454825,"Good Girl, The (2002)",Comedy|Drama,279113,9962.0
107406,-0.4014681840348395,1.52851073493626,4.472640951490799,Snowpiercer (2013),Action|Drama|Sci-Fi,1706620,110415.0
1889,-0.3331638704667581,0.7511679563764906,4.291766318519571,Insomnia (1997),Drama|Mystery|Thriller,119375,26610.0
69784,-0.009467760486461196,0.8073356756825694,4.723566950408405,Brüno (Bruno) (2009),Comedy,889583,18480.0
3359,1.3684695587603093,2.9277481351668055,5.202707807480164,Breaking Away (1979),Comedy|Drama,78902,20283.0
74553,-0.17982457666384455,0.4195906788823041,4.306722689075631,"Secret of Kells, The (2009)",Animation|Fantasy,485601,26963.0
55269,0.4564699301013295,2.827060521794691,4.896758623476439,"Darjeeling Limited, The (2007)",Adventure|Comedy|Drama,838221,4538.0
69304,-0.5264889367906292,0.9989790082693987,4.208267090620032,Imagine That (2009),Comedy|Drama|Fantasy,780567,19724.0
3013,-0.16016871928461648,0.26502737723353814,4.130946291560102,Bride of Re-Animator (1990),Comedy|Horror,99180,18111.0
179133,0.016823745512226183,0.019038784106312392,5.6189506273423495,Loving Vincent (2017),Animation|Crime|Drama,3262342,339877.0
98083,0.3245031725359835,0.5095143088236369,5.3721813785469426,Jackass 3.5 (2011),Comedy|Documentary,1753968,65851.0
174815,0.035889422461782255,0.22400547739431265,4.895510835913313,The House (2017),Comedy,4481514,345914.0
688,-0.9755899551104089,2.470218955167821,4.340353437158219,Operation Dumbo Drop (1995),Action|Adventure|Comedy|War,114048,27281.0
3725,0.3866426670121383,0.4721727115330053,5.5541526784411035,American Pop (1981),Animation|Musical,82009,29204.0
66744,0.2381143654120564,0.2855088314293242,5.569294117647059,"Divo, Il (2008)",Drama,1023490,8832.0
30894,-0.04334653523019544,0.3107321390339718,4.5957960426653255,White Noise (2005),Drama|Horror|Mystery|Sci-Fi|Thriller,375210,11804.0
7321,-0.03667284636771273,0.1388513395525776,4.471178218687178,Twisted (2004),Thriller,315297,13572.0
26629,0.10217849318486488,0.1388513395525776,5.471178218687178,Killer Klowns from Outer Space (1988),Comedy|Horror|Sci-Fi,95444,16296.0
56012,-0.03667284636771273,0.1388513395525776,4.471178218687178,"Evening with Kevin Smith 2: Evening Harder, An (2006)",Comedy|Documentary,910873,16768.0
60293,0.0703050002974894,0.7066553876055343,4.834783913565426,"Wackness, The (2008)",Comedy|Drama|Romance,1082886,13990.0
2526,-0.3639814882223966,0.3176182548177241,3.5893225536660163,Meteor (1979),Sci-Fi,79550,40160.0
26,0.4269534138894914,2.45738048000698,4.909037425760371,Othello (1995),Drama,114057,16420.0
27,0.17752427859650316,1.205223403529267,4.882589862217449,Now and Then (1995),Children|Drama,114011,9263.0
332,-0.007152113428006757,0.8626062399032186,4.727002833516296,Village of the Damned (1995),Horror|Sci-Fi,114852,12122.0
2023,0.8570006865974023,8.189585798881739,4.839939298446608,"Godfather: Part III, The (1990)",Crime|Drama|Mystery|Thriller,99674,242.0
5066,-2.729182249260531,2.7995257879544093,3.760421065573935,"Walk to Remember, A (2002)",Drama|Romance,281358,10229.0
87222,-0.9852212546120771,1.3423425658744612,4.001337466298332,Kung Fu Panda 2 (2011),Action|Adventure|Animation|Children|Comedy|IMAX,1302011,49444.0
30793,-0.3440108702248543,9.018640240227018,4.697149689988173,Charlie and the Chocolate Factory (2005),Adventure|Children|Comedy|Fantasy|IMAX,367594,118.0
145283,-0.039475242647652606,0.17009932883366186,4.503222404499649,Nowitzki: The Perfect Shot (2014),Documentary,3626804,291343.0
2335,2.141001433693771,4.087302615639422,5.25911181235397,"Waterboy, The (1998)",Comedy,120484,10663.0
2754,0.36196469331778997,0.2251868844269083,6.342690988201824,Deadtime Stories (1987),Horror,92850,66194.0
2857,0.47579954230949795,2.766853485249818,4.907258243989852,Yellow Submarine (1968),Adventure|Animation|Comedy|Fantasy|Musical,63823,12105.0
3743,0.1367778088908817,0.2251868844269083,5.3426909882018245,Boys and Girls (2000),Comedy|Romance,204175,10571.0
81834,0.41126070493661987,6.025020077979214,4.803552928342103,Harry Potter and the Deathly Hallows: Part 1 (2010),Action|Adventure|Fantasy|IMAX,926084,12444.0
117851,-0.35082487689842423,1.2265992098406644,4.449279848206924,Penguins of Madagascar (2014),Adventure|Animation|Children|Comedy,1911658,270946.0
38886,0.16947425958781986,0.16612266202073486,5.7554695562435505,"Squid and the Whale, The (2005)",Comedy|Drama,367089,10707.0
3270,-1.9315921733444559,1.6340523931881556,3.5532070674419067,"Cutting Edge, The (1992)",Comedy|Drama|Romance,104040,16562.0
86781,-0.008759435155298315,0.8253647804900442,4.724681313027388,Incendies (2010),Drama|Mystery|War,1255953,46738.0
170875,0.15934907184440067,0.4253140665494055,5.109956242361644,The Fate of the Furious (2017),Action|Crime|Drama|Thriller,4630562,337339.0
1235,0.16216194006308765,2.788285489963065,4.793452416231196,Harold and Maude (1971),Comedy|Drama|Romance,67185,343.0
3811,-0.6964653241830961,0.6307888267318125,3.6311760758111546,Breaker Morant (1980),Drama|War,80310,13783.0
6936,3.862694749018944,5.622245185263201,5.422331879561762,Elf (2003),Children|Comedy|Fantasy,319343,10719.0
27020,-0.09409307581989239,0.34997208776175814,4.466435316873365,Gia (1998),Drama|Romance,123865,14533.0
33683,0.08089296806098668,0.34997208776175814,4.966435316873365,High Tension (Haute tension) (Switchblade Romance) (2003),Horror|Thriller,338095,10226.0
4774,0.6653847644461216,0.4669479696884942,6.160259654792464,Big Trouble (2002),Comedy|Crime,246464,2185.0
8643,0.5542387697037501,0.8243777135542363,5.407605802680604,"Cinderella Story, A (2004)",Comedy|Romance,356470,11247.0
8656,0.0073043534590699856,0.019038784106312392,5.1189506273423495,"Short Film About Killing, A (Krótki film o zabijaniu) (1988)",Crime|Drama,95468,10754.0
147286,0.016823745512226183,0.019038784106312392,5.6189506273423495,The Adventures of Sherlock Holmes and Doctor Watson: The Treasures of Agra (1983),Crime|Mystery,86333,127608.0
501,0.18759207479387496,0.29298545304032525,5.375571895424837,Naked (1993),Drama,107653,21450.0
5993,-1.1664438022041215,0.8150729544972454,3.3042028321760433,Max (2002),Drama,290210,13560.0
5095,0.08423778122925098,0.08519701062213066,5.724035161659341,"Scotland, Pa. (2001)",Comedy|Crime,265713,27593.0
127212,0.11871290891475379,0.14936647694438507,5.530070237050044,The Stanford Prison Experiment (2015),Drama|Thriller,420293,308032.0
8864,-0.21495069819134913,0.1718807994813942,3.4847140712433466,Mr. 3000 (2004),Comedy|Drama,339412,16232.0
40851,-0.129010298450652,0.1718807994813942,3.9847140712433466,Zathura (2005),Action|Adventure|Children|Fantasy,406375,6795.0
577,-1.4948803475921757,0.966987559981465,3.18937935156586,Andre (1994),Adventure|Children|Drama,109120,21352.0
71211,-0.03667284636771273,0.1388513395525776,4.471178218687178,"Informant!, The (2009)",Comedy|Crime|Drama|Thriller,1130080,11323.0
2439,-0.5352580986024542,0.46857020435034524,3.592972020268782,Affliction (1997),Drama,118564,31662.0
115231,0.0073313047724128865,0.009146187212576635,5.536863624373517,St. Vincent (2014),Comedy,2170593,239563.0
1927,-0.058823213779779226,1.5063431706920052,4.69624377711094,All Quiet on the Western Front (1930),Action|Drama|War,20629,143.0
103249,0.18150671858336587,1.32373045622328,4.872411699047445,World War Z (2013),Action|Drama|Horror|IMAX,816711,72190.0
1269,0.4660432227613675,5.35786157862794,4.822277182797599,Arsenic and Old Lace (1944),Comedy|Mystery|Thriller,36613,212.0
3072,-1.1432500220075246,5.505819132771436,4.527650169591676,Moonstruck (1987),Comedy|Romance,93565,2039.0
3387,0.7732782343522555,1.9859093524591307,5.124676560201506,Who's Harry Crumb? (1989),Comedy|Mystery,98645,11718.0
106918,0.8274746623194607,2.16566254162589,5.117382576220216,"Secret Life of Walter Mitty, The (2013)",Adventure|Comedy|Drama,359950,116745.0
135536,-0.00755501586482038,1.4126128195146532,4.7299458610261,Suicide Squad (2016),Action|Crime|Sci-Fi,1386697,297761.0
42004,0.19885882258164195,0.483740916838459,5.1463795058364745,Transamerica (2005),Adventure|Comedy|Drama,407265,546.0
103980,0.2033248934196256,0.2782846988759833,5.465930384178683,Blue Jasmine (2013),Drama,2334873,160588.0
4876,-0.7242867101892663,1.6672379836599582,4.300871007516557,Thirteen Ghosts (a.k.a. Thir13en Ghosts) (2001),Horror|Thriller,245674,9378.0
1019,-1.5522623426993762,3.188423816491477,4.24845095248482,"20,000 Leagues Under the Sea (1954)",Adventure|Drama|Sci-Fi,46672,173.0
33154,-0.24664273217405894,0.9876630967336995,4.485570570225138,Enron: The Smartest Guys in the Room (2005),Documentary,413845,13020.0
60737,-1.525467945060028,0.9989790082693987,3.2082670906200317,Watching the Detectives (2007),Comedy|Romance,472205,22100.0
101283,0.4724900714787695,0.9989790082693987,5.208267090620032,"Incredible Burt Wonderstone, The (2013)",Comedy,790628,124459.0
384,-0.8434445035425342,1.2650273762412185,4.068553998513302,Bad Company (1995),Action|Crime|Drama,112443,40480.0
8426,-0.16016871928461648,0.26502737723353814,4.130946291560102,Robot Carnival (Roboto kânibauru) (1987),Animation|Comedy|Drama|Fantasy|Sci-Fi,93871,33441.0
175435,0.0073043534590699856,0.019038784106312392,5.1189506273423495,The Magic Ring (1982),Animation|Fantasy,189195,79216.0
2331,0.23710584529684792,1.1525641174678936,4.941014425700509,Living Out Loud (1998),Comedy|Drama|Romance,120722,46889.0
4866,-1.3637995403346175,0.8039164453258413,3.038849731835489,"Last Castle, The (2001)",Action,272020,2100.0
2750,-0.9595485615807251,2.287355237489836,4.315792788840021,Radio Days (1987),Comedy|Drama,93818,30890.0
42011,-0.26128070633681816,1.003899473136765,4.475028310832333,Fun with Dick and Jane (2005),Comedy|Crime,369441,7552.0
4919,-0.0009592293928796817,0.08519701062213066,4.724035161659341,Subway (1985),Crime|Drama|Romance|Thriller,90095,10656.0
6040,-0.18219787478277305,0.3107321390339718,4.14894384390581,Darkness Falls (2003),Horror|Thriller,282209,10727.0
5258,-0.32981807489363607,0.15804599783844867,2.6484454824113266,George Washington (2000),Drama,262432,18292.0
4830,-0.006387976046452066,0.009146187212576635,4.036863624373517,Brubaker (1980),Crime|Drama,80474,1623.0
2644,0.2105765698132577,0.6887985172461707,5.041009888719196,Dracula (1931),Horror,21814,138.0
3744,-3.2559214465583333,3.2599629735400413,3.7365338639308394,Shaft (2000),Action|Crime|Thriller,162650,479.0
908,1.2048972755048424,8.429088776365713,4.878239257682035,North by Northwest (1959),Action|Adventure|Mystery|Romance|Thriller,53125,213.0
3481,3.0001147137888293,13.460041634841803,4.958184565921968,High Fidelity (2000),Comedy|Drama|Romance,146882,243.0
159,0.21709049353061993,2.1091043903463618,4.838224297169832,Clockers (1995),Crime|Drama|Mystery,112688,20649.0
271,0.027194603390818445,1.0021015386947982,4.7624316903786985,Losing Isaiah (1995),Drama,113691,28313.0
606,-0.26949932589748815,0.9887822775841792,4.462737325310593,Candyman: Farewell to the Flesh (1995),Fantasy|Horror,112625,10824.0
44,-4.249709440204571,8.422604811105838,4.2307341227864415,Mortal Kombat (1995),Action|Adventure|Fantasy,113855,9312.0
78469,-2.4107420837765536,3.6692680625311125,4.078285133104896,"A-Team, The (2010)",Action|Comedy|Thriller,429493,34544.0
743,-0.0023561268435478844,4.129169801742543,4.734723512184781,Spy Hard (1996),Comedy,117723,10535.0
2134,-0.2903224196827936,3.114094450014128,4.642065596694049,Weird Science (1985),Comedy|Fantasy|Sci-Fi,90305,11814.0
2169,-0.3273648622119837,1.3086844341319888,4.485146065394023,Dead Man on Campus (1998),Comedy,118301,14557.0
3017,0.009361913014841294,0.629065601213024,4.7501763699857475,Creepshow 2 (1987),Horror,92796,16288.0
3370,0.1367778088908817,0.2251868844269083,5.3426909882018245,Betrayed (1988),Drama|Thriller,94731,31618.0
5219,-0.7924322535599908,3.2621627371783632,4.49237789383984,Resident Evil (2002),Action|Horror|Sci-Fi|Thriller,120804,1576.0
111743,-0.5186611667746623,1.7976360430734266,4.446770103693765,A Million Ways to Die in the West (2014),Comedy|Western,2557490,188161.0
57368,-0.9986468336497898,2.8736899683273203,4.387780348014119,Cloverfield (2008),Action|Mystery|Sci-Fi|Thriller,1060277,7191.0
3783,0.2845713889759198,1.6908534938216975,4.903594558824092,Croupier (1998),Crime|Drama,159382,12706.0
71033,-0.029747910155977175,0.05591923551946263,4.20331420269233,"Secret in Their Eyes, The (El secreto de sus ojos) (2009)",Crime|Drama|Mystery|Romance|Thriller,1305806,25376.0
1350,-1.5898991700923975,2.268280021456886,4.034366915073884,"Omen, The (1976)",Horror|Mystery|Thriller,75005,794.0
2322,-0.3315822166985626,0.841968179946283,4.341476127138537,Soldier (1998),Action|Sci-Fi|War,120157,9425.0
4267,-0.39695811062968783,0.6319800812529541,4.1071760449339365,One Night at McCool's (2001),Comedy,203755,2144.0
54116,-0.06579219562483672,0.28148783187536247,4.5015639589169005,First Snow (2006),Drama|Thriller,432289,16083.0
916,1.9179864917613387,4.938586181991311,5.123661642497659,Roman Holiday (1953),Comedy|Drama|Romance,46250,804.0
1135,1.1642252830832205,1.5106654169901677,5.505964624821844,Private Benjamin (1980),Comedy,81375,10765.0
175397,0.016823745512226183,0.019038784106312392,5.6189506273423495,"In the blue sea, in the white foam. (1984)",Animation|Children|Fantasy,487132,196649.0
7225,0.14789216115893858,0.22400547739431265,5.395510835913313,Pumping Iron (1977),Documentary,76578,5205.0
93855,0.18759207479387496,0.29298545304032525,5.375571895424837,God Bless America (2011),Comedy|Drama,1912398,74306.0
122890,-0.032118188409500495,0.5343897005031583,4.675191558822928,Warcraft (2016),Action|Adventure|Fantasy,803096,68735.0
3287,0.4954679659456098,1.5280031249734811,5.059552594509931,"Tigger Movie, The (2000)",Animation|Children,220099,15655.0
6509,-0.11611543080381806,0.37725666497893556,4.427505172923441,Ali: Fear Eats the Soul (Angst essen Seele auf) (1974),Drama|Romance,71141,216.0
5214,0.024719728804954842,0.3103699283288761,4.814940135346174,"Oh, God! (1977)",Comedy|Fantasy,76489,24032.0
3528,-0.03565644988358279,0.6147936926887477,4.677296694596666,"Prince of Tides, The (1991)",Drama|Romance,102713,10333.0
8815,-0.26525778351275975,0.5793788429357648,4.277462792345855,Exorcist: The Beginning (2004),Horror|Thriller,204313,11026.0
1875,0.18065656252271922,0.31061012599816584,5.316912511259204,Clockwatchers (1997),Comedy,118866,55561.0
7257,-0.04306989870995492,0.1718807994813942,4.484714071243347,"Big Bounce, The (2004)",Comedy|Crime|Thriller,315824,12634.0
8967,0.2410298327374425,0.1388513395525776,6.471178218687178,Seed of Chucky (Child's Play 5) (2004),Comedy|Horror,387575,11249.0
112552,3.2130424880950414,5.27530363763645,5.344366639117048,Whiplash (2014),Drama,2582802,244786.0
2076,-2.3415006068066386,3.926819427436437,4.139009860100933,Blue Velvet (1986),Drama|Mystery|Thriller,90756,793.0
253,0.7529084811398743,23.788523534074702,4.766944189584538,Interview with the Vampire: The Vampire Chronicles (1994),Drama|Horror,110148,628.0
1148,5.489906914146648,10.651534265868005,5.2507040836778325,Wallace & Gromit: The Wrong Trousers (1993),Animation|Children|Comedy|Crime,108598,531.0
55247,-0.8376918980390767,6.3487133949420524,4.603347399323555,Into the Wild (2007),Action|Adventure|Drama,758758,5915.0
74510,0.13062408618600926,0.17009932883366186,5.503222404499649,"Girl Who Played with Fire, The (Flickan som lekte med elden) (2009)",Action|Crime|Drama|Mystery|Thriller,1216487,24253.0
1689,-1.1608733682017385,2.010601453361045,4.157917946819593,"Man Who Knew Too Little, The (1997)",Comedy|Crime|Thriller,120483,9414.0
2371,-0.6742417677609911,6.3214991372287015,4.628635593596928,Fletch (1985),Comedy|Crime|Mystery,89155,9749.0
2804,-0.38113481947493366,10.421519278299744,4.6987222120259124,"Christmas Story, A (1983)",Children|Comedy,85334,850.0
4036,-2.1640329871415034,2.7954785387280006,3.9611751404625006,Shadow of the Vampire (2000),Drama|Horror,189998,10873.0
1363,0.2972626523079518,0.37168492344339765,5.535064658658041,"Preacher's Wife, The (1996)",Drama,117372,21539.0
1280,0.6490139033043799,1.53754881943933,5.1574035785622865,Raise the Red Lantern (Da hong deng long gao gao gua) (1991),Drama,101640,10404.0
1866,0.9298546882892682,1.0604016578851594,5.612183248642713,"Big Hit, The (1998)",Action|Comedy|Crime,120609,9448.0
102123,0.652372697344568,1.4582499092069274,5.18266098749954,This Is the End (2013),Action|Comedy,1245492,109414.0
32598,0.15245630453194328,1.048427242967428,4.880708408962532,Fever Pitch (2005),Comedy|Romance,332047,11431.0
1955,-0.5614314656609265,2.069951418833372,4.464064821851629,Kramer vs. Kramer (1979),Drama,79417,12102.0
6949,-0.005596825596510878,0.04705479297807301,4.6163513863695265,"Big Empty, The (2003)",Comedy|Mystery|Sci-Fi,321442,14892.0
5480,-1.5227097338939033,1.0081251954819752,3.22485698075365,Stuart Little 2 (2002),Children|Comedy,243585,10996.0
79897,-1.525467945060028,0.9989790082693987,3.2082670906200317,Get Low (2009),Comedy|Drama|Mystery,1194263,44718.0
1771,-0.16016871928461648,0.26502737723353814,4.130946291560102,Night Flier (1997),Horror,119784,12238.0
3727,-0.29268240790138556,0.26502737723353814,3.6309462915601025,Near Dark (1987),Horror|Western,93605,11879.0
140038,0.0073043534590699856,0.019038784106312392,5.1189506273423495,Madly in Love (1981),Comedy,82562,11441.0
99007,0.12958423974424324,1.0635511305264507,4.85713521773606,Warm Bodies (2013),Comedy|Horror|Romance,1588173,82654.0
179427,0.14789216115893858,0.22400547739431265,5.395510835913313,Dane Cook: Troublemaker (2014),Comedy,4129180,298718.0
25906,-0.14626560174354128,0.09004024785574485,3.1108472149921917,Mr. Skeffington (1944),Drama|Romance,37094,43307.0
60161,-0.07228362217605311,0.22889158740832247,4.419495607992331,Futurama: The Beast with a Billion Backs (2008),Action|Animation|Comedy|Romance|Sci-Fi,1054485,12889.0
7258,-0.07974274507766765,0.3107321390339718,4.478665545766538,"Perfect Score, The (2004)",Comedy|Crime,314498,13505.0
73431,-0.2888311813572998,0.24140424746283304,3.538831402541896,"Maiden Heist, The (2009)",Comedy|Crime,1107860,24271.0
71619,0.0703050002974894,0.7066553876055343,4.834783913565426,Coco Before Chanel (Coco avant Chanel) (2009),Drama,1035736,11156.0
236,0.4734143497573262,11.497967094200344,4.776467861307895,French Kiss (1995),Action|Comedy|Romance,113117,397.0
329,0.4393263567896716,22.079044416563654,4.755192005821064,Star Trek: Generations (1994),Adventure|Drama|Sci-Fi,111280,193.0
460,-0.24610841550375334,0.4985680159237328,4.2416635443986515,Getting Even with Dad (1994),Comedy,109891,41579.0
3173,-0.9380984106704876,3.711199728337094,4.482519144770342,Any Given Sunday (1999),Drama,146838,9563.0
5891,-2.2281167401717776,1.1388513388285033,2.7788344251434145,I Spit on Your Grave (Day of the Woman) (1978),Horror|Thriller,77713,25239.0
107141,-0.017791551887999683,0.9308158930948929,4.716180185429116,Saving Mr. Banks (2013),Comedy|Drama,2140373,140823.0
103772,-0.05090072985067644,1.3333462566255765,4.697118940270782,"Wolverine, The (2013)",Action|Adventure|Fantasy|Sci-Fi,1430132,76170.0
2496,-0.29349770662444385,3.111004013896906,4.640952321457345,Blast from the Past (1999),Comedy|Romance,124298,11622.0
3258,-0.08696778107893197,0.8543889663316557,4.633504669859208,Death Becomes Her (1992),Comedy|Fantasy,104070,9374.0
3512,-0.27357921304992294,1.3215609407541122,4.528281936359519,Return to Me (2000),Drama|Romance,122459,2621.0
3972,1.491752289994987,3.1022205010138464,5.216160093971908,"Legend of Drunken Master, The (Jui kuen II) (1994)",Action|Comedy,111512,12207.0
4025,-6.207188843510663,11.617234755085532,4.2009854827291475,Miss Congeniality (2000),Comedy|Crime,212346,1493.0
176371,-0.14598338976438038,2.241203972915291,4.670157971393271,Blade Runner 2049 (2017),Sci-Fi,1856101,335984.0
44195,1.4601416429764507,3.8764498958078653,5.111963926937126,Thank You for Smoking (2006),Comedy|Drama,427944,9388.0
1056,-0.4500132420459308,0.8337883176371245,4.19557290480826,Jude (1996),Drama,116722,25147.0
2497,0.09151854494819686,0.4622187822883881,4.933292443234565,Message in a Bottle (1999),Romance,139462,10207.0
4104,-1.01395447939444,0.3525645640770209,1.8593542680229986,Ernest Goes to Camp (1987),Comedy,92974,18935.0
81018,-0.040341508702861045,0.1839098190865725,4.515939278937381,"Illusionist, The (L'illusionniste) (2010)",Animation,775489,41201.0
1873,-0.6565320762329252,2.272366227462126,4.446374106295646,"Misérables, Les (1998)",Crime|Drama|Romance|War,119683,4415.0
86892,0.12252616125548835,0.23424119063549245,5.258371040723982,The Man from Nowhere (2010),Action|Crime|Thriller,1527788,51608.0
41573,0.520663768066228,1.722432218908875,5.037578156664895,"Family Stone, The (2005)",Comedy|Drama|Romance,356680,9043.0
53435,-0.38584545025301553,0.4203391714279401,3.8173557562465392,Hostel: Part II (2007),Crime|Horror|Thriller,498353,1691.0
93287,0.31105558594792004,0.5669966633046867,5.283896263089964,"Big Year, The (2011)",Comedy,1053810,73937.0
4899,1.7152571236517353,1.1469765350345529,6.230753764169002,Black Knight (2001),Adventure|Comedy|Fantasy,265087,11469.0
141928,-1.525467945060028,0.9989790082693987,3.2082670906200317,Bloodsucking Bastards (2015),Comedy|Horror,3487994,317981.0
6030,0.6334436165722137,0.4202432741779207,6.242620124973066,Girls! Girls! Girls! (1962),Comedy|Musical,56023,15734.0
63515,-0.0022150385940862107,0.019038784106312392,4.6189506273423495,The Island (2006),Drama|Mystery,851577,22358.0
118888,0.2576798612620087,0.24304426150062503,5.795511954805687,Dave Chappelle: For What it's Worth (2004),Comedy,424934,20147.0
110330,0.18759207479387496,0.29298545304032525,5.375571895424837,Me and you (io e te) (2012),Drama,1801061,119360.0
48082,0.14331703533299917,0.41401172271872916,5.081460729529123,"Science of Sleep, The (La science des rêves) (2006)",Comedy|Drama|Fantasy|Romance,354899,300.0
4368,0.6012226161733141,0.9153899445344031,5.392088109937541,Dr. Dolittle 2 (2001),Comedy,240462,10808.0
180497,0.11871290891475379,0.14936647694438507,5.530070237050044,The Post (2017),Drama|Thriller,6294822,446354.0
7311,0.3108159025592685,0.4958075361306885,5.3621823351697175,"Goodbye, Mr. Chips (1939)",Drama|Romance,31385,42852.0
39435,0.042870501030742185,0.1718807994813942,4.984714071243347,"Legend of Zorro, The (2005)",Action|Adventure|Drama|Western,386140,1656.0
5080,-0.10609851614400154,0.1388513395525776,3.971178218687178,Slackers (2002),Comedy,240900,20009.0
5401,0.371082913038509,0.33007061817127203,5.859547209589813,Undercover Brother (2002),Comedy,279493,12277.0
60522,0.032752823408576076,0.1388513395525776,4.971178218687178,"Machine Girl, The (Kataude mashin gâru) (2008)",Action|Comedy|Fantasy|Horror|Thriller,1050160,13964.0
2069,0.1443199186217099,0.15804599783844867,5.648445482411327,"Trip to Bountiful, The (1985)",Drama,90203,47908.0
2323,0.1443199186217099,0.15804599783844867,5.648445482411327,"Cruise, The (1998)",Documentary,150230,32326.0
1085,0.03633664390100933,0.1525641281597172,4.973467037712312,"Old Man and the Sea, The (1958)",Adventure|Drama,52027,11331.0
1046,-0.03119919432936561,1.0296826047647984,4.704994300805448,Beautiful Thing (1996),Drama|Romance,115640,10938.0
4144,1.079617577486227,1.7211117117119752,5.362573317561596,In the Mood For Love (Fa yeung nin wa) (2000),Drama|Romance,118694,843.0
336,-0.24610841550375334,0.4985680159237328,4.2416635443986515,"Walking Dead, The (1995)",Drama|War,114888,95963.0
350,6.496518761410564,10.446355743051635,5.357187428693038,"Client, The (1994)",Drama|Mystery|Thriller,109446,10731.0
4874,1.4464218697785365,3.2655690580496732,5.178225148676118,K-PAX (2001),Drama|Fantasy|Mystery|Sci-Fi,272152,167.0
3328,-0.10159377781396633,3.2631139183447635,4.704160120993488,Ghost Dog: The Way of the Samurai (1999),Crime|Drama,165798,4816.0
72011,0.32726308240438734,4.681546030424131,4.805199033731957,Up in the Air (2009),Drama|Romance,1193138,22947.0
1260,-0.2708734761357079,1.1349873160235975,4.496636405519749,M (1931),Crime|Film-Noir|Thriller,22100,832.0
2723,-3.70764541174746,6.24044026089377,4.14116209222223,Mystery Men (1999),Action|Comedy|Fantasy,132347,9824.0
3741,0.09499109111468877,1.480597868097745,4.799451370039116,Badlands (1973),Crime|Drama|Thriller,69762,3133.0
1093,0.9160182542635001,5.9724224545233815,4.88866877612751,"Doors, The (1991)",Drama,101761,10537.0
2409,-0.4834510137180031,1.890559958937784,4.479575693360938,Rocky II (1979),Action|Drama,79817,1367.0
26614,0.00818831669707395,0.7957202045098479,4.74558456477994,"Bourne Identity, The (1988)",Action|Adventure|Drama|Mystery|Thriller,94791,8677.0
157110,0.13062408618600926,0.17009932883366186,5.503222404499649,00 Schneider - Jagd auf Nihil Baxter (1994),Comedy|Crime,109000,1652.0
12,-1.6220087006375783,5.744319177087158,4.452926677636515,Dracula: Dead and Loving It (1995),Comedy|Horror,112896,12110.0
984,1.0627037310390295,1.2251868803469084,5.6026750438435,"Pompatus of Love, The (1996)",Comedy|Drama,117357,85328.0
3548,0.32567858095160823,0.37775101258662547,5.597445561587726,Auntie Mame (1958),Comedy|Drama,51383,16347.0
2236,0.3067905900112606,1.4376006497810638,4.948698716523654,Simon Birch (1998),Drama,124879,22796.0
4317,-0.19551887480326158,0.34549520045556265,4.169385026737968,Love Potion #9 (1992),Comedy|Romance,102343,26255.0
3196,-0.006327684154774443,0.9773640529047622,4.728819883060706,Stalag 17 (1953),Drama|War,46359,632.0
107565,0.2355232199269977,0.1839098190865725,6.015939278937381,"Fuck You, Goethe (Fack Ju Göhte) (2013)",Comedy,2987732,233063.0
136564,0.051613400840425205,0.1839098190865725,5.015939278937381,Macbeth (2015),Drama,2884018,225728.0
39414,-0.010161451917206896,0.8644013254485475,4.723538638313505,Shopgirl (2005),Comedy|Drama|Romance,338427,2610.0
71282,0.27669680711053934,0.5922199709093343,5.20251376693663,"Food, Inc. (2008)",Documentary,1286537,18570.0
96728,0.11089889118504051,0.6130720259189446,4.916184594616404,"Master, The (2012)",Drama,1560747,68722.0
95311,0.016823745512226183,0.019038784106312392,5.6189506273423495,Presto (2008),Animation|Children|Comedy|Fantasy,1245104,13042.0
127152,0.30392457029865616,0.37337195433869774,5.549293580560539,Going Clear: Scientology and the Prison of Belief (2015),Documentary,4257858,318224.0
105355,-1.2497325781417088,0.7012606002738743,2.953171212619126,Blue Is the Warmest Color (La vie d'Adèle) (2013),Drama|Romance,2278871,152584.0
2531,0.32475912095536474,0.8893524857258748,5.100457678965833,Battle for the Planet of the Apes (1973),Action|Sci-Fi,69768,1705.0
4305,-0.12875474532607567,0.08519701062213066,3.2240351616593412,Angel Eyes (2001),Romance|Thriller,225071,5852.0
3054,-0.5718228660658606,0.5667934584104798,3.72642067780623,Pokémon: The First Movie (1998),Adventure|Animation|Children|Fantasy|Sci-Fi,190641,10228.0
27837,-0.01031707530137884,0.3107321390339718,4.702091645146296,Flight of the Phoenix (2004),Action|Adventure,377062,11866.0
53468,0.032752823408576076,0.1388513395525776,4.971178218687178,Fido (2006),Comedy|Horror|Thriller,457572,10288.0
223,-0.9021356768894047,21.709837857156057,4.693739883901732,Clerks (1994),Comedy,109445,2292.0
2090,-0.5996494290339126,1.655374024286691,4.373050044563754,"Rescuers, The (1977)",Adventure|Animation|Children|Crime|Drama,76618,11319.0
2692,0.8530604210118042,13.918183004995326,4.796585194270038,Run Lola Run (Lola rennt) (1998),Action|Crime,130827,104.0
3083,0.46115869690618605,1.1421018413142143,5.139074831611701,All About My Mother (Todo sobre mi madre) (1999),Drama,185125,99.0
4033,0.33778411911267353,1.089899728188996,5.045216315420191,Thirteen Days (2000),Drama|Thriller|War,146309,11973.0
2701,1.0024843456213306,6.585678811989814,4.887515987896215,Wild Wild West (1999),Action|Comedy|Sci-Fi|Western,120891,8487.0
5841,-2.2608695635803535,0.9999999992759258,2.4744245524296677,Return to the Blue Lagoon (1991),Adventure|Romance,102782,13888.0
30749,1.0155080451713974,6.730539490042546,4.886174748638643,Hotel Rwanda (2004),Drama|War,395169,205.0
33679,5.856159237493427,10.411302071343703,5.297775082790895,Mr. & Mrs. Smith (2005),Action|Adventure|Comedy|Romance,356910,787.0
158972,-0.1448686208941029,0.4630847818739871,4.422460212140909,Toni Erdmann (2016),Drama,4048272,374475.0
3500,0.015084303187774983,0.6668785289126417,4.757913384175808,Mr. Saturday Night (1992),Comedy|Drama,104928,54087.0
2006,-1.7165856933566284,7.535958083874818,4.507508124910486,"Mask of Zorro, The (1998)",Action|Comedy|Romance,120746,9342.0
3990,-2.812307042224815,1.2857805707093646,2.5480569589199935,Rugrats in Paris: The Movie (2000),Animation|Children|Comedy,213203,16340.0
4446,-0.44105633911314046,3.6832261731999125,4.6155468313352985,Final Fantasy: The Spirits Within (2001),Adventure|Animation|Fantasy|Sci-Fi,173840,2114.0
102993,-0.48670540255398254,0.4784068086822359,3.717947805426702,"Way, Way Back, The (2013)",Comedy|Drama,1727388,147773.0
3037,-2.7807864843155405,5.181127660009206,4.198579590078248,Little Big Man (1970),Western,65988,11040.0
33166,4.176226804248511,7.62793276546018,5.282785414785749,Crash (2004),Crime|Drama,375679,1640.0
52328,0.010660708154614958,1.2755200518642031,4.743652048311524,Sunshine (2007),Adventure|Drama|Sci-Fi|Thriller,448134,1272.0
61210,-0.07970973344328244,0.16612266202073486,4.25546955624355,Mutant Chronicles (2008),Action|Adventure|Sci-Fi,490181,13256.0
111921,0.4109925416882825,2.3237385609043284,4.912161063267799,The Fault in Our Stars (2014),Drama|Romance,2582846,222935.0
1769,0.4728276373468088,1.1588440353703076,5.143310747077021,"Replacement Killers, The (1998)",Action|Crime|Thriller,120008,11702.0
5307,-0.30882535124039806,0.3525645640770209,3.8593542680229986,Taking Care of Business (1990),Comedy,103035,6393.0
96691,-0.08463118527391986,0.3842343619540669,4.515034834111046,Resident Evil: Retribution (2012),Action|Horror|Sci-Fi|IMAX,1855325,71679.0
174681,-0.026999432655929863,0.9989790082693987,4.708267090620032,"Oh, Hello: On Broadway (2017)",Comedy,6987652,460822.0
90890,0.03101150413061463,0.16569826089545314,4.922450602953693,Jack and Jill (2011),Comedy,810913,71880.0
3325,0.6334436165722137,0.4202432741779207,6.242620124973066,"Next Best Thing, The (2000)",Comedy|Drama,156841,1831.0
107408,0.0073043534590699856,0.019038784106312392,5.1189506273423495,Only Old Men Are Going to Battle (V boy idut odni stariki) (1973),Comedy|Drama|War,70861,37129.0
3679,0.004656809418202272,0.2188700426555053,4.75657071339174,"Decline of Western Civilization, The (1981)",Documentary|Musical,82252,21137.0
3076,0.26114123417511753,0.37725666497893556,5.427505172923441,Irma la Douce (1963),Comedy,57187,2690.0
6538,-0.15594336418851149,0.5953690555058339,4.473366893270206,Swimming Pool (2003),Drama|Mystery|Thriller,324133,302.0
56176,0.1238551418236933,0.09004024785574485,6.110847214992192,Alvin and the Chipmunks (2007),Children|Comedy,952640,6477.0
191005,0.11871290891475379,0.14936647694438507,5.530070237050044,Gintama (2017),Action|Adventure|Comedy|Sci-Fi,5805470,432985.0
50158,-0.129010298450652,0.1718807994813942,3.9847140712433466,Stomp the Yard (2007),Drama|Musical,775539,1931.0
57326,-0.47277189741344045,0.1718807994813942,1.9847140712433466,In the Name of the King: A Dungeon Siege Tale (2008),Action|Adventure|Fantasy,460780,2312.0
6254,0.1443199186217099,0.15804599783844867,5.648445482411327,"Awful Truth, The (1937)",Comedy|Romance,28597,14675.0
1208,2.030567337053142,14.84731628450959,4.872057374934954,Apocalypse Now (1979),Action|Drama|War,78788,28.0
417,1.4550169150867718,2.272545445145284,5.3755527836266745,Barcelona (1994),Comedy|Romance,109219,16771.0
548,0.30687121970267356,1.996627341774785,4.888988907496976,Terminal Velocity (1994),Action|Mystery|Thriller,111400,9057.0
6440,1.4118279710743844,1.8014531115781265,5.519010308759899,Barton Fink (1991),Drama|Thriller,101410,290.0
87232,-2.1287343230328233,7.039654453206495,4.432902240718611,X-Men: First Class (2011),Action|Adventure|Sci-Fi|Thriller|War,1270798,49538.0
3519,-0.13748968688885327,1.8802507457758426,4.6621710582903555,Force 10 from Navarone (1978),Action|Drama|War,77572,17339.0
3260,-0.0949139251377368,1.84922420138401,4.68396776951323,Howards End (1992),Drama,104454,8293.0
98961,0.13179300275016875,1.390078290130572,4.830103887489439,Zero Dark Thirty (2012),Action|Drama|Thriller,1790885,97630.0
3502,0.4954715261078637,0.34549520045556265,6.169385026737968,My Life (1993),Drama,107630,41659.0
4591,0.4934347340022679,0.6798992723357266,5.461040936447323,Erik the Viking (1989),Adventure|Comedy|Fantasy,97289,11828.0
8947,-0.3191348943165111,0.9236644662279123,4.389784567388182,"Grudge, The (2004)",Horror|Mystery|Thriller,391198,1970.0
72624,-0.026999432655929863,0.9989790082693987,4.708267090620032,Garage (2007),Drama,878674,18595.0
84512,-1.525467945060028,0.9989790082693987,3.2082670906200317,Girls About Town (1931),Comedy,21910,120843.0
105540,-1.0259784409253285,0.9989790082693987,3.7082670906200317,"All Dogs Christmas Carol, An (1998)",Animation|Children|Comedy|Musical,166960,51985.0
116738,-0.026999432655929863,0.9989790082693987,4.708267090620032,DeadHeads (2011),Adventure|Comedy|Horror,1273207,77067.0
146684,-1.525467945060028,0.9989790082693987,3.2082670906200317,Cosmic Scrat-tastrophe (2015),Animation|Children|Comedy,5184298,367326.0
4873,-0.23063099791206818,0.9749942601028974,4.498748111840083,Waking Life (2001),Animation|Drama|Fantasy,243017,9081.0
172547,1.3525716839757898,0.9252660776681869,6.1971132814755645,Despicable Me 3 (2017),Adventure|Animation|Children|Comedy,3469046,324852.0
127096,-0.24480210311605713,0.9348803245476789,4.473440170475265,Project Almanac (2015),Sci-Fi|Thriller,2436386,227719.0
40826,0.37925008162841384,0.40077238688971667,5.681592051423556,Rent (2005),Drama|Musical|Romance,294870,1833.0
5062,0.04163927591818565,0.08519701062213066,5.224035161659342,Seconds (1966),Mystery|Sci-Fi|Thriller,60955,20620.0
6572,0.04163927591818565,0.08519701062213066,5.224035161659342,Scorched (2003),Comedy|Crime,286947,4613.0
5909,-0.028268258815274193,0.41028994668625646,4.666395868875464,Visitor Q (Bizita Q) (2001),Comedy|Drama|Horror,290329,4241.0
6852,0.06291213449392424,0.4958075361306885,4.8621823351697175,In Cold Blood (1967),Crime|Drama,61809,18900.0
388,0.19249457579302665,0.14262098115574245,6.084987369180801,Boys Life (1995),Drama,112570,39953.0
1777,2.7146837930389793,8.250440259050972,5.0643291397552295,"Wedding Singer, The (1998)",Comedy|Romance,120888,11003.0
2502,5.245897878564531,14.81071938792565,5.089490138864044,Office Space (1999),Comedy|Crime,151804,1542.0
1077,-1.6895712452200013,3.9285409707279775,4.305218102706857,Sleeper (1973),Comedy|Sci-Fi,70707,11561.0
4014,2.5016042512509666,8.495175554566725,5.029767637962503,Chocolat (2000),Drama|Romance,241303,392.0
5843,-0.2975424113962149,1.1388513388285033,4.474028752053085,Toy Soldiers (1991),Action|Drama,103112,10750.0
72720,0.02399843677552183,0.1083800370507437,4.95672268907563,"Single Man, A (2009)",Drama,1315981,34653.0
5333,0.3255804920595131,0.9269468126870842,5.0865337870685465,Bob le Flambeur (1955),Crime|Drama,47892,26030.0
4047,-0.16332695078152032,0.9762955283813542,4.568001585792173,Gettysburg (1993),Drama|War,107007,10655.0
100714,-0.476991805816692,0.584923388277048,3.919816714321265,Before Midnight (2013),Drama|Romance,2209418,132344.0
663,-0.9025929706265161,2.4536727657967545,4.367440268833838,Kids in the Hall: Brain Candy (1996),Comedy,116768,18414.0
135143,-0.2072274340097084,2.34217032826682,4.6468174464550644,Fantastic Beasts and Where to Find Them (2016),Fantasy,3183660,259316.0
6880,1.014772294654643,1.148497228047492,5.618859414865765,"Texas Chainsaw Massacre, The (2003)",Horror,324216,9373.0
1564,1.4020764362333071,1.1240733789761854,5.982611652655609,For Roseanna (Roseanna's Grave) (1997),Comedy|Drama|Romance,120034,65889.0
179401,-0.6419561006866443,0.9836939971372052,4.082696762621109,Jumanji: Welcome to the Jungle (2017),Action|Adventure|Children,2283362,353486.0
89087,-0.24638954014767092,0.5935950949083637,4.320213969139923,Colombiana (2011),Action|Adventure|Drama|Thriller,1657507,62835.0
63436,0.31929388440623296,0.44545258294168144,5.452079465029442,Saw V (2008),Crime|Horror|Thriller,1132626,11917.0
96917,-0.03720425137945312,0.1428301144912339,4.474815075730891,House at the End of the Street (2012),Horror|Thriller,1582507,82505.0
926,0.3784638954399963,1.977581586582124,4.926671251216602,All About Eve (1950),Drama,42192,705.0
6650,2.6939749400912745,1.217849050924904,6.947370349956241,Kind Hearts and Coronets (1949),Comedy|Drama,41546,11898.0
121781,-1.525467945060028,0.9989790082693987,3.2082670906200317,Stuart Little 3: Call of the Wild (2005),Animation|Children|Comedy|Fantasy,472602,30178.0
6629,-0.20653195268928898,0.5826456320512623,4.380821447934986,House of Wax (1953),Crime|Horror|Mystery|Thriller,45888,18573.0
1659,0.013738269444952645,0.21981231111924232,4.797794117647059,Hurricane Streets (1997),Drama,119338,125052.0
172793,0.016823745512226183,0.019038784106312392,5.6189506273423495,Vovka in the Kingdom of Far Far Away (1965),Adventure|Animation|Children|Fantasy,213309,160046.0
184015,-0.011537511432684472,0.4654097248571457,4.710504108292987,When We First Met (2018),Comedy,5783956,433310.0
142420,-0.39837883128677554,0.29298545304032525,3.375571895424837,High Rise (2015),Action|Drama|Sci-Fi,462335,254302.0
2022,0.5134789535524547,0.5573697221551359,5.656547879991787,"Last Temptation of Christ, The (1988)",Drama,95497,11051.0
3711,0.024719728804954842,0.3103699283288761,4.814940135346174,Sarafina! (1992),Drama,105316,35936.0
55451,-0.32378034751452417,0.7932618514105841,4.327130852340936,The Jane Austen Book Club (2007),Comedy|Drama|Romance,866437,5951.0
32009,-0.5789321864137458,0.48949905429911833,3.552590736855689,Tyler Perry's Diary of a Mad Black Woman (2005),Comedy|Drama|Romance,422093,16186.0
86960,-0.40953330508871627,0.24140424746283304,3.0388314025418963,Across the Hall (2009),Thriller,1176724,21469.0
333,5.536319189358061,13.334777752490785,5.150473079915399,Tommy Boy (1995),Comedy,114694,11381.0
3450,0.5353482173535413,2.567335136346486,4.9438170369085395,Grumpy Old Men (1993),Comedy,107050,11520.0
45499,1.302784153663384,6.559098830637974,4.933916548456913,X-Men: The Last Stand (2006),Action|Sci-Fi|Thriller,376994,36668.0
60950,1.6293164998129435,3.550954863001764,5.194133095520074,Vicky Cristina Barcelona (2008),Comedy|Drama|Romance,497465,5038.0
1215,-0.07956870893626741,7.4625256341550195,4.724631680713899,Army of Darkness (1993),Action|Adventure|Comedy|Fantasy|Horror,106308,766.0
1457,0.28361543876529044,1.9929217989285108,4.877605491288401,Fools Rush In (1997),Comedy|Drama|Romance,119141,1968.0
2227,-0.144634429423823,0.31522713228265314,4.2764680376187245,"Lodger: A Story of the London Fog, The (1927)",Crime|Drama|Thriller,17075,2760.0
2255,0.1367778088908817,0.2251868844269083,5.3426909882018245,Young Doctors in Love (1982),Comedy,84938,47947.0
2668,1.111630508045089,1.4972365682647362,5.477748938486389,Swamp Thing (1982),Horror|Sci-Fi,84745,17918.0
2726,0.04464746164528152,1.3369183410355259,4.768689920722585,"Killing, The (1956)",Crime|Film-Noir,49406,247.0
61011,0.16947425958781986,0.16612266202073486,5.7554695562435505,"Walker, The (2007)",Drama|Mystery,783608,13251.0
31184,0.5293601392389412,0.9511093257351643,5.2918654022675415,Appleseed (Appurushîdo) (2004),Action|Animation|Fantasy|Sci-Fi,401233,11633.0
3814,-1.519016194584839,2.042590603932491,3.9916227271783287,Love and Death (1975),Comedy,73312,11686.0
707,-1.3370268493760484,3.469158506706308,4.349890323962968,Mulholland Falls (1996),Crime|Drama|Thriller,117107,10990.0
2961,0.5268594310828626,1.0341719650079306,5.244744623858395,"Story of Us, The (1999)",Comedy|Drama,160916,12220.0
4823,-0.5562593040661695,3.2043043964261413,4.5616965952997495,Serendipity (2001),Comedy|Romance,240890,9778.0
4989,0.5537620255922269,0.8425351360064909,5.392551010477652,How High (2001),Comedy,278488,8386.0
1290,-0.06722844800857436,0.9201754250235342,4.662233648762166,Some Kind of Wonderful (1987),Drama|Romance,94006,15143.0
65588,0.9719795756134688,0.9989790082693987,5.708267090620032,"Gamers, The: Dorkness Rising (2008)",Action|Adventure|Comedy|Fantasy,447166,26235.0
3071,-0.07179177507591435,0.6919850226522476,4.631546532474261,Stand and Deliver (1988),Comedy|Drama,94027,29154.0
69529,0.016823745512226183,0.019038784106312392,5.6189506273423495,Home (2009),Documentary,1014762,62320.0
4994,0.3241967425231508,3.0597475411106214,4.84124950715788,"Majestic, The (2001)",Comedy|Drama|Romance,268995,11086.0
49396,0.21664338600936278,0.9227993557678642,4.9700617132844584,Tenacious D in The Pick of Destiny (2006),Adventure|Comedy|Musical,365830,2179.0
3546,1.353333318863732,0.9999999893081762,6.088627450980392,What Ever Happened to Baby Jane? (1962),Drama|Horror|Thriller,56687,10242.0
2772,1.038763245643191,1.4466706539752296,5.453331248481799,Detroit Rock City (1999),Comedy,165710,9781.0
2789,-0.1700747693673822,0.09956151937514536,3.027056131377036,Damien: Omen II (1978),Horror,77394,10766.0
4389,0.08211149050344307,0.16967718091400233,5.219221832977618,Lost and Delirious (2001),Drama,245238,17612.0
1582,-0.8982149024907026,1.7990993832140854,4.236036038370724,Wild America (1997),Adventure|Children,120512,38225.0
3963,0.33536585270977964,0.9999999971709791,5.070659971305595,"Unsinkable Molly Brown, The (1964)",Musical,58708,42797.0
96448,0.09535994969739431,0.2855088314293242,5.069294117647059,Piranha 3DD (a.k.a. Piranha DD) (2012),Comedy|Horror,1714203,71668.0
1804,0.032932561283023944,0.051975198759602395,5.3689148073022315,"Newton Boys, The (1998)",Crime|Drama,120769,42807.0
222,0.5635282250944238,2.757294773200572,4.9396713320717245,Circle of Friends (1995),Drama|Romance,112679,22625.0
88163,0.6853720646322182,2.38517683935008,5.022640553904997,"Crazy, Stupid, Love. (2011)",Comedy|Drama|Romance,1570728,50646.0
4720,-1.3427630218407975,5.847848641808434,4.505677534850971,"Others, The (2001)",Drama|Horror|Mystery|Thriller,230600,1933.0
3108,0.08798950627986324,7.460157938157462,4.747088707923735,"Fisher King, The (1991)",Comedy|Drama|Fantasy|Romance,101889,177.0
1324,0.1367778088908817,0.2251868844269083,5.3426909882018245,Amityville: Dollhouse (1996),Horror,115535,52263.0
4090,-0.2629714223494401,2.820303765086897,4.642051884095902,"Brave Little Toaster, The (1987)",Animation|Children,92695,19933.0
2288,-1.0844182111549447,4.54661622500725,4.496783067343222,"Thing, The (1982)",Action|Horror|Sci-Fi|Thriller,84787,1091.0
59900,-0.8714670740566336,1.9679657002796715,4.292467764559306,You Don't Mess with the Zohan (2008),Comedy,960144,10661.0
1249,-0.8016626702807128,5.013016767941631,4.575377902044637,"Femme Nikita, La (Nikita) (1990)",Action|Crime|Romance|Thriller,100263,9322.0
2532,-1.0909266600712852,1.942082871614868,4.173563886658427,Conquest of the Planet of the Apes (1972),Action|Sci-Fi,68408,1688.0
3654,-0.39327956963416494,3.228372816689565,4.613474367585652,"Guns of Navarone, The (1961)",Action|Adventure|Drama|War,54953,10911.0
31116,0.0033515975670849935,0.16612266202073486,4.7554695562435505,Sergeant York (1941),Drama|War,34167,16442.0
116897,1.1928759729318796,3.362952967006936,5.090004987717166,Wild Tales (2014),Comedy|Drama|Thriller,3011894,265195.0
5932,-0.1322964182461473,0.1839098190865725,4.015939278937381,Burden of Dreams (1982),Documentary,83702,42124.0
80693,-0.03987047170404326,1.075731767655653,4.698230536461822,It's Kind of a Funny Story (2010),Comedy|Drama,804497,43923.0
875,0.07495172031284451,0.28148783187536247,5.0015639589169005,Nothing to Lose (1994),Action|Crime|Drama,110693,410921.0
4387,0.21559758192037123,0.6780752652002354,5.053249355044938,Kiss of the Dragon (2001),Action,271027,2140.0
74795,-0.04946637857592179,1.5853959372681667,4.704092840153464,Green Zone (2010),Action|Drama|Thriller|War,947810,22972.0
33090,-1.525467945060028,0.9989790082693987,3.2082670906200317,Mutant Aliens (2001),Animation|Comedy|Sci-Fi,277909,30863.0
80727,-0.5264889367906292,0.9989790082693987,4.208267090620032,Middle Men (2009),Comedy|Crime|Drama,1251757,38842.0
8511,0.0073043534590699856,0.019038784106312392,5.1189506273423495,"Immigrant, The (1917)",Comedy,8133,47653.0
93790,-0.0022150385940862107,0.019038784106312392,4.6189506273423495,Detachment (2011),Drama,1683526,74308.0
112454,-0.8991022780047716,0.7012606002738743,3.453171212619126,Honey (Miele) (2013),Drama,2357461,186988.0
3888,0.04163927591818565,0.08519701062213066,5.224035161659342,Skipped Parts (2000),Drama|Romance,209322,41282.0
117646,0.17868588926212498,0.4251491847960904,5.155583972719523,Dragonheart 2: A New Beginning (2000),Action|Adventure|Comedy|Drama|Fantasy|Thriller,214641,10473.0
7216,-0.18499163357142,0.4958075361306885,4.3621823351697175,High Sierra (1941),Crime|Drama|Film-Noir|Thriller,33717,27725.0
62250,-0.047394466017267795,0.2855088314293242,4.569294117647059,Gomorrah (Gomorra) (2008),Crime|Drama,929425,8882.0
22,0.9969452351784097,6.341121874121054,4.892513179978454,Copycat (1995),Crime|Drama|Horror|Mystery|Thriller,112722,1710.0
209,-0.24610841550375334,0.4985680159237328,4.2416635443986515,White Man's Burden (1995),Drama,114928,31611.0
330,-1.0742355665466214,1.688717817300339,4.09916915020641,Tales from the Hood (1995),Action|Crime|Horror,114609,25066.0
1961,1.3869076921268157,16.156492266060184,4.8211362465750245,Rain Man (1988),Drama,95953,380.0
8917,-0.06807845371739335,2.2585336549638177,4.705151350649644,Team America: World Police (2004),Action|Adventure|Animation|Comedy,372588,3989.0
372,-1.2791504986178996,2.425240540399794,4.207861692982479,Reality Bites (1994),Comedy|Drama|Romance,110950,2788.0
1550,0.1267512193872185,0.6953692674043496,4.917573124397459,Trial and Error (1997),Comedy|Romance,120373,17770.0
1848,-0.49807250593134583,1.8433667928290023,4.46509693938122,"Borrowers, The (1997)",Adventure|Children|Comedy|Fantasy,118755,9449.0
2407,-0.6361876502652136,7.17674282340869,4.6466483815632555,Cocoon (1985),Comedy|Sci-Fi,88933,10328.0
4718,-1.0469826943843035,7.383817335646691,4.5934998875365975,American Pie 2 (2001),Comedy,252866,2770.0
107013,-0.9432286094049089,0.34166007683268573,1.974571770017262,"Christmas Carol, A (1977)",Drama|Fantasy,188504,45697.0
49530,0.2401302238610471,7.128560633042988,4.768979771206344,Blood Diamond (2006),Action|Adventure|Crime|Drama|Thriller|War,450259,1372.0
685,-0.05547047426045171,1.8261115733171203,4.704917838852828,It's My Party (1996),Drama,113443,33245.0
4203,0.03086377212432179,0.19000518634644678,4.897730589607599,Harley Davidson and the Marlboro Man (1991),Action|Crime|Drama,102005,2453.0
6887,0.043365335010404,0.4256994221480376,4.837162555221126,Radio (2003),Drama,316465,13920.0
1295,1.5608480260881763,1.604613324012487,5.708019448248907,"Unbearable Lightness of Being, The (1988)",Drama,96332,10644.0
72692,-1.525467945060028,0.9989790082693987,3.2082670906200317,Mickey's Once Upon a Christmas (1999),Animation|Comedy|Fantasy,238414,15400.0
129011,-0.026999432655929863,0.9989790082693987,4.708267090620032,Eddie Izzard: Glorious (1997),Comedy,195753,13590.0
1125,0.3533104891971156,4.183261873738902,4.81975225100349,"Return of the Pink Panther, The (1975)",Comedy|Crime,72081,11843.0
4788,0.016823745512226183,0.019038784106312392,5.6189506273423495,Moscow Does Not Believe in Tears (Moskva slezam ne verit) (1979),Drama|Romance,79579,21028.0
171749,0.016823745512226183,0.019038784106312392,5.6189506273423495,Death Note: Desu nôto (2006–2007),(no genres listed),877057,419787.0
152091,-0.12702970935217092,0.5343897005031583,4.497584241815685,The Brothers Grimsby (2016),Comedy,3381008,267193.0
5282,-0.058457780704104206,0.11672358183282547,4.234471749226007,High Crimes (2002),Thriller,257756,11560.0
3200,0.5607153221264053,1.529820790309632,5.101817651434907,"Last Detail, The (1973)",Comedy|Drama,70290,14886.0
7080,0.6486541955931574,0.9687639383199963,5.404863008411135,42nd Street (1933),Drama|Musical|Romance,24034,3062.0
1731,-1.5823817108932725,1.0626627034996385,3.2462217095517554,Mr. Magoo (1997),Comedy,119718,9438.0
25773,0.06291213449392424,0.4958075361306885,4.8621823351697175,Little Caesar (1931),Crime|Drama,21079,27899.0
50798,-0.9518286504835956,0.41328504694422724,2.432213816239385,Epic Movie (2007),Adventure|Comedy,799949,9760.0
90057,0.1939773135683663,0.24140424746283304,5.538831402541897,Take Shelter (2011),Drama,1675192,64720.0
6337,0.11244589400418954,0.3176182548177241,5.089322553666016,Owning Mahowny (2003),Crime|Drama|Thriller,285861,15394.0
319,-2.1853561138517588,2.7227311144321007,3.9326602834545943,Shallow Grave (1994),Comedy|Drama|Thriller,111149,9905.0
230,1.9300245608884212,5.390676796928399,5.093324219171258,Dolores Claiborne (1995),Drama|Thriller,109642,11929.0
493,0.03892837982797914,2.265546897153571,4.752476891429799,Menace II Society (1993),Action|Crime|Drama,107554,9516.0
8969,0.3590181968830465,2.4593969952268426,4.881272256833137,Bridget Jones: The Edge of Reason (2004),Comedy|Drama|Romance,317198,9801.0
110102,2.0445948916459207,4.366820230269163,5.20350548972818,Captain America: The Winter Soldier (2014),Action|Adventure|Sci-Fi|IMAX,1843866,100402.0
1583,-0.0884090755360266,0.2251868844269083,4.342690988201824,"Simple Wish, A (1997)",Children|Fantasy,120133,17834.0
6503,0.1740704833639427,3.001992002302971,4.793279110022257,Charlie's Angels: Full Throttle (2003),Action|Adventure|Comedy|Crime|Thriller,305357,9471.0
54276,0.11556651506109672,0.43170032468843056,5.002994900926534,No Reservations (2007),Comedy|Drama|Romance,481141,3638.0
119155,-0.8732914130064907,2.2065394340037505,4.339519902353789,Night at the Museum: Secret of the Tomb (2014),Adventure|Children|Comedy|Fantasy,2692250,181533.0
122912,-0.003623300676419805,2.394762732306551,4.733781107348569,Avengers: Infinity War - Part I (2018),Action|Adventure|Sci-Fi,4154756,299536.0
4251,0.16947425958781986,0.16612266202073486,5.7554695562435505,Chopper (2000),Drama|Thriller,221073,9519.0
122,-0.8422990445004991,4.747604459615773,4.557878528023852,Boomerang (1992),Comedy|Romance,103859,11066.0
4280,0.23137097582548516,0.515172381369565,5.184407820540826,"World According to Garp, The (1982)",Comedy|Drama|Romance,84917,11307.0
5500,-0.16096206612118336,1.656275282939606,4.638110957468816,Top Secret! (1984),Comedy,88286,8764.0
5568,-0.8255545529410054,1.2963291317577126,4.098453879534364,Johnny Dangerously (1984),Comedy,87507,16806.0
67267,0.14753726719648738,0.5434088792125016,5.006797350001848,Sunshine Cleaning (2008),Comedy|Drama,862846,13090.0
71518,0.13265464626469145,0.48352824574799513,5.009641371258853,Whip It (2009),Comedy|Drama,1172233,22798.0
31851,0.4724900714787695,0.9989790082693987,5.208267090620032,Sons of the Desert (1933),Comedy,24601,43128.0
50613,-1.0259784409253285,0.9989790082693987,3.7082670906200317,Dead Meat (2004),Horror,369359,15689.0
32892,0.016823745512226183,0.019038784106312392,5.6189506273423495,Ivan's Childhood (a.k.a. My Name is Ivan) (Ivanovo detstvo) (1962),Drama|War,56111,31442.0
5025,-0.7998233821084316,1.6317846173874775,4.245141573257367,Orange County (2002),Comedy,273923,11857.0
99112,-0.34208011664714855,1.0219827522624632,4.400572111928418,Jack Reacher (2012),Action|Crime|Thriller,790724,75780.0
141004,0.10089048735252829,0.3121072630330013,5.058549931600547,Victor Frankenstein (2015),Drama|Horror|Sci-Fi,1976009,228066.0
7265,-0.8314099955984202,1.0794430639363302,3.9650728587632647,"Dreamers, The (2003)",Drama,309987,1278.0
130634,-1.2766944261197664,0.32884553400054584,0.8529411764705879,Furious 7 (2015),Action|Crime|Thriller,2820852,168259.0
2013,-0.21999303974837514,3.677658950813918,4.675475346333398,"Poseidon Adventure, The (1972)",Action|Adventure|Drama,69113,551.0
7065,0.1238551418236933,0.09004024785574485,6.110847214992192,"Birth of a Nation, The (1915)",Drama|War,4972,618.0
1176,0.3866426670121383,0.4721727115330053,5.5541526784411035,"Double Life of Veronique, The (Double Vie de Véronique, La) (1991)",Drama|Fantasy|Romance,101765,1600.0
46335,-0.2524279043072758,0.5856255888338642,4.304254372935891,"Fast and the Furious: Tokyo Drift, The (Fast and the Furious 3, The) (2006)",Action|Crime|Drama|Thriller,463985,9615.0
27820,0.06291213449392424,0.4958075361306885,4.8621823351697175,"Story of the Weeping Camel, The (Geschichte vom weinenden Kamel, Die) (2003)",Documentary|Drama,373861,1114.0
80862,-0.16812905762588326,0.24140424746283304,4.038831402541896,Catfish (2010),Documentary|Mystery,1584016,42296.0
143365,-0.2888311813572998,0.24140424746283304,3.538831402541896,The Circle (2016),Drama|Sci-Fi|Thriller,4287320,339988.0
2517,0.23458217504533885,0.4564695943703017,5.249199486018734,Christine (1983),Horror,85333,8769.0
3728,-0.23845997130729646,0.6266162021887939,4.354742241595424,One False Move (1992),Crime|Drama|Film-Noir|Thriller,102592,21128.0
3689,-2.1477539696746852,1.2277168301576455,2.9859054011961312,Porky's II: The Next Day (1983),Comedy,86129,19698.0
2828,0.02105058559127784,0.009146187212576635,7.036863624373517,Dudley Do-Right (1999),Children|Comedy,160236,17709.0
157,-0.0005450112050413569,2.5250958284763145,4.73507827981671,Canadian Bacon (1995),Comedy|War,109370,1775.0
2414,0.1568296348109694,1.7864256716132552,4.823083739853586,Young Sherlock Holmes (1985),Action|Adventure|Children|Fantasy|Mystery|Thriller,90357,11904.0
190,-0.4316301607677126,0.27220877697511875,3.1496356184460366,Safe (1995),Thriller,114323,32646.0
232,0.5180288755883753,1.3957207746600209,5.106449211841713,Eat Drink Man Woman (Yin shi nan nu) (1994),Comedy|Drama|Romance,111797,10451.0
93,1.1545723925436429,2.2837639432398547,5.240850918279314,Vampire in Brooklyn (1995),Comedy|Horror|Romance,114825,12158.0
225,2.8739945488367606,15.328214869240865,4.922791133663191,Disclosure (1994),Drama|Thriller,109635,8984.0
924,-4.332548622896288,16.26786548349721,4.468968543017037,2001: A Space Odyssey (1968),Adventure|Drama|Sci-Fi,62622,62.0
129428,0.02399843677552183,0.1083800370507437,4.95672268907563,The Second Best Exotic Marigold Hotel (2015),Comedy|Drama,2555736,268238.0
5266,-1.936890398535765,3.3920044423654243,4.16427764893481,Panic Room (2002),Thriller,258000,4547.0
2148,1.9318765249631589,2.4689497014038433,5.517763085672084,House (1986),Comedy|Fantasy|Horror,91223,11415.0
2724,-2.5118210714377867,8.826787308838592,4.450726133447121,Runaway Bride (1999),Comedy|Romance,163187,4806.0
7123,0.7195589892774652,1.447508234128352,5.232395945679674,Naked Lunch (1991),Drama|Fantasy|Mystery|Sci-Fi,102511,2742.0
1633,-0.02421738629523288,0.8922727961004278,4.708152881916157,Ulee's Gold (1997),Drama,120402,55306.0
2042,-0.9015538489027539,1.40151447896952,4.092022954608035,D2: The Mighty Ducks (1994),Children|Comedy,109520,11164.0
27513,-0.040341508702861045,0.1839098190865725,4.515939278937381,Dog Days (Hundstage) (2001),Drama,290661,9025.0
79357,0.320976558655214,1.0096050254899076,5.053217018733513,Mr. Nobody (2009),Drama|Fantasy|Romance|Sci-Fi,485947,31011.0
128512,-0.4059691473145258,0.6975807883432699,4.153326904532305,Paper Towns (2015),Drama|Mystery|Romance,3622592,286565.0
7454,-0.29398296688482917,2.7947051552886975,4.630101279565912,Van Helsing (2004),Action|Adventure|Fantasy|Horror,338526,7131.0
79057,-0.009148059949334944,0.6617434188907731,4.721469937929988,Predators (2010),Action|Sci-Fi|Thriller,1424381,34851.0
4386,-0.2875384108317882,1.7410395268569985,4.570140824803176,Cats & Dogs (2001),Children|Comedy,239395,10992.0
82854,1.0570973288386065,1.406081516627685,5.487097847614241,Gulliver's Travels (2010),Adventure|Comedy|Fantasy,1320261,38745.0
104339,-0.026999432655929863,0.9989790082693987,4.708267090620032,In a World... (2013),Comedy,2294677,157360.0
164226,-1.0259784409253285,0.9989790082693987,3.7082670906200317,Maximum Ride (2016),Action|Adventure|Comedy|Fantasy|Sci-Fi|Thriller,825283,339116.0
233,0.25056070555452753,2.0765598000768826,4.855955562381398,Exotica (1994),Drama,109759,20156.0
80124,0.016823745512226183,0.019038784106312392,5.6189506273423495,Sisters (Syostry) (2001),Action|Crime|Drama,284492,49943.0
175387,0.016823745512226183,0.019038784106312392,5.6189506273423495,On the Trail of the Bremen Town Musicians (1973),Adventure|Animation|Children,251333,70061.0
168632,0.14789216115893858,0.22400547739431265,5.395510835913313,Bill Burr: Walk Your Way Out (2017),Comedy,6184894,437752.0
151695,0.04109934827371234,0.29298545304032525,4.875571895424837,The Survivalist (2015),Drama|Sci-Fi|Thriller,2580382,329004.0
4727,0.05730657173584158,0.20192059245495614,5.01910158393421,Captain Corelli's Mandolin (2001),Drama|Romance|War,238112,1722.0
120799,-0.27005948037547556,0.41998650399840165,4.092274692488332,Terminator Genisys (2015),Action|Adventure|Sci-Fi|Thriller,1340138,87101.0
94266,-0.04742693389446673,0.24140424746283304,4.538831402541897,"Five-Year Engagement, The (2012)",Comedy|Romance,1195478,72207.0
31909,-0.10609851614400154,0.1388513395525776,3.971178218687178,Dr. Giggles (1992),Comedy|Horror,104139,37527.0
69275,-0.10609851614400154,0.1388513395525776,3.971178218687178,Dead Snow (Død snø) (2009),Action|Adventure|Comedy|Horror,1278340,14451.0
367,-1.3759709967597036,27.970149749894674,4.686099851292983,"Mask, The (1994)",Action|Comedy|Crime|Fantasy,110475,854.0
539,0.3200745989058885,22.990675185558246,4.749216048878854,Sleepless in Seattle (1993),Comedy|Drama|Romance,108160,858.0
599,-0.16796702448103684,0.781099057048704,4.520254779210674,"Wild Bunch, The (1969)",Adventure|Western,65214,576.0
2791,-3.652143519979135,18.507435743000507,4.537960269203988,Airplane! (1980),Comedy,80339,813.0
360,-0.13276827389118512,2.4168705550343974,4.680360156200664,I Love Trouble (1994),Action|Comedy,110093,10879.0
1061,-0.43231476436832517,4.569026149337088,4.640675538055202,Sleepers (1996),Thriller,117665,819.0
32031,-1.5551096183512243,2.059782884320306,3.9803069633264787,Robots (2005),Adventure|Animation|Children|Comedy|Fantasy|Sci-Fi|IMAX,358082,9928.0
7293,2.2857060557062985,7.201432310090731,5.0526901518364715,50 First Dates (2004),Comedy|Romance,343660,1824.0
63992,-3.9425716545007496,2.914047632084031,3.382340373482914,Twilight (2008),Drama|Fantasy|Romance|Thriller,1099212,8966.0
91500,0.6820445721749899,7.687234796784887,4.824018423617296,The Hunger Games (2012),Action|Adventure|Drama|Sci-Fi|Thriller,1392170,70160.0
1588,-1.0280487647354253,3.523140583673657,4.443495155806184,George of the Jungle (1997),Children|Comedy,119190,10603.0
4040,-1.2790192571971137,1.9591228078539054,4.082441089715544,Don't Tell Mom the Babysitter's Dead (1991),Comedy,101757,15413.0
109576,-0.25990845573953747,0.34166007683268573,3.974571770017262,Welcome to the Jungle (2013),Comedy,2193265,205724.0
246,1.354072125564152,5.714316737647776,4.972255453136757,Hoop Dreams (1994),Documentary,110057,14275.0
96829,0.04598517258720661,2.0341843339630095,4.757900315040005,"Hunt, The (Jagten) (2012)",Drama,2106476,103663.0
135456,-0.040341508702861045,0.1839098190865725,4.515939278937381,Ghost in the Shell: Stand Alone Complex - The Laughing Man (2005),Action|Animation|Crime|Sci-Fi,1024215,18839.0
175705,-0.1322964182461473,0.1839098190865725,4.015939278937381,Themroc (1973),Comedy|Horror,69369,7014.0
861,-0.07915240499636679,0.2783454568631086,4.450926605820579,Supercop (Police Story 3: Supercop) (Jing cha gu shi III: Chao ji jing cha) (1992),Action|Comedy|Crime|Thriller,104558,11134.0
172591,0.640402035200379,0.6975807883432699,5.653326904532305,The Godfather Trilogy: 1972-1990 (1992),(no genres listed),150742,364150.0
55830,0.1251988036461041,0.6947728788195897,4.915495169620785,Be Kind Rewind (2008),Comedy,799934,4953.0
3991,-0.775539260068354,1.2278705956777212,4.103680930721366,102 Dalmatians (2000),Children|Comedy,211181,10481.0
44851,-1.525467945060028,0.9989790082693987,3.2082670906200317,Go for Zucker! (Alles auf Zucker!) (2004),Comedy,416331,460.0
136353,-1.525467945060028,0.9989790082693987,3.2082670906200317,Scooby-Doo! and the Loch Ness Monster (2004),Animation|Children|Comedy,418141,12902.0
155589,0.4724900714787695,0.9989790082693987,5.208267090620032,Noin 7 veljestä (1968),(no genres listed),134854,55495.0
6744,-0.027655030667847417,0.26502737723353814,4.630946291560102,Once Bitten (1985),Comedy|Horror,89730,19064.0
346,0.2903236205216552,0.372435351578285,5.5148216767021765,Backbeat (1993),Drama|Musical,106339,12635.0
5524,-0.7415622621902063,1.9535292905930162,4.355692815654246,Blue Crush (2002),Adventure|Drama|Romance,300532,9266.0
161580,0.15450152160964464,0.5169909304346378,5.034141761801578,Bad Moms (2016),Comedy,4651520,376659.0
170401,-0.07611331623537407,0.22400547739431265,4.395510835913313,Table 19 (2017),Comedy|Drama,1412528,353569.0
171891,0.035889422461782255,0.22400547739431265,4.895510835913313,Generation Iron 2,(no genres listed),6263642,447818.0
3244,-0.6931258829449845,1.4343418259587257,4.2520579249900585,"Goodbye Girl, The (1977)",Comedy|Romance,76095,14741.0
26084,0.004656809418202272,0.2188700426555053,4.75657071339174,"Music Man, The (1962)",Children|Comedy|Musical|Romance,56262,13671.0
101973,0.5034189225429769,0.7012606002738743,5.453171212619126,Disconnect (2012),Drama|Thriller,1433811,127517.0
34336,0.03576511918586595,0.26192104733713906,4.871843354714784,Must Love Dogs (2005),Comedy|Romance,417001,11648.0
725,-1.219057414841014,1.2258333904094583,3.7408217657120058,"Great White Hype, The (1996)",Comedy,116448,20759.0
68959,-0.2547032834462089,0.14936647694438507,3.030070237050044,Fullmetal Alchemist the Movie: Conqueror of Shamballa (Gekijô-ban hagane no renkinjutsushi: Shanbara wo yuku mono) (2005),Action|Adventure|Animation|Drama,485323,14003.0
476,0.5426971541065899,0.21707886164263598,7.235294117647059,"Inkwell, The (1994)",Comedy|Drama,110137,59930.0
60760,-0.20517236081353457,0.3176182548177241,4.089322553666016,"X-Files: I Want to Believe, The (2008)",Drama|Mystery|Sci-Fi|Thriller,443701,8836.0
1197,9.468229616791952,28.207705591464112,5.07095522223747,"Princess Bride, The (1987)",Action|Adventure|Comedy|Fantasy|Romance,93779,2493.0
2628,-5.74975817324037,22.73819675614465,4.482426300779101,Star Wars: Episode I - The Phantom Menace (1999),Action|Adventure|Sci-Fi,120915,1893.0
224,-0.2709334737924003,10.099503360906104,4.708467702118435,Don Juan DeMarco (1995),Comedy|Drama|Romance,112883,1909.0
4018,-1.1302203159059028,10.502595676638562,4.627680690385462,What Women Want (2000),Comedy|Romance,207201,3981.0
111,-1.960592549126487,16.872259113470747,4.619091981588044,Taxi Driver (1976),Crime|Drama|Thriller,75314,103.0
6350,0.42015259181307196,1.8973412111139178,4.95673693950323,Laputa: Castle in the Sky (Tenkû no shiro Rapyuta) (1986),Action|Adventure|Animation|Children|Fantasy|Sci-Fi,92067,10515.0
1729,0.32767959439389194,4.359530207657456,4.810458086878956,Jackie Brown (1997),Crime|Drama|Thriller,119396,184.0
53996,2.0373220237478558,5.101725100870961,5.134633945541754,Transformers (2007),Action|Sci-Fi|Thriller|IMAX,418279,1858.0
1785,-0.6592055094097586,0.7580351097066687,3.8656701372158007,King of New York (1990),Crime|Thriller,99939,9558.0
6993,0.3666274213441422,0.38499270467624014,5.687591179100361,Hannah and Her Sisters (1986),Comedy|Drama|Romance,91167,5143.0
2404,-1.508916071925035,0.9152391028081494,3.0866363327082844,Rambo III (1988),Action|Adventure|Thriller|War,95956,1370.0
519,-1.0386511835012282,2.09869720039334,4.240391287783578,RoboCop 3 (1993),Action|Crime|Drama|Sci-Fi|Thriller,107978,5550.0
7160,-1.3551362686299027,3.0046986660506994,4.284288403183498,Monster (2003),Crime|Drama,340855,504.0
3504,-0.10847837151155088,4.9351600036145395,4.713313397380218,Network (1976),Comedy|Drama,74958,10774.0
99149,0.2592177213443633,1.1253844721570219,4.9656311515742475,"Misérables, Les (2012)",Drama|Musical|Romance|IMAX,1707386,82695.0
37444,-0.5264889367906292,0.9989790082693987,4.208267090620032,Frankenstein 90 (1984),Comedy|Horror|Romance,87289,3118.0
108949,0.04627575718101993,1.2403832557322316,4.772601745726657,"Art of the Steal, The (2013)",Crime,2172985,209247.0
149566,-1.525467945060028,0.9989790082693987,3.2082670906200317,Unicorn City (2012),Comedy|Romance,1734589,102051.0
5346,0.23737234656569073,0.26502737723353814,5.630946291560102,Wild Orchid (1990),Drama|Romance,100934,5203.0
1942,-0.23496324709857244,0.21065670429527183,3.6199095022624435,All the King's Men (1949),Drama,41113,25430.0
107159,-0.0022150385940862107,0.019038784106312392,4.6189506273423495,Zatoichi and the Chest of Gold (Zatôichi senryô-kubi) (Zatôichi 6) (1964),Action|Drama,130377,40897.0
56805,-0.15012160855587717,0.5843153873481481,4.47837531693365,Walk Hard: The Dewey Cox Story (2007),Comedy|Musical,841046,6575.0
136443,-0.412121532326843,0.22400547739431265,2.8955108359133126,Gabriel Iglesias: Hot and Fluffy (2007),Comedy,1082588,20720.0
5102,0.09101862453729734,0.25557492138540305,5.091426965282929,Rookie of the Year (1993),Comedy|Fantasy,107985,21845.0
4784,0.26114123417511753,0.37725666497893556,5.427505172923441,"French Lieutenant's Woman, The (1981)",Drama,82416,12537.0
61406,-0.05622535388779642,0.09004024785574485,4.110847214992192,John Adams (2008),Drama,472027,118309.0
2181,-0.0009592293928796817,0.08519701062213066,4.724035161659341,Marnie (1964),Drama|Mystery|Romance|Thriller,58329,506.0
2607,0.08423778122925098,0.08519701062213066,5.724035161659341,Get Real (1998),Drama|Romance,162973,24584.0
3862,-0.0009592293928796817,0.08519701062213066,4.724035161659341,About Adam (2000),Comedy,199314,18168.0
157369,0.04402967044256126,0.14936647694438507,5.030070237050044,Bakuman (2015),Comedy|Drama,3715854,327536.0
3132,-0.11622748425870788,0.1525641281597172,3.973467037712312,Daddy Long Legs (1919),Comedy|Drama,10040,70801.0
5478,-0.02683180526578713,0.3107321390339718,4.64894384390581,Eight Legged Freaks (2002),Action|Comedy|Horror|Sci-Fi,271367,8869.0
49276,-0.04306989870995492,0.1718807994813942,4.484714071243347,Let's Go to Prison (2006),Comedy,454987,9809.0
183011,-1.0577364194121668,0.5876313441178704,2.935294117647059,The Commuter (2018),Crime|Drama|Mystery|Thriller,1590193,399035.0
4459,0.2712550214130516,0.3176182548177241,5.589322553666016,Alaska: Spirit of the Wild (1997),Documentary|IMAX,130445,13795.0
47,10.353773719871644,37.5879546489986,5.010748683253423,Seven (a.k.a. Se7en) (1995),Mystery|Thriller,114369,807.0
5620,-0.8007273057643585,4.286687069828964,4.548500145350801,Sweet Home Alabama (2002),Comedy|Romance,256415,11529.0
1207,0.6504593490044168,6.324573877440422,4.838140469292122,To Kill a Mockingbird (1962),Drama,56592,595.0
53318,0.5890583766899994,0.9628762181924617,5.347063694629442,Cashback (2006),Comedy|Drama|Romance,460740,12225.0
79293,-0.4293801597716765,2.339692819185745,4.5517742315104215,Salt (2010),Action|Thriller,944835,27576.0
1456,0.1367778088908817,0.2251868844269083,5.3426909882018245,"Pest, The (1997)",Comedy,119887,17949.0
5388,0.40952658098820344,4.4564831237786375,4.82718868329751,Insomnia (2002),Action|Crime|Drama|Mystery|Thriller,278504,320.0
35836,-0.21205217281190053,10.008035518205189,4.714105926175699,"40-Year-Old Virgin, The (2005)",Comedy|Romance,405422,6957.0
1939,0.35194136452456937,1.690235355744471,4.943514448223184,"Best Years of Our Lives, The (1946)",Drama|War,36868,887.0
2064,0.6774714266102415,6.780641079348256,4.835206709787293,Roger & Me (1989),Documentary,98213,1779.0
93838,0.06261084780538881,0.7053143324294354,4.824064251652032,The Raid: Redemption (2011),Action|Crime,1899353,94329.0
3045,0.18732312438717458,0.34238660199504306,5.282404090104119,Peter's Friends (1992),Comedy|Drama,105130,11790.0
1944,0.6527836013912671,2.3935439164235226,5.008020929514655,From Here to Eternity (1953),Drama|Romance|War,45793,11426.0
27539,-0.20653611156251794,0.28148783187536247,4.0015639589169005,Undertaking Betty (Plots with a View) (2002),Comedy|Romance,298504,10918.0
95218,0.07495172031284451,0.28148783187536247,5.0015639589169005,First Position (2011),Documentary,2008513,89874.0
83910,0.9719795756134688,0.9989790082693987,5.708267090620032,"Dilemma, The (2011)",Comedy|Drama,1578275,44564.0
109241,-1.525467945060028,0.9989790082693987,3.2082670906200317,On the Other Side of the Tracks (De l'autre côté du périph) (2012),Action|Comedy|Crime,1937133,146375.0
135937,0.4724900714787695,0.9989790082693987,5.208267090620032,The Silence of the Hams (1994),Comedy|Thriller,111190,10450.0
5640,0.10485865794892166,0.26502737723353814,5.130946291560102,"Godzilla, King of the Monsters! (Kaijû-ô Gojira) (1956)",Horror|Sci-Fi,197521,18983.0
151769,0.016823745512226183,0.019038784106312392,5.6189506273423495,Three from Prostokvashino (1978),Animation,189160,77294.0
84952,0.04109934827371234,0.29298545304032525,4.875571895424837,Confessions (Kokuhaku) (2010),Drama|Horror,1590089,54186.0
7171,0.004656809418202272,0.2188700426555053,4.75657071339174,Aileen: Life and Death of a Serial Killer (2003),Documentary,364930,37088.0
2051,-0.5340562575897788,0.41717977419286945,3.4551355610079364,Herbie Goes to Monte Carlo (1977),Adventure|Children|Comedy,76137,14140.0
6339,-0.21886426491117006,0.8787236904642515,4.486223485676799,"Man on the Train (Homme du train, L') (2002)",Comedy|Drama,301414,22016.0
4642,0.8974396231605954,1.0007152197166371,5.632092333042158,Hedwig and the Angry Inch (2000),Comedy|Drama|Musical,248845,13403.0
67197,-0.2038676515634253,0.4224312341568039,4.25268858311466,Knowing (2009),Action|Drama|Mystery|Sci-Fi|Thriller,448011,13811.0
4384,-0.17177207705518743,0.15804599783844867,3.6484454824113266,Lumumba (2000),Drama,246765,55551.0
2549,-1.0038283029527995,0.46857020435034524,2.592972020268782,Wing Commander (1999),Action|Sci-Fi,131646,10350.0
2109,-3.3539217415299,4.632332815693164,4.011269770741831,"Jerk, The (1979)",Comedy,79367,6471.0
140,0.23358930851837112,2.405815160461854,4.832387739949085,Up Close and Personal (1996),Drama|Romance,118055,9302.0
177,-0.6840310760333943,2.0453510843121316,4.400862009008145,Lord of Illusions (1995),Horror,113690,8973.0
416,-3.015983175081324,4.408666522001657,4.0511908496793145,Bad Girls (1994),Western,109198,11853.0
711,-2.01339916639379,3.1732354357676944,4.100800016232648,Flipper (1996),Adventure|Children,116322,36355.0
96079,1.3611099838661813,8.061720857156606,4.904130276574329,Skyfall (2012),Action|Adventure|Thriller|IMAX,1074638,37724.0
2037,-0.3135959599629349,0.2251868844269083,3.342690988201824,Candleshoe (1977),Adventure|Children|Comedy,75807,14612.0
6143,0.4090909085425221,0.9999999986594983,5.144385026737968,Trail of the Pink Panther (1982),Comedy|Crime,84814,9699.0
7701,-0.49623475203173284,0.8304835041470215,4.137769001791315,Look Who's Talking Too (1990),Comedy|Romance,100050,9356.0
78637,-0.5711586589981404,1.6720835804206624,4.3937091241179385,Shrek Forever After (a.k.a. Shrek: The Final Chapter) (2010),Adventure|Animation|Children|Comedy|Fantasy|IMAX,892791,10192.0
105653,0.2966113299520524,0.49102655377707083,5.339357844283553,Escape Plan (2013),Action|Mystery|Thriller,1211956,107846.0
1425,-0.22502632289799562,1.8068172686136919,4.610751184165661,Fierce Creatures (1997),Comedy,119115,12145.0
43928,-0.023480207698702127,0.4768548010547067,4.68605437496906,Ultraviolet (2006),Action|Fantasy|Sci-Fi|Thriller,370032,9920.0
2306,-0.12583249264257446,1.6495621514180343,4.6590117583953,Holy Man (1998),Comedy,120701,9713.0
107338,0.051613400840425205,0.1839098190865725,5.015939278937381,Dampfnudelblues (2013),Comedy|Crime,2969050,209232.0
1244,-0.26249710804775916,4.926875939115185,4.682015506354301,Manhattan (1979),Comedy|Drama|Romance,79522,696.0
3498,0.5126659711923016,2.084545969052453,4.981230632745998,Midnight Express (1978),Drama,77928,11327.0
26712,0.21569563625052576,0.28148783187536247,5.5015639589169005,35 Up (1991),Documentary,101254,20562.0
60514,-0.2709645564383713,0.5991060866930866,4.283012689604779,Journey to the Center of the Earth (2008),Action|Adventure|Sci-Fi,373051,88751.0
69069,-0.18472505326997102,1.0989073181959055,4.567195270536606,Fired Up (2009),Comedy,1083456,17927.0
1300,0.6840246929614331,1.6237907678808843,5.156545861708958,My Life as a Dog (Mitt liv som hund) (1985),Comedy|Drama,89606,8816.0
6014,0.09941004216565139,0.3577869320120448,5.0131411636713805,National Security (2003),Action|Comedy,271668,11078.0
6946,0.08851276035963514,0.04705479297807301,6.6163513863695265,Looney Tunes: Back in Action (2003),Action|Animation|Children|Fantasy,318155,10715.0
74683,-0.5264889367906292,0.9989790082693987,4.208267090620032,Mike Bassett: England Manager (2001),Comedy,282744,19962.0
134004,-1.525467945060028,0.9989790082693987,3.2082670906200317,What Love Is (2007),Comedy|Romance,439876,25973.0
142831,-1.0259784409253285,0.9989790082693987,3.7082670906200317,Garam Masala (2005),Comedy,453671,19636.0
115122,-0.09761243452895091,0.215115704773235,4.281526994359387,What We Do in the Shadows (2014),Comedy|Horror,3416742,246741.0
2398,0.01661310546364353,0.5070463468015953,4.768058588919631,Miracle on 34th Street (1947),Comedy|Drama,39628,11881.0
2038,0.9121495928827769,1.2338004432656706,5.4745948675061396,"Cat from Outer Space, The (1978)",Children|Comedy|Sci-Fi,77305,19378.0
4032,0.04163927591818565,0.08519701062213066,5.224035161659342,"Everlasting Piece, An (2000)",Comedy,218182,29122.0
84187,-0.10533680650182381,0.14936647694438507,4.030070237050044,Evangelion: 2.0 You Can (Not) Advance (Evangerion shin gekijôban: Ha) (2009),Action|Animation|Drama|Sci-Fi,860906,22843.0
175585,-0.03065356802963128,0.14936647694438507,4.530070237050044,Shot Caller (2017),Action|Crime|Drama|Thriller,4633690,339692.0
1055,0.9508964509224804,0.3969814970498682,7.130610922054773,Shadow Conspiracy (1997),Thriller,120107,38153.0
67295,-0.26525778351275975,0.5793788429357648,4.277462792345855,Kung Fu Panda: Secrets of the Furious Five (2008),Action|Animation|Children|Comedy,1287845,15854.0
46850,0.04457966737708046,0.053434879398634456,5.5695744206773625,Wordplay (2006),Documentary,492506,35199.0
61246,-0.06229009142018845,0.053434879398634456,3.569574420677362,Hamlet 2 (2008),Comedy,1104733,12621.0
556,-0.01372607921673876,0.15804599783844867,4.648445482411327,"War Room, The (1993)",Documentary,108515,26408.0
1206,1.2275315683251498,15.339779080114155,4.8153168847230505,"Clockwork Orange, A (1971)",Crime|Drama|Sci-Fi|Thriller,66921,185.0
4246,2.8301937815569653,9.726509881461748,5.026271437985897,Bridget Jones's Diary (2001),Comedy|Drama|Romance,243155,634.0
8207,-0.11187106077652723,0.3035564040212838,4.366759442395459,"Day of the Jackal, The (1973)",Crime|Thriller,69947,4909.0
104841,-0.9502789141563147,5.428133598610534,4.560228619185569,Gravity (2013),Action|Sci-Fi|IMAX,1454468,49047.0
4327,-0.1928931912951024,1.948485748841654,4.636297657750047,"Magnificent Seven, The (1960)",Adventure|Western,54047,966.0
64957,0.120165121346772,4.938047620632537,4.759628658457214,"Curious Case of Benjamin Button, The (2008)",Drama|Fantasy|Mystery|Romance,421715,4922.0
671,-1.845995917985437,8.269541507169246,4.512065790370987,Mystery Science Theater 3000: The Movie (1996),Comedy|Sci-Fi,117128,3065.0
3104,-0.1634380892333226,5.569777478691476,4.7059503799737685,Midnight Run (1988),Action|Comedy|Crime|Thriller,95631,9013.0
8010,-0.16277106445364986,0.16612266202073486,3.75546955624355,"Power of One, The (1992)",Drama,105159,13823.0
67997,0.06338915273892189,0.17178460392247835,5.10429780768396,In the Loop (2009),Comedy,1226774,19833.0
45928,0.21983673327272357,0.4918555606030109,5.182247961176256,Who Killed the Electric Car? (2006),Documentary,489037,13508.0
55253,0.21569563625052576,0.28148783187536247,5.5015639589169005,"Lust, Caution (Se, jie) (2007)",Drama|Romance|Thriller|War,808357,4588.0
94959,-0.07205906223062826,4.445898843209785,4.719086132541711,Moonrise Kingdom (2012),Comedy|Drama|Romance,1748122,83666.0
78266,-0.07387709774716586,0.2816814540438115,4.473022332669425,Splice (2009),Horror|Sci-Fi|Thriller,1017460,37707.0
6536,-0.029124222085547383,0.04705479297807301,4.1163513863695265,Sinbad: Legend of the Seven Seas (2003),Adventure|Animation|Children|Fantasy,165982,14411.0
136834,-1.525467945060028,0.9989790082693987,3.2082670906200317,The Eye: Infinity (2005),Horror,455135,33723.0
665,-0.2712650930103108,0.21025806272500686,3.445141010105618,Underground (1995),Comedy|Drama|War,114787,11902.0
27834,-0.17768728011235002,0.5148463202370009,4.390167284399897,"Return, The (Vozvrashcheniye) (2003)",Drama,376968,11190.0
5309,0.3173298770670533,0.321560942094614,5.722136222910216,Three Men and a Little Lady (1990),Comedy|Romance,98966,11630.0
130578,-0.05516314416397236,0.3121072630330013,4.558549931600547,"Gunman, The (2015)",Action|Thriller,2515034,266396.0
121231,-0.09761243452895091,0.215115704773235,4.281526994359387,It Follows (2014),Horror,3235888,270303.0
6774,0.06269904873262125,0.2568704596326195,4.97938232001293,Videodrome (1983),Fantasy|Horror|Sci-Fi|Thriller,86541,837.0
132,0.0043992935823732315,2.8367230824593817,4.7368449541067665,Jade (1995),Thriller,113451,11863.0
4822,-0.07074449732193075,0.28860438131421967,4.490167910623517,Max Keeble's Big Move (2001),Children|Comedy,273799,34549.0
6067,0.04163927591818565,0.08519701062213066,5.224035161659342,Ordinary Decent Criminal (2000),Comedy|Crime,160611,12490.0
444,-0.11622748425870788,0.1525641281597172,3.973467037712312,Even Cowgirls Get the Blues (1993),Comedy|Romance,106834,34444.0
2056,0.03633664390100933,0.1525641281597172,4.973467037712312,In Search of the Castaways (1962),Adventure|Children,56095,34774.0
45028,0.38722592958175767,0.539076825218982,5.453607188190316,"Prairie Home Companion, A (2006)",Comedy|Drama|Musical,420087,9526.0
2829,-0.029085464804167585,0.10720071313536052,4.463976288189695,"Muse, The (1999)",Comedy,164108,37718.0
3857,-0.10609851614400154,0.1388513395525776,3.971178218687178,Bless the Child (2000),Thriller,163983,10391.0
4733,-0.08735016785068636,0.19121927861869445,4.278487834924546,"Curse of the Jade Scorpion, The (2001)",Comedy,256524,2779.0
2616,0.43355869408702064,2.895647781113701,4.885021821725857,Dick Tracy (1990),Action|Crime,99422,8592.0
4641,0.4502834670515864,5.078370516487823,4.823961036610467,Ghost World (2001),Comedy|Drama,162346,1548.0
185,-2.4761798580109238,21.217969625633167,4.618592100361697,"Net, The (1995)",Action|Crime|Thriller,113957,1642.0
353,0.6600248915238976,11.313438607752504,4.793634018927968,"Crow, The (1994)",Action|Crime|Fantasy|Thriller,109506,9495.0
355,-2.3339512007574172,9.735794669279066,4.495565232636562,"Flintstones, The (1994)",Children|Comedy|Fantasy,109813,888.0
694,0.2869351346845393,0.9291331521880246,5.044114370168275,"Substitute, The (1996)",Action|Crime|Drama,117774,20762.0
747,-0.2751094955956286,0.5840176269087223,4.26423043237472,"Stupids, The (1996)",Comedy,117768,16299.0
4844,-0.25289552096830653,0.4557646828877844,4.1804123322355,Bandits (2001),Comedy|Crime|Romance,219965,3172.0
1586,-0.5307305393784297,3.549915949967224,4.585789017566216,G.I. Jane (1997),Action|Drama,119173,4421.0
305,-2.4531497787783736,1.570192662020231,3.1729700550558366,Ready to Wear (Pret-A-Porter) (1994),Comedy,110907,3586.0
48774,0.9898330895808453,9.366979606121568,4.840966717695634,Children of Men (2006),Action|Adventure|Drama|Sci-Fi|Thriller,206634,9693.0
7361,2.121121538474068,20.838619949298355,4.837082122017544,Eternal Sunshine of the Spotless Mind (2004),Drama|Romance|Sci-Fi,338013,38.0
112334,0.13062408618600926,0.17009932883366186,5.503222404499649,"Internet's Own Boy: The Story of Aaron Swartz, The (2014)",Documentary,3268458,250658.0
164179,1.2501657228397856,3.320026448689121,5.111847058462756,Arrival (2016),Sci-Fi,2543164,329865.0
1542,0.10544010023856015,0.7340864867991215,4.8789285560063815,Brassed Off (1996),Comedy|Drama|Romance,115744,9450.0
2092,-0.45413128122609453,1.2251868830864066,4.364631251846474,"Return of Jafar, The (1994)",Adventure|Animation|Children|Fantasy|Musical|Romance,107952,15969.0
2898,0.1367778088908817,0.2251868844269083,5.3426909882018245,"Dark Half, The (1993)",Horror|Mystery,106664,10349.0
128360,0.8143532493187139,1.804623195968936,5.186553555704693,The Hateful Eight (2015),Western,3460252,273248.0
2312,-0.0014120027334397628,1.0544797832610657,4.733955066149008,Children of a Lesser God (1986),Drama,90830,1890.0
3155,0.15846615321180046,1.4615042564141536,4.843720865305394,Anna and the King (1999),Drama|Romance,166485,1439.0
86298,0.9570092703131963,1.9582781308433808,5.223993478192456,Rio (2011),Adventure|Animation|Children|Comedy,1436562,46195.0
128944,-0.026999432655929863,0.9989790082693987,4.708267090620032,"Honey, We Shrunk Ourselves (1997)",Action|Adventure|Children|Comedy|Sci-Fi,119310,11425.0
7347,-0.46982009236358874,1.0928532257535788,4.305391838647403,Secret Window (2004),Mystery|Thriller,363988,1586.0
93831,-0.3388463424898932,0.4654097248571457,4.007233820682057,American Reunion (American Pie 4) (2012),Comedy,1605630,71552.0
131749,-0.2518861047666129,0.29298545304032525,3.875571895424837,Libre et assoupi (2014),Comedy,2922440,268523.0
1694,0.9080708067667229,0.5685039877380577,6.332593039647098,"Apostle, The (1997)",Drama,118632,2895.0
6480,-0.3440227345187175,0.7831043825228701,4.2959877592655555,Thoroughly Modern Millie (1967),Comedy|Musical,62362,32489.0
7234,-0.011205229959923988,0.09004024785574485,4.610847214992192,"Strada, La (1954)",Drama,47528,405.0
5609,-0.12875474532607567,0.08519701062213066,3.2240351616593412,Ballistic: Ecks vs. Sever (2002),Action|Thriller,308208,10550.0
1599,0.0690894673095854,0.2914154677122948,4.972376479307406,Steel (1997),Action,120207,8854.0
54768,-0.14244241051814013,0.053434879398634456,2.069574420677362,Daddy Day Camp (2007),Children|Comedy,462244,14144.0
1288,0.04931356007668791,11.84305117644295,4.739458041229081,This Is Spinal Tap (1984),Comedy,88258,11031.0
291,-0.10933060661287164,0.723754900350641,4.584233853240001,Poison Ivy II (1996),Drama|Thriller,114151,18220.0
158872,-0.12555009781951257,1.0956098068121438,4.620700311495559,Sausage Party (2016),Animation|Comedy,1700841,223702.0
7323,0.5375222364281468,2.438684962901827,4.955708908653332,"Good bye, Lenin! (2003)",Comedy|Drama,301357,338.0
84392,0.1375309018990627,0.813651087185241,4.9043234522907815,"Lincoln Lawyer, The (2011)",Crime|Drama|Thriller,1189340,50348.0
325,-2.512467361501476,2.6388189792008583,3.7831759991612075,National Lampoon's Senior Trip (1995),Comedy,113936,27993.0
906,-0.3194689436940531,0.5863473210785171,4.190448200884912,Gaslight (1944),Drama|Thriller,36855,13528.0
2082,-1.5777829122057623,4.348977761746864,4.37250014659396,"Mighty Ducks, The (1992)",Children|Comedy,104868,10414.0
2108,-2.1666078573040504,5.454619570547162,4.338088074350677,L.A. Story (1991),Comedy|Romance,102250,2107.0
55721,-0.22985249398952035,0.35860035385302536,4.0943229319807815,Elite Squad (Tropa de Elite) (2007),Action|Crime|Drama|Thriller,861739,7347.0
26554,-0.0894863057068089,0.6302948488914358,4.593318809005083,"Quiet Earth, The (1985)",Drama|Mystery|Sci-Fi,89869,10176.0
7748,-0.22425132778943355,0.1839098190865725,3.5159392789373816,Pierrot le fou (1965),Crime|Drama,59592,2786.0
81562,0.6974482162664161,1.9482296176322775,5.0932848852415065,127 Hours (2010),Adventure|Drama|Thriller,1542344,44115.0
955,0.951491803389104,3.4081740136217227,5.014473466936796,Bringing Up Baby (1938),Comedy|Romance,29947,900.0
60072,-0.09465458701060733,4.1321343459650555,4.712387169545762,Wanted (2008),Action|Thriller,493464,8909.0
179819,0.8752639737767892,2.3897053401517168,5.101558509775513,Star Wars: The Last Jedi (2017),Action|Adventure|Fantasy|Sci-Fi,2527336,181808.0
3029,-0.08691736089582058,0.8467739511690989,4.632648823970018,Nighthawks (1981),Action|Drama,82817,21610.0
7001,-0.14468818426186897,0.3619357537729472,4.335532052823156,Invasion of the Body Snatchers (1978),Horror|Mystery|Sci-Fi|Thriller,77745,11850.0
72178,-1.0259784409253285,0.9989790082693987,3.7082670906200317,Welcome to Dongmakgol (2005),Comedy|Drama|War,475783,14968.0
125970,-0.026999432655929863,0.9989790082693987,4.708267090620032,Halloweentown (1998),Adventure|Children|Comedy|Fantasy,173886,27850.0
7367,-0.735357124963405,1.5352134114499685,4.25630069596448,"Ladykillers, The (2004)",Comedy|Crime,335245,5516.0
5450,-0.16488717687462406,1.448418383019597,4.621454650537511,Lovely & Amazing (2001),Comedy|Drama|Romance,258273,50035.0
25827,-0.011205229959923988,0.09004024785574485,4.610847214992192,Mr. Deeds Goes to Town (1936),Comedy|Romance,27996,24807.0
26840,-0.3324596893575291,0.27143860713367884,3.5104879160966713,Sonatine (Sonachine) (1993),Action|Comedy|Crime|Drama,108188,7500.0
1306,-0.1820815564458596,0.3706084777216611,4.243989769820972,Until the End of the World (Bis ans Ende der Welt) (1991),Adventure|Drama|Sci-Fi,101458,10341.0
55020,0.07129710707639769,0.053434879398634456,6.0695744206773625,"Ten, The (2007)",Comedy,811106,13173.0
3095,0.4881456979398678,1.2819959952987579,5.116064182241613,"Grapes of Wrath, The (1940)",Drama,32551,596.0
91628,-0.4756577131612541,0.2855088314293242,3.069294117647059,New Year's Eve (2011),Comedy|Romance,1598822,62838.0
72605,-0.04742693389446673,0.24140424746283304,4.538831402541897,Brothers (2009),Drama|Thriller|War,765010,7445.0
7236,-0.10609851614400154,0.1388513395525776,3.971178218687178,"Boy and His Dog, A (1975)",Sci-Fi,72730,4917.0
47950,0.11244589400418954,0.3176182548177241,5.089322553666016,Hollywoodland (2006),Crime|Drama|Mystery|Thriller,427969,1249.0
912,1.573743619509265,14.69294254828406,4.842402929536687,Casablanca (1942),Drama|Romance,34583,289.0
1266,-1.5949009755771102,6.8651005684202895,4.502973999437326,Unforgiven (1992),Drama|Western,105695,33.0
435,-7.24181229264092,15.534039790798069,4.269104228206273,Coneheads (1993),Comedy|Sci-Fi,106598,9612.0
1590,1.379138806830996,3.7068193634856987,5.1073486127800845,Event Horizon (1997),Horror|Sci-Fi|Thriller,119081,8413.0
3753,1.8826704407717,11.699158658275161,4.896217693073573,"Patriot, The (2000)",Action|Drama|War,187393,2024.0
55765,0.25943254700639773,5.41140664629321,4.783235912445295,American Gangster (2007),Crime|Drama|Thriller,765429,4982.0
128620,-0.34188908830056064,0.9591018639935609,4.378826154091046,Victoria (2015),Crime|Drama|Romance,4226388,320007.0
1681,0.01376941764883828,0.36403822397948593,4.773118216167038,Mortal Kombat: Annihilation (1997),Action|Adventure|Fantasy,119707,9823.0
2840,-1.4965476354077583,2.924525603360738,4.223570905619785,Stigmata (1999),Drama|Thriller,145531,10307.0
105954,0.08175162109314828,0.34166007683268573,4.974571770017262,All Is Lost (2013),Action|Adventure|Drama,2017038,152747.0
2886,-1.4520014156627243,0.9378956512653961,3.1871459694989106,"Adventures of Elmo in Grouchland, The (1999)",Children|Comedy,159421,16112.0
3020,0.18502262957028637,2.1949434386675994,4.819589059516996,Falling Down (1993),Action|Drama,106856,37094.0
6618,-0.04631880751138756,0.9285939894547557,4.685413536857833,Shaolin Soccer (Siu lam juk kau) (2001),Action|Comedy,286112,11770.0
2796,0.5259219984309997,2.2102335368872215,4.973242727897395,Funny Farm (1988),Comedy,95188,14170.0
3261,-1.14489485608599,1.4464618830918439,3.9437801002581234,Singles (1992),Comedy|Drama|Romance,105415,11068.0
27156,-0.10553841887467975,0.33327629603095754,4.418624675110778,"Neon Genesis Evangelion: The End of Evangelion (Shin seiki Evangelion Gekijô-ban: Air/Magokoro wo, kimi ni) (1997)",Action|Animation|Drama|Fantasy|Sci-Fi,169858,18491.0
473,0.061830645746953586,0.49809608822898443,4.859428089400977,In the Army Now (1994),Comedy|War,110123,12475.0
748,1.9597048875136438,1.6865689635218957,5.897241793608903,"Arrival, The (1996)",Action|Sci-Fi|Thriller,115571,10547.0
27523,0.4308650558227448,0.34997208776175814,5.966435316873365,My Sassy Girl (Yeopgijeogin geunyeo) (2001),Comedy|Romance,293715,11178.0
1382,0.03230044163036183,0.23267772108004853,4.874114635058133,Marked for Death (1990),Action|Drama,100114,10173.0
7346,1.366634798522822,4.052264229817489,5.072546261390996,"Girl Next Door, The (2004)",Comedy|Romance,265208,10591.0
60363,-0.7695117753132429,0.28148783187536247,2.0015639589169,Zombie Strippers! (2008),Comedy|Horror,960890,13009.0
66665,-0.6142641734926713,0.9827484321492368,4.110246899663412,Away We Go (2009),Comedy|Drama|Romance,1176740,19255.0
6687,0.1424799408756063,0.18590613253065064,5.5017020835172294,My Boss's Daughter (2003),Comedy|Romance,270980,2830.0
581,-0.6209733666097503,1.4344527051837508,4.302394960800891,"Celluloid Closet, The (1995)",Documentary,112651,32562.0
4987,-0.576741085091199,0.5826456320512623,3.7454281453222955,Spacehunter: Adventures in the Forbidden Zone (1983),Action|Adventure|Sci-Fi,86346,26978.0
935,0.48314181042269355,0.7817424039898231,5.3533261035759985,"Band Wagon, The (1953)",Comedy|Musical,45537,29376.0
5303,-0.3257920071221747,0.321560942094614,3.722136222910217,Joe Versus the Volcano (1990),Comedy|Romance,99892,2565.0
79553,-0.10539337824645029,0.29298545304032525,4.375571895424837,Ip Man 2 (2010),Action,1386932,37472.0
5947,0.05826580112872126,0.11672358183282547,5.234471749226007,Evelyn (2002),Drama,298856,21868.0
83132,0.022868109497718697,0.22678697970529502,4.836129313421681,"Secret World of Arrietty, The (Kari-gurashi no Arietti) (2010)",Animation|Children|Fantasy,1568921,51739.0
6932,-0.0009592293928796817,0.08519701062213066,4.724035161659341,Shattered Glass (2003),Crime|Drama,323944,13537.0
178827,0.19339614738694633,0.14936647694438507,6.030070237050044,Paddington 2 (2017),Adventure|Animation|Children|Comedy,4468740,346648.0
1626,-0.11622748425870788,0.1525641281597172,3.973467037712312,Fire Down Below (1997),Action|Drama|Thriller,119123,14289.0
26322,0.09811816086351888,0.29465501864190086,5.068287464632143,Gone in 60 Seconds (1974),Action|Crime|Drama,71571,16246.0
169984,0.07327518983694979,0.24140424746283304,5.038831402541897,Alien: Covenant (2017),Action|Horror|Sci-Fi|Thriller,2316204,126889.0
7228,0.032752823408576076,0.1388513395525776,4.971178218687178,Cool World (1992),Animation|Comedy|Fantasy,104009,14239.0
131439,0.4724900714787695,0.9989790082693987,5.208267090620032,Kill Me Three Times (2014),Thriller,2393845,237756.0
2329,6.00537445447771,16.159506682971028,5.106925168785904,American History X (1998),Crime|Drama,120586,73.0
1304,-1.3023590011072625,12.631793954742466,4.632192451662529,Butch Cassidy and the Sundance Kid (1969),Action|Western,64115,642.0
146,-0.32289415781413916,1.4414031751536784,4.511280348716855,"Amazing Panda Adventure, The (1995)",Adventure|Children,112342,30765.0
704,0.10727817234364784,0.992187376726452,4.843417013442804,"Quest, The (1996)",Action|Adventure,117420,9103.0
1247,-2.281503494171557,10.521889935370679,4.51846011651367,"Graduate, The (1967)",Comedy|Drama|Romance,61722,37247.0
54286,3.7804077392971096,13.769566253101097,5.00984218036804,"Bourne Ultimatum, The (2007)",Action|Crime|Thriller,440963,2503.0
3798,1.1533616798372788,3.3836213607271786,5.076160177077955,What Lies Beneath (2000),Drama|Horror|Mystery,161081,2655.0
48394,0.7380920258074197,10.642829270282828,4.804645227870009,"Pan's Labyrinth (Laberinto del fauno, El) (2006)",Drama|Fantasy|Thriller,457430,1417.0
2320,0.333270399616818,0.8041883542280661,5.149712453680688,Apt Pupil (1998),Drama|Thriller,118636,9445.0
3421,5.896422006934988,10.935535608837442,5.274492399089246,Animal House (1978),Comedy,77975,8469.0
3752,-0.8998291457888788,6.703080364375849,4.601052978219415,"Me, Myself & Irene (2000)",Adventure|Comedy,183505,2123.0
7570,0.4170237218793819,0.3508062640452624,5.924052029408794,Octopussy (1983),Action|Adventure|Thriller,86034,700.0
111617,0.5974798654068125,1.564644562496397,5.117157116904559,Blended (2014),Comedy,1086772,232672.0
31225,0.13724072313512453,0.5935783828875321,4.966503216717515,Coach Carter (2005),Drama,393162,7214.0
51255,2.3378924233646083,7.189683964953522,5.060467301163995,Hot Fuzz (2007),Action|Comedy|Crime|Mystery,425112,4638.0
62394,0.13390160786694863,0.2195575414193693,5.345164345749075,Max Payne (2008),Action|Crime|Drama|Thriller,467197,13051.0
1488,2.099038274798264,2.0515482247847427,5.7584425133024935,"Devil's Own, The (1997)",Action|Drama|Thriller,118972,4477.0
149352,2.0714238111473393,1.4643887331265444,6.149825494657003,Daddy's Home (2015),Comedy,1528854,274167.0
4663,-0.2070429317836276,0.4202432741779207,4.242620124973066,She's Out of Control (1989),Comedy,98308,47045.0
80584,-0.2070429317836276,0.4202432741779207,4.242620124973066,"Patrik Age 1.5 (Patrik 1,5) (2008)",Comedy|Drama|Romance,1067733,15179.0
141844,0.0073043534590699856,0.019038784106312392,5.1189506273423495,12 Chairs (1971),Adventure|Comedy,65670,31648.0
97172,-0.46824785125556995,0.4654097248571457,3.7291959932486156,Frankenweenie (2012),Animation|Comedy|Horror|IMAX,1142977,62214.0
104218,0.25989489985609493,0.22400547739431265,5.895510835913313,Grown Ups 2 (2013),Comedy,2191701,109418.0
117533,-0.062154248369234145,0.34669483120640177,4.556017581700576,Citizenfour (2014),Documentary,4044364,293310.0
6902,0.08273862419189798,0.3781824636624559,4.954073760126055,Interstate 60 (2002),Adventure|Comedy|Drama|Fantasy|Mystery|Sci-Fi|Thriller,165832,20312.0
5879,0.3938914579792371,0.25557492138540305,6.276491727506654,Eight Crazy Nights (Adam Sandler's Eight Crazy Nights) (2002),Animation|Comedy|Musical,271263,13376.0
4898,-0.24873009551747957,0.40281526543985474,4.117814799315172,Novocaine (2001),Comedy|Crime|Mystery|Thriller,234354,20794.0
3927,-0.3392617594174418,0.6279881831466002,4.195058220663241,Fantastic Voyage (1966),Adventure|Sci-Fi,60397,2161.0
4174,-0.1820815564458596,0.3706084777216611,4.243989769820972,Avalon (1990),Drama,99073,2302.0
5047,-0.10669425670689467,0.3835054975699065,4.457086223932455,Kung Pow: Enter the Fist (2002),Action|Comedy,240468,11891.0
39231,-0.04306989870995492,0.1718807994813942,4.484714071243347,Elizabethtown (2005),Comedy|Drama|Romance,368709,9621.0
2054,-3.4282929912931963,12.625030115360284,4.463746805682856,"Honey, I Shrunk the Kids (1989)",Adventure|Children|Comedy|Fantasy|Sci-Fi,97523,9354.0
4973,1.945110491258797,20.543951509944083,4.8299745636322085,"Amelie (Fabuleux destin d'Amélie Poulain, Le) (2001)",Comedy|Romance,211915,194.0
78499,0.4305826943915524,7.495791555989192,4.7927373764644035,Toy Story 3 (2010),Adventure|Animation|Children|Comedy|Fantasy|IMAX,435761,10193.0
512,0.16149753769583655,0.5355568127557844,5.036844828700155,"Puppet Masters, The (1994)",Horror|Sci-Fi,111003,25557.0
2614,0.36196469331778997,0.2251868844269083,6.342690988201824,Chopping Mall (a.k.a. Killbots) (1986),Action|Horror|Sci-Fi,90837,28941.0
3826,-1.066391621145113,3.2949705004684913,4.411651881398361,Hollow Man (2000),Horror|Sci-Fi|Thriller,164052,9383.0
2941,0.3417185951082792,1.501330053306443,4.962904691588277,South Pacific (1958),Musical|Romance|War,52225,17352.0
31410,0.3979662477125553,3.123825632621425,4.862691192425075,"Downfall (Untergang, Der) (2004)",Drama|War,363163,613.0
6234,-0.137892914284029,0.9269468126870842,4.5865337870685465,Equus (1977),Drama|Mystery,75995,37258.0
62792,0.1292834296081946,0.33800346150212907,5.117785554372716,Pride and Glory (2008),Crime|Drama,482572,13150.0
4102,-0.10101159687645198,0.7039066641252825,4.591792710394472,Eddie Murphy Raw (1987),Comedy|Documentary,92948,17159.0
259,-0.5896559996636859,1.5035335194340282,4.343113968656667,Kiss of Death (1995),Crime|Drama|Thriller,113552,6071.0
174737,-0.040341508702861045,0.1839098190865725,4.515939278937381,Don Camillo in Moscow (1965),Comedy,59049,37991.0
153386,0.4724900714787695,0.9989790082693987,5.208267090620032,Long Live Ghosts! (1977),Children|Comedy|Fantasy,75703,46632.0
184349,-0.026999432655929863,0.9989790082693987,4.708267090620032,Elsa & Fred (2005),Comedy|Drama|Romance,453047,22916.0
3819,0.18635016149197123,0.21065670429527183,5.619909502262443,Tampopo (1985),Comedy,92048,11830.0
77206,-0.06374202469581315,0.15655207368287652,4.328132313933531,Diary of a Wimpy Kid (2010),Children|Comedy,1196141,33217.0
8025,0.0073043534590699856,0.019038784106312392,5.1189506273423495,The Thief (1997),Drama,124207,46187.0
181659,-0.1881160549325304,0.22400547739431265,3.8955108359133126,Craig Ferguson: Tickle Fight (2017),Comedy,7193448,490928.0
62383,-0.03873164171305255,0.06876842508235863,4.172075726842461,"20,000 Leagues Under the Sea (1916)",Action|Adventure|Sci-Fi,6333,30266.0
109846,0.2569441188690289,0.3121072630330013,5.558549931600547,Mr. Peabody & Sherman (2014),Adventure|Animation|Comedy,864835,82703.0
5959,-0.2571887619883189,1.015143005609489,4.481941870163559,Narc (2002),Crime|Drama|Thriller,272207,11022.0
5611,0.17498938296154673,0.11672358183282547,6.234471749226007,"Four Feathers, The (2002)",Adventure|War,240510,9093.0
2239,0.8419937540980051,1.3772566621499147,5.34664984910792,Swept Away (Travolti da un insolito destino nell'azzurro mare d'Agosto) (1975),Comedy|Drama,73817,37916.0
3283,0.6383978991540531,0.37725666497893556,6.427505172923441,Minnie and Moskowitz (1971),Action,67433,24349.0
5499,0.33508965713383093,0.3103699283288761,5.814940135346174,Robin and Marian (1976),Adventure|Drama|Romance,75147,10786.0
26122,-0.1967403857906897,0.27143860713367884,4.010487916096672,Onibaba (1964),Drama|Horror|War,58430,3763.0
50923,-0.21495069819134913,0.1718807994813942,3.4847140712433466,"Astronaut Farmer, The (2007)",Drama,469263,5172.0
1,-2.9896879965473064,43.3528197482093,4.666332328911949,Toy Story (1995),Adventure|Animation|Children|Comedy|Fantasy,114709,862.0
1391,0.5669240807893505,13.927880540555746,4.775998378366309,Mars Attacks! (1996),Action|Comedy|Sci-Fi,116996,75.0
7143,2.589333606358866,8.943766034101285,5.024806790103618,"Last Samurai, The (2003)",Action|Adventure|Drama|War,325710,616.0
135569,-1.0697499884684984,1.1090843646397648,3.7707597480583597,Star Trek Beyond (2016),Action|Adventure|Sci-Fi,2660888,188927.0
6387,-0.7428188325029501,1.0577523613030262,4.033032548986617,Once a Thief (Zong heng si hai) (1991),Action|Comedy|Crime|Thriller,101020,47423.0
8982,0.01854749998585134,0.4547270433349545,4.776082322918126,I Am David (2003),Drama,327919,15397.0
3208,-1.8343517948558046,1.3796671654634933,3.4057330171336884,Loaded Weapon 1 (National Lampoon's Loaded Weapon 1) (1993),Action|Comedy,107659,9644.0
4041,1.8056261300806697,3.4193537141304153,5.263354763323742,"Officer and a Gentleman, An (1982)",Drama|Romance,84434,2623.0
4351,-0.3062428563340711,3.189379245999702,4.639274537436214,Point Break (1991),Action|Crime|Thriller,102685,1089.0
107348,-0.7406519649396079,1.4746379594670165,4.233033911889637,Anchorman 2: The Legend Continues (2013),Comedy,1229340,109443.0
98491,-0.007916627938544196,0.990323819091949,4.7273001385203095,Paperman (2012),Animation|Comedy|Romance,2388725,140420.0
6313,0.13581711014529246,0.13311620170490315,5.755583972719522,Sibling Rivalry (1990),Comedy,100611,108553.0
3452,-0.6185740230869783,1.7044895786163694,4.3723854610924615,Romeo Must Die (2000),Action|Crime|Romance|Thriller,165929,2085.0
55190,-0.06579219562483672,0.28148783187536247,4.5015639589169005,Love and Other Disasters (2006),Comedy|Romance,452643,6641.0
62999,-0.051082651115349154,1.3030985842695917,4.69609320703907,Madagascar: Escape 2 Africa (2008),Action|Adventure|Animation|Children|Comedy|IMAX,479952,10527.0
1172,2.9133511190201498,5.548007756174944,5.260410744561934,Cinema Paradiso (Nuovo cinema Paradiso) (1989),Drama,95765,11216.0
896,-1.0740740696918523,0.99999999592,3.6612200435729845,Wild Reeds (Les roseaux sauvages) (1994),Drama,111019,26933.0
44972,-0.8341911845478046,0.8661821117468624,3.7722273754056848,Scary Movie 4 (2006),Comedy|Horror,362120,4257.0
74275,-0.1881160549325304,0.22400547739431265,3.8955108359133126,I Love You Phillip Morris (2009),Comedy|Drama|Romance,1045772,8952.0
2775,0.2917129647943722,0.11672358183282547,7.234471749226007,Head On (1998),Drama,138487,13817.0
98243,0.0005204065133387892,1.3185451344599384,4.735688800013053,Rise of the Guardians (2012),Adventure|Animation|Children|Fantasy|IMAX,1446192,81188.0
1516,0.3605854912238089,0.592390449867686,5.343989769820972,Children of the Revolution (1996),Comedy,115886,9977.0
86487,-0.10124547781566884,0.09004024785574485,3.6108472149921917,Mildred Pierce (2011),Drama,1492030,202241.0
2786,-0.7978272272988286,0.4701823829774413,3.0384478380255886,Haunted Honeymoon (1986),Comedy,91178,24103.0
2296,-2.3824727911743317,1.6900161384090038,3.3255603659816977,"Night at the Roxbury, A (1998)",Comedy,120770,9429.0
4338,-0.18499163357142,0.4958075361306885,4.3621823351697175,Twelve O'Clock High (1949),Drama|War,41996,15497.0
8830,-0.12928693497089253,0.3107321390339718,4.319222142045083,Anacondas: The Hunt for the Blood Orchid (2004),Adventure|Drama|Horror|Sci-Fi|Thriller,366174,11237.0
68486,0.010849860311560808,0.20242269799567142,4.788894135920666,Red Cliff Part II (Chi Bi Xia: Jue Zhan Tian Xia) (2009),Action|Drama|War,1326972,15384.0
1008,-0.04636323340467251,0.3176182548177241,4.589322553666016,"Davy Crockett, King of the Wild Frontier (1955)",Adventure|Western,47977,35115.0
7720,-0.001814882440163749,0.009146187212576635,4.536863624373517,"Four Musketeers, The (1974)",Action|Adventure|Comedy|Romance,73012,12310.0
3147,8.119121215314467,19.32257816271387,5.155482414826866,"Green Mile, The (1999)",Crime|Drama,120689,497.0
52,0.0488407099085405,3.844942139270758,4.747996704094252,Mighty Aphrodite (1995),Comedy|Drama|Romance,113819,11448.0
2763,0.26518505445639046,5.4505098800298475,4.783947374001662,"Thomas Crown Affair, The (1999)",Action|Mystery,155267,913.0
3060,-1.2346086388404796,2.2201521709039453,4.179202217722108,"Commitments, The (1991)",Comedy|Drama|Musical,101605,11663.0
51834,-0.2585538329508023,0.38986786892610614,4.072110886715537,Becoming Jane (2007),Drama|Romance,416508,2977.0
139385,-2.90017768558019,5.474750756242575,4.205557182632571,The Revenant (2015),Adventure|Drama,1663202,281957.0
1485,-4.568639545158082,13.455387591816528,4.3957543226034215,Liar Liar (1997),Comedy,119528,1624.0
1798,0.36196469331778997,0.2251868844269083,6.342690988201824,Hush (1998),Thriller,118744,17941.0
1812,0.10049169652469993,0.37775101258662547,5.001320397329513,Wide Awake (1998),Children|Comedy|Drama,120510,32911.0
3622,-0.0884090755360266,0.2251868844269083,4.342690988201824,"Twelve Chairs, The (1970)",Comedy,66495,24918.0
41997,-0.6064514754090045,2.359282473389628,4.478245001125753,Munich (2005),Action|Crime|Drama|Thriller,408306,612.0
3030,-0.8235215987456945,1.948407416327247,4.312630155354185,Yojimbo (1961),Action|Adventure,55630,11878.0
5791,1.3324335032320591,2.2329339388376512,5.332012847232787,Frida (2002),Drama|Romance,120679,1360.0
1302,2.0404009471613773,9.175753364197806,4.957662883041589,Field of Dreams (1989),Children|Drama|Fantasy,97351,2323.0
3861,-0.5956859531207243,2.4391806977778874,4.491078527689579,"Replacements, The (2000)",Comedy,191397,10393.0
4466,-0.35496756376263655,1.3454951997475724,4.471474845880626,Above the Law (1988),Action|Crime|Drama,94602,9395.0
172461,-0.040341508702861045,0.1839098190865725,4.515939278937381,Get Me Roger Stone (2017),Documentary,6714534,448448.0
2183,-0.6703496459450996,0.6319800812529541,3.67458086760906,"Man Who Knew Too Much, The (1956)",Adventure|Drama|Mystery|Thriller,49470,574.0
4464,-0.12260734592139644,0.5467830706308234,4.51106013436015,"Accidental Tourist, The (1988)",Comedy|Drama|Romance,94606,31052.0
3593,0.0794343716921147,1.9227876328716664,4.7766062055418,Battlefield Earth (2000),Action|Sci-Fi,185183,5491.0
3774,-1.169264329928971,1.0341719650079306,3.6046655863273145,House Party 2 (1991),Comedy|Drama|Romance,102065,16096.0
5900,0.06926740385746052,0.4071382661642794,4.905426501689563,Analyze That (2002),Comedy|Crime,289848,9932.0
148632,-1.0259784409253285,0.9989790082693987,3.7082670906200317,Applesauce (2015),Comedy,4270878,333088.0
2138,0.33915533771074574,1.3957010826816367,4.97829409946201,Watership Down (1978),Adventure|Animation|Children|Drama|Fantasy,78480,11837.0
172215,-0.07611331623537407,0.22400547739431265,4.395510835913313,Saved by the Bell: Hawaiian Style (1992),Comedy,105321,37022.0
1683,1.0042811417026882,1.5353026521255606,5.389419960725819,"Wings of the Dove, The (1997)",Drama|Romance,120520,45609.0
2475,1.237105834605024,1.1525641174678936,5.808645105983277,52 Pick-Up (1986),Action|Mystery|Thriller,90567,18588.0
2364,0.02241980642564445,0.2421825005308878,4.82786813260065,"Godzilla 1985: The Legend Is Reborn (Gojira) (Godzilla) (Return of Godzilla, The) (1984)",Action|Horror|Sci-Fi|Thriller,87344,39256.0
7078,-0.05622535388779642,0.09004024785574485,4.110847214992192,Jezebel (1938),Drama,30287,1976.0
38294,-0.2888311813572998,0.24140424746283304,3.538831402541896,Beowulf & Grendel (2005),Action|Adventure|Drama|Fantasy,402057,5471.0
88699,-0.16812905762588326,0.24140424746283304,4.038831402541896,Death Race 2 (2010),Action|Sci-Fi|Thriller,1500491,51620.0
139855,-0.10539337824645029,0.29298545304032525,4.375571895424837,Anomalisa (2015),Animation|Comedy|Fantasy,2401878,291270.0
212,0.25770122338805657,0.7200265863249907,5.09319926765459,Bushwhacked (1995),Adventure|Comedy|Crime|Mystery,112602,26258.0
674,0.6830894886780676,1.2416762598058435,5.285429052807114,Barbarella (1968),Adventure|Comedy|Sci-Fi,62711,8069.0
1047,-1.1916862776389427,5.467471974732005,4.5173348335123915,"Long Kiss Goodnight, The (1996)",Action|Drama|Thriller,116908,11412.0
1427,0.36196469331778997,0.2251868844269083,6.342690988201824,Turbulence (1997),Action|Thriller,120390,34314.0
4979,1.062213347367983,11.718805182308758,4.825935896466929,"Royal Tenenbaums, The (2001)",Comedy|Drama,265666,9428.0
53322,2.2284742291023636,3.3406707958810076,5.402367997494793,Ocean's Thirteen (2007),Crime|Thriller,496806,298.0
106491,0.18264210844567658,0.653767339865687,5.014662781862068,47 Ronin (2013),Action|Adventure|Fantasy,1335975,64686.0
3006,-1.2703127774537943,3.8037182521018,4.401328063049859,"Insider, The (1999)",Drama|Thriller,140352,9008.0
68536,-0.5969773487463532,0.41788414412244734,3.306722689075631,Stanley Kubrick: A Life in Pictures (2001),Documentary,278736,30416.0
60046,-0.07970973344328244,0.16612266202073486,4.25546955624355,"Children of Huang Shi, The (2008)",Drama|War,889588,13405.0
1458,0.014931898642632023,0.06092214646193865,4.980392156862745,Touch (1997),Drama|Fantasy|Romance,120357,61563.0
715,-0.029333457347252095,0.7378293054446392,4.695537690068495,"Horseman on the Roof, The (Hussard sur le toit, Le) (1995)",Drama|Romance,113362,11876.0
2155,-0.022540212886816388,0.5540487604154436,4.694611393494919,"Slums of Beverly Hills, The (1998)",Comedy|Drama,120831,14662.0
4349,0.5962196474964562,0.9246724578894543,5.380084218627589,Catch-22 (1970),Comedy|War,65528,10364.0
6786,0.6315735537104163,0.9975175271534507,5.368439437421736,Kiss of the Spider Woman (1985),Drama,89424,11703.0
42723,-0.8591575951860122,1.233639901035338,4.038852964548038,Hostel (2005),Horror,450278,1690.0
8158,0.002700908440389304,0.13311620170490315,4.755583972719522,Rush (1991),Crime|Drama,102820,20289.0
72129,0.18044254485365535,0.44545258294168144,5.140371002962322,Saw VI (2009),Crime|Horror|Mystery|Thriller,1233227,22804.0
1190,-0.6872252857184712,0.9638760757706957,4.022313161906478,Tie Me Up! Tie Me Down! (¡Átame!) (1990),Crime|Drama|Romance,101026,2469.0
73042,-1.824038080280156,1.1555310819522753,3.1567661933281084,Alvin and the Chipmunks: The Squeakquel (2009),Animation|Children|Comedy|Musical,1231580,23398.0
141513,-0.5264889367906292,0.9989790082693987,4.208267090620032,Fort Tilden (2014),Comedy,3457734,253255.0
4438,-0.027655030667847417,0.26502737723353814,4.630946291560102,"Fist of Fury (Chinese Connection, The) (Jing wu men) (1972)",Action|Drama|Romance|Thriller,68767,11713.0
7802,-0.21435193465788496,0.8139492139405597,4.471946072109738,"Warriors, The (1979)",Action|Adventure|Crime|Thriller,80120,11474.0
2600,1.8349213987007302,2.375490527735714,5.5077330633202095,eXistenZ (1999),Action|Sci-Fi|Thriller,120907,1946.0
45175,-0.2070429317836276,0.4202432741779207,4.242620124973066,Kinky Boots (2005),Comedy|Drama,434124,16367.0
36401,-0.555235681474317,2.1927006682279853,4.482074109316863,"Brothers Grimm, The (2005)",Comedy|Fantasy|Horror|Thriller,355295,4442.0
165103,0.14789216115893858,0.22400547739431265,5.395510835913313,Keeping Up with the Joneses (2016),Comedy,2387499,331313.0
103606,-0.27321764915581903,0.40413443937631566,4.05923777961889,Stuck in Love (2012),Comedy|Drama|Romance,2205697,111969.0
25771,-0.05622535388779642,0.09004024785574485,4.110847214992192,"Andalusian Dog, An (Chien andalou, Un) (1929)",Fantasy,20530,626.0
123545,0.033814893967948435,0.09004024785574485,5.110847214992192,The Blue Lagoon (1949),Drama|Romance,41190,228074.0
1546,-0.0009592293928796817,0.08519701062213066,4.724035161659341,Schizopolis (1996),Comedy,117561,16375.0
6294,0.08726734822944815,0.5017319681208537,4.909226324032656,Bulletproof Monk (2003),Action|Adventure|Sci-Fi,245803,11817.0
1473,-0.019042637476578455,0.051975198759602395,4.3689148073022315,Best Men (1997),Action|Comedy|Crime|Drama,118702,19952.0
274,0.9964663136898381,2.498567949998773,5.13410909231698,Man of the House (1995),Comedy,113755,40490.0
631,-2.7082276368523193,5.019676501776605,4.195771772752163,All Dogs Go to Heaven 2 (1996),Adventure|Animation|Children|Fantasy|Musical|Romance,115509,19042.0
6365,1.5099353125016963,13.145504447118553,4.850157363753424,"Matrix Reloaded, The (2003)",Action|Adventure|Sci-Fi|Thriller|IMAX,234215,604.0
1616,-0.7904340245410868,2.236073076914811,4.381802081674927,"Peacemaker, The (1997)",Action|Thriller|War,119874,6623.0
1722,0.7977785397115149,7.567802395557084,4.840711582059169,Tomorrow Never Dies (1997),Action|Adventure|Thriller,120347,714.0
3754,-0.3502688063306476,0.36403822397948593,3.7731182161670382,"Adventures of Rocky and Bullwinkle, The (2000)",Adventure|Animation|Children|Comedy|Fantasy,131704,17711.0
2989,1.139687169770674,2.1294147911767736,5.270505563765009,For Your Eyes Only (1981),Action|Adventure|Thriller,82398,699.0
3210,1.0866487562143365,10.503327458433187,4.8387516895941145,Fast Times at Ridgemont High (1982),Comedy|Drama|Romance,83929,13342.0
4688,0.08631693878976095,0.28284624385356033,5.040466771219402,Black Robe (1991),Adventure|Drama,101465,41784.0
6537,-2.2521195994835637,6.569251999620948,4.392466715134031,Terminator 3: Rise of the Machines (2003),Action|Adventure|Sci-Fi,181852,296.0
49961,0.34785813458905,0.6194912933774915,5.296816350982274,Notes on a Scandal (2006),Drama,465551,1259.0
68205,-0.201450306426511,0.5463782490361455,4.366592935303352,Crank: High Voltage (2009),Action|Comedy|Crime,1121931,15092.0
3987,-0.15031604656277453,0.5367144790742571,4.455227056996777,Bounce (2000),Drama|Romance,186894,10862.0
171011,0.1498672678873068,1.19607253940852,4.860593598196473,Planet Earth II (2016),Documentary,5491994,420714.0
6975,-0.24814383597585032,0.8053205139820095,4.427163588661933,Funny Games (1997),Drama|Horror|Thriller,119167,10234.0
104913,-0.08272016103065041,1.8695376551610075,4.691047797813759,Rush (2013),Action|Drama,1979320,96721.0
2363,0.5274924906574565,0.6463445900059688,5.5514106270350085,Godzilla (Gojira) (1954),Drama|Horror|Sci-Fi,47034,1678.0
3446,0.6770754300991121,0.5210548867178775,6.034726187776959,Funny Bones (1995),Comedy|Drama,113133,35292.0
182715,0.016096436694058913,0.9389850358061029,4.7524364959387855,Annihilation (2018),Adventure|Mystery|Sci-Fi|Thriller,2798920,300668.0
6996,0.9023769284224092,0.5533594758828239,6.366018751001835,Highlander II: The Quickening (1991),Action|Sci-Fi,102034,8010.0
142550,-1.0259784409253285,0.9989790082693987,3.7082670906200317,Ryuzo and the Seven Henchmen (2015),Action|Comedy,4176776,315841.0
5588,-0.06432787703556014,0.40387871678611575,4.576018883865363,"Hills Have Eyes, The (1977)",Horror,77681,12262.0
4325,-0.0022150385940862107,0.019038784106312392,4.6189506273423495,"Night, The (Notte, La) (1960)",Drama,54130,41050.0
26578,0.0073043534590699856,0.019038784106312392,5.1189506273423495,"Sacrifice, The (Offret - Sacraficatio) (1986)",Drama,91670,24657.0
8531,0.009057617195995127,0.5347376164282844,4.752232550474161,White Chicks (2004),Action|Comedy|Crime,381707,12153.0
70641,0.035889422461782255,0.22400547739431265,4.895510835913313,Miss March (2009),Comedy,1151922,19556.0
91323,0.25989489985609493,0.22400547739431265,5.895510835913313,"Sitter, The (2011)",Comedy,1366344,57431.0
2344,0.04362991413611154,0.9338581452830391,4.78201418359764,Runaway Train (1985),Action|Adventure|Drama|Thriller,89941,11893.0
8121,0.2917129647943722,0.11672358183282547,7.234471749226007,"Seducing Doctor Lewis (Grande séduction, La) (2003)",Comedy,366532,41277.0
86644,-1.243341536562785,0.706996513312929,2.9766694099570787,"Fast Five (Fast and the Furious 5, The) (2011)",Action|Crime|Drama|Thriller|IMAX,1596343,51497.0
4450,0.16715022590934897,0.3710001265088242,5.185833656493748,Bully (2001),Crime|Drama|Thriller,242193,9517.0
3474,0.04163927591818565,0.08519701062213066,5.224035161659342,Retroactive (1997),Sci-Fi|Thriller,117468,26689.0
161594,-0.03065356802963128,0.14936647694438507,4.530070237050044,Kingsglaive: Final Fantasy XV (2016),Action|Adventure|Animation|Drama|Fantasy|Sci-Fi,5595168,390734.0
168090,0.04402967044256126,0.14936647694438507,5.030070237050044,Kizumonogatari II: Passionate Blood (2016),Animation|Fantasy|Mystery,5084196,362584.0
2575,-0.03776163782414971,0.5286544755601098,4.663864403968495,"Dreamlife of Angels, The (Vie rêvée des anges, La) (1998)",Drama,120449,9840.0
62344,-0.004557525391186929,0.1257877007967587,4.699062233589087,Rachel Getting Married (2008),Drama|Romance,1084950,14976.0
103137,-0.764488894518554,0.5269130788921572,3.284411751762531,"Bling Ring, The (2013)",Crime|Drama,2132285,96936.0
2633,0.08572811950019954,1.4197106620663822,4.795678336622651,"Mummy, The (1932)",Horror|Romance,23245,15849.0
7261,-0.21495069819134913,0.1718807994813942,3.4847140712433466,Barbershop 2: Back in Business (2004),Comedy,337579,21301.0
2170,-1.4334014032259885,1.048949914892499,3.3687833025211624,Wrongfully Accused (1998),Action|Comedy,120901,9417.0
3192,-0.17177207705518743,0.15804599783844867,3.6484454824113266,"Terrorist, The (a.k.a. Malli) (Theeviravaathi) (1998)",Drama,169302,48233.0
1644,-3.757678864841808,3.8080766321575026,3.74852855912077,I Know What You Did Last Summer (1997),Horror|Mystery|Thriller,119345,3597.0
1608,-0.19224785847087267,6.079194204461809,4.703670212898339,Air Force One (1997),Action|Thriller,118571,9772.0
442,4.987216912816056,14.369801115238257,5.0823564654708875,Demolition Man (1993),Action|Adventure|Sci-Fi,106697,9739.0
3032,-0.1637393478344608,0.34926027409491756,4.266476562433317,"Omega Man, The (1971)",Action|Drama|Sci-Fi|Thriller,67525,11234.0
2059,1.1751917365086444,3.7156576891681445,5.051575065683406,"Parent Trap, The (1998)",Children|Comedy|Romance,120783,9820.0
103810,0.22964378225208687,0.5656655542269984,5.141265067329337,Red 2 (2013),Action|Comedy|Crime|Thriller,1821694,146216.0
3272,0.1757581081701294,0.37539306231087477,5.203491657282404,Bad Lieutenant (1992),Crime|Drama,103759,12143.0
1399,-0.47639354150752544,0.29847870336954513,3.139221982082651,Marvin's Room (1996),Drama,116999,9819.0
32657,-0.1249920647870773,0.20294860319288488,4.119413728126549,"Man Who Planted Trees, The (Homme qui plantait des arbres, L') (1987)",Animation|Drama,93488,49565.0
100498,-0.007240050416471848,0.47856483772847336,4.720165445739534,"Good Day to Die Hard, A (2013)",Action|Crime|Thriller|IMAX,1606378,47964.0
2380,0.8914407162474408,2.0376901803693532,5.172770199553612,Police Academy 3: Back in Training (1986),Comedy|Crime,91777,12118.0
60487,-0.6693904165522199,0.5467830706308234,3.5110601343601506,"It's the Great Pumpkin, Charlie Brown (1966)",Animation|Children|Comedy,60550,13353.0
3978,-0.17686720464384803,1.0463736138877657,4.566265386134321,"Legend of Bagger Vance, The (2000)",Drama|Romance,146984,4958.0
4877,0.07495172031284451,0.28148783187536247,5.0015639589169005,Better Than Sex (2000),Comedy|Romance,236019,27444.0
67087,0.8775535651940232,3.361099665558831,4.9963853236551135,"I Love You, Man (2009)",Comedy,1155056,16538.0
93272,-0.23416863552523443,0.553051693729434,4.3118822771622245,Dr. Seuss' The Lorax (2012),Animation|Fantasy|Musical|IMAX,1482459,73723.0
3197,0.01827458410367882,0.2414850379311905,4.810969961832843,"Presidio, The (1988)",Action|Crime|Romance|Thriller,95897,11851.0
5621,-2.0005227243597368,1.5211920245404538,3.4201920844477414,"Tuxedo, The (2002)",Action|Comedy,290095,10771.0
8238,-1.525467945060028,0.9989790082693987,3.2082670906200317,Little Murders (1971),Comedy|Crime,67350,27459.0
51167,-1.0259784409253285,0.9989790082693987,3.7082670906200317,My Father and My Son (Babam ve oglum) (2005),Drama,476735,13393.0
147936,-1.0259784409253285,0.9989790082693987,3.7082670906200317,The Lord's Lantern in Budapest (1999),Comedy|Drama,185534,104515.0
1137,-0.07407407377185218,0.99999999592,4.6612200435729845,Hustler White (1996),Romance,116587,44497.0
4304,-0.16016871928461648,0.26502737723353814,4.130946291560102,Startup.com (2001),Documentary,256408,14268.0
147282,-0.0022150385940862107,0.019038784106312392,4.6189506273423495,What Men Still Talk About (2011),Comedy,1863347,83456.0
7008,-0.15928729446871598,0.6702421180192608,4.497637769013745,Last Tango in Paris (Ultimo tango a Parigi) (1972),Drama|Romance,70849,1643.0
107630,0.18759207479387496,0.29298545304032525,5.375571895424837,High School (2010),Comedy,1247667,27584.0
4936,0.6598594255530814,0.8787236904642515,5.486223485676799,Fame (1980),Drama|Musical,80716,3537.0
39449,0.07668539499869062,0.26192104733713906,5.028074693237774,Prime (2005),Comedy|Drama|Romance,387514,2313.0
107314,0.01240645752667291,0.13674673184955016,4.826019924098672,Oldboy (2013),Action|Drama|Mystery,1321511,87516.0
8880,0.018701771517400212,1.5925116997604736,4.747037686953465,Mask (1985),Drama,89560,11177.0
97168,-0.1901488817319299,0.2855088314293242,4.069294117647059,Marley (2012),Documentary,1183919,90125.0
43869,-0.04636323340467251,0.3176182548177241,4.589322553666016,Curious George (2006),Adventure|Animation|Children|Comedy,381971,9975.0
87522,-0.006387976046452066,0.009146187212576635,4.036863624373517,Larry Crowne (2011),Comedy|Drama|Romance,1583420,59861.0
4757,0.00825947145866086,0.19121927861869445,4.778487834924546,Rock Star (2001),Comedy|Drama|Musical,202470,12508.0
348,-3.247554255548434,6.461849088782429,4.232720595590332,Bullets Over Broadway (1994),Comedy,109348,11382.0
13,-0.28940807071965446,2.0413731538278634,4.593522844630671,Balto (1995),Adventure|Animation|Children,112453,21032.0
218,-0.20498617059837043,2.706287817981851,4.659549708927356,Boys on the Side (1995),Comedy|Drama,112571,9382.0
440,1.6761016375726479,18.729120347317625,4.824785861332325,Dave (1993),Comedy|Romance,106673,11566.0
1682,3.007507852989913,20.669109618811593,4.880801491136078,"Truman Show, The (1998)",Comedy|Drama|Sci-Fi,120382,37165.0
3022,0.8763504249571319,2.257050583133031,5.123566507954175,"General, The (1926)",Comedy|War,17925,961.0
79702,2.212784193420805,6.779043641448452,5.061709510504452,Scott Pilgrim vs. the World (2010),Action|Comedy|Fantasy|Musical|Romance,446029,22538.0
1663,2.7663817545506166,7.602292368192827,5.099181958388999,Stripes (1981),Comedy|War,83131,10890.0
2455,2.9621952722696823,5.7510219413207535,5.250366969479963,"Fly, The (1986)",Drama|Horror|Sci-Fi|Thriller,91064,9426.0
3484,-0.10547982497299185,0.8066430359122516,4.604530173402871,"Skulls, The (2000)",Thriller,192614,11478.0
4016,1.6700596250459145,6.411354504319301,4.995778797432088,"Emperor's New Groove, The (2000)",Adventure|Animation|Children|Comedy|Fantasy,120917,11688.0
8574,-0.9432286094049089,0.34166007683268573,1.974571770017262,"Claymation Christmas Celebration, A (1987)",Animation|Children|Comedy|Musical,272045,21386.0
117922,0.08175162109314828,0.34166007683268573,4.974571770017262,Ice Age: A Mammoth Christmas (2011),Adventure|Animation|Children,2100546,79218.0
55908,-0.11704296101285958,1.1757276875106424,4.635744738776282,"Man from Earth, The (2007)",Drama|Sci-Fi,756683,13363.0
4487,-1.1878994604673436,1.6269830283393107,4.005170053796281,Cocktail (1988),Drama|Romance,94889,7520.0
280,2.670381060547395,2.3144937639761904,5.889058755992771,Murder in the First (1995),Drama|Thriller,113870,8438.0
2956,0.2893940414140088,0.8650537545329862,5.0698329135282965,Someone to Watch Over Me (1987),Action|Crime|Thriller,94008,31650.0
2471,-2.164128294166461,3.678210125392456,4.146929608717446,Crocodile Dundee II (1988),Action|Adventure|Comedy,92493,9396.0
3786,-0.6654407057432744,0.4203391714279401,3.1521899223309373,But I'm a Cheerleader (1999),Comedy,179116,20770.0
99106,-0.689334470432553,0.3116474462666009,2.523389355742297,"Guilt Trip, The (2012)",Comedy,1694020,82687.0
2318,1.2382099805850304,2.181323003218733,5.302935855600559,Happiness (1998),Comedy|Drama,147612,10683.0
2383,-1.4246962592530026,0.9571533683179945,3.2468218347185442,Police Academy 6: City Under Siege (1989),Comedy|Crime,98105,11895.0
6375,0.10485865794892166,0.26502737723353814,5.130946291560102,Gigantic (A Tale of Two Johns) (2002),Documentary,304081,30055.0
2337,-0.5573770444231264,0.9999999914650206,4.177917068466731,Velvet Goldmine (1998),Drama,120879,1808.0
6060,-0.2070429317836276,0.4202432741779207,4.242620124973066,"Guru, The (2002)",Comedy|Romance,280720,9027.0
120138,0.016823745512226183,0.019038784106312392,5.6189506273423495,PK (2014),Comedy|Drama|Fantasy|Mystery|Romance,2338151,297222.0
7285,-0.11689885470974853,0.7401134819258259,4.577346914191759,Thirteen (2003),Drama,328538,11023.0
5992,0.10067462678220536,1.529771191311574,4.801104369110803,"Hours, The (2002)",Drama|Romance,274558,590.0
3572,-0.21643800277205472,0.41717977419286945,4.216481806597694,Carnosaur (1993),Horror|Sci-Fi,106521,39283.0
5612,-0.12875474532607567,0.08519701062213066,3.2240351616593412,Trapped (2002),Action|Thriller,280380,9039.0
7812,-0.03388870313592021,0.4251491847960904,4.655583972719523,Babylon 5: Thirdspace (1998),Drama|Sci-Fi,121804,10941.0
92507,-0.04742693389446673,0.24140424746283304,4.538831402541897,Safe House (2012),Action|Crime|Mystery|Thriller,1599348,59961.0
107953,0.07327518983694979,0.24140424746283304,5.038831402541897,Dragon Ball Z: Battle of Gods (2013),Action|Animation|Fantasy|IMAX,2263944,126963.0
6,0.2060110952770966,16.35212376000208,4.747892548181263,Heat (1995),Action|Crime|Thriller,113277,949.0
1089,-1.5139585125481991,18.268045099502366,4.652419431039818,Reservoir Dogs (1992),Crime|Mystery|Thriller,105236,500.0
99114,6.195774380600433,12.224602198327446,5.242122420121239,Django Unchained (2012),Action|Drama|Western,1853728,68718.0
474,1.8128337927804252,11.981485978953552,4.8865970358297295,In the Line of Fire (1993),Action|Thriller,107206,9386.0
16,6.424981952939437,13.898196908847765,5.197583002678556,Casino (1995),Crime|Drama,112641,524.0
86,1.4612589628893304,2.8847631737092754,5.241837939409183,White Squall (1996),Action|Adventure|Drama,118158,10534.0
78772,-3.055688463862844,2.2647018438078446,3.386026675569543,"Twilight Saga: Eclipse, The (2010)",Fantasy|Romance|Thriller|IMAX,1325004,24021.0
1100,0.5308692835999831,2.042714369358193,4.9951783636108145,Days of Thunder (1990),Action|Drama|Romance,99371,2119.0
1267,-0.8285031042936364,5.234117997509263,4.577005155745953,"Manchurian Candidate, The (1962)",Crime|Thriller|War,56218,982.0
122926,0.6165834030796777,2.1446572775054396,5.022791523198428,Untitled Spider-Man Reboot (2017),Action|Adventure|Fantasy,2250912,202249.0
171023,0.04557442176917832,0.17009932883366186,5.003222404499649,The Hero (2017),Drama,5655222,425751.0
1367,-1.5012065530279117,8.952125905980047,4.567601374180939,101 Dalmatians (1996),Adventure|Children|Comedy,115433,11674.0
148675,-0.43073849415588034,0.34166007683268573,3.474571770017262,North Pole: Open For Christmas (2015),Children|Fantasy,4843046,369879.0
2433,-0.8118284117768978,1.5781564209320706,4.220878435520045,"Civil Action, A (1998)",Drama,120633,9422.0
104283,-0.1322964182461473,0.1839098190865725,4.015939278937381,"Wind Rises, The (Kaze tachinu) (2013)",Animation|Drama|Romance,2013293,149870.0
2102,-1.6435120880441154,1.1240733881145306,3.273190214626218,Steamboat Willie (1928),Animation|Children|Comedy|Musical,19422,53565.0
6755,-0.6334406973098703,1.2744234106128811,4.238253109113448,Bubba Ho-tep (2002),Comedy|Horror,281686,9707.0
90405,0.03832067600561454,2.0529589232005603,4.753960188152685,In Time (2011),Crime|Sci-Fi|Thriller,1637688,49530.0
46105,-1.0259784409253285,0.9989790082693987,3.7082670906200317,I Am a Sex Addict (2005),Comedy|Documentary|Romance,428649,17628.0
81537,0.6397732436553173,1.7695446857555244,5.096840931810816,Due Date (2010),Comedy,1231583,41733.0
84944,-1.432003142233775,1.5505469357139472,3.8117470071080213,Rango (2011),Action|Adventure|Animation|Children|Comedy|Western,1192628,44896.0
163072,0.016823745512226183,0.019038784106312392,5.6189506273423495,Winnie Pooh (1969),Animation|Children,211729,36161.0
170897,-0.3001187936296867,0.22400547739431265,3.3955108359133126,Sandy Wexler (2017),Comedy,5893332,419700.0
92694,0.18759207479387496,0.29298545304032525,5.375571895424837,Perfect Sense (2011),Drama|Romance|Sci-Fi,1439572,51999.0
8199,0.2917129647943722,0.11672358183282547,7.234471749226007,Ugetsu (Ugetsu monogatari) (1953),Drama|Thriller,46478,14696.0
2210,0.029048269382908533,0.09956151937514536,5.027056131377035,Sabotage (1936),Thriller,28212,12684.0
760,0.04163927591818565,0.08519701062213066,5.224035161659342,Stalingrad (1993),Drama|War,108211,11101.0
189333,0.03724847378828745,0.1770337592938222,4.945697342076509,Mission: Impossible - Fallout (2018),Action|Adventure|Thriller,4912910,353081.0
193565,-0.03065356802963128,0.14936647694438507,4.530070237050044,Gintama: The Movie (2010),Action|Animation|Comedy|Sci-Fi,1636780,71172.0
95207,-0.16812905762588326,0.24140424746283304,4.038831402541896,Abraham Lincoln: Vampire Hunter (2012),Action|Fantasy|Horror|Thriller,1611224,72331.0
131656,-0.28590145138976947,0.6418948715073536,4.289891818796484,Shaun the Sheep Movie (2015),Adventure|Animation|Children|Comedy,2872750,263109.0
4030,0.2410298327374425,0.1388513395525776,6.471178218687178,Dracula 2000 (2000),Horror,219653,10577.0
42285,0.032752823408576076,0.1388513395525776,4.971178218687178,"Dentist, The (1996)",Horror|Thriller,116075,9568.0
2470,-1.6102530843221277,7.206820038438707,4.511859499364156,Crocodile Dundee (1986),Adventure|Comedy,90555,9671.0
168,0.7941590364208466,11.952363463924351,4.801737799586438,First Knight (1995),Action|Drama|Romance,113071,6520.0
205,0.08824640850321266,2.0232131300712313,4.77891107880236,Unstrung Heroes (1995),Comedy|Drama,114798,52856.0
852,-1.5589443916959957,9.312807484673844,4.567896220260953,Tin Cup (1996),Comedy|Drama|Romance,117918,10478.0
56949,-0.4252431578297138,3.111640412299447,4.598632067575705,27 Dresses (2008),Comedy|Romance,988595,6557.0
101864,0.27029145921235015,2.167914158367811,4.859972236551845,Oblivion (2013),Action|Adventure|Sci-Fi|IMAX,1483013,75612.0
103253,-0.20161356168102829,1.756067148471896,4.620484406722013,Elysium (2013),Action|Drama|Sci-Fi|IMAX,1535108,68724.0
2699,-4.545373091591006,7.19357575187154,4.103428513061128,Arachnophobia (1990),Comedy|Horror,99052,6488.0
1952,-1.2309028197787453,3.0962749195089145,4.337750988636418,Midnight Cowboy (1969),Drama,64665,3116.0
4220,-0.45909662228522835,1.3381821494698556,4.392219281035984,"Longest Yard, The (1974)",Comedy,71771,4985.0
4565,-0.5410140752588243,0.34549520045556265,3.1693850267379675,American Ninja (1985),Action|Adventure,88708,12500.0
4914,-0.6547112890782629,1.0569740201961966,4.115873699956248,Breathless (À bout de souffle) (1960),Crime|Drama|Romance,53472,269.0
55442,0.598339743618427,1.040293210241023,5.310458636388654,Persepolis (2007),Animation|Drama,808417,2011.0
176621,1.4714690797481682,0.9989790082693987,6.208267090620032,Boniface's Holiday (1965),Animation|Children|Comedy|Romance,1332537,77557.0
69134,-0.15946565772313484,0.6066701282241829,4.472440137692721,Antichrist (2009),Drama|Fantasy,870984,17609.0
172909,0.016823745512226183,0.019038784106312392,5.6189506273423495,Cheburashka (1971),Animation,201520,213313.0
123200,0.25989489985609493,0.22400547739431265,5.895510835913313,Jim Jefferies: I Swear to God (2009),Comedy,1439235,31981.0
114184,-0.211216775680473,0.3121072630330013,4.058549931600547,Camp X-Ray (2014),Drama,2994190,244506.0
5016,-0.5111467480370265,0.5725290701766172,3.842506703587289,"Shipping News, The (2001)",Drama,120824,6440.0
150596,0.17868588926212498,0.4251491847960904,5.155583972719523,Doctor Who: The Husbands of River Song (2015),Comedy|Drama|Sci-Fi,4701546,371759.0
5382,0.5587196706246128,0.4958075361306885,5.8621823351697175,Every Which Way But Loose (1978),Comedy,77523,15417.0
178061,-0.17628940323536102,0.5876313441178704,4.435294117647059,"I, Tonya (2017)",Drama,5580036,389015.0
121171,0.035045984363907316,0.6418948715073536,4.789891818796484,Red Army (2014),Documentary,3264102,256876.0
140725,0.035045984363907316,0.6418948715073536,4.789891818796484,Cop Car (2015),Crime|Thriller,3813310,310133.0
146024,0.035045984363907316,0.6418948715073536,4.789891818796484,A Man from Boulevard des Capucines (1987),Comedy|Romance|Western,92745,45227.0
4966,-0.04636323340467251,0.3176182548177241,4.589322553666016,"Incredible Shrinking Man, The (1957)",Sci-Fi|Thriller,50539,31682.0
165549,0.01647749198498952,0.009146187212576635,6.536863624373517,Manchester by the Sea (2016),Drama,4034228,334541.0
3,-2.2934408982599788,7.884711857791809,4.444422245646618,Grumpier Old Men (1995),Comedy|Romance,113228,15602.0
1834,-0.4198210698384655,1.766030304383564,4.4975739217951505,"Spanish Prisoner, The (1997)",Crime|Drama|Mystery|Thriller,120176,29193.0
1082,0.2218920037421908,1.6289524109140021,4.871511727354692,"Candidate, The (1972)",Drama,68334,21711.0
2877,-0.26086956502850217,0.9999999992759258,4.474424552429667,Tommy (1975),Musical,73812,11326.0
2422,-2.3936054023656133,1.4761364496892835,3.113760144368741,"Karate Kid, Part III, The (1989)",Action|Adventure|Children|Drama,97647,10495.0
112421,0.052878775228248305,0.18913811293997423,5.0148716940873515,Frank (2014),Comedy|Drama|Mystery,1605717,171372.0
1380,-2.080525093465499,11.893397171351404,4.560363013985858,Grease (1978),Comedy|Musical|Romance,77631,621.0
3549,1.4621673312837227,2.504107699165635,5.319201643577719,Guys and Dolls (1955),Comedy|Musical|Romance,48140,4825.0
1218,-0.9445204731283765,1.711371943836012,4.183385763340835,"Killer, The (Die xue shuang xiong) (1989)",Action|Crime|Drama|Thriller,97202,10835.0
1242,-0.071625302691736,7.206317375716013,4.725354879759327,Glory (1989),Drama|War,97441,9665.0
5004,-0.040341508702861045,0.1839098190865725,4.515939278937381,"Party, The (1968)",Comedy,63415,10794.0
58347,0.018726366425048095,0.37152807973110735,4.785697754536635,Penelope (2006),Comedy|Fantasy|Romance,472160,7985.0
164200,-1.0259784409253285,0.9989790082693987,3.7082670906200317,Storks (2016),Animation|Children|Comedy,4624424,332210.0
6219,0.120054560367688,0.5536317585477578,4.952143238952176,"Hunted, The (2003)",Action|Drama|Thriller,269347,10632.0
81156,0.34336175198892144,0.5524383505585834,5.3568327049695,Jackass 3D (2010),Action|Comedy|Documentary,1116184,16290.0
4738,0.12533712950296333,0.3781824636624559,5.066713846338741,Happy Accidents (2000),Romance|Sci-Fi,208196,22230.0
5357,0.08298552993367611,0.4270935101617016,4.929597069949605,Iron Will (1994),Adventure,110157,24767.0
2879,-1.5939361964268226,1.5869691954994791,3.730903987739622,Armour of God II: Operation Condor (Operation Condor) (Fei ying gai wak) (1991),Action|Adventure|Comedy,99558,10975.0
178,1.1909115442171054,0.4344527092637509,7.476470588235294,Love & Human Remains (1993),Comedy|Drama,107447,15730.0
100611,0.17868588926212498,0.4251491847960904,5.155583972719523,Escape from Planet Earth (2013),Adventure|Animation|Comedy|Sci-Fi,765446,68179.0
2537,-0.7978272272988286,0.4701823829774413,3.0384478380255886,Beyond the Poseidon Adventure (1979),Adventure,78856,31638.0
95309,0.1939773135683663,0.24140424746283304,5.538831402541897,Seeking a Friend for the End of the World (2012),Comedy|Drama|Romance,1307068,88005.0
3908,0.31045550251373133,0.1388513395525776,6.971178218687178,Urban Legends: Final Cut (2000),Horror,192731,12212.0
998,-0.5560556512946432,0.9100985753399214,4.124310135953695,Set It Off (1996),Action|Crime,117603,9400.0
867,-0.24610841550375334,0.4985680159237328,4.2416635443986515,Carpool (1996),Comedy|Crime,115836,23945.0
49272,3.6309618914698105,10.933447121321828,5.067390834371366,Casino Royale (2006),Action|Adventure|Thriller,381061,36557.0
3893,-0.06602742578576115,2.849399332254232,4.712121715997927,Nurse Betty (2000),Comedy|Crime|Drama|Romance|Thriller,171580,10480.0
8784,0.7636971702145567,9.362789418479938,4.816861387408269,Garden State (2004),Comedy|Drama|Romance,333766,401.0
328,-1.3899508535259792,1.3970872361884001,3.7404021613522542,Tales from the Crypt Presents: Demon Knight (1995),Horror|Thriller,114608,9059.0
1783,0.6813717286216288,0.7191671312386694,5.682739709950557,Palmetto (1998),Crime|Drama|Mystery|Romance|Thriller,120782,30949.0
2040,-1.1120498538812127,2.0535081928476666,4.193757513237852,"Computer Wore Tennis Shoes, The (1969)",Children|Comedy,65566,29228.0
60674,0.08641292857745242,0.16612266202073486,5.2554695562435505,Stargate: Continuum (2008),Sci-Fi,929629,12914.0
308,0.41461691899665676,2.1354514962918647,4.9294530202101114,Three Colors: White (Trzy kolory: Bialy) (1994),Comedy|Drama,111507,109.0
1934,-0.30882535124039806,0.3525645640770209,3.8593542680229986,You Can't Take It with You (1938),Comedy|Romance,30993,34106.0
1646,0.09762633267450051,0.7331071121980282,4.868462015011734,RocketMan (a.k.a. Rocket Man) (1997),Children|Comedy|Romance|Sci-Fi,120029,36797.0
1956,0.046216671043961516,0.9903369347282379,4.7819617409813775,Ordinary People (1980),Drama,81283,16619.0
34153,0.21569563625052576,0.28148783187536247,5.5015639589169005,Murderball (2005),Documentary,436613,14278.0
6764,-0.19766881265337108,0.939920238702016,4.524990301946333,"Rundown, The (2003)",Action|Adventure|Comedy,327850,10159.0
6579,-0.41716456887258796,0.4202432741779207,3.742620124973066,"One, Two, Three (1961)",Comedy,55256,430.0
130976,0.0073043534590699856,0.019038784106312392,5.1189506273423495,Legend No. 17 (2013),Drama,2182001,184155.0
71530,-0.24881252847773855,0.9305323919703642,4.467906834168525,Surrogates (2009),Action|Sci-Fi|Thriller,986263,19959.0
3557,0.16101033317443747,0.35448472061467334,5.189503633067772,Jennifer 8 (1992),Mystery|Thriller,104549,10424.0
78316,0.9391856689731279,0.40413443937631566,7.05923777961889,Letters to Juliet (2010),Drama|Romance,892318,37056.0
1627,-0.6960864331488623,0.5553670077189371,3.481913157895951,U Turn (1997),Crime|Drama|Mystery,120399,10155.0
33903,-0.005958642815449387,0.014565571326654054,4.32620320855615,"Edukators, The (Die Fetten Jahre sind vorbei) (2004)",Comedy|Crime|Drama|Romance,408777,276.0
5325,-0.1727313064480671,0.24324300846057934,4.025175839052999,Dogtown and Z-Boyz (2001),Documentary,275309,1282.0
6334,-0.08615624001501034,0.08519701062213066,3.7240351616593412,Blue Car (2002),Drama,290145,46989.0
165635,-0.40406976039059395,0.14936647694438507,2.030070237050044,The Thinning (2016),Thriller,5254868,419639.0
188751,-0.12434027432287725,0.13674673184955016,3.826019924098672,Mamma Mia: Here We Go Again! (2018),Comedy|Romance,6911608,458423.0
1130,-1.017314814436072,1.3176182439202884,3.9632079545037255,"Howling, The (1980)",Horror|Mystery,82533,11298.0
32589,-0.21495069819134913,0.1718807994813942,3.4847140712433466,Beauty Shop (2005),Comedy,388500,14177.0
86295,-0.16812905762588326,0.24140424746283304,4.038831402541896,Scream 4 (2011),Comedy|Horror|Mystery|Thriller,1262416,41446.0
112070,-0.04742693389446673,0.24140424746283304,4.538831402541897,Maps to the Stars (2014),Drama,2172584,157851.0
78041,0.032752823408576076,0.1388513395525776,4.971178218687178,Killers (2010),Action|Comedy,1103153,37821.0
2852,0.2712550214130516,0.3176182548177241,5.589322553666016,"Soldier's Story, A (1984)",Drama,88146,26522.0
33677,-0.001814882440163749,0.009146187212576635,4.536863624373517,Rock School (2005),Documentary,436727,23825.0
1275,1.6484987001179727,4.158887535984557,5.131673843199727,Highlander (1986),Action|Adventure|Fantasy,91203,8009.0
2161,2.0483737896505327,6.168553728026006,5.067361224454286,"NeverEnding Story, The (1984)",Adventure|Children|Fantasy,88323,34584.0
4347,0.05606277162843037,0.2015634083261926,5.013433746729453,Divided We Fall (Musíme si pomáhat) (2000),Comedy|Drama,234288,29937.0
839,-2.0100917513247007,2.291797845497755,3.858213377182304,"Crow: City of Angels, The (1996)",Action|Thriller,115986,10546.0
8666,-0.5797944649304992,0.6429411174586981,3.8335094142169743,Catwoman (2004),Action|Crime|Fantasy,327554,314.0
137595,0.07818845530089368,0.1083800370507437,5.45672268907563,Magic Mike XXL (2015),Comedy|Drama,2268016,264999.0
5120,0.12840904759192306,0.18913811293997423,5.414210945122627,Sleuth (1972),Comedy|Mystery|Thriller,69281,993.0
3708,-0.5389034844930479,1.2182905063777794,4.29295012688962,Firestarter (1984),Horror|Thriller,87262,11495.0
6711,-0.2342136827626194,12.491140069520084,4.716543732857593,Lost in Translation (2003),Comedy|Drama|Romance,335266,153.0
2686,1.5826426096959025,3.393038511399858,5.201732268696206,"Red Violin, The (Violon rouge, Le) (1998)",Drama|Mystery,120802,14283.0
39444,0.3140714492252575,0.7179821074739514,5.172730435287679,"Weather Man, The (2005)",Comedy|Drama,384680,6963.0
52042,0.08641292857745242,0.16612266202073486,5.2554695562435505,Black Book (Zwartboek) (2006),Drama|Thriller|War,389557,9075.0
2391,-1.595307219330502,3.3286537065808184,4.2560291174529725,"Simple Plan, A (1998)",Crime|Drama|Thriller,120324,10223.0
27728,0.05475581104853379,0.13080554861594187,5.153898768809849,Ghost in the Shell 2: Innocence (a.k.a. Innocence) (Inosensu) (2004),Action|Animation|Drama|Sci-Fi|Thriller,347246,12140.0
112290,-1.4044748614946851,1.837238159617653,3.9708451243891734,Boyhood (2014),Drama,1065073,85350.0
3415,-0.21694697433036356,0.20294860319288488,3.6663191608488868,"Mirror, The (Zerkalo) (1975)",Drama,72443,1396.0
128695,0.051613400840425205,0.1839098190865725,5.015939278937381,The Dark Valley (2014),Western,2650978,248933.0
1997,-1.7324830585493396,4.587327380731014,4.357626923928423,"Exorcist, The (1973)",Horror|Mystery,70047,9552.0
3115,-0.7157536499568924,0.8644013254485475,3.9072601606358526,Flawless (1999),Drama,155711,31582.0
4681,0.03875921478727317,0.8624923786281816,4.780232734784663,"War of the Roses, The (1989)",Comedy|Drama,98621,249.0
39446,0.006798491771513565,1.3087562836106883,4.740488737804112,Saw II (2005),Horror|Thriller,432348,215.0
20,1.5289534293266525,2.167290260590393,5.440761888683021,Money Train (1995),Action|Comedy|Crime|Drama|Thriller,113845,11517.0
164,0.7379526335063924,2.108237363168674,5.085327110325479,Devil in a Blue Dress (1995),Crime|Film-Noir|Mystery|Thriller,112857,8512.0
6886,-0.005596825596510878,0.04705479297807301,4.6163513863695265,Beyond Borders (2003),Drama|Romance|War,294357,9839.0
4645,-0.29268240790138556,0.26502737723353814,3.6309462915601025,Cure (1997),Crime|Horror|Thriller,123948,36095.0
7034,-0.318176229893743,1.289476443982922,4.488545732766942,Show Me Love (Fucking Åmål) (1998),Drama|Romance,150662,11634.0
112171,0.13945601216381076,0.2921366904646173,5.212659736946772,"Equalizer, The (2014)",Action|Crime|Thriller,455944,156022.0
3983,-0.19055430763133463,0.8550572860938342,4.512438514016282,You Can Count on Me (2000),Drama|Romance,203230,14295.0
3167,0.214778000770445,0.6948749197966597,5.044382839446509,Carnal Knowledge (1971),Comedy|Drama,66892,36492.0
3925,-0.5515239371376218,1.2432430056315584,4.291676952990297,Stranger Than Paradise (1984),Comedy|Drama,88184,469.0
147376,0.17868588926212498,0.4251491847960904,5.155583972719523,Doctor Who: A Christmas Carol (2010),Sci-Fi,1672218,315620.0
43679,0.16009378514953507,0.9500303623086659,4.90380850571408,Final Destination 3 (2006),Horror|Mystery|Thriller,414982,9286.0
86142,-0.26763106706393025,0.397893975811861,4.062675070028011,13 Assassins (Jûsan-nin no shikaku) (2010),Action,1436045,58857.0
429,-0.2687916124184251,0.1525641281597172,2.973467037712312,Cabin Boy (1994),Comedy,109361,26391.0
34129,-0.04306989870995492,0.1718807994813942,4.484714071243347,Rebound (2005),Comedy,376108,7233.0
50445,-0.129010298450652,0.1718807994813942,3.9847140712433466,"Hitcher, The (2007)",Action|Horror|Thriller,455960,8398.0
7894,-0.03667284636771273,0.1388513395525776,4.471178218687178,"Duck, You Sucker (1971)",Action|Western,67140,336.0
8225,-0.10609851614400154,0.1388513395525776,3.971178218687178,Night of the Living Dead (1990),Horror,100258,19185.0
8578,-0.03667284636771273,0.1388513395525776,4.471178218687178,Undead (2003),Action|Comedy|Horror|Sci-Fi,339840,8991.0
26242,-0.03667284636771273,0.1388513395525776,4.471178218687178,Duel (1971),Action|Mystery|Thriller,67023,839.0
96121,0.02105058559127784,0.009146187212576635,7.036863624373517,Hope Springs (2012),Comedy|Drama,1535438,82696.0
470,-1.4661542266345646,0.9100985753399214,3.124310135953695,House Party 3 (1994),Comedy,110064,16097.0
3667,-1.4661542266345646,0.9100985753399214,3.124310135953695,Rent-A-Cop (1988),Action|Comedy|Crime,95977,80287.0
500,-1.715662095631742,24.270082842337924,4.664603708109649,Mrs. Doubtfire (1993),Comedy|Drama,107614,788.0
2193,0.5763632638719044,5.501386500928319,4.840061027547799,Willow (1988),Action|Adventure|Fantasy,96446,847.0
3793,0.5069573797385979,26.616047928228944,4.754341174561955,X-Men (2000),Action|Adventure|Sci-Fi,120903,36657.0
2351,0.1962931934701554,0.1559221060864713,5.994212422414537,"Nights of Cabiria (Notti di Cabiria, Le) (1957)",Drama,50783,19426.0
5445,1.2730406372722551,22.27418462220764,4.79244730457014,Minority Report (2002),Action|Crime|Mystery|Sci-Fi|Thriller,181689,180.0
30816,-0.6878951820659124,1.333582800026663,4.219469241942184,"Phantom of the Opera, The (2004)",Drama|Musical|Romance,293508,9833.0
5971,1.1200803244420021,3.387502807304476,5.065944861914125,My Neighbor Totoro (Tonari no Totoro) (1988),Animation|Children|Drama|Fantasy,96283,8392.0
1171,0.8371159793660843,3.111551345824178,5.004329041492852,Bob Roberts (1992),Comedy,103850,10608.0
61352,0.13216249833852428,0.33800346150212907,5.126303421963582,Traitor (2008),Crime|Drama|Thriller,988047,13291.0
1353,-1.1719764385675477,1.3816280663673723,3.88703656766188,"Mirror Has Two Faces, The (1996)",Comedy|Drama|Romance,117057,25189.0
3764,-1.0970697265534675,1.255593775795484,3.861548366670859,F/X2 (a.k.a. F/X 2 - The Deadly Art of Illusion) (1991),Action|Crime|Thriller,101846,16820.0
5339,0.2951041080157252,0.7048290684692721,5.153983018569695,Husbands and Wives (1992),Comedy|Drama,104466,28384.0
60126,-0.23205107582591972,2.5415296926901316,4.643990413231038,Get Smart (2008),Action|Comedy,425061,11665.0
55620,-0.06579219562483672,0.28148783187536247,4.5015639589169005,For the Bible Tells Me So (2007),Documentary,912583,15651.0
118834,-1.525467945060028,0.9989790082693987,3.2082670906200317,National Lampoon's Bag Boy (2007),Comedy,906325,24388.0
156025,-1.525467945060028,0.9989790082693987,3.2082670906200317,Ice Age: The Great Egg-Scapade (2016),Adventure|Animation|Children|Comedy,5480340,387893.0
72104,0.0073043534590699856,0.019038784106312392,5.1189506273423495,Balance (1989),Animation|Drama|Mystery|Sci-Fi|Thriller,96880,44338.0
54732,0.20749358542293594,0.36285681694689026,5.307127346987507,Balls of Fury (2007),Comedy,424823,9750.0
144976,0.009945417857666596,0.215115704773235,4.781526994359387,Bone Tomahawk (2015),Horror|Western,2494362,294963.0
2729,0.03253795311007581,0.12286235731365609,5.000126681676491,Lolita (1962),Drama|Romance,56193,802.0
169,0.0039157892932992384,1.0899379354103464,4.738886789455316,Free Willy 2: The Adventure Home (1995),Adventure|Children|Drama,113114,9073.0
5818,0.08423778122925098,0.08519701062213066,5.724035161659341,"Crime of Father Amaro, The (Crimen del padre Amaro, El) (2002)",Drama|Romance,313196,542.0
70533,-0.03065356802963128,0.14936647694438507,4.530070237050044,Evangelion: 1.0 You Are (Not) Alone (Evangerion shin gekijôban: Jo) (2007),Action|Animation|Sci-Fi,923811,15137.0
37853,-0.04306989870995492,0.1718807994813942,4.484714071243347,Into the Blue (2005),Action|Adventure|Crime|Thriller,378109,11968.0
97470,0.02105058559127784,0.009146187212576635,7.036863624373517,Catch .44 (2011),Action|Drama|Thriller,1886493,75736.0
359,-0.24610841550375334,0.4985680159237328,4.2416635443986515,I Like It Like That (1994),Comedy|Drama|Romance,110091,48992.0
1461,-2.1249723055362795,1.7721961279346874,3.5362325284465923,Vegas Vacation (National Lampoon's Las Vegas Vacation) (1997),Comedy,120434,11419.0
1994,-1.1100238646841125,7.986147612133303,4.596300460304981,Poltergeist (1982),Horror|Thriller,84516,609.0
2026,0.1367778088908817,0.2251868844269083,5.3426909882018245,Disturbing Behavior (1998),Horror|Thriller,134619,9424.0
2808,0.5054619248689622,1.5830666640412996,5.0545870042641035,Universal Soldier (1992),Action|Sci-Fi,105698,9349.0
59369,0.9636316276859057,4.266610430402948,4.961148257228042,Taken (2008),Action|Crime|Drama|Thriller,936501,8681.0
5577,0.5455532347382999,1.7786955556748363,5.042009470365932,Igby Goes Down (2002),Comedy|Drama,280760,9685.0
43396,-0.21804697752843594,0.5784109832033394,4.3583182581624165,"World's Fastest Indian, The (2005)",Drama,412080,9912.0
97921,-0.5337959735968646,4.77129542277411,4.623417588046947,Silver Linings Playbook (2012),Comedy|Drama,1045658,82693.0
166643,-0.08790907467121027,1.7028354068244822,4.683669002078698,Hidden Figures (2016),Drama,4846340,381284.0
32875,-0.040341508702861045,0.1839098190865725,4.515939278937381,Holiday (Jour de fête) (1949),Comedy,40497,4595.0
479,1.9063066985480075,1.2060626358543438,6.3158975140847815,Judgment Night (1993),Action|Crime|Thriller,107286,6.0
2681,0.04874311736957507,0.12407338966800928,5.128151260504202,Free Enterprise (1998),Comedy|Romance|Sci-Fi,141105,13533.0
114935,0.8734894822257949,1.3813369657908132,5.367644879161447,Predestination (2014),Action|Mystery|Sci-Fi|Thriller,2397535,206487.0
7046,-0.4111372199122615,0.41460403358026565,3.743655863764353,"Witches of Eastwick, The (1987)",Comedy|Fantasy|Horror|Thriller,94332,6069.0
5444,1.0911257936919458,3.1120313657489294,5.085909412113848,Lilo & Stitch (2002),Adventure|Animation|Children|Sci-Fi,275847,11544.0
31049,-0.20653611156251794,0.28148783187536247,4.0015639589169005,Out Cold (1989),Comedy|Thriller,98042,120328.0
1144,-0.07407407377185218,0.99999999592,4.6612200435729845,"Line King: The Al Hirschfeld Story, The (1996)",Documentary,116886,124829.0
5247,0.9363326163036156,0.9370784176511888,5.73449823831239,Smokey and the Bandit (1977),Action|Comedy,76729,11006.0
91976,0.00953316514113664,0.39795632114570956,4.759249422876765,"Grey, The (2012)",Action|Drama,1601913,75174.0
36363,-0.050049369579453405,0.08261014254940621,4.12944393951039,Kin-Dza-Dza! (1986),Comedy|Drama|Sci-Fi,91341,20874.0
283,-0.4226737475873521,0.9649340586804845,4.297260301983692,New Jersey Drive (1995),Crime|Drama,113967,39310.0
80139,0.4046504619618273,0.36285681694689026,5.85047355775402,Jackass 2.5 (2007),Comedy|Documentary,1117523,14158.0
4991,0.015195902418766345,0.28860438131421967,4.787947172841747,Joe Somebody (2001),Comedy|Drama|Romance,279889,12312.0
5338,0.17498938296154673,0.11672358183282547,6.234471749226007,Full Moon in Blue Water (1988),Drama,95186,40555.0
2880,0.1469003546031923,0.6768706201595577,4.952322823322841,Armour of God (Long xiong hu di) (1987),Action|Adventure|Comedy,91431,10974.0
5485,-0.7228281985186977,0.8879219417135633,3.921226839251233,Tadpole (2002),Comedy|Drama|Romance,271219,39141.0
25797,-0.011205229959923988,0.09004024785574485,4.610847214992192,Gold Diggers of 1933 (1933),Musical,24069,31511.0
51925,-0.015761662823648534,0.5033252947999721,4.703979055625563,Premonition (2007),Drama|Fantasy|Mystery|Thriller,477071,9963.0
4644,-0.0009592293928796817,0.08519701062213066,4.724035161659341,Bread and Tulips (Pane e tulipani) (2000),Comedy|Drama|Romance,237539,552.0
104303,-0.730360996607463,0.43487530837370925,3.0558219044768675,Jobs (2013),Drama,2357129,115782.0
32632,0.3108159025592685,0.4958075361306885,5.3621823351697175,Electra Glide in Blue (1973),Action|Crime,70022,26332.0
100163,-0.04742693389446673,0.24140424746283304,4.538831402541897,Hansel & Gretel: Witch Hunters (2013),Action|Fantasy|Horror|IMAX,1428538,60304.0
2736,1.2641414993851996,0.9100985753399214,6.124310135953695,Brighton Beach Memoirs (1986),Comedy,90774,32060.0
3439,-1.5443210140549761,1.6066772200562462,3.774104779317539,Teenage Mutant Ninja Turtles II: The Secret of the Ooze (1991),Action|Children|Fantasy,103060,1497.0
2712,-2.222916103492839,6.107476062704925,4.371327713084789,Eyes Wide Shut (1999),Drama|Mystery|Thriller,120663,345.0
340,0.9371442835693107,1.4985680136813087,5.3606539778693305,"War, The (1994)",Adventure|Drama|War,111667,19855.0
881,0.2874604407751903,0.8626062399032186,5.068540537018477,First Kid (1996),Children|Comedy,116311,12559.0
4995,3.075018638208604,22.833558470540122,4.869965138906228,"Beautiful Mind, A (2001)",Drama|Romance,268978,453.0
431,2.493152785666219,5.949052279791536,5.154378144549169,Carlito's Way (1993),Crime|Drama,106519,6075.0
1245,0.7599120019358465,3.2972542615934715,4.965762241014834,Miller's Crossing (1990),Crime|Drama|Film-Noir|Thriller,100150,379.0
76077,-0.05412316571701836,1.0673458462837104,4.684585937252237,Hot Tub Time Machine (2010),Comedy|Sci-Fi,1231587,23048.0
122900,0.377986261190073,3.0366141972290883,4.859770339069914,Ant-Man (2015),Action|Adventure|Sci-Fi,478970,102899.0
162606,-0.1440809296850102,1.1090843646397648,4.605384316121898,The Accountant (2016),Crime|Drama|Thriller,2140479,302946.0
295,-0.0884090755360266,0.2251868844269083,4.342690988201824,"Pyromaniac's Love Story, A (1995)",Comedy|Romance,114210,2307.0
1021,-6.687285884384218,7.644844568434189,3.860549598707297,Angels in the Outfield (1994),Children|Comedy,109127,24795.0
3497,0.020550324632173822,0.37775101258662547,4.789695890104151,Max Dugan Returns (1983),Comedy,85919,1793.0
104211,0.2135061860441526,3.5396551205365214,4.795612476010681,We're the Millers (2013),Comedy|Crime,1723121,138832.0
117368,0.08175162109314828,0.34166007683268573,4.974571770017262,The Madagascar Penguins in a Christmas Caper (2005),Animation|Comedy,484439,10258.0
46976,2.3043483973481322,6.623246185037843,5.0832123941190615,Stranger than Fiction (2006),Comedy|Drama|Fantasy|Romance,420223,1262.0
3791,-0.654660201765289,2.7774426338350096,4.499588006640419,Footloose (1984),Drama,87277,1788.0
7009,-0.18519739567583426,0.38758123242199277,4.257465522803762,Lorenzo's Oil (1992),Drama,104756,2007.0
8378,-0.16277106445364986,0.16612266202073486,3.75546955624355,"Doctor, The (1991)",Drama,101746,26142.0
4564,0.4954715261078637,0.34549520045556265,6.169385026737968,Always (1989),Drama|Fantasy|Romance,96794,11352.0
1670,-0.7397933372296333,0.6771237643102261,3.642741505816565,Welcome to Sarajevo (1997),Drama|War,120490,14905.0
114662,0.09250914692169104,1.793056014950182,4.786887122076573,American Sniper (2014),Action|War,2179136,190859.0
4639,0.3643756624879507,2.7980479347129616,4.865519071253985,America's Sweethearts (2001),Comedy|Romance,265029,11467.0
73015,1.914733229995071,1.0890192561251435,6.4935120915035665,It's Complicated (2009),Comedy|Romance,1230414,22897.0
122092,-1.525467945060028,0.9989790082693987,3.2082670906200317,Guy X (2005),Comedy|War,408828,14407.0
6963,-0.16016871928461648,0.26502737723353814,4.130946291560102,Devil's Playground (2002),Documentary,293088,30068.0
62553,0.014534012145625108,0.15655207368287652,4.828132313933531,"Secret Life of Bees, The (2008)",Drama,416212,12837.0
2837,0.21320034239429309,0.4202432741779207,5.242620124973066,Bedrooms & Hallways (1998),Comedy|Romance,126810,40694.0
5373,-0.0022150385940862107,0.019038784106312392,4.6189506273423495,"Cranes Are Flying, The (Letyat zhuravli) (1957)",Drama|Romance|War,50634,38360.0
73881,0.0073043534590699856,0.019038784106312392,5.1189506273423495,3 Idiots (2009),Comedy|Drama|Romance,1187043,20453.0
5564,0.42658745115783203,0.4152247560130071,5.762659285499597,Swimfan (2002),Thriller,283026,20616.0
135532,0.10089048735252829,0.3121072630330013,5.058549931600547,The Last Witch Hunter (2015),Action|Adventure|Fantasy,1618442,274854.0
43836,-0.8457626557389843,0.4648662525217194,2.9159263938102575,"Pink Panther, The (2006)",Adventure|Comedy|Crime,383216,12096.0
73488,-0.5448715578069382,0.29298545304032525,2.875571895424837,Blood: The Last Vampire (2009),Action|Horror|Thriller,806027,1450.0
179709,-0.5484719778678345,0.7012606002738743,3.953171212619126,Wonder Wheel (2017),Drama,5825380,429189.0
692,1.3284306065936164,1.152564126149865,5.887881272195441,Solo (1996),Action|Sci-Fi|Thriller,117688,29621.0
37380,-0.3272005636749016,0.6055712658954393,4.1949769293949375,Doom (2005),Action|Horror|Sci-Fi,419706,8814.0
73266,-0.6363503873080448,0.7066553876055343,3.8347839135654262,Youth in Revolt (2009),Comedy|Drama|Romance,403702,22327.0
4074,-0.016490338247110214,0.029682608844798394,4.1797385620915035,"Legend of Rita, The (Stille nach dem Schuß, Die) (1999)",Drama,234805,10499.0
250,0.19620489270904984,0.6908542348749449,5.019297432390531,Heavyweights (Heavy Weights) (1995),Children|Comedy,110006,14819.0
377,2.5145246372266037,31.52242437717371,4.815063509973603,Speed (1994),Action|Romance|Thriller,111257,1637.0
432,-5.844166507646029,17.28250209783552,4.397139001300916,City Slickers II: The Legend of Curly's Gold (1994),Adventure|Comedy|Western,109439,11310.0
136020,0.874330103273584,1.3315307213132719,5.391929439144743,Spectre (2015),Action|Adventure|Crime,2379713,206647.0
3863,-4.974487472008744,5.903443887579065,3.8926525059472947,"Cell, The (2000)",Drama|Horror|Thriller,209958,8843.0
33004,0.6667964514056551,6.820149160537267,4.833062720020724,"Hitchhiker's Guide to the Galaxy, The (2005)",Adventure|Comedy|Sci-Fi,371724,7453.0
98809,2.3376431259040467,3.7326181285992326,5.3615685034442775,"Hobbit: An Unexpected Journey, The (2012)",Adventure|Fantasy|IMAX,903624,49051.0
1394,0.6467623925283417,8.715958605412602,4.809498507755876,Raising Arizona (1987),Comedy,93822,378.0
2867,-0.44537652481276135,1.4558623479317832,4.429374725305146,Fright Night (1985),Comedy|Horror|Thriller,89175,11797.0
102481,-0.02681831024953299,2.429803519258832,4.724256883550981,"Internship, The (2013)",Comedy,2234155,116741.0
94,0.6717174439842661,1.9156907713226412,5.085933925511506,Beautiful Girls (1996),Comedy|Drama|Romance,115639,9283.0
3120,0.1863129695533104,0.49805932861527985,5.1093719811644505,"Distinguished Gentleman, The (1992)",Comedy,104114,10411.0
1273,-0.382660466081927,1.661816371444367,4.505027721998701,Down by Law (1986),Comedy|Drama|Film-Noir,90967,1554.0
6239,0.005250167435752698,0.5015280739042967,4.745762459717885,Journey to the Center of the Earth (1959),Adventure|Children|Sci-Fi,52948,11571.0
1301,-0.6353529954243415,1.1612200522373355,4.18815148589505,Forbidden Planet (1956),Drama|Sci-Fi,49223,830.0
49649,-3.042069741726965,1.8493290607810704,3.090335518206602,Eragon (2006),Action|Adventure|Fantasy,449010,2486.0
7411,-0.7940372513434086,0.34997208776175814,2.4664353168733646,Munchies (1987),Comedy|Horror,93582,4365.0
2560,-0.1487837899217035,2.3775948792329733,4.672716682264248,Ravenous (1999),Horror|Thriller,129332,10212.0
6595,0.0985642532527459,1.0241541386046198,4.8315337846439,S.W.A.T. (2003),Action|Thriller,257076,9257.0
8147,-0.16016871928461648,0.26502737723353814,4.130946291560102,Charly (1968),Drama|Sci-Fi,62794,29146.0
3690,0.12580607268859484,1.4475291412768878,4.822205026105606,Porky's Revenge (1985),Comedy,89826,23919.0
88108,-0.1420180615372514,0.15655207368287652,3.828132313933531,Monte Carlo (2011),Adventure|Comedy|Romance,1067774,59860.0
149146,0.04109934827371234,0.29298545304032525,4.875571895424837,Parasyte: Part 2 (2015),Horror|Sci-Fi,3345474,282070.0
3067,-0.8359858546864543,1.1323836260040356,3.9970409007257865,Women on the Verge of a Nervous Breakdown (Mujeres al borde de un ataque de nervios) (1988),Comedy|Drama,95675,4203.0
6322,-0.1700747693673822,0.09956151937514536,3.027056131377036,Confidence (2003),Crime|Thriller,310910,10743.0
33669,-0.1811358042234007,0.26192104733713906,4.043727685453289,"Sisterhood of the Traveling Pants, The (2005)",Adventure|Comedy|Drama,403508,9779.0
7981,-0.06102108222385027,0.27143860713367884,4.510487916096672,Infernal Affairs (Mou gaan dou) (2002),Crime|Drama|Thriller,338564,10775.0
3529,-0.1486549896704107,0.6483716642904057,4.50601977106823,"Postman Always Rings Twice, The (1981)",Crime|Thriller,82934,11027.0
26732,0.2381143654120564,0.2855088314293242,5.569294117647059,Johnny Stecchino (1991),Comedy,102164,12776.0
58627,0.042870501030742185,0.1718807994813942,4.984714071243347,Never Back Down (2008),Action,1023111,8456.0
175569,0.1939773135683663,0.24140424746283304,5.538831402541897,Wind River (2017),Action|Crime|Mystery|Thriller,5362988,395834.0
3489,-0.08464571909839552,9.1548925265613,4.726048163218559,Hook (1991),Adventure|Comedy|Fantasy,102057,879.0
920,2.077364602164091,3.990964845507139,5.255811005813262,Gone with the Wind (1939),Drama|Romance|War,31381,770.0
8957,0.7887737318263819,2.6345255590884062,5.034692895201266,Saw (2004),Horror|Mystery|Thriller,387564,176.0
3699,-1.5258542185037482,2.1245863919148453,4.017105286018269,Starman (1984),Adventure|Drama|Romance|Sci-Fi,88172,9663.0
26340,-0.0912934559172808,0.3606988609389981,4.482192525699641,"Twelve Tasks of Asterix, The (Les douze travaux d'Astérix) (1976)",Action|Adventure|Animation|Children|Comedy|Fantasy,72901,9385.0
76093,0.8919994126339661,6.318742395905376,4.87646135580065,How to Train Your Dragon (2010),Adventure|Animation|Children|Fantasy|IMAX,892769,10191.0
91630,1.1537171478502526,2.057691451517232,5.295979319988529,Mission: Impossible - Ghost Protocol (2011),Action|Adventure|Thriller|IMAX,1229238,56292.0
36517,-0.9750347604152065,1.6233049410151374,4.13464618282006,"Constant Gardener, The (2005)",Drama|Thriller,387131,1985.0
62849,0.10857435357415793,0.8469048650178204,4.86349547538973,RocknRolla (2008),Action|Crime,1032755,13809.0
57,-0.38038033822134065,1.253562268185576,4.431854593440648,Home for the Holidays (1995),Drama,113321,9089.0
7980,0.26721651185617934,1.131587092496087,4.971437242315215,"Bridge Too Far, A (1977)",Action|Drama|War,75784,5902.0
7028,0.073413472899055,1.1127433308060337,4.8012693258254595,Quick Change (1990),Comedy|Crime,100449,10729.0
5553,-0.12424997632894093,0.3982114137081879,4.42327398951484,Stakeout (1987),Comedy|Crime|Romance|Thriller,94025,10859.0
8807,1.8220455120641899,3.707408452278933,5.226754806566885,Harold and Kumar Go to White Castle (2004),Adventure|Comedy,366551,11282.0
149354,-0.6375046909069269,0.8286383767012389,3.9659540667495903,Sisters (2015),Children|Comedy,1850457,266294.0
7669,0.6108897755241485,1.416236247439775,5.166641484040551,Pride and Prejudice (1995),Drama|Romance,112130,164721.0
78349,0.051379683942462895,0.6772198149943922,4.811162665502364,Exam (2009),Mystery|Thriller,1258197,29917.0
98361,-0.03720425137945312,0.1428301144912339,4.474815075730891,Byzantium (2012),Drama|Fantasy|Thriller,1531901,102780.0
2384,1.3593963490351595,3.047874402250441,5.18130867390024,Babe: Pig in the City (1998),Adventure|Children|Drama,120595,9447.0
33830,-1.0259784409253285,0.9989790082693987,3.7082670906200317,Herbie: Fully Loaded (2005),Adventure|Comedy|Romance,400497,11451.0
5246,0.013738269444952645,0.21981231111924232,4.797794117647059,Smokey and the Bandit II (1980),Action|Comedy,81529,12705.0
92264,-0.07611331623537407,0.22400547739431265,4.395510835913313,One for the Money (2012),Action|Comedy|Crime,1598828,54054.0
136598,0.40483628002796745,0.5361127404273139,5.49042685279767,Vacation (2015),Adventure|Comedy,1524930,296099.0
147142,-0.2518861047666129,0.29298545304032525,3.875571895424837,Those Happy Days (2006),Children|Comedy,478566,19100.0
133780,-0.5484719778678345,0.7012606002738743,3.953171212619126,Güeros (2014),Comedy|Drama,3499048,256057.0
6002,-0.04355773470394501,0.08519701062213066,4.224035161659341,Love Liza (2002),Drama,282698,15395.0
8532,0.35542420534767816,0.3969814970498682,5.630610922054773,"Door in the Floor, The (2004)",Drama,348593,1944.0
84637,-0.16812905762588326,0.24140424746283304,4.038831402541896,Gnomeo & Juliet (2011),Adventure|Animation|Children|Comedy|Fantasy|Romance,377981,45772.0
70984,-1.343005774913579,0.7066553876055343,2.8347839135654262,Taking Woodstock (2009),Comedy,1127896,26320.0
1968,-1.5823260209667644,18.08186549173684,4.647785114679977,"Breakfast Club, The (1985)",Comedy|Drama,88847,2108.0
4166,-0.016490338247110214,0.029682608844798394,4.1797385620915035,Series 7: The Contenders (2001),Action|Drama,251031,19513.0
647,1.0077052529229058,4.322503521765002,4.968424119241929,Courage Under Fire (1996),Action|Crime|Drama|War,115956,10684.0
33162,-0.5417089443273929,2.0193716435596887,4.467037927135992,Kingdom of Heaven (2005),Action|Drama|Romance|War,320661,1495.0
69844,2.860797238077552,8.116311693741867,5.087769151384784,Harry Potter and the Half-Blood Prince (2009),Adventure|Fantasy|Mystery|Romance|IMAX,417741,767.0
116797,1.8690257880269734,6.12879167396623,5.040252401017366,The Imitation Game (2014),Drama|Thriller|War,2084970,205596.0
2694,-0.7092133723602894,6.504207510522123,4.626254950121582,Big Daddy (1999),Comedy,142342,9032.0
99532,-0.6015685325722232,0.34166007683268573,2.974571770017262,"Misérables, Les (2000)",Drama|Romance,230534,193380.0
2405,-3.045637425677916,3.94362235646451,3.9629997267590946,"Jewel of the Nile, The (1985)",Action|Adventure|Comedy|Romance,89370,10303.0
53550,0.04485563687526238,0.5631041590706031,4.814951914792966,Rescue Dawn (2006),Action|Adventure|Drama|War,462504,9952.0
1615,-1.0636688233594058,2.242016971811697,4.260869152656767,"Edge, The (1997)",Adventure|Drama,119051,9433.0
171763,0.4652559963313896,1.5180836976403633,5.041769970760139,Baby Driver (2017),Action|Crime|Thriller,3890160,339403.0
89904,-2.0691279552813517,1.3833287262300182,3.23953398771732,The Artist (2011),Comedy|Drama|Romance,1655442,74643.0
5541,-0.19383030578372562,1.5368202120116146,4.609169861687403,Hot Shots! (1991),Action|Comedy|Romance|War,102059,9595.0
179211,1.007868998075251,1.2229844856637113,5.559400236645193,Christina P: Mother Inferior (2017),Comedy,7057376,480409.0
2782,0.417450970043998,0.4890757274082464,5.588844900582436,Pit and the Pendulum (1961),Horror,55304,28501.0
85401,0.37589504558878667,0.6616475216407537,5.303413899395265,Super (2010),Action|Comedy|Drama,1512235,45132.0
99636,0.10721633718626924,0.19125076362956137,5.295900178253119,English Vinglish (2012),Comedy|Drama,2181931,118628.0
161024,0.25989489985609493,0.22400547739431265,5.895510835913313,Jim Jefferies: Freedumb (2016),Comedy,5849950,404022.0
44399,-0.009178133137674016,0.28860438131421967,4.7034923373141355,"Shaggy Dog, The (2006)",Adventure|Children|Comedy|Fantasy,393735,10067.0
72733,-0.09929525259775134,0.26192104733713906,4.3561903624992695,Invictus (2009),Drama,1057500,22954.0
6978,-0.0009592293928796817,0.08519701062213066,4.724035161659341,Slacker (1991),Comedy|Drama,102943,14022.0
148978,0.04402967044256126,0.14936647694438507,5.030070237050044,Blue Exorcist: The Movie (2012),Animation|Fantasy|Horror|Mystery,3028018,201223.0
3932,-0.1820815564458596,0.3706084777216611,4.243989769820972,"Invisible Man, The (1933)",Horror|Sci-Fi,24184,10787.0
4544,0.07929806180099336,0.3603099099538355,4.95537705072862,Short Circuit 2 (1988),Comedy|Sci-Fi,96101,11966.0
6959,-0.2482422595234895,0.48949905429911833,4.228158797684221,Timeline (2003),Action|Adventure|Sci-Fi,300556,9562.0
47254,-0.04742693389446673,0.24140424746283304,4.538831402541897,Chaos (2005),Action|Crime|Drama|Thriller,402910,5289.0
6086,0.3939154751304008,0.32494194835659523,5.9475582685904556,"I, the Jury (1982)",Crime|Drama|Thriller,84112,37191.0
3871,-0.006387976046452066,0.009146187212576635,4.036863624373517,Shane (1953),Drama|Western,46303,3110.0
919,0.509575600438034,13.941545428929247,4.771844986633265,"Wizard of Oz, The (1939)",Adventure|Children|Fantasy|Musical,32138,630.0
923,2.594780237254317,10.255953207965794,4.988296465126467,Citizen Kane (1941),Drama|Mystery,33467,15.0
1517,-0.3937988772651699,18.072562418789555,4.713504242578997,Austin Powers: International Man of Mystery (1997),Action|Adventure|Comedy,118655,816.0
68157,3.3008666649704717,12.89784653964049,4.991217977093326,Inglourious Basterds (2009),Action|Drama|War,361748,16869.0
89774,-0.7293757983779154,1.907015849390519,4.3528244079112834,Warrior (2011),Drama,1291584,59440.0
3996,3.7271995360312142,20.045334582845978,4.921232622221625,"Crouching Tiger, Hidden Dragon (Wo hu cang long) (2000)",Action|Drama|Romance,190332,146.0
292,2.9430601653966315,25.166213614304564,4.852239010927461,Outbreak (1995),Action|Drama|Sci-Fi|Thriller,114069,6950.0
339,3.3560002054558025,20.580922051563444,4.898357764506402,While You Were Sleeping (1995),Comedy|Romance,114924,2064.0
5507,-5.2173303834665665,4.8917800007038865,3.6687436221800027,xXx (2002),Action|Crime|Thriller,295701,7451.0
1355,0.1367778088908817,0.2251868844269083,5.3426909882018245,Nightwatch (1997),Horror|Thriller,119791,2212.0
3269,-0.901701101577698,3.00717923755408,4.435444647313822,Forever Young (1992),Drama|Romance|Sci-Fi,104291,10326.0
3324,0.1367778088908817,0.2251868844269083,5.3426909882018245,Drowning Mona (2000),Comedy,186045,25166.0
4846,-1.1185641201145726,1.2650273758930364,3.8510728419415186,Iron Monkey (Siu nin Wong Fei-hung ji: Tit Ma Lau) (1993),Action|Comedy,108148,12780.0
54736,0.5483590087262465,1.0595413191958807,5.252837887570457,"Kingdom, The (2007)",Action|Drama|Thriller,431197,4349.0
306,0.6619445343802387,2.2108360653483077,5.034703261886776,Three Colors: Red (Trois couleurs: Rouge) (1994),Drama,111495,110.0
1251,-0.6489271526072086,0.7364037425433836,3.8540830168371274,8 1/2 (8½) (1963),Drama|Fantasy,56801,422.0
134515,-0.040341508702861045,0.1839098190865725,4.515939278937381,BMX Bandits (1983),Adventure|Crime|Drama,85204,17381.0
142074,0.2355232199269977,0.1839098190865725,6.015939278937381,Knock Knock (2015),Crime|Horror|Thriller,3605418,263472.0
3388,-2.2517721274454923,1.609445774130462,3.3361962644360297,Harry and the Hendersons (1987),Children|Comedy,93148,8989.0
4356,0.07495172031284451,0.28148783187536247,5.0015639589169005,Gentlemen Prefer Blondes (1953),Comedy|Musical|Romance,45810,759.0
84772,0.0678266178872496,1.465032194568924,4.78159113291996,Paul (2011),Adventure|Comedy|Sci-Fi,1092026,39513.0
2651,0.634913412415998,0.26502737723353814,7.130946291560102,Frankenstein Meets the Wolf Man (1943),Horror,35899,3076.0
100302,-0.021253822700398602,0.019038784106312392,3.6189506273423495,Upside Down (2012),Drama|Romance|Sci-Fi,1374992,58244.0
103235,-0.04009011255819781,0.3045476155356366,4.603655876159968,"Best Offer, The (Migliore offerta, La) (2013)",Thriller,1924396,152742.0
162478,0.2535673142353405,0.7583951778974709,5.069641330848381,Masterminds (2016),Action|Comedy|Crime,2461150,213681.0
3506,-0.5296335434424072,1.7575376232962983,4.433944356241059,North Dallas Forty (1979),Comedy|Drama,79640,29786.0
3649,-0.5340562575897788,0.41717977419286945,3.4551355610079364,American Gigolo (1980),Drama,80365,2768.0
4157,0.08423778122925098,0.08519701062213066,5.724035161659341,"Price of Milk, The (2000)",Comedy|Drama|Fantasy|Romance,249893,21620.0
5347,-0.04355773470394501,0.08519701062213066,4.224035161659341,Deuces Wild (2002),Drama,231448,13201.0
74458,-0.3255820538856138,8.590607392013274,4.697394346533283,Shutter Island (2010),Drama|Mystery|Thriller,1130884,11324.0
54,0.38923740931086115,0.723754900350641,5.2730969140388835,"Big Green, The (1995)",Children|Comedy,112499,26441.0
1917,-2.229216492697881,13.689755406603279,4.572455818021734,Armageddon (1998),Action|Romance|Sci-Fi|Thriller,120591,95.0
1028,2.022885458586704,11.52927620745708,4.910750531578604,Mary Poppins (1964),Children|Comedy|Fantasy|Musical,58331,433.0
64969,0.16847442909196558,4.870904908466695,4.769882029391983,Yes Man (2008),Comedy,1068680,10201.0
3827,0.7384137513244806,4.021493531521532,4.91891091213811,Space Cowboys (2000),Action|Adventure|Comedy|Sci-Fi,186566,5551.0
1499,0.6729396832755806,3.3696790530847194,4.934998502745559,Anaconda (1997),Action|Adventure|Thriller,118615,9360.0
2014,-0.1908670354305056,0.6953692674043496,4.460811127993278,Freaky Friday (1977),Children|Comedy|Fantasy,76054,16084.0
2232,-0.4103669512355954,2.6334257964438765,4.579464038140074,Cube (1997),Horror|Mystery|Sci-Fi|Thriller,123755,431.0
969,3.354711490478347,7.4302574667942745,5.186787421273549,"African Queen, The (1951)",Adventure|Comedy|Romance|War,43265,488.0
7090,2.0476809320274025,5.302747034295499,5.1214488632504285,Hero (Ying xiong) (2002),Action|Adventure|Drama,299977,79.0
3969,-2.5556194975937303,4.506079048853947,4.168144835558074,Pay It Forward (2000),Drama,223897,10647.0
3730,0.4443026065808875,2.3973391490205533,4.920625678583028,"Conversation, The (1974)",Drama|Mystery,71360,592.0
4399,-0.1322964182461473,0.1839098190865725,4.015939278937381,"Diary of a Chambermaid (Journal d'une femme de chambre, Le) (1964)",Comedy|Drama,58249,36245.0
4928,1.2472177519587346,1.1828888273559712,5.789677017472526,That Obscure Object of Desire (Cet obscur objet du désir) (1977),Drama,75824,5781.0
5225,-0.1766497826226189,2.5571636023568285,4.6662137574934075,And Your Mother Too (Y tu mamá también) (2001),Drama|Romance,245574,1391.0
78703,0.21569563625052576,0.28148783187536247,5.5015639589169005,TiMER (2009),Comedy|Drama|Fantasy|Romance,1179794,39545.0
47736,-1.525467945060028,0.9989790082693987,3.2082670906200317,"Chump at Oxford, A (1940)",Comedy,32339,33810.0
3810,0.10485865794892166,0.26502737723353814,5.130946291560102,White Sands (1992),Drama|Thriller,105813,19380.0
93805,0.0030787053053327415,0.4202432741779207,4.742620124973066,Iron Sky (2012),Action|Comedy|Sci-Fi,1034314,10679.0
85736,0.05482706013834352,0.08261014254940621,5.39897848431612,BURN-E (2008),Adventure|Animation|Children|Sci-Fi,1334585,13413.0
104644,-0.6361270097211557,0.22400547739431265,1.8955108359133126,Maria Bamford: The Special Special Special! (2012),Comedy,2546038,147129.0
55278,0.26086726463082477,0.5343897005031583,5.223453347484766,Sleuth (2007),Drama|Mystery|Thriller,857265,4520.0
2779,-0.6821976716021244,1.7575376232962983,4.347138744721017,Heaven Can Wait (1978),Comedy,77663,12185.0
3858,0.2698105840513849,0.18475852999727602,6.195635808260006,Cecil B. DeMented (2000),Comedy,173716,14195.0
9008,0.07883501789582087,0.09004024785574485,5.610847214992192,"Invisible Man Returns, The (1940)",Horror|Sci-Fi,32635,28421.0
7449,0.016022253169854547,0.22404835017470826,4.806806597687018,Godsend (2004),Drama|Horror|Thriller,335121,11058.0
75813,-0.16812905762588326,0.24140424746283304,4.038831402541896,Leaves of Grass (2009),Comedy|Crime|Drama|Thriller,1151359,12834.0
26492,-0.10609851614400154,0.1388513395525776,3.971178218687178,Twilight Zone: The Movie (1983),Fantasy|Horror|Sci-Fi|Thriller,86491,15301.0
2640,1.7884821212850563,6.00761516778015,5.032996628766111,Superman (1978),Action|Adventure|Sci-Fi,78346,1924.0
3967,2.380389806403184,4.529711606618146,5.260799936367462,Billy Elliot (2000),Drama,249462,71.0
491,2.8831472441076733,3.23329929543285,5.626998528735825,"Man Without a Face, The (1993)",Drama,107501,10502.0
46578,-0.31643727155432877,9.396953920317594,4.701619665879221,Little Miss Sunshine (2006),Adventure|Comedy|Drama,449059,773.0
161582,0.5658362832909501,1.5560069403639325,5.098940492616702,Hell or High Water (2016),Crime|Drama,2582782,338766.0
1665,0.6942200315600343,2.856108836438994,4.978359095669952,Bean (1997),Comedy,118689,1281.0
2245,-0.6023647416661372,2.372648012723648,4.481415439294486,Working Girl (1988),Comedy|Drama|Romance,96463,3525.0
2485,0.16219770698453514,3.9334798729848353,4.7765292865616145,She's All That (1999),Comedy|Romance,160862,10314.0
3534,0.5035830204807137,4.046256854589121,4.859750631056376,28 Days (2000),Drama,191754,10468.0
5103,0.9287062935287452,5.671677555125149,4.899038668443945,"Sandlot, The (1993)",Children|Comedy|Drama,108037,11528.0
96004,-0.43073849415588034,0.34166007683268573,3.474571770017262,Dragon Ball Z: The History of Trunks (Doragon bôru Z: Zetsubô e no hankô!! Nokosareta chô senshi - Gohan to Torankusu) (1993),Action|Adventure|Animation,142247,39324.0
2618,-0.5320024908230607,0.7514164482039056,4.027294589429791,"Castle, The (1997)",Comedy,118826,13852.0
1191,0.1309455488281278,0.5648005688998409,4.967137986153057,Madonna: Truth or Dare (1991),Documentary|Musical,102370,10174.0
45880,0.039131230022628596,0.3067721764002286,4.862852067920803,Marie Antoinette (2006),Drama|Romance,422720,1887.0
2613,-1.4390547801671159,1.0738544382498083,3.395210463001538,Night of the Comet (1984),Comedy|Horror|Sci-Fi,87799,18462.0
6323,-0.7261960982247195,1.7994021347930556,4.331717794054313,Identity (2003),Crime|Horror|Mystery|Thriller,309698,2832.0
168250,0.30012480624199317,1.757542043136056,4.906058058921811,Get Out (2017),Horror,5052448,419430.0
156781,-0.5264889367906292,0.9989790082693987,4.208267090620032,Jimmy Carr: Telling Jokes (2009),Comedy,1585985,24784.0
172589,0.016823745512226183,0.019038784106312392,5.6189506273423495,Winter in Prostokvashino (1984),Animation,1318414,77762.0
175401,-0.0022150385940862107,0.019038784106312392,4.6189506273423495,Wolf and Calf (1984),Animation,882997,91673.0
5466,1.528391559813931,1.2094828838081775,5.998967692755156,My Wife is an Actress (Ma Femme est une Actrice) (2001),Comedy|Drama|Romance,269499,14651.0
170937,-0.07611331623537407,0.22400547739431265,4.395510835913313,Win It All (2017),Comedy,3155328,397442.0
8718,-0.05622535388779642,0.09004024785574485,4.110847214992192,"Snake Pit, The (1948)",Drama,40806,62694.0
67788,-0.37821809798798134,0.9685764349426733,4.3448054743730085,Confessions of a Shopaholic (2009),Comedy|Romance,1093908,20048.0
3726,0.5236559548327512,0.8183990346254808,5.375148189655329,Assault on Precinct 13 (1976),Action|Thriller,74156,17814.0
5039,0.024719728804954842,0.3103699283288761,4.814940135346174,Dragonslayer (1981),Action|Adventure|Fantasy,82288,848.0
32387,-0.3324596893575291,0.27143860713367884,3.5104879160966713,"Sword of Doom, The (Dai-bosatsu tôge) (1966)",Action|Drama,60277,19884.0
8363,-0.047394466017267795,0.2855088314293242,4.569294117647059,Soul Plane (2004),Comedy,367085,12657.0
33164,-0.33418265926418655,0.48949905429911833,4.052590736855689,House of Wax (2005),Horror|Thriller,397065,10066.0
7362,0.07577304763647681,0.4564695943703017,4.901292134976133,Taking Lives (2004),Crime|Drama|Thriller,364045,11081.0
3833,-0.3639814882223966,0.3176182548177241,3.5893225536660163,"Brain That Wouldn't Die, The (1962)",Horror|Sci-Fi,52646,33468.0
129937,0.01647749198498952,0.009146187212576635,6.536863624373517,Run All Night (2015),Action|Crime|Drama|Thriller,2199571,241554.0
235,-0.15174129561114807,10.987315949581667,4.72148352948272,Ed Wood (1994),Comedy|Drama,109707,522.0
3034,0.06983942744719553,6.721908343323189,4.7456839390906325,Robin Hood (1973),Adventure|Animation|Children|Comedy|Musical,70608,11886.0
4226,6.780417510114687,25.831769023562078,4.997777786648978,Memento (2000),Mystery|Thriller,209144,77.0
4765,0.04287487944248657,0.029682608844798394,6.1797385620915035,L.I.E. (2001),Drama,242587,18734.0
2412,-0.8165898682798992,1.3164238831065922,4.114984900563537,Rocky V (1990),Action|Drama,100507,1375.0
79592,-0.8744231041231367,2.572483771850149,4.395380173896796,"Other Guys, The (2010)",Action|Comedy,1386588,27581.0
96655,1.017553997382647,1.1690783371030604,5.605684035147467,Robot & Frank (2012),Comedy|Drama|Sci-Fi,1990314,84329.0
1551,0.17311445279189103,0.37775101258662547,5.193570725845938,Buddy (1997),Adventure|Children|Drama,118787,15170.0
88125,1.1924849741214527,6.525921047667686,4.918024641876682,Harry Potter and the Deathly Hallows: Part 2 (2011),Action|Adventure|Drama|Fantasy|Mystery|IMAX,1201607,12445.0
117590,-0.2457885581647996,2.117696256225831,4.619229994927758,Horrible Bosses 2 (2014),Comedy|Crime,2170439,227159.0
3350,0.42378988686806773,0.9378956512653961,5.187145969498911,"Raisin in the Sun, A (1961)",Drama,55353,29478.0
26750,-0.07970973344328244,0.16612266202073486,4.25546955624355,Quigley Down Under (1990),Adventure|Drama|Western,102744,9588.0
108729,-0.03747499166353298,1.9389850318144886,4.715967000083668,Enemy (2013),Mystery|Thriller,2316411,181886.0
89492,0.5835721963673073,3.4585695357190964,4.9040263609460135,Moneyball (2011),Drama,1210166,60308.0
45501,-2.0825866018984893,1.8681369939474086,3.6205008189511507,"Break-Up, The (2006)",Comedy|Drama|Romance,452594,9767.0
93006,-1.082203794813125,1.0890192561251435,3.741552465489565,"Very Potter Musical, A (2009)",Comedy|Musical,2033193,54507.0
4159,0.552734579146657,0.40675795271674464,6.094172476275161,3000 Miles to Graceland (2001),Action|Thriller,233142,12138.0
4976,-0.05453698570912313,0.6391791969123382,4.649970649717293,Iris (2001),Drama,280778,11889.0
3473,-0.4933720957827536,0.37725666497893556,3.427505172923441,Jonah Who Will Be 25 in the Year 2000 (Jonas qui aura 25 ans en l'an 2000) (1976),Comedy,74718,42237.0
74754,0.19339614738694633,0.14936647694438507,6.030070237050044,"Room, The (2003)",Comedy|Drama|Romance,368226,17473.0
87192,0.13801040517026414,0.3781509793123832,5.1002552382587725,Attack the Block (2011),Action|Comedy|Sci-Fi,1478964,59678.0
71379,0.1716041629611537,0.1388513395525776,5.971178218687178,Paranormal Activity (2009),Horror|Thriller,1179904,23827.0
5147,-0.17177207705518743,0.15804599783844867,3.6484454824113266,Wild Strawberries (Smultronstället) (1957),Drama,50986,614.0
1951,0.0703050002974894,0.7066553876055343,4.834783913565426,Oliver! (1968),Drama|Musical,63385,17917.0
4043,0.2712550214130516,0.3176182548177241,5.589322553666016,At Close Range (1986),Crime|Drama,90670,13715.0
5638,-0.3639814882223966,0.3176182548177241,3.5893225536660163,Godzilla vs. Mothra (Mosura tai Gojira) (1964),Action|Adventure|Fantasy|Sci-Fi,58379,1682.0
134334,-1.0259784409253285,0.9989790082693987,3.7082670906200317,Phir Hera Pheri (2006),Comedy,419058,20359.0
1029,0.5476626438428926,4.471202515773975,4.8577807735099485,Dumbo (1941),Animation|Children|Drama|Musical,33563,11360.0
1032,0.6335755416309501,4.759990678591083,4.868398483687222,Alice in Wonderland (1951),Adventure|Animation|Children|Fantasy|Musical,43274,12092.0
3702,-0.911517706775276,3.292372642528155,4.4584367245922625,Mad Max (1979),Action|Adventure|Sci-Fi,79501,9659.0
4027,2.398672352404144,15.931323076297895,4.885857403628799,"O Brother, Where Art Thou? (2000)",Adventure|Comedy|Crime,190590,134.0
5890,0.7391304342474235,0.9999999992759258,5.474424552429667,Elling (2001),Comedy|Drama,279064,6007.0
1518,0.40567516002568527,1.8903608743094154,4.9498960836202945,Breakdown (1997),Action|Thriller,118771,2163.0
3683,0.012622552225881378,2.3509856670037905,4.740663164512397,Blood Simple (1984),Crime|Drama|Film-Noir,86979,11368.0
73858,-0.6015685325722232,0.34166007683268573,2.974571770017262,"Dennis the Menace Christmas, A (2007)",Comedy,918511,13358.0
1464,-0.48045912800395985,1.8258643571750437,4.472153470798943,Lost Highway (1997),Crime|Drama|Fantasy|Film-Noir|Mystery|Romance,116922,638.0
452,-0.03369303962470112,0.3960410525844388,4.650219503778544,Widows' Peak (1994),Drama,111712,25440.0
32659,0.051613400840425205,0.1839098190865725,5.015939278937381,Tanguy (2001),Comedy,274155,2029.0
85796,-0.15500182483641647,0.34046189276944905,4.280024884501548,Hobo with a Shotgun (2011),Action|Adventure|Crime|Thriller,1640459,49010.0
3632,-0.05850652678620803,0.14311217377432167,4.326478254934576,Monsieur Verdoux (1947),Comedy|Crime,39631,30588.0
3075,-0.17483451427023006,0.2711201887958639,4.0904343045629465,Repulsion (1965),Drama|Horror,59646,11481.0
27660,-0.47714570224536856,2.9812564601507567,4.575245591589948,"Animatrix, The (2003)",Action|Animation|Drama|Sci-Fi,328832,55931.0
5954,-0.06587232207562974,3.377979131357886,4.715793605798382,25th Hour (2002),Crime|Drama,307901,1429.0
75395,-0.18003436587068702,0.1428301144912339,3.4748150757308913,Frozen (2010),Drama|Horror|Thriller,1323045,44363.0
107412,0.0073043534590699856,0.019038784106312392,5.1189506273423495,"Kidnapping, Caucasian Style (Kavkazskaya plennitsa) (1967)",Comedy|Romance,60584,20878.0
4024,0.9604517612562813,0.321560942094614,7.722136222910217,"House of Mirth, The (2000)",Romance,200720,25520.0
2447,-0.21563818769549514,2.8257844153175946,4.658983204993357,Varsity Blues (1999),Comedy|Drama,139699,14709.0
109282,-0.07611331623537407,0.22400547739431265,4.395510835913313,GLOW: The Story of the Gorgeous Ladies of Wrestling (2012),Documentary,1559038,103732.0
7161,-0.07074449732193075,0.28860438131421967,4.490167910623517,Cheaper by the Dozen (2003),Children|Comedy,349205,11007.0
2477,-0.5197190073936339,1.0626627034996385,4.246221709551755,Firewalker (1986),Adventure,91055,12715.0
2535,-0.3276448443213873,0.4701823829774413,4.038447838025588,Earthquake (1974),Action|Drama|Thriller,71455,11123.0
8044,-0.18499163357142,0.4958075361306885,4.3621823351697175,I Am a Fugitive from a Chain Gang (1932),Crime|Drama|Film-Noir,23042,29740.0
840,-0.14216050860026455,0.3603099099538355,4.340743469238641,House Arrest (1996),Children|Comedy,116571,18862.0
51088,-0.09897979002264304,0.3933393698826521,4.483654445645316,Reno 911!: Miami (2007),Comedy,499554,10090.0
1167,-0.5714285663915346,0.9999999911851852,4.163865546218487,Dear God (1996),Comedy,116059,38554.0
31923,0.2712550214130516,0.3176182548177241,5.589322553666016,"Three Musketeers, The (1973)",Action|Adventure|Comedy,72281,2926.0
2203,-0.07521680493833842,0.25486949327170666,4.440175215918979,Shadow of a Doubt (1943),Crime|Drama|Thriller,36342,21734.0
266,-0.5981928461435118,18.075618457286044,4.70220021009656,Legends of the Fall (1994),Drama|Romance|War|Western,110322,4476.0
70286,-0.1996023120442053,12.468281629030402,4.719285310821629,District 9 (2009),Mystery|Sci-Fi|Thriller,1136608,17654.0
96432,0.08146384423096058,0.3941048062279745,4.942000158638188,Lawless (2012),Crime|Drama,1212450,82633.0
48,-4.964819190133501,17.608468532615877,4.453337786184317,Pocahontas (1995),Animation|Children|Drama|Musical|Romance,114148,10530.0
2375,-1.8784712520975155,3.162417844528858,4.1412956821312195,"Money Pit, The (1986)",Comedy,91541,10466.0
2458,1.2383285906127008,1.605467842744271,5.506613578332108,Armed and Dangerous (1986),Comedy|Crime,90660,2620.0
39715,-0.38095152947142197,1.8753767015303688,4.532160779603266,American Pie Presents: Band Camp (American Pie 4: Band Camp) (2005),Comedy,436058,8274.0
52973,2.8412970485859175,8.109975097135797,5.085640082283791,Knocked Up (2007),Comedy|Drama|Romance,478311,4964.0
68793,-0.753311325958287,1.8531105671146333,4.328782310242484,Night at the Museum: Battle of the Smithsonian (2009),Action|Comedy|IMAX,1078912,18360.0
8012,0.26455940983566284,1.198385419820763,4.956057325760215,Kikujiro (Kikujirô no natsu) (1999),Comedy|Drama,199683,4291.0
507,1.4403203636713844,3.4115465324981114,5.157483980792999,"Perfect World, A (1993)",Crime|Drama|Thriller,107808,9559.0
5010,0.8328928216996511,5.559581993684598,4.885106247883788,Black Hawk Down (2001),Action|Drama|War,265086,855.0
544,0.40300330955412583,1.1525641253954895,5.084952154605167,Striking Distance (1993),Action|Crime,108238,11074.0
1835,-0.09484721169983343,1.7144241495634984,4.679971045043361,City of Angels (1998),Drama|Fantasy|Romance,120632,795.0
4508,0.15068819960632382,0.6635066524636489,4.962402917606799,Gorillas in the Mist (1988),Drama,95243,10130.0
6541,-2.3348334455080706,2.889855277383176,3.9273528121494663,"League of Extraordinary Gentlemen, The (a.k.a. LXG) (2003)",Action|Fantasy|Sci-Fi,311429,8698.0
2803,-0.00620225164823782,0.41277698503484195,4.720268445496965,"Pelican Brief, The (1993)",Crime|Drama|Mystery|Romance|Thriller,107798,9944.0
6193,0.07399249091996483,0.3666848424974931,4.937081817449433,Poolhall Junkies (2002),Comedy|Drama|Thriller,273982,14293.0
50999,-1.525467945060028,0.9989790082693987,3.2082670906200317,"Ugly Duckling and Me!, The (2006)",Animation|Comedy,396042,13517.0
94478,0.181707055126887,0.3140457252500575,5.313894749711716,Dark Shadows (2012),Comedy|Horror|IMAX,1077368,62213.0
162602,0.25989489985609493,0.22400547739431265,5.895510835913313,The Girl on the Train (2016),Thriller,3631112,346685.0
141718,-0.6375475625128539,0.4075046275855355,3.170777988614801,Deathgasm (2015),Comedy|Horror,3705412,323373.0
101112,-0.058871220740090435,0.7181346378364156,4.6533161463331325,Oz the Great and Powerful (2013),Action|Adventure|Fantasy|IMAX,1623205,68728.0
6252,-1.5369498006075473,0.8787236904642515,2.986223485676799,View from the Top (2003),Comedy|Romance,264150,11523.0
3364,-0.011205229959923988,0.09004024785574485,4.610847214992192,"Asphalt Jungle, The (1950)",Crime|Film-Noir,42208,16958.0
162968,0.04402967044256126,0.14936647694438507,5.030070237050044,Kizumonogatari Part 1: Tekketsu (2016),Action|Animation|Mystery,3138698,357786.0
3894,0.1885269212758015,0.3706084777216611,5.243989769820972,Solas (1999),Drama,190798,80713.0
27816,-0.129010298450652,0.1718807994813942,3.9847140712433466,Saints and Soldiers (2003),Action|Adventure|Drama|War,373283,10105.0
4529,-0.01372607921673876,0.15804599783844867,4.648445482411327,Bagdad Cafe (Out of Rosenheim) (1987),Comedy|Drama,95801,3543.0
163,-2.4237598267743192,13.737607582589487,4.558861662999999,Desperado (1995),Action|Romance|Western,112851,8068.0
2985,-4.742428137686646,8.68523316288727,4.189260631988731,RoboCop (1987),Action|Crime|Drama|Sci-Fi|Thriller,93870,5548.0
5,-0.9561107663383855,10.882839515989318,4.6474392186628695,Father of the Bride Part II (1995),Comedy,113041,11862.0
191,-2.685354273941887,1.4985679522411972,2.9433471659417454,"Scarlet Letter, The (1995)",Drama|Romance,114345,10533.0
8360,-2.663612794984925,15.686777200293458,4.565494243461615,Shrek 2 (2004),Adventure|Animation|Children|Comedy|Musical|Romance,298148,809.0
6155,-0.017945791085772544,6.135658992112327,4.73236928249751,How to Lose a Guy in 10 Days (2003),Comedy|Romance,251127,9919.0
73321,-0.06626263581958024,2.7310889300492964,4.711031767530769,"Book of Eli, The (2010)",Action|Adventure|Drama,1037705,20504.0
180777,0.13062408618600926,0.17009932883366186,5.503222404499649,Die Frauen von Ravensbrück (2005),Documentary,832879,363444.0
1407,1.2721346897646044,10.282040268539994,4.859018072867985,Scream (1996),Comedy|Horror|Mystery|Thriller,117571,4232.0
1855,1.5411250629450988,1.4790688665452414,5.777250376617479,Krippendorf's Tribe (1998),Comedy,120725,31220.0
53121,-2.9795615169005982,4.605815310601442,4.0883811791185884,Shrek the Third (2007),Adventure|Animation|Children|Comedy|Fantasy,413267,810.0
1711,-1.0579285094349307,3.9564616713791034,4.467901533741104,Midnight in the Garden of Good and Evil (1997),Crime|Drama|Mystery,119668,8197.0
6974,0.0033515975670849935,0.16612266202073486,4.7554695562435505,"Freshman, The (1990)",Comedy|Crime,99615,10168.0
3249,-0.2039666932914764,0.6175919413105591,4.4050328566943175,"Hand That Rocks the Cradle, The (1992)",Drama|Thriller,104389,11087.0
146656,0.45883502717327385,1.1367467278579357,5.1389328666566065,Creed (2015),Drama,3076658,312221.0
3937,0.1264532736329118,0.4416916444857334,5.021587225546219,Runaway (1984),Sci-Fi|Thriller,88024,9507.0
93297,0.034210805866163825,0.1428301144912339,4.974815075730891,Act of Valor (2012),Action|Thriller|War,1591479,75674.0
85295,-1.525467945060028,0.9989790082693987,3.2082670906200317,Scooby-Doo! Curse of the Lake Monster (2010),Adventure|Children|Comedy|Mystery,1618435,47533.0
88785,1.4599315683154837,1.4643887331265444,5.732250414352822,"Change-Up, The (2011)",Comedy,1488555,49520.0
116411,0.0073043534590699856,0.019038784106312392,5.1189506273423495,Tangerines (2013),Drama,2991224,238628.0
63479,0.38870580062753424,0.3958862768757069,5.717156393084237,Sex Drive (2008),Comedy,1135985,13523.0
69436,0.10482226244898366,0.3958862768757069,5.000072839648311,Year One (2009),Adventure|Comedy,1045778,17610.0
94931,-0.10539337824645029,0.29298545304032525,4.375571895424837,Take This Waltz (2011),Drama|Romance,1592281,86555.0
6386,-0.058457780704104206,0.11672358183282547,4.234471749226007,Nevada Smith (1966),Western,60748,5921.0
33421,-0.06102108222385027,0.27143860713367884,4.510487916096672,Dear Wendy (2005),Drama,342272,10913.0
138396,-0.8991022780047716,0.7012606002738743,3.453171212619126,There Will Come a Day (2013),Comedy|Drama,1951299,158182.0
2268,2.8823034884806242,8.66124905372763,5.068075621862105,"Few Good Men, A (1992)",Crime|Drama|Thriller,104257,881.0
258,-2.280013003300213,2.587770731298986,3.854221858917356,"Kid in King Arthur's Court, A (1995)",Adventure|Children|Comedy|Fantasy|Romance,113538,37108.0
279,-0.24610841550375334,0.4985680159237328,4.2416635443986515,My Family (1995),Drama,113896,38722.0
709,0.6966362391291523,2.6543775924717448,4.997742173682842,Oliver & Company (1988),Adventure|Animation|Children|Comedy|Musical,95776,12233.0
96610,0.17744196952250801,5.333143287029182,4.768565672520536,Looper (2012),Action|Crime|Sci-Fi,1276104,59967.0
7317,1.3097236342642622,3.8840352035933323,5.07250105981189,EuroTrip (2004),Adventure|Comedy,356150,9352.0
60040,-1.0664541931930116,4.206159736962354,4.481748303915507,"Incredible Hulk, The (2008)",Action|Sci-Fi,800080,1724.0
1806,-1.6584639856287313,2.1467033673939553,3.96273093503927,Paulie (1998),Adventure|Children|Comedy,125454,36568.0
2072,-0.4103253412354797,3.090307525484353,4.602515959534407,"'burbs, The (1989)",Comedy,96734,11974.0
1010,-2.0788120192779314,2.502621945248249,3.9046404812778137,"Love Bug, The (1969)",Children|Comedy,64603,14136.0
1232,-0.9127561686921275,2.3656472581436216,4.349456302837598,Stalker (1979),Drama|Mystery|Sci-Fi,79944,1398.0
6884,-0.07970973344328244,0.16612266202073486,4.25546955624355,Veronica Guerin (2003),Crime|Drama|Thriller,312549,10629.0
26649,-0.16277106445364986,0.16612266202073486,3.75546955624355,Lonesome Dove (1989),Adventure|Drama|Western,96639,13057.0
1357,2.775530933645142,4.627303925149114,5.335110118182555,Shine (1996),Drama|Romance,117631,7863.0
3552,5.425752358414047,10.78306039492315,5.238467814139438,Caddyshack (1980),Comedy,80487,11977.0
46062,0.32747812947028393,0.1839098190865725,6.515939278937381,High School Musical (2006),Children|Comedy|Drama|Musical|Romance,475293,10947.0
7757,0.15078418939401528,0.5467830706308234,5.01106013436015,Jason and the Argonauts (1963),Action|Adventure|Fantasy,57197,11533.0
49130,-0.05717875314289088,0.6975807883432699,4.653326904532305,"Good Year, A (2006)",Comedy|Drama|Romance,401445,9726.0
8832,-0.09409307581989239,0.34997208776175814,4.466435316873365,Warriors of Heaven and Earth (Tian di ying xiong) (2003),Action|Adventure|Drama,374330,14797.0
6879,0.4008963840874774,1.1144425468602404,5.095022293152326,Runaway Jury (2003),Drama|Thriller,313542,11329.0
100507,0.7323849713348645,1.2229844856637113,5.334144699907226,21 and Over (2013),Comedy,1711425,107811.0
128366,-0.5264889367906292,0.9989790082693987,4.208267090620032,Patton Oswalt: Tragedy Plus Comedy Equals Time (2014),Comedy,3628334,251016.0
3677,0.0073043534590699856,0.019038784106312392,5.1189506273423495,Baraka (1992),Documentary,103767,14002.0
7158,-0.07155138368829954,0.8503621178067301,4.6511518655523325,House of Sand and Fog (2003),Drama,315983,11093.0
173619,0.016823745512226183,0.019038784106312392,5.6189506273423495,Fugitives (1986),Comedy|Crime,91093,30163.0
165843,0.14789216115893858,0.22400547739431265,5.395510835913313,Risk (2016),Documentary,4964772,393561.0
4703,-9.598978769147104e-05,0.11672358183282547,4.734471749226007,Chocolat (1988),Drama,94868,41951.0
31700,0.1276417964229559,0.6062226361319438,4.945846790568323,Because of Winn-Dixie (2005),Children|Comedy|Drama,317132,17880.0
2252,-0.02658542833120147,0.6491071445847307,4.694337199281587,Hero (1992),Comedy|Drama,104412,10699.0
27912,-0.2460127157952703,0.7672461432643674,4.414650321708807,Outfoxed: Rupert Murdoch's War on Journalism (2004),Documentary,418038,13372.0
73515,0.042870501030742185,0.1718807994813942,4.984714071243347,Bart Got a Room (2008),Comedy|Romance,472050,20107.0
44828,-0.10609851614400154,0.1388513395525776,3.971178218687178,Slither (2006),Comedy|Horror|Sci-Fi,439815,9035.0
2824,0.1443199186217099,0.15804599783844867,5.648445482411327,On the Ropes (1999),Documentary|Drama,181733,113273.0
47261,-0.20517236081353457,0.3176182548177241,4.089322553666016,"Night Listener, The (2006)",Fantasy|Mystery|Thriller,448075,9782.0
3007,-0.06668789425210901,0.46857020435034524,4.592972020268782,American Movie (1999),Documentary,181288,14242.0
2105,-2.7125080071119045,9.911273935941036,4.4616150704687145,Tron (1982),Action|Adventure|Sci-Fi,84827,97.0
2492,-3.3944699989025553,2.0604048830860826,3.0878169510144966,20 Dates (1998),Comedy|Romance,138987,111794.0
3257,0.829201009081099,4.019808751151645,4.941572838952777,"Bodyguard, The (1992)",Drama|Romance|Thriller,103855,619.0
53972,0.772989317558286,3.3733362043639623,4.96444095351782,Live Free or Die Hard (2007),Action|Adventure|Crime|Thriller,337978,1571.0
73323,0.13062408618600926,0.17009932883366186,5.503222404499649,"Girl Who Kicked the Hornet's Nest, The (Luftslottet som sprängdes) (2009)",Action|Crime|Mystery,1343097,33613.0
1748,0.8877874427030734,6.558599288399276,4.870656472269543,Dark City (1998),Adventure|Film-Noir|Sci-Fi|Thriller,118929,2666.0
111844,0.08175162109314828,0.34166007683268573,4.974571770017262,Bad Asses (Bad Ass 2) (2014),Action|Drama,2996648,255268.0
1642,-0.661389915317419,0.3525645640770209,2.8593542680229986,Indian Summer (a.k.a. Alive & Kicking) (1996),Comedy|Drama,116631,172545.0
148775,-0.5264889367906292,0.9989790082693987,4.208267090620032,Wizards of Waverly Place: The Movie (2009),Adventure|Children|Comedy|Drama|Fantasy|Sci-Fi,1369845,26736.0
8340,0.04562015916910238,0.5064316246963712,4.825375694200367,Escape from Alcatraz (1979),Drama|Thriller,79116,10734.0
8507,0.3039400639422153,0.49391896464186064,5.350658348827373,Freaks (1932),Crime|Drama|Horror,22913,136.0
104780,0.016823745512226183,0.019038784106312392,5.6189506273423495,"Mystery of the Third Planet, The (Tayna tretey planety) (1981)",Adventure|Animation|Sci-Fi,211653,49802.0
170957,-0.07611331623537407,0.22400547739431265,4.395510835913313,Cars 3 (2017),Adventure|Animation|Comedy,3606752,260514.0
181139,-0.412121532326843,0.22400547739431265,2.8955108359133126,Lynne Koplitz: Hormonal Beast (2017),Comedy,6892388,470616.0
136666,-0.211216775680473,0.3121072630330013,4.058549931600547,Search Party (2014),Comedy,2758904,239568.0
33201,0.18759207479387496,0.29298545304032525,5.375571895424837,Between Your Legs (Entre las piernas) (1999),Drama|Mystery|Romance|Thriller,177747,53116.0
164881,-0.6913642843271007,0.29298545304032525,2.375571895424837,Night Guards (2016),Action|Sci-Fi,5487524,402193.0
8614,-0.0329747605469021,0.5987152353801934,4.6802182508604675,Overboard (1987),Comedy|Romance,93693,10780.0
4867,-0.6582261101432958,0.8787236904642515,3.986223485676799,Riding in Cars with Boys (2001),Comedy|Drama,200027,11091.0
3150,0.04163927591818565,0.08519701062213066,5.224035161659342,"War Zone, The (1999)",Drama|Thriller,141974,42739.0
8491,-0.06102108222385027,0.27143860713367884,4.510487916096672,White Heat (1949),Crime|Drama|Film-Noir,42041,15794.0
27685,-1.2756269719100015,0.7048129174821184,2.925413878126101,Bring It On Again (2004),Comedy,334965,12540.0
147372,0.17868588926212498,0.4251491847960904,5.155583972719523,Doctor Who: Last Christmas (2014),Adventure|Drama|Fantasy|Sci-Fi,4050552,317182.0
2515,-0.32694623263380973,0.2214585704012579,3.2589627567003134,Children of the Corn II: The Final Sacrifice (1993),Horror,106557,25748.0
8912,0.02607913454609337,0.3107321390339718,4.819222142045083,Taxi (2004),Action|Comedy,316732,11045.0
67186,0.12853426425119877,0.3107321390339718,5.14894384390581,"Haunting in Connecticut, The (2009)",Horror|Thriller,492044,18781.0
85131,-0.16994394006604702,0.25055043467540966,4.057011757904954,Battle: Los Angeles (2011),Action|Sci-Fi|War,1217613,44943.0
2630,-0.029085464804167585,0.10720071313536052,4.463976288189695,Besieged (a.k.a. L' Assedio) (1998),Drama,149723,44297.0
4506,-0.04636323340467251,0.3176182548177241,4.589322553666016,Frantic (1988),Crime|Mystery|Thriller,95174,10675.0
2761,-0.9237641734295174,8.085507312424232,4.6210447406153845,"Iron Giant, The (1999)",Adventure|Animation|Children|Drama|Sci-Fi,129167,10386.0
19,-9.751322721083893,16.22069143896925,4.134128454779142,Ace Ventura: When Nature Calls (1995),Comedy,112281,9273.0
2085,0.1729632660530199,8.504245271535897,4.7556325792659795,101 Dalmatians (One Hundred and One Dalmatians) (1961),Adventure|Animation|Children,55254,12230.0
3039,-0.7669070502559856,5.8616150884697475,4.604458667232624,Trading Places (1983),Comedy,86465,1621.0
59615,-6.2663581313289,6.891150804730908,3.825960058809321,Indiana Jones and the Kingdom of the Crystal Skull (2008),Action|Adventure|Comedy|Sci-Fi,367882,217.0
2822,-0.2184889680213069,1.1200605465297913,4.540225227221236,Medicine Man (1992),Adventure|Romance,104839,9096.0
5015,1.1967713104066822,3.4071352882621153,5.086548532031385,Monster's Ball (2001),Drama|Romance,285742,1365.0
5463,-3.815930216179205,3.4120555403794266,3.6169271476431453,Reign of Fire (2002),Action|Adventure|Fantasy,253556,6278.0
3635,0.868715043217651,1.842012166856766,5.206906118288748,"Spy Who Loved Me, The (1977)",Action|Adventure|Thriller,76752,691.0
40583,0.2790444169298832,1.1989943741992688,4.968026166215877,Syriana (2005),Drama|Thriller,365737,231.0
49265,-0.16277106445364986,0.16612266202073486,3.75546955624355,Shooting Dogs (a.k.a. Beyond the Gates) (2005),Documentary|Drama|War,420901,8588.0
51471,0.0033515975670849935,0.16612266202073486,4.7554695562435505,Amazing Grace (2006),Drama|Romance,454776,15163.0
7156,0.1508167142698499,2.818423299151114,4.788805140748264,"Fog of War: Eleven Lessons from the Life of Robert S. McNamara, The (2003)",Documentary|War,317910,12698.0
7396,-0.6455077336395122,0.7990753108273257,3.927475724445568,Scenes From a Marriage (Scener ur ett äktenskap) (1973),Drama,70644,133919.0
170705,0.29586926814858827,0.7905799473107553,5.109537442632749,Band of Brothers (2001),Action|Drama|War,185906,331214.0
2554,-0.12260734592139644,0.5467830706308234,4.51106013436015,Children of the Damned (1963),Horror|Sci-Fi|Thriller,56931,30202.0
2950,-0.7554843864112307,1.8554395928584384,4.328121397328338,"Blue Lagoon, The (1980)",Adventure|Drama|Romance,80453,5689.0
44709,0.11416795683646663,0.5700922131895821,4.935556380830262,Akeelah and the Bee (2006),Drama,437800,13751.0
37384,1.06443225162028,1.7551751950989412,5.341747681138923,Waiting... (2005),Comedy,348333,7553.0
5109,-0.19444444414048548,0.9999999984367814,4.540849673202614,Return to Never Land (2002),Adventure|Animation|Children,280030,16690.0
6985,0.0073043534590699856,0.019038784106312392,5.1189506273423495,"Passion of Joan of Arc, The (Passion de Jeanne d'Arc, La) (1928)",Drama,19254,780.0
26903,-0.0022150385940862107,0.019038784106312392,4.6189506273423495,Whisper of the Heart (Mimi wo sumaseba) (1995),Animation|Drama|Romance,113824,37797.0
7096,-0.3086101766216548,0.24214029242622145,3.4607843137254903,Rivers and Tides (2001),Documentary,307385,30140.0
1856,0.14789216115893858,0.22400547739431265,5.395510835913313,Kurt & Courtney (1998),Documentary,138563,13907.0
2844,-2.646666638368973,0.9999999893081762,2.0886274509803924,"Minus Man, The (1999)",Drama|Mystery,151582,21719.0
70599,0.1062980402843601,0.3051559526289799,5.083634169245532,"Time Traveler's Wife, The (2009)",Drama|Romance|Sci-Fi,452694,24420.0
26681,-0.2518861047666129,0.29298545304032525,3.875571895424837,Bullet in the Head (1990),Action|Drama|War,99426,11909.0
81456,-0.5484719778678345,0.7012606002738743,3.953171212619126,Heartbeats (Les amours imaginaires) (2010),Drama|Romance,1600524,51241.0
78574,-0.002857952399764295,0.22889158740832247,4.7228080650484285,Winter's Bone (2010),Drama|Thriller,1399683,39013.0
3947,-0.08615624001501034,0.08519701062213066,3.7240351616593412,Get Carter (1971),Action|Crime|Drama|Thriller,67128,1485.0
4849,0.04163927591818565,0.08519701062213066,5.224035161659342,My First Mister (2001),Comedy|Drama,206963,25641.0
4608,0.35542420534767816,0.3969814970498682,5.630610922054773,"Innocent Man, An (1989)",Crime|Drama,97579,29185.0
3138,0.3866426670121383,0.4721727115330053,5.5541526784411035,Stealing Home (1988),Drama,96171,32331.0
27604,-0.03667284636771273,0.1388513395525776,4.471178218687178,Suicide Club (Jisatsu saakuru) (2001),Horror|Mystery|Thriller,312843,12720.0
70994,-0.03667284636771273,0.1388513395525776,4.471178218687178,Halloween II (2009),Horror|Thriller,1311067,24150.0
553,1.2517572856106178,12.928132346894508,4.8321184115220595,Tombstone (1993),Action|Drama|Western,108358,11969.0
131724,-0.5393061050888711,0.5127828540189265,3.683569979716024,The Jinx: The Life and Deaths of Robert Durst (2015),Documentary,4299972,321640.0
4381,-0.3410090642814317,0.49985260594160486,4.053074878959585,"Closet, The (Placard, Le) (2001)",Comedy,243493,11444.0
92,0.7591234444933209,0.9887822775841792,5.503029808003517,Mary Reilly (1996),Drama|Horror|Thriller,117002,9095.0
419,-2.62613653434562,2.9679066661131537,3.8504494005505894,"Beverly Hillbillies, The (1993)",Comedy,106400,11041.0
542,-0.09717871982990806,3.5307458591842664,4.707770550756193,Son in Law (1993),Comedy|Drama|Romance,108186,13203.0
33145,-0.19546797264909785,0.925810853649484,4.524162468154534,"Lot Like Love, A (2005)",Comedy|Drama|Romance,391304,8976.0
2374,-0.31347438135190203,1.242152338035173,4.482930239438889,Gung Ho (1986),Comedy|Drama,91159,13698.0
3584,0.1367778088908817,0.2251868844269083,5.3426909882018245,Breathless (1983),Action|Drama|Romance|Thriller,85276,1058.0
56775,-0.43236262824856014,3.133812315648168,4.597327135358544,National Treasure: Book of Secrets (2007),Action|Adventure,465234,6637.0
43936,0.29906421791415716,2.3940809427707404,4.86021229086807,16 Blocks (2006),Crime|Thriller,450232,2207.0
45658,0.16947425958781986,0.16612266202073486,5.7554695562435505,On a Clear Day (2005),Drama,410400,38344.0
836,1.2682916281811303,5.199298489794787,4.97922926210367,Chain Reaction (1996),Action|Adventure|Thriller,115857,12123.0
2664,-0.13700252403226615,1.1747712537774238,4.618673521431633,Invasion of the Body Snatchers (1956),Horror|Sci-Fi|Thriller,49366,11549.0
1541,-0.2577353820601229,1.2299578484149156,4.52574597549546,Addicted to Love (1997),Comedy|Romance,118556,2058.0
127202,0.5676567370766937,1.3832745026638298,5.145665837781807,Me and Earl and the Dying Girl (2015),Drama,2582496,308369.0
1192,0.21517876859585267,0.24696690760992196,5.606579953787187,Paris Is Burning (1990),Documentary,100332,31225.0
69211,-1.525467945060028,0.9989790082693987,3.2082670906200317,Boy Eats Girl (2005),Comedy|Horror,415679,27134.0
163925,0.016823745512226183,0.019038784106312392,5.6189506273423495,"Wings, Legs and Tails (1986)",Animation|Comedy,1350929,333372.0
85020,0.060794858230474445,0.562657697708411,4.84334357378723,"Mechanic, The (2011)",Action|Drama|Thriller,472399,27582.0
135567,-0.5665078889126588,0.5343897005031583,3.6751915588229283,Independence Day: Resurgence (2016),Action|Adventure|Sci-Fi,1628841,47933.0
5385,0.11409183074595493,0.2188700426555053,5.25657071339174,"Last Waltz, The (1978)",Documentary,77838,13963.0
34334,0.07355769333517909,0.28860438131421967,4.990167910623517,Stealth (2005),Action|Adventure|Sci-Fi|Thriller,382992,10048.0
1938,-0.05622535388779642,0.09004024785574485,4.110847214992192,"Lost Weekend, The (1945)",Drama,37884,28580.0
7215,-0.10615661567559914,0.5858477839864333,4.554092415468976,To Have and Have Not (1944),Adventure|Drama|Romance|Thriller|War,37382,22584.0
6057,-0.21495069819134913,0.1718807994813942,3.4847140712433466,Biker Boyz (2003),Action|Crime|Drama,326769,12253.0
7262,-0.21495069819134913,0.1718807994813942,3.4847140712433466,Catch That Kid (2004),Action|Adventure|Children|Comedy|Crime,337917,20483.0
57526,-0.04306989870995492,0.1718807994813942,4.484714071243347,Untraceable (2008),Crime|Thriller,880578,8090.0
1807,0.0498735946372842,0.14262098115574245,5.084987369180801,"Cool, Dry Place, A (1998)",Drama,120642,37272.0
3676,-0.15246174954867403,0.4564695943703017,4.401292134976133,Eraserhead (1977),Drama|Horror,74486,985.0
2964,-0.48786407273208476,0.15804599783844867,1.6484454824113266,Julien Donkey-Boy (1999),Drama,192194,42881.0
2903,-0.04636323340467251,0.3176182548177241,4.589322553666016,Psycho III (1986),Horror|Thriller,91799,12662.0
3930,-0.6815997430401207,0.3176182548177241,2.5893225536660163,"Creature from the Black Lagoon, The (1954)",Adventure|Horror|Sci-Fi,46876,10973.0
780,1.1700771418766687,34.211588966892506,4.769495310202277,Independence Day (a.k.a. ID4) (1996),Action|Adventure|Sci-Fi|Thriller,116629,602.0
415,-0.385974024818583,3.5112817492171082,4.625370149026585,Another Stakeout (1993),Comedy|Thriller,106292,9409.0
59333,-0.25502828937595756,0.6138733463204188,4.319852901792669,Made of Honor (2008),Comedy|Romance,866439,10761.0
1227,0.5046039083287939,1.1624011251972393,5.1693989179526945,Once Upon a Time in America (1984),Crime|Drama,87843,311.0
2836,-0.21101642145742305,0.7719699550577317,4.461946145909425,Outside Providence (1999),Comedy,125971,14578.0
53519,0.3135380692479473,2.8416176783703264,4.845631997240967,Death Proof (2007),Action|Adventure|Crime|Horror|Thriller,1028528,1991.0
4322,0.09421945338858617,0.5953349839932913,4.893557038392277,Eight Men Out (1988),Drama,95082,13554.0
140247,-2.053571420374363,0.9999999960083856,2.6817226890756305,The Gift (2015),Drama|Horror,4178092,328425.0
103042,0.04324336322550413,1.594101236611662,4.762421229923453,Man of Steel (2013),Action|Adventure|Fantasy|Sci-Fi|IMAX,770828,49521.0
111360,-0.10128270121362204,1.0572102549807367,4.639492264859065,Lucy (2014),Action|Sci-Fi,2872732,240832.0
7566,0.21569563625052576,0.28148783187536247,5.5015639589169005,28 Up (1985),Documentary,88650,20561.0
89470,-0.04142538884558005,1.1274302201412856,4.698550922276272,Contagion (2011),Sci-Fi|Thriller|IMAX,1598778,39538.0
87485,-0.23340081246533612,0.7770571711237466,4.434929072269765,Bad Teacher (2011),Comedy,1284575,52449.0
6249,-0.005596825596510878,0.04705479297807301,4.6163513863695265,Boat Trip (2003),Comedy,285462,9557.0
102686,0.05682300560877998,1.7498975645558685,4.767766307311031,"Hangover Part III, The (2013)",Comedy,1951261,109439.0
132422,-1.0259784409253285,0.9989790082693987,3.7082670906200317,Da Sweet Blood of Jesus (2014),Comedy|Romance|Thriller,3104930,278316.0
169912,-0.21511548758846025,1.2229844856637113,4.559400236645193,Denis Leary: No Cure for Cancer (1993),Comedy,248752,26797.0
64114,-0.4551222089030044,0.15655207368287652,1.8281323139335308,Fireproof (2008),Drama|Romance,1129423,14438.0
173355,0.016823745512226183,0.019038784106312392,5.6189506273423495,Travels of an Ant (1983),Animation,216126,193216.0
3327,-0.11877826246834042,0.5493093294521866,4.519062103916662,Beyond the Mat (1999),Documentary,218043,14271.0
6299,-0.4270678125357743,1.3274718639096519,4.413578965600085,"Winged Migration (Peuple migrateur, Le) (2001)",Documentary,301727,11516.0
42730,-0.17518136253692967,0.11672358183282547,3.234471749226006,Glory Road (2006),Drama,385726,9918.0
2176,0.18201502621595303,0.9569009182027919,4.925507150943971,Rope (1948),Crime|Drama|Thriller,40746,1580.0
25856,-0.011205229959923988,0.09004024785574485,4.610847214992192,Wuthering Heights (1939),Drama|Romance,32145,3084.0
193581,0.04402967044256126,0.14936647694438507,5.030070237050044,Black Butler: Book of the Atlantic (2017),Action|Animation|Comedy|Fantasy,5476944,432131.0
55553,-0.9606324153557928,0.5165489583537919,2.8755818874312316,Black Sheep (2006),Comedy|Horror,779982,3603.0
65810,-0.16812905762588326,0.24140424746283304,4.038831402541896,Notorious (2009),Drama|Musical,472198,14410.0
1739,1.4318181795938827,0.9999999984465213,6.1671122994652405,3 Ninjas: High Noon On Mega Mountain (1998),Action|Children|Comedy,118539,32302.0
74851,0.032752823408576076,0.1388513395525776,4.971178218687178,From Paris with Love (2010),Action|Crime,1179034,26389.0
1128,-0.3639814882223966,0.3176182548177241,3.5893225536660163,"Fog, The (1980)",Horror,80749,790.0
3243,-1.0568556160994753,0.9211421149758265,3.587962344495844,Encino Man (1992),Comedy,104187,10406.0
86345,-0.11683133213982551,0.746937342898474,4.578880285549089,Louis C.K.: Hilarious (2010),Comedy,1421373,45523.0
122882,0.501479898188796,6.603786077890195,4.811232358570364,Mad Max: Fury Road (2015),Action|Adventure|Sci-Fi|Thriller,1392190,76341.0
1250,2.9430596004082346,8.176380086038236,5.095240642813339,"Bridge on the River Kwai, The (1957)",Adventure|Drama|War,50212,826.0
4034,1.7783708238286176,10.22115587209165,4.9092833265079046,Traffic (2000),Crime|Drama|Thriller,181865,1900.0
257,3.197467799270444,3.467502168256351,5.657418356974731,Just Cause (1995),Mystery|Thriller,113501,9061.0
33836,-0.6520789940888279,0.8356829012342966,3.9549993513837878,Bewitched (2005),Comedy|Fantasy|Romance,374536,9722.0
104374,0.5484983650101206,1.7907838029400276,5.041583667569066,About Time (2013),Drama|Fantasy|Romance,2194499,122906.0
1186,-0.2715909464344162,2.576215630584699,4.629871674273103,"Sex, Lies, and Videotape (1989)",Drama,98724,1412.0
4262,1.684268206018527,9.541051950547127,4.911822682290493,Scarface (1983),Action|Crime|Drama,86250,111.0
1569,-1.1883975242708464,6.892879770221126,4.562884680098909,My Best Friend's Wedding (1997),Comedy|Romance,119738,8874.0
2153,-0.10069022497481459,1.73766883690534,4.677348539734678,"Avengers, The (1998)",Action|Adventure,118661,9320.0
2418,0.2918053460452254,0.6953692674043496,5.154934961330683,Nothing in Common (1986),Comedy,91653,29968.0
6617,-0.21419743526781682,1.1305621974260558,4.545833125801162,Open Range (2003),Western,316356,2055.0
1841,-0.20946000673801898,0.2656565939116339,3.9468325791855206,"Gingerbread Man, The (1998)",Drama|Thriller,119196,12488.0
4623,-1.4437220563290514,3.63549498793021,4.338175689173855,Major League (1989),Comedy,97815,9942.0
115680,-0.01607940486917854,0.9905662413835952,4.719061578925853,Time Lapse (2014),Crime|Drama|Sci-Fi|Thriller,2669336,273271.0
6686,-1.2206092681428076,1.1848851408000494,3.7051442523878517,"Medallion, The (2003)",Action|Comedy|Crime|Fantasy,288045,10610.0
299,-0.18966984079863314,0.7754938722318276,4.490714698530859,Priest (1994),Drama,110889,40156.0
3097,1.4714690797481682,0.9989790082693987,6.208267090620032,"Shop Around the Corner, The (1940)",Comedy|Drama|Romance,33045,20334.0
62008,0.4724900714787695,0.9989790082693987,5.208267090620032,Dead Fury (2008),Action|Animation|Comedy|Horror,1282036,37776.0
167018,1.2318744754695636,1.2229844856637113,5.742563212153215,Why Him? (2016),Comedy,4501244,356305.0
158402,-0.0307732147535548,0.019038784106312392,3.1189506273423495,The Crew (2016),Action,5653294,380111.0
171631,-0.5241242710239994,0.22400547739431265,2.3955108359133126,Maria Bamford: Old Baby,(no genres listed),6264596,455601.0
172705,0.19339614738694633,0.14936647694438507,6.030070237050044,Tickling Giants (2017),Documentary,5494396,390319.0
174909,-0.12434027432287725,0.13674673184955016,3.826019924098672,Logan Lucky (2017),Comedy,5439796,399170.0
58103,0.20353809858488053,0.639298223274694,5.053671505812307,Vantage Point (2008),Action|Drama|Thriller,443274,7461.0
27839,0.02607913454609337,0.3107321390339718,4.819222142045083,"Ring Two, The (2005)",Drama|Horror|Mystery|Thriller,377109,10320.0
70334,0.042870501030742185,0.1718807994813942,4.984714071243347,Hannah Montana: The Movie (2009),Comedy|Drama|Musical|Romance,1114677,18126.0
91978,-0.04742693389446673,0.24140424746283304,4.538831402541897,Man on a Ledge (2012),Crime|Thriller,1568338,49527.0
1497,0.032752823408576076,0.1388513395525776,4.971178218687178,Double Team (1997),Action,119013,9405.0
6379,-0.03667284636771273,0.1388513395525776,4.471178218687178,Wrong Turn (2003),Horror|Thriller,295700,9902.0
34528,-0.04636323340467251,0.3176182548177241,4.589322553666016,Junebug (2005),Comedy|Drama,418773,1444.0
1220,2.330861891464018,11.96140226033742,4.930159388518592,"Blues Brothers, The (1980)",Action|Comedy|Musical,80455,525.0
1222,-1.6388536688700586,15.95989271257839,4.632608360393914,Full Metal Jacket (1987),Drama|War,93058,600.0
2987,-0.005571614790439994,16.121158820253672,4.734948508820016,Who Framed Roger Rabbit? (1988),Adventure|Animation|Children|Comedy|Crime|Fantasy|Mystery,96438,856.0
1225,2.136682271011589,10.988120632265911,4.929747959438471,Amadeus (1984),Drama,86879,279.0
40629,0.5198202448914009,3.240135749559921,4.895725743069544,Pride & Prejudice (2005),Drama|Romance,414387,4348.0
109853,0.07818845530089368,0.1083800370507437,5.45672268907563,Barefoot (2014),Comedy|Drama|Romance,2355495,242042.0
140110,0.35988958672843335,1.4682286165719345,4.980412338792152,The Intern (2015),Comedy,2361509,257211.0
68237,-1.398514768548746,4.1516884020977445,4.398439654329891,Moon (2009),Drama|Mystery|Sci-Fi|Thriller,1182345,17431.0
1299,-0.3490325811398873,3.1197458612973645,4.6234155875815555,"Killing Fields, The (1984)",Drama|War,87553,625.0
57640,-0.16688131841049725,1.866605515040235,4.645890482510526,Hellboy II: The Golden Army (2008),Action|Adventure|Fantasy|Sci-Fi,411477,11253.0
64,-0.967191686063325,1.4422657353777206,4.064688373962783,Two if by Sea (1996),Comedy|Romance,118002,19760.0
1603,-0.34729102804403583,0.9904883984624954,4.384668074390898,Mimic (1997),Horror|Sci-Fi|Thriller,119675,4961.0
3056,-0.3135959599629349,0.2251868844269083,3.342690988201824,Oxygen (1999),Crime|Drama|Thriller,160620,18561.0
96588,-1.3707242752634345,2.397085429247605,4.163464570590125,Pitch Perfect (2012),Comedy|Musical,1981677,114150.0
3181,-0.137892914284029,0.9269468126870842,4.5865337870685465,Titus (1999),Drama,120866,12524.0
227,0.47465859254266296,5.905054654722938,4.81567586181314,Drop Zone (1994),Action|Thriller,109676,4954.0
113374,-0.040341508702861045,0.1839098190865725,4.515939278937381,"Old Lady and the Pigeons, The (La vieille dame et les pigeons) (1997)",Animation|Comedy,127710,48347.0
179073,-0.040341508702861045,0.1839098190865725,4.515939278937381,Male Hunt (1964),Comedy,57936,4835.0
96861,-0.19645196233996365,1.2510922988391042,4.578269761792377,Taken 2 (2012),Action|Crime|Drama|Thriller,1397280,82675.0
47970,0.356439552188207,0.28148783187536247,6.0015639589169005,"Last Kiss, The (2006)",Comedy|Drama,434139,7511.0
4476,-0.2070429317836276,0.4202432741779207,4.242620124973066,Big Business (1988),Comedy,94739,12710.0
2131,-0.4765483502705274,0.39629544908524794,3.5327863639735715,Autumn Sonata (Höstsonaten) (1978),Drama,77711,12761.0
109633,0.016823745512226183,0.019038784106312392,5.6189506273423495,"Garden of Words, The (Koto no ha no niwa) (2013)",Animation|Romance,2591814,198375.0
163112,0.016823745512226183,0.019038784106312392,5.6189506273423495,Winnie the Pooh Goes Visiting (1971),Animation,211730,36163.0
4247,-0.6492784900797076,1.3274516029318348,4.246177611519303,Joe Dirt (2001),Adventure|Comedy|Mystery|Romance,245686,10956.0
87867,0.25989489985609493,0.22400547739431265,5.895510835913313,Zookeeper (2011),Comedy,1222817,38317.0
4130,-1.6466666490607966,0.9999999893081762,3.0886274509803924,Maid to Order (1987),Comedy|Fantasy,93476,2608.0
42009,0.04597908451089472,0.28860438131421967,4.8946093861870565,Cheaper by the Dozen 2 (2005),Adventure|Comedy,452598,9641.0
5610,-1.2756269719100015,0.7048129174821184,2.925413878126101,"Banger Sisters, The (2002)",Comedy|Drama,280460,9034.0
27899,0.806623438689957,0.4958075361306885,6.3621823351697175,What the #$*! Do We Know!? (a.k.a. What the Bleep Do We Know!?) (2004),Comedy|Documentary|Drama,399877,8357.0
2984,0.22670019336933506,0.2214585704012579,5.758962756700313,On Any Sunday (1971),Documentary,67527,29251.0
3806,-0.04636323340467251,0.3176182548177241,4.589322553666016,Mackenna's Gold (1969),Western,64615,18118.0
4465,0.002604918652697833,0.24983978353772862,4.745720474153666,"Accused, The (1988)",Drama,94608,10868.0
1298,-0.8515328234654426,2.565460367701165,4.403372083619117,Pink Floyd: The Wall (1982),Drama|Musical,84503,12104.0
1733,0.3962082089980424,1.0296825981529747,5.120080856501103,Afterglow (1997),Drama|Romance,118566,26941.0
8870,-0.03776024202705949,0.3314422992016953,4.621367071769065,"Forgotten, The (2004)",Drama|Mystery|Sci-Fi|Thriller,356618,10145.0
1252,1.72980409822003,8.38924520214998,4.941487172747739,Chinatown (1974),Crime|Film-Noir|Mystery|Thriller,71315,829.0
1375,1.5789876477909308,6.178083018812324,4.990873015337961,Star Trek III: The Search for Spock (1984),Action|Adventure|Sci-Fi,88170,157.0
55118,1.2248334103495995,1.859559216915985,5.393962795260318,Eastern Promises (2007),Crime|Drama|Thriller,765443,2252.0
168252,0.9530799807583853,2.894946309208619,5.0645161062299575,Logan (2017),Action|Sci-Fi,3315342,263115.0
1973,0.06626455889864487,0.32474840380205366,4.939343030968387,"Freddy's Dead: The Final Nightmare (Nightmare on Elm Street Part 6: Freddy's Dead, A) (1991)",Horror,101917,11284.0
1050,-0.20458080853613803,1.3955170170374296,4.588695540891294,Looking for Richard (1996),Documentary|Drama,116913,42314.0
51935,0.4767918174002398,2.7594383542657903,4.908079937146586,Shooter (2007),Action|Drama|Thriller,822854,7485.0
87306,0.22065290299841636,1.441020178658537,4.8884168193734325,Super 8 (2011),Mystery|Sci-Fi|Thriller|IMAX,1650062,37686.0
3694,-0.8865092757143869,0.34549520045556265,2.169385026737968,"Toxic Avenger, Part II, The (1989)",Comedy|Horror,98503,28165.0
7247,0.3540773820381623,2.1058655379239246,4.903432764517756,Chitty Chitty Bang Bang (1968),Adventure|Children|Comedy|Fantasy|Musical,62803,11708.0
7127,0.06925900929284089,0.13311620170490315,5.255583972719522,Run (1991),Action|Drama|Thriller,102818,48129.0
936,0.48168618513604794,1.7964789474262548,5.003422049692208,Ninotchka (1939),Comedy|Romance,31725,1859.0
53355,-1.525467945060028,0.9989790082693987,3.2082670906200317,Sun Alley (Sonnenallee) (1999),Comedy|Romance,177242,2241.0
78620,-1.0259784409253285,0.9989790082693987,3.7082670906200317,"Scalphunters, The (1968)",Comedy|Western,63557,32068.0
130452,-0.5264889367906292,0.9989790082693987,4.208267090620032,While We're Young (2014),Comedy|Drama,1791682,252512.0
139157,-1.0259784409253285,0.9989790082693987,3.7082670906200317,Massu Engira Maasilamani (2015),Comedy|Horror|Thriller,4328798,329134.0
6367,0.30602258105912333,0.8640969733737687,5.089447170474328,Down with Love (2003),Comedy|Romance,309530,10720.0
6185,0.05826580112872126,0.11672358183282547,5.234471749226007,Dark Blue (2003),Action|Crime|Drama|Thriller,279331,4911.0
764,-0.11611543080381806,0.37725666497893556,4.427505172923441,Heavy (1995),Drama|Romance,113280,22621.0
31038,-0.11611543080381806,0.37725666497893556,4.427505172923441,Smooth Talk (1985),Drama|Romance,90037,33766.0
6568,0.22049758032095568,0.8787236904642515,4.986223485676799,Camp (2003),Comedy|Musical,342167,33339.0
504,0.03633664390100933,0.1525641281597172,4.973467037712312,No Escape (1994),Action|Drama|Sci-Fi,110678,10447.0
7319,-0.08900753111950568,0.053434879398634456,3.069574420677362,Club Dread (2004),Comedy|Horror,331953,11217.0
71252,-0.21495069819134913,0.1718807994813942,3.4847140712433466,"Final Destination, The (Final Destination 4) (Final Destination in 3-D, The) (2009)",Horror|Thriller,1144884,19912.0
886,0.42345085210462585,0.33007061817127203,6.018203982362431,Bulletproof (1996),Action|Comedy|Crime,115783,10723.0
1255,-0.12402301421839909,0.33007061817127203,4.359547209589813,Bad Taste (1987),Comedy|Horror|Sci-Fi,92610,9964.0
54648,0.1716041629611537,0.1388513395525776,5.971178218687178,Rush Hour 3 (2007),Action|Comedy|Crime|Thriller,293564,5174.0
65126,-0.03667284636771273,0.1388513395525776,4.471178218687178,Choke (2008),Comedy|Drama,1024715,13973.0
2286,-0.3639814882223966,0.3176182548177241,3.5893225536660163,"Fiendish Plot of Dr. Fu Manchu, The (1980)",Comedy,80731,3486.0
3440,-1.0687338276585108,1.3938830802521907,3.968562787882192,Teenage Mutant Ninja Turtles III (1993),Action|Adventure|Children|Comedy|Fantasy,108308,1499.0
4006,0.02848681926613909,0.8350795812824725,4.769406817687444,Transformers: The Movie (1986),Adventure|Animation|Children|Sci-Fi,92106,1857.0
904,2.9792836094059223,11.023780311641922,5.005553822138773,Rear Window (1954),Mystery|Thriller,47396,567.0
2150,-0.40981479103531393,7.129656286961495,4.677813816417844,"Gods Must Be Crazy, The (1980)",Adventure|Comedy,80801,8393.0
41,-0.12461163770981104,2.3125629159715415,4.681409470077391,Richard III (1995),Drama|War,114279,31174.0
50872,-1.2441168017485096,11.540540379156068,4.627490084137886,Ratatouille (2007),Animation|Children|Drama,382932,2062.0
69757,-0.5288463649845124,8.12367303944295,4.670194702343562,(500) Days of Summer (2009),Comedy|Drama|Romance,1022603,19913.0
104879,-0.6132833444358682,1.5938870224733948,4.350521962664471,Prisoners (2013),Drama|Mystery|Thriller,1392214,146233.0
144210,0.04557442176917832,0.17009932883366186,5.003222404499649,Just Eat It: A Food Waste Story (2014),Documentary,3597400,259985.0
931,-0.14493454089784902,0.5906177484300786,4.4898992894640255,Spellbound (1945),Mystery|Romance|Thriller,38109,4174.0
2041,-0.8696516112575781,1.1352854597668298,3.969273903280717,Condorman (1981),Action|Adventure|Children|Comedy,82199,19379.0
6345,2.0689503327551018,1.8787236891237498,5.836547242165905,"Chorus Line, A (1985)",Comedy|Drama|Musical,88915,1816.0
4017,-0.7172935817773042,0.9961140091712736,4.015202265536613,Pollock (2000),Drama,183659,12509.0
122916,-0.6572748539929604,3.3690273040472842,4.540200758444134,Thor: Ragnarok (2017),Action|Adventure|Sci-Fi,3501632,284053.0
39381,0.13598590280724332,0.4476104938960973,5.039098216660898,"Proposition, The (2005)",Crime|Drama|Western,421238,16608.0
92535,0.2151706758890087,1.11259448040756,4.9286895368030015,Louis C.K.: Live at the Beacon Theater (2011),Comedy,2112999,80379.0
5291,0.6898263268590181,1.9432474237635247,5.0902804762668055,Rashomon (Rashômon) (1950),Crime|Drama|Mystery,42876,548.0
1326,0.46860761440755033,0.13311620170490315,8.255583972719522,Amityville II: The Possession (1982),Horror,83550,16235.0
5265,-0.21351344326000882,0.35716455187961144,4.137492790117844,Death to Smoochy (2002),Comedy|Crime|Drama,266452,9275.0
3675,0.5968273999163692,2.0121010236903354,5.031913120813085,White Christmas (1954),Comedy|Musical|Romance,47673,13368.0
8985,-1.3931659576773634,1.702381082370323,3.9169309602407405,Blade: Trinity (2004),Action|Fantasy|Horror|Thriller,359013,36648.0
50601,-2.200191701868488,1.1883411632301135,2.883812598747223,Bridge to Terabithia (2007),Adventure|Children|Fantasy,398808,1265.0
1189,-0.07363795172278834,0.7151129045749667,4.632320235828277,"Thin Blue Line, The (1988)",Documentary,96257,14285.0
154,-0.6586866730315715,1.4659242592164587,4.285962121883757,Beauty of the Day (Belle de jour) (1967),Drama,61395,649.0
70697,-0.026999432655929863,0.9989790082693987,4.708267090620032,G-Force (2009),Action|Adventure|Children|Fantasy,436339,19585.0
83969,-1.525467945060028,0.9989790082693987,3.2082670906200317,Down Argentine Way (1940),Comedy|Drama|Romance,32410,43810.0
1321,-1.051061066774798,3.979225905988498,4.47115704887873,"American Werewolf in London, An (1981)",Comedy|Horror|Thriller,82010,814.0
40870,0.054600262017677405,0.24214029242622145,4.96078431372549,C.R.A.Z.Y. (2005),Drama,401085,11421.0
425,-0.11611543080381806,0.37725666497893556,4.427505172923441,Blue Sky (1994),Drama|Romance,109306,57834.0
3341,0.006097447004799458,0.998390997488998,4.741401391270454,Born Yesterday (1950),Comedy,42276,24481.0
1979,0.029048269382908533,0.09956151937514536,5.027056131377035,Friday the 13th Part VI: Jason Lives (1986),Horror,91080,10225.0
7366,0.0028832405871135475,0.40077238688971667,4.742488327331737,Jersey Girl (2004),Comedy|Drama|Romance,300051,9541.0
6588,0.04163927591818565,0.08519701062213066,5.224035161659342,And Now... Ladies and Gentlemen... (2002),Romance|Thriller,283883,50350.0
3573,1.239876496273367,0.6795476950729031,6.55985552115583,Carnosaur 2 (1995),Horror|Sci-Fi,112634,65460.0
7072,0.06291213449392424,0.4958075361306885,4.8621823351697175,Stagecoach (1939),Action|Drama|Romance|Western,31971,995.0
71254,-0.04122927923143727,0.5521363864968049,4.660621844202034,Gamer (2009),Action|Sci-Fi|Thriller,1034032,18501.0
86817,0.07763630506990228,0.7158015748181109,4.84375476903586,Something Borrowed (2011),Comedy|Drama|Romance,491152,49022.0
4110,-0.04636323340467251,0.3176182548177241,4.589322553666016,"Fourth Protocol, The (1987)",Thriller,93044,4918.0
5428,-0.6815997430401207,0.3176182548177241,2.5893225536660163,Cheech & Chong's The Corsican Brothers (1984),Comedy,87042,14774.0
42418,0.2712550214130516,0.3176182548177241,5.589322553666016,"New World, The (2005)",Adventure|Drama|Romance,402399,11400.0
4902,-0.18354811519300152,0.30112121597847724,4.125745187006048,"Devil's Backbone, The (Espinazo del diablo, El) (2001)",Drama|Fantasy|Horror|Thriller|War,256009,1433.0
347,-0.488476772386143,1.777628788298774,4.4605029038674795,Bitter Moon (1992),Drama|Film-Noir|Romance,104779,10497.0
455,-2.841673502148012,7.716157554845823,4.367018394665818,Free Willy (1993),Adventure|Children|Drama,106965,1634.0
119145,1.5578685174199598,4.419685288951151,5.087778155665445,Kingsman: The Secret Service (2015),Action|Adventure|Comedy|Crime,2802144,207703.0
2410,-0.6148128067833889,1.8135167851920642,4.3962772351988075,Rocky III (1982),Action|Drama,84602,1371.0
1688,1.2894201209859393,3.4257011191771025,5.111690095033339,Anastasia (1997),Adventure|Animation|Children|Drama|Musical,118617,9444.0
1035,3.518210615583147,10.581127250653624,5.067792776083079,"Sound of Music, The (1965)",Musical|Romance,59742,15121.0
119141,-0.3634735679580863,2.8156538354491376,4.606203828428282,The Interview (2014),Action|Comedy,2788710,228967.0
3256,0.6044843094864754,4.268558178865227,4.87690734725687,Patriot Games (1992),Action|Crime|Drama|Thriller,105112,9869.0
63062,0.07372210585664164,0.4470824934641864,4.90019009754869,Changeling (2008),Crime|Drama|Mystery,824747,3580.0
3285,-0.8774479406467096,3.7036725221780897,4.498381179099595,"Beach, The (2000)",Adventure|Drama,163978,1907.0
484,-0.225264997029161,0.5035335227710654,4.287925696594427,Lassie (1994),Adventure|Children,110305,29918.0
26680,0.4848689907080529,0.8397685236711487,5.312678214622247,Cry-Baby (1990),Comedy|Musical|Romance,99329,9768.0
52245,-0.5384947474931392,2.019958381114442,4.46870706688018,Blades of Glory (2007),Comedy|Romance,445934,9955.0
77800,0.17920684826329805,0.3085313357720285,5.316132520381336,Four Lions (2010),Comedy|Drama,1341167,37495.0
40962,-1.024071949155484,1.5749942471271086,4.0850873305280215,"Yours, Mine and Ours (2005)",Comedy|Romance,443295,13499.0
66943,-1.525467945060028,0.9989790082693987,3.2082670906200317,"Cottage, The (2008)",Comedy|Crime|Horror|Thriller,465430,13849.0
93022,-1.525467945060028,0.9989790082693987,3.2082670906200317,Miss Nobody (2010),Comedy|Crime,1129427,51875.0
176805,-0.5264889367906292,0.9989790082693987,4.208267090620032,Little Boxes (2017),Comedy|Drama,5030402,390407.0
1529,0.012779040052072962,0.30500932174137296,4.777191329112972,Nowhere (1997),Comedy|Drama,119809,1811.0
59022,-0.27757105959929884,1.0820604145183792,4.478773265506983,Harold & Kumar Escape from Guantanamo Bay (2008),Adventure|Comedy,481536,13335.0
80572,0.014534012145625108,0.15655207368287652,4.828132313933531,I'm Still Here (2010),Comedy|Drama,1356864,43939.0
138835,0.016823745512226183,0.019038784106312392,5.6189506273423495,Return to Treasure Island (1988),Adventure|Animation|Comedy,122227,49418.0
112515,0.009945417857666596,0.215115704773235,4.781526994359387,"Babadook, The (2014)",Drama|Horror|Thriller,2321549,242224.0
160718,-0.13133173766500764,0.6692079312765852,4.539044594102892,Piper (2016),Animation,5613056,399106.0
2847,0.033814893967948435,0.09004024785574485,5.110847214992192,Only Angels Have Wings (1939),Adventure|Drama|Romance,31762,43832.0
2810,-0.3324596893575291,0.27143860713367884,3.5104879160966713,Perfect Blue (1997),Animation|Horror|Mystery|Thriller,156887,10494.0
33896,-0.06102108222385027,0.27143860713367884,4.510487916096672,3 Extremes (Three... Extremes) (Saam gaang yi) (2004),Horror,420251,33908.0
5572,-0.45882837334428805,0.32992679731984287,3.344596614226373,Barbershop (2002),Comedy,303714,10611.0
2365,-0.3639814882223966,0.3176182548177241,3.5893225536660163,King Kong vs. Godzilla (Kingukongu tai Gojira) (1962),Action|Sci-Fi,56142,1680.0
1136,2.191127798874673,23.876260909991693,4.827064257332445,Monty Python and the Holy Grail (1975),Adventure|Comedy|Fantasy,71853,762.0
4308,0.3142092460706011,10.555691754628192,4.76506092529686,Moulin Rouge (2001),Drama|Musical|Romance,203009,824.0
15,1.7531078053130735,2.8429602110212766,5.351942848261303,Cutthroat Island (1995),Action|Adventure|Romance,112760,1408.0
43,-0.2690202336343459,1.0818428646530909,4.4866256257394,Restoration (1995),Drama,114272,35196.0
2420,-0.4832169349799399,6.203780234894614,4.657403393494392,"Karate Kid, The (1984)",Drama,87538,1885.0
3686,-0.21004092658757853,1.375648727458754,4.582609117185067,Flatliners (1990),Horror|Sci-Fi|Thriller,99582,1551.0
5171,-2.134861200710239,5.204132868149686,4.325069925683013,"Time Machine, The (2002)",Action|Adventure|Sci-Fi,268695,2135.0
3638,1.3322160858413423,3.7473538606067933,5.090802600538403,Moonraker (1979),Action|Adventure|Sci-Fi|Thriller,79574,698.0
4235,1.4683101349375791,2.723854982705626,5.274350030777609,Amores Perros (Love's a Bitch) (2000),Drama|Thriller,245712,55.0
1253,-1.1930011230091686,3.674570212801754,4.410629992614722,"Day the Earth Stood Still, The (1951)",Drama|Sci-Fi|Thriller,43456,828.0
60389,-0.16277106445364986,0.16612266202073486,3.75546955624355,Battle for Haditha (2007),War,870211,14111.0
4629,-0.038614351459595464,0.6105225776891008,4.672046085763037,Next of Kin (1989),Action|Crime|Thriller,97967,27418.0
1151,-0.14965556687628742,0.3399426450059737,4.295056421450815,Lesson Faust (1994),Animation|Comedy|Drama|Fantasy,109781,18919.0
4015,0.41264127916537197,4.726066496394864,4.822605897851621,"Dude, Where's My Car? (2000)",Comedy|Sci-Fi,242423,8859.0
41571,0.08346123851802527,0.5401125551281564,4.889819758137349,Memoirs of a Geisha (2005),Drama|Romance,397535,1904.0
68659,1.5190356583728106,1.5218710876075943,5.7334309971384485,Fanboys (2009),Adventure|Comedy|Drama,489049,13532.0
80860,1.3284191278016757,1.2804668401447612,5.77274318399812,Life as We Know It (2010),Comedy|Romance,1055292,38408.0
69469,-1.525467945060028,0.9989790082693987,3.2082670906200317,Garfield's Pet Force (2009),Animation,1389762,19508.0
158398,-1.525467945060028,0.9989790082693987,3.2082670906200317,World of Glory (1991),Comedy,102083,44238.0
181065,-0.49059951432884696,1.2229844856637113,4.334144699907226,Jack Whitehall: At Large (2017),Comedy,7539884,479269.0
5420,-1.1371378708414253,1.2019205908917376,3.7891934522131208,Windtalkers (2002),Action|Drama|War,245562,12100.0
4534,0.05826580112872126,0.11672358183282547,5.234471749226007,Return to Snowy River (a.k.a. The Man From Snowy River II) (1988),Adventure|Drama|Western,95993,13965.0
45081,0.009093485685842145,0.4702958348711555,4.754629788966226,Silent Hill (2006),Fantasy|Horror|Thriller,384537,588.0
1827,-0.1471773222388606,0.3566356177558095,4.322611494511998,"Big One, The (1997)",Comedy|Documentary,124295,1774.0
2346,0.3602791889103127,1.2022533128256994,5.0349640666227335,"Stepford Wives, The (1975)",Mystery|Sci-Fi|Thriller,73747,12223.0
3434,-0.2687916124184251,0.1525641281597172,2.973467037712312,Death Wish 5: The Face of Death (1994),Action|Drama,109578,34746.0
91483,-0.4756577131612541,0.2855088314293242,3.069294117647059,Bullet to the Head (2012),Action|Crime|Film-Noir,1308729,70074.0
5667,-0.03667284636771273,0.1388513395525776,4.471178218687178,Tuck Everlasting (2002),Drama|Fantasy,283084,13768.0
34323,-0.0630782919161008,0.4564695943703017,4.597106837061334,"Devil's Rejects, The (2005)",Action|Crime|Horror,395584,1696.0
3527,-2.4182207165654077,6.8291919082728265,4.381193552156141,Predator (1987),Action|Sci-Fi|Thriller,93773,106.0
8798,0.21834184487135608,5.490135697468166,4.775063962492979,Collateral (2004),Action|Crime|Drama|Thriller,369339,1538.0
262,1.6862969164543027,4.75078741454027,5.0902451540359355,"Little Princess, A (1995)",Children|Drama,113670,19101.0
6333,1.6327169983677434,12.94427720402433,4.861428390935036,X2: X-Men United (2003),Action|Adventure|Sci-Fi|Thriller,290334,36658.0
8865,-0.9727002749342764,1.6028117072317865,4.128422910913596,Sky Captain and the World of Tomorrow (2004),Action|Adventure|Sci-Fi,346156,5137.0
511,0.0218789986644354,0.10001827960884754,4.954044117647059,"Program, The (1993)",Action|Drama,107889,18133.0
6787,-0.06270402495968325,2.226028049361183,4.707125548532362,All the President's Men (1976),Drama|Thriller,74119,891.0
44555,0.060918515253802846,3.3362783995229988,4.753553539661275,"Lives of Others, The (Das leben der Anderen) (2006)",Drama|Romance|Thriller,405094,582.0
3040,2.039467765784422,1.4529037145845538,6.1390125783487655,Meatballs (1979),Comedy,79540,14035.0
3835,0.30959431592846604,0.34926027409491756,5.62172277527426,"Crush, The (1993)",Thriller,106627,33408.0
2565,1.926486129988233,4.375229784524529,5.175610678117172,"King and I, The (1956)",Drama|Musical|Romance,49408,16520.0
4638,-2.431697899129529,4.242535427527794,4.162123205896647,Jurassic Park III (2001),Action|Adventure|Sci-Fi|Thriller,163025,331.0
6166,-2.4194690890772392,1.4805114150447618,3.101082409117889,Dennis the Menace (1993),Comedy,106701,12139.0
61132,0.33777117680458746,3.2988875800380515,4.837683534870149,Tropic Thunder (2008),Action|Adventure|Comedy|War,942385,7446.0
60735,0.08641292857745242,0.16612266202073486,5.2554695562435505,Shotgun Stories (2007),Drama|Thriller,952682,12247.0
3824,-2.53496075181982,1.6269830216391012,3.1772196214141615,Autumn in New York (2000),Drama|Romance,174480,10641.0
5220,-0.09232542761200174,2.1167307228353445,4.691677125359853,Showtime (2002),Action|Comedy,284490,5851.0
37545,-0.040341508702861045,0.1839098190865725,4.515939278937381,Woyzeck (1979),Drama,80149,10319.0
136305,0.32747812947028393,0.1839098190865725,6.515939278937381,Sharknado 3: Oh Hell No! (2015),Horror|Sci-Fi,3899796,331446.0
6659,-0.14775761673917798,2.299387813586006,4.671034571751344,Tremors (1990),Comedy|Horror|Sci-Fi,100814,9362.0
2385,-0.8825381261026535,0.7500580362257077,3.5586676654546583,Home Fries (1998),Comedy|Romance,119304,12257.0
74946,1.0136188082402768,1.8356109811057644,5.287491080224433,She's Out of My League (2010),Comedy,815236,34016.0
51575,1.2663454650621422,1.3948652851451055,5.643156316633828,Wild Hogs (2007),Adventure|Comedy,486946,11199.0
134847,-1.525467945060028,0.9989790082693987,3.2082670906200317,Ghost Graduation (2012),Comedy,1924273,86541.0
159069,-1.0259784409253285,0.9989790082693987,3.7082670906200317,Comedy of the Strict Regime (1993),Comedy,106591,83501.0
172321,1.4714690797481682,0.9989790082693987,6.208267090620032,Late Night with Conan O'Brien: The Best of Triumph the Insult Comic Dog (2004),Comedy,422618,263029.0
3310,0.2684455876341875,0.39629544908524794,5.4126816280356564,"Kid, The (1921)",Comedy|Drama,12349,10098.0
55261,-0.9746572414343299,0.75091855628647,3.43734078665692,"Heartbreak Kid, The (2007)",Comedy|Drama|Romance,408839,9038.0
2798,-0.5529244620462146,1.6119720329518255,4.392282917239503,Problem Child (1990),Children|Comedy,100419,11077.0
2691,0.08423778122925098,0.08519701062213066,5.724035161659341,"Legend of 1900, The (a.k.a. The Legend of the Pianist on the Ocean) (Leggenda del pianista sull'oceano) (1998)",Drama,120731,10376.0
6335,0.08423778122925098,0.08519701062213066,5.724035161659341,"Dancer Upstairs, The (2002)",Crime|Drama|Thriller,118926,20689.0
2741,-0.11622748425870788,0.1525641281597172,3.973467037712312,No Mercy (1986),Action|Crime|Thriller,91637,26789.0
61348,-0.7933799630696894,0.2948391268614675,2.0444030832204607,Disaster Movie (2008),Comedy,1213644,13805.0
8939,-0.04306989870995492,0.1718807994813942,4.484714071243347,"Final Cut, The (2004)",Sci-Fi|Thriller,364343,11099.0
33148,-0.129010298450652,0.1718807994813942,3.9847140712433466,King's Ransom (2005),Comedy|Crime,388183,27360.0
81786,-0.010440871436005037,0.5290041527575854,4.715557275541796,Certified Copy (Copie conforme) (2010),Drama,1020773,48303.0
43549,-0.03667284636771273,0.1388513395525776,4.471178218687178,Helter Skelter (2004),Action|Crime|Drama|Horror,383393,45759.0
1904,-0.32981807489363607,0.15804599783844867,2.6484454824113266,Henry Fool (1997),Comedy|Drama,122529,37410.0
48416,-0.20517236081353457,0.3176182548177241,4.089322553666016,School for Scoundrels (2006),Comedy|Crime,462519,9842.0
1793,-0.019042637476578455,0.051975198759602395,4.3689148073022315,Welcome to Woop-Woop (1997),Comedy,120491,6970.0
1947,3.2556262587849556,6.193438710049673,5.2609514158297745,West Side Story (1961),Drama|Musical|Romance,55614,1725.0
4741,-0.22481021088861042,0.48274799248063033,4.269605571261999,Together (Tillsammans) (2000),Comedy|Drama|Romance,203166,742.0
112,2.6102601666831067,7.818137857631605,5.069166481401188,Rumble in the Bronx (Hont faan kui) (1995),Action|Adventure|Comedy|Crime,113326,33542.0
105504,0.3388812306125356,2.5087667379741183,4.870372929671723,Captain Phillips (2013),Adventure|Drama|Thriller|IMAX,1535109,109424.0
5446,0.06161739869580626,0.28284624385356033,4.953141800035614,Rabbit-Proof Fence (2002),Adventure|Drama,252444,9555.0
50068,-0.15262062850380329,1.5434648142905303,4.636412285621651,Letters from Iwo Jima (2006),Drama|War,498380,1251.0
125916,0.10154870838413486,0.03688045141315024,7.4887503388452155,Fifty Shades of Grey (2015),Drama|Romance,2322441,216015.0
6663,0.022570625791063198,0.6797173552172611,4.768500016566396,"Pink Panther Strikes Again, The (1976)",Comedy|Crime,75066,12268.0
2524,-0.024296526767654814,1.0169654536082646,4.711402915953384,"Towering Inferno, The (1974)",Action|Adventure|Drama|Thriller,72308,5919.0
86290,0.23517375666140022,0.17178460392247835,6.10429780768396,American: The Bill Hicks Story (2009),Comedy|Documentary,1179947,46105.0
4448,-0.9105295646006051,2.684246540469013,4.396081772255897,"Score, The (2001)",Action|Drama,227445,11371.0
8024,0.002700908440389304,0.13311620170490315,4.755583972719522,"Thing Called Love, The (1993)",Comedy|Drama|Romance,108327,27804.0
7541,-0.025433626785052954,1.5069871401909805,4.718416981733458,100 Girls (2000),Comedy|Romance,214388,10035.0
5874,0.3374268950126179,0.4099116099249633,5.558464008039736,Friday After Next (2002),Comedy,293815,10426.0
1194,4.183238952230781,2.748424052245742,6.257344162585594,Cheech and Chong's Up in Smoke (1978),Comedy,78446,11455.0
130518,-1.0259784409253285,0.9989790082693987,3.7082670906200317,The Amazing Screw-On Head (2006),Action|Adventure|Animation|Comedy|Sci-Fi,468445,213110.0
143559,-1.525467945060028,0.9989790082693987,3.2082670906200317,L.A. Slasher (2015),Comedy|Crime|Fantasy,2735292,323792.0
136562,-0.01782062829352668,0.4614737399773864,4.696677341111952,Steve Jobs (2015),Drama,2080374,321697.0
96737,-0.038064382331322456,0.5494421147176277,4.66601587829898,Dredd (2012),Action|Sci-Fi,1343727,49049.0
75985,0.1034922945316955,0.6732410400557358,4.889016615792935,Repo Men (2010),Action|Sci-Fi|Thriller,1053424,31867.0
4037,0.25989446499116803,1.1495085344908769,4.96138592748845,House of Games (1987),Crime|Film-Noir|Mystery|Thriller,93223,26719.0
6279,-0.058457780704104206,0.11672358183282547,4.234471749226007,"Good Thief, The (2002)",Crime|Drama,281820,6016.0
269,0.32200612568960363,0.4344527092637509,5.476470588235294,My Crazy Life (Mi vida loca) (1993),Drama,107566,32325.0
81512,0.12881090077143928,0.1718807994813942,5.484714071243347,Hereafter (2010),Drama|Fantasy,1212419,44603.0
7368,-0.03667284636771273,0.1388513395525776,4.471178218687178,Never Die Alone (2004),Crime|Drama|Thriller,354766,20304.0
38992,-0.03667284636771273,0.1388513395525776,4.471178218687178,Two for the Money (2005),Drama,417217,9910.0
3015,-0.04636323340467251,0.3176182548177241,4.589322553666016,Coma (1978),Thriller,77355,11223.0
3086,-0.015534163259028701,0.009146187212576635,3.0368636243735163,Babes in Toyland (1934),Children|Comedy|Fantasy|Musical,24852,25898.0
1732,2.8431393484073286,15.529323410887113,4.918376102172804,"Big Lebowski, The (1998)",Comedy|Crime,118715,115.0
60756,-0.454298889414292,3.1992776399521405,4.593293659874632,Step Brothers (2008),Comedy,838283,12133.0
327,0.4098848381115756,5.711108103967408,4.807063874172388,Tank Girl (1995),Action|Comedy|Sci-Fi,114614,9067.0
72330,0.02399843677552183,0.1083800370507437,4.95672268907563,"Private Lives of Pippa Lee, The (2009)",Drama,1134629,4475.0
849,1.7321766539406267,6.6020030079179275,4.997665499765969,Escape from L.A. (1996),Action|Adventure|Sci-Fi|Thriller,116225,10061.0
2278,0.9682119725695755,6.132749132891177,4.893169803019033,Ronin (1998),Action|Crime|Thriller,122690,8195.0
1263,-0.3011497132417828,4.444645127801255,4.667538491588616,"Deer Hunter, The (1978)",Drama|War,77416,11778.0
4816,1.2922486287957204,6.474632908283988,4.934880510744705,Zoolander (2001),Comedy,196229,9398.0
51357,0.04557442176917832,0.17009932883366186,5.003222404499649,Citizen X (1995),Crime|Drama|Thriller,112681,12554.0
1894,-2.3137715031981374,2.71538850152542,3.883198182977551,Six Days Seven Nights (1998),Adventure|Comedy|Romance,120828,6068.0
3999,-1.9583105738733204,2.8334067118683395,4.044143579437874,Vertical Limit (2000),Action|Adventure,190865,11678.0
2841,-0.5838883784740492,3.4328210162140893,4.565204160810919,Stir of Echoes (1999),Horror|Mystery|Thriller,164181,11601.0
5329,-0.048326073774964284,0.8554962752722746,4.678805182309984,"Salton Sea, The (2002)",Crime|Drama|Thriller,235737,11468.0
8495,0.08641292857745242,0.16612266202073486,5.2554695562435505,Animal Factory (2000),Crime|Drama,204137,9791.0
61248,0.0853744793256404,0.5463782490361455,4.891549384902386,Death Race (2008),Action|Adventure|Sci-Fi|Thriller,452608,10483.0
2794,0.5041362482454546,2.929447933446701,4.907386696077802,European Vacation (aka National Lampoon's European Vacation) (1985),Adventure|Comedy|Romance,89670,11418.0
3766,-1.2650594799854922,1.4602392332092387,3.868956978351596,Missing in Action (1984),Action|War,87727,15379.0
2106,0.6937419005371879,0.8580048488770723,5.543846541849712,Swing Kids (1993),Drama|War,108265,10419.0
175693,0.051613400840425205,0.1839098190865725,5.015939278937381,Rick and Morty: State of Georgia Vs. Denver Fenton Allen (2016),Comedy|Crime,5950978,412103.0
2257,0.002700908440389304,0.13311620170490315,4.755583972719522,No Small Affair (1984),Comedy|Romance,87810,44772.0
62956,0.1678436520295953,1.0897582622194497,4.8893132775364805,Futurama: Bender's Game (2008),Action|Adventure|Animation|Comedy|Fantasy|Sci-Fi,1054486,13253.0
69654,-0.10861930862507008,0.1428301144912339,3.9748150757308913,Prison Break: The Final Break (2009),Action|Drama|Thriller,1131748,176241.0
5094,0.23658952683175233,0.18590613253065064,6.00792307082452,Rollerball (2002),Action|Sci-Fi,246894,11535.0
8372,-1.9586626761374437,1.4884780625685168,3.419411320719856,Garfield: The Movie (2004),Animation|Children|Comedy,356634,8920.0
8016,-0.027655030667847417,0.26502737723353814,4.630946291560102,"Getaway, The (1972)",Action|Crime|Drama|Thriller,68638,5916.0
5619,0.013738269444952645,0.21981231111924232,4.797794117647059,"Trials of Henry Kissinger, The (2002)",Documentary,326306,54714.0
5316,0.053075506708280894,0.5234815345495701,4.836683571152711,Enigma (2001),Romance|Thriller,157583,10491.0
79428,-0.16661014883979572,0.6372905243385399,4.473858959776597,Dinner for Schmucks (2010),Comedy,427152,38778.0
182749,-0.1881160549325304,0.22400547739431265,3.8955108359133126,Judd Apatow: The Return (2017),Comedy,7738550,487156.0
3404,-0.11608889302930891,0.7626358524927207,4.583073509804056,Titanic (1953),Action|Drama,46435,16535.0
5941,-0.11493899869779836,1.3270207791864708,4.648679800448302,Drumline (2002),Comedy|Drama|Musical|Romance,303933,13497.0
122906,0.49747269672450056,0.9526666410528586,5.2574838063452045,Black Panther (2017),Action|Adventure|Sci-Fi,1825683,284054.0
43932,0.02607913454609337,0.3107321390339718,4.819222142045083,Pulse (2006),Action|Drama|Fantasy|Horror|Mystery|Sci-Fi|Thriller,454919,9682.0
4956,0.04752270667927354,0.06357135844309382,5.482843137254902,"Stunt Man, The (1980)",Action|Adventure|Comedy|Drama|Romance|Thriller,81568,42160.0
69251,-0.03667284636771273,0.1388513395525776,4.471178218687178,Special (2006),Drama|Fantasy,479162,13856.0
5876,0.36862746605703756,0.419710672963818,5.6135835913312695,"Quiet American, The (2002)",Drama|Thriller|War,258068,8198.0
2494,-0.06668789425210901,0.46857020435034524,4.592972020268782,"Last Days, The (1998)",Documentary,174852,20595.0
2019,-2.5965473564562194,6.407809815823503,4.330078071745652,Seven Samurai (Shichinin no samurai) (1954),Action|Adventure|Drama,47478,346.0
4967,-0.022787016205269628,0.47373278514357997,4.6871931271311436,No Man's Land (2001),Drama|War,283509,8342.0
165,3.045290655414607,27.235661279784352,4.847106738024849,Die Hard: With a Vengeance (1995),Action|Crime|Thriller,112864,1572.0
775,-0.24610841550375334,0.4985680159237328,4.2416635443986515,Spirits of the Dead (1968),Horror|Mystery,63715,41225.0
45668,-0.3201879908818935,1.0969468683256265,4.443403963139734,"Lake House, The (2006)",Drama|Fantasy|Romance,410297,2044.0
106696,-0.18714400343037066,3.543164316840371,4.6824757929250325,Frozen (2013),Adventure|Animation|Comedy|Fantasy|Musical|Romance,2294629,109445.0
56174,-1.7586809441938953,7.348114004156532,4.495956385107923,I Am Legend (2007),Action|Horror|Sci-Fi|Thriller|IMAX,480249,6479.0
140289,0.04557442176917832,0.17009932883366186,5.003222404499649,Men & Chicken (2015),Comedy|Drama,3877674,296313.0
1330,0.1367778088908817,0.2251868844269083,5.3426909882018245,April Fool's Day (1986),Horror,90655,24913.0
2428,0.26120617853809946,1.5669440967139292,4.901991946297028,"Faculty, The (1998)",Horror|Sci-Fi,133751,9276.0
3401,-1.4456039020023908,1.287849587926547,3.6127997552970035,Baby... Secret of the Lost Legend (1985),Adventure|Sci-Fi,88760,19736.0
166492,-0.05673231033753234,0.8586510072673237,4.669222675515891,Office Christmas Party (2016),Comedy,1711525,384682.0
33495,-0.2621111047164037,0.836092809825016,4.421798891236416,Kicking & Screaming (2005),Comedy,384642,9981.0
32898,-0.1249920647870773,0.20294860319288488,4.119413728126549,"Trip to the Moon, A (Voyage dans la lune, Le) (1902)",Action|Adventure|Fantasy|Sci-Fi,417,775.0
3074,-0.23523630737329054,0.5674580383554527,4.320750148801314,Jeremiah Johnson (1972),Western,68762,11943.0
3262,-0.01498708714643894,0.16593831116281438,4.644976896497725,Twin Peaks: Fire Walk with Me (1992),Crime|Drama|Mystery|Thriller,105665,1923.0
8605,-0.08763412401984678,0.16604360340602553,4.207516339869281,Taxi 3 (2003),Action|Comedy,295721,2334.0
1703,0.28289252717500757,0.5729032995876573,5.229081685948057,For Richer or Poorer (1997),Comedy,119142,10371.0
1091,-1.8183281826834055,4.358119858163518,4.318066450244254,Weekend at Bernie's (1989),Comedy,98627,8491.0
1132,-0.0450352126463781,0.6025571702058101,4.66055396870651,Manon of the Spring (Manon des sources) (1986),Drama,91480,4481.0
26184,0.9792839290725388,1.018017792375711,5.69724580101324,"Diamond Arm, The (Brilliantovaya ruka) (1968)",Action|Adventure|Comedy|Crime|Thriller,62759,20873.0
79684,-0.5264889367906292,0.9989790082693987,4.208267090620032,Paper Man (2009),Comedy|Drama,437405,39414.0
177185,-1.0259784409253285,0.9989790082693987,3.7082670906200317,Maz Jobrani: Immigrant (2017),Comedy,7164714,468366.0
86066,-0.0022150385940862107,0.019038784106312392,4.6189506273423495,Playing the Victim (Izobrazhaya zhertvu) (2006),Comedy,820096,64484.0
32298,0.00984387909495718,0.5347376164282844,4.753702920006444,Guess Who (2005),Comedy|Romance,372237,11638.0
2764,1.1787601073558096,1.4939802361199372,5.524300611077791,"Thomas Crown Affair, The (1968)",Crime|Drama|Romance|Thriller,63688,912.0
5088,0.3340848013140376,0.29298545304032525,5.875571895424837,"Going Places (Valseuses, Les) (1974)",Comedy|Crime|Drama,72353,4031.0
8973,-0.3775675936723321,1.3518361903197458,4.455994305749711,Bad Education (La mala educación) (2004),Drama|Thriller,275491,140.0
4921,0.7193199932958957,1.1167235769756827,5.3794284478668635,Little Women (1933),Drama|Romance,24264,39938.0
32666,-0.5484048030350677,0.2214585704012579,2.2589627567003134,National Lampoon's Lady Killers (National Lampoon's Gold Diggers) (2003),Comedy,376717,44181.0
96417,0.07327518983694979,0.24140424746283304,5.038831402541897,Premium Rush (2012),Action|Thriller,1547234,49526.0
5462,-0.04636323340467251,0.3176182548177241,4.589322553666016,"Crocodile Hunter: Collision Course, The (2002)",Adventure|Comedy,305396,17043.0
358,-1.5699348708277054,1.7183803185079958,3.821680958837826,Higher Learning (1995),Drama,113305,16295.0
366,-0.36435725671629554,1.22880078575541,4.438779612659738,"Wes Craven's New Nightmare (Nightmare on Elm Street Part 7: Freddy's Finale, A) (1994)",Drama|Horror|Mystery|Thriller,111686,11596.0
71579,0.2615202126644819,0.38986786892610614,5.406086028211121,"Education, An (2009)",Drama|Romance,1174732,24684.0
4007,-0.6410253454640411,3.2760873456543935,4.539626152226559,Wall Street (1987),Drama,94291,10673.0
1831,-0.582493132191394,3.308007562968039,4.559208325488602,Lost in Space (1998),Action|Adventure|Sci-Fi,120738,2157.0
1971,-0.2584838449034088,0.32474840380205366,3.939343030968387,"Nightmare on Elm Street 4: The Dream Master, A (1988)",Horror|Thriller,95742,10131.0
2036,0.23895630207574658,0.36403822397948593,5.391698545356859,Blank Check (1994),Children|Comedy,109287,13962.0
4238,-0.00933412701573726,3.033410337558434,4.73221701103205,Along Came a Spider (2001),Action|Crime|Mystery|Thriller,164334,2043.0
2732,-0.3157411134739509,1.0297366884158534,4.428670961430602,Jules and Jim (Jules et Jim) (1961),Drama|Romance,55032,1628.0
54995,-1.18454256472015,2.73070130586419,4.301507177209325,Planet Terror (2007),Action|Horror|Sci-Fi,1077258,1992.0
66198,-0.10886209433479163,0.45336863135675665,4.495175841247985,"International, The (2009)",Drama|Thriller,963178,4959.0
74647,-0.8451581935658534,0.3116474462666009,2.023389355742297,Motherhood (2009),Comedy,1220220,22805.0
1286,-0.10053778546515685,1.4480027027987052,4.665862074964516,Somewhere in Time (1980),Drama|Romance,81534,16633.0
26974,-0.9111160691678626,1.1172047101000386,3.919762227268367,Gummo (1997),Drama,119237,18415.0
5048,-1.2546498637286687,1.5233610927756933,3.9116877713391127,Snow Dogs (2002),Adventure|Children|Comedy,281373,11888.0
85881,-1.0259784409253285,0.9989790082693987,3.7082670906200317,Win Win (2011),Comedy|Drama,1606392,55725.0
65088,-0.1288637023128765,0.8029887852339931,4.574814040362636,Bedtime Stories (2008),Adventure|Children|Comedy,960731,10202.0
116799,0.1320372823899092,0.37166777845611154,5.090550316982888,Inherent Vice (2014),Comedy|Crime|Drama|Mystery|Romance,1791528,171274.0
40581,0.7518762307429523,0.8000207162520225,5.675115069116141,Just Friends (2005),Comedy|Romance,433400,10033.0
155509,0.30099424812980724,0.5169909304346378,5.317498234606633,Mr. Right (2016),Action|Comedy|Romance,2091935,333385.0
142509,0.18759207479387496,0.29298545304032525,5.375571895424837,Hardcore Henry (2015),Action|Adventure|Sci-Fi,3072482,325348.0
2734,-0.07035743105173753,1.163445124147005,4.674820761756449,"Mosquito Coast, The (1986)",Adventure|Drama|Thriller,91557,11120.0
31445,-0.129010298450652,0.1718807994813942,3.9847140712433466,Employee of the Month (2004),Comedy|Drama,362590,11413.0
45662,-0.5385436035393683,0.41328504694422724,3.4322138162393854,"Omen, The (2006)",Horror|Thriller,466909,806.0
51698,-0.129010298450652,0.1718807994813942,3.9847140712433466,"Last Mimzy, The (2007)",Adventure|Children|Sci-Fi,768212,2267.0
69606,-0.2888311813572998,0.24140424746283304,3.538831402541896,Ghosts of Girlfriends Past (2009),Comedy|Fantasy|Romance,821640,12556.0
590,12.48738116043215,40.337180244849144,5.044869082595848,Dances with Wolves (1990),Adventure|Drama|Western,99348,581.0
1073,1.4542804858368579,17.435476385295136,4.818703395013485,Willy Wonka & the Chocolate Factory (1971),Children|Comedy|Fantasy|Musical,67992,252.0
179,-1.243244447351219,0.4985680159237328,2.2416635443986515,Mad Love (1995),Drama|Romance,113729,47608.0
189,-0.24610841550375334,0.4985680159237328,4.2416635443986515,Reckless (1995),Comedy|Fantasy,114241,58372.0
207,-0.5712744620533016,5.291541840855272,4.627334192310634,"Walk in the Clouds, A (1995)",Drama|Romance,114887,9560.0
489,0.2322854983212865,2.965805590117548,4.8136153330009215,Made in America (1993),Comedy,107478,12121.0
1527,3.2329932955734995,17.39246164324277,4.921178862537646,"Fifth Element, The (1997)",Action|Adventure|Comedy|Sci-Fi,119116,18.0
7254,-2.121724521950213,5.976418055583867,4.38027803573695,The Butterfly Effect (2004),Drama|Sci-Fi|Thriller,289879,1954.0
85414,-0.28814389011722513,3.892753076175727,4.661273524899805,Source Code (2011),Action|Drama|Mystery|Sci-Fi|Thriller,945513,45612.0
76175,-0.6202359957714751,0.7416056794786339,3.8989520925866312,Clash of the Titans (2010),Action|Adventure|Drama|Fantasy,800320,18823.0
2354,0.600345706366282,0.6975647264487561,5.5959249431513705,"Rugrats Movie, The (1998)",Animation|Children|Comedy,134067,14444.0
2413,0.48176759629008514,1.7172366767847504,5.015842281335315,Clue (1985),Comedy|Crime|Mystery|Thriller,88930,15196.0
2876,-1.4520014156627243,0.9378956512653961,3.1871459694989106,Thumbelina (1994),Animation|Children|Fantasy,111419,28032.0
59387,0.17853510710980486,0.6026998488959536,5.031519689026995,"Fall, The (2006)",Adventure|Drama|Fantasy,460791,14784.0
2942,1.4638894615436855,2.8976794686364657,5.2404878346845525,Flashdance (1983),Drama|Romance,85549,535.0
7022,0.35377082976631463,2.6619850951264366,4.868191492021543,Battle Royale (Batoru rowaiaru) (2000),Action|Drama|Horror|Thriller,266308,3176.0
1635,1.3142170500844728,2.039014613777568,5.379829493315454,"Ice Storm, The (1997)",Drama,119349,68924.0
6550,-1.7975329005902758,2.8080566106819096,4.095159978701134,Johnny English (2003),Action|Comedy|Thriller,274166,9486.0
7142,-0.13460712404716288,0.2189355924594672,4.1204688965168605,Honey (2003),Drama|Romance,322589,10028.0
32060,0.4724900714787695,0.9989790082693987,5.208267090620032,"Cat and the Canary, The (1927)",Horror|Mystery,17739,76804.0
139994,-0.5264889367906292,0.9989790082693987,4.208267090620032,Fracchia contro Dracula (1985),Comedy|Horror,128221,30459.0
2817,0.36988603518245977,0.26502737723353814,6.130946291560102,Aces: Iron Eagle III (1992),Action,103617,2038.0
147196,0.016823745512226183,0.019038784106312392,5.6189506273423495,The Girls (1961),Comedy|Romance,134614,20975.0
4864,-0.39837883128677554,0.29298545304032525,3.375571895424837,Titanica (1992),Documentary|IMAX,105601,45929.0
1950,0.10337648916700787,0.9822752832330389,4.840535989178996,In the Heat of the Night (1967),Drama|Mystery,61811,10633.0
89939,0.033814893967948435,0.09004024785574485,5.110847214992192,Gigi (1949),Comedy,41414,123723.0
98154,-0.10124547781566884,0.09004024785574485,3.6108472149921917,Lincoln (2012),Drama|War,443272,72976.0
1649,-0.1727313064480671,0.24324300846057934,4.025175839052999,"Fast, Cheap & Out of Control (1997)",Documentary,119107,25099.0
6523,-0.10548766223255182,0.2214585704012579,4.258962756700313,Mr. Baseball (1992),Comedy|Romance,104926,18722.0
109673,-0.04742693389446673,0.24140424746283304,4.538831402541897,300: Rise of an Empire (2014),Action|Drama|War|IMAX,1253863,53182.0
2149,1.2641414993851996,0.9100985753399214,6.124310135953695,House II: The Second Story (1987),Comedy|Fantasy|Horror,93220,37530.0
1396,-0.16012580379345165,7.870418203694329,4.714948845051723,Sneakers (1992),Action|Comedy|Crime|Drama|Sci-Fi,105435,2322.0
2336,-1.4010462917003288,3.566685026222434,4.342479422376865,Elizabeth (1998),Drama,127536,4518.0
383,-1.1943813279730533,5.537664288984045,4.519610886298238,Wyatt Earp (1994),Western,111756,12160.0
3717,-0.8884692511577995,9.837030816818531,4.644975273709031,Gone in 60 Seconds (2000),Action|Crime,187078,9679.0
69951,0.1832045607214818,1.0335169531744703,4.912557354750974,"Imaginarium of Doctor Parnassus, The (2009)",Drama|Fantasy,1054606,8054.0
91542,1.6952597417594517,5.81758972766397,5.026696540492057,Sherlock Holmes: A Game of Shadows (2011),Action|Adventure|Comedy|Crime|Mystery|Thriller,1515091,58574.0
1747,-2.219642518397889,3.875128156634026,4.16250208892461,Wag the Dog (1997),Comedy,120885,586.0
2267,0.19504361001960296,0.34191046625973376,5.305746412229458,Mortal Thoughts (1991),Mystery|Thriller,102469,30815.0
2468,0.6366783554184404,2.1093120648198895,5.0371358252053025,Jumpin' Jack Flash (1986),Action|Comedy|Romance|Thriller,91306,10945.0
133419,-0.053188994861412334,0.5656655542269984,4.641265067329337,Pitch Perfect 2 (2015),Comedy,2848292,254470.0
5146,-2.099098496353842,2.1853485302017837,3.774761521887598,Vampire Hunter D: Bloodlust (Banpaia hantâ D) (2000),Animation|Fantasy|Horror|Sci-Fi,216651,15999.0
4658,-0.1322964182461473,0.1839098190865725,4.015939278937381,Santa Sangre (1989),Drama|Horror|Mystery|Thriller,98253,19236.0
62644,-0.5038496812326712,0.9197579875338473,4.187487316225691,"Wave, The (Welle, Die) (2008)",Drama,1063669,7735.0
103171,0.32747812947028393,0.1839098190865725,6.515939278937381,Schlussmacher (2013),Comedy,1978524,160085.0
142997,0.14356831038371146,0.1839098190865725,5.515939278937381,Hotel Transylvania 2 (2015),Animation|Comedy,2510894,159824.0
68848,-0.05717875314289088,0.6975807883432699,4.653326904532305,"Brothers Bloom, The (2008)",Adventure|Comedy|Crime|Romance,844286,21755.0
109596,-0.5264889367906292,0.9989790082693987,4.208267090620032,Wrinkles (Arrugas) (2011),Animation|Drama,1407052,85444.0
135436,-0.2935094331789807,0.5169909304346378,4.167567653021798,The Secret Life of Pets (2016),Animation|Comedy,2709768,328111.0
2534,0.26742377313969906,1.1517204066059084,4.967489163949825,Avalanche (1978),Action,77189,166680.0
27776,-0.18499163357142,0.4958075361306885,4.3621823351697175,Red Lights (Feux rouges) (2004),Drama,365190,25500.0
52715,-0.4440834570020009,0.5165489583537919,3.8755818874312316,Kickin It Old Skool (2007),Comedy,772178,13280.0
5573,0.07703730550222096,0.5019514176526663,4.888769738579617,Stealing Harvard (2002),Comedy|Crime,265808,12770.0
42732,0.22818512270309665,0.48949905429911833,5.201454615198622,Last Holiday (2006),Comedy,408985,17379.0
134214,-0.17628940323536102,0.5876313441178704,4.435294117647059,Youth (2015),Drama,3312830,310593.0
2241,-0.3639814882223966,0.3176182548177241,3.5893225536660163,Class (1983),Comedy,85346,21500.0
3412,-0.5560556512946432,0.9100985753399214,4.124310135953695,"Bear, The (Ours, L') (1988)",Adventure|Children|Drama,95800,2383.0
316,-6.741649122403157,29.73736527658864,4.508587781705769,Stargate (1994),Action|Adventure|Sci-Fi,111282,2164.0
937,-0.016490338247110214,0.029682608844798394,4.1797385620915035,Love in the Afternoon (1957),Comedy|Romance,50658,18299.0
61,1.3117815668579713,1.4985679522411972,5.610650863996882,Eye for an Eye (1996),Drama|Thriller,116260,17182.0
502,-1.1513045442721945,2.6660175197249223,4.303449789635671,"Next Karate Kid, The (1994)",Action|Children|Romance,110657,11231.0
5618,1.9465701350677562,12.390518136802804,4.892395710459871,Spirited Away (Sen to Chihiro no kamikakushi) (2001),Adventure|Animation|Fantasy,245429,129.0
60397,-0.3251963586487885,1.1442334550036677,4.451089563736558,Mamma Mia! (2008),Comedy|Musical|Romance,795421,11631.0
120466,-0.07941108585020468,1.1057588182973785,4.663478198536886,Chappie (2015),Action|Thriller,1823672,198184.0
3301,0.362718517974809,8.930743219157552,4.775908712544013,"Whole Nine Yards, The (2000)",Comedy|Crime,190138,2069.0
3784,-0.5988513162786447,1.8283676143575325,4.407760796899046,"Kid, The (2000)",Comedy|Fantasy,219854,4244.0
47566,0.25258165950949113,0.34166007683268573,5.474571770017262,Born to Kill (1947),Crime|Drama|Film-Noir,39211,33813.0
1231,0.07284538761415944,2.298898396605428,4.766981202087904,"Right Stuff, The (1983)",Drama,86197,9549.0
79242,-0.03252084276631406,1.0091461832209623,4.70306802066821,"Kids Are All Right, The (2010)",Comedy|Drama,842926,39781.0
140174,-2.167661442279752,1.7941827587638197,3.527133225624411,Room (2015),Drama,3170832,264644.0
174055,-0.12292918623494575,1.9151536934630273,4.67110648265226,Dunkirk (2017),Action|Drama|Thriller|War,5013056,374720.0
4518,0.15078418939401528,0.5467830706308234,5.01106013436015,The Lair of the White Worm (1988),Comedy|Horror,95488,11347.0
2067,0.6541325889379135,5.036401909114413,4.865175052636406,Doctor Zhivago (1965),Drama|Romance|War,59113,907.0
523,0.32265568120041854,1.0738591175882537,5.035757815273485,Ruby in Paradise (1993),Drama,108000,47889.0
4572,0.002700908440389304,0.13311620170490315,4.755583972719522,Black Rain (1989),Action|Crime|Drama,96933,4105.0
91355,-1.525467945060028,0.9989790082693987,3.2082670906200317,Asterix and the Vikings (Astérix et les Vikings) (2006),Adventure|Animation|Children|Comedy|Fantasy,371552,9642.0
167380,-1.0259784409253285,0.9989790082693987,3.7082670906200317,A Dog's Purpose (2017),Comedy|Drama,1753383,381289.0
3163,0.357520261016003,0.5782892720163694,5.353531872204406,Topsy-Turvy (1999),Comedy|Drama|Musical,151568,46435.0
4740,0.0030787053053327415,0.4202432741779207,4.742620124973066,Maybe Baby (2000),Comedy|Romance,206926,13966.0
108727,0.04840370173278232,0.31202423714663763,4.890422136468349,Nymphomaniac: Volume I (2013),Drama,1937390,110414.0
34520,-0.313651248047912,0.7761418638911175,4.33117824316575,"Dukes of Hazzard, The (2005)",Action|Adventure|Comedy,377818,6519.0
174045,0.14789216115893858,0.22400547739431265,5.395510835913313,Goon: Last of the Enforcers (2017),Comedy,2417712,336890.0
152284,-0.10539337824645029,0.29298545304032525,4.375571895424837,War and Peace (2016),Drama|Romance,3910804,378779.0
4857,0.5677595827375194,1.305817200625953,5.1700866617071,Fiddler on the Roof (1971),Drama|Musical,67093,14811.0
49910,0.24543849281657326,0.28860438131421967,5.585726435059977,Freedom Writers (2007),Drama,463998,1646.0
1334,0.16016624408147329,1.1062445077876306,4.880077881954091,"Blob, The (1958)",Horror|Sci-Fi,51418,8851.0
3003,0.08423778122925098,0.08519701062213066,5.724035161659341,Train of Life (Train de vie) (1998),Comedy|Drama|Romance|War,170705,8056.0
3323,0.04163927591818565,0.08519701062213066,5.224035161659342,Chain of Fools (2000),Comedy|Crime,194368,20682.0
461,-0.10122140571994648,0.630218709371454,4.574680977772333,Go Fish (1994),Drama|Romance,109913,18620.0
4625,-0.8841870727281009,0.4251491847960904,2.6555839727195227,Millennium (1989),Drama|Sci-Fi|Thriller,97883,4296.0
7259,-0.129010298450652,0.1718807994813942,3.9847140712433466,You Got Served (2004),Drama|Musical,365957,14114.0
2932,-0.06668789425210901,0.46857020435034524,4.592972020268782,Days of Heaven (1978),Drama,77405,16642.0
1966,-2.1397900153923866,1.6721859819685223,3.4556577384008977,Metropolitan (1990),Comedy,100142,15389.0
531,0.5961526367751715,3.083158987549783,4.928651852094915,"Secret Garden, The (1993)",Children|Drama,108071,11236.0
88,1.342986106807678,3.4754488733923403,5.121715024911566,Black Sheep (1996),Comedy,115697,13997.0
979,-0.24610841550375334,0.4985680159237328,4.2416635443986515,Nothing Personal (1995),Drama|War,114007,125587.0
31878,-0.4447920759964902,2.6369724867612176,4.566618836342629,Kung Fu Hustle (Gong fu) (2004),Action|Comedy,373074,9470.0
47491,0.23316649656305327,0.4630847818739871,5.238801262968241,Adam's Apples (Adams æbler) (2005),Comedy|Drama,418455,1023.0
486,-0.058741065912379875,0.570682084882471,4.632362787807824,Life with Mikey (1993),Comedy,107413,42580.0
903,0.5224479975414168,7.410075852513313,4.805799198558507,Vertigo (1958),Drama|Mystery|Romance|Thriller,52357,426.0
3398,2.2398129852376067,2.6118851160316896,5.592840635099027,"Muppets Take Manhattan, The (1984)",Children|Comedy|Musical,87755,11899.0
3471,-1.6399974099429997,5.893547114422024,4.457024108414456,Close Encounters of the Third Kind (1977),Adventure|Drama|Sci-Fi,75860,840.0
3410,0.4090909085425221,0.9999999986594983,5.144385026737968,Soft Fruit (1999),Comedy|Drama,180181,117259.0
4211,0.1557481803710811,0.32416865985918353,5.215748275179552,Reversal of Fortune (1990),Drama,100486,38718.0
4772,-0.07970973344328244,0.16612266202073486,4.25546955624355,Dinner Rush (2000),Drama,229340,22617.0
5632,0.044990873485270644,0.25131967264286553,4.914312628264031,Bloody Sunday (2002),Drama,280491,4107.0
53123,-0.18093103767559862,0.833978154330898,4.518344744649681,Once (2006),Drama|Musical|Romance,907657,5723.0
1487,-0.42832427164918907,1.1443802843758855,4.361009207729386,Selena (1997),Drama|Musical,120094,16052.0
3334,-0.4510831897899725,1.0884511301490432,4.320867436195403,Key Largo (1948),Crime|Drama|Film-Noir|Thriller,40506,11016.0
3426,2.308002374739946,1.1240733888319439,6.78854295146053,Jungle Fever (1991),Drama|Romance,102175,1713.0
5548,-0.06385719241206227,0.13311620170490315,4.255583972719522,Down and Out in Beverly Hills (1986),Comedy,90966,9941.0
2567,-1.626933765599904,1.687561505994398,3.771220358070971,EDtv (1999),Comedy,131369,11374.0
55052,-0.001151579205813047,1.4984267415145622,4.7345255921169755,Atonement (2007),Drama|Romance|War,783233,4347.0
94661,-0.5264889367906292,0.9989790082693987,4.208267090620032,Rocket Singh: Salesman of the Year (2009),Comedy|Drama,1434447,26815.0
6051,-0.20607404167428967,0.21981231111924232,3.797794117647059,"Harder They Come, The (1973)",Action|Crime|Drama,70155,7514.0
159161,0.25989489985609493,0.22400547739431265,5.895510835913313,Ali Wong: Baby Cobra (2016),(no genres listed),5066574,396292.0
179953,0.035889422461782255,0.22400547739431265,4.895510835913313,A Bad Moms Christmas (2017),Comedy,6359956,431530.0
86721,0.3340848013140376,0.29298545304032525,5.875571895424837,Idiots and Angels (2008),Animation|Drama|Fantasy,1013607,42521.0
1949,0.6254091621719438,0.6874402470058505,5.645059242537428,"Man for All Seasons, A (1966)",Drama,60665,874.0
7614,0.6598594255530814,0.8787236904642515,5.486223485676799,Oklahoma! (1955),Musical|Romance|Western,48445,13936.0
3955,0.25274079639964986,0.41526762879340273,5.343915591788954,"Ladies Man, The (2000)",Comedy,213790,16888.0
4770,-0.12922613872496524,0.2570778101035249,4.2326208660236455,"Glass House, The (2001)",Thriller,221218,2176.0
4808,-0.5526900341675207,0.3706084777216611,3.243989769820972,"Vanishing, The (1993)",Mystery|Thriller,108473,1644.0
31431,-0.3008910979320462,0.1718807994813942,2.9847140712433466,Boogeyman (2005),Drama|Horror|Mystery|Thriller,357507,8968.0
113345,0.01647749198498952,0.009146187212576635,6.536863624373517,Jupiter Ascending (2015),Action|Adventure|Sci-Fi,1617661,76757.0
2657,0.7948957128106778,6.391226915730964,4.8596670625121785,"Rocky Horror Picture Show, The (1975)",Comedy|Horror|Musical|Sci-Fi,73629,36685.0
94070,0.13237847382626552,0.1083800370507437,5.95672268907563,"Best Exotic Marigold Hotel, The (2011)",Comedy|Drama,1412386,74534.0
68073,0.13062408618600926,0.17009932883366186,5.503222404499649,Pirate Radio (2009),Comedy|Drama,1131729,18947.0
2060,-0.30713008184047974,2.7498768863163465,4.6236054513766565,BASEketball (1998),Comedy,131857,14013.0
3476,-0.529104686562404,4.410676598743559,4.615334135381951,Jacob's Ladder (1990),Horror|Mystery,99871,2291.0
3797,-0.0884090755360266,0.2251868844269083,4.342690988201824,"In Crowd, The (2000)",Thriller,163676,36047.0
3839,0.36196469331778997,0.2251868844269083,6.342690988201824,Phantasm IV: Oblivion (1998),Horror,138703,16146.0
6358,-0.09090909078722703,0.9999999986594983,4.644385026737968,Kiss Me Kate (1953),Comedy|Musical|Romance,45963,34857.0
3697,-2.434938883864198,2.8734475632993273,3.887901280219265,Predator 2 (1990),Action|Sci-Fi|Thriller,100403,169.0
4545,0.26357174840320674,1.8528545658582665,4.877545837377213,Short Circuit (1986),Comedy|Sci-Fi,91949,2605.0
52730,-0.9432286094049089,0.34166007683268573,1.974571770017262,It's a Very Merry Muppet Christmas Movie (2002),Children|Comedy,329737,13352.0
1248,-1.365832389663753,1.4999671786210138,3.824719266989711,Touch of Evil (1958),Crime|Film-Noir|Thriller,52311,1480.0
1271,-1.488664844518361,3.848104931214522,4.348437503514004,Fried Green Tomatoes (1991),Comedy|Crime|Drama,101921,1633.0
7842,0.8932923040526379,0.949227044543605,5.676367498549453,Dune (2000),Drama|Fantasy|Sci-Fi,142032,876.0
26812,0.0033515975670849935,0.16612266202073486,4.7554695562435505,Barbarians at the Gate (1993),Drama,106356,27678.0
46723,-0.8496971083377701,2.4823155125943015,4.392993912847653,Babel (2006),Drama|Thriller,449467,1164.0
2735,-1.0357316354907018,3.279832449672658,4.419506146345637,"Golden Child, The (1986)",Action|Adventure|Comedy|Fantasy|Mystery,91129,10136.0
1124,0.3190707891549583,0.75736749100373,5.156583376751774,On Golden Pond (1981),Drama,82846,11816.0
5283,2.217828618408047,2.446298099268536,5.641900151912138,National Lampoon's Van Wilder (2002),Comedy,283111,11452.0
1858,-0.7096962581987863,1.2719331037897785,4.177327463517045,Mr. Nice Guy (Yat goh ho yan) (1997),Action|Comedy,117786,10622.0
1696,-0.17483451427023006,0.2711201887958639,4.0904343045629465,Bent (1997),Drama|War,118698,19601.0
1216,0.4981617795506072,0.9021047096917751,5.287515799009099,"Big Blue, The (Grand bleu, Le) (1988)",Adventure|Drama|Romance,95250,175.0
2401,0.2289189815934627,1.0487769371010345,4.95356644372073,Pale Rider (1985),Western,89767,8879.0
6059,-0.2589786253610362,2.0630900984296705,4.6097646385621855,"Recruit, The (2003)",Action|Thriller,292506,1647.0
6958,-0.9422267318590819,1.866977350865168,4.23061379497338,"Haunted Mansion, The (2003)",Children|Comedy|Fantasy|Horror,338094,10756.0
2819,-0.0982726361926051,1.4542937165830239,4.667719985219736,Three Days of the Condor (3 Days of the Condor) (1975),Drama|Mystery|Romance|Thriller,73802,11963.0
3011,0.10830148870943772,0.5852937861831707,4.920331941840778,"They Shoot Horses, Don't They? (1969)",Drama,65088,28145.0
6215,0.11337572211879907,0.4821785076719988,4.970426377411575,Laurel Canyon (2002),Drama,298408,13819.0
193571,0.04402967044256126,0.14936647694438507,5.030070237050044,Silver Spoon (2014),Comedy|Drama,3110014,297825.0
3068,-0.24580194928733215,1.27835017599257,4.543013509482336,"Verdict, The (1982)",Drama|Mystery,84855,24226.0
49284,-0.04306989870995492,0.1718807994813942,4.484714071243347,10 Items or Less (2006),Comedy|Drama|Romance,499603,2357.0
547,-0.11441961482085868,0.5067154370638032,4.509487666034156,Surviving the Game (1994),Action|Adventure|Thriller,111323,17585.0
151763,0.0070524445204447565,0.027667282349437123,4.990196078431373,Death Note Rewrite: Genshisuru Kami (2007),Mystery,3355694,333040.0
102684,-0.04742693389446673,0.24140424746283304,4.538831402541897,Only God Forgives (2013),Drama|Thriller,1602613,77987.0
4143,-0.03667284636771273,0.1388513395525776,4.471178218687178,Valentine (2001),Horror|Mystery,242998,10984.0
7117,-0.9271773992021292,0.5585620125163956,3.0753577481380177,Leprechaun (1993),Comedy|Horror,107387,11811.0
71500,0.10217849318486488,0.1388513395525776,5.471178218687178,Trick 'r Treat (2007),Comedy|Horror|Thriller,862856,23202.0
4809,0.1443199186217099,0.15804599783844867,5.648445482411327,Silkwood (1983),Drama,86312,12502.0
46967,-0.20517236081353457,0.3176182548177241,4.089322553666016,Scoop (2006),Comedy|Fantasy|Mystery,457513,512.0
3634,-0.06668789425210901,0.46857020435034524,4.592972020268782,Seven Days in May (1964),Thriller,58576,23518.0
134326,0.0073043534590699856,0.019038784106312392,5.1189506273423495,The Taming of the Scoundrel (1980),Comedy,80439,10986.0
2826,2.393175618002414,3.559088537944096,5.407706616658626,"13th Warrior, The (1999)",Action|Adventure|Fantasy,120657,1911.0
3671,-4.259269824657371,11.031622216796649,4.34919769946368,Blazing Saddles (1974),Comedy|Western,71230,11072.0
1641,0.1077369553152695,11.092304719551882,4.745006883211944,"Full Monty, The (1997)",Comedy|Drama,119164,9427.0
2926,-0.15951563803524982,1.8810643412490442,4.650493383011193,Hairspray (1988),Comedy|Drama,95270,11054.0
374,0.40424600837721136,2.5420224814783263,4.894319465110595,Richie Rich (1994),Children|Comedy,110989,11011.0
891,-0.6002750817639502,1.4985680147760536,4.334728326942087,Halloween: The Curse of Michael Myers (Halloween 6: The Curse of Michael Myers) (1995),Horror|Thriller,113253,10987.0
38388,0.005586293203135943,0.020710160167723486,5.005030959752322,Goal! The Dream Begins (Goal!) (2005),Drama,380389,9763.0
31685,1.8193913372751362,8.123151997252908,4.959270147874047,Hitch (2005),Comedy|Romance,386588,8488.0
8117,0.04557442176917832,0.17009932883366186,5.003222404499649,In China They Eat Dogs (I Kina spiser de hunde) (1999),Action|Comedy,180748,250.0
106839,0.04557442176917832,0.17009932883366186,5.003222404499649,Mandela: Long Walk to Freedom (2013),Drama,2304771,192136.0
107,-0.3942506685807493,5.07192475463657,4.657562154407593,Muppet Treasure Island (1996),Adventure|Children|Comedy|Musical,117110,10874.0
2004,-1.027804666282767,2.139169250777456,4.25482504494081,Gremlins 2: The New Batch (1990),Comedy|Horror,99700,928.0
2279,1.156360400097599,1.1322798650115673,5.756561417216839,Urban Legend (1998),Horror|Thriller,146336,9877.0
2968,0.537277975518465,5.689974121655539,4.829719498858132,Time Bandits (1981),Adventure|Comedy|Fantasy|Sci-Fi,81633,36819.0
3501,-2.110067004070839,2.6820685288441743,3.9485629132135305,Murphy's Romance (1985),Comedy|Romance,89643,34322.0
47997,0.12868422521450906,3.261651152907881,4.774747823510048,Idiocracy (2006),Adventure|Comedy|Sci-Fi|Thriller,387808,7512.0
3773,0.6509328207508719,1.0341719650079306,5.364718278014702,House Party (1990),Comedy,99800,16094.0
115210,-0.2783317927561211,1.5266163799239734,4.552974710875082,Fury (2014),Action|Drama|War,2713180,228150.0
3981,-1.9239654236450174,2.6574656360990936,4.011309055522524,Red Planet (2000),Action|Sci-Fi|Thriller,199753,8870.0
6893,-0.16562175920394875,0.7566556148481954,4.516407538397691,"Italian Job, The (1969)",Action|Comedy|Crime,64505,10536.0
101612,-0.22186330103265164,0.3116474462666009,4.023389355742297,Admission (2013),Comedy|Romance,1814621,144340.0
6006,0.07195498371353826,0.8556189188737323,4.819391117054522,Just Married (2003),Comedy|Romance,305711,12090.0
113252,-0.5264889367906292,0.9989790082693987,4.208267090620032,Housebound (2014),Comedy|Horror|Thriller,3504048,253306.0
6203,0.5023997237992288,0.26502737723353814,6.630946291560102,Life Stinks (1991),Comedy,102303,6524.0
79572,-0.22029409837868966,0.15655207368287652,3.328132313933531,Ramona and Beezus (2010),Children|Comedy,493949,38843.0
64993,0.0073043534590699856,0.019038784106312392,5.1189506273423495,5 Centimeters per Second (Byôsoku 5 senchimêtoru) (2007),Animation|Drama|Romance,983213,38142.0
84844,0.0073043534590699856,0.019038784106312392,5.1189506273423495,Brother 2 (Brat 2) (2000),Crime|Drama,238883,20993.0
61255,0.14789216115893858,0.22400547739431265,5.395510835913313,"Rocker, The (2008)",Comedy,1031969,10186.0
71838,0.03897044689674387,0.4888084393572666,4.815019514671681,Law Abiding Citizen (2009),Drama|Thriller,1197624,22803.0
165551,0.10089048735252829,0.3121072630330013,5.058549931600547,Lion (2016),Drama,3741834,334543.0
7107,0.07251290168564972,0.37725666497893556,4.927505172923441,Foul Play (1978),Comedy|Thriller,77578,15659.0
35957,-0.010450532888742384,0.7183906417074408,4.720746972567462,Red Eye (2005),Horror|Thriller,421239,11460.0
564,-0.2687916124184251,0.1525641281597172,2.973467037712312,Chasers (1994),Comedy,109403,24405.0
32022,0.06291213449392424,0.4958075361306885,4.8621823351697175,Gunner Palace (2004),Documentary|War,424129,30856.0
51037,0.12417722906668696,0.3802555870154106,5.061856654285487,Unknown (2006),Drama|Mystery|Thriller,450340,9828.0
78039,-0.04742693389446673,0.24140424746283304,4.538831402541897,Blue Valentine (2010),Drama|Romance,1120985,46705.0
93512,0.07327518983694979,0.24140424746283304,5.038831402541897,"Jeff, Who Lives at Home (2012)",Comedy|Drama,1588334,82532.0
619,-0.03667284636771273,0.1388513395525776,4.471178218687178,Ed (1996),Comedy,116165,32308.0
231,-2.881712250266413,28.744520791885048,4.6350415418212005,Dumb & Dumber (Dumb and Dumber) (1994),Adventure|Comedy,109686,8467.0
552,0.9763090873274466,12.543022509612479,4.813130945778336,"Three Musketeers, The (1993)",Action|Adventure|Comedy|Romance,108333,10057.0
1219,0.1547186233858983,6.572262365121833,4.758835269048283,Psycho (1960),Crime|Horror,54215,539.0
2141,-0.8728249494455393,3.167317070670386,4.459721786247727,"American Tail, An (1986)",Adventure|Animation|Children|Comedy,90633,4978.0
2654,0.40281859646548374,0.3170025759931405,6.0060049161429045,"Wolf Man, The (1941)",Drama|Fantasy|Horror,34398,13666.0
1597,-0.16617696966022066,8.134375863647413,4.714865141601968,Conspiracy Theory (1997),Drama|Mystery|Romance|Thriller,118883,8834.0
17,2.0802429636931525,12.252242597054106,4.905078787450554,Sense and Sensibility (1995),Drama|Romance,114388,4584.0
3952,-0.6898860854599828,1.0844801688976917,4.099149626262574,"Contender, The (2000)",Drama|Thriller,208874,6521.0
6709,-1.1712774660196077,1.4470344330061011,3.9258610873726028,Once Upon a Time in Mexico (2003),Action|Adventure|Crime|Thriller,285823,1428.0
99813,0.6070441734845099,0.7831811814767118,5.510394679103234,"Batman: The Dark Knight Returns, Part 2 (2013)",Action|Animation,2166834,142061.0
185135,0.7710261213863883,0.8676801171769317,5.623900536214059,Sherlock - A Study in Pink (2010),Crime,1665071,500609.0
1991,0.5609535336003086,0.7719699550577317,5.461946145909425,Child's Play (1988),Horror|Thriller,94862,10585.0
2403,-0.5180151534412847,2.643026295308273,4.53930092818813,First Blood (Rambo: First Blood) (1982),Action|Adventure|Drama|Thriller,83944,1368.0
30707,1.1641918167980418,6.993379564544006,4.901764678275631,Million Dollar Baby (2004),Drama,405159,70.0
3451,2.417548088031092,2.2872804514178853,5.792247184566532,Guess Who's Coming to Dinner (1967),Drama,61735,1879.0
56587,2.0913538323474588,3.2342105343728966,5.381929149634228,"Bucket List, The (2007)",Comedy|Drama,825232,7350.0
3066,0.42721496207743503,1.5210548839536497,5.016161669886189,Tora! Tora! Tora! (1970),Action|Drama|War,66473,11165.0
2702,0.12343174862230155,2.304433642381846,4.788856844016009,Summer of Sam (1999),Drama,162677,10279.0
2805,-2.097198812652537,4.16282082477274,4.231501400897827,Mickey Blue Eyes (1999),Comedy|Romance,130121,10154.0
3298,1.1746255957556917,3.5495842840188567,5.066213318817788,Boiler Room (2000),Crime|Drama|Thriller,181984,14181.0
164280,-0.1322964182461473,0.1839098190865725,4.015939278937381,Endless Poetry (2016),Drama|Fantasy,4451458,325385.0
175743,-0.040341508702861045,0.1839098190865725,4.515939278937381,Self-criticism of a Bourgeois Dog (2017),Comedy,6354108,433410.0
6873,-1.5596018567303929,2.7563803402051104,4.169478930975709,Intolerable Cruelty (2003),Comedy|Romance,138524,11775.0
49772,-0.20653611156251794,0.28148783187536247,4.0015639589169005,"Painted Veil, The (2006)",Drama|Romance,446755,14202.0
35807,-0.5264889367906292,0.9989790082693987,4.208267090620032,"Teahouse of the August Moon, The (1956)",Comedy,49830,43313.0
88069,-0.5264889367906292,0.9989790082693987,4.208267090620032,Delhi Belly (2011),Comedy|Crime,1934231,67109.0
89898,-0.026999432655929863,0.9989790082693987,4.708267090620032,Generation P (2011),Comedy|Drama|Sci-Fi,459748,63375.0
147410,-1.525467945060028,0.9989790082693987,3.2082670906200317,A Perfect Day (2015),Comedy|Drama,3577624,321751.0
3687,0.016823745512226183,0.019038784106312392,5.6189506273423495,Light Years (Gandahar) (1988),Adventure|Animation|Fantasy|Sci-Fi,95525,22500.0
58156,-0.07994958417666162,0.9227993557678642,4.648656016225613,Semi-Pro (2008),Comedy,839980,13260.0
4812,1.0798428838219103,0.41045798989960897,7.366118490406915,SpaceCamp (1986),Adventure|Sci-Fi,91993,13766.0
6619,-0.9444282924962324,0.6660554867134547,3.3173517519796514,Uptown Girls (2003),Comedy,263757,14926.0
3141,1.0156545641329886,0.37725666497893556,7.427505172923441,"Two Jakes, The (1990)",Drama,100828,32669.0
9,0.2834334556945599,0.4682989432292541,5.340534551759689,Sudden Death (1995),Action,114576,9091.0
5423,0.04163927591818565,0.08519701062213066,5.224035161659342,Gangster No. 1 (2000),Action|Crime|Thriller,210065,10394.0
2473,-0.12616604843582624,1.3802809583173627,4.643888054500589,Soul Man (1986),Comedy,91991,12278.0
78088,-0.014674110485890651,0.3802555870154106,4.696703993038854,Buried (2010),Mystery|Thriller,1462758,26388.0
103624,0.07327518983694979,0.24140424746283304,5.038831402541897,Fruitvale Station (2013),Drama,2334649,157354.0
1123,0.1443199186217099,0.15804599783844867,5.648445482411327,"Perfect Candidate, A (1996)",Documentary,117320,124837.0
1406,0.1443199186217099,0.15804599783844867,5.648445482411327,La Cérémonie (1995),Crime|Drama|Mystery|Thriller,112769,1802.0
4285,-0.32981807489363607,0.15804599783844867,2.6484454824113266,Frankie and Johnny (1991),Comedy|Romance,101912,3784.0
1967,-2.642830976453808,6.820174909034578,4.347792182329697,Labyrinth (1986),Adventure|Fantasy|Musical,91369,13597.0
2770,-7.0209995438824295,8.193777559376896,3.878424439039827,Bowfinger (1999),Comedy,131325,11353.0
609,-1.1226665046480315,3.2433271829289088,4.3891475708055525,Homeward Bound II: Lost in San Francisco (1996),Adventure|Children,116552,25059.0
586,-5.9597386107523596,23.666815625469802,4.4834757613009435,Home Alone (1990),Children|Comedy,99785,771.0
84954,-0.4157746401672182,2.0118921871375712,4.5286356083962405,"Adjustment Bureau, The (2011)",Romance|Sci-Fi|Thriller,1385826,38050.0
3254,0.24702835167070974,3.5425725062697024,4.805025464354435,Wayne's World 2 (1993),Comedy,108525,8873.0
111781,0.6912315124058368,1.2235082649338749,5.300252714345378,Mission: Impossible - Rogue Nation (2015),Action|Adventure|Thriller,2381249,177677.0
8951,0.0033515975670849935,0.16612266202073486,4.7554695562435505,Vera Drake (2004),Drama,383694,11109.0
64716,-0.045372053848423174,1.4769710700039136,4.7045744544323265,Seven Pounds (2008),Drama,814314,11321.0
2861,0.9766768464771339,0.8691060660557222,5.859065869591677,For Love of the Game (1999),Comedy|Drama,126916,10390.0
6765,0.20671311482433902,2.807240210355247,4.808929823655338,Under the Tuscan Sun (2003),Comedy|Drama|Romance,328589,10934.0
2164,0.32747812947028393,0.1839098190865725,6.515939278937381,Surf Nazis Must Die (1987),Action|Comedy|Drama|Horror,94077,28070.0
4023,0.024968631115155543,4.411963114935608,4.740953419518969,"Family Man, The (2000)",Comedy|Drama|Romance,218967,5994.0
7930,-0.2001915919638939,0.48882342731433576,4.325756479355509,"People Under the Stairs, The (1991)",Horror|Mystery|Thriller,105121,13122.0
45431,0.3511747898218484,0.7517836667465181,5.202416250456384,Over the Hedge (2006),Adventure|Animation|Children|Comedy,327084,7518.0
90469,-0.10861930862507008,0.1428301144912339,3.9748150757308913,Paranormal Activity 3 (2011),Horror,1778304,72571.0
27397,0.02067639695518403,0.7827276646171162,4.761709942575513,Joint Security Area (Gongdong gyeongbi guyeok JSA) (2000),Crime|Drama|Mystery|Thriller|War,260991,2440.0
324,0.040494831874488886,0.1303844586728049,5.045874322425216,"Sum of Us, The (1994)",Comedy|Drama,111309,36614.0
48982,-0.5264889367906292,0.9989790082693987,4.208267090620032,Flushed Away (2006),Animation|Comedy,424095,11619.0
99764,-0.06374202469581315,0.15655207368287652,4.328132313933531,It's Such a Beautiful Day (2012),Animation|Comedy|Drama|Fantasy|Sci-Fi,2396224,147538.0
149902,-0.5448715578069382,0.29298545304032525,2.875571895424837,Garm Wars: The Last Druid (2014),Action|Sci-Fi|Thriller,2504640,302026.0
4546,-0.10477821190955038,0.2188700426555053,4.25657071339174,"Vanishing, The (Spoorloos) (1988)",Drama|Thriller,96163,8740.0
95558,0.27281233146418715,0.3314444953185779,5.558395226030124,Beasts of the Southern Wild (2012),Drama|Fantasy,2125435,84175.0
5680,-0.08992096810861752,0.40281526543985474,4.512062835658706,Auto Focus (2002),Crime|Drama,298744,14112.0
6217,0.08423778122925098,0.08519701062213066,5.724035161659341,"Safety of Objects, The (2001)",Drama,256359,24186.0
7264,0.04163927591818565,0.08519701062213066,5.224035161659342,An Amazing Couple (2002),Comedy|Romance,234940,44539.0
94780,-0.04742693389446673,0.24140424746283304,4.538831402541897,Snow White and the Huntsman (2012),Action|Adventure|Drama,1735898,58595.0
2048,0.20111050962027416,1.7242787420244352,4.851928687637845,"Great Mouse Detective, The (1986)",Action|Animation|Children|Crime,91149,9994.0
2078,4.221153247571805,8.31823163794829,5.242752124504507,"Jungle Book, The (1967)",Animation|Children|Comedy|Musical,61852,9325.0
538,-0.7007554994237013,0.9251136710131191,3.9778136896945853,Six Degrees of Separation (1993),Drama,108149,23210.0
505,0.4541678810659038,2.556640143201928,4.912936591999005,North (1994),Comedy,110687,31586.0
2688,-0.32731765408519775,1.9871267923646028,4.570575059284556,"General's Daughter, The (1999)",Crime|Drama|Mystery|Thriller,144214,2275.0
3114,1.8561770487424674,17.65471716624553,4.8404318568282525,Toy Story 2 (1999),Adventure|Animation|Children|Comedy|Fantasy,120363,863.0
49286,1.2259371423981702,3.7320614156906613,5.063782051217492,"Holiday, The (2006)",Comedy|Romance,457939,1581.0
7451,2.025500209603429,5.3028121959728605,5.117261295579866,Mean Girls (2004),Comedy,377092,10625.0
8533,0.7244981572096367,5.090027189962746,4.877630912750689,"Notebook, The (2004)",Drama|Romance,332280,11036.0
4571,1.5235710740456516,5.503051733636644,5.012153421864214,Bill & Ted's Excellent Adventure (1989),Adventure|Comedy|Sci-Fi,96928,1648.0
36529,-1.5102551536357103,5.411000374078957,4.456185810637788,Lord of War (2005),Action|Crime|Drama|Thriller|War,399295,1830.0
2244,0.1367778088908817,0.2251868844269083,5.3426909882018245,"Allnighter, The (1987)",Comedy|Romance,92537,37818.0
2087,0.8343397145212558,6.591076438197709,4.861880377470409,Peter Pan (1953),Animation|Children|Fantasy|Musical,46183,10693.0
3615,-1.8809382027908095,1.932981131058339,3.762217778427459,Dinosaur (2000),Adventure|Animation|Children,130623,10567.0
94677,0.4839128952619909,3.1491149581212823,4.88896043396048,"Dictator, The (2012)",Comedy,1645170,76493.0
5945,-3.0412474665165727,4.851890167936672,4.108477070836227,About Schmidt (2002),Comedy|Drama,257360,2755.0
2269,0.42493246678183777,1.1167235790685976,5.115811261501272,Indecent Proposal (1993),Drama|Romance,107211,4478.0
2598,0.34122126094069327,3.742210088275607,4.826475866638048,Pushing Tin (1999),Comedy,120797,12596.0
7327,-0.22646636638351975,0.20294860319288488,3.619413728126549,Persona (1966),Drama,60827,797.0
66335,0.051613400840425205,0.1839098190865725,5.015939278937381,Afro Samurai: Resurrection (2009),Animation,1265998,14711.0
2759,0.03711562170575533,0.4416916444857334,4.8193247353169255,Dick (1999),Comedy,144168,16406.0
1293,1.2627973687762182,3.419406051169862,5.104597250962912,Gandhi (1982),Drama,83987,783.0
69278,-0.8852538226879073,0.5621978809420106,3.160663809178822,Land of the Lost (2009),Action|Adventure|Comedy|Sci-Fi,457400,18162.0
4587,0.27093192419360135,0.5826456320512623,5.200297044451399,Earth Girls Are Easy (1988),Comedy|Musical|Sci-Fi,97257,2210.0
4912,0.21320034239429309,0.4202432741779207,5.242620124973066,Funny Girl (1968),Drama|Musical|Romance,62994,16085.0
32300,0.21320034239429309,0.4202432741779207,5.242620124973066,D.E.B.S. (2004),Action|Comedy,367631,540.0
86320,-2.2615135146226253,1.1274217797996626,2.7293780043141362,Melancholia (2011),Drama|Sci-Fi,1527186,62215.0
1600,0.3533333295555558,0.9999999893081762,5.088627450980392,She's So Lovely (1997),Drama|Romance,120112,38295.0
65642,0.18759207479387496,0.29298545304032525,5.375571895424837,"Timecrimes (Cronocrímenes, Los) (2007)",Sci-Fi|Thriller,480669,14139.0
27731,-0.049111271843239816,0.09639346790100506,4.225806567166185,"Cat Returns, The (Neko no ongaeshi) (2002)",Adventure|Animation|Children|Fantasy,347618,15370.0
37240,-0.06102108222385027,0.27143860713367884,4.510487916096672,Why We Fight (2005),Documentary,436971,14286.0
72,-0.11244658357414727,0.4344527092637509,4.476470588235294,Kicking and Screaming (1995),Comedy|Drama,113537,28387.0
51082,-0.21495069819134913,0.1718807994813942,3.4847140712433466,Tyler Perry's Daddy's Little Girls (2007),Comedy|Romance,778661,16555.0
4480,0.031163846557251962,1.456469592816823,4.756690957451301,"Blob, The (1988)",Horror|Sci-Fi,94761,9599.0
1211,-0.0707034797995386,0.9810055528183633,4.663221661383776,"Wings of Desire (Himmel über Berlin, Der) (1987)",Drama|Fantasy|Romance,93191,144.0
6534,-2.3336572980909107,4.218320539360719,4.18207458956336,Hulk (2003),Action|Adventure|Sci-Fi,286716,1927.0
49278,0.2382612448380378,3.356300789116257,4.806283358423888,Déjà Vu (Deja Vu) (2006),Action|Sci-Fi|Thriller,453467,7551.0
5943,-2.273660283659237,3.784756208418262,4.134552574875549,Maid in Manhattan (2002),Comedy|Romance,252076,7303.0
3300,-0.8149922035201975,7.730255687512037,4.6298652370944025,Pitch Black (2000),Horror|Sci-Fi|Thriller,134847,2787.0
81932,1.6940610960300126,2.3632270725219775,5.452136403235025,"Fighter, The (2010)",Drama,964517,45317.0
2720,-1.8050447114862531,3.0284505572065714,4.139265000648293,Inspector Gadget (1999),Action|Adventure|Children|Comedy,141369,332.0
2089,0.9236433615601073,1.5133585776713439,5.345620959671074,"Rescuers Down Under, The (1990)",Adventure|Animation|Children,100477,11135.0
168492,-1.7326592965247931,0.8851704193604468,2.7778639340032427,Call Me by Your Name (2017),Drama|Romance,5726616,398818.0
50794,-0.10732418121922191,0.8588512406372442,4.610331637369811,Smokin' Aces (2006),Action|Crime|Drama|Thriller,475394,7516.0
27904,0.642444165375535,1.350627638389748,5.210957540425429,"Scanner Darkly, A (2006)",Animation|Drama|Mystery|Sci-Fi|Thriller,405296,3509.0
26504,-0.09409307581989239,0.34997208776175814,4.466435316873365,Cloak & Dagger (1984),Action|Adventure|Children|Crime|Mystery|Thriller,87065,48677.0
4537,0.002700908440389304,0.13311620170490315,4.755583972719522,Running on Empty (1988),Drama,96018,18197.0
7766,0.002700908440389304,0.13311620170490315,4.755583972719522,Throne of Blood (Kumonosu jô) (1957),Action|Drama|Thriller|War,50613,3777.0
1017,0.3249447474920968,0.8775399838982059,5.105584649650658,Swiss Family Robinson (1960),Adventure|Children,54357,18444.0
48322,0.8475174330886655,0.5317210115144022,6.329207870791474,Jackass Number Two (2006),Comedy|Documentary,493430,12094.0
159755,-0.3388463424898932,0.4654097248571457,4.007233820682057,Popstar: Never Stop Never Stopping (2016),Comedy,3960412,341012.0
180265,0.25989489985609493,0.22400547739431265,5.895510835913313,Jim & Andy: The Great Beyond (2017),Documentary,7214762,469019.0
117466,-0.10539337824645029,0.29298545304032525,4.375571895424837,In the Heart of the Sea (2015),Action|Adventure|Drama,1390411,205775.0
151455,0.04109934827371234,0.29298545304032525,4.875571895424837,Eddie the Eagle (2016),Comedy,1083452,319888.0
6291,0.015134113871082995,0.03282210945791124,5.196389218511612,Lilya 4-Ever (Lilja 4-ever) (2002),Crime|Drama,300140,12093.0
1969,-0.7494960192226381,0.556031113745447,3.387355125215495,"Nightmare on Elm Street 2: Freddy's Revenge, A (1985)",Horror,89686,10014.0
5421,0.04163927591818565,0.08519701062213066,5.224035161659342,"Dangerous Lives of Altar Boys, The (2002)",Drama,238924,16857.0
5772,0.08423778122925098,0.08519701062213066,5.724035161659341,My Dinner with André (1981),Drama,82783,25468.0
3392,-0.5318451733981506,1.1525641266062385,4.273848926771489,She-Devil (1989),Comedy,98309,11157.0
2205,0.1975384428822592,0.4243601709819018,5.2007912504839755,Mr. & Mrs. Smith (1941),Comedy|Romance,33922,24197.0
102033,-0.04742693389446673,0.24140424746283304,4.538831402541897,Pain & Gain (2013),Action|Comedy|Crime,1980209,134374.0
79274,-0.03667284636771273,0.1388513395525776,4.471178218687178,Batman: Under the Red Hood (2010),Action|Animation,1569923,40662.0
131920,0.18759207479387496,0.29298545304032525,5.375571895424837,The Road Within (2014),Comedy|Drama,2962876,228108.0
423,-0.2593764458107263,0.5369269244815884,4.252218239004619,Blown Away (1994),Action|Thriller,109303,178.0
80489,0.15187915718452655,3.040861137271756,4.785240218546882,"Town, The (2010)",Crime|Drama|Thriller,840361,23168.0
1057,1.3700516320852851,1.9915745551311024,5.423217965918507,Everyone Says I Love You (1996),Comedy|Musical|Romance,116242,9716.0
3408,0.5390304152200968,12.537214292373225,4.778288550273771,Erin Brockovich (2000),Drama,195685,462.0
8907,-1.3587418886468432,0.9892682241763153,3.3618123303611496,Shark Tale (2004),Animation|Children|Comedy,307453,10555.0
8529,1.4855458603553906,5.576069603719324,5.001708629288827,"Terminal, The (2004)",Comedy|Drama|Romance,362227,594.0
82167,1.1820023829914392,1.4788871250512496,5.534545367434278,Love and Other Drugs (2010),Comedy|Drama|Romance,758752,43347.0
175,-0.44938241983270055,2.3703422207521325,4.545708657835223,Kids (1995),Drama,113540,9344.0
60941,-0.31117560652453813,0.5864618334486749,4.204695894920991,"Midnight Meat Train, The (2008)",Horror|Mystery|Thriller,805570,10185.0
45950,0.020233979683444384,2.169524587383464,4.744620575526869,"Inconvenient Truth, An (2006)",Documentary,497116,1781.0
387,-0.674063074319053,1.609445774130462,4.316477227290358,"Low Down Dirty Shame, A (1994)",Action|Comedy,110399,26352.0
1982,-2.5156574582596916,3.200820227599621,3.949352615350865,Halloween (1978),Horror,77651,948.0
114762,0.07495172031284451,0.28148783187536247,5.0015639589169005,Two Night Stand (2014),Comedy|Romance,2140619,286554.0
44773,0.4724900714787695,0.9989790082693987,5.208267090620032,"Dead Hate the Living!, The (2000)",Comedy|Horror,225481,28349.0
91386,-1.525467945060028,0.9989790082693987,3.2082670906200317,Happy Feet Two (2011),Animation|Children|Comedy|IMAX,1402488,65759.0
58425,0.016823745512226183,0.019038784106312392,5.6189506273423495,Heima (2007),Documentary,1094594,14793.0
4889,0.3746364488028949,0.5234815345495701,5.450957276855245,Heist (2001),Crime|Drama,252503,11088.0
27368,0.31412105942300506,0.5793788429357648,5.277462792345855,Asterix & Obelix: Mission Cleopatra (Astérix & Obélix: Mission Cléopâtre) (2002),Adventure|Comedy|Fantasy,250223,2899.0
58332,-0.23250496010418367,0.7182301824883424,4.411574834089998,Diary of the Dead (2007),Horror|Sci-Fi,848557,13025.0
3161,-0.3639814882223966,0.3176182548177241,3.5893225536660163,Onegin (1999),Drama|Romance,119079,30237.0
3897,6.1487252837889255,14.95003097460353,5.146579237673507,Almost Famous (2000),Drama,181875,786.0
381,0.7075206329821013,1.9744476701019087,5.093632626028789,When a Man Loves a Woman (1994),Drama|Romance,111693,10449.0
4447,-1.3758159360157434,10.369470021102412,4.602614633236006,Legally Blonde (2001),Comedy|Romance,250494,8835.0
2490,-2.2152019310753874,5.123023656383383,4.302892848463927,Payback (1999),Action|Thriller,120784,2112.0
2206,-0.0884090755360266,0.2251868844269083,4.342690988201824,Suspicion (1941),Film-Noir|Mystery|Thriller,34248,11462.0
2718,-0.09062818978397008,1.2832254290768677,4.6646688107209275,Drop Dead Gorgeous (1999),Comedy,157503,10490.0
93721,0.4789657134436953,0.515729022510855,5.664009959760858,Jiro Dreams of Sushi (2011),Documentary,1772925,80767.0
27869,0.25587901194186574,0.34997208776175814,5.466435316873365,Tae Guk Gi: The Brotherhood of War (Taegukgi hwinalrimyeo) (2004),Action|Drama|War,386064,11658.0
6707,-0.4810335743120482,0.6853665486614782,4.033430895329735,Cabin Fever (2002),Horror|Thriller,303816,11547.0
91974,-0.013216128028302902,0.3842343619540669,4.700898110061765,Underworld: Awakening (2012),Action|Fantasy|Horror|IMAX,1496025,52520.0
72356,0.24707045567752955,0.4386294629886165,5.298572411800185,Partly Cloudy (2009),Animation|Children|Comedy|Fantasy,1425244,24480.0
3606,-0.026999432655929863,0.9989790082693987,4.708267090620032,On the Town (1949),Comedy|Musical|Romance,41716,31516.0
26183,-1.5372023757072704,1.018017792375711,3.225298528945257,Asterix and Cleopatra (Astérix et Cléopâtre) (1968),Action|Adventure|Animation|Children|Comedy,62687,9929.0
146244,-0.5264889367906292,0.9989790082693987,4.208267090620032,Dil To Pagal Hai (1997),Comedy|Drama|Romance,118983,13986.0
153408,-0.5264889367906292,0.9989790082693987,4.208267090620032,Tears for Sale (2008),Comedy|Drama|Fantasy,380249,16403.0
126430,0.016823745512226183,0.019038784106312392,5.6189506273423495,The Pacific (2010),Action|Adventure|Drama|War,374463,189197.0
144606,0.14789216115893858,0.22400547739431265,5.395510835913313,Confessions of a Dangerous Mind (2002),Comedy|Crime|Drama|Romance|Thriller,270288,4912.0
183959,0.25989489985609493,0.22400547739431265,5.895510835913313,Tom Segura: Disgraceful (2018),Comedy,7379330,497520.0
52319,0.4330184624743184,0.5673215277643595,5.498562284431971,Inglorious Bastards (Quel maledetto treno blindato) (1978),Action|Adventure|Drama|War,76584,22311.0
142456,0.18759207479387496,0.29298545304032525,5.375571895424837,The Brand New Testament (2015),(no genres listed),3792960,330764.0
5969,-0.017687995586828244,0.03282210945791124,4.196389218511612,My Girl 2 (1994),Comedy|Drama|Romance,110613,11317.0
8128,-0.30110706437523804,0.8730642011096241,4.390408754127922,Au revoir les enfants (1987),Drama,92593,1786.0
6571,0.04163927591818565,0.08519701062213066,5.224035161659342,"Mondays in the Sun (Lunes al sol, Los) (2002)",Drama,319769,54580.0
7299,0.04163927591818565,0.08519701062213066,5.224035161659342,Monsieur Ibrahim (Monsieur Ibrahim et les fleurs du Coran) (2003),Drama,329388,337.0
3433,-0.2687916124184251,0.1525641281597172,2.973467037712312,Death Wish 4: The Crackdown (1987),Action|Drama,92857,26263.0
33158,0.04259386451050168,0.3107321390339718,4.872369943285568,xXx: State of the Union (2005),Action|Crime|Thriller,329774,11679.0
2324,1.9981324432630758,12.217332807180767,4.898843107823431,Life Is Beautiful (La Vita è bella) (1997),Comedy|Drama|Romance|War,118799,637.0
594,3.5113763457668106,12.199305032788116,5.023128247241267,Snow White and the Seven Dwarfs (1937),Animation|Children|Drama|Fantasy|Musical,29583,408.0
880,-1.129307935837022,3.8420720205633017,4.441362111741701,"Island of Dr. Moreau, The (1996)",Sci-Fi|Thriller,116654,9306.0
8373,-0.7248275614050844,0.8740153294791694,3.9059865106088467,"Stepford Wives, The (2004)",Comedy|Fantasy|Thriller,327162,9890.0
3499,0.5022103554659157,5.116812865307444,4.8334431742347945,Misery (1990),Drama|Horror|Thriller,100157,1700.0
71264,0.8118627064661671,3.92244668052057,4.942272764545688,Cloudy with a Chance of Meatballs (2009),Animation|Children|Fantasy|IMAX,844471,22794.0
152081,1.034287978333908,4.699933844828789,4.9553584871640695,Zootopia (2016),Action|Adventure|Animation|Children|Comedy,2948356,269149.0
610,-0.8254933727486387,5.75100923468175,4.591755246631088,Heavy Metal (1981),Action|Adventure|Animation|Horror|Sci-Fi,82509,11827.0
761,-0.11852802418896022,1.4620847709697564,4.65422629822757,"Phantom, The (1996)",Action|Adventure,117331,9826.0
1881,0.36196469331778997,0.2251868844269083,6.342690988201824,Quest for Camelot (1998),Adventure|Animation|Children|Fantasy|Musical,120800,18937.0
2915,3.244405400318535,11.066112902684363,5.0284779509270825,Risky Business (1983),Comedy,86200,9346.0
3316,0.29124388357628506,1.3920773979383185,4.944509412721614,Reindeer Games (2000),Action|Thriller,184858,2155.0
2080,2.688002992908324,11.221565422561893,4.974833156247135,Lady and the Tramp (1955),Animation|Children|Comedy|Romance,48280,10340.0
4343,-0.5709324490562069,3.258308102803215,4.560070525818828,Evolution (2001),Comedy|Sci-Fi,251075,9397.0
7444,-0.8620927695320477,1.4405709650666347,4.136855866122136,13 Going on 30 (2004),Comedy|Fantasy|Romance,337563,10096.0
61240,0.48257286374541,1.5410921916124807,5.048431038573563,Let the Right One In (Låt den rätte komma in) (2008),Drama|Fantasy|Horror|Romance,1139797,13310.0
8966,0.9464285676507938,0.9999999960083856,5.681722689075631,Kinsey (2004),Drama,362269,11184.0
136018,-0.044547744548818935,0.40791529648088515,4.626085796867879,Black Mass (2015),Crime|Drama,1355683,261023.0
6218,-0.15296981380797034,9.345737717815513,4.718926248311675,Bend It Like Beckham (2002),Comedy|Drama|Romance,286499,455.0
7139,0.3302946815726465,0.5546749967010636,5.330768374711246,In America (2002),Drama|Romance,298845,10511.0
50740,0.07495172031284451,0.28148783187536247,5.0015639589169005,Seven Up! (1964),Documentary,58578,51863.0
3468,1.0550524916551185,3.249565556106737,5.059969054477434,"Hustler, The (1961)",Drama,54997,990.0
146986,-0.5264889367906292,0.9989790082693987,4.208267090620032,Le Maître d'école (1981),Comedy,82726,53179.0
5749,0.10485865794892166,0.26502737723353814,5.130946291560102,Ghost Story (1981),Drama|Horror,82449,24634.0
5970,0.41191488180637886,1.2684816498210307,5.06002477643467,My Girl (1991),Comedy|Drama|Romance,102492,4032.0
4736,0.05826580112872126,0.11672358183282547,5.234471749226007,Summer Catch (2001),Comedy|Drama|Romance,234829,26602.0
6332,-0.396449850948156,0.4941746872320605,3.933047743659906,"Lizzie McGuire Movie, The (2003)",Children|Comedy|Romance,306841,18736.0
5264,-0.09109555636765583,0.26192104733713906,4.387496346930299,Clockstoppers (2002),Action|Adventure|Sci-Fi|Thriller,250305,15028.0
5999,-0.08615624001501034,0.08519701062213066,3.7240351616593412,Heavy Metal 2000 (2000),Action|Adventure|Animation|Fantasy|Sci-Fi,119273,16225.0
6285,0.04163927591818565,0.08519701062213066,5.224035161659342,Levity (2003),Drama,304328,21052.0
61026,0.010849860311560808,0.20242269799567142,4.788894135920666,Red Cliff (Chi bi) (2008),Action|Adventure|Drama|War,425637,12289.0
2445,0.0498735946372842,0.14262098115574245,5.084987369180801,At First Sight (1999),Drama,132512,15556.0
33834,-0.03667284636771273,0.1388513395525776,4.471178218687178,Land of the Dead (2005),Action|Horror|Thriller,418819,11683.0
91079,0.0703050002974894,0.7066553876055343,4.834783913565426,Like Crazy (2011),Drama|Romance,1758692,60420.0
4412,-0.6815997430401207,0.3176182548177241,2.5893225536660163,"Thing with Two Heads, The (1972)",Comedy|Horror|Sci-Fi,69372,28650.0
1589,-1.320261957298673,1.8718935844515585,4.029985884174218,Cop Land (1997),Action|Crime|Drama|Thriller,118887,2142.0
2716,1.7255615369503616,17.901630473052368,4.831685423430511,Ghostbusters (a.k.a. Ghost Busters) (1984),Action|Comedy|Sci-Fi,87332,620.0
2947,1.3405802456799742,8.377608457302232,4.895313561443275,Goldfinger (1964),Action|Adventure|Thriller,58150,658.0
3740,-0.7816435401333134,2.8155341184222467,4.457675908363441,Big Trouble in Little China (1986),Action|Adventure|Comedy|Fantasy,90728,6978.0
6874,0.489115539892257,21.757386109539915,4.757774554287276,Kill Bill: Vol. 1 (2003),Action|Crime|Thriller,266697,24.0
3681,-0.47598134730225117,6.747050996741872,4.664747541441825,For a Few Dollars More (Per qualche dollaro in più) (1965),Action|Drama|Thriller|Western,59578,938.0
1059,0.8200293605460197,5.257606791511359,4.891264199295232,William Shakespeare's Romeo + Juliet (1996),Drama|Romance,117509,454.0
85354,-1.0887516261472288,0.7494781717694267,3.282614550506606,Mesrine: Public Enemy #1 (L'ennemi public n°1) (2008),Action|Crime,411272,15362.0
1379,-1.6398109194738208,2.720230855885167,4.132473619553626,Young Guns II (1990),Action|Western,100994,9086.0
82202,0.3153680256414917,0.49527168313152437,5.372051752663601,"Tourist, The (2010)",Drama|Thriller,1243957,37710.0
2875,0.05169535684850794,2.5298516410543406,4.755728263274256,Sommersby (1993),Drama|Mystery|Romance,108185,1049.0
4577,0.23421410688155203,0.4306922110776933,5.279102667830712,Casualties of War (1989),Drama|War,97027,10142.0
171759,-0.040341508702861045,0.1839098190865725,4.515939278937381,The Beguiled (2017),Drama|Thriller|Western,5592248,399019.0
2356,0.15078418939401528,0.5467830706308234,5.01106013436015,Celebrity (1998),Comedy,120533,9466.0
3201,0.2714670168337224,0.6016864060552484,5.186471033232543,Five Easy Pieces (1970),Drama,65724,26617.0
26429,-0.5264889367906292,0.9989790082693987,4.208267090620032,Love at First Bite (1979),Comedy|Horror|Romance,79489,18966.0
91666,-0.5264889367906292,0.9989790082693987,4.208267090620032,Last Holiday (1950),Comedy|Drama|Romance,42665,16939.0
2298,-0.16016871928461648,0.26502737723353814,4.130946291560102,Strangeland (1998),Thriller,124102,27791.0
62439,0.4474869746499699,0.5169909304346378,5.600854707411688,My Best Friend's Girl (2008),Comedy|Romance,1046163,13596.0
168266,0.23190080693423631,1.1220210446210288,4.941975452231619,T2: Trainspotting (2017),Crime|Drama,2763304,180863.0
80126,0.2589155136073106,0.09004024785574485,7.610847214992192,"American, The (2010)",Drama|Thriller,1440728,27579.0
7352,0.04163927591818565,0.08519701062213066,5.224035161659342,Wilbur Wants to Kill Himself (2002),Comedy|Drama|Romance,329767,156.0
5540,-0.0263634781018256,0.7300806012926941,4.699183751127053,Clash of the Titans (1981),Action|Adventure|Fantasy|Romance,82186,10323.0
183897,-0.07518737142407814,0.7243780759674205,4.631498359715451,Isle of Dogs (2018),Animation|Comedy,5104604,399174.0
43871,-0.24787180270355091,0.5521363864968049,4.286361917622626,Firewall (2006),Crime|Drama|Thriller,408345,9754.0
45442,0.12853426425119877,0.3107321390339718,5.14894384390581,Poseidon (2006),Action|Adventure|Thriller|IMAX,409182,503.0
33085,-0.1866526881724349,0.3802555870154106,4.244432984908803,"Amityville Horror, The (2005)",Horror|Thriller,384806,10065.0
3511,0.09338023393335376,0.33007061817127203,5.018203982362431,Ready to Rumble (2000),Comedy,217756,20697.0
26523,-0.03667284636771273,0.1388513395525776,4.471178218687178,"Silent Night, Deadly Night (1984)",Horror|Thriller,88117,27414.0
131610,-1.525467945060028,0.9989790082693987,3.2082670906200317,Willy/Milly (1986),Comedy|Fantasy,92216,46836.0
3099,0.30390557178633515,2.287355229627033,4.86815742101594,Shampoo (1975),Comedy|Drama|Romance,73692,31121.0
1377,2.775966893488686,8.287252422659815,5.070262422208215,Batman Returns (1992),Action|Crime,103776,364.0
2099,0.2522123839364731,0.3695934535773265,5.41769901820817,Song of the South (1946),Adventure|Animation|Children|Musical,38969,13850.0
2273,-1.2975776068716358,4.576901667285328,4.451788440401154,Rush Hour (1998),Action|Comedy|Crime|Thriller,120812,2109.0
310,-0.24610841550375334,0.4985680159237328,4.2416635443986515,Rent-a-Kid (1995),Comedy,114268,36357.0
485,-3.6774159974625427,10.782854015198216,4.394251199670121,Last Action Hero (1993),Action|Adventure|Comedy|Fantasy,107362,9593.0
838,0.8540155990755359,3.833242883329919,4.958086052587967,Emma (1996),Comedy|Drama|Romance,116191,3573.0
4223,0.8901467002273846,5.128309286676516,4.908869198724951,Enemy at the Gates (2001),Drama|War,215750,853.0
6539,6.743267952196119,23.333041904584757,5.024294925161621,Pirates of the Caribbean: The Curse of the Black Pearl (2003),Action|Adventure|Comedy|Fantasy,325980,22.0
82499,-0.1385716188005937,0.1083800370507437,3.4567226890756304,How Do You Know (2010),Comedy|Drama|Romance,1341188,42888.0
95167,3.0320382052300876,5.084907448450823,5.33157600398775,Brave (2012),Action|Adventure|Animation|Children,1217209,62177.0
742,-0.320256516596823,0.8433186700892048,4.355536704517634,Thinner (1996),Horror|Thriller,117894,10280.0
4855,-0.4825786835341823,2.4928391144091844,4.541708145433783,Dirty Harry (1971),Action|Crime|Thriller,66999,984.0
4626,-0.15681712171753148,0.431150039254273,4.371575904867197,Miracle Mile (1989),Drama|Romance|Sci-Fi,97889,24739.0
7379,-0.3034974279930634,0.9188992302056556,4.405010428188381,The Alamo (2004),Drama|War|Western,318974,10733.0
1513,-1.1424500755471967,5.399762024660461,4.523719964873347,Romy and Michele's High School Reunion (1997),Comedy,120032,9611.0
2297,0.2713440240112522,0.8853165735585005,5.041787898646317,What Dreams May Come (1998),Adventure|Drama|Fantasy|Romance,120889,12159.0
2906,0.3424709014453277,0.4881161816113051,5.4369117126934015,Random Hearts (1999),Drama|Romance,156934,12618.0
6793,1.6999806049958477,1.5335525023340217,5.843818672501573,Beethoven (1992),Children|Comedy|Drama,103786,11806.0
54881,0.4605106217581755,0.4203391714279401,5.830863251006123,"King of Kong, The (2007)",Documentary,923752,13958.0
900,0.00762183159032831,0.688994910878895,4.746356364218091,"American in Paris, An (1951)",Musical|Romance,43278,2769.0
77688,-1.0259784409253285,0.9989790082693987,3.7082670906200317,Three Men and a Cradle (3 hommes et un couffin) (1985),Comedy,90206,4180.0
88812,0.683148394256169,1.2403832557322316,5.286050015954383,30 Minutes or Less (2011),Action|Comedy|Crime,1622547,62206.0
107951,-1.525467945060028,0.9989790082693987,3.2082670906200317,Hunting Elephants (2013),Comedy|Crime,2295196,204810.0
140133,-1.525467945060028,0.9989790082693987,3.2082670906200317,Hollywood Chainsaw Hookers (1988),Comedy|Horror,95312,27412.0
7650,-0.027655030667847417,0.26502737723353814,4.630946291560102,"Witchfinder General (Conquerer Worm, The) (1968)",Horror,63285,31965.0
3102,0.2589269040226925,0.41045798989960897,5.366118490406915,Jagged Edge (1985),Crime|Romance|Thriller,89360,12235.0
43917,0.2727404651206171,0.4274557208667973,5.373349597563323,Eight Below (2006),Action|Adventure|Drama|Romance,397313,9036.0
6429,-0.05622535388779642,0.09004024785574485,4.110847214992192,Winchester '73 (1950),Western,43137,14551.0
4133,-0.0009592293928796817,0.08519701062213066,4.724035161659341,Masters of the Universe (1987),Action|Adventure|Fantasy|Sci-Fi,93507,11649.0
698,0.9508964509224804,0.3969814970498682,7.130610922054773,Delta of Venus (1995),Drama,109593,38867.0
870,-0.2687916124184251,0.1525641281597172,2.973467037712312,Gone Fishin' (1997),Comedy,119214,9054.0
27882,0.041708559797915046,0.7172661065319464,4.793443470332327,Riding Giants (2004),Documentary,389326,291.0
85342,0.02759646396813866,0.034587568173400446,5.533166458072591,Elite Squad: The Enemy Within (Tropa de Elite 2 - O Inimigo Agora É Outro) (2010),Action|Crime|Drama,1555149,47931.0
3938,-0.03667284636771273,0.1388513395525776,4.471178218687178,"Slumber Party Massacre, The (1982)",Horror,84695,27475.0
7846,0.10217849318486488,0.1388513395525776,5.471178218687178,Tremors 3: Back to Perfection (2001),Comedy|Horror|Sci-Fi,259685,10829.0
171765,-0.6375498097118076,0.956324714567711,4.068627450980392,Okja (2017),Action|Adventure|Drama|Sci-Fi,3967856,387426.0
196,-1.3974109764990685,7.511846861163026,4.549266499895182,Species (1995),Horror|Sci-Fi,114508,9348.0
437,-4.072876198717709,3.023567429736775,3.3882508340539808,Cops and Robbersons (1994),Comedy,109480,26261.0
1438,-1.7606133379307325,2.1082020002681334,3.900168575736555,Dante's Peak (1997),Action|Thriller,118928,9619.0
162350,-0.04397813354157461,0.7751920449069885,4.678562197046853,The Magnificent Seven (2016),Action|Western,2404435,333484.0
829,0.20394634866063524,1.5564506435183159,4.866327086479029,Joe's Apartment (1996),Comedy|Fantasy|Musical,116707,11962.0
2369,-4.187486642091985,4.304567797102007,3.7624934000207375,Desperately Seeking Susan (1985),Comedy|Drama|Romance,89017,8130.0
2135,3.736094133717782,3.7131851784983105,5.741463741330825,Doctor Dolittle (1967),Adventure|Children|Musical,61584,16081.0
6156,-1.7579335584209197,3.5370107544980214,4.238283031043674,Shanghai Knights (2003),Action|Adventure|Comedy,300471,6038.0
456,-0.5732201300374724,1.1341029096844286,4.2298548624061265,Fresh (1994),Crime|Drama|Thriller,109842,13815.0
60943,-0.2458323954640173,0.16612266202073486,3.25546955624355,Frozen River (2008),Drama,978759,10183.0
1272,-2.043089347991227,5.228162848945745,4.344508786925539,Patton (1970),Drama|War,66206,11202.0
1945,0.20444162852727438,2.4662806219874778,4.8181888323460385,On the Waterfront (1954),Crime|Drama,47296,654.0
69712,0.9464285676507938,0.9999999960083856,5.681722689075631,My Sister's Keeper (2009),Drama,1078588,10024.0
92475,-0.22425132778943355,0.1839098190865725,3.5159392789373816,All Watched Over by Machines of Loving Grace (2011),Documentary,1955162,192695.0
2202,-0.3155190927702616,0.5013300546469448,4.105930109154766,Lifeboat (1944),Drama|War,37017,13321.0
136359,-1.525467945060028,0.9989790082693987,3.2082670906200317,Scooby-Doo Goes Hollywood (1979),Animation|Children|Comedy,191423,36972.0
140481,-1.0259784409253285,0.9989790082693987,3.7082670906200317,"Family Guy Presents: Something, Something, Something, Dark Side (2009)",Animation|Comedy|Sci-Fi,1329665,278604.0
6433,0.016823745512226183,0.019038784106312392,5.6189506273423495,"Man with the Movie Camera, The (Chelovek s kino-apparatom) (1929)",Documentary,19760,26317.0
172585,0.016823745512226183,0.019038784106312392,5.6189506273423495,Karlson Returns (1970),Adventure|Animation|Children,209074,72203.0
44694,-0.5578887269143857,1.1412051051512613,4.246434819352524,Volver (2006),Comedy|Drama,441909,219.0
1957,-0.677279331781516,1.8818001895977035,4.37538378522951,Chariots of Fire (1981),Drama,82158,9443.0
6591,0.12035269488533218,0.9359725797222354,4.863879823567043,"Magdalene Sisters, The (2002)",Drama,318411,8094.0
4440,-0.45755379324975265,0.6100717243330035,3.985294117647059,"Big Boss, The (Fists of Fury) (Tang shan da xiong) (1971)",Action|Thriller,67824,12481.0
3129,-0.24004804022712412,0.3969814970498682,4.130610922054773,Sweet and Lowdown (1999),Comedy|Drama,158371,9684.0
2469,-0.4635610800408008,0.687026814749383,4.060559056236245,Peggy Sue Got Married (1986),Comedy|Drama,91738,10013.0
59985,0.12881090077143928,0.1718807994813942,5.484714071243347,Chaos Theory (2007),Comedy|Drama|Romance,460745,12912.0
62511,0.006197654663029455,0.3107321390339718,4.75523944638678,"Synecdoche, New York (2008)",Comedy|Drama,383028,4960.0
184253,0.07327518983694979,0.24140424746283304,5.038831402541897,The Cloverfield Paradox (2018),Horror|Mystery|Sci-Fi|Thriller,2548396,384521.0
441,2.4161274303373146,8.088637879528832,5.034000459347951,Dazed and Confused (1993),Comedy,106677,9571.0
733,2.9879475775134976,17.834091042077844,4.902835461383822,"Rock, The (1996)",Action|Adventure|Thriller,117500,9802.0
2174,-3.377677146534333,17.0129635181422,4.536758621880407,Beetlejuice (1988),Comedy|Fantasy,94721,4011.0
2338,-0.5935110839597425,1.1581499801918567,4.222829329743317,I Still Know What You Did Last Summer (1998),Horror|Mystery|Thriller,130018,3600.0
800,-0.0029124940977762193,2.516991215157076,4.734136984447611,Lone Star (1996),Drama|Mystery|Western,116905,26748.0
290,1.1428611933412702,2.3985745730508787,5.211769273425769,Once Were Warriors (1994),Crime|Drama,110729,527.0
217,-1.5821260880972337,2.101662994387408,3.9824968840647115,"Babysitter, The (1995)",Drama|Thriller,112438,37141.0
986,0.4352864169920426,3.334006126070791,4.865853690884868,Fly Away Home (1996),Adventure|Children,116329,11076.0
31433,-0.20419308669024444,1.3401010779911968,4.582922710710854,"Wedding Date, The (2005)",Comedy|Romance,372532,6961.0
51662,1.3815856713812509,11.989196650407122,4.8505300013903065,300 (2007),Action|Fantasy|War|IMAX,416449,1271.0
2171,-0.10327023133624241,0.6221683814767764,4.569309740409629,Next Stop Wonderland (1998),Comedy|Drama|Romance,119778,41469.0
5630,-0.06443735642627169,5.043553815986003,4.722517936649043,Red Dragon (2002),Crime|Mystery|Thriller,289765,9533.0
30825,0.1102280146003672,3.1464672241119445,4.770326427456508,Meet the Fockers (2004),Comedy,290002,693.0
88744,-0.5078684007656936,3.4944401961508516,4.589957991613162,Rise of the Planet of the Apes (2011),Action|Drama|Sci-Fi|Thriller,1318514,61791.0
1643,-0.3703203235573202,0.8619026951126485,4.305639673291342,"Mrs. Brown (a.k.a. Her Majesty, Mrs. Brown) (1997)",Drama|Romance,119280,17589.0
59501,-0.4959142058048279,2.1701019601809777,4.506772962925154,"Chronicles of Narnia: Prince Caspian, The (2008)",Adventure|Children|Fantasy,499448,2454.0
4068,-0.18564959689630797,0.7253056203889174,4.479333607101504,Sugar & Spice (2001),Comedy,186589,16723.0
948,-0.1057707698690524,0.22042470652854976,4.255444233598999,Giant (1956),Drama|Romance|Western,49261,1712.0
158882,-1.525467945060028,0.9989790082693987,3.2082670906200317,All Yours (2016),Comedy|Drama|Romance,5368354,387398.0
3563,-0.9737083732693963,0.9504044204826365,3.7107740793512294,"Crow: Salvation, The (2000)",Action|Horror,132910,9456.0
1833,0.4112724600969163,0.8994086604226016,5.192563964152288,Mercury Rising (1998),Action|Drama|Thriller,120749,8838.0
42191,0.0073043534590699856,0.019038784106312392,5.1189506273423495,Luxo Jr. (1986),Animation|Children,91455,13925.0
1735,-1.458139727784995,1.3706084670298373,3.671431050359257,Great Expectations (1998),Drama|Romance,119223,9410.0
131023,0.10089048735252829,0.3121072630330013,5.058549931600547,That Sugar Film (2014),Documentary,3892434,305091.0
2561,0.44864536907500885,1.1793862853324641,5.115699905517093,True Crime (1999),Crime|Thriller,139668,10354.0
5387,-0.10124547781566884,0.09004024785574485,3.6108472149921917,Enough (2002),Drama|Thriller,278435,1957.0
7038,0.04163927591818565,0.08519701062213066,5.224035161659342,Things You Can Tell Just by Looking at Her (2000),Drama|Romance,210358,20067.0
3422,0.21913836845107176,1.1525641253306964,4.92542529007809,She's Gotta Have It (1986),Comedy|Romance,91939,27995.0
27674,-0.14916841485395646,0.3107321390339718,4.25523944638678,11:14 (2003),Comedy|Crime|Drama|Mystery|Thriller,331811,9282.0
6405,0.032752823408576076,0.1388513395525776,4.971178218687178,Treasure Island (1950),Adventure|Children,43067,6646.0
74075,0.31045550251373133,0.1388513395525776,6.971178218687178,Stan Helsing (2009),Comedy|Horror,1185266,23988.0
4345,0.1443199186217099,0.15804599783844867,5.648445482411327,"Anniversary Party, The (2001)",Drama,254099,26475.0
3971,-0.04636323340467251,0.3176182548177241,4.589322553666016,"Private Eyes, The (1981)",Comedy|Mystery,81376,13762.0
3710,-0.5560556512946432,0.9100985753399214,4.124310135953695,Action Jackson (1988),Action|Comedy|Crime|Thriller,94612,10117.0
3273,-1.7734913124505045,2.798986294193312,4.10167496912542,Scream 3 (2000),Comedy|Horror|Mystery|Thriller,134084,4234.0
537,1.5272667729221858,3.1101760521216026,5.226348883463406,Sirens (1994),Drama,111201,12519.0
1037,-0.18226955579338744,3.68419010591076,4.685820678287629,"Lawnmower Man, The (1992)",Action|Horror|Sci-Fi|Thriller,104692,10163.0
5956,1.0964218561628496,8.194006265366895,4.8691019060053655,Gangs of New York (2002),Crime|Drama,217505,3131.0
69406,0.1625462774536704,3.0254125354554526,4.789021097207286,"Proposal, The (2009)",Comedy|Romance,1041829,18240.0
3513,-0.5868954882943883,1.1167235804386455,4.209742854492163,Rules of Engagement (2000),Drama|Thriller,160797,10479.0
2081,0.6608527221426421,14.021773361002829,4.78242458432402,"Little Mermaid, The (1989)",Animation|Children|Comedy|Musical|Romance,97757,10144.0
8641,1.5238371755299198,7.948013902222533,4.927019647355028,Anchorman: The Legend of Ron Burgundy (2004),Comedy,357413,8699.0
102125,0.5689744072114973,3.884255082279356,4.881776363318116,Iron Man 3 (2013),Action|Sci-Fi|Thriller|IMAX,1300854,68721.0
91535,0.27647202853529035,1.0401965786283092,5.0010823678832494,"Bourne Legacy, The (2012)",Action|Adventure|Drama|Thriller|IMAX,1194173,49040.0
103384,0.4017348488857142,0.4784068086822359,5.575028924081538,"Lone Ranger, The (2013)",Action|Adventure|Western|IMAX,1210819,57201.0
54997,1.432885395990605,3.581422383852356,5.135382474287451,3:10 to Yuma (2007),Action|Crime|Drama|Western,381849,5176.0
67534,0.0033515975670849935,0.16612266202073486,4.7554695562435505,Big Stan (2007),Comedy,490086,13161.0
307,2.3527108423171534,3.1819826951702366,5.474679295916007,Three Colors: Blue (Trois couleurs: Bleu) (1993),Drama,108394,108.0
1545,0.3218531810852488,0.2656565939116339,5.9468325791855206,Ponette (1996),Drama,117359,38523.0
3326,-0.6271703152738346,0.4306922110776933,3.2791026678307116,What Planet Are You From? (2000),Comedy|Sci-Fi,181151,10416.0
4361,-1.4749755188390852,2.4277377812801393,4.127742704882318,Tootsie (1982),Comedy|Romance,84805,9576.0
62336,0.1425663512255647,0.6772479792480441,4.9458024625872055,FLCL (2000),Animation|Comedy|Fantasy|Sci-Fi,279077,225130.0
91094,0.24300621413911078,0.706801898424768,5.079105042151779,"Muppets, The (2011)",Children|Comedy|Musical,1204342,64328.0
149406,-0.3829206264069178,1.1828888273559712,4.411577621598285,Kung Fu Panda 3 (2016),Action|Adventure|Animation,2267968,140300.0
1096,0.43381097430226073,1.0389669986406531,5.152834785319702,Sophie's Choice (1982),Drama,84707,15764.0
27473,-0.20653611156251794,0.28148783187536247,4.0015639589169005,American Psycho II: All American Girl (2002),Comedy|Crime|Horror|Mystery|Thriller,283877,10726.0
326,-0.15657752105042502,0.5989546630231501,4.473876132752978,To Live (Huozhe) (1994),Drama,110081,31439.0
115111,-0.026999432655929863,0.9989790082693987,4.708267090620032,Ward 13 (2003),Action|Animation|Comedy|Horror,379000,48585.0
766,-0.18654003879812917,1.0688224521301097,4.560765562014303,I Shot Andy Warhol (1996),Drama,116594,26890.0
7380,-0.09950988198713619,0.8279017768513897,4.615098842350532,Ella Enchanted (2004),Comedy|Fantasy|Romance,327679,14442.0
88345,-0.0022150385940862107,0.019038784106312392,4.6189506273423495,Mike's New Car (2002),Animation|Comedy,323250,13931.0
100553,0.0073043534590699856,0.019038784106312392,5.1189506273423495,Frozen Planet (2011),Documentary,2092588,134481.0
174551,0.016823745512226183,0.019038784106312392,5.6189506273423495,Obsession (1965),Comedy,862766,435041.0
4613,0.6693848939223014,0.41045798989960897,6.366118490406915,K-9 (1989),Action|Comedy|Crime,97637,10345.0
1727,-0.12530776789964548,0.2593445629885679,4.252123132855027,"Horse Whisperer, The (1998)",Drama|Romance,119314,547.0
6551,0.04163927591818565,0.08519701062213066,5.224035161659342,"Anarchist Cookbook, The (2002)",Comedy|Romance,284850,20439.0
229,-0.3899658360151541,0.8314342063136191,4.266266222169713,Death and the Maiden (1994),Drama|Thriller,109579,10531.0
2983,-0.08553004452086699,0.4721727115330053,4.5541526784411035,"Ipcress File, The (1965)",Thriller,59319,15247.0
119167,-0.2464632955339654,0.4251491847960904,4.155583972719523,Paradox (2010),Sci-Fi|Thriller,1343740,51239.0
31692,1.7982385109513341,0.4958075361306885,8.362182335169717,Uncle Nino (2003),Comedy,327210,32588.0
66171,-0.04742693389446673,0.24140424746283304,4.538831402541897,Push (2009),Sci-Fi|Thriller,465580,13455.0
7303,0.16942201980024596,0.18071682112026236,5.672794117647059,The Diary of Anne Frank (1959),Drama|War,52738,2576.0
5938,0.1443199186217099,0.15804599783844867,5.648445482411327,Deathtrap (1982),Comedy|Crime|Mystery|Thriller,83806,17590.0
4916,-0.04636323340467251,0.3176182548177241,4.589322553666016,Midway (1976),Drama|War,74899,11422.0
2872,0.6523340009668276,4.13529265420177,4.893042082668109,Excalibur (1981),Adventure|Fantasy,82348,11527.0
2991,1.204985252090494,2.4632681895473096,5.224475627481739,Live and Let Die (1973),Action|Adventure|Thriller,70328,253.0
4881,0.5328618066374611,1.868323747807057,5.02050261390629,"Man Who Wasn't There, The (2001)",Crime|Drama,243133,10778.0
494,1.7590679666946953,6.23772744814422,5.017298738932337,Executive Decision (1996),Action|Adventure|Thriller,116253,2320.0
113394,0.07818845530089368,0.1083800370507437,5.45672268907563,"Pretty One, The (2013)",Comedy|Drama,2140577,174337.0
74789,-0.4720714469916961,4.524466331602915,4.630956630661173,Alice in Wonderland (2010),Adventure|Fantasy|IMAX,1014759,12155.0
141688,0.04557442176917832,0.17009932883366186,5.003222404499649,Legend (2015),Crime|Thriller,3569230,276907.0
160438,-0.27763528842614443,0.26302149131522157,3.679732889407315,Jason Bourne (2016),Action,4196776,324668.0
173,-2.884907129738704,14.03628884013327,4.529762074056588,Judge Dredd (1995),Action|Crime|Sci-Fi,113492,9482.0
810,-2.115193180373936,2.934792724144635,4.014564110729646,Kazaam (1996),Children|Comedy|Fantasy,116756,11511.0
2111,-0.26192134120376437,1.8869556746196334,4.596487814602043,"Man with Two Brains, The (1983)",Comedy,85894,11591.0
2402,1.5577735199802945,2.732132453947078,5.305461760042945,Rambo: First Blood Part II (1985),Action|Adventure|Thriller,89880,1369.0
108156,-0.0801884275173422,1.564644562496397,4.68404386603119,Ride Along (2014),Action|Comedy,1408253,168530.0
100383,0.46943414555284074,1.2328703583553644,5.116059331419463,Side Effects (2013),Crime|Drama|Mystery|Thriller,2053463,109421.0
111732,-0.1322964182461473,0.1839098190865725,4.015939278937381,"Dance of Reality, The (Danza de la realidad, La) (2013)",Drama|Fantasy,2301592,137698.0
4215,-0.06543275803916548,0.7682416410320814,4.650122012225565,Revenge of the Nerds II: Nerds in Paradise (1987),Comedy,93857,16889.0
6564,-0.7733144400109613,2.0242090195595037,4.353261218604229,Lara Croft Tomb Raider: The Cradle of Life (2003),Action|Adventure|Comedy|Romance|Thriller,325703,1996.0
103341,-0.03644272931616877,1.6859012751633498,4.713677947202774,"World's End, The (2013)",Action|Comedy|Sci-Fi,1213663,107985.0
44004,0.00235722045643421,0.8162254483036471,4.73818207030932,Failure to Launch (2006),Comedy|Romance,427229,6877.0
58291,-1.0259784409253285,0.9989790082693987,3.7082670906200317,College Road Trip (2008),Comedy,997047,13493.0
3018,-0.5586782948338044,0.9127162502225343,4.123188992206825,Re-Animator (1985),Comedy|Horror|Sci-Fi,89885,1694.0
2495,0.025083216970887043,0.21025806272500686,4.854591407110307,"Fantastic Planet, The (Planète sauvage, La) (1973)",Animation|Sci-Fi,70544,16306.0
91261,-0.011734430647242406,0.019038784106312392,4.1189506273423495,Hipsters (Stilyagi) (2008),Drama|Musical|Romance,1239426,38336.0
134849,-0.0022150385940862107,0.019038784106312392,4.6189506273423495,Duck Amuck (1953),Animation|Children|Comedy,45708,53210.0
26171,-0.3086101766216548,0.24214029242622145,3.4607843137254903,Play Time (a.k.a. Playtime) (1967),Comedy,62136,10227.0
2970,0.26114123417511753,0.37725666497893556,5.427505172923441,Fitzcarraldo (1982),Adventure|Drama,83946,9343.0
5131,0.08423778122925098,0.08519701062213066,5.724035161659341,How to Kill Your Neighbor's Dog (2000),Comedy|Drama,207524,13791.0
813,-0.1625907176633804,0.4701823829774413,4.389490609157926,Larger Than Life (1996),Comedy,116823,34170.0
8916,-0.129010298450652,0.1718807994813942,3.9847140712433466,Shall We Dance? (2004),Comedy|Romance,358135,4380.0
5319,0.109324961386022,0.21036772872764842,5.254979157017138,Nine Queens (Nueve reinas) (2000),Crime|Thriller,247586,18079.0
5127,0.10217849318486488,0.1388513395525776,5.471178218687178,Dragonfly (2002),Drama|Fantasy|Mystery|Romance|Thriller,259288,10052.0
8241,-0.10609851614400154,0.1388513395525776,3.971178218687178,Masterminds (1997),Action|Comedy|Thriller,119630,25224.0
278,-1.4661542266345646,0.9100985753399214,3.124310135953695,Miami Rhapsody (1995),Comedy,113808,17402.0
2046,-0.42225830518287155,3.9190781593273236,4.627549824725034,Flight of the Navigator (1986),Adventure|Children|Sci-Fi,91059,10122.0
2993,1.2001995728162516,3.087088016496816,5.1240746015213805,Thunderball (1965),Action|Adventure|Thriller,59800,660.0
2204,0.04287487944248657,0.029682608844798394,6.1797385620915035,Saboteur (1942),Mystery|Thriller,35279,31997.0
4020,-0.7951392313994563,2.8208197811270592,4.453411795096925,"Gift, The (2000)",Thriller,219699,2046.0
4,-3.0820460364595084,2.7657123954775975,3.6209172064761184,Waiting to Exhale (1995),Comedy|Drama|Romance,114885,31357.0
445,-1.7204720447460835,3.270953307744635,4.209309218788208,Fatal Instinct (1993),Comedy,106873,26141.0
73017,0.985955405920776,6.549361851317527,4.885836327453719,Sherlock Holmes (2009),Action|Crime|Mystery|Thriller,988045,10528.0
5608,0.05060106082159131,1.1827881234206892,4.778075288525956,"Das Experiment (Experiment, The) (2001)",Drama|Thriller,250258,575.0
1779,0.5468927340977057,2.0970739224155994,4.996082604048027,Sphere (1998),Sci-Fi|Thriller,120184,10153.0
2581,-0.8149373181877764,5.4223441887544315,4.585001681420325,Never Been Kissed (1999),Comedy|Romance,151738,11355.0
3505,-0.6524998076363508,0.7065057831724902,3.811735070888278,No Way Out (1987),Drama|Mystery|Thriller,93640,10083.0
51084,0.2333887364046834,0.8850689560451873,4.99898965776356,Music and Lyrics (2007),Comedy|Romance,758766,11172.0
4333,-1.2305320102331043,1.1285995829784328,3.644976498544572,Throw Momma from the Train (1987),Comedy|Crime,94142,11896.0
7360,0.0002544738459329954,1.528235813958173,4.735460632424169,Dawn of the Dead (2004),Action|Drama|Horror|Thriller,363547,924.0
3653,0.2716372829451273,0.5029464022766204,5.275386027471929,"Endless Summer, The (1966)",Documentary,60371,21.0
5049,-0.36100610671693795,0.43953382971381116,3.9139555031608975,48 Hrs. (1982),Action|Comedy|Crime|Drama,83511,150.0
72489,0.4852504529596463,0.45336863135675665,5.805616189792809,Ninja Assassin (2009),Action|Crime|Drama|Thriller,1186367,22832.0
112788,-0.5658030790984825,0.5356529236609135,3.6790073802733354,Sex Tape (2014),Comedy,1956620,225886.0
55,0.040494831874488886,0.1303844586728049,5.045874322425216,Georgia (1995),Drama,113158,97406.0
1340,0.10485865794892166,0.26502737723353814,5.130946291560102,"Bride of Frankenstein, The (Bride of Frankenstein) (1935)",Drama|Horror|Sci-Fi,26138,229.0
5363,0.08250735382303218,0.7954803430284177,4.839014284394265,"New Guy, The (2002)",Comedy,241760,10985.0
6003,0.4481023495536949,1.004077407813103,5.181576790742621,Confessions of a Dangerous Mind (2002),Comedy|Crime|Drama|Thriller,290538,4912.0
127198,0.014808727139161683,0.7004900806258607,4.756434641330036,Dope (2015),Comedy|Drama,3850214,308639.0
167732,-0.026290621134550655,0.4075046275855355,4.670777988614801,A Street Cat Named Bob (2016),Comedy|Drama,3606888,404378.0
1318,-0.03409905031578386,0.03282210945791124,3.6963892185116123,Blue Juice (1995),Comedy|Drama,112537,18762.0
3093,-9.598978769147104e-05,0.11672358183282547,4.734471749226007,McCabe & Mrs. Miller (1971),Drama|Western,67411,29005.0
27821,-0.10152767941405913,0.28860438131421967,4.383505697278207,"Interpreter, The (2005)",Drama|Thriller,373926,179.0
5556,0.31045550251373133,0.1388513395525776,6.971178218687178,FearDotCom (a.k.a. Fear.com) (a.k.a. Fear Dot Com) (2002),Crime|Horror|Thriller,295254,9544.0
31193,-0.03667284636771273,0.1388513395525776,4.471178218687178,"Many Adventures of Winnie the Pooh, The (1977)",Animation|Children|Musical,76363,13716.0
3926,-0.04636323340467251,0.3176182548177241,4.589322553666016,Voyage to the Bottom of the Sea (1961),Adventure|Sci-Fi,55608,2160.0
450,0.34306446221895254,0.7534375091954394,5.190626455142832,With Honors (1994),Comedy|Drama,111732,16297.0
930,0.8372634656233608,2.6499387753012895,5.0512498949756,Notorious (1946),Film-Noir|Romance|Thriller,38787,303.0
8,-3.029529676560311,2.140952876906874,3.3202561178676326,Tom and Huck (1995),Adventure|Children,112302,45325.0
100,1.2919203707691866,2.775071565988219,5.200839001823452,City Hall (1996),Drama|Thriller,115907,11062.0
44665,1.1169211851573206,4.7406860098411725,4.970897400133751,Lucky Number Slevin (2006),Crime|Drama|Mystery,425210,186.0
56757,-0.5523158414892175,4.068875542282694,4.599552477051348,Sweeney Todd: The Demon Barber of Fleet Street (2007),Drama|Horror|Musical|Thriller,408236,13885.0
65596,0.04557442176917832,0.17009932883366186,5.003222404499649,Mesrine: Killer Instinct (L'instinct de mort) (2008),Action|Crime|Drama|Thriller,1259014,13635.0
88094,-0.12452490706448353,0.17009932883366186,4.003222404499649,Upside Down: The Creation Records Story (2010),Documentary,1764726,64780.0
95441,-0.33539519406004664,2.826438183458713,4.616630565752348,Ted (2012),Comedy|Fantasy,1637725,72105.0
2424,1.590914964980012,8.916962847422257,4.9137085612420455,You've Got Mail (1998),Comedy|Romance,128853,9489.0
4054,0.029022227512980593,3.016197079646379,4.744916243372471,Save the Last Dance (2001),Drama|Romance,206275,9816.0
4299,1.522463792419911,7.691533413604073,4.93323433457794,"Knight's Tale, A (2001)",Action|Comedy|Romance,183790,9476.0
58998,1.9901397773919667,5.017341623262571,5.131946354394267,Forgetting Sarah Marshall (2008),Comedy|Romance,800039,9870.0
61160,-0.6511683955829942,0.46744777762944445,3.3422649350392235,Star Wars: The Clone Wars (2008),Action|Adventure|Animation|Sci-Fi,1185834,12180.0
59129,0.08641292857745242,0.16612266202073486,5.2554695562435505,Outpost (2008),Action|Horror,892899,9017.0
6567,-0.010646963259437148,0.13080554861594187,4.653898768809849,Buffalo Soldiers (2001),Comedy|Crime|Drama|War,252299,9104.0
2574,-0.19551887480326158,0.34549520045556265,4.169385026737968,"Out-of-Towners, The (1999)",Comedy,129280,8970.0
2159,-0.15928019228910917,0.6856344101834011,4.502983443148526,Henry: Portrait of a Serial Killer (1986),Crime|Horror|Thriller,99763,10692.0
3959,-0.534906330702943,0.9587445232832549,4.177370377054375,"Time Machine, The (1960)",Action|Adventure|Sci-Fi,54387,2134.0
8866,0.2305079590428877,0.8736119055346774,4.999150365006474,Wimbledon (2004),Comedy|Romance,360201,11823.0
7209,0.9719795756134688,0.9989790082693987,5.708267090620032,"M. Hulot’s Holiday (Mr. Hulot's Holiday) (Vacances de Monsieur Hulot, Les) (1953)",Comedy,46487,778.0
118572,-0.5264889367906292,0.9989790082693987,4.208267090620032,The Mule (2014),Comedy|Crime|Drama,2130270,253272.0
167854,-1.0259784409253285,0.9989790082693987,3.7082670906200317,"Dana Carvey: Straight White Male, 60 (2016)",Comedy,6217368,423122.0
4254,0.09047225742072962,2.286808816179962,4.7748567854051185,Crocodile Dundee in Los Angeles (2001),Comedy|Drama,231402,9290.0
26236,-0.0022150385940862107,0.019038784106312392,4.6189506273423495,"White Sun of the Desert, The (Beloe solntse pustyni) (1970)",Action|Adventure|Comedy|Drama|Romance|War,66565,20848.0
119153,0.25989489985609493,0.22400547739431265,5.895510835913313,Bill Burr: You People Are All the Same (2012),Comedy,2290153,191489.0
4066,-0.3233031629321039,0.5685039877380577,4.166603009219745,I'm Gonna Git You Sucka (1988),Action|Comedy,95348,17006.0
6212,-0.05017528055483114,0.26192104733713906,4.543727685453289,Bringing Down the House (2003),Comedy,305669,10678.0
4160,0.04163927591818565,0.08519701062213066,5.224035161659342,"Widow of St. Pierre, The (Veuve de Saint-Pierre, La) (2000)",Drama|Romance,191636,48217.0
4313,-0.0009592293928796817,0.08519701062213066,4.724035161659341,"Man Who Cried, The (2000)",Drama,206917,29572.0
6425,-0.11622748425870788,0.1525641281597172,3.973467037712312,"6th Man, The (Sixth Man, The) (1997)",Comedy,120142,36807.0
30883,-0.05986126519460372,0.3107321390339718,4.542648241424841,Fat Albert (2004),Comedy|Fantasy,396592,15045.0
757,-0.016048651763820282,0.06357135844309382,4.482843137254902,Ashes of Time (Dung che sai duk) (1994),Drama,109688,40751.0
4248,0.7011535312097811,0.33007061817127203,6.859547209589813,Josie and the Pussycats (2001),Comedy,236348,19366.0
1256,0.22389627787758482,3.5038164361277544,4.7991948047860875,Duck Soup (1933),Comedy|Musical|War,23969,3063.0
3479,-0.020001430726485293,3.012705055478531,4.7286550904744145,Ladyhawke (1985),Adventure|Fantasy|Romance,89457,526.0
1279,-0.10687669096013636,0.35701991189315047,4.435936330028416,Night on Earth (1991),Comedy|Drama,102536,339.0
161,2.548551334956501,25.971461912727644,4.833423030972017,Crimson Tide (1995),Drama|Thriller|War,112740,8963.0
40819,-0.21315124206811997,6.238714648521677,4.70112822706275,Walk the Line (2005),Drama|Musical|Romance,358273,69.0
1385,-4.299671113113283,5.541687748874991,3.9594165677100106,Under Siege (1992),Action|Drama|Thriller,105690,8845.0
555,0.5596156041196091,10.96909465784743,4.786311601001462,True Romance (1993),Crime|Thriller,108399,319.0
88129,0.4444604114478665,2.5927216790816088,4.906720312380503,Drive (2011),Crime|Drama|Film-Noir|Thriller,780504,64690.0
2687,1.7222418570485665,4.5889851708772404,5.110593185505964,Tarzan (1999),Adventure|Animation|Children|Drama,120855,37135.0
90249,0.0325098047585178,0.5922105115080954,4.79018980782272,Real Steel (2011),Action|Drama|Sci-Fi|IMAX,433035,39254.0
134368,0.24032639614249607,2.209969014872513,4.84404061794872,Spy (2015),Action|Comedy|Crime,3079380,238713.0
139642,-1.0621337782646945,0.8103194135485635,3.4245347300453455,Southpaw (2015),Action|Drama,1798684,307081.0
104863,-0.05717875314289088,0.6975807883432699,4.653326904532305,What If (2013),Comedy|Drama|Romance,1486834,212716.0
54281,0.07495172031284451,0.28148783187536247,5.0015639589169005,Charlie Bartlett (2007),Comedy|Drama,423977,8669.0
987,-0.08988962679831601,0.1303844586728049,4.045874322425216,Bliss (1997),Drama|Romance,118742,63945.0
74698,0.26387613530462456,1.3969353294151083,4.924190575305631,Tooth Fairy (2010),Comedy|Fantasy,808510,23023.0
6283,0.5629043578595706,1.885471801333195,5.033842394774061,Cowboy Bebop: The Movie (Cowboy Bebop: Tengoku no Tobira) (2001),Action|Animation|Sci-Fi|Thriller,275277,11299.0
3629,-0.09104318031093041,0.7236327521336001,4.609480049609793,"Gold Rush, The (1925)",Adventure|Comedy|Romance,15864,962.0
156371,0.04109934827371234,0.29298545304032525,4.875571895424837,Everybody Wants Some (2016),Comedy,2937696,295699.0
1066,1.5550044242924064,1.5961952369814014,5.709488494541146,Shall We Dance (1937),Comedy|Musical|Romance,29546,31530.0
177615,-0.5484719778678345,0.7012606002738743,3.953171212619126,Lady Bird (2017),Comedy,4925292,391713.0
180985,-0.22967708082470106,0.2861132087939352,3.932545157566298,The Greatest Showman (2017),Drama,1485796,316029.0
3036,-0.9216842442762688,0.7897909663507294,3.5682964137673103,"Quest for Fire (Guerre du feu, La) (1981)",Adventure|Drama,82484,62204.0
147374,0.21340561613200687,0.4528164671455275,5.206579134018652,"Doctor Who: The Doctor, the Widow and the Wardrobe (2011)",Adventure|Drama,1998643,315623.0
58105,-0.21495069819134913,0.1718807994813942,3.4847140712433466,"Spiderwick Chronicles, The (2008)",Adventure|Children|Drama|Fantasy|IMAX,416236,8204.0
2937,0.07763202436960089,0.6266162021887939,4.859184984334561,"Palm Beach Story, The (1942)",Comedy,35169,32255.0
2163,-0.3639814882223966,0.3176182548177241,3.5893225536660163,Attack of the Killer Tomatoes! (1978),Comedy|Horror,80391,2182.0
1060,-0.0681559465642401,5.377126420974762,4.722618956003401,Swingers (1996),Comedy|Drama,117802,10218.0
2959,8.989513107568026,31.39262489178434,5.021651602519904,Fight Club (1999),Action|Crime|Drama|Thriller,137523,550.0
4002,-3.028560692327292,6.193414344623229,4.246297172859001,"Planes, Trains & Automobiles (1987)",Comedy,93748,2609.0
39,-5.9982148013441945,25.457580543713288,4.499678058570092,Clueless (1995),Comedy|Romance,112697,9603.0
719,-2.1392175968020855,5.008982711452914,4.30821785884688,Multiplicity (1996),Comedy,117108,9304.0
981,-0.18678638538322595,1.4985679522411972,4.610650863996882,Dangerous Ground (1997),Drama,118927,52855.0
922,1.162434068535613,4.26999745770193,5.007527082666487,Sunset Blvd. (a.k.a. Sunset Boulevard) (1950),Drama|Film-Noir|Romance,43014,599.0
5418,1.5822582345741891,19.775390263482976,4.815305597243291,"Bourne Identity, The (2002)",Action|Mystery|Thriller,258463,2501.0
64197,0.13062408618600926,0.17009932883366186,5.503222404499649,Hunger (2008),Drama,986233,10360.0
1015,-3.2560161340841915,5.575760776075217,4.151335037470003,Homeward Bound: The Incredible Journey (1993),Adventure|Children|Drama,107131,6878.0
1022,-0.6456840122982008,6.569154099476053,4.637003835135693,Cinderella (1950),Animation|Children|Fantasy|Musical|Romance,42332,11224.0
3157,-3.1767229119126386,4.492530686079437,4.028181994460892,Stuart Little (1999),Children|Comedy|Fantasy,164912,10137.0
2579,0.370934305349952,1.0908788609581233,5.07532665345416,Following (1998),Crime|Mystery|Thriller,154506,11660.0
5064,0.9002667807317988,3.1988834685518217,5.016725682623498,The Count of Monte Cristo (2002),Action|Adventure|Drama|Thriller,245844,11362.0
23,1.8396327717825645,3.969427372339085,5.19874453485384,Assassins (1995),Action|Crime|Thriller,112401,9691.0
58803,0.7745362683624502,4.006253062419928,4.928625955724857,21 (2008),Crime|Drama|Romance|Thriller,478087,8065.0
96811,1.1422299187432319,1.4756454341067111,5.509348570256595,End of Watch (2012),Crime|Drama|Thriller,1855199,77016.0
1254,0.5566597009796244,2.461483761977558,4.961442146562921,"Treasure of the Sierra Madre, The (1948)",Action|Adventure|Drama|Western,40897,3090.0
4105,-0.8404821921036356,1.197074015604031,4.033180312529055,"Evil Dead, The (1981)",Fantasy|Horror|Thriller,83907,764.0
31925,-0.5264889367906292,0.9989790082693987,4.208267090620032,Royal Flash (1975),Adventure|Comedy|Romance,73639,54302.0
2784,0.10485865794892166,0.26502737723353814,5.130946291560102,"Masque of the Red Death, The (1964)",Horror,58333,25319.0
5792,0.013738269444952645,0.21981231111924232,4.797794117647059,Roger Dodger (2002),Comedy|Drama,299117,13441.0
162578,-0.00951746603032333,0.8014289321392816,4.723418496929302,Kubo and the Two Strings (2016),Adventure|Animation|Children|Fantasy,4302938,313297.0
100843,-0.8991022780047716,0.7012606002738743,3.453171212619126,Oh Boy (A Coffee in Berlin) (2012),Comedy|Drama,1954701,130739.0
25746,0.033814893967948435,0.09004024785574485,5.110847214992192,"Hunchback of Notre Dame, The (1923)",Drama|Horror,14142,18987.0
25750,0.1238551418236933,0.09004024785574485,6.110847214992192,Sherlock Jr. (1924),Comedy|Fantasy|Romance,15324,992.0
1685,-0.531914889324092,0.999999991929293,4.203379224030037,"I Love You, I Love You Not (1996)",Drama|Romance,116592,45565.0
679,-0.08553004452086699,0.4721727115330053,4.5541526784411035,"Run of the Country, The (1995)",Drama,114307,221917.0
26870,-0.03667284636771273,0.1388513395525776,4.471178218687178,Major League II (1994),Comedy,110442,11067.0
66783,0.032752823408576076,0.1388513395525776,4.971178218687178,Friday the 13th (2009),Horror,758746,13207.0
5603,0.1443199186217099,0.15804599783844867,5.648445482411327,"Lavender Hill Mob, The (1951)",Comedy|Crime,44829,32961.0
133771,-0.10539337824645029,0.29298545304032525,4.375571895424837,The Lobster (2015),Comedy|Romance|Sci-Fi,3464902,254320.0
736,-1.156519433767406,23.49474714165033,4.686069521749316,Twister (1996),Action|Adventure|Romance|Thriller,117998,664.0
176,0.15230379829389407,0.5615603846347298,5.006509471260297,Living in Oblivion (1995),Comedy,113677,9071.0
4252,-0.016490338247110214,0.029682608844798394,4.1797385620915035,"Circle, The (Dayereh) (2000)",Drama,255094,13898.0
380,0.9288201310214224,38.40947807743564,4.759476173158172,True Lies (1994),Action|Adventure|Comedy|Romance|Thriller,111503,36955.0
520,-2.729803236490202,15.841106934335025,4.562970097122114,Robin Hood: Men in Tights (1993),Comedy,107977,8005.0
8984,-2.341486976950561,6.375235826227758,4.368015629325471,Ocean's Twelve (2004),Action|Comedy|Crime|Thriller,349903,163.0
63113,0.458149923276894,5.26767438719627,4.8222679678892995,Quantum of Solace (2008),Action|Adventure|Thriller,830515,10764.0
152077,-0.08048155906903084,1.6406994477978252,4.686240917088568,10 Cloverfield Lane (2016),Thriller,1179933,333371.0
3263,-0.7925373943040604,3.790925804654526,4.526232417380866,White Men Can't Jump (1992),Comedy|Drama,105812,10158.0
111362,0.9102144091022071,3.454070767561723,4.998813446101566,X-Men: Days of Future Past (2014),Action|Adventure|Sci-Fi,1877832,127585.0
1614,2.400382551811095,3.3649056312897105,5.448652177228382,In & Out (1997),Comedy,119360,10806.0
1717,-2.615091975032141,3.5257572695263124,3.9935833942133154,Scream 2 (1997),Comedy|Horror|Mystery|Thriller,120082,4233.0
1754,-0.8222848525426191,1.8638623670106274,4.2941216002462985,Fallen (1998),Crime|Drama|Fantasy|Thriller,119099,9411.0
2315,0.10010496252316897,0.36403822397948593,5.010278874546681,Bride of Chucky (Child's Play 4) (1998),Comedy|Horror|Thriller,144120,11932.0
4369,-4.889350341204315,6.411208403985647,3.972668722695811,"Fast and the Furious, The (2001)",Action|Crime|Thriller,232500,9799.0
6170,0.4090909085425221,0.9999999986594983,5.144385026737968,"Black Stallion, The (1979)",Adventure|Children|Drama,78872,17264.0
6857,-0.7038700403601093,2.4625197388152436,4.449460859433765,Ninja Scroll (Jûbei ninpûchô) (1995),Action|Adventure|Animation|Fantasy,107692,14282.0
1287,-0.16843625243408794,5.396748792964112,4.704083427860334,Ben-Hur (1959),Action|Adventure|Drama,52618,665.0
44974,0.9177722260359515,1.033594159827828,5.623236659997366,Hard Candy (2005),Drama|Thriller,424136,2652.0
44719,0.051613400840425205,0.1839098190865725,5.015939278937381,Brainstorm (2001),Drama,263124,53961.0
174053,0.9744868365144166,0.9905662413835952,5.719061578925853,Black Mirror: White Christmas (2014),Drama|Horror|Mystery|Sci-Fi|Thriller,3973198,374430.0
5023,0.002700908440389304,0.13311620170490315,4.755583972719522,"Waterdance, The (1992)",Drama,105789,61418.0
45221,-0.21110695269809693,0.48352824574799513,4.298697177231459,Stick It (2006),Comedy,430634,10115.0
791,-0.07407407377185218,0.99999999592,4.6612200435729845,"Last Klezmer: Leopold Kozlowski, His Life and Music, The (1994)",Documentary,113610,
1041,1.078988123486328,2.2069039045313543,5.224208982164214,Secrets & Lies (1996),Drama,117589,11159.0
1116,-0.07407407377185218,0.99999999592,4.6612200435729845,"Single Girl, A (Fille seule, La) (1995)",Drama,113057,102461.0
8581,-0.07593093805536551,0.3502243878556688,4.518487576788296,Pirates of Silicon Valley (1999),Documentary|Drama,168122,3293.0
1111,0.23394091958364943,0.8525304012042032,5.0097018329064875,Microcosmos (Microcosmos: Le peuple de l'herbe) (1996),Documentary,117040,9305.0
170411,-0.0022150385940862107,0.019038784106312392,4.6189506273423495,Dave Chappelle: Deep in the Heart of Texas (2017),Comedy,6649108,444706.0
170357,0.14789216115893858,0.22400547739431265,5.395510835913313,Dave Chappelle: The Age of Spin (2017),Comedy,6648926,444705.0
3964,-0.05756846336459649,0.4076585026734689,4.594076743332391,"Adventures of Ichabod and Mr. Toad, The (1949)",Animation|Children,41094,13465.0
5425,0.08423778122925098,0.08519701062213066,5.724035161659341,Dark Blue World (Tmavomodrý svet) (2001),Drama|War,244479,15813.0
7354,-0.0009592293928796817,0.08519701062213066,4.724035161659341,Mad Dog and Glory (1993),Comedy|Drama|Romance,107473,10433.0
27850,-0.06102108222385027,0.27143860713367884,4.510487916096672,"Yes Men, The (2003)",Documentary,379593,3396.0
49,0.3866426670121383,0.4721727115330053,5.5541526784411035,When Night Is Falling (1995),Drama|Romance,114916,8391.0
1677,-0.11622748425870788,0.1525641281597172,3.973467037712312,Critical Care (1997),Comedy|Drama,118901,61337.0
5076,0.032752823408576076,0.1388513395525776,4.971178218687178,"Adventures of Huck Finn, The (1993)",Adventure|Children|Comedy|Drama,106223,34723.0
4334,0.1443199186217099,0.15804599783844867,5.648445482411327,Yi Yi (2000),Drama,244316,25538.0
162,-0.8270596717107253,1.5470715634870689,4.200697211317433,Crumb (1994),Documentary,109508,26564.0
7,1.7232423511621568,11.983328884815503,4.87909742703847,Sabrina (1995),Comedy|Romance,114319,11860.0
637,0.3694364723994622,6.899968835609053,4.788835877211666,Sgt. Bilko (1996),Comedy,117608,9099.0
134130,1.7044328758562528,4.664500900013349,5.100699315843371,The Martian (2015),Adventure|Drama|Sci-Fi,3659388,286217.0
2034,1.2930216003935353,1.2620739461213883,5.759815386283699,"Black Hole, The (1979)",Children|Sci-Fi,78869,9570.0
7924,-0.137892914284029,0.9269468126870842,4.5865337870685465,Stray Dog (Nora inu) (1949),Drama|Film-Noir|Thriller,41699,30368.0
2272,-0.12304707816056656,0.43177925593236877,4.450317300280362,One True Thing (1998),Drama,120776,53113.0
55274,0.08641292857745242,0.16612266202073486,5.2554695562435505,Elizabeth: The Golden Age (2007),Drama,414055,4517.0
64997,-0.2862458450058004,0.4476104938960973,4.095796498826161,War of the Worlds (2005),Action|Sci-Fi,449040,34812.0
514,-0.564734689694028,7.251190932168326,4.65741247103523,"Ref, The (1994)",Comedy,110955,10872.0
1431,-2.2203979987324285,2.450293206797364,3.829117667998985,Beverly Hills Ninja (1997),Action|Comedy,118708,9622.0
101072,0.051613400840425205,0.1839098190865725,5.015939278937381,"Unintentional Kidnapping of Mrs. Elfriede Ott, The (Die Unabsichtliche Entführung der Frau Elfriede Ott) (2010)",Comedy,1663636,59255.0
2935,2.4727498400887336,1.7496686001262018,6.148561658660469,"Lady Eve, The (1941)",Comedy|Romance,33804,3086.0
6385,0.8117242539951065,0.8331522066911536,5.709574984307489,Whale Rider (2002),Drama,298228,1088.0
80363,0.21084791038871253,0.9301258645310821,4.9619816213807715,Resident Evil: Afterlife (2010),Action|Horror|Sci-Fi|Thriller|IMAX,1220634,35791.0
8154,0.4724900714787695,0.9989790082693987,5.208267090620032,"Dolce Vita, La (1960)",Drama,53779,439.0
99122,-0.026999432655929863,0.9989790082693987,4.708267090620032,I Bought a Vampire Motorcycle (1990),Comedy|Horror,97550,41153.0
128968,-1.525467945060028,0.9989790082693987,3.2082670906200317,Stitch! The Movie (2003),Animation|Children|Comedy,348124,15567.0
143031,-1.525467945060028,0.9989790082693987,3.2082670906200317,Jump In! (2007),Comedy|Drama|Romance,805559,13968.0
4909,0.36988603518245977,0.26502737723353814,6.130946291560102,"Incredible Shrinking Woman, The (1981)",Comedy|Sci-Fi,82558,12472.0
5165,-0.266267235428618,0.40387871678611575,4.076018883865363,Zombie (a.k.a. Zombie 2: The Dead Are Among Us) (Zombi 2) (1979),Horror,80057,7219.0
7561,-0.027655030667847417,0.26502737723353814,4.630946291560102,Paperhouse (1988),Fantasy|Horror|Thriller,98061,41965.0
30803,-0.0022150385940862107,0.019038784106312392,4.6189506273423495,3-Iron (Bin-jip) (2004),Drama|Romance,423866,1280.0
95761,0.18759207479387496,0.29298545304032525,5.375571895424837,Killer Joe (2011),Crime|Thriller,1726669,73567.0
7773,0.031545168600038614,0.03282210945791124,5.696389218511612,"Bang, Bang, You're Dead (2002)",Drama,288439,16876.0
7728,0.09672702846187267,0.5858477839864333,4.900400193159863,"Postman Always Rings Twice, The (1946)",Crime|Drama|Film-Noir|Thriller,38854,25736.0
1432,-0.24927454905116972,0.4338019712203242,4.160666601893873,Metro (1997),Action|Comedy|Crime|Drama|Thriller,119664,8860.0
38798,-0.04306989870995492,0.1718807994813942,4.484714071243347,In Her Shoes (2005),Comedy|Drama,388125,11931.0
7646,-0.10609851614400154,0.1388513395525776,3.971178218687178,Rose Red (2002),Horror|Mystery|Thriller,259153,14980.0
648,-2.5004517962090502,25.048876776774758,4.635471206684143,Mission: Impossible (1996),Action|Adventure|Mystery|Thriller,117060,954.0
115713,0.45132849064311087,5.09805187054812,4.823823717208506,Ex Machina (2015),Drama|Sci-Fi|Thriller,470752,264660.0
2717,0.021663626559093818,4.322465818241749,4.740305985286976,Ghostbusters II (1989),Comedy|Fantasy|Sci-Fi,97428,2978.0
58047,0.4806045789251655,3.777568529828748,4.862520023710754,"Definitely, Maybe (2008)",Comedy|Drama|Romance,832266,8390.0
2918,1.0330856158350596,17.781833977187414,4.793391927870707,Ferris Bueller's Day Off (1986),Comedy,91042,9377.0
158238,0.04344889821931866,2.819387105979778,4.750704877711601,The Nice Guys (2016),Crime|Mystery|Thriller,3799694,290250.0
110553,-0.19273070510545773,0.6731045721512636,4.448963117859783,The Amazing Spider-Man 2 (2014),Action|Sci-Fi|IMAX,1872181,102382.0
2912,-0.14730409709968229,1.836510862715946,4.6550854458171305,"Limey, The (1999)",Crime|Drama|Thriller,165854,10388.0
238,-0.7393707614264894,1.4414291740364615,4.222351286501207,Far From Home: The Adventures of Yellow Dog (1995),Adventure|Children,113028,27985.0
8874,0.17644553371713506,9.622452277964118,4.753630974886788,Shaun of the Dead (2004),Comedy|Horror,365748,747.0
59018,-0.2458323954640173,0.16612266202073486,3.25546955624355,"Visitor, The (2007)",Drama|Romance,857191,12473.0
446,-0.17151630615975755,1.06446015788023,4.57416426709322,Farewell My Concubine (Ba wang bie ji) (1993),Drama|Romance,106332,10997.0
1365,-0.21254552685670658,0.4353337748256362,4.247058333640092,Ridicule (1996),Drama,117477,12709.0
2357,0.4966540231443116,0.7943110694717436,5.360558000063568,Central Station (Central do Brasil) (1998),Drama,140888,666.0
4437,-0.6693904165522199,0.5467830706308234,3.5110601343601506,Suspiria (1977),Horror,76786,11906.0
34338,-0.4411598526530781,0.9971994470793261,4.292895303703489,"Aristocrats, The (2005)",Comedy|Documentary,436078,15258.0
1498,0.17281650703758433,0.12407338966800928,6.128151260504202,Inventing the Abbotts (1997),Drama|Romance,119381,12723.0
8861,-0.33666290815526445,2.2431051726734172,4.585206234004039,Resident Evil: Apocalypse (2004),Action|Horror|Sci-Fi|Thriller,318627,1577.0
2136,-0.035583825430189675,2.4764211408727173,4.720925065128936,"Nutty Professor, The (1963)",Comedy|Sci-Fi,57372,18331.0
6402,-1.525467945060028,0.9989790082693987,3.2082670906200317,Siam Sunset (1999),Comedy,178022,50285.0
66798,-0.026999432655929863,0.9989790082693987,4.708267090620032,"Pink Panther 2, The (2009)",Adventure|Comedy|Mystery,838232,15159.0
92643,-1.525467945060028,0.9989790082693987,3.2082670906200317,Monsieur Lazhar (2011),Children|Comedy|Drama,2011971,78480.0
4109,-2.5418079804200513,1.2650273665417144,2.7260032140290975,Flowers in the Attic (1987),Drama|Thriller,93036,15658.0
57504,0.08808417691051798,0.15578551595586254,5.300713671384482,"Girl Who Leapt Through Time, The (Toki o kakeru shôjo) (2006)",Animation|Comedy|Drama|Romance|Sci-Fi,808506,14069.0
107410,-0.0022150385940862107,0.019038784106312392,4.6189506273423495,Guest from the Future (Gostya iz buduschego) (1985),Adventure|Drama|Sci-Fi,86723,20894.0
172825,0.0073043534590699856,0.019038784106312392,5.1189506273423495,Adventures of Mowgli: The Kidnapping (1968),Adventure|Animation|Children,1259772,195065.0
167634,0.25989489985609493,0.22400547739431265,5.895510835913313,Fist Fight (2017),Comedy,3401882,345922.0
158783,0.04109934827371234,0.29298545304032525,4.875571895424837,The Handmaiden (2016),Drama|Romance|Thriller,4016934,290098.0
26776,-0.21998957579491274,0.5066834145872615,4.301118517140945,Porco Rosso (Crimson Pig) (Kurenai no buta) (1992),Adventure|Animation|Comedy|Fantasy|Romance,104652,11621.0
2070,-0.058457780704104206,0.11672358183282547,4.234471749226007,Tender Mercies (1983),Drama|Romance|Western,86423,42121.0
5187,-0.07218385992084296,0.27476957967127413,4.472587234275175,Hopscotch (1980),Comedy,80889,32030.0
3024,-1.6533333153162395,0.9999999891025643,3.0819607843137256,Piranha (1978),Horror|Sci-Fi,78087,24831.0
4522,-0.6815997430401207,0.3176182548177241,2.5893225536660163,Masquerade (1988),Mystery|Romance|Thriller,95599,41963.0
2988,-0.06668789425210901,0.46857020435034524,4.592972020268782,Melvin and Howard (1980),Drama,81150,38772.0
5481,-1.909238564281599,13.222491081175184,4.590900859783586,Austin Powers in Goldmember (2002),Comedy,295178,818.0
59421,-0.5992151797293841,1.207287355246649,4.238962256698375,What Happens in Vegas... (2008),Comedy|Romance,1033643,9029.0
1358,-3.5923240670488292,9.718681587301601,4.365663315898955,Sling Blade (1996),Drama,117666,12498.0
26444,-0.039475242647652606,0.17009932883366186,4.503222404499649,"Hitch Hikers Guide to the Galaxy, The (1981)",Adventure|Comedy|Sci-Fi,81874,64353.0
720,2.070623610799288,3.7637815612724292,5.28543858726906,Wallace & Gromit: The Best of Aardman Animation (1996),Adventure|Animation|Comedy,118114,503475.0
3852,-0.31765441791716553,1.7597232650162504,4.5547802696845885,"Tao of Steve, The (2000)",Comedy,234853,20438.0
164909,0.05682107402425903,1.0154884643349937,4.791248543541467,La La Land (2016),Comedy|Drama|Romance,3783958,313369.0
56782,0.028919146295497494,3.0253561073389266,4.744853040719072,There Will Be Blood (2007),Drama|Western,469494,7345.0
3169,0.04004969517277991,0.483740916838459,4.818085739729659,The Falcon and the Snowman (1985),Crime|Drama|Thriller,87231,26578.0
31420,-0.14879187580489261,0.5935783828875321,4.484624820896262,Assault on Precinct 13 (2005),Action|Crime|Drama|Thriller,398712,8978.0
79224,-1.864382434800067,1.1765737089665647,3.150707941199487,"Karate Kid, The (2010)",Action|Children|Drama,1155076,38575.0
140928,-0.05377997740602508,0.47689527212689775,4.622523074297913,Joy (2015),Comedy|Drama,2446980,274479.0
3628,-0.07533027229843421,0.12407338966800928,4.128151260504202,Flying Tigers (1942),Action|Drama|Romance|War,34742,29372.0
8014,1.1945243759311375,2.4517393750063086,5.222509189570462,"Spring, Summer, Fall, Winter... and Spring (Bom yeoreum gaeul gyeoul geurigo bom) (2003)",Drama,374546,113.0
50658,0.21569563625052576,0.28148783187536247,5.5015639589169005,49 Up (2005),Documentary,473434,13365.0
106927,0.4724900714787695,0.9989790082693987,5.208267090620032,RoboGeisha (Robo-geisha) (2009),Action|Comedy|Sci-Fi,1381512,39260.0
5072,-0.21727927163421365,0.3098525589749872,4.034059722962736,Metropolis (2001),Animation|Sci-Fi,293416,9606.0
170597,0.016823745512226183,0.019038784106312392,5.6189506273423495,A Plasticine Crow (1981),Animation,219251,129229.0
1422,1.445691133135125,1.4104579878897567,5.7602740500859415,Murder at 1600 (1997),Crime|Drama|Mystery|Thriller,119731,9415.0
3864,-0.1700747693673822,0.09956151937514536,3.027056131377036,Godzilla 2000 (Gojira ni-sen mireniamu) (1999),Action|Adventure|Sci-Fi,188640,10643.0
33499,-0.09519540448270358,0.26192104733713906,4.371843354714784,Monster-in-Law (2005),Comedy|Romance,369735,4379.0
453,0.09436801448443471,1.641894807824818,4.79276918488931,For Love or Money (1993),Comedy|Romance,106941,9024.0
140956,-0.6680097302688706,0.8992438676696335,3.992436974789916,Ready Player One,Action|Sci-Fi|Thriller,1677720,333339.0
189547,-1.3093362575241914,0.4251491847960904,1.6555839727195227,Iron Soldier (2010),Action|Sci-Fi,1665744,111196.0
3389,-0.11622748425870788,0.1525641281597172,3.973467037712312,Let's Get Harry (1986),Action|Adventure,91400,32031.0
31221,-0.3546348975433647,0.23446186609260528,3.222745815215248,Elektra (2005),Action|Adventure|Crime|Drama,357277,9947.0
3496,-0.7407407401214328,0.9999999991639346,3.9945533769063184,Madame Sousatzka (1988),Drama,95564,118098.0
7150,0.538640625216828,0.6283503938516959,5.592523826560011,Stuck on You (2003),Comedy,338466,1792.0
34271,0.042870501030742185,0.1718807994813942,4.984714071243347,Hustle & Flow (2005),Crime|Drama,410097,10476.0
62081,0.09123408427468828,0.5612825737093815,4.897839845143539,Eagle Eye (2008),Action|Crime|Thriller|IMAX,1059786,13027.0
106782,-0.29835203236186375,9.75608534735408,4.704712996045577,"Wolf of Wall Street, The (2013)",Comedy|Crime|Drama,993846,106646.0
247,0.9790408517210368,2.4573574410231864,5.133706182321454,Heavenly Creatures (1994),Crime|Drama,110005,1024.0
1914,-0.20234320775891163,1.3886777448121124,4.589584856794543,Smoke Signals (1998),Comedy|Drama,120321,20862.0
314,1.6721165268435976,1.8200544490465427,5.654011976730646,"Secret of Roan Inish, The (1994)",Children|Drama|Fantasy|Mystery,111112,14334.0
3916,1.2435143638717745,4.788465517035629,4.994983648551647,Remember the Titans (2000),Drama,210945,10637.0
5218,3.132271732456409,14.572871619432322,4.950232656478325,Ice Age (2002),Adventure|Animation|Children|Comedy,268380,425.0
8970,0.1795848607858645,3.4323803805906175,4.787614909888321,Finding Neverland (2004),Drama,308644,866.0
627,-0.10915985749498844,1.2861090301647728,4.650418065201487,"Last Supper, The (1995)",Drama|Thriller,113613,12520.0
5679,-3.9885246175376006,8.142177693930492,4.245434430537699,"Ring, The (2002)",Horror|Mystery|Thriller,298130,565.0
2053,-0.8309011287713121,2.669776100743827,4.424069094492565,"Honey, I Blew Up the Kid (1992)",Children|Comedy|Sci-Fi,104437,11158.0
2097,1.2582992787305534,1.57169444875163,5.535894564973191,Something Wicked This Way Comes (1983),Children|Drama|Fantasy|Mystery|Thriller,86336,24808.0
2083,2.6053690351298937,2.9976997611730627,5.60441685931561,"Muppet Christmas Carol, The (1992)",Children|Comedy|Musical,104940,10437.0
3543,1.5223645383021385,3.69171060485216,5.147667865551685,Diner (1982),Comedy|Drama,83833,13776.0
1810,0.24554488798233715,2.2931138874774755,4.8423733557621995,Primary Colors (1998),Comedy|Drama,119942,9440.0
728,-1.4808005683492396,2.7437176702645294,4.195588234495287,Cold Comfort Farm (1995),Comedy,112701,32513.0
83369,-0.05717875314289088,0.6975807883432699,4.653326904532305,"Way Back, The (2010)",Drama,1023114,49009.0
86911,0.2563243057426672,1.9894981950710637,4.864132789819622,"Hangover Part II, The (2011)",Comedy,1411697,45243.0
4149,-0.20437512210685604,0.7723893078926185,4.470692937881285,Saving Silverman (Evil Woman) (2001),Comedy|Romance,239948,10878.0
27705,-0.4880239434378804,0.28148783187536247,3.0015639589169,In Hell (2003),Action|Drama|Thriller,339135,19277.0
5065,0.1944019408536301,1.3186269224160831,4.882721670921516,"Mothman Prophecies, The (2002)",Drama|Fantasy|Horror|Mystery|Thriller,265349,2637.0
691,-0.03162382566959475,0.24710804050563037,4.60731841274937,Mrs. Winterbourne (1996),Comedy|Romance,117104,40001.0
127390,0.14789216115893858,0.22400547739431265,5.395510835913313,Family Guy Presents: Blue Harvest (2007),Animation|Comedy,888817,278468.0
3251,0.2678032850346888,1.4721727008411816,4.917204354728394,Agnes of God (1985),Drama|Mystery,88683,24735.0
27022,0.04109934827371234,0.29298545304032525,4.875571895424837,Thursday (1998),Action|Crime|Thriller,124901,9812.0
2940,-0.06203108483390674,0.6874402470058505,4.645059242537428,Gilda (1946),Drama|Film-Noir|Mystery|Romance,38559,3767.0
1661,0.05826580112872126,0.11672358183282547,5.234471749226007,Switchback (1997),Crime|Mystery|Thriller,119210,10871.0
48593,-0.005155156626958715,0.26192104733713906,4.715612016191795,Man of the Year (2006),Comedy|Thriller,483726,9895.0
90647,0.30151300052474983,0.8201650385577621,5.102918908207447,Puss in Boots (2011),Adventure|Animation|Comedy|Fantasy|IMAX,448694,58423.0
3158,0.04163927591818565,0.08519701062213066,5.224035161659342,"Emperor and the Assassin, The (Jing ke ci qin wang) (1999)",Drama,162866,10387.0
193583,-0.03065356802963128,0.14936647694438507,4.530070237050044,No Game No Life: Zero (2017),Animation|Comedy|Fantasy,5914996,445030.0
2147,0.022661178789741665,0.7897909663507294,4.763986746146532,"Clan of the Cave Bear, The (1986)",Adventure|Drama|Fantasy,90848,13853.0
1236,0.11597090816870609,0.2214585704012579,5.258962756700313,Trust (1990),Comedy|Drama|Romance,103130,37291.0
31223,-0.21495069819134913,0.1718807994813942,3.4847140712433466,Racing Stripes (2005),Children|Comedy,376105,6439.0
87,0.12659596968633435,1.7530318970585808,4.807509557593559,Dunston Checks In (1996),Children|Comedy,116151,17414.0
92259,2.875718632092754,6.469221049411569,5.17981728513943,Intouchables (2011),Comedy|Drama,1675434,77338.0
109374,1.4286301082479653,8.673614838302148,4.90000400330387,"Grand Budapest Hotel, The (2014)",Comedy|Drama,2278388,120467.0
1374,-0.6299449532749146,7.421620021705093,4.650414407902745,Star Trek II: The Wrath of Khan (1982),Action|Adventure|Sci-Fi|Thriller,84726,154.0
7753,-0.039475242647652606,0.17009932883366186,4.503222404499649,Tuesdays with Morrie (1999),Drama,207805,26133.0
98585,0.033799947189297186,0.4115035762964949,4.817431793079906,Hitchcock (2012),Drama,975645,112336.0
1845,-1.102842206297344,2.7069552004436743,4.3278835309788395,Zero Effect (1998),Comedy|Mystery|Thriller,120906,16148.0
3662,-0.0884090755360266,0.2251868844269083,4.342690988201824,Puppet Master III: Toulon's Revenge (1991),Horror|Sci-Fi|Thriller,102728,26956.0
5014,2.3708517681350214,4.638047725652656,5.246468626486638,I Am Sam (2001),Drama,277027,10950.0
1233,-0.147174943113684,5.312729943369939,4.707591797995492,"Boot, Das (Boat, The) (1981)",Action|Drama|War,82096,387.0
4359,0.1837912196202495,0.4355354483113075,5.157283235485479,"Seven Year Itch, The (1955)",Comedy,48605,10653.0
96567,0.9464285676507938,0.9999999960083856,5.681722689075631,"Words, The (2012)",Drama|Romance,1840417,83686.0
75805,-0.2979766172680257,0.5356529236609135,4.179007380273336,"Bounty Hunter, The (2010)",Action|Comedy|Romance,1038919,27573.0
87834,-1.525467945060028,0.9989790082693987,3.2082670906200317,My Life as McDull (Mak dau goo si) (2001),Animation|Comedy|Drama,312941,73884.0
119714,-0.026999432655929863,0.9989790082693987,4.708267090620032,Corner Gas: The Movie (2014),Comedy,3788052,298533.0
170837,-0.5264889367906292,0.9989790082693987,4.208267090620032,Life-Size (2000),Children|Comedy|Fantasy,200809,36968.0
6093,0.4746043281904074,0.8203037771192224,5.313865546218487,"Last Unicorn, The (1982)",Animation|Children|Fantasy,84237,10150.0
4427,-0.5229377065310373,0.6158515397053734,3.886164623254281,"Lion in Winter, The (1968)",Drama,63227,18988.0
1596,-0.4933720957827536,0.37725666497893556,3.427505172923441,Career Girls (1997),Drama,118818,49462.0
5472,0.11622539222266087,1.1890936187931276,4.833036961764433,1776 (1972),Children|Drama|Musical,68156,14902.0
59604,-0.012241208412590073,0.7182301824883424,4.718250544832867,"Girl Next Door, The (2007)",Crime|Drama|Horror|Thriller,830558,15356.0
31702,0.06291213449392424,0.4958075361306885,4.8621823351697175,Turtles Can Fly (Lakposhtha hâm parvaz mikonand) (2004),Drama|War,424227,8340.0
97860,-0.38033023134105876,0.5269130788921572,4.013485822167453,Killing Them Softly (2012),Crime|Drama|Thriller,1764234,64689.0
1495,-0.08561510559915476,0.05688898464154363,3.230343622597554,Turbo: A Power Rangers Movie (1997),Action|Adventure|Children,120389,6499.0
1594,0.1443199186217099,0.15804599783844867,5.648445482411327,In the Company of Men (1997),Comedy|Drama,119361,14585.0
4009,-0.04636323340467251,0.3176182548177241,4.589322553666016,Talk Radio (1988),Drama,96219,10132.0
4010,-0.3639814882223966,0.3176182548177241,3.5893225536660163,Brewster's Millions (1985),Comedy,88850,11064.0
37736,0.11244589400418954,0.3176182548177241,5.089322553666016,Oliver Twist (2005),Drama,380599,257.0
1620,0.4688587271357198,2.017337173641734,4.967708774582829,Kiss the Girls (1997),Crime|Drama|Mystery|Thriller,119468,9437.0
171,-0.5121870834035896,2.195575291150822,4.5020126239684135,Jeffrey (1995),Comedy|Drama,113464,17447.0
273,-3.5102508475873053,6.196376202702018,4.168793515882981,Mary Shelley's Frankenstein (Frankenstein) (1994),Drama|Horror|Sci-Fi,109836,3036.0
343,0.03216011023815113,1.0021015386947982,4.767386783905249,"Baby-Sitters Club, The (1995)",Children,112435,48287.0
434,-9.37310598328687,23.740004654522654,4.34047085961955,Cliffhanger (1993),Action|Adventure|Thriller,106582,9350.0
86548,-0.03019158174985002,0.1083800370507437,4.45672268907563,Water for Elephants (2011),Drama|Romance,1067583,55787.0
95449,0.10080444193573751,1.095619974533351,4.827300875719056,Magic Mike (2012),Drama|Romance,1915581,77930.0
4011,7.964347787659325,13.685293709891578,5.3172580825053934,Snatch (2000),Comedy|Crime|Thriller,208092,107.0
122886,-2.048286820077325,8.292741053242114,4.488296555932946,Star Wars: Episode VII - The Force Awakens (2015),Action|Adventure|Fantasy|Sci-Fi|IMAX,2488496,140607.0
5903,-0.07333495976644624,7.1264309847075005,4.725003558470409,Equilibrium (2002),Action|Sci-Fi|Thriller,238380,7299.0
27878,0.13062408618600926,0.17009932883366186,5.503222404499649,Born into Brothels (2004),Documentary,388789,1392.0
3397,3.174002509119971,3.292897080408466,5.699187744327384,"Great Muppet Caper, The (1981)",Children|Comedy,82474,14900.0
3454,0.1367778088908817,0.2251868844269083,5.3426909882018245,Whatever It Takes (2000),Comedy|Romance,202402,16222.0
4154,0.4090909085425221,0.9999999986594983,5.144385026737968,Recess: School's Out (2001),Animation|Children,265632,19405.0
132157,-0.4711252314200105,0.653767339865687,4.014662781862068,Paul Blart: Mall Cop 2 (2015),Action|Comedy|Crime,3450650,256961.0
48326,0.08641292857745242,0.16612266202073486,5.2554695562435505,All the King's Men (2006),Drama,405676,1717.0
1673,1.7414751048709491,4.359291081035512,5.134779968098063,Boogie Nights (1997),Drama,118749,4995.0
585,-6.4651651362214215,8.060112702213067,3.9331756640866913,"Brady Bunch Movie, The (1995)",Comedy,112572,9066.0
115569,0.3077675956901078,2.031160819321003,4.8868171249651065,Nightcrawler (2014),Crime|Drama|Thriller,2872718,242582.0
7004,-0.23463941005508282,2.8292429118757663,4.652360478732499,Kindergarten Cop (1990),Action|Comedy|Crime|Thriller,99938,951.0
2429,0.3004002579382053,0.5843126256414759,5.249402909337837,Mighty Joe Young (1998),Action|Adventure|Drama|Fantasy|Thriller,120751,9822.0
1305,-0.175419671319183,0.6025571702058101,4.444168760597094,"Paris, Texas (1984)",Drama|Romance,87884,655.0
130970,0.016823745512226183,0.019038784106312392,5.6189506273423495,George Carlin: Life Is Worth Losing (2005),Comedy,484855,13015.0
3117,-0.09754445786915189,0.5989020895048243,4.572421989500366,Ride with the Devil (1999),Drama|Romance|War,134154,22267.0
7076,-0.07062995212481979,0.6977281285856447,4.634065645938469,Bullitt (1968),Action|Crime|Drama|Thriller,62765,916.0
3516,0.061056372705964174,0.4629340564885933,4.867184117637735,"Bell, Book and Candle (1958)",Comedy|Fantasy|Romance,51406,2006.0
2674,0.7524057023975463,0.3969814970498682,6.630610922054773,"Loss of Sexual Innocence, The (1999)",Drama|Fantasy,126859,15059.0
81831,0.2381143654120564,0.2855088314293242,5.569294117647059,"First Beautiful Thing, The (La prima cosa bella) (2010)",Comedy|Drama,1467273,36940.0
3652,0.032752823408576076,0.1388513395525776,4.971178218687178,"City of the Living Dead (a.k.a. Gates of Hell, The) (Paura nella città dei morti viventi) (1980)",Horror,81318,24920.0
37475,0.032752823408576076,0.1388513395525776,4.971178218687178,"Unfinished Life, An (2005)",Drama,350261,1947.0
6122,0.1443199186217099,0.15804599783844867,5.648445482411327,Richard Pryor Live on the Sunset Strip (1982),Comedy|Documentary,84597,21923.0
3331,-0.3639814882223966,0.3176182548177241,3.5893225536660163,My Tutor (1983),Drama,85980,2193.0
8383,0.02105058559127784,0.009146187212576635,7.036863624373517,Hope Springs (2003),Comedy|Romance,314431,21544.0
1837,-1.4661542266345646,0.9100985753399214,3.124310135953695,"Odd Couple II, The (1998)",Comedy,120773,27472.0
2921,-1.0536578628414288,2.0873843324478383,4.230519866704099,High Plains Drifter (1973),Western,68699,11901.0
277,1.2329081588437227,8.995015053833733,4.872359831430189,Miracle on 34th Street (1994),Drama,110527,10510.0
5451,0.7391304342474235,0.9999999992759258,5.474424552429667,Pumpkin (2002),Comedy|Drama|Romance,265591,9719.0
112556,-1.4599271296918204,4.726500001048093,4.4264128885413605,Gone Girl (2014),Drama|Thriller,2267998,210577.0
58299,0.09067420534867796,0.8951485800493041,4.836589262799033,Horton Hears a Who! (2008),Adventure|Animation|Children|Comedy,451079,12222.0
73268,0.002686928880455533,0.3989909162419843,4.7420284285576,Daybreakers (2010),Action|Drama|Horror|Thriller,433362,19901.0
1963,-0.290391119019464,1.0314239668063863,4.45375022457794,Take the Money and Run (1969),Comedy|Crime,65063,11485.0
4821,-3.1275819331334347,1.138851338212076,1.9890340675482117,Joy Ride (2001),Adventure|Thriller,206314,10866.0
95067,-0.08907841732319459,0.34166007683268573,4.474571770017262,"Thousand Words, A (2012)",Comedy|Drama,763831,72358.0
428,0.3195525505732336,1.765528963133133,4.916289477817277,"Bronx Tale, A (1993)",Drama,106489,1607.0
4787,0.17217516802820917,0.299238863725638,5.310671145498865,Little Man Tate (1991),Drama,102316,11521.0
7884,0.08641292857745242,0.16612266202073486,5.2554695562435505,Highway 61 (1991),Comedy,102035,8468.0
194,-0.5058677811816176,1.83518278207665,4.4596443098338066,Smoke (1995),Comedy|Drama,114478,10149.0
994,0.5922963200563235,1.3474523790892556,5.174861652090582,Big Night (1996),Comedy|Drama,115678,18203.0
2333,-0.01049130707849412,0.7342267982619791,4.721005198877915,Gods and Monsters (1998),Drama,120684,3033.0
92046,-0.040341508702861045,0.1839098190865725,4.515939278937381,Contact High (2009),Comedy,780002,31337.0
170827,-0.4059691473145258,0.6975807883432699,4.153326904532305,The Mummy (2017),Action|Adventure|Fantasy|Horror|Thriller,2345759,282035.0
1381,-2.4068050286873826,2.4205068674715826,3.740954848863456,Grease 2 (1982),Comedy|Musical|Romance,84021,9037.0
4124,-2.993946665869172,1.2814878211835388,2.39898891335408,Jaws: The Revenge (1987),Horror|Thriller,93300,580.0
80831,0.10562586311178077,0.1428301144912339,5.474815075730891,Let Me In (2010),Drama|Horror|Mystery,1228987,41402.0
82041,-0.03720425137945312,0.1428301144912339,4.474815075730891,"Loved Ones, The (2009)",Horror,1316536,46420.0
331,-0.08988962679831601,0.1303844586728049,4.045874322425216,Tom & Viv (1994),Drama,111454,46797.0
3821,-0.10330481631976463,0.9833833217022422,4.630243712540591,Nutty Professor II: The Klumps (2000),Comedy,144528,12107.0
5912,0.0073043534590699856,0.019038784106312392,5.1189506273423495,Hit the Bank (Vabank) (1981),Comedy|Crime,83271,22257.0
118896,-0.0022150385940862107,0.019038784106312392,4.6189506273423495,Mommy (2014),Drama,3612616,265177.0
136445,0.016823745512226183,0.019038784106312392,5.6189506273423495,George Carlin: Back in Town (1996),Comedy,246641,34509.0
5501,-0.40641370315536196,0.7925821057548402,4.2225223805557945,"Master of Disguise, The (2002)",Comedy|Mystery,295427,13908.0
44840,-0.267858800010198,0.5347376164282844,4.234377795733279,"Benchwarmers, The (2006)",Comedy,437863,9957.0
87483,-0.33081659968158295,0.37337195433869774,3.8492698840714206,Mr. Popper's Penguins (2011),Comedy,1396218,58224.0
131714,-0.05516314416397236,0.3121072630330013,4.558549931600547,Last Knights (2015),Action|Adventure,2493486,308504.0
97306,-0.04633723641808025,0.6394823625733727,4.662833579045787,Seven Psychopaths (2012),Comedy|Crime,1931533,86838.0
5788,-0.30474376329328584,0.37725666497893556,3.927505172923441,All or Nothing (2002),Drama,286261,12454.0
4888,0.08423778122925098,0.08519701062213066,5.724035161659341,Tape (2001),Drama,275719,23949.0
5668,0.4323373046142354,0.2764162892408251,6.299374533463529,White Oleander (2002),Drama,283139,10994.0
2262,0.6451937128755402,0.7072191168633707,5.647590883233765,About Last Night... (1986),Comedy|Drama|Romance,90583,18169.0
3090,-1.0540304535214262,1.0025229731944916,3.683916262272026,Matewan (1987),Drama,93509,24276.0
3052,4.110917170311775,10.693224381084407,5.119735425881805,Dogma (1999),Adventure|Comedy|Fantasy,120655,1832.0
532,-0.5571556945998473,4.103997089440997,4.599534836522486,Serial Mom (1994),Comedy|Crime|Horror,111127,11592.0
80549,2.0660239723728573,3.2790268268904406,5.365366416973778,Easy A (2010),Comedy|Romance,1282140,37735.0
1840,-0.12343395039844006,0.3597831209039253,4.392215348169707,He Got Game (1998),Drama,124718,9469.0
1619,-0.8089301071738181,2.32419276674337,4.387246348654437,Seven Years in Tibet (1997),Adventure|Drama|War,120102,978.0
177593,1.238656728688174,2.160523346283822,5.30860739881049,"Three Billboards Outside Ebbing, Missouri (2017)",Crime|Drama,5027774,359940.0
1297,0.31907165552007993,3.2192502441007296,4.834407771860421,Real Genius (1985),Comedy,89886,14370.0
3608,-3.5956429986276675,3.599899110503694,3.736476404079367,Pee-wee's Big Adventure (1985),Adventure|Comedy,89791,5683.0
3763,-0.1403978612146008,2.8823174866479917,4.686584056432436,F/X (1986),Action|Crime|Thriller,89118,9873.0
72641,1.4388565966654687,6.211232822952199,4.966948064243377,"Blind Side, The  (2009)",Drama,878804,22881.0
33660,-0.10907212501708315,2.357331678061797,4.68902480135519,Cinderella Man (2005),Drama|Romance,352248,921.0
391,1.4464285656549865,0.9999999960083856,6.181722689075631,Jason's Lyric (1994),Crime|Drama,110186,22067.0
112804,2.2380402046879233,1.6975807843516555,6.053664486420219,I Origins (2014),Drama|Sci-Fi,2884206,244267.0
1388,0.10266087822797532,1.403109560243486,4.8084608047945405,Jaws 2 (1978),Horror|Thriller,77766,579.0
106002,-0.5786237171110887,1.5051424763843595,4.350862925125635,Ender's Game (2013),Action|Adventure|Sci-Fi|IMAX,1731141,80274.0
4581,0.002700908440389304,0.13311620170490315,4.755583972719522,Dad (1989),Drama,97142,21291.0
7493,0.002700908440389304,0.13311620170490315,4.755583972719522,"Three Faces of Eve, The (1957)",Drama,51077,28285.0
5400,-0.7011471651429281,2.7553303313690223,4.480824750703839,"Sum of All Fears, The (2002)",Drama|Thriller,164184,4614.0
88746,-1.525467945060028,0.9989790082693987,3.2082670906200317,Terri (2011),Comedy,1687281,51993.0
124273,-1.0259784409253285,0.9989790082693987,3.7082670906200317,Kevin Smith: Too Fat For 40 (2010),Comedy,1705115,48132.0
86815,-0.06374202469581315,0.15655207368287652,4.328132313933531,Soul Surfer (2011),Action|Drama,1596346,43959.0
120478,0.016823745512226183,0.019038784106312392,5.6189506273423495,The Salt of the Earth (2014),Documentary,3674140,265297.0
5899,0.05826580112872126,0.11672358183282547,5.234471749226007,Zulu (1964),Action|Drama|War,58777,14433.0
2863,0.9103586180967003,3.485807209865099,4.9964556114670025,"Hard Day's Night, A (1964)",Adventure|Comedy|Musical,58182,704.0
1598,-0.007221090802935676,0.23776113878184785,4.704922918888791,Desperate Measures (1998),Crime|Drama|Thriller,118966,9458.0
5615,-0.0009592293928796817,0.08519701062213066,4.724035161659341,Invincible (2001),Drama,245171,68569.0
6264,0.12383069213539921,0.587148428274797,4.946195971713581,"Core, The (2003)",Action|Drama|Sci-Fi|Thriller,298814,9341.0
174479,0.04402967044256126,0.14936647694438507,5.030070237050044,Unedited Footage of a Bear (2014),Horror|Thriller,4289434,312174.0
26116,1.9553969877909218e-16,1.629497489825768e-16,5.935294117647059,"Hush... Hush, Sweet Charlotte (1964)",Horror|Thriller,58213,10299.0
438,0.36165344698867646,1.1195516881411822,5.058328284643974,"Cowboy Way, The (1994)",Action|Comedy|Drama,109493,19176.0
62437,0.1841240258039511,0.1257877007967587,6.199062233589087,W. (2008),Drama,1175491,10523.0
1887,-0.21621694743318076,0.2214585704012579,3.7589627567003134,Almost Heroes (1998),Adventure|Comedy|Western,119053,14342.0
8530,0.042870501030742185,0.1718807994813942,4.984714071243347,Dear Frankie (2004),Drama|Romance,377752,8981.0
8835,-0.04306989870995492,0.1718807994813942,4.484714071243347,Paparazzi (2004),Drama|Thriller,338325,15644.0
27311,-0.03667284636771273,0.1388513395525776,4.471178218687178,Batman Beyond: Return of the Joker (2000),Action|Animation|Crime|Sci-Fi|Thriller,233298,16234.0
4329,-0.04636323340467251,0.3176182548177241,4.589322553666016,Rio Bravo (1959),Western,53221,301.0
3038,0.1443199186217099,0.15804599783844867,5.648445482411327,"Face in the Crowd, A (1957)",Drama,50371,21849.0
5816,1.358010421304169,17.887212074823093,4.8112148601095255,Harry Potter and the Chamber of Secrets (2002),Adventure|Fantasy,295297,672.0
7151,-0.16412773374170697,1.5409777408417211,4.628785289263817,Girl with a Pearl Earring (2003),Drama|Romance,335119,3635.0
448,-0.21518291421810598,1.2513424373515247,4.563332464469578,Fearless (1993),Drama,106881,10443.0
1234,2.6694314960651218,11.84792609626067,4.960602030135441,"Sting, The (1973)",Comedy|Crime,70735,9277.0
2951,0.9705102744832312,8.010070046532537,4.856455389501773,"Fistful of Dollars, A (Per un pugno di dollari) (1964)",Action|Western,58461,391.0
6548,0.07813847569260915,1.637120834803588,4.783023322499543,Bad Boys II (2003),Action|Comedy|Crime|Thriller,172156,8961.0
58295,-0.0008906171276303332,0.9753178749788143,4.734380961894992,"Bank Job, The (2008)",Action|Crime|Thriller,200465,8848.0
59429,-0.42803751336542073,0.5830643242955188,4.001176979057603,American Pie Presents Beta House (American Pie 6: Beta House) (2007),Comedy,974959,8277.0
93840,-0.044876169536744726,1.522351249322741,4.705815920971548,"Cabin in the Woods, The (2012)",Comedy|Horror|Sci-Fi|Thriller,1259521,22970.0
69,1.1933864711543911,6.07079238649047,4.931872487516876,Friday (1995),Comedy,113118,10634.0
96606,0.06843714635265138,0.20294860319288488,5.072508295404212,Samsara (2011),Documentary,770802,89708.0
928,1.1121786746956612,2.602057467922626,5.16271691226488,Rebecca (1940),Drama|Mystery|Romance|Thriller,32976,223.0
6331,1.6489269349584053,3.174465258602612,5.2547286682347245,Spellbound (2002),Documentary,334405,16636.0
2881,-0.09622215682764365,0.93745304998644,4.632652010046006,Double Jeopardy (1999),Action|Crime|Drama|Thriller,150377,10398.0
120635,0.10089048735252829,0.3121072630330013,5.058549931600547,Taken 3 (2015),Action|Crime|Thriller,2446042,260346.0
2077,0.3890777704339163,0.7447117649794257,5.257748292175462,"Journey of Natty Gann, The (1985)",Adventure|Children,89385,35144.0
2590,0.116627592045134,0.11672358183282547,5.734471749226007,Hideous Kinky (1998),Drama,136244,10209.0
4035,0.116627592045134,0.11672358183282547,5.734471749226007,"Claim, The (2000)",Romance|Western,218378,44853.0
6448,-0.058457780704104206,0.11672358183282547,4.234471749226007,"Flight of the Phoenix, The (1965)",Action|Adventure|Drama,59183,10243.0
64034,1.0636399469028013,1.0098881316048187,5.788519632053853,"Boy in the Striped Pajamas, The (Boy in the Striped Pyjamas, The) (2008)",Drama|War,914798,14574.0
166,-0.171353250637141,0.08519701062213066,2.7240351616593412,"Doom Generation, The (1995)",Comedy|Crime|Drama,112887,13552.0
183911,-0.3293865219184014,0.14936647694438507,2.530070237050044,The Clapper (2018),Comedy,5461956,422615.0
25788,-0.06102108222385027,0.27143860713367884,4.510487916096672,Scarface (1932),Crime|Drama,23427,877.0
180031,-0.6098791524222558,2.105851975331222,4.445682521216436,The Shape of Water (2017),Adventure|Drama|Fantasy,5580390,399055.0
89582,-0.26763106706393025,0.397893975811861,4.062675070028011,Cold Fish (Tsumetai nettaigyo) (2010),Drama|Thriller,1632547,68341.0
61705,0.14504899421560707,0.3107321390339718,5.202091645146296,Lakeview Terrace (2008),Drama|Thriller,947802,13279.0
108928,-0.04742693389446673,0.24140424746283304,4.538831402541897,"Monuments Men, The (2014)",Action|Drama|War,2177771,152760.0
129,-1.0038283029527995,0.46857020435034524,2.592972020268782,Pie in the Sky (1996),Comedy|Romance,114131,110972.0
543,-1.782471530179697,6.83028993820297,4.47432839784503,So I Married an Axe Murderer (1993),Comedy|Romance|Thriller,108174,10442.0
2143,-0.35726237118079,0.7563274694311917,4.262929453370783,Legend (1985),Adventure|Fantasy|Romance,89469,11976.0
8528,2.9883415531578272,6.418876494174926,5.200849352409672,Dodgeball: A True Underdog Story (2004),Comedy,364725,9472.0
8965,0.22372200523815539,0.7369961941721368,5.038853358532232,"Polar Express, The (2004)",Adventure|Animation|Children|Fantasy|IMAX,338348,5255.0
1230,2.3074399878776823,9.356895105788423,4.981897286945199,Annie Hall (1977),Comedy|Romance,75686,703.0
1261,1.3271562434866906,4.702850713618353,5.0174966208316825,Evil Dead II (Dead by Dawn) (1987),Action|Comedy|Fantasy|Horror,92991,765.0
2194,0.2908763033323938,11.384419703783717,4.760844502374681,"Untouchables, The (1987)",Action|Crime|Drama,94226,117.0
1020,1.0054309813077937,6.420207642609097,4.891898239706139,Cool Runnings (1993),Comedy,106611,864.0
155168,0.04557442176917832,0.17009932883366186,5.003222404499649,Fraktus (2012),Comedy,1971571,140554.0
2394,1.9137578959669808,3.832403744453513,5.234656403976282,"Prince of Egypt, The (1998)",Animation|Musical,120794,9837.0
1876,-1.657261166961212,6.20256385154107,4.468104418898621,Deep Impact (1998),Drama|Sci-Fi|Thriller,120647,8656.0
44761,0.904058961280281,1.0632217984540653,5.5855954965266035,Brick (2005),Crime|Drama|Film-Noir|Mystery,393109,9270.0
97923,0.9696667054234757,1.6777793617199166,5.3132406149918925,Flight (2012),Drama,1907668,87502.0
3430,0.14780783683203397,1.1715199103235459,4.86146170176538,Death Wish (1974),Action|Crime|Drama,71402,13939.0
166534,-0.1505380551240453,1.1629905132004155,4.605853633468231,Split (2017),Drama|Horror|Thriller,4972582,381288.0
6214,0.01673536786020137,1.169453631759335,4.749604533558996,Irreversible (Irréversible) (2002),Crime|Drama|Mystery|Thriller,290673,979.0
55768,0.08629141286001894,0.8011465005657192,4.843004021889398,Bee Movie (2007),Animation|Comedy,389790,5559.0
58303,-0.932077661601142,0.5458766256568378,3.0278063488135802,"Counterfeiters, The (Die Fälscher) (2007)",Crime|Drama|War,813547,7862.0
47725,-0.5264889367906292,0.9989790082693987,4.208267090620032,Angel-A (2005),Comedy|Drama|Fantasy|Romance,473753,11227.0
182297,-0.5264889367906292,0.9989790082693987,4.208267090620032,Porky in Wackyland (1938),Animation|Comedy|Fantasy,30604,128756.0
2790,0.10485865794892166,0.26502737723353814,5.130946291560102,"Final Conflict, The (a.k.a. Omen III: The Final Conflict) (1981)",Horror|Thriller,82377,10768.0
96020,-0.17850444182944722,0.6066701282241829,4.44105770559236,Sidewalls (Medianeras) (2011),Drama,1235841,76696.0
2585,0.011505962430165939,0.3851323005377078,4.7651694680502885,"Lovers of the Arctic Circle, The (Los Amantes del Círculo Polar) (1998)",Drama|Romance,133363,1414.0
170399,0.14789216115893858,0.22400547739431265,5.395510835913313,CHiPS (2017),Action|Comedy|Drama,493405,417644.0
170813,-0.27494017991315356,0.6147762018015308,4.288074171417076,Baywatch (2017),Action|Comedy,1469304,339846.0
95105,-0.12074175373663268,1.0422320537350185,4.619444913716002,Madagascar 3: Europe's Most Wanted (2012),Adventure|Animation|Children|Comedy|IMAX,1277953,80321.0
39292,0.30165577324363907,2.742199982843374,4.845299141033739,"Good Night, and Good Luck. (2005)",Crime|Drama,433383,3291.0
6624,-0.3476458176269275,0.34711805795926975,3.7337737136935436,Agent Cody Banks (2003),Action|Adventure|Children|Fantasy,313911,10923.0
7054,-0.011205229959923988,0.09004024785574485,4.610847214992192,Little Women (1949),Drama,41594,43436.0
97,0.29465530613907953,0.3566356177558095,5.5615024139278635,"Hate (Haine, La) (1995)",Crime|Drama,113247,406.0
193585,-0.03065356802963128,0.14936647694438507,4.530070237050044,Flint (2017),Drama,6397426,479308.0
8607,-0.06102108222385027,0.27143860713367884,4.510487916096672,Tokyo Godfathers (2003),Adventure|Animation|Drama,388473,13398.0
65651,-0.8841870727281009,0.4251491847960904,2.6555839727195227,Fire and Ice (2008),Adventure|Fantasy,1135493,16999.0
182823,-0.1033938422925689,0.3781509793123832,4.461874642493043,Bright (2017),Action|Crime|Fantasy,5519340,400106.0
55241,0.8472889388824788,0.5165489583537919,6.375581887431231,Mr. Woodcock (2007),Comedy,419984,13257.0
661,1.1027062599284492,10.601624753279403,4.8393070671326885,James and the Giant Peach (1996),Adventure|Animation|Children|Fantasy|Musical,116683,10539.0
4260,-0.046172947091908605,0.029682608844798394,3.1797385620915035,"Visit, The (2000)",Drama,199129,70282.0
524,-0.8258228673266903,5.1384486467999455,4.574579683371066,Rudy (1993),Drama,108002,14534.0
1006,0.25245960041997945,0.4985680159237328,5.2416635443986515,"Chamber, The (1996)",Drama,115862,6346.0
74450,0.0036233122180984144,0.19842028490648855,4.753554913007806,Valentine's Day (2010),Comedy|Romance,817230,32856.0
38061,1.127145454295983,4.0812668511288335,5.011469505194733,Kiss Kiss Bang Bang (2005),Comedy|Crime|Mystery|Thriller,373469,5236.0
1690,1.9500736003344477,6.584934212525319,5.031435815862537,Alien: Resurrection (1997),Action|Horror|Sci-Fi,118583,8078.0
2328,-0.03874637702940864,0.36403822397948593,4.628859203736502,Vampires (1998),Horror|Western,120877,9945.0
8228,-0.8914832087035203,3.050409930590061,4.443043820477631,"Maltese Falcon, The (a.k.a. Dangerous Female) (1931)",Mystery,22111,28257.0
2827,-1.5407751977605844,0.9988239348031839,3.1927047341996238,"Astronaut's Wife, The (1999)",Horror|Sci-Fi|Thriller,138304,2900.0
1965,-1.9082264662859636,4.518270800051219,4.312958549299909,Repo Man (1984),Comedy|Sci-Fi,87995,13820.0
2966,0.8573791342686669,1.4468536357478934,5.32787591934774,"Straight Story, The (1999)",Adventure|Drama,166896,404.0
83803,0.22299998970959575,0.30052661598167485,5.477324865842731,Day & Night (2010),Animation|Children,1620446,40619.0
6464,-3.4958508350890924,1.1172047101000386,1.6061891259790047,Good Burger (1997),Children|Comedy,119215,14817.0
5092,-1.1222359159674045,1.3097111473033705,3.878436543915605,Big Fat Liar (2002),Children|Comedy,265298,11870.0
27826,-0.5264889367906292,0.9989790082693987,4.208267090620032,Touch of Pink (2004),Comedy|Drama|Romance,374277,55177.0
533,-1.1578169755854264,1.5502019755372036,3.988412747440961,"Shadow, The (1994)",Action|Adventure|Fantasy|Mystery,111143,8850.0
3840,0.07338186127957849,0.48483968835278046,4.886646952496223,Pumpkinhead (1988),Horror,95925,26515.0
69988,0.4233219794832534,0.4202432741779207,5.742620124973066,Humpday (2009),Comedy,1334537,23720.0
88235,0.07106015124286358,0.26044303156914544,5.008137475423739,"Guard, The (2011)",Comedy|Crime,1540133,67913.0
71205,-0.6361270097211557,0.22400547739431265,1.8955108359133126,Jennifer's Body (2009),Comedy|Horror|Sci-Fi|Thriller,1131734,19994.0
3985,-0.1292310565471064,0.9156607353961315,4.594159905431223,"Eagle Has Landed, The (1976)",Drama|War,74452,11372.0
3357,0.1286097887580539,0.09956151937514536,6.027056131377035,East-West (Est-ouest) (1999),Drama|Romance,181530,28463.0
4142,-0.6582261101432958,0.8787236904642515,3.986223485676799,Left Behind: The Movie (2000),Action|Adventure|Drama|Thriller,190524,37302.0
1695,0.04163927591818565,0.08519701062213066,5.224035161659342,Artemisia (1997),Drama,123385,39177.0
39869,-0.20718125722669473,0.8004427598912642,4.4764607973796116,Manderlay (2005),Drama,342735,1951.0
55814,0.866112429601352,0.7932618514105841,5.827130852340936,"Diving Bell and the Butterfly, The (Scaphandre et le papillon, Le) (2007)",Drama,401383,2013.0
2851,-0.3276448443213873,0.4701823829774413,4.038447838025588,Saturn 3 (1980),Adventure|Sci-Fi|Thriller,81454,
6724,0.06291213449392424,0.4958075361306885,4.8621823351697175,Paper Moon (1973),Comedy|Crime|Drama,70510,11293.0
5523,-0.1901488817319299,0.2855088314293242,4.069294117647059,"Adventures of Pluto Nash, The (2002)",Action|Adventure|Comedy|Sci-Fi,180052,11692.0
84942,-0.04742693389446673,0.24140424746283304,4.538831402541897,Drive Angry (2011),Action|Fantasy|Thriller,1502404,47327.0
1791,-0.1362861779395281,0.10720071313536052,3.4639762881896945,Twilight (1998),Crime|Drama|Thriller,119594,26269.0
1746,0.10386911076800809,0.19121927861869445,5.278487834924546,Senseless (1998),Comedy,120820,12538.0
234,-2.558775603504671,4.390227922824104,4.152459775447649,Exit to Eden (1994),Comedy,109758,18395.0
239,-1.6711171295201313,4.908090740852481,4.3948119999040856,"Goofy Movie, A (1995)",Animation|Children|Comedy|Romance,113198,15789.0
312,-5.020031207863034,3.669230874587489,3.367151479735944,Stuart Saves His Family (1995),Comedy,114571,28033.0
1347,-4.32409633495689,4.830017536963769,3.840039327811432,"Nightmare on Elm Street, A (1984)",Horror|Thriller,87800,377.0
1209,-0.8906770409273834,2.5798096507312445,4.3900449863109845,Once Upon a Time in the West (C'era una volta il West) (1968),Action|Drama|Western,64116,335.0
1356,7.3835601585409165,17.299868818412175,5.162092738841379,Star Trek: First Contact (1996),Action|Adventure|Sci-Fi|Thriller,117731,199.0
1081,0.7807421935805795,1.8798322156798157,5.150619585030984,Victor/Victoria (1982),Comedy|Musical|Romance,84865,12614.0
3361,-0.3572218984870011,6.559605750892426,4.680836287092471,Bull Durham (1988),Comedy|Drama|Romance,94812,287.0
2358,-0.16277106445364986,0.16612266202073486,3.75546955624355,Savior (1998),Drama|War,120070,2042.0
82848,-0.1322964182461473,0.1839098190865725,4.015939278937381,One Week (1920),Comedy,11541,23282.0
160569,0.32747812947028393,0.1839098190865725,6.515939278937381,Ice Age: Collision Course (2016),Adventure|Animation|Children|Comedy,3416828,278154.0
168254,0.38957823321539553,0.5620607983989557,5.428418837117121,Kong: Skull Island (2017),Action|Adventure|Fantasy,3731562,293167.0
3799,1.5386098424781791,0.8277204054470755,6.5941462521998275,Pokémon the Movie 2000 (2000),Animation|Children,210234,12599.0
54999,0.024370570186647705,0.9494194889249001,4.76096303478109,Shoot 'Em Up (2007),Action|Comedy|Crime,465602,4141.0
2020,0.3272445710408782,3.653359916200105,4.824867709777902,Dangerous Liaisons (1988),Drama|Romance,94947,859.0
86504,-0.48607921790949704,0.9793077171056848,4.238944288661651,Voices from the List (2004),Documentary,405455,167966.0
81910,0.21569563625052576,0.28148783187536247,5.5015639589169005,"Art of the Steal, The (2009)",Documentary,1326733,41999.0
132496,-1.0259784409253285,0.9989790082693987,3.7082670906200317,Danny Collins (2015),Comedy|Drama,1772288,256924.0
94833,-0.2378161465371824,0.43928205828423306,4.193919522322007,"Pirates! Band of Misfits, The (2012)",Adventure|Animation|Children|Comedy,1430626,72197.0
175431,0.016823745512226183,0.019038784106312392,5.6189506273423495,Bobik Visiting Barbos (1977),Animation|Comedy,1070753,72199.0
110669,0.14789216115893858,0.22400547739431265,5.395510835913313,"Honest Liar, An (2014)",Comedy|Documentary,2246565,262481.0
3537,1.353333318863732,0.9999999893081762,6.088627450980392,Where the Money Is (2000),Comedy|Drama,149367,31776.0
50842,0.18759207479387496,0.29298545304032525,5.375571895424837,"Boss of It All, The (Direktøren for det hele) (2006)",Comedy|Drama,469754,5206.0
5563,0.05826580112872126,0.11672358183282547,5.234471749226007,City by the Sea (2002),Crime|Drama,269095,13536.0
869,-0.1888444044241528,0.5532798343244059,4.393976049088234,Kansas City (1996),Crime|Drama|Musical|Thriller,116745,22479.0
6856,-0.05622535388779642,0.09004024785574485,4.110847214992192,Yankee Doodle Dandy (1942),Drama|Musical,35575,3087.0
77846,-0.14626560174354128,0.09004024785574485,3.1108472149921917,12 Angry Men (1997),Crime|Drama,118528,12219.0
162982,-0.10533680650182381,0.14936647694438507,4.030070237050044,Steins;Gate the Movie: The Burden of Déjà vu (2013),Animation|Drama|Sci-Fi,2967286,225745.0
184641,-0.4787529988627865,0.14936647694438507,1.5300702370500439,Fullmetal Alchemist 2018 (2017),Action|Adventure|Fantasy,5607028,426285.0
146662,0.3912604816601702,0.4251491847960904,5.655583972719523,Dragons: Gift of the Night Fury (2011),Adventure|Animation|Comedy,2065968,91417.0
1581,0.03633664390100933,0.1525641281597172,4.973467037712312,Out to Sea (1997),Comedy,119848,18080.0
63540,0.26806846179360827,0.1349338880093353,6.721959333838429,Beverly Hills Chihuahua (2008),Adventure|Children|Comedy,1014775,14405.0
66509,0.042870501030742185,0.1718807994813942,4.984714071243347,Funny People (2009),Comedy|Drama,1201167,20829.0
2919,-0.7341861795414434,1.2929038962318726,4.167435840105158,"Year of Living Dangerously, The (1982)",Drama|Romance|War,86617,11541.0
7375,0.07252453278401672,1.4073470016929157,4.786826918510511,"Prince & Me, The (2004)",Comedy|Romance,337697,11137.0
70183,-0.02906126550737302,1.5213330804967067,4.716191617425421,"Ugly Truth, The (2009)",Comedy|Drama|Romance,1142988,20943.0
7438,-3.357505649823385,19.821577348195277,4.565907716613284,Kill Bill: Vol. 2 (2004),Action|Drama|Thriller,378194,393.0
7099,-1.8088991513465897,3.4562239493665707,4.211919713138893,Nausicaä of the Valley of the Wind (Kaze no tani no Naushika) (1984),Adventure|Animation|Drama|Fantasy|Sci-Fi,87544,81.0
47200,-0.7871805913153005,1.2379647378413217,4.099427386347481,Crank (2006),Action|Thriller,479884,1948.0
91485,0.031985064749133436,0.4206497635090716,4.811331399784848,"Expendables 2, The (2012)",Action|Adventure,1764651,76163.0
5693,0.20509849039893374,1.766327518887641,4.851409893575238,Saturday Night Fever (1977),Comedy|Drama|Romance,76666,11009.0
1960,-0.38483300962935335,4.567116364834865,4.651032413129865,"Last Emperor, The (1987)",Drama,93389,746.0
635,0.0033515975670849935,0.16612266202073486,4.7554695562435505,"Family Thing, A (1996)",Comedy|Drama,116275,41852.0
6997,0.0033515975670849935,0.16612266202073486,4.7554695562435505,Hoffa (1992),Crime|Drama,104427,10410.0
47644,-0.004375357534534559,1.140104086584053,4.731456435117876,Invincible (2006),Drama,445990,11652.0
5449,1.3999945120192598,2.079901913023426,5.408400144067397,Mr. Deeds (2002),Comedy|Romance,280590,2022.0
4008,-0.33793377597865365,2.25409869435707,4.585374428316401,Born on the Fourth of July (1989),Drama|War,96969,2604.0
2587,0.31807720856542543,0.6856344101834011,5.199210752870111,Life (1999),Comedy|Crime|Drama,123964,6522.0
4661,0.10485865794892166,0.26502737723353814,5.130946291560102,Sea of Love (1989),Crime|Drama|Thriller,98273,12150.0
7492,-0.16016871928461648,0.26502737723353814,4.130946291560102,Martin (1977),Drama|Horror,77914,26517.0
3598,-0.5328741187169718,1.0851970025514237,4.244255055187319,Hamlet (2000),Crime|Drama|Romance|Thriller,171359,10688.0
5522,-0.04732246279755219,0.40281526543985474,4.617814799315172,Rollerball (1975),Action|Drama|Sci-Fi,73631,11484.0
7044,-0.06102108222385027,0.27143860713367884,4.510487916096672,Wild at Heart (1990),Crime|Drama|Mystery|Romance|Thriller,100935,483.0
7976,-0.1967403857906897,0.27143860713367884,4.010487916096672,Ken Park (2002),Drama,209077,7090.0
3417,0.03633664390100933,0.1525641281597172,4.973467037712312,"Crimson Pirate, The (1952)",Adventure|Comedy,44517,11570.0
63,-0.29153131143344446,1.1657360889515531,4.485210660339288,Don't Be a Menace to South Central While Drinking Your Juice in the Hood (1996),Comedy|Crime,116126,10607.0
8799,-0.04306989870995492,0.1718807994813942,4.484714071243347,Little Black Book (2004),Comedy|Romance,361841,14846.0
143367,-0.16812905762588326,0.24140424746283304,4.038831402541896,Silence (2016),Drama|Thriller,490215,68730.0
92192,0.011904398378701204,0.009146187212576635,6.036863624373517,Apollo 18 (2011),Horror|Sci-Fi|Thriller,1772240,50357.0
4845,0.39069802869604975,0.19121927861869445,6.778487834924546,Corky Romano (2001),Comedy|Crime,250310,17708.0
3639,0.4237997293131378,2.150765893331315,4.932340077240883,"Man with the Golden Gun, The (1974)",Action|Adventure|Thriller,71807,682.0
46970,-0.04151393957790609,2.613870622233564,4.7194119468828335,Talladega Nights: The Ballad of Ricky Bobby (2006),Action|Comedy,415306,9718.0
34048,-0.2619092826289641,5.669490311076247,4.689097851623412,War of the Worlds (2005),Action|Adventure|Sci-Fi|Thriller,407304,74.0
4022,-0.2981471611927794,16.499765849996923,4.717224336299656,Cast Away (2000),Drama,162222,8358.0
3101,2.0160682088249375,5.177995013760577,5.124647178719388,Fatal Attraction (1987),Drama|Thriller,93010,10998.0
4344,0.7474457251755795,5.0887999264306245,4.882174666299293,Swordfish (2001),Action|Crime|Drama,244244,9705.0
5504,-3.2334127431077024,1.271067233209214,2.1914375389954937,Spy Kids 2: The Island of Lost Dreams (2002),Adventure|Children,287717,9488.0
45672,-0.5471638477421193,2.6678623039952885,4.530199631727487,Click (2006),Adventure|Comedy|Drama|Fantasy|Romance,389860,9339.0
69526,-0.320841930997446,2.295381191148842,4.5955169284661785,Transformers: Revenge of the Fallen (2009),Action|Adventure|Sci-Fi|IMAX,1055369,8373.0
6947,-0.12436233502383731,3.0948039576741513,4.695109880866743,Master and Commander: The Far Side of the World (2003),Adventure|Drama|War,311113,8619.0
7841,-0.3474856073441649,0.3468394831409972,3.733431226498346,Children of Dune (2003),Fantasy|Sci-Fi,287839,192936.0
70336,-0.35806889901059874,0.9509357886960694,4.358750398011072,G.I. Joe: The Rise of Cobra (2009),Action|Adventure|Sci-Fi|Thriller,1046173,14869.0
1104,-0.25975536839558355,2.014520304455058,4.60635256872291,"Streetcar Named Desire, A (1951)",Drama,44081,702.0
3695,-0.8865092757143869,0.34549520045556265,2.169385026737968,"Toxic Avenger Part III: The Last Temptation of Toxie, The (1989)",Comedy|Horror,98502,28169.0
89864,0.9828156618970517,3.609322585110322,5.007593320259621,50/50 (2011),Comedy|Drama,1306980,40807.0
183611,-0.05717875314289088,0.6975807883432699,4.653326904532305,Game Night (2018),Action|Comedy|Crime|Horror,2704998,445571.0
30810,0.2294571656851912,4.090631234308481,4.791387456924555,"Life Aquatic with Steve Zissou, The (2004)",Adventure|Comedy|Fantasy,362270,421.0
2728,-0.6990612882413663,2.1220434630014897,4.405865762182279,Spartacus (1960),Action|Drama|Romance|War,54331,967.0
3707,0.03936263951193908,0.7536605434083677,4.787522723557519,9 1/2 Weeks (Nine 1/2 Weeks) (1986),Drama|Romance,91635,10068.0
46322,-0.1488541899000586,0.5068035107553911,4.441582281124476,Jet Li's Fearless (Huo Yuan Jia) (2006),Action|Drama,446059,7549.0
117109,-1.0259784409253285,0.9989790082693987,3.7082670906200317,Too Many Cooks (2014),Comedy,3534838,301566.0
4599,0.10485865794892166,0.26502737723353814,5.130946291560102,Great Balls of Fire! (1989),Drama,97457,11465.0
166183,0.016823745512226183,0.019038784106312392,5.6189506273423495,Junior and Karlson (1968),Adventure|Animation|Children,756316,77304.0
779,-0.6466666597526205,0.9999999893081762,4.088627450980392,'Til There Was You (1997),Drama|Romance,118523,32872.0
66511,0.2569441188690289,0.3121072630330013,5.558549931600547,Berlin Calling (2008),Comedy|Drama,1213019,30508.0
7302,-0.011205229959923988,0.09004024785574485,4.610847214992192,"Thief of Bagdad, The (1924)",Action|Adventure|Fantasy,15400,28963.0
49389,-0.05622535388779642,0.09004024785574485,4.110847214992192,The Great Train Robbery (1903),Crime|Western,439,5698.0
193579,-0.03065356802963128,0.14936647694438507,4.530070237050044,Jon Stewart Has Left the Building (2015),Documentary,5342766,360617.0
8626,-0.7023579361788969,0.5165489583537919,3.3755818874312316,Dr. Terror's House of Horrors (1965),Horror|Sci-Fi,59125,26811.0
2498,-0.5099955800789671,0.4564695943703017,3.618033326635328,My Favorite Martian (1999),Comedy|Sci-Fi,120764,9849.0
4224,0.10493670435098945,0.14799752676515424,5.444337752663374,Exit Wounds (2001),Action|Thriller,242445,10877.0
1625,0.6033542106637827,12.058937931762191,4.785327894591428,"Game, The (1997)",Drama|Mystery|Thriller,119174,2649.0
3386,1.273998977006422,2.762182633398846,5.196523205688488,JFK (1991),Drama|Mystery|Thriller,102138,820.0
509,3.027380527181176,14.82089974598302,4.939558405178031,"Piano, The (1993)",Drama|Romance,107822,713.0
1094,0.9685317571914667,8.760568502996744,4.845849928820747,"Crying Game, The (1992)",Drama|Romance|Thriller,104036,11386.0
4273,0.013192270597688181,0.029682608844798394,5.1797385620915035,Under the Sand (2000),Drama,240913,4973.0
88810,-0.09388020489141173,3.7982535273175184,4.710577440833304,"Help, The (2011)",Drama,1454029,50014.0
63859,0.03452091768735674,1.6443025235358373,4.756288379465209,Bolt (2008),Action|Adventure|Animation|Children|Comedy,397892,13053.0
27611,0.2608008823373575,2.5019391277902465,4.839533617097911,Battlestar Galactica (2003),Drama|Sci-Fi|War,314979,206216.0
5574,0.45736588220370056,3.487711351550155,4.866430509424554,"Transporter, The (2002)",Action|Crime,293662,4108.0
68159,0.04557442176917832,0.17009932883366186,5.003222404499649,State of Play (2009),Crime|Drama|Thriller,473705,16995.0
71156,-0.10958435259177106,0.49286048747281197,4.512950563280031,"Men Who Stare at Goats, The (2009)",Action|Comedy|Drama,1234548,10313.0
72378,2.5051408689426813,3.629671416019223,5.42547804390729,2012 (2009),Action|Drama|Sci-Fi|Thriller,1190080,14161.0
3526,-0.01893498022042421,2.060246577459063,4.726103479775073,Parenthood (1989),Comedy|Drama,98067,1552.0
3633,0.13875183283628786,1.7014783225469323,4.816841928746169,On Her Majesty's Secret Service (1969),Action|Adventure|Romance|Thriller,64757,668.0
94503,-1.1150568582485232,1.3406390851020844,3.9035588127170104,"Decoy Bride, The (2011)",Comedy|Romance,1657299,40161.0
459,-0.31174635906196946,0.49805932861527985,4.1093719811644505,"Getaway, The (1994)",Action|Adventure|Crime|Drama|Romance|Thriller,109890,2087.0
4062,1.4569464111113606,1.6631134445814628,5.611329613516683,Mystic Pizza (1988),Comedy|Drama|Romance,95690,11191.0
159817,0.6984251861438966,2.7560365866954726,4.988710632331763,Planet Earth (2006),Documentary,795176,192040.0
8645,0.32293224345798777,1.056147352620095,5.041058500483276,"Maria Full of Grace (Maria, Llena eres de gracia) (2004)",Crime|Drama,390221,436.0
90576,0.356439552188207,0.28148783187536247,6.0015639589169005,What's Your Number? (2011),Comedy|Romance,770703,63492.0
3266,0.6746693308650303,0.6682997527072381,5.7448251374207295,Man Bites Dog (C'est arrivé près de chez vous) (1992),Comedy|Crime|Drama|Thriller,103905,10086.0
116718,-0.026999432655929863,0.9989790082693987,4.708267090620032,Volga - Volga (1938),Comedy|Musical,30947,37133.0
140561,-0.5264889367906292,0.9989790082693987,4.208267090620032,Jeff Ross Roasts Criminals: Live at Brazos County Jail (2015),Comedy|Documentary,4705522,343295.0
162082,-0.10539337824645029,0.29298545304032525,4.375571895424837,Train to Busan (2016),Action|Thriller,5700672,396535.0
26313,-0.11611543080381806,0.37725666497893556,4.427505172923441,California Split (1974),Comedy|Drama,71269,32044.0
27865,0.4818561320435074,0.27143860713367884,6.510487916096672,Azumi (2003),Action|Adventure|Drama|Thriller,384819,5889.0
2350,1.300478143286209,1.0626627034996385,5.959086144038292,Heart Condition (1990),Comedy,99750,41817.0
6374,-0.129010298450652,0.1718807994813942,3.9847140712433466,"In-Laws, The (2003)",Comedy,314786,5146.0
6951,-0.9335744515443714,0.5915914724452122,3.1572212497511636,"Cat in the Hat, The (2003)",Children|Comedy,312528,10588.0
43919,-1.1237094499649898,0.41328504694422724,2.0163245873590827,Date Movie (2006),Comedy|Romance,466342,10073.0
51933,-0.129010298450652,0.1718807994813942,3.9847140712433466,Pride (2007),Drama,475355,16385.0
70301,0.042870501030742185,0.1718807994813942,4.984714071243347,Obsessed (2009),Crime|Drama|Thriller,1198138,17335.0
27478,-0.04742693389446673,0.24140424746283304,4.538831402541897,Ali G Indahouse (2002),Comedy,284837,9298.0
48883,-0.10104276734162641,0.21036772872764842,4.254979157017138,Death of a President (2006),Crime|Drama|Mystery|Thriller,853096,21173.0
5853,-0.03667284636771273,0.1388513395525776,4.471178218687178,Scanners (1981),Horror|Sci-Fi|Thriller,81455,9538.0
3771,-0.04636323340467251,0.3176182548177241,4.589322553666016,The Golden Voyage of Sinbad (1973),Action|Adventure|Fantasy,71569,17897.0
4709,-0.04636323340467251,0.3176182548177241,4.589322553666016,Paint Your Wagon (1969),Comedy|Musical|Western,64782,20391.0
10,1.9808886013498463,23.134885979434692,4.820917561095655,GoldenEye (1995),Action|Adventure|Thriller,113189,710.0
102,-1.4572032952065157,1.3576728817945114,3.661984548938248,Mr. Wrong (1996),Comedy,117102,47475.0
361,-1.6498392810545945,2.8319139780527216,4.152706053941446,It Could Happen to You (1994),Comedy|Drama|Romance,110167,10660.0
848,0.36621518588723523,1.3995588158150973,4.996958852096931,"Spitfire Grill, The (1996)",Drama,117718,47907.0
8958,0.8392471552033474,3.4911334664705476,4.9756880078445045,Ray (2004),Drama,350258,1677.0
55276,-1.2068298175725147,2.1189707713871413,4.165758268512865,Michael Clayton (2007),Drama|Thriller,465538,4566.0
59784,0.37086464389798485,7.2975176512597315,4.786114774974823,Kung Fu Panda (2008),Action|Animation|Children|Comedy|IMAX,441773,9502.0
63131,0.6313354501905053,1.396915552302359,5.187243735610689,Role Models (2008),Comedy,430922,15373.0
1346,0.07430881933790984,0.7990574731334925,4.828289705369315,Cat People (1982),Drama|Fantasy|Horror,83722,6217.0
1921,-0.8380602131104218,5.61095336154996,4.585932652828375,Pi (1998),Drama|Sci-Fi|Thriller,138704,473.0
1970,0.5424131030419426,2.1431474275300983,4.9883859470164715,"Nightmare on Elm Street 3: Dream Warriors, A (1987)",Horror|Thriller,93629,10072.0
2167,3.5251556026174797,11.281930389388622,5.047754439679635,Blade (1998),Action|Horror|Thriller,120611,36647.0
3745,-0.5241071125550544,2.837305326058,4.550574092015125,Titan A.E. (2000),Action|Adventure|Animation|Children|Sci-Fi,120913,7450.0
4734,-3.5494987820428237,5.472449744195244,4.086681714068961,Jay and Silent Bob Strike Back (2001),Adventure|Comedy,261392,2294.0
34162,3.339903075476613,7.322114015319347,5.191433296644935,Wedding Crashers (2005),Comedy|Romance,396269,9522.0
87520,-1.6074018455201653,1.6785390884506497,3.7776745682543464,Transformers: Dark of the Moon (2011),Action|Adventure|Sci-Fi|War|IMAX,1399103,38356.0
1459,0.3452777794352726,3.226399079046437,4.842310568797708,Absolute Power (1997),Mystery|Thriller,118548,66.0
54259,0.43669892965594126,2.5758139281211645,4.904832345889529,Stardust (2007),Adventure|Comedy|Fantasy|Romance,486655,2270.0
8366,-0.40045029187498427,1.8197923664553717,4.5152413801718545,Saved! (2004),Comedy|Drama,332375,13193.0
34542,0.21569563625052576,0.28148783187536247,5.5015639589169005,Grizzly Man (2005),Documentary,427312,501.0
40732,0.3233636915993263,0.913236348962877,5.089379554529369,"Descent, The (2005)",Adventure|Drama|Horror|Thriller,435625,9392.0
70492,0.07495172031284451,0.28148783187536247,5.0015639589169005,Winds of the Wasteland (1936),Western,28510,40743.0
102984,-1.0259784409253285,0.9989790082693987,3.7082670906200317,Inhuman Resources (Redd Inc.) (2012),Horror|Thriller,1857842,133463.0
6327,-0.027655030667847417,0.26502737723353814,4.630946291560102,"Decade Under the Influence, A (2003)",Documentary,342275,38868.0
4676,-0.11374589023951664,0.6417018445791786,4.558037512885217,Troop Beverly Hills (1989),Comedy,98519,22102.0
141816,0.016823745512226183,0.019038784106312392,5.6189506273423495,12 Chairs (1976),Adventure|Comedy,75468,27934.0
110771,0.25989489985609493,0.22400547739431265,5.895510835913313,"Other Woman, The (2014)",Comedy|Romance,2203939,193610.0
170817,0.14789216115893858,0.22400547739431265,5.395510835913313,Snatched (2017),Action|Comedy,2334871,373569.0
1401,-0.058457780704104206,0.11672358183282547,4.234471749226007,Ghosts of Mississippi (1996),Drama,116410,31908.0
3597,0.2917129647943722,0.11672358183282547,7.234471749226007,Whipped (2000),Comedy,174336,23531.0
5506,0.05826580112872126,0.11672358183282547,5.234471749226007,Blood Work (2002),Crime|Drama|Mystery|Thriller,309377,9573.0
2769,0.09941656280712358,0.18475852999727602,5.273383280884011,"Yards, The (2000)",Crime|Drama,138946,19457.0
1755,-0.4900761152669866,0.4288166008586133,3.592436974789916,Shooting Fish (1997),Comedy|Romance,120122,25719.0
1007,0.17306419567471248,0.8304922929312769,4.943681597154992,"Apple Dumpling Gang, The (1975)",Children|Comedy|Western,72653,18660.0
43904,0.0955048043223822,0.3107321390339718,5.042648241424841,When a Stranger Calls (2006),Horror|Thriller,455857,10053.0
2120,-0.3639814882223966,0.3176182548177241,3.5893225536660163,Needful Things (1993),Drama|Horror,107665,10657.0
2641,0.19225898980570588,6.979939274868268,4.762838625161321,Superman II (1980),Action|Sci-Fi,81573,8536.0
114060,0.9595672143202559,0.6828821828525884,6.140466544773327,The Drop (2014),Crime|Drama|Thriller,1600196,154400.0
8783,-0.14368260105194786,2.7121472298406273,4.682316683578927,"Village, The (2004)",Drama|Mystery|Thriller,368447,6947.0
5008,-0.09535110482859366,0.9804911648580907,4.638045811648918,Witness for the Prosecution (1957),Drama|Mystery|Thriller,51201,37257.0
3031,-1.3570314484115302,1.400312837000368,3.7662024885804795,Repossessed (1990),Comedy,100475,11510.0
6989,-0.137892914284029,0.9269468126870842,4.5865337870685465,Gorky Park (1983),Crime|Drama|Thriller,85615,8289.0
4964,-0.09409307581989239,0.34997208776175814,4.466435316873365,Baran (2001),Adventure|Drama|Romance,233841,43774.0
41828,-1.0259784409253285,0.9989790082693987,3.7082670906200317,Don't Look Now: We're Being Shot At (La grande vadrouille) (1966),Comedy|War,60474,8290.0
1354,-0.8254052092704759,0.5543414469236966,3.246310723295003,Breaking the Waves (1996),Drama|Mystery,115751,145.0
3592,0.0073043534590699856,0.019038784106312392,5.1189506273423495,"Time Masters (Maîtres du temps, Les) (1982)",Animation|Sci-Fi,84315,22501.0
143511,0.016823745512226183,0.019038784106312392,5.6189506273423495,Human (2015),Documentary,3327994,359364.0
128099,0.25989489985609493,0.22400547739431265,5.895510835913313,Jim Jefferies: BARE (2014),Comedy,3958494,289333.0
184257,0.14789216115893858,0.22400547739431265,5.395510835913313,Making a Murderer (2015),Crime|Documentary,5189670,502892.0
8860,-0.009255004742006481,0.26192104733713906,4.699959023976279,Cellular (2004),Action|Crime|Drama|Mystery|Thriller,337921,9759.0
27879,-0.1967403857906897,0.27143860713367884,4.010487916096672,DiG! (2004),Documentary,388888,1843.0
1502,0.5091901578357391,0.48146166734173984,5.792886429506681,Kissed (1996),Drama|Romance,116783,21626.0
4932,-0.9232985118891819,0.3706084777216611,2.243989769820972,Dressed to Kill (1980),Mystery|Thriller,80661,11033.0
62834,-0.03388870313592021,0.4251491847960904,4.655583972719523,Babylon 5: The Legend of the Rangers: To Live and Die in Starlight (2002),Sci-Fi,280453,16068.0
113573,0.08077982345144799,0.13674673184955016,5.326019924098672,Sin City: A Dame to Kill For (2014),Action|Crime|Thriller,458481,189.0
7440,-0.129010298450652,0.1718807994813942,3.9847140712433466,Paper Clips (2004),Documentary,380615,33823.0
104243,-0.16812905762588326,0.24140424746283304,4.038831402541896,Riddick (2013),Action|Sci-Fi|Thriller|IMAX,1411250,87421.0
66427,0.032752823408576076,0.1388513395525776,4.971178218687178,My Name Is Bruce (2007),Comedy|Horror,489235,1961.0
68597,-0.006387976046452066,0.009146187212576635,4.036863624373517,Scorpio (1973),Action|Drama|Thriller,70653,42738.0
50,8.547211871092367,38.41713244035512,4.9577784970931935,"Usual Suspects, The (1995)",Crime|Mystery|Thriller,114814,629.0
1214,-6.015949282637618,21.529453630401026,4.455865322754526,Alien (1979),Horror|Sci-Fi,78748,348.0
2395,5.959954792367785,9.446590904768286,5.366204765991047,Rushmore (1998),Comedy|Drama,128445,11545.0
3168,-0.38970792309834734,5.716788527494599,4.6671250886154505,Easy Rider (1969),Adventure|Drama,64276,624.0
750,-5.047648343711134,12.321224214069764,4.325623109635764,Dr. Strangelove or: How I Learned to Stop Worrying and Love the Bomb (1964),Comedy|War,57012,935.0
81784,0.1313140359753039,0.38986786892610614,5.072110886715537,Morning Glory (2010),Comedy|Drama|Romance,1126618,38357.0
64839,0.2580717336664159,2.903726460771844,4.824170166115418,"Wrestler, The (2008)",Drama,1125849,12163.0
5669,0.07963347970808801,7.82602346686218,4.745469589270072,Bowling for Columbine (2002),Documentary,310793,1430.0
53125,1.0992704716767754,7.092038129922414,4.890294760838581,Pirates of the Caribbean: At World's End (2007),Action|Adventure|Comedy|Fantasy,449088,285.0
86332,0.014656912558180269,3.6431895465487383,4.739317216739464,Thor (2011),Action|Adventure|Drama|Fantasy|IMAX,800369,10195.0
143245,-0.6015685325722232,0.34166007683268573,2.974571770017262,The Little Prince (2015),Animation|Fantasy,1754656,309809.0
7932,-0.6013663206275711,0.9269468126870842,4.0865337870685465,Dark Days (2000),Documentary,235327,14273.0
4890,1.043198427057202,3.4839043993142913,5.034727829795568,Shallow Hal (2001),Comedy|Fantasy|Romance,256380,9889.0
2431,2.5990987550242206,3.228714169522606,5.540289115209361,Patch Adams (1998),Comedy|Drama,129290,10312.0
5589,-0.30882535124039806,0.3525645640770209,3.8593542680229986,Indian Summer (1993),Comedy|Drama,107212,33506.0
163645,-0.010795092032933037,1.5981374419489585,4.728539321876948,Hacksaw Ridge (2016),Drama|War,2119532,324786.0
518,-0.3469025003560495,1.186736093167648,4.442977652045938,"Road to Wellville, The (1994)",Comedy,111001,10467.0
951,2.1061721920884615,3.5947306347561794,5.321199545921608,His Girl Friday (1940),Comedy|Romance,32599,3085.0
7320,-0.06706913648270935,0.3143099413332737,4.521908768783423,Dirty Dancing: Havana Nights (2004),Romance,338096,10677.0
55267,0.2436493396604792,0.7776791506324059,5.048597283177914,Dan in Real Life (2007),Comedy|Drama|Romance,480242,7211.0
84601,-0.08463118527391986,0.3842343619540669,4.515034834111046,Unknown (2011),Drama|Mystery|Thriller,1401152,48138.0
6752,-0.005596825596510878,0.04705479297807301,4.6163513863695265,"Fighting Temptations, The (2003)",Drama,191133,22309.0
1414,-0.10225608261588184,1.6656871174101893,4.673904387518828,Mother (1996),Comedy,117091,27265.0
3061,1.69060744819924,2.1515431336000947,5.521059191001833,Holiday Inn (1942),Comedy|Musical,34862,13485.0
120813,-1.0259784409253285,0.9989790082693987,3.7082670906200317,Patton Oswalt: My Weakness Is Strong (2009),Comedy,1503646,27317.0
127052,0.988803321125695,1.018017792375711,5.706596710323913,Operation 'Y' & Other Shurik's Adventures (1965),Comedy|Crime|Romance,59550,20875.0
134184,0.0073043534590699856,0.019038784106312392,5.1189506273423495,Elections Day (2007),Comedy,1198196,20963.0
156387,-0.16136028664455246,0.4297321848898754,4.359803771989325,Sing Street (2016),Drama,3544112,369557.0
3998,0.6549387820715006,1.8102218562650978,5.097094401852438,Proof of Life (2000),Drama,228750,11983.0
6669,0.2917129647943722,0.11672358183282547,7.234471749226007,Ikiru (1952),Drama,44741,3782.0
3467,-0.11611543080381806,0.37725666497893556,4.427505172923441,Hud (1963),Drama|Western,57163,24748.0
4722,-0.5708140544278831,0.7048129174821184,3.925413878126101,All Over the Guy (2001),Comedy,250202,21055.0
4605,-0.18499163357142,0.4958075361306885,4.3621823351697175,How to Get Ahead in Advertising (1989),Comedy|Fantasy,97531,14776.0
6938,0.11597090816870609,0.2214585704012579,5.258962756700313,Billabong Odyssey (2003),Documentary,379713,23995.0
3807,0.0498735946372842,0.14262098115574245,5.084987369180801,Sinbad and the Eye of the Tiger (1977),Adventure|Fantasy,76716,11940.0
27618,-0.40065433459010935,0.4564695943703017,3.857570081848331,"Sound of Thunder, A (2005)",Action|Adventure|Drama|Sci-Fi|Thriller,318081,10077.0
1660,-0.04636323340467251,0.3176182548177241,4.589322553666016,Eve's Bayou (1997),Drama,119080,45153.0
527,13.203945867996653,41.017214189909666,5.057206420293026,Schindler's List (1993),Drama|War,108052,424.0
2012,-1.5038371002020774,12.707830896432627,4.616954716339458,Back to the Future Part III (1990),Adventure|Comedy|Sci-Fi|Western,99088,196.0
267,-1.2338658042538893,5.826207846153047,4.523515575439954,Major Payne (1995),Comedy,110443,11008.0
293,0.7403121624322191,22.850984069257418,4.7676915041310926,Léon: The Professional (a.k.a. The Professional) (Léon) (1994),Action|Crime|Drama|Thriller,110413,101.0
2671,-1.1141706239679205,6.933331006311349,4.574596377563151,Notting Hill (1999),Comedy|Romance,125439,509.0
5989,2.0389737787269984,18.654962725263154,4.844593386091361,Catch Me If You Can (2002),Crime|Drama,264464,640.0
8368,1.3274783677342739,16.639077045977515,4.815074886980968,Harry Potter and the Prisoner of Azkaban (2004),Adventure|Fantasy|IMAX,304141,673.0
5988,-1.1560109063555062,1.265027376509464,3.821471280432865,Quicksilver (1986),Drama,91814,21332.0
6001,0.925089628787319,1.243243007736505,5.4793880904509535,"King of Comedy, The (1983)",Comedy|Drama,85794,262.0
1639,-2.1912593219288277,10.723973122197924,4.5309613300729215,Chasing Amy (1997),Comedy|Drama|Romance,118842,2255.0
3429,0.8466708143750503,1.939597810586451,5.171812868985025,Creature Comforts (1989),Animation|Comedy,99317,54825.0
76251,0.5082353011744888,4.374951287958213,4.851463479937646,Kick-Ass (2010),Action|Comedy,1250777,23483.0
98124,0.33155170513846277,1.222417421891762,5.006520377352493,"Batman: The Dark Knight Returns, Part 1 (2012)",Action|Animation|Sci-Fi,2313197,123025.0
122920,-0.42395564602052094,2.8315071893032524,4.585566210325431,Captain America: Civil War (2016),Action|Sci-Fi|Thriller,3498820,271110.0
64575,-0.13986131097904173,1.008969765272924,4.59667617705772,Doubt (2008),Drama|Mystery,918927,14359.0
8914,1.0850853045482487,2.9184122322132,5.107100846172647,Primer (2004),Drama|Sci-Fi,390384,14337.0
55080,0.08641292857745242,0.16612266202073486,5.2554695562435505,"Brave One, The (2007)",Crime|Drama|Thriller,476964,4413.0
65982,0.0033515975670849935,0.16612266202073486,4.7554695562435505,Outlander (2008),Action|Adventure|Sci-Fi,462465,10529.0
1343,-1.0192947704885695,3.8946999008273626,4.473580815866853,Cape Fear (1991),Thriller,101540,1598.0
106100,0.3791160691043002,2.924884051254345,4.864911587078613,Dallas Buyers Club (2013),Drama,790636,152532.0
8379,-0.040341508702861045,0.1839098190865725,4.515939278937381,"Dresser, The (1983)",Drama,85461,42122.0
4340,1.0764985592158491,1.587345113831204,5.413469613218794,"Animal, The (2001)",Comedy,255798,11090.0
176601,0.640402035200379,0.6975807883432699,5.653326904532305,Black Mirror,(no genres listed),2492564,452830.0
27846,-0.5192696402659959,1.1839860440878947,4.2967166167897535,"Corporation, The (2003)",Documentary,379225,11420.0
8604,-0.3430744972804234,1.0879993254814733,4.419968097450675,Taxi (1998),Action|Comedy,152930,2330.0
4969,-0.39451229385871295,0.7637385596856328,4.2187400051755075,And Then There Were None (1945),Crime|Mystery,37515,4886.0
92420,0.03428936086204207,0.8158775323785208,4.777321700833568,Chronicle (2012),Action|Sci-Fi|Thriller,1706593,76726.0
95624,-0.06579219562483672,0.28148783187536247,4.5015639589169005,"Firm, The (2009)",Drama,1313113,31218.0
106594,-1.0259784409253285,0.9989790082693987,3.7082670906200317,Red Flag (2012),Comedy|Drama|Romance,2147048,137312.0
26347,-0.0022150385940862107,0.019038784106312392,4.6189506273423495,"Irony of Fate, or Enjoy Your Bath! (Ironiya sudby, ili S legkim parom!) (1975)",Comedy|Drama|Romance,73179,43430.0
71429,0.18759207479387496,0.29298545304032525,5.375571895424837,World's Greatest Dad (2009),Comedy|Drama,1262981,20178.0
141408,0.04109934827371234,0.29298545304032525,4.875571895424837,Scouts Guide to the Zombie Apocalypse (2015),Action|Comedy|Horror,1727776,273477.0
2290,1.0156545641329886,0.37725666497893556,7.427505172923441,Stardust Memories (1980),Comedy|Drama,81554,11337.0
4052,0.049655821693459626,0.2774832295733427,4.914244830343499,Antitrust (2001),Crime|Drama|Thriller,218817,9989.0
3682,0.3756815973593979,0.4813188987455819,5.515819458202984,Magnum Force (1973),Action|Crime|Drama|Thriller,70355,10648.0
161922,0.01240645752667291,0.13674673184955016,4.826019924098672,The Edge of Seventeen (2016),Comedy,1878870,376660.0
7376,-0.07974274507766765,0.3107321390339718,4.478665545766538,Walking Tall (2004),Action,351977,11358.0
8327,-0.04783433098536719,0.06357135844309382,3.9828431372549016,Dolls (2002),Drama|Romance,330229,870.0
105351,-0.16812905762588326,0.24140424746283304,4.038831402541896,Runner Runner (2013),Crime|Drama|Thriller,2364841,146238.0
110350,0.1939773135683663,0.24140424746283304,5.538831402541897,Free to Play (2014),Documentary,3203290,256561.0
2462,-0.04636323340467251,0.3176182548177241,4.589322553666016,Texas Chainsaw Massacre: The Next Generation (a.k.a. The Return of the Texas Chainsaw Massacre) (1994),Horror,110978,16780.0
1704,10.684276873040686,23.906326718002454,5.182216683337378,Good Will Hunting (1997),Drama|Romance,119217,489.0
45,-0.6258393302730906,4.719742042015077,4.602693792311081,To Die For (1995),Comedy|Drama|Thriller,114681,577.0
569,-0.4561521760012701,1.189314732234837,4.351752096651392,Little Big League (1994),Comedy|Drama,110363,31504.0
34319,-0.43572066642221996,1.8599103020927499,4.501024397256805,"Island, The (2005)",Action|Sci-Fi|Thriller,399201,1635.0
6535,-0.2204643554389951,1.0720321904411658,4.529643245028888,"Legally Blonde 2: Red, White & Blonde (2003)",Comedy,333780,10327.0
92094,-0.039475242647652606,0.17009932883366186,4.503222404499649,Einstein and Eddington (2008),Drama,995036,15044.0
1333,-1.6507622244457687,4.360235117512945,4.356699344669001,"Birds, The (1963)",Horror|Thriller,56869,571.0
2788,-1.099108211090338,3.2650208919810013,4.398662822640714,Monty Python's And Now for Something Completely Different (1971),Comedy,66765,9267.0
3190,0.36196469331778997,0.2251868844269083,6.342690988201824,Supernova (2000),Adventure|Sci-Fi|Thriller,134983,10384.0
160565,-0.772398570988566,0.34166007683268573,2.474571770017262,The Purge: Election Year (2016),Action|Horror|Sci-Fi,4094724,316727.0
26901,0.08641292857745242,0.16612266202073486,5.2554695562435505,Last of the Dogmen (1995),Adventure|Western,113617,30718.0
1442,-2.0303348527752294,1.3525645599970209,3.2341939758692044,Prefontaine (1997),Drama,119937,26306.0
59306,2.101588903800217,0.6856344101834011,7.80046831629625,Prom Night (2008),Horror|Mystery|Thriller,926129,8617.0
7743,0.25587901194186574,0.34997208776175814,5.466435316873365,Explorers (1985),Adventure|Children|Sci-Fi,89114,9872.0
8093,-0.09409307581989239,0.34997208776175814,4.466435316873365,Shiri (Swiri) (1999),Action|Drama|Romance|Thriller,192657,10355.0
33672,-0.23007439415598863,1.2988753585148687,4.55816057465718,Lords of Dogtown (2005),Action|Comedy|Drama,355702,9787.0
103602,-1.525467945060028,0.9989790082693987,3.2082670906200317,Craig Ferguson: I'm Here To Help (2013),Comedy|Documentary,2523852,178946.0
136355,-1.525467945060028,0.9989790082693987,3.2082670906200317,Big Top Scooby-Doo! (2012),Animation|Children|Comedy,2235542,119321.0
938,0.6150826524925292,0.888813478528266,5.427320810931469,Gigi (1958),Musical,51658,17281.0
160080,-0.11693088967913476,0.7583951778974709,4.581112111897356,Ghostbusters (2016),Action|Comedy|Horror|Sci-Fi,1289401,43074.0
117887,0.09859574911468874,1.1033686114847399,4.824652966619583,Paddington (2014),Children|Comedy,1109624,116149.0
71304,0.18759207479387496,0.29298545304032525,5.375571895424837,Thirst (Bakjwi) (2009),Drama|Horror,762073,22536.0
4168,-0.03409905031578386,0.03282210945791124,3.6963892185116123,Get Over It (2001),Comedy|Romance,192071,10050.0
2091,0.19412518061510198,0.6413201227434733,5.037990343339562,Return from Witch Mountain (1978),Children|Sci-Fi,78158,14822.0
3618,0.5165597186536732,1.0745689575396848,5.216007537692599,Small Time Crooks (2000),Comedy|Crime,196216,10569.0
1611,0.04163927591818565,0.08519701062213066,5.224035161659342,My Own Private Idaho (1991),Drama|Romance,102494,468.0
4959,-0.5982948883130349,0.9186886277200215,4.0840452937687575,"Affair of the Necklace, The (2001)",Drama,242252,19076.0
3724,-0.08553004452086699,0.4721727115330053,4.5541526784411035,Coming Home (1978),Drama|War,77362,31657.0
106642,0.37266320283049126,0.6665534322589234,5.2943838841906805,"Day of the Doctor, The (2013)",Adventure|Drama|Sci-Fi,2779318,253941.0
3014,-0.11622748425870788,0.1525641281597172,3.973467037712312,Bustin' Loose (1981),Comedy,82121,31361.0
8959,-0.3639814882223966,0.3176182548177241,3.5893225536660163,Birth (2004),Drama|Mystery,337876,10740.0
216,-2.000172483237586,7.317990817696585,4.461971489474212,Billy Madison (1995),Comedy,112508,11017.0
759,-0.016490338247110214,0.029682608844798394,4.1797385620915035,Maya Lin: A Strong Clear Vision (1994),Documentary,110480,85778.0
72737,-0.02664562905554073,0.682234917527503,4.696237733444228,"Princess and the Frog, The (2009)",Animation|Children|Fantasy|Musical|Romance,780521,10198.0
81845,2.0459291362382173,7.7794275631638525,4.998286364779205,"King's Speech, The (2010)",Drama,1504320,45269.0
122918,0.41656145685808443,4.154713140464413,4.83555650466989,Guardians of the Galaxy 2 (2017),Action|Adventure|Sci-Fi,3896198,283995.0
166015,-0.039475242647652606,0.17009932883366186,4.503222404499649,The African Doctor (2016),Comedy|Drama,5555502,393764.0
7069,-0.5986654121871818,1.0600630143919874,4.170548999612209,"Macbeth (a.k.a. Tragedy of Macbeth, The) (1971)",Drama,67372,11316.0
6763,-0.4568772492516665,0.8545799922777042,4.200672135643998,Duplex (2003),Comedy|Crime,266489,7288.0
1667,-0.6572415595175322,0.49805932861527985,3.415689159448975,Mad City (1997),Action|Drama,119592,9770.0
3646,-0.7476700425065351,1.3980533535875053,4.200500477198387,Big Momma's House (2000),Comedy,208003,9600.0
4442,-0.8865092757143869,0.34549520045556265,2.169385026737968,"Last Dragon, The (1985)",Action|Comedy|Drama,89461,13938.0
1320,-2.228274291643035,5.9364903494984285,4.35994198861828,Alien³ (a.k.a. Alien 3) (1992),Action|Horror|Sci-Fi|Thriller,103644,8077.0
2553,-0.12587155322372803,0.6560825306195778,4.543440886766395,Village of the Damned (1960),Horror|Sci-Fi|Thriller,54443,11773.0
175707,-0.040341508702861045,0.1839098190865725,4.515939278937381,A German Life (2016),Documentary,5135434,411516.0
4496,0.15078418939401528,0.5467830706308234,5.01106013436015,D.O.A. (1988),Film-Noir|Mystery|Thriller,94933,9748.0
8910,-0.24726477022577398,1.8335854217580794,4.60044096747929,I Heart Huckabees (2004),Comedy,356721,1599.0
81417,-0.10861930862507008,0.1428301144912339,3.9748150757308913,Paranormal Activity 2 (2010),Horror|IMAX,1536044,41436.0
121469,-1.0259784409253285,0.9989790082693987,3.7082670906200317,Killer Movie (2008),Comedy|Horror|Mystery|Thriller,988083,14862.0
184791,-0.5264889367906292,0.9989790082693987,4.208267090620032,Fred Armisen: Standup for Drummers (2018),Comedy,7924798,502616.0
3182,-0.20372645398856148,0.3502243878556688,4.153591469136701,"Mr. Death: The Rise and Fall of Fred A. Leuchter, Jr. (1999)",Documentary,192335,28216.0
3742,0.04408104674230171,0.3231058373839483,4.871723242850142,Battleship Potemkin (1925),Drama|War,15648,643.0
6187,0.1369509492032594,0.32824127212275567,5.1525205935182665,"Life of David Gale, The (2003)",Crime|Drama|Thriller,289992,11615.0
26150,0.0073043534590699856,0.019038784106312392,5.1189506273423495,Andrei Rublev (Andrey Rublyov) (1969),Drama|War,60107,895.0
96616,0.14789216115893858,0.22400547739431265,5.395510835913313,That's My Boy (2012),Comedy,1232200,87428.0
95690,0.18759207479387496,0.29298545304032525,5.375571895424837,Some Guy Who Kills People (2011),Comedy|Thriller,1568341,80468.0
5284,-0.017687995586828244,0.03282210945791124,4.196389218511612,Crush (2001),Comedy|Romance,245407,18435.0
2986,-2.7800019623913146,2.7325332247342238,3.717922421219943,RoboCop 2 (1990),Action|Crime|Sci-Fi|Thriller,100502,5549.0
952,1.23611001873903,1.5472329456990983,5.534210675218491,Around the World in 80 Days (1956),Adventure|Comedy,48960,2897.0
50800,0.032752823408576076,0.1388513395525776,4.971178218687178,"Messengers, The (2007)",Drama|Horror|Thriller,425430,9966.0
261,0.07387000741400088,5.205310894452954,4.74948539438573,Little Women (1994),Drama,110367,9587.0
4643,-2.121368095357892,6.3633925754739415,4.401923502806453,Planet of the Apes (2001),Action|Adventure|Drama|Sci-Fi,133152,869.0
1918,2.1174817695889305,5.8413848752350965,5.097790651399889,Lethal Weapon 4 (1998),Action|Comedy|Crime|Thriller,122151,944.0
1405,-0.38000047813174054,3.8546809299795917,4.636712552782297,Beavis and Butt-Head Do America (1996),Adventure|Animation|Comedy|Crime,115641,3179.0
3462,1.643884636569766,5.081480420445947,5.0587991792734694,Modern Times (1936),Comedy|Drama|Romance,27977,3082.0
106072,-0.33682881725844943,2.4767915468428936,4.5993001064886325,Thor: The Dark World (2013),Action|Adventure|Fantasy|IMAX,1981115,76338.0
2719,-0.1680140943925147,1.8794045859254542,4.645896605450513,"Haunting, The (1999)",Horror|Thriller,171363,11618.0
2722,-0.975398749774703,3.929639306957345,4.487078270445058,Deep Blue Sea (1999),Action|Horror|Sci-Fi|Thriller,149261,8914.0
2793,0.5370877187496979,0.7928548248380991,5.412704031699573,"American Werewolf in Paris, An (1997)",Comedy|Horror|Romance|Thriller,118604,9406.0
3393,0.36196469331778997,0.2251868844269083,6.342690988201824,Date with an Angel (1987),Comedy|Fantasy|Romance,92834,28370.0
5013,2.617866292201117,5.846411492658497,5.183067302187429,Gosford Park (2001),Comedy|Drama|Mystery,280707,5279.0
38,-0.37613593999824535,0.49422420499240294,3.9742307456011123,It Takes Two (1995),Children|Comedy,113442,33689.0
5796,0.4497229986186638,0.8876910518073651,5.241915196797304,Casino Royale (1967),Action|Adventure|Comedy,61452,12208.0
114818,-0.9405276286144493,0.5830643242955188,3.122217156111414,Stretch (2014),Action|Comedy|Crime,2494280,227300.0
140301,-0.08907841732319459,0.34166007683268573,4.474571770017262,The Escort (2015),Comedy|Romance,3793788,351964.0
56788,0.5013391242634273,1.4301161353749823,5.085852447745176,Charlie Wilson's War (2007),Comedy|Drama|War,472062,6538.0
1809,-0.6443397192908318,1.3754702017655243,4.26684360635007,Fireworks (Hana-bi) (1997),Crime|Drama,119250,5910.0
2952,-0.8409541817113528,2.1349855767124932,4.341401910184807,Sydney (Hard Eight) (1996),Crime|Drama|Thriller,119256,8052.0
418,-0.19551887480326158,0.34549520045556265,4.169385026737968,Being Human (1993),Drama,106379,46924.0
8143,-0.1322964182461473,0.1839098190865725,4.015939278937381,Lola Montès (1955),Drama,48308,35987.0
48043,-1.1334948651646997,2.005761583993479,4.1701746766275996,"Fountain, The (2006)",Drama|Fantasy|Romance,414993,1381.0
95858,0.06117411414483567,0.19082338802879073,5.055873868257115,For the Birds (2000),Animation|Children|Comedy,248808,13930.0
41724,0.356439552188207,0.28148783187536247,6.0015639589169005,Wal-Mart: The High Cost of Low Price (2005),Documentary,473107,29595.0
48696,0.48695065766357737,0.5991060866930866,5.548089494758684,Little Children (2006),Drama|Romance,404203,1440.0
47122,-1.8701495178880705,2.033623884594071,3.8156798605292197,John Tucker Must Die (2006),Comedy|Romance,455967,9293.0
946,3.174853472439587,1.4662759211040792,6.90054380001856,To Be or Not to Be (1942),Comedy|Drama|War,35446,198.0
95175,0.016823745512226183,0.019038784106312392,5.6189506273423495,Front of the Class (2008),Drama,1292594,63193.0
5942,0.08686438900754398,0.7259568950469789,4.854949140693465,"Hot Chick, The (2002)",Comedy,302640,11852.0
2889,0.3539469342575868,1.026822157172747,5.07999541941108,"Mystery, Alaska (1999)",Comedy|Drama,134618,15198.0
1447,-0.025048618333923363,0.5537672149724759,4.690060998645659,Gridlock'd (1997),Crime,119225,12489.0
1655,0.11597090816870609,0.2214585704012579,5.258962756700313,Phantoms (1998),Drama|Horror|Thriller,119891,9827.0
34532,-0.2482422595234895,0.48949905429911833,4.228158797684221,"Skeleton Key, The (2005)",Drama|Horror|Mystery|Thriller,397101,9913.0
118700,0.5185632813215804,0.5290041527575854,5.715557275541796,Selma (2014),Drama,1020072,273895.0
93563,-0.16812905762588326,0.24140424746283304,4.038831402541896,Lockout (2012),Action|Sci-Fi|Thriller,1592525,81796.0
5410,-0.04636323340467251,0.3176182548177241,4.589322553666016,Silent Running (1972),Drama|Sci-Fi,67756,811.0
364,6.977064066260647,33.17415235900239,4.945610390109927,"Lion King, The (1994)",Adventure|Animation|Children|Drama|Musical|IMAX,110357,8587.0
181,-4.095652968286109,4.008743611244349,3.71361416864808,Mighty Morphin Power Rangers: The Movie (1995),Action|Children,113820,9070.0
510,-0.24610841550375334,0.4985680159237328,4.2416635443986515,Poetic Justice (1993),Drama,107840,8291.0
4370,-3.6347852434239507,8.563762080442004,4.310856211820004,A.I. Artificial Intelligence (2001),Adventure|Drama|Sci-Fi,212720,644.0
2901,-1.8995239523526781,2.2284395487039594,3.8828931837929526,Phantasm (1979),Horror|Sci-Fi,79714,9638.0
4148,1.6135260270538068,6.102196518731919,4.9997113684027115,Hannibal (2001),Horror|Thriller,212985,9740.0
3070,-0.5551321436548905,2.7188050665399746,4.531111717633597,"Adventures of Buckaroo Banzai Across the 8th Dimension, The (1984)",Adventure|Comedy|Sci-Fi,86856,11379.0
3692,-0.0884090755360266,0.2251868844269083,4.342690988201824,Class of Nuke 'Em High (1986),Comedy|Horror,90849,26554.0
2378,0.542664063984453,4.989166910763095,4.844062590157724,Police Academy (1984),Comedy|Crime,87928,9336.0
2311,-1.3991504226746336,2.945386710767725,4.260262972310649,2010: The Year We Make Contact (1984),Sci-Fi,86837,4437.0
7706,-0.16277106445364986,0.16612266202073486,3.75546955624355,Animal Crackers (1930),Comedy|Musical,20640,13913.0
249,1.0386118310313392,2.0852769259736945,5.233363135768656,Immortal Beloved (1994),Drama|Romance,110116,13701.0
82,1.6187375104573736,2.147672515411734,5.489011222485569,Antonia's Line (Antonia) (1995),Comedy|Drama,112379,880.0
2568,0.13315460307339114,0.4115303723096829,5.058853718670116,"Mod Squad, The (1999)",Action|Crime,120757,16379.0
4282,-0.1322964182461473,0.1839098190865725,4.015939278937381,Fellini Satyricon (1969),Drama|Fantasy,64940,11163.0
1760,-0.31884595331177756,1.313977292126037,4.492636991665925,Spice World (1997),Comedy,120185,6116.0
2992,-0.027655030667847417,0.26502737723353814,4.630946291560102,Rawhead Rex (1986),Horror|Thriller,91829,13511.0
130978,0.016823745512226183,0.019038784106312392,5.6189506273423495,Love and Pigeons (1985),Comedy|Romance,87650,32334.0
165483,0.14789216115893858,0.22400547739431265,5.395510835913313,Joe Rogan: Triggered (2016),Comedy,6023444,421854.0
4225,-0.13354208661874403,0.20192059245495614,4.073934694147278,"Dish, The (2001)",Comedy,205873,5257.0
4243,-0.058457780704104206,0.11672358183282547,4.234471749226007,Brigham City (2001),Crime|Drama|Mystery,268200,26791.0
4439,0.04163927591818565,0.08519701062213066,5.224035161659342,Christiane F. (a.k.a. We Children from Bahnhof Zoo) (Christiane F. - Wir Kinder vom Bahnhof Zoo) (1981),Drama,82176,9589.0
4879,-0.04355773470394501,0.08519701062213066,4.224035161659341,High Heels and Low Lifes (2001),Action|Comedy|Crime|Drama,253126,10034.0
1671,0.03633664390100933,0.1525641281597172,4.973467037712312,Deceiver (1997),Crime|Drama|Thriller,119527,14583.0
169034,0.3187749048559034,0.956324714567711,5.068627450980392,Lemonade (2016),(no genres listed),5662106,394269.0
1049,2.071659817074214,3.9991441460231343,5.25331991052435,"Ghost and the Darkness, The (1996)",Action|Adventure,116409,10586.0
48516,4.6892964203021865,12.395117580226007,5.11361214407571,"Departed, The (2006)",Crime|Drama|Thriller,407887,1422.0
3044,-1.4703973204414489,2.7817581368516815,4.206708508077996,Dead Again (1991),Mystery|Romance|Thriller,101669,11498.0
3317,0.3693381896038974,1.3166421711937548,5.015809353817135,Wonder Boys (2000),Comedy|Drama,185014,11004.0
288,2.4163724286331822,17.93965303825852,4.86998860830861,Natural Born Killers (1994),Action|Crime|Thriller,110632,241.0
3354,-1.5094698266256024,2.5896773109581446,4.1524146136106586,Mission to Mars (2000),Sci-Fi,183523,2067.0
5378,-1.1464756270016492,15.701970341103076,4.662279355671581,Star Wars: Episode II - Attack of the Clones (2002),Action|Adventure|Sci-Fi|IMAX,121765,1894.0
89745,2.708428457861369,7.88572210597899,5.078753907563803,"Avengers, The (2012)",Action|Adventure|Sci-Fi|IMAX,848228,24428.0
86068,-0.9432286094049089,0.34166007683268573,1.974571770017262,Films to Keep You Awake: The Christmas Tale (Películas para no dormir: Cuento de navidad) (2005),Horror|Thriller,450827,75725.0
8937,1.1313989262473978,1.4643695220714814,5.507912578489465,Friday Night Lights (2004),Action|Drama,390022,13416.0
5628,-0.005571551709713708,0.2512406140281562,4.713117959022127,Wasabi (2001),Action|Comedy|Crime|Drama|Thriller,281364,2110.0
42738,-0.4794064617099797,1.7595587153862715,4.462835769131683,Underworld: Evolution (2006),Action|Fantasy|Horror,401855,834.0
5106,-0.25943313055048406,0.2189355924594672,3.5503194516456213,Crossroads (2002),Comedy|Musical|Romance,275022,17130.0
945,-1.1991383280178025,3.1389392903028237,4.353273881791488,Top Hat (1935),Comedy|Musical|Romance,27125,3080.0
34312,-1.525467945060028,0.9989790082693987,3.2082670906200317,"Calcium Kid, The (2004)",Comedy,330111,31063.0
4228,-1.9774558734039838,1.5147862673174453,3.429858548241029,Heartbreakers (2001),Comedy|Crime|Romance,125022,10833.0
25825,-0.1967403857906897,0.27143860713367884,4.010487916096672,Fury (1936),Drama|Film-Noir,27652,14615.0
49932,-0.04528405476612364,0.33500996557677265,4.600121855866249,Inland Empire (2006),Drama|Mystery|Thriller,460829,1730.0
45106,-0.5708140544278831,0.7048129174821184,3.925413878126101,American Dreamz (2006),Comedy|Drama,465142,9310.0
4103,0.22670019336933506,0.2214585704012579,5.758962756700313,Empire of the Sun (1987),Action|Adventure|Drama|War,92965,10110.0
50440,0.1716041629611537,0.1388513395525776,5.971178218687178,Primeval (2007),Horror|Thriller,772193,4283.0
3480,-0.32981807489363607,0.15804599783844867,2.6484454824113266,Lucas (1986),Drama|Romance,91445,13346.0
2055,-0.04636323340467251,0.3176182548177241,4.589322553666016,Hot Lead and Cold Feet (1978),Action|Comedy|Western,77698,28736.0
4473,-0.04636323340467251,0.3176182548177241,4.589322553666016,Bat*21 (1988),Drama|War,94712,14911.0
356,20.785656723391174,62.88172630220052,5.065845741237962,Forrest Gump (1994),Comedy|Drama|Romance|War,109830,13.0
1916,0.787105146694977,0.7722764728360324,5.754495367951227,Buffalo '66 (a.k.a. Buffalo 66) (1998),Drama|Romance,118789,9464.0
240,-0.24610841550375334,0.4985680159237328,4.2416635443986515,Hideaway (1995),Thriller,113303,27303.0
289,-0.9399609735326204,1.8541393581873806,4.228341407009638,Only You (1994),Comedy|Romance,110737,9058.0
1987,-1.2608695643044279,0.9999999992759258,3.4744245524296677,Prom Night (1980),Horror,81383,36599.0
79091,0.7916334479025847,4.174459676489775,4.924931462178376,Despicable Me (2010),Animation|Children|Comedy|Crime,1323594,20352.0
6807,-0.721426297771419,4.802752370641892,4.5850831048575325,Monty Python's The Meaning of Life (1983),Comedy,85959,4543.0
3016,-0.06290572448709385,0.898735340439846,4.665300514795849,Creepshow (1982),Horror,83767,16281.0
3551,-0.03874110096119775,2.1730238379242626,4.717465918855551,Marathon Man (1976),Crime|Drama|Thriller,74860,10518.0
8946,-0.2180887157738466,0.51354087631408,4.3106176686384226,Surviving Christmas (2004),Comedy,252028,15566.0
6867,-0.402819104680774,0.5631041590706031,4.0199395989633,"Station Agent, The (2003)",Comedy|Drama,340377,2056.0
889,0.645833332592124,0.9999999988523208,5.381127450980392,1-900 (06) (1994),Drama|Romance,109001,101230.0
63072,-0.13004206802669072,1.4109054128115353,4.643124885857414,"Road, The (2009)",Adventure|Drama|Thriller,898367,20766.0
143355,-0.6267333654797428,1.8897804448897695,4.403650636429695,Wonder Woman (2017),Action|Adventure|Fantasy,451279,297762.0
74508,-0.33154300004247256,0.3450591903184563,3.7744647604098542,Persuasion (2007),Drama|Romance,844330,13949.0
113453,1.1198717367724074,1.2229844856637113,5.650981724399204,Let's Be Cops (2014),Comedy|Crime,1924435,193893.0
142196,-1.0259784409253285,0.9989790082693987,3.7082670906200317,Cornered! (2009),Comedy|Horror,1151911,32285.0
5460,0.21320034239429309,0.4202432741779207,5.242620124973066,"Powerpuff Girls, The (2002)",Action|Animation|Children|Comedy,289408,59387.0
102602,-0.0022150385940862107,0.019038784106312392,4.6189506273423495,Mimino (1977),Comedy,76391,27861.0
108540,0.0073043534590699856,0.019038784106312392,5.1189506273423495,Ernest & Célestine (Ernest et Célestine) (2012),Adventure|Animation|Children|Comedy|Drama|Romance,1816518,126319.0
3185,0.0999050770469069,0.20192059245495614,5.230068205976823,Snow Falling on Cedars (1999),Drama,120834,10219.0
7316,0.13091679022049663,0.40413443937631566,5.05923777961889,Confessions of a Teenage Drama Queen (2004),Comedy,361467,11132.0
32289,0.33298400990865445,0.40413443937631566,5.55923777961889,Ice Princess (2005),Children|Comedy|Drama,396652,13374.0
3492,-0.11611543080381806,0.37725666497893556,4.427505172923441,"Son of the Sheik, The (1926)",Adventure|Comedy|Romance,17416,85689.0
5497,-0.021643504599717665,0.6279881831466002,4.7008292898356965,Our Man Flint (1965),Adventure|Comedy|Sci-Fi,59557,23728.0
83601,-2.003394312320054,0.5793788429357648,1.2774627923458546,Amer (2009),Drama|Horror,1426352,43950.0
34397,-0.45903788793201056,0.4251491847960904,3.6555839727195227,"Order, The (2001)",Action|Adventure|Drama|Thriller,193364,37632.0
4233,-0.6958069346034094,0.3603099099538355,2.804159515513692,Tomcats (2001),Comedy,246989,10646.0
44731,-0.12928693497089253,0.3107321390339718,4.319222142045083,Stay Alive (2006),Horror|Sci-Fi|Thriller,441796,10069.0
7486,0.04752270667927354,0.06357135844309382,5.482843137254902,Happy Together (a.k.a. Buenos Aires Affair) (Chun gwong cha sit) (1997),Drama|Romance,118845,18329.0
90531,0.1939773135683663,0.24140424746283304,5.538831402541897,Shame (2011),Drama,1723811,76025.0
60037,-0.03667284636771273,0.1388513395525776,4.471178218687178,"Happening, The (2008)",Drama|Sci-Fi|Thriller,949731,8645.0
1389,-0.6815997430401207,0.3176182548177241,2.5893225536660163,Jaws 3-D (1983),Action|Horror,85750,17692.0
2902,-0.3639814882223966,0.3176182548177241,3.5893225536660163,Psycho II (1983),Horror|Mystery|Thriller,86154,10576.0
2596,0.3692483676541811,0.7052705617537631,5.258849739671022,SLC Punk! (1998),Comedy|Drama,133189,6396.0
1923,-2.4885250149094493,18.119461100620903,4.5979542154783255,There's Something About Mary (1998),Comedy|Romance,129387,544.0
3851,0.04287487944248657,0.029682608844798394,6.1797385620915035,I'm the One That I Want (2000),Comedy,251739,38548.0
25,-7.420868943293189,15.382967515314817,4.252885964869956,Leaving Las Vegas (1995),Drama|Romance,113627,451.0
98203,-0.44231311407669305,0.3323855144450564,3.404570921676352,"Twilight Saga: Breaking Dawn - Part 2, The (2012)",Adventure|Drama|Fantasy|Romance|IMAX,1673434,50620.0
1147,-0.5063403278090074,1.4788557893749033,4.392907570258938,When We Were Kings (1996),Documentary,118147,10548.0
90600,0.04557442176917832,0.17009932883366186,5.003222404499649,Headhunters (Hodejegerne) (2011),Action|Crime|Thriller,1614989,70670.0
427,2.3468575818919053,1.5570170797330185,6.242572112500089,Boxing Helena (1993),Drama|Mystery|Romance|Thriller,106471,18215.0
2672,-0.7627736368346894,0.9967887189004968,3.9700631089373464,"Thirteenth Floor, The (1999)",Drama|Sci-Fi|Thriller,139809,1090.0
4270,-1.0146678406273901,7.966596055002127,4.607928824663452,"Mummy Returns, The (2001)",Action|Adventure|Comedy|Thriller,209163,1734.0
142536,-0.25990845573953747,0.34166007683268573,3.974571770017262,Burnt (2015),Drama,2503944,295964.0
6565,0.7879457523305207,3.739292681286746,4.946014652114389,Seabiscuit (2003),Drama,329575,4464.0
2112,0.7180420753139004,1.3575130107581619,5.264233486642778,Grand Canyon (1991),Crime|Drama,101969,13697.0
26606,-0.14145251187537902,0.13080554861594187,3.6538987688098494,"Chinese Ghost Story, A (Sinnui yauwan) (1987)",Action|Fantasy|Horror|Romance,93978,30421.0
5108,0.31583030714921884,2.2616712656215636,4.874938774211425,John Q (2002),Crime|Drama|Thriller,251160,8470.0
134170,0.2080009807643354,0.7110497610064451,5.027820734166729,Kung Fury (2015),Action|Comedy|Fantasy|Sci-Fi,3472226,251516.0
2316,0.7966556365498136,1.45844259226174,5.281531344108175,Practical Magic (1998),Drama|Fantasy|Mystery|Romance,120791,6435.0
7027,-0.0557568722637149,0.24983978353772862,4.512123606232911,Silverado (1985),Action|Western,90022,11509.0
59220,0.07495172031284451,0.28148783187536247,5.0015639589169005,Outsourced (2006),Comedy|Romance,425326,7861.0
6593,-0.2886543006991541,2.6226679585006734,4.625232796402195,Freaky Friday (2003),Children|Comedy|Fantasy,322330,10330.0
129354,-1.5747698305881646,1.7764959961595457,3.8488469576238873,Focus (2015),Comedy|Crime|Drama|Romance,2381941,256591.0
27873,0.23737234656569073,0.26502737723353814,5.630946291560102,Metallica: Some Kind of Monster (2004),Documentary,387412,11401.0
94150,-0.2070429317836276,0.4202432741779207,4.242620124973066,Hysteria (2011),Comedy|Romance,1435513,75802.0
3217,-0.7133545540047295,1.4685701936585214,4.249546444784646,"Star Is Born, A (1937)",Drama,29606,22692.0
73,-0.20877896742272828,1.281791556266965,4.572413525711529,"Misérables, Les (1995)",Drama|War,113828,48750.0
8254,0.3180361495502173,0.35655681148341906,5.627258986378804,Arizona Dream (1993),Comedy|Drama|Fantasy|Romance,106307,11044.0
58301,0.3340848013140376,0.29298545304032525,5.875571895424837,Funny Games U.S. (2007),Drama|Thriller,808279,8461.0
26172,0.05826580112872126,0.11672358183282547,5.234471749226007,Point Blank (1967),Action|Crime|Drama|Thriller,62138,26039.0
3616,0.19580605315834926,0.4296321375464174,5.1910469257972505,Loser (2000),Comedy|Romance,217630,10642.0
4193,-0.21886426491117006,0.8787236904642515,4.486223485676799,"Fantasticks, The (1995)",Musical,113026,62127.0
32011,-0.40732802345259206,0.6283503938516959,4.087044307607583,Cursed (2005),Horror|Thriller,257516,10012.0
51412,-0.12716967897213438,0.5521363864968049,4.504971171936126,Next (2007),Action|Sci-Fi|Thriller,435705,1738.0
2114,-0.08303607977238524,0.4564695943703017,4.553384783933533,"Outsiders, The (1983)",Drama,86066,227.0
2033,-0.05599489694338512,2.2804147468471343,4.710739418980598,"Black Cauldron, The (1985)",Adventure|Animation|Children|Fantasy,88814,10957.0
2648,-1.505687147868646,1.8725316365729203,3.9312024171595135,Frankenstein (1931),Drama|Horror|Sci-Fi,21884,3035.0
2858,4.357145649468261,33.67805547796841,4.8646705198065785,American Beauty (1999),Drama|Romance,169547,14.0
3508,-1.4130245390016292,3.0138819834463386,4.266455408380198,"Outlaw Josey Wales, The (1976)",Action|Adventure|Drama|Thriller|Western,75029,10747.0
113,0.04148322816428612,0.9446872896660745,4.779206244567862,Before and After (1996),Drama|Mystery,115645,43566.0
237,1.3675761546329865,4.425316209616472,5.044328792200069,Forget Paris (1995),Comedy|Romance,113097,10525.0
91104,-1.961857862807682,1.7084599928421005,3.5869746539035487,"Twilight Saga: Breaking Dawn - Part 1, The (2011)",Adventure|Drama|Fantasy|Romance,1324999,50619.0
3510,-1.9955839102336241,5.789408174823835,4.390598451013682,Frequency (2000),Drama|Thriller,186151,10559.0
1556,-0.6153404055404847,3.3815147831652568,4.5533222958457955,Speed 2: Cruise Control (1997),Action|Romance|Thriller,120179,1639.0
2321,-1.566343933212185,11.262410430124426,4.596216968671688,Pleasantville (1998),Comedy|Drama|Fantasy,120789,2657.0
2539,0.28683637108247656,5.67420360806237,4.785845065567735,Analyze This (1999),Comedy,122933,9535.0
3438,-0.718432901828353,2.9677523782308115,4.493214317762731,Teenage Mutant Ninja Turtles (1990),Action|Children|Comedy|Fantasy|Sci-Fi,100758,1498.0
8633,-0.34200028157868584,0.38593497313997716,3.849133739912534,"Last Starfighter, The (1984)",Action|Adventure|Comedy|Sci-Fi,87597,11884.0
61350,-1.546003696525611,0.5818706454556634,2.078339846797162,Babylon A.D. (2008),Action|Adventure|Sci-Fi|Thriller,364970,9381.0
51077,-0.5571729956959696,0.5463484536684937,3.715481593323445,Ghost Rider (2007),Action|Fantasy|Thriller,259324,1250.0
3461,0.10391333209061926,0.513724564811326,4.937568525390795,Lord of the Flies (1963),Adventure|Drama|Thriller,57261,9960.0
173925,-0.05717875314289088,0.6975807883432699,4.653326904532305,Seven Sisters (2017),Sci-Fi|Thriller,1536537,406990.0
8795,0.25587901194186574,0.34997208776175814,5.466435316873365,Musa the Warrior (Musa) (2001),Action|Adventure|Drama|War,275083,23305.0
131013,1.277837636267369,1.534631931930312,5.5679612931958316,Get Hard (2015),Comedy|Crime,2561572,257091.0
3719,0.6334436165722137,0.4202432741779207,6.242620124973066,Love's Labour's Lost (2000),Comedy|Romance,182295,51333.0
26662,0.3956902715792767,1.1761725247817338,5.071716082318191,Kiki's Delivery Service (Majo no takkyûbin) (1989),Adventure|Animation|Children|Drama|Fantasy,97814,16859.0
129514,0.016823745512226183,0.019038784106312392,5.6189506273423495,George Carlin: It's Bad for Ya! (2008),Comedy,963207,13643.0
1941,0.04163927591818565,0.08519701062213066,5.224035161659342,Hamlet (1948),Drama,40416,23383.0
5323,-1.5666219020465175,0.5480598284862216,1.8768071046987949,Jason X (2002),Horror|Sci-Fi|Thriller,211443,11470.0
128842,-0.03388870313592021,0.4251491847960904,4.655583972719523,Dragonheart 3: The Sorcerer's Curse (2015),Action|Adventure|Fantasy,3829170,300803.0
1126,-1.0362646237757476,1.3802809583173627,3.9845305737965298,Drop Dead Fred (1991),Comedy|Fantasy,101775,10379.0
31437,-0.18499163357142,0.4958075361306885,4.3621823351697175,Nobody Knows (Dare mo shiranai) (2004),Drama,408664,2517.0
5710,-0.1901488817319299,0.2855088314293242,4.069294117647059,Banana Joe (1981),Comedy,82045,11340.0
4470,0.07327518983694979,0.24140424746283304,5.038831402541897,Ariel (1988),Drama,94675,2.0
74685,-0.03667284636771273,0.1388513395525776,4.471178218687178,"Crazies, The (2010)",Action|Drama|Horror|Sci-Fi|Thriller,455407,29427.0
77364,0.032752823408576076,0.1388513395525776,4.971178218687178,"Losers, The (2010)",Action|Adventure|Drama|Mystery|Thriller,480255,34813.0
107069,-0.10664930012088103,0.0929221624815597,3.587566844919786,Lone Survivor (2013),Action|Drama|Thriller|War,1091191,193756.0
1213,4.73497508356275,16.690539428882108,5.0189862717406,Goodfellas (1990),Crime|Drama,99685,769.0
2899,-1.3968850214505313,1.114637902259241,3.482075454779765,Gulliver's Travels (1939),Adventure|Animation|Children,31397,42518.0
795,-0.24610841550375334,0.4985680159237328,4.2416635443986515,Somebody to Love (1994),Drama,111237,44535.0
3994,1.612295880102045,9.97293425086186,4.896961269915982,Unbreakable (2000),Drama|Sci-Fi,217869,9741.0
5267,-0.03914835689235454,2.0803348977256344,4.71647582212399,"Rookie, The (2002)",Drama,265662,14635.0
41863,-0.24592838525170876,0.28284624385356033,3.865816828851827,"Three Burials of Melquiades Estrada, The (2006)",Adventure|Crime|Drama,419294,8053.0
62374,0.17222646441465045,0.9394366003972133,4.918623641259221,Body of Lies (2008),Action|Drama|Thriller,758774,12113.0
161131,1.1425775339171724,2.454954974510139,5.200711017663794,War Dogs (2016),Comedy,2005151,308266.0
56152,0.15368748912770097,1.0065707380407283,4.887978358624351,Enchanted (2007),Adventure|Animation|Children|Comedy|Fantasy|Musical|Romance,461770,4523.0
95875,0.16826870235605904,0.5228920793381955,5.057098002244107,Total Recall (2012),Action|Sci-Fi|Thriller,1386703,64635.0
6702,-0.9315806180107787,1.064629822994902,3.860266386984624,Dickie Roberts: Former Child Star (2003),Comedy,325258,13778.0
80586,-0.06374202469581315,0.15655207368287652,4.328132313933531,Flipped (2010),Comedy|Drama|Romance,817177,43949.0
136447,0.016823745512226183,0.019038784106312392,5.6189506273423495,George Carlin: You Are All Diseased (1999),Comedy,246645,34513.0
102720,0.035889422461782255,0.22400547739431265,4.895510835913313,Epic (2013),Adventure|Animation|Fantasy,848537,116711.0
4082,0.3340848013140376,0.29298545304032525,5.875571895424837,Barfly (1987),Comedy|Drama|Romance,92618,10937.0
5415,-0.6118743885362317,1.6085996343393663,4.354917064541784,Divine Secrets of the Ya-Ya Sisterhood (2002),Comedy|Drama,279778,9583.0
8369,0.042870501030742185,0.1718807994813942,4.984714071243347,Mindhunters (2004),Action|Crime|Horror|Mystery|Thriller,297284,16617.0
7845,-0.03667284636771273,0.1388513395525776,4.471178218687178,Tremors II: Aftershocks (1996),Comedy|Horror|Sci-Fi,114720,11069.0
3974,-0.04636323340467251,0.3176182548177241,4.589322553666016,"Little Vampire, The (2000)",Adventure|Children,192255,24100.0
1103,-0.04532236710898624,0.9982845819855929,4.689893870135633,Rebel Without a Cause (1955),Drama,48545,221.0
3365,0.04287487944248657,0.029682608844798394,6.1797385620915035,"Searchers, The (1956)",Drama|Western,49730,3114.0
24,0.0034519241660876387,4.263570613951241,4.736103749872873,Powder (1995),Drama|Sci-Fi,114168,12665.0
160,0.07705867205967304,11.335705475854224,4.742091989400503,Congo (1995),Action|Adventure|Mystery|Sci-Fi,112715,10329.0
818,0.4479360828442973,1.9929906944960236,4.9600498498646495,"Very Brady Sequel, A (1996)",Comedy,118073,12606.0
5893,0.7391304342474235,0.9999999992759258,5.474424552429667,"Last Seduction, The (1994)",Crime|Drama|Thriller,110308,25284.0
3882,-0.06594649479191944,5.483749043692993,4.723268312989246,Bring It On (2000),Comedy,204946,1588.0
160872,-0.9432286094049089,0.34166007683268573,1.974571770017262,Satanic (2016),Horror,4796122,400411.0
51884,-0.06579219562483672,0.28148783187536247,4.5015639589169005,"Namesake, The (2006)",Drama|Romance,433416,16727.0
84189,-0.03720425137945312,0.1428301144912339,4.474815075730891,I Spit on Your Grave (2010),Crime|Horror|Thriller,1242432,43947.0
95843,-1.525467945060028,0.9989790082693987,3.2082670906200317,Goodbye Charlie (1964),Comedy|Fantasy|Romance,58154,52906.0
97836,0.9604420641807844,1.4643887331265444,5.3911596282551555,Here Comes the Boom (2012),Action|Comedy,1648179,87826.0
3153,-0.16016871928461648,0.26502737723353814,4.130946291560102,"7th Voyage of Sinbad, The (1958)",Action|Adventure|Fantasy,51337,15515.0
5027,0.013738269444952645,0.21981231111924232,4.797794117647059,Another 48 Hrs. (1990),Action|Comedy|Crime|Drama|Thriller,99044,11595.0
71745,-2.133091037010503,0.9060117777546162,2.3809196057649094,Where the Wild Things Are (2009),Adventure|Children|Drama|Fantasy|IMAX,386117,16523.0
91671,-0.4551222089030044,0.15655207368287652,1.8281323139335308,Alvin and the Chipmunks: Chipwrecked (2011),Animation|Comedy,1615918,55301.0
8033,-0.0022150385940862107,0.019038784106312392,4.6189506273423495,How to Steal a Million (1966),Comedy|Crime|Romance,60522,3001.0
8197,-0.0022150385940862107,0.019038784106312392,4.6189506273423495,Hiroshima Mon Amour (1959),Drama|Romance|War,52893,5544.0
26237,-0.0022150385940862107,0.019038784106312392,4.6189506273423495,Zabriskie Point (1970),Drama|Romance,66601,2998.0
165959,0.016823745512226183,0.019038784106312392,5.6189506273423495,Alesha Popovich and Tugarin the Dragon (2004),Animation|Comedy|Drama,415481,33065.0
175293,0.016823745512226183,0.019038784106312392,5.6189506273423495,Gena the Crocodile (1969),Animation|Children,146970,79701.0
100194,0.25989489985609493,0.22400547739431265,5.895510835913313,Jim Jefferies: Fully Functional (EPIX) (2012),Comedy,2274356,146837.0
893,-0.5619890757765255,0.41045798989960897,3.3661184904069157,Mother Night (1996),Drama,117093,20318.0
1078,0.4525934405570154,1.7575376232962983,4.992809765993845,Bananas (1971),Comedy|War,66808,11302.0
4055,0.22817130813319925,0.09956151937514536,7.027056131377035,Panic (2000),Drama,194218,20637.0
3801,-0.05622535388779642,0.09004024785574485,4.110847214992192,Anatomy of a Murder (1959),Drama|Mystery,52561,93.0
7698,0.061952905101044564,0.5810045467528192,4.8419247893815465,"China Syndrome, The (1979)",Drama|Thriller,78966,988.0
7013,0.06291213449392424,0.4958075361306885,4.8621823351697175,"Night of the Hunter, The (1955)",Drama|Film-Noir|Thriller,48424,3112.0
57910,0.1716041629611537,0.1388513395525776,5.971178218687178,Teeth (2007),Comedy|Horror,780622,13121.0
160848,0.3187749048559034,0.956324714567711,5.068627450980392,The Red Turtle (2016),Animation,3666024,337703.0
70,1.4051501737384127,6.816317403806687,4.941439179635176,From Dusk Till Dawn (1996),Action|Comedy|Horror|Thriller,116367,755.0
5957,-0.8811157683843904,2.9066129861733008,4.432152360359164,Two Weeks Notice (2002),Comedy|Romance,313737,2642.0
6287,2.546707818967348,4.026890551233325,5.3677195055651294,Anger Management (2003),Comedy,305224,9506.0
921,0.5361904457118726,1.913053672574989,5.015573993428147,My Favorite Year (1982),Comedy,84370,31044.0
1479,-0.5936329371231837,3.272694926080138,4.553904482947987,"Saint, The (1997)",Action|Romance|Sci-Fi|Thriller,120053,10003.0
3035,-0.9091432210714803,2.2333595641538433,4.328219844581706,Mister Roberts (1955),Comedy|Drama|War,48380,37853.0
3219,0.057352421554217714,2.3736563525780006,4.759456175264172,Pacific Heights (1990),Mystery|Thriller,100318,2990.0
3693,-1.342459964485861,1.61963199977497,3.9064268412087193,"Toxic Avenger, The (1985)",Comedy|Horror,90190,15239.0
3755,-2.1574559466461007,9.935379145548632,4.518145288695452,"Perfect Storm, The (2000)",Drama|Thriller,177971,2133.0
63082,4.45780593903361,9.738375039850919,5.193050768093523,Slumdog Millionaire (2008),Crime|Drama|Romance,1010048,12405.0
102407,-0.24404849900705425,1.9651353019064428,4.611104959388951,"Great Gatsby, The (2013)",Drama,1343092,64682.0
6957,-1.0669849257822879,3.2820028729243185,4.410192352933615,Bad Santa (2003),Comedy|Crime,307987,10147.0
40278,-0.4485917608996759,1.5817389534465078,4.451687420143515,Jarhead (2005),Action|Drama|War,418763,25.0
56607,0.08641292857745242,0.16612266202073486,5.2554695562435505,"Kite Runner, The (2007)",Drama,419887,7979.0
408,0.14997632565230107,0.34549520045556265,5.169385026737968,8 Seconds (1994),Drama,109021,18069.0
3259,0.04205692609664239,0.8936774031546768,4.782354640771154,Far and Away (1992),Adventure|Drama|Romance,104231,11259.0
105250,-0.1322964182461473,0.1839098190865725,4.015939278937381,"Century of the Self, The (2002)",Documentary,432232,51452.0
46948,0.4498608031411832,1.8159711357960768,4.98301876165357,Monster House (2006),Animation|Children|Fantasy|Mystery,385880,9297.0
113378,-0.6637140931376039,0.7459428182752679,3.845528740359547,"Giver, The (2014)",Drama|Sci-Fi,435651,227156.0
149350,-1.525467945060028,0.9989790082693987,3.2082670906200317,Lumberjack Man (2015),Comedy|Horror,3201722,356486.0
6012,0.16683710898962056,0.7378615289956447,4.961403085838847,"Guy Thing, A (2003)",Comedy|Romance,295289,9582.0
147328,0.016823745512226183,0.019038784106312392,5.6189506273423495,The Adventures of Sherlock Holmes and Dr. Watson: Bloody Signature (1979),Crime,80263,72093.0
1897,0.5102667863782999,1.3969814863580443,5.100557932064939,High Art (1998),Drama|Romance,139362,37636.0
5177,0.004656809418202272,0.2188700426555053,4.75657071339174,"Magnificent Ambersons, The (1942)",Drama|Romance,35015,965.0
3096,-0.4933720957827536,0.37725666497893556,3.427505172923441,My Man Godfrey (1957),Comedy,50738,52470.0
1454,0.025178947393942636,0.06882245621010981,5.101147776183645,SubUrbia (1997),Comedy|Drama,120238,28059.0
50802,-0.5708140544278831,0.7048129174821184,3.925413878126101,Because I Said So (2007),Comedy|Drama|Romance,490084,1257.0
2846,-0.22188741932496286,0.4564695943703017,4.249199486018734,"Adventures of Milo and Otis, The (Koneko monogatari) (1986)",Adventure|Children|Comedy|Drama,97050,47951.0
5128,0.10386911076800809,0.19121927861869445,5.278487834924546,Queen of the Damned (2002),Fantasy|Horror,238546,11979.0
2529,-0.03510099854514395,5.726823727625206,4.729164891357829,Planet of the Apes (1968),Action|Drama|Sci-Fi,63442,871.0
125,0.8058166221918656,1.966945147575207,5.144973372396614,Flirting With Disaster (1996),Comedy,116324,2074.0
1907,0.9864836289346569,7.749153685892454,4.862596229454517,Mulan (1998),Adventure|Animation|Children|Comedy|Drama|Musical|Romance,120762,10674.0
3204,-0.2935355215980814,1.0905937639913916,4.466142091209836,"Boys from Brazil, The (1978)",Action|Mystery|Thriller,77269,16241.0
62,13.231461336040748,20.151573295656732,5.391891056353206,Mr. Holland's Opus (1995),Drama,113862,2054.0
106489,1.8590156017953396,3.7724381851057767,5.2280830012754365,"Hobbit: The Desolation of Smaug, The (2013)",Adventure|Fantasy|IMAX,1170358,57158.0
3751,3.0634321711969186,14.322364509669747,4.949185627608884,Chicken Run (2000),Animation|Children|Comedy,120630,7443.0
3265,0.2980080142453128,1.3680740245044285,4.953124446202024,Hard-Boiled (Lat sau san taam) (1992),Action|Crime|Drama|Thriller,104684,11782.0
7263,0.24714082809158325,0.8196607409905918,5.036810117782559,Miracle (2004),Drama,349825,14292.0
37731,0.413184895826751,0.6480242639911382,5.37290125488907,Green Street Hooligans (a.k.a. Hooligans) (2005),Crime|Drama,385002,8923.0
1799,-0.03732210519143823,0.6323414364091271,4.676272040265291,Suicide Kings (1997),Comedy|Crime|Drama|Mystery|Thriller,120241,10668.0
121,0.19249201803428037,0.8261115773971203,4.968303826384923,"Boys of St. Vincent, The (1992)",Drama,106473,32119.0
1453,-0.606806270883661,0.6269830323309251,3.7674748313296176,"Beautician and the Beast, The (1997)",Comedy|Romance,118691,17894.0
2505,-0.3228032267525671,2.345344028144736,4.597658349555536,8MM (1999),Drama|Mystery|Thriller,134273,8224.0
4654,-0.12625986551042068,0.4786114021604658,4.4714895677753255,Road House (1989),Action|Drama,98206,10135.0
33781,0.051613400840425205,0.1839098190865725,5.015939278937381,Quo Vadis (1951),Drama|Romance,43949,11620.0
1912,1.8477312630298182,5.142658451586614,5.0945890777196565,Out of Sight (1998),Comedy|Crime|Drama|Romance|Thriller,120780,1389.0
2075,-0.17483451427023006,0.2711201887958639,4.0904343045629465,Mephisto (1981),Drama|War,82736,11911.0
40959,0.3642719531970769,0.5991060866930866,5.3433199102204,"Ice Harvest, The (2005)",Action|Comedy|Crime|Thriller,400525,9005.0
44788,0.19754505505741768,0.7248072384904356,5.007842520266281,This Film Is Not Yet Rated (2006),Documentary,493459,16070.0
4880,0.7400449335026129,3.082149760357824,4.97540085840994,Life as a House (2001),Drama,264796,11457.0
3267,-0.14210120448565886,0.6471217252466951,4.5157045119488615,"Mariachi, El (1992)",Action|Crime|Thriller|Western,104815,9367.0
58972,-0.06374202469581315,0.15655207368287652,4.328132313933531,Nim's Island (2008),Adventure|Comedy|Fantasy,410377,10488.0
2551,0.9889364192145162,0.8230585396177754,5.936832491422725,Dead Ringers (1988),Drama|Horror|Thriller,94964,9540.0
53466,0.21320034239429309,0.4202432741779207,5.242620124973066,Nancy Drew (2007),Adventure|Crime|Thriller,479500,14043.0
3906,0.05826580112872126,0.11672358183282547,5.234471749226007,Under Suspicion (2000),Crime|Thriller,164212,10562.0
3909,0.21389538967943814,0.09004024785574485,7.110847214992192,Woman on Top (2000),Comedy|Romance,206420,14629.0
6380,-0.12743060247819804,0.0997625819487847,3.457955460317427,Capturing the Friedmans (2003),Documentary,342172,2260.0
5434,0.024719728804954842,0.3103699283288761,4.814940135346174,"Sorry, Wrong Number (1948)",Drama|Film-Noir|Thriller,40823,21635.0
3091,-0.1967403857906897,0.27143860713367884,4.010487916096672,Kagemusha (1980),Drama|War,80979,11953.0
32770,-0.18499163357142,0.4958075361306885,4.3621823351697175,Brothers (Brødre) (2004),Drama,386342,3875.0
103539,0.07327518983694979,0.24140424746283304,5.038831402541897,The Spectacular Now (2013),Comedy|Drama|Romance,1714206,157386.0
480,-4.422905216765074,39.62125953686223,4.623664521100534,Jurassic Park (1993),Action|Adventure|Sci-Fi|Thriller,107290,329.0
351,1.9462857366474715,4.953037114329317,5.128242058823756,"Corrina, Corrina (1994)",Comedy|Drama|Romance,109484,10464.0
3591,-0.4081893156273858,2.065662535363808,4.537687147176689,Mr. Mom (1983),Comedy|Drama,85970,13105.0
8808,-0.09491883442891327,0.2519525545321233,4.35856114661139,"Princess Diaries 2: Royal Engagement, The (2004)",Comedy|Romance,368933,11130.0
6870,0.153142271360864,6.269386441881721,4.759721112661726,Mystic River (2003),Crime|Drama|Mystery,327056,322.0
53129,0.32587100527079693,0.905916093457261,5.095008452809348,Mr. Brooks (2007),Crime|Drama|Thriller,780571,3432.0
60074,-0.3763453709537357,5.578210996444333,4.667827080062136,Hancock (2008),Action|Adventure|Comedy|Crime|Fantasy,448157,8960.0
88140,0.21670162287963649,4.1409620047659566,4.787625344697736,Captain America: The First Avenger (2011),Action|Adventure|Sci-Fi|Thriller|War,458339,1771.0
5313,-3.8823255733370576,3.1990367188468913,3.5217020539909525,The Scorpion King (2002),Action|Adventure|Fantasy|Thriller,277296,9334.0
7569,-0.35419908895026203,1.2884044127063827,4.460381143539618,You Only Live Twice (1967),Action|Adventure|Sci-Fi|Thriller,62512,667.0
41566,0.6371279049629067,8.997291360494936,4.806107419054679,"Chronicles of Narnia: The Lion, the Witch and the Wardrobe, The (2005)",Adventure|Children|Fantasy,363771,411.0
1592,-1.0571903703515748,1.546929373795415,4.051881941073191,Air Bud (1997),Children|Comedy,118570,20737.0
8810,-0.8371357892583432,1.1760661972211954,4.023484024612904,AVP: Alien vs. Predator (2004),Action|Horror|Sci-Fi|Thriller,370263,395.0
4067,-0.5012587010038259,0.4299753707474343,3.5695094353000716,Untamed Heart (1993),Drama|Romance,108451,26333.0
7700,-0.22425132778943355,0.1839098190865725,3.5159392789373816,"Wages of Fear, The (Salaire de la peur, Le) (1953)",Action|Adventure|Drama|Thriller,46268,204.0
4255,-0.3429124503463059,1.1479139591744811,4.43656750350874,Freddy Got Fingered (2001),Comedy,240515,13166.0
3576,0.04323886344764614,0.4391452976271421,4.83375552365842,"Hidden, The (1987)",Action|Horror|Sci-Fi,93185,12476.0
73822,-1.525467945060028,0.9989790082693987,3.2082670906200317,Meantime (1984),Comedy|Drama,82727,57978.0
173253,-0.026999432655929863,0.9989790082693987,4.708267090620032,Vir Das: Abroad Understanding (2017),Comedy,6822400,454361.0
25937,0.036893599273281175,0.5102835220336656,4.807594314851638,Easter Parade (1948),Musical|Romance,40308,29380.0
156,-0.004231065027560688,0.321560942094614,4.722136222910217,Blue in the Face (1995),Comedy|Drama,112541,5894.0
55872,-0.3086280733585315,0.9016770693679279,4.393011848480695,August Rush (2007),Drama|Musical,426931,5123.0
7060,0.22049758032095568,0.8787236904642515,4.986223485676799,Jesus Christ Superstar (1973),Drama|Musical,70239,12545.0
7121,-0.14626560174354128,0.09004024785574485,3.1108472149921917,Adam's Rib (1949),Comedy|Romance,41090,25431.0
181413,0.11871290891475379,0.14936647694438507,5.530070237050044,Too Funny to Fail: The Life and Death of The Dana Carvey Show (2017),(no genres listed),7544820,482004.0
140359,0.17868588926212498,0.4251491847960904,5.155583972719523,Doctor Who: The Waters of Mars (2009),Adventure|Children|Sci-Fi,1413314,281979.0
2050,-0.2789296398969205,0.3745072394592677,3.990503068214602,Herbie Goes Bananas (1980),Adventure|Children|Comedy,80861,12129.0
93363,-0.04924181633463048,0.25055043467540966,4.538759570028239,John Carter (2012),Action|Adventure|Sci-Fi|IMAX,401729,49529.0
2812,0.10853943082131799,0.21707886164263598,5.235294117647059,In Too Deep (1999),Action|Thriller,160401,22314.0
219,-0.24610841550375334,0.4985680159237328,4.2416635443986515,"Cure, The (1995)",Drama,112757,6715.0
697,-0.5441886152964,0.9339897146704804,4.152644644372726,Feeling Minnesota (1996),Drama|Romance,116289,12656.0
1610,-3.2150794682264783,12.57940377143039,4.479711299363701,"Hunt for Red October, The (1990)",Action|Adventure|Thriller,99810,1669.0
37741,-0.1526940280356699,2.647168993213646,4.677612107761358,Capote (2005),Crime|Drama,379725,398.0
42002,-0.07299879922689191,0.28263120750486254,4.477011248351261,"Producers, The (2005)",Comedy|Musical,395251,9899.0
47099,-1.8252138030125313,7.250643111026969,4.483562819462392,"Pursuit of Happyness, The (2006)",Drama,454921,1402.0
71108,0.13062408618600926,0.17009932883366186,5.503222404499649,"White Ribbon, The (Das weiße Band) (2009)",Drama|Mystery,1149362,37903.0
102903,0.49593343577446564,1.9116794689602021,4.994717019774168,Now You See Me (2013),Crime|Mystery|Thriller,1670345,75656.0
142488,0.14045444843052854,2.1142239735539587,4.8017272156477535,Spotlight (2015),Thriller,1895587,314365.0
1679,0.1367778088908817,0.2251868844269083,5.3426909882018245,Chairman of the Board (1998),Comedy,118836,31535.0
1083,0.21682818968094641,2.250961178380197,4.831621052008929,"Great Race, The (1965)",Comedy|Musical,59243,11575.0
65216,0.32950736747758214,1.216128110871113,5.006242025628198,Defiance (2008),Drama|Thriller|War,1034303,13813.0
1099,-0.43980276919229794,0.22906394228765517,2.815294117647059,"Christmas Carol, A (1938)",Children|Drama|Fantasy,29992,25842.0
4686,-0.5410140752588243,0.34549520045556265,3.1693850267379675,Weekend at Bernie's II (1993),Adventure|Comedy,108539,8494.0
7294,-0.027005284485307895,0.6411689453912406,4.693175289716568,Welcome to Mooseport (2004),Comedy,361925,16784.0
2408,-1.1757166273915105,1.7090072935056075,4.0473411569666995,Cocoon: The Return (1988),Comedy|Sci-Fi,94890,11285.0
74228,-0.4059691473145258,0.6975807883432699,4.153326904532305,Triangle (2009),Drama|Horror|Mystery|Thriller,1187064,26466.0
4231,0.06829977989996121,0.21831321232703382,5.0481463686489265,Someone Like You (2001),Comedy|Romance,244970,12658.0
4069,-0.6100170188744272,2.9327199958972794,4.527290278300716,"Wedding Planner, The (2001)",Comedy|Romance,209475,2018.0
102747,-0.026999432655929863,0.9989790082693987,4.708267090620032,"Rink, The (1916)",Comedy,7264,2077.0
140711,-1.0305597920282887,1.5524905187652331,4.071483434379286,American Ultra (2015),Action|Comedy|Sci-Fi|Thriller,3316948,261392.0
5479,-0.2873105791467204,0.7796449348782246,4.366779469127478,K-19: The Widowmaker (2002),Action|Adventure|Drama|Thriller,267626,8665.0
6643,-0.011734430647242406,0.019038784106312392,4.1189506273423495,Tokyo Story (Tôkyô monogatari) (1953),Drama,46438,18148.0
26849,0.016823745512226183,0.019038784106312392,5.6189506273423495,"Stand, The (1994)",Adventure|Drama|Fantasy|Horror|Sci-Fi,108941,13519.0
27134,-0.0022150385940862107,0.019038784106312392,4.6189506273423495,Dark Portals: The Chronicles of Vidocq  (Vidocq) (2001),Action|Crime|Fantasy,164961,9597.0
117444,-0.021253822700398602,0.019038784106312392,3.6189506273423495,Song of the Sea (2014),Animation|Children|Fantasy,1865505,110416.0
141818,0.0073043534590699856,0.019038784106312392,5.1189506273423495,Ordinary Miracle (1978),Comedy|Drama|Fantasy|Romance,186408,27935.0
160271,0.26650426030680097,0.5169909304346378,5.250785288996523,Central Intelligence (2016),Action|Comedy,1489889,302699.0
165671,0.25989489985609493,0.22400547739431265,5.895510835913313,Ice Guardians (2016),Documentary,4431208,413361.0
168418,0.18653369974108047,0.5957022246437188,5.0484265721257096,The Boss Baby (2017),Animation|Children|Comedy,3874544,295693.0
4951,0.09766849393823263,1.1027720406389598,4.823860467118199,Lord of the Flies (1990),Adventure|Drama|Thriller,100054,10847.0
3564,-1.7355028492642963,1.3075782425126197,3.4080291075399893,"Flintstones in Viva Rock Vegas, The (2000)",Children|Comedy,158622,889.0
110297,-0.04742693389446673,0.24140424746283304,4.538831402541897,Muppets Most Wanted (2014),Adventure|Comedy|Crime,2281587,145220.0
2145,0.2001525929201086,4.16289764789438,4.7833742315123,Pretty in Pink (1986),Comedy|Drama|Romance,91790,11522.0
2359,1.4321425595854496,3.432656108093095,5.1525053134347525,Waking Ned Devine (a.k.a. Waking Ned) (1998),Comedy,166396,10162.0
95,-0.6628545119292923,13.72112012803816,4.686985050621635,Broken Arrow (1996),Action|Adventure|Thriller,115759,9208.0
477,0.704293025023148,4.223952437754109,4.902032033237232,What's Love Got to Do with It? (1993),Drama|Musical,108551,15765.0
1784,-1.1648965297275444,13.307336907920158,4.647756202451252,As Good as It Gets (1997),Comedy|Drama|Romance,119822,2898.0
5872,0.2963670773406562,4.3034902062810945,4.8041607963508,Die Another Day (2002),Action|Adventure|Thriller,246460,36669.0
97024,-0.30114167437670925,0.1083800370507437,1.9567226890756304,Rust and Bone (De rouille et d'os) (2012),Drama|Romance,2053425,97365.0
1687,-0.21249839936207163,1.3064298253754547,4.572638309248776,"Jackal, The (1997)",Action|Thriller,119395,4824.0
7318,2.1426958585559666,1.9136414272966724,5.854989703242146,"Passion of the Christ, The (2004)",Drama,335345,615.0
57528,-0.23195091819546998,1.1658344732785348,4.5363371271720885,Rambo (Rambo 4) (2008),Action|Drama|Thriller|War,462499,7555.0
2123,-2.4732619689899185,2.142705579711413,3.5810235578424656,All Dogs Go to Heaven (1989),Animation|Children|Comedy|Drama|Fantasy,96787,11497.0
2133,-0.8150512195100083,2.8921986681763228,4.453483871180159,Adventures in Babysitting (1987),Adventure|Comedy,92513,14367.0
3868,0.26030196263743033,6.9647285453722425,4.772668433234762,"Naked Gun: From the Files of Police Squad!, The (1988)",Action|Comedy|Crime|Romance,95705,37136.0
79185,0.19394949565510042,0.6731045721512636,5.0234358175841605,Knight and Day (2010),Action|Comedy|Romance,1013743,37834.0
33558,0.0033515975670849935,0.16612266202073486,4.7554695562435505,"Snow Walker, The (2003)",Adventure|Drama,337721,14694.0
49822,-0.0814451778367456,0.7482719035324741,4.626449755788414,"Good Shepherd, The (2006)",Drama|Thriller,343737,1247.0
50442,-1.083274645919159,1.8189952145712205,4.139759485537259,Alpha Dog (2007),Crime|Drama,426883,7457.0
93326,1.796321840199261,2.24143383035508,5.536710521679247,This Means War (2012),Action|Comedy|Romance,1596350,59962.0
482,-1.081075883491304,2.293988953526508,4.2640294754048265,Killing Zoe (1994),Crime|Drama|Thriller,110265,507.0
7163,-0.09464692107234858,2.8921783732171726,4.702568984941268,Paycheck (2003),Action|Sci-Fi|Thriller,338337,9620.0
2009,0.31929932391762866,2.274835238843283,4.875655634149672,Soylent Green (1973),Drama|Mystery|Sci-Fi|Thriller,70723,12101.0
968,-0.6047902881341419,2.084836651813042,4.445204106226646,Night of the Living Dead (1968),Horror|Sci-Fi|Thriller,63350,10331.0
74668,0.21569563625052576,0.28148783187536247,5.5015639589169005,District 13: Ultimatum (Banlieue 13 - Ultimatum) (2009),Action|Sci-Fi,1247640,15357.0
4887,-0.43617503732026086,0.4346778528175913,3.731849763413309,"One, The (2001)",Action|Sci-Fi|Thriller,267804,10796.0
103075,-0.03720425137945312,0.1428301144912339,4.474815075730891,"Purge, The (2013)",Crime|Horror|Thriller,2184339,158015.0
73160,0.9719795756134688,0.9989790082693987,5.708267090620032,Sorority Babes in the Slimeball Bowl-O-Rama (1988),Comedy|Horror,96142,27390.0
121007,-0.5264889367906292,0.9989790082693987,4.208267090620032,Space Buddies (2009),Adventure|Children|Fantasy|Sci-Fi,1164647,14749.0
77427,-0.5333982457444427,0.15655207368287652,1.3281323139335308,"Human Centipede, The (First Sequence) (2009)",Horror,1467304,37169.0
126426,-0.0022150385940862107,0.019038784106312392,4.6189506273423495,Solyaris (1968),Drama|Sci-Fi,1808482,321130.0
147326,0.016823745512226183,0.019038784106312392,5.6189506273423495,The Adventures of Sherlock Holmes and Doctor Watson: King of Blackmailers (1980),Crime|Mystery,459944,126846.0
4063,0.3533333295555558,0.9999999893081762,5.088627450980392,Prelude to a Kiss (1992),Comedy|Drama|Romance,105165,2613.0
4187,-0.058457780704104206,0.11672358183282547,4.234471749226007,Lilies of the Field (1963),Drama,57251,38805.0
57243,-0.08462719041214495,0.5688622965312624,4.586528430541104,"Band's Visit, The (Bikur Ha-Tizmoret) (2007)",Comedy|Drama,1032856,5259.0
6290,-0.36957614381430476,0.4243601709819018,3.8643920653664114,House of 1000 Corpses (2003),Horror,251736,2662.0
4533,-0.03667284636771273,0.1388513395525776,4.471178218687178,"Return of the Living Dead, The (1985)",Comedy|Horror|Sci-Fi,89907,10925.0
2139,-0.8430895821576209,2.986815229787568,4.453023700063316,"Secret of NIMH, The (1982)",Adventure|Animation|Children|Drama,84649,11704.0
2948,0.6364456367447175,4.51350742505903,4.876303221390008,From Russia with Love (1963),Action|Adventure|Thriller,57076,657.0
2541,-1.3965845982090004,6.854979699126799,4.531561260730371,Cruel Intentions (1999),Drama,139134,796.0
34405,4.757374012795894,5.206973332563264,5.648948501671714,Serenity (2005),Action|Adventure|Sci-Fi,379786,16320.0
46965,-0.5420912580757797,1.3686572448614664,4.339218869361905,Snakes on a Plane (2006),Action|Comedy|Horror|Thriller,417148,326.0
2453,-0.0884090755360266,0.2251868844269083,4.342690988201824,"Boy Who Could Fly, The (1986)",Drama|Fantasy,90768,24086.0
2860,0.18433262959224667,0.9996933385731948,4.919683292286688,Blue Streak (1999),Comedy,181316,11001.0
29,0.5816782498709674,4.789108220409066,4.856752690537959,"City of Lost Children, The (Cité des enfants perdus, La) (1995)",Adventure|Drama|Fantasy|Mystery|Sci-Fi,112682,902.0
741,-0.8765662906894125,2.9928606753583304,4.442408351895714,Ghost in the Shell (Kôkaku kidôtai) (1995),Animation|Sci-Fi,113568,9323.0
5312,1.1077892052793088,1.4567250875890103,5.4957596404265034,Murder by Numbers (2002),Crime|Thriller,264935,11892.0
97304,0.24330402715503716,1.3232592854935397,4.919161353511035,Argo (2012),Drama|Thriller,1024648,68734.0
174403,0.051613400840425205,0.1839098190865725,5.015939278937381,The Putin Interviews (2017),(no genres listed),6840134,461805.0
5672,1.7911334012864857,0.5467830706308234,8.01106013436015,Pokemon 4 Ever (a.k.a. Pokémon 4: The Movie) (2002),Adventure|Animation|Children|Fantasy,313487,12600.0
87430,-1.2672845427377608,1.6313067490163877,3.958441730135095,Green Lantern (2011),Action|Adventure|Sci-Fi,1133985,44912.0
4499,-0.542333901973671,1.2642834238328533,4.306328672280774,Dirty Rotten Scoundrels (1988),Comedy,95031,10141.0
59258,0.048021373117407035,2.2038285119395726,4.757084094887685,Baby Mama (2008),Comedy,871426,8780.0
70990,-0.20653611156251794,0.28148783187536247,4.0015639589169005,If These Walls Could Talk (1996),Drama,116607,35203.0
53460,-0.054391376927374224,1.5437781191428888,4.700061478802836,Surf's Up (2007),Animation|Children|Comedy,423294,9408.0
5888,0.016823745512226183,0.019038784106312392,5.6189506273423495,Brother (Brat) (1997),Crime|Drama,118767,20992.0
147250,0.016823745512226183,0.019038784106312392,5.6189506273423495,The Adventures of Sherlock Holmes and Doctor Watson,(no genres listed),229922,127605.0
74532,0.47407613173811614,0.36285681694689026,6.041804315600718,Cop Out (2010),Action|Comedy|Crime,1385867,23742.0
81782,0.007114804570823461,0.1992145279830576,4.7710084033613445,Unstoppable (2010),Action|Drama|Thriller,477080,44048.0
390,-0.23083943610647356,0.3042607165915901,3.9766045349352366,Faster Pussycat! Kill! Kill! (1965),Action|Crime|Drama,59170,315.0
5498,0.08423778122925098,0.08519701062213066,5.724035161659341,Red Beard (Akahige) (1965),Drama,58888,3780.0
173235,0.11871290891475379,0.14936647694438507,5.530070237050044,Tokyo Idols (2017),Documentary,6039532,433092.0
2165,0.15693345682274407,0.3969814970498682,5.130610922054773,Your Friends and Neighbors (1998),Comedy|Drama,119517,77469.0
32019,-0.04306989870995492,0.1718807994813942,4.484714071243347,Be Cool (2005),Comedy|Crime|Musical,377471,4551.0
109042,-0.2888311813572998,0.24140424746283304,3.538831402541896,Knights of Badassdom (2013),Adventure|Comedy|Fantasy,1545660,74461.0
1439,0.00825947145866086,0.19121927861869445,4.778487834924546,Meet Wally Sparks (1997),Comedy,119644,40506.0
2291,-1.3793495426529292,9.46582648602021,4.589575247277942,Edward Scissorhands (1990),Drama|Fantasy|Romance,99487,162.0
3911,-0.3179255413460349,7.433164605753634,4.692522894593564,Best in Show (2000),Comedy,218839,13785.0
6377,8.658734529535689,21.599706154937085,5.136166910426073,Finding Nemo (2003),Adventure|Animation|Children|Comedy,266543,12.0
103335,0.4986994026921477,3.0583607985356145,4.898355128280903,Despicable Me 2 (2013),Animation|Children|Comedy|IMAX,1690953,93456.0
4878,-3.332307324323182,19.329818387339063,4.562902051795792,Donnie Darko (2001),Drama|Mystery|Sci-Fi|Thriller,246578,141.0
1221,4.610268602386897,16.322386626359364,5.01774476092135,"Godfather: Part II, The (1974)",Crime|Drama,71562,240.0
558,-0.11356557530148703,1.1421883042495435,4.635866050594575,"Pagemaster, The (1994)",Action|Adventure|Animation|Children|Fantasy,110763,15139.0
3189,0.313823710177808,1.8351142221997647,4.906304568321691,My Dog Skip (1999),Children|Drama,156812,17908.0
3177,-0.3860555476309756,1.0609165814794739,4.371405425199051,Next Friday (2000),Comedy,195945,10471.0
4084,-2.537015678951094,3.0721765848366,3.909490128555712,Beverly Hills Cop II (1987),Action|Comedy|Crime|Thriller,92644,96.0
137337,0.44642856964660094,0.9999999960083856,5.181722689075631,Amy (2015),Documentary,2870648,331781.0
1289,0.4644369517032259,1.6654022755558557,5.01416785195141,Koyaanisqatsi (a.k.a. Koyaanisqatsi: Life Out of Balance) (1983),Documentary,85809,11314.0
2125,-0.5361795447775599,1.935992576053893,4.458340811415664,Ever After: A Cinderella Story (1998),Comedy|Drama|Romance,120631,9454.0
56336,-0.3472800275001992,0.28148783187536247,3.5015639589169,Wrong Turn 2: Dead End (2007),Action|Horror|Thriller,804555,13186.0
72591,0.07495172031284451,0.28148783187536247,5.0015639589169005,"Patriot, The (1998)",Action|Thriller,120786,6058.0
128520,1.277837636267369,1.534631931930312,5.5679612931958316,The Wedding Ringer (2015),Comedy,884732,252838.0
464,-0.06451004526307977,1.4175914417107198,4.689787321143526,Hard Target (1993),Action|Adventure|Crime|Thriller,107076,2019.0
81819,0.08236917755105833,0.6855562264404619,4.855443529721886,Biutiful (2010),Drama,1164999,45958.0
528,-0.08211173105662978,0.372435351578285,4.514821676702177,"Scout, The (1994)",Comedy|Drama,111094,35233.0
2749,0.3533333295555558,0.9999999893081762,5.088627450980392,"Morning After, The (1986)",Drama|Mystery,91554,31924.0
91947,0.18759207479387496,0.29298545304032525,5.375571895424837,"Revenant, The (2009)",Comedy|Horror,1336006,79896.0
8695,-0.05622535388779642,0.09004024785574485,4.110847214992192,"Bachelor and the Bobby-Soxer, The (1947)",Comedy,39169,27437.0
5181,0.024719728804954842,0.3103699283288761,4.814940135346174,Hangar 18 (1980),Action|Sci-Fi|Thriller,80836,54287.0
77795,-0.2464632955339654,0.4251491847960904,4.155583972719523,Cargo (2009),Sci-Fi,381940,34069.0
184053,-0.8841870727281009,0.4251491847960904,2.6555839727195227,Battle Planet (2008),Action|Sci-Fi,1016024,17571.0
98239,-0.2888311813572998,0.24140424746283304,3.538831402541896,Red Dawn (2012),Action|War,1234719,60747.0
1587,1.7766448255270926,3.5204375737697267,5.239960025875234,Conan the Barbarian (1982),Action|Adventure|Fantasy,82198,9387.0
3253,1.7878831525029224,11.242898450555957,4.894317447828834,Wayne's World (1992),Comedy,105793,8872.0
21,-4.783626350618314,17.841695350992897,4.467179106348421,Get Shorty (1995),Comedy|Crime|Thriller,113161,8012.0
710,-0.6999855736135316,1.5475179308162317,4.282966193249875,Celtic Pride (1996),Comedy,115851,23449.0
653,-2.719999755633422,11.087651907932765,4.489976192966598,Dragonheart (1996),Action|Adventure|Fantasy,116136,8840.0
73499,-0.039475242647652606,0.17009932883366186,4.503222404499649,MacGyver: Lost Treasure of Atlantis (1994),Action|Adventure,110419,81895.0
99728,0.033799947189297186,0.4115035762964949,4.817431793079906,Gangster Squad (2013),Action|Crime|Drama,1321870,82682.0
1409,-1.0201421053707973,1.401323811406583,4.0073095525758164,Michael (1996),Comedy|Drama|Fantasy|Romance,117038,2928.0
3064,0.739435880133069,0.7462417711447857,5.726173895120148,Poison Ivy: New Seduction (1997),Drama|Thriller,119908,18222.0
168248,0.5539893668822894,1.356168505051828,5.143790086118999,John Wick: Chapter Two (2017),Action|Crime|Thriller,4425200,324552.0
1393,0.8745134838368388,16.997833008372634,4.786742645433282,Jerry Maguire (1996),Drama|Romance,116695,9390.0
1177,-0.3472426059028554,1.0108347452731865,4.391773470452636,Enchanted April (1992),Drama|Romance,101811,26561.0
1801,-0.30272147040865205,2.0595116351348848,4.588307101286345,"Man in the Iron Mask, The (1998)",Action|Adventure|Drama,120744,9313.0
87869,1.1196955108607227,3.0178203181505023,5.1063220095750115,Horrible Bosses (2011),Comedy|Crime,1499658,51540.0
4502,-1.0087128564263628,0.5740231344782788,2.9780254714222565,Ernest Saves Christmas (1988),Children|Comedy,95107,26386.0
110501,0.06233794237538716,0.32716335311705214,4.925834842277314,The Raid 2: Berandal (2014),Action|Crime|Thriller,2265171,180299.0
45726,-0.14742751708760798,0.5922199709093343,4.48635364902146,"You, Me and Dupree (2006)",Comedy,463034,1819.0
52458,0.6535987541365846,0.9236644662279123,5.442909034139159,Disturbia (2007),Drama|Thriller,486822,8271.0
78467,-0.3472800275001992,0.28148783187536247,3.5015639589169,Jonah Hex (2010),Action|Drama|Thriller|Western,1075747,20533.0
214,0.040494831874488886,0.1303844586728049,5.045874322425216,Before the Rain (Pred dozhdot) (1994),Drama|War,110882,19155.0
3599,-0.026999432655929863,0.9989790082693987,4.708267090620032,Anchors Aweigh (1945),Comedy|Musical,37514,17889.0
64116,-0.026999432655929863,0.9989790082693987,4.708267090620032,Igor (2008),Animation|Comedy,465502,14248.0
121097,-1.0259784409253285,0.9989790082693987,3.7082670906200317,To Grandmother's House We Go (1992),Adventure|Children|Comedy,105606,50327.0
4678,0.012926322093118222,1.1333287703785389,4.746699741885117,UHF (1989),Comedy,98546,11959.0
6461,-0.5773700039251286,0.8775584951970521,4.0773664614450835,"Unforgiven, The (1960)",Drama|Western,54428,6643.0
121374,0.25989489985609493,0.22400547739431265,5.895510835913313,Bill Burr: Why Do I Do This? (2008),Comedy,1254947,32836.0
178323,0.035889422461782255,0.22400547739431265,4.895510835913313,Gaga: Five Foot Two (2017),Documentary,7291268,472424.0
4792,0.04368850560582124,0.168329944457504,4.994835019574052,13 Ghosts (1960),Horror,53559,29756.0
6483,0.2589155136073106,0.09004024785574485,7.610847214992192,From Justin to Kelly (2003),Musical|Romance,339034,31246.0
6368,-0.3324596893575291,0.27143860713367884,3.5104879160966713,Cinemania (2002),Documentary,281724,51230.0
3713,-0.06668789425210901,0.46857020435034524,4.592972020268782,"Long Walk Home, The (1990)",Drama,100046,51763.0
1552,0.038711155808552,7.1358808002135765,4.740718977855962,Con Air (1997),Action|Adventure|Thriller,118880,1701.0
2116,-0.9091943131844614,2.373594662499964,4.352248803487622,"Lord of the Rings, The (1978)",Adventure|Animation|Children|Fantasy,77869,123.0
1079,-1.3052394036227062,12.204276120681145,4.628344767213167,"Fish Called Wanda, A (1988)",Comedy|Crime,95159,623.0
1283,-0.12775673781047664,1.9979649532003156,4.671350684802635,High Noon (1952),Drama|Western,44706,288.0
2843,0.3315033705367495,0.6181231352322611,5.271600480637641,"Black Cat, White Cat (Crna macka, beli macor) (1998)",Comedy|Romance,118843,1075.0
166528,-2.0617200465564838,3.870325960142795,4.202594787464436,Rogue One: A Star Wars Story (2016),Action|Adventure|Fantasy|Sci-Fi,3748528,330459.0
66934,0.8230557902120307,2.4435468169308514,5.07212244625089,Dr. Horrible's Sing-Along Blog (2008),Comedy|Drama|Musical|Sci-Fi,1227926,14301.0
1345,-2.512925501631332,3.738380114613596,4.063097758639016,Carrie (1976),Drama|Fantasy|Horror|Thriller,74285,7340.0
1648,0.1367778088908817,0.2251868844269083,5.3426909882018245,"House of Yes, The (1997)",Comedy|Drama,119324,33344.0
1911,-2.937744556211676,5.312708471174024,4.18232860633556,Dr. Dolittle (1998),Comedy,118998,3050.0
4366,-1.9740944555271016,1.9926301457534537,3.7445962404046886,Atlantis: The Lost Empire (2001),Adventure|Animation|Children|Fantasy,230011,10865.0
3246,0.7005624419175731,2.1313275895948838,5.06399180135261,Malcolm X (1992),Drama,104797,1883.0
5093,-0.22526601856940598,1.4051826195095036,4.5749832687639165,Collateral Damage (2002),Action|Thriller,233469,9884.0
550,-1.151195122952933,1.3454951897637388,3.879701967105758,Threesome (1994),Comedy|Romance,111418,10635.0
90746,-0.14036919283538474,1.0046929094851704,4.595580587761281,"Adventures of Tintin, The (2011)",Action|Animation|Mystery|IMAX,983193,17578.0
56801,-0.3177553052958749,0.5585517099111417,4.166402644113792,AVPR: Aliens vs. Predator - Requiem (2007),Action|Horror|Sci-Fi,758730,440.0
2922,0.26494916130903157,0.9138643560187386,5.0252158763457855,Hang 'Em High (1968),Crime|Drama|Western,61747,4929.0
113741,-0.01607940486917854,0.9905662413835952,4.719061578925853,Coherence (2013),Drama|Mystery|Sci-Fi|Thriller,2866360,220289.0
184471,0.7987103755023254,1.3988413886171442,5.306274060049184,Tomb Raider (2018),Action|Adventure|Fantasy,1365519,338970.0
33779,0.23517375666140022,0.17178460392247835,6.10429780768396,Eddie Izzard: Dress to Kill (1999),Comedy,184424,13589.0
30822,0.3031368430159412,0.7709868861744807,5.128474401841074,In Good Company (2004),Comedy|Drama,385267,1901.0
139640,-1.525467945060028,0.9989790082693987,3.2082670906200317,Ooops! Noah is Gone... (2015),Animation,3411432,326215.0
2868,0.10485865794892166,0.26502737723353814,5.130946291560102,Fright Night Part II (1988),Horror,97390,18086.0
87194,-0.9628443027005847,0.8578126739567508,3.612852899496988,The Way (2010),Adventure|Comedy|Drama,1441912,59468.0
133716,0.0073043534590699856,0.019038784106312392,5.1189506273423495,Bootleggers (1961),Comedy|Crime,55400,42279.0
1465,-0.058457780704104206,0.11672358183282547,4.234471749226007,Rosewood (1997),Action|Drama,120036,25624.0
4406,-0.6123098084720374,0.7073514253787443,3.8696567745906254,"Man Who Shot Liberty Valance, The (1962)",Crime|Drama|Western,56217,11697.0
106144,0.01240645752667291,0.13674673184955016,4.826019924098672,"Selfish Giant, The (2013)",Drama,2304426,194101.0
3165,-0.11622748425870788,0.1525641281597172,3.973467037712312,Boiling Point (1993),Action|Drama,106455,22213.0
1327,-0.6488469196315446,0.4564695943703017,3.3138480287205296,"Amityville Horror, The (1979)",Drama|Horror|Mystery|Thriller,78767,11449.0
7024,0.032752823408576076,0.1388513395525776,4.971178218687178,"Salo, or The 120 Days of Sodom (Salò o le 120 giornate di Sodoma) (1976)",Drama,73650,5336.0
57536,-0.03667284636771273,0.1388513395525776,4.471178218687178,Strange Wilderness (2008),Comedy,489282,14220.0
5723,0.1443199186217099,0.15804599783844867,5.648445482411327,Continental Divide (1981),Comedy|Romance,82200,26560.0
492,0.6874734460644215,1.4562803806871671,5.207369038920136,Manhattan Murder Mystery (1993),Comedy|Mystery,107507,10440.0
1179,-0.7865524829309819,5.035911028367167,4.579105400550917,"Grifters, The (1990)",Crime|Drama|Film-Noir,99703,18129.0
352,-0.24610841550375334,0.4985680159237328,4.2416635443986515,Crooklyn (1994),Comedy|Drama,109504,34152.0
3869,-1.7686547929145737,4.331359310100979,4.326956996136505,"Naked Gun 2 1/2: The Smell of Fear, The (1991)",Comedy,102510,37137.0
2300,2.2503989567881306,6.3932295562467445,5.087291326098505,"Producers, The (1968)",Comedy,63462,30197.0
122922,1.4287700769829677,3.019316563324086,5.208503881187049,Doctor Strange (2016),Action|Adventure|Sci-Fi,1211837,284052.0
338,-1.9978847663600858,4.531072585758794,4.294364353546731,Virtuosity (1995),Action|Sci-Fi|Thriller,114857,9271.0
798,-1.538339507718189,1.6792331232690478,3.8191976648070707,Daylight (1996),Action|Adventure|Drama|Thriller,116040,11228.0
866,-1.221217362016167,5.31152397776339,4.5053756672872805,Bound (1996),Crime|Drama|Romance|Thriller,115736,9303.0
2870,0.10049169652469993,0.37775101258662547,5.001320397329513,Barefoot in the Park (1967),Comedy,61385,17887.0
3063,0.6933936712038833,0.7552845831816797,5.6533502869957335,Poison Ivy (1992),Drama|Thriller,105156,9264.0
3477,-0.43805638168087846,1.1089543325531133,4.340276605363795,Empire Records (1995),Comedy|Drama,112950,13531.0
136016,-0.08907841732319459,0.34166007683268573,4.474571770017262,The Good Dinosaur (2015),Adventure|Animation|Children|Comedy|Fantasy,1979388,105864.0
5292,-0.3432591392337939,0.6798277409034286,4.230373358194622,Slap Shot (1977),Comedy,76723,11590.0
2943,0.08180514085812468,0.6626380909615021,4.858747842951959,Indochine (1992),Drama|Romance,104507,2731.0
3385,0.63908822796879,1.4152272675766597,5.18687404591054,Volunteers (1985),Comedy,90274,19259.0
122898,0.10755100242447041,1.0308570843742273,4.839625750086446,Justice League (2017),Action|Adventure|Sci-Fi,974015,141052.0
142602,0.32747812947028393,0.1839098190865725,6.515939278937381,"F*ck You, Goethe 2 (2015)",Comedy,3702996,329263.0
53000,-0.75880275000281,2.698622036395307,4.454112559144564,28 Weeks Later (2007),Horror|Sci-Fi|Thriller,463854,1562.0
6944,0.32053506092373285,3.969502504923471,4.816043546706788,Father of the Bride (1991),Comedy,101862,11846.0
1337,-0.29268240790138556,0.26502737723353814,3.6309462915601025,"Body Snatcher, The (1945)",Drama|Horror|Thriller,37549,30346.0
65802,-0.635377367020517,0.5789833078396804,3.6378922436772276,Paul Blart: Mall Cop (2009),Action|Comedy|Crime,1114740,14560.0
7036,0.21320034239429309,0.4202432741779207,5.242620124973066,Teen Wolf (1985),Comedy|Fantasy,90142,11824.0
27815,0.3168433151604659,0.5476684296949121,5.313825393106864,"Chorus, The (Choristes, Les) (2004)",Drama,372824,5528.0
157312,-0.07611331623537407,0.22400547739431265,4.395510835913313,The Boss (2016),Comedy,2702724,323676.0
5637,0.028204487817891838,0.5353026628173843,4.787982979065097,Flirting (1991),Drama,101898,21828.0
78893,-0.21676558063151288,0.18102698669397083,3.537872757493952,"Last Airbender, The (2010)",Action|Adventure|Fantasy,938283,10196.0
2178,0.07811524833119293,0.10720071313536052,5.463976288189695,Frenzy (1972),Thriller,68611,573.0
1042,-0.5313417865346375,8.338837502751822,4.671575189635895,That Thing You Do! (1996),Comedy|Drama,117887,9591.0
1348,0.04208651338300244,1.1598286655434193,4.771580954343998,"Nosferatu (Nosferatu, eine Symphonie des Grauens) (1922)",Horror,13442,653.0
195,1.7821202383981136,1.974447672809676,5.637885897079797,Something to Talk About (1995),Comedy|Drama|Romance,114496,18402.0
256,-1.2830516623663177,6.561970303890638,4.539765701188729,Junior (1994),Comedy|Sci-Fi,110216,6280.0
1604,0.054631822073011475,0.23886961916142516,4.964003914501099,Money Talks (1997),Action|Comedy,119695,9416.0
678,-0.09926425434099802,1.044454127228963,4.640254755215359,Some Folks Call It a Sling Blade (1993),Drama|Thriller,108181,27768.0
3275,2.73787782873821,5.186711741034704,5.263158006260237,"Boondock Saints, The (2000)",Action|Crime|Drama|Thriller,144117,8374.0
8361,-0.2734762952989609,3.788505175502265,4.663108312789948,"Day After Tomorrow, The (2004)",Action|Adventure|Drama|Sci-Fi|Thriller,319262,435.0
44199,0.8709524605671662,3.6369583134820425,4.97476688183536,Inside Man (2006),Crime|Drama|Thriller,454848,388.0
107846,-0.039475242647652606,0.17009932883366186,4.503222404499649,MacGyver: Trail to Doomsday (1994),Action|Adventure,110420,13632.0
911,1.769665746905836,3.607449005719313,5.22585288759784,Charade (1963),Comedy|Crime|Mystery|Romance|Thriller,56923,4808.0
933,1.838040460553303,2.9103362636244476,5.366850162742776,To Catch a Thief (1955),Crime|Mystery|Romance|Thriller,48728,381.0
1257,-0.4844123971394823,3.7362312409015823,4.605641436668301,Better Off Dead... (1985),Comedy|Romance,88794,13667.0
2016,-0.1347723089406991,0.5428051392446324,4.487005552936252,"Apple Dumpling Gang Rides Again, The (1979)",Children|Comedy|Western,78790,22328.0
2100,0.6415974432415055,10.236150284827072,4.797973682267416,Splash (1984),Comedy|Fantasy|Romance,88161,2619.0
103141,0.2855175620251059,2.0149900289168503,4.876990879381698,Monsters University (2013),Adventure|Animation|Comedy,1453405,62211.0
109723,0.08175162109314828,0.34166007683268573,4.974571770017262,"Bag Man, The (2014)",Crime|Drama|Thriller,2212008,242076.0
714,-0.09860842373156321,1.090040687708622,4.644831050677652,Dead Man (1995),Drama|Mystery|Western,112817,922.0
6281,0.021377018133703934,1.9581626172244917,4.746210993470173,Phone Booth (2002),Drama|Thriller,183649,1817.0
58293,-0.176338063909666,2.636340195924677,4.6684066711095245,"10,000 BC (2008)",Adventure|Romance|Thriller,443649,7840.0
5810,-0.886290939602821,5.712111985246049,4.580134179975661,8 Mile (2002),Drama,298203,65.0
115203,-0.040341508702861045,0.1839098190865725,4.515939278937381,"Culture High, The (2014)",Documentary,1778338,295538.0
2615,-0.7599803694592048,0.8644013254485475,3.85609559366881,My Science Project (1985),Adventure|Sci-Fi,89652,18252.0
3507,1.6779779087401008,3.4437244607617634,5.22255084444364,"Odd Couple, The (1968)",Comedy,63374,11356.0
1131,-0.16591819980244765,1.7730756865953299,4.641717627338828,Jean de Florette (1986),Drama|Mystery,91288,4480.0
1185,0.040494831874488886,0.1303844586728049,5.045874322425216,My Left Foot (1989),Drama,97937,10161.0
6271,1.4714690797481682,0.9989790082693987,6.208267090620032,Day for Night (La Nuit Américaine) (1973),Comedy|Drama|Romance,70460,1675.0
42013,0.3927473264011018,1.3097111473033705,5.035167358559567,"Ringer, The (2005)",Comedy,267891,9927.0
124404,-1.525467945060028,0.9989790082693987,3.2082670906200317,"Snowflake, the White Gorilla (2011)",Adventure|Animation|Children|Comedy,1429433,85439.0
102666,0.0073043534590699856,0.019038784106312392,5.1189506273423495,Ivan Vasilievich: Back to the Future (Ivan Vasilievich menyaet professiyu) (1973),Adventure|Comedy,70233,20803.0
148652,0.14894780639552752,0.43912118216754764,5.074489338566044,The Ridiculous 6 (2015),Comedy|Western,2479478,347969.0
152970,0.1107363875192014,0.6711364323527085,4.90029244314551,Hunt for the Wilderpeople (2016),Adventure|Comedy,4698684,371645.0
2330,0.14897672803991216,0.376916040493954,5.13054587675149,Hands on a Hard Body (1996),Comedy|Documentary,116481,18603.0
85885,0.854049222679914,0.7012606002738743,5.953171212619126,Room in Rome (Habitación en Roma) (2010),Drama|Romance,1263750,48650.0
1936,-0.05622535388779642,0.09004024785574485,4.110847214992192,Mrs. Miniver (1942),Drama|War,35093,27367.0
43560,-0.05622535388779642,0.09004024785574485,4.110847214992192,Nanny McPhee (2005),Children|Comedy|Fantasy,396752,11283.0
52694,0.033814893967948435,0.09004024785574485,5.110847214992192,Mr. Bean's Holiday (2007),Comedy,453451,1268.0
4275,-0.12875474532607567,0.08519701062213066,3.2240351616593412,Krull (1983),Action|Adventure|Fantasy|Sci-Fi,85811,849.0
4723,-0.29984137663562693,0.16967718091400233,2.9681656503984435,"Deep End, The (2001)",Drama,250323,24936.0
1602,-0.11622748425870788,0.1525641281597172,3.973467037712312,Leave It to Beaver (1997),Comedy,119509,37244.0
43556,-0.129010298450652,0.1718807994813942,3.9847140712433466,Annapolis (2006),Drama,417433,13275.0
95583,-0.16812905762588326,0.24140424746283304,4.038831402541896,Savages (2012),Crime|Drama|Thriller,1615065,82525.0
3302,0.1443199186217099,0.15804599783844867,5.648445482411327,Beautiful People (1999),Comedy,159272,61416.0
345,0.342910464232304,7.160687586737397,4.783182041827332,"Adventures of Priscilla, Queen of the Desert, The (1994)",Comedy|Drama,109045,2759.0
595,3.0133552247331052,32.21617066855223,4.828829605018766,Beauty and the Beast (1991),Animation|Children|Fantasy|Musical|Romance|IMAX,101414,10020.0
1188,-0.08022350991844229,2.4719980466143423,4.702841215822028,Strictly Ballroom (1992),Comedy|Romance,105488,10409.0
490,-0.4494225064370445,3.707341971921763,4.614069124150147,Malice (1993),Thriller,107497,2246.0
115149,1.9959091045826567,2.6082502714731803,5.500523254747977,John Wick (2014),Action|Thriller,2911666,245891.0
3466,0.09778418049345683,0.5018244022546348,4.930151482203515,Heart and Souls (1993),Comedy|Fantasy,107091,12187.0
94777,-0.2624967575461092,2.7618962716696513,4.640251896026107,Men in Black III (M.III.B.) (M.I.B.³) (2012),Action|Comedy|Sci-Fi|IMAX,1409024,41154.0
1792,2.0412144901925213,3.887253535977607,5.260398660301793,U.S. Marshals (1998),Action|Crime|Thriller,120873,11808.0
137857,-0.7818168695202509,1.7875770551824068,4.297932904459819,The Jungle Book (2016),Adventure|Drama|Fantasy,3040964,278927.0
68554,-0.15690317592232267,1.9573866758070488,4.655134597884501,Angels & Demons (2009),Crime|Drama|Mystery|Thriller,808151,13448.0
8677,-3.806458016221579,1.2598412024228234,1.7139149081869216,Flash Gordon Conquers the Universe (1940),Action|Sci-Fi,32475,68064.0
50806,-0.6287678593755617,0.28148783187536247,2.5015639589169,Norbit (2007),Comedy|Romance,477051,9757.0
51709,0.03827887394513178,0.4203391714279401,4.826360752752929,"Host, The (Gwoemul) (2006)",Comedy|Drama|Horror|Sci-Fi|Thriller,468492,1255.0
287,-0.08988962679831601,0.1303844586728049,4.045874322425216,Nina Takes a Lover (1994),Comedy|Romance,110671,131957.0
8266,0.507641346767306,0.486485947634796,5.778780264030862,Purple Rain (1984),Drama|Musical,87957,13763.0
5812,-0.19638537502496772,0.7432938456688125,4.471084510411227,Far from Heaven (2002),Drama|Romance,297884,10712.0
111622,0.07106015124286358,0.26044303156914544,5.008137475423739,Begin Again (2013),Comedy|Romance,1980929,198277.0
118985,-0.0022150385940862107,0.019038784106312392,4.6189506273423495,Big Eyes (2014),Drama,1126590,87093.0
134095,0.016823745512226183,0.019038784106312392,5.6189506273423495,My Love (2006),Animation|Drama,874952,104522.0
87529,-0.1456343706355117,1.053041068975016,4.5969952659438995,Your Highness (2011),Action|Adventure|Comedy|Fantasy,1240982,38319.0
129737,-0.1881160549325304,0.22400547739431265,3.8955108359133126,Unfinished Business (2015),Comedy,2358925,239573.0
6950,-0.0367688361554042,0.25557492138540305,4.591426965282929,"Missing, The (2003)",Adventure|Thriller|Western,338188,12146.0
49524,-9.598978769147104e-05,0.11672358183282547,4.734471749226007,"Nativity Story, The (2006)",Drama,762121,2447.0
2130,-0.5891454548390301,0.9530275824646413,4.117111112580793,Atlantic City (1980),Crime|Drama|Romance,80388,23954.0
8571,0.07251290168564972,0.37725666497893556,4.927505172923441,Bob & Carol & Ted & Alice (1969),Comedy|Drama,64100,26520.0
4735,0.024018780371219794,0.3236098695498536,4.809515526297637,Ghosts of Mars (2001),Horror|Sci-Fi|Thriller,228333,10016.0
4699,-0.0009592293928796817,0.08519701062213066,4.724035161659341,Original Sin (2001),Drama|Romance|Thriller,218922,2057.0
165639,0.04402967044256126,0.14936647694438507,5.030070237050044,While You Were Fighting: A Thor Mockumentary (2016),Comedy|Fantasy|Sci-Fi,6016776,413279.0
3627,-0.3324596893575291,0.27143860713367884,3.5104879160966713,Carnival of Souls (1962),Horror|Thriller,55830,16093.0
5784,0.0682986494863691,0.8890931204518292,4.81211244850048,Ghost Ship (2002),Horror,288477,9645.0
47810,-0.6509375525515493,0.24140424746283304,2.0388314025418963,"Wicker Man, The (2006)",Horror|Mystery|Thriller,450345,9708.0
95873,-0.04742693389446673,0.24140424746283304,4.538831402541897,Ruby Sparks (2012),Comedy|Fantasy|Romance,1839492,103332.0
173941,-0.16812905762588326,0.24140424746283304,4.038831402541896,Atomic Blonde (2017),Thriller,2406566,341013.0
5241,0.1443199186217099,0.15804599783844867,5.648445482411327,Seems Like Old Times (1980),Comedy|Romance,81480,28124.0
1920,-2.7168600340436213,2.823655525324389,3.7731158314938633,Small Soldiers (1998),Animation|Children|Fantasy|War,122718,11551.0
3255,0.4909044224004139,10.390697814636674,4.782538723462552,"League of Their Own, A (1992)",Comedy|Drama,104694,11287.0
8636,2.2551889856487195,14.396615795083882,4.891941278184524,Spider-Man 2 (2004),Action|Adventure|Sci-Fi|IMAX,316654,558.0
1173,-0.778941684824107,1.687754179433761,4.273768562376065,"Cook the Thief His Wife & Her Lover, The (1989)",Comedy|Drama,97108,7452.0
1593,0.1367778088908817,0.2251868844269083,5.3426909882018245,Picture Perfect (1997),Comedy|Romance,119896,9413.0
50189,-1.066865503877036,0.5656655542269984,2.8492582862184603,American Pie Presents The Naked Mile (American Pie 5: The Naked Mile) (2006),Comedy|Romance,808146,8275.0
44204,-0.04020613713686001,0.25131967264286553,4.5753140543513595,Tsotsi (2005),Crime|Drama,468565,868.0
89759,-0.027532871561890965,0.03688045141315024,3.9887503388452155,"Separation, A (Jodaeiye Nader az Simin) (2011)",Drama,1832382,60243.0
828,-0.2979095859372034,0.6578055899661648,4.282410179776408,"Adventures of Pinocchio, The (1996)",Adventure|Children,115472,18975.0
3004,-0.17482648818616284,1.0573774815591392,4.56995440573228,"Bachelor, The (1999)",Comedy|Romance,120596,2020.0
2533,-0.1192448614887852,1.5978458717289918,4.660665604597954,Escape from the Planet of the Apes (1971),Action|Sci-Fi,67065,1687.0
33646,0.3730171064340893,1.9239456026420658,4.92917543420915,"Longest Yard, The (2005)",Comedy|Drama,398165,9291.0
1631,-0.17483451427023006,0.2711201887958639,4.0904343045629465,"Assignment, The (1997)",Action|Thriller,118647,18355.0
6979,-0.048625025367889936,0.5007065900574872,4.6381813048072935,WarGames (1983),Drama|Sci-Fi|Thriller,86567,860.0
56379,-0.20653611156251794,0.28148783187536247,4.0015639589169005,"Maxed Out: Hard Times, Easy Credit and the Era of Predatory Lenders (2006)",Documentary,762117,33003.0
3307,1.7598726730861862,2.071775650967301,5.584745491527484,City Lights (1931),Comedy|Drama|Romance,21749,901.0
95633,-1.0259784409253285,0.9989790082693987,3.7082670906200317,Spirit Camp (2009),Horror,1078933,40770.0
128852,-1.0259784409253285,0.9989790082693987,3.7082670906200317,Chris Rock: Bigger & Blacker (1999),Comedy,206636,17870.0
6731,-0.3293552542690983,0.40387871678611575,3.9198135276076567,Day of the Dead (1985),Horror|Sci-Fi|Thriller,88993,8408.0
93270,-0.5802505899527263,0.4654097248571457,3.4885419357264293,Project X (2012),Comedy,1636826,57214.0
4553,-0.32705527179720684,0.5493093294521866,4.139900494670782,They Live (1988),Action|Sci-Fi|Thriller,96256,8337.0
6987,-0.6132937409061189,0.8047178266419387,3.9731713951203647,"Cabinet of Dr. Caligari, The (Cabinet des Dr. Caligari., Das) (1920)",Crime|Fantasy|Horror,10323,234.0
4535,-0.5391628507593262,0.4343418366505496,3.493961127675129,"Man from Snowy River, The (1982)",Drama|Romance|Western,84296,24266.0
2314,0.22817130813319925,0.09956151937514536,7.027056131377035,Beloved (1998),Drama,120603,39437.0
3877,-0.7121840068860348,1.0665490793566104,4.067548000126001,Supergirl (1984),Action|Adventure|Fantasy,88206,9651.0
6969,0.08423778122925098,0.08519701062213066,5.724035161659341,"Dernier Combat, Le (Last Battle, The) (1983)",Drama|Sci-Fi,85426,19184.0
193587,-0.03065356802963128,0.14936647694438507,4.530070237050044,Bungo Stray Dogs: Dead Apple (2018),Action|Animation,8391976,483455.0
1767,0.468085102605201,0.999999991929293,5.203379224030037,Music From Another Room (1998),Drama|Romance,119734,39424.0
2744,0.1885269212758015,0.3706084777216611,5.243989769820972,Otello (1986),Drama,91699,198469.0
87234,-0.05596690839810217,0.13674673184955016,4.326019924098672,Submarine (2010),Comedy|Drama|Romance,1440292,49020.0
2327,1.2405681358474516,1.1388513286551418,5.824609381749553,Tales from the Darkside: The Movie (1990),Fantasy|Horror|Thriller,100740,20701.0
5458,-0.129010298450652,0.1718807994813942,3.9847140712433466,Like Mike (2002),Children|Comedy|Fantasy,308506,21972.0
51937,0.12853426425119877,0.3107321390339718,5.14894384390581,"Hills Have Eyes II, The (2007)",Horror|Thriller,800069,9793.0
3767,-0.6815997430401207,0.3176182548177241,2.5893225536660163,Missing in Action 2: The Beginning (1985),Action|War,89604,12764.0
4815,0.22769728670910658,0.40281526543985474,5.300558908345773,Hearts in Atlantis (2001),Drama,252501,11313.0
2389,-2.6099101413950376,1.8947087434909107,3.3578211153393784,Psycho (1998),Crime|Horror|Thriller,155975,11252.0
1203,-1.4337906794637916,10.091700350955856,4.593217893660881,12 Angry Men (1957),Drama,50083,389.0
3079,-0.032538990010930496,0.09325396728789222,4.386365370085289,Mansfield Park (1999),Comedy|Drama|Romance,178737,10399.0
77841,-0.1385716188005937,0.1083800370507437,3.4567226890756304,St Trinian's 2: The Legend of Fritton's Gold (2009),Adventure|Comedy,1210106,37565.0
1562,-0.24165775200825867,7.446852942145351,4.702843127425323,Batman & Robin (1997),Action|Adventure|Fantasy|Thriller,118688,415.0
3802,0.1367778088908817,0.2251868844269083,5.3426909882018245,Freejack (1992),Action|Sci-Fi,104299,9278.0
4005,-1.393630605688027,2.2416919658135788,4.113607183428942,"Living Daylights, The (1987)",Action|Adventure|Thriller,93428,708.0
1284,0.7297014691782461,2.8199042250531314,4.994062292358559,"Big Sleep, The (1946)",Crime|Film-Noir|Mystery,38355,910.0
6796,-0.09423708865537103,3.0285663640333014,4.704178045774072,Boyz N the Hood (1991),Crime|Drama,101507,650.0
2352,1.1554651049945828,5.665461699643747,4.939243092373556,"Big Chill, The (1983)",Comedy|Drama,85244,12560.0
8873,0.9945015931553304,2.943568367986087,5.073149899755406,"Motorcycle Diaries, The (Diarios de motocicleta) (2004)",Adventure|Drama,318462,1653.0
3077,0.21569563625052576,0.28148783187536247,5.5015639589169005,42 Up (1998),Documentary,164312,20565.0
62293,-0.212057797368378,0.37152807973110735,4.164522192354482,"Duchess, The (2008)",Drama|Romance,864761,12783.0
67408,-0.6862123194565135,0.6057983511510117,3.6025536303995844,Monsters vs. Aliens (2009),Animation|Sci-Fi|IMAX,892782,15512.0
7067,0.9719795756134688,0.9989790082693987,5.708267090620032,Juliet of the Spirits (Giulietta degli spiriti) (1965),Comedy|Drama|Fantasy|Romance,59229,19120.0
76301,-1.0259784409253285,0.9989790082693987,3.7082670906200317,"Emperor's New Groove 2: Kronk's New Groove, The (2005)",Animation|Children|Comedy|Romance,401398,13417.0
3979,-1.2496352423206587,2.054475602531079,4.127043895166379,Little Nicky (2000),Comedy,185431,9678.0
4649,0.2457692690800128,1.1559765438798757,4.9479016055595055,Wet Hot American Summer (2001),Comedy,243655,2171.0
127116,0.25989489985609493,0.22400547739431265,5.895510835913313,Experimenter (2015),Drama,3726704,309299.0
2132,0.8642125633391713,1.5858477732946095,5.280247156578257,Who's Afraid of Virginia Woolf? (1966),Drama,61184,396.0
110718,-0.05516314416397236,0.3121072630330013,4.558549931600547,Fading Gigolo (2013),Comedy,2258345,214030.0
1844,0.18631513393600235,0.3258075624982365,5.307150499700839,Live Flesh (Carne trémula) (1997),Drama|Romance,118819,267.0
91470,0.18759207479387496,0.29298545304032525,5.375571895424837,Violet & Daisy (2011),Action|Drama,1634136,91550.0
990,-0.13373812546637287,0.25212564753486255,4.204851749827735,Maximum Risk (1996),Action|Adventure|Thriller,117011,10861.0
3521,-1.5803963604029276,1.0851970077931097,3.2789720405922473,Mystery Train (1989),Comedy|Drama,97940,11305.0
179511,-0.03388870313592021,0.4251491847960904,4.655583972719523,Emerald Green (2016),Adventure|Drama|Fantasy|Romance,4960934,337556.0
809,-2.103110411571397,1.8961543205975295,3.6261489448487554,Fled (1996),Action|Adventure,116320,18550.0
6625,0.11597090816870609,0.2214585704012579,5.258962756700313,Camp Nowhere (1994),Adventure|Children|Comedy,109369,17745.0
45361,0.1716041629611537,0.1388513395525776,5.971178218687178,"American Haunting, An (2005)",Drama|Horror|Mystery|Thriller,429573,10008.0
3384,0.1443199186217099,0.15804599783844867,5.648445482411327,"Taking of Pelham One Two Three, The (1974)",Action|Crime,72251,8333.0
1995,-0.3639814882223966,0.3176182548177241,3.5893225536660163,Poltergeist II: The Other Side (1986),Horror|Thriller,91778,11133.0
2450,-1.975676083334455,2.4021165831529006,3.9128210964828325,Howard the Duck (1986),Adventure|Comedy|Sci-Fi,91225,10658.0
32,-1.8910379783516449,30.019188267667587,4.672299810089836,Twelve Monkeys (a.k.a. 12 Monkeys) (1995),Mystery|Sci-Fi|Thriller,114746,63.0
60,-3.1655756111686806,7.0545026298061355,4.286562892033259,"Indian in the Cupboard, The (1995)",Adventure|Children|Fantasy,113419,11359.0
371,-0.5381413169261399,5.681280334091681,4.640572279385195,"Paper, The (1994)",Comedy|Drama,110771,12280.0
33493,-3.5983495724796355,11.934988295590564,4.433798256623964,Star Wars: Episode III - Revenge of the Sith (2005),Action|Adventure|Sci-Fi,121766,1895.0
113275,0.13237847382626552,0.1083800370507437,5.95672268907563,The Hundred-Foot Journey (2014),Comedy|Drama,2980648,228194.0
3081,0.41900778063635175,5.201119379589613,4.815855194995261,Sleepy Hollow (1999),Fantasy|Horror|Mystery|Romance,162661,2668.0
63433,0.30347312264205506,0.8709355795028533,5.083739088531454,Farscape: The Peacekeeper Wars (2004),Action|Adventure|Sci-Fi,387736,13905.0
1014,3.180803364051227,1.6993471880987168,6.6070736964922805,Pollyanna (1960),Children|Comedy|Drama,54195,31102.0
4241,1.7951601037374507,0.7425233948249448,7.152941987396231,Pokémon 3: The Movie (2001),Animation|Children,266860,10991.0
90866,-0.08321223644793375,1.9824232893902207,4.693319108125491,Hugo (2011),Children|Drama|Mystery,970179,44826.0
3553,-0.599166132266812,0.5744732849156877,3.692310661323675,Gossip (2000),Drama|Thriller,176783,18041.0
6753,0.14470373128419242,0.9868969030756277,4.881919090157591,Secondhand Lions (2003),Children|Comedy|Drama,327137,13156.0
6586,-0.3099291196926365,3.3618330112165067,4.6431036017414264,American Wedding (American Pie 3) (2003),Comedy,328828,8273.0
127134,-0.026999432655929863,0.9989790082693987,4.708267090620032,A Walk in the Woods (2015),Adventure|Comedy|Drama,1178665,232572.0
3746,0.7723357413917556,0.7908517518995818,5.711881372510753,Butterfly (La lengua de las mariposas) (1999),Drama,188030,31023.0
142020,0.016823745512226183,0.019038784106312392,5.6189506273423495,Oscar (1967),Comedy,62083,2798.0
3684,0.44490846814085955,0.5888962933658307,5.490789564218797,"Fabulous Baker Boys, The (1989)",Drama|Romance,97322,10875.0
6808,-0.11297658506078959,0.21106677966753276,4.200029471838052,Where Eagles Dare (1968),Action|Adventure|War,65207,11046.0
4205,-0.09925917536953771,0.5353026628173843,4.549867848987903,Mermaids (1990),Comedy|Drama|Romance,100140,4587.0
1931,-0.3418755534117177,0.40041017618462094,3.881480768872212,Mutiny on the Bounty (1935),Adventure|Drama,26752,12311.0
1937,0.03633664390100933,0.1525641281597172,4.973467037712312,Going My Way (1944),Comedy|Drama|Musical,36872,17661.0
2152,-0.30860480951995084,0.6090337225300189,4.228581930614197,Air Bud: Golden Receiver (1998),Children|Comedy,140796,21661.0
55292,-0.11572497081882291,0.053434879398634456,2.569574420677362,"Comebacks, The (2007)",Comedy,790804,10759.0
33639,-0.04306989870995492,0.1718807994813942,4.484714071243347,Mad Hot Ballroom (2005),Children|Documentary,438205,14358.0
96411,0.07327518983694979,0.24140424746283304,5.038831402541897,6 Days to Air: The Making of South Park (2011),Documentary,2076781,76360.0
8341,0.4236326941002565,0.7066553876055343,5.334783913565426,Oliver Twist (1948),Adventure|Crime|Drama,40662,10949.0
2098,-0.6024188846993157,1.2277168301576455,4.244611844747076,Son of Flubber (1963),Children|Comedy,57518,19762.0
3525,1.492640331685,1.2277168301576455,5.9510796269923505,Bachelor Party (1984),Comedy,86927,12309.0
3738,-0.06668789425210901,0.46857020435034524,4.592972020268782,"Sugarland Express, The (1974)",Drama,72226,5121.0
1282,4.433112501876964,9.825201528637393,5.186492242077975,Fantasia (1940),Animation|Children|Fantasy|Musical,32455,756.0
382,-0.20902601060287598,2.1592238791316105,4.638488032542562,Wolf (1994),Drama|Horror|Romance|Thriller,111742,10395.0
469,1.1001241820050491,1.5206528233242889,5.458749310792379,"House of the Spirits, The (1993)",Drama|Romance,107151,2259.0
32029,-0.0943828248918624,0.6895701284973539,4.598422143367181,Hostage (2005),Action|Crime|Drama|Thriller,340163,2026.0
3896,-0.12577882886796266,0.2552963394557925,4.242616356829643,"Way of the Gun, The (2000)",Crime|Thriller,202677,1619.0
34150,-1.736031107202487,4.630547810492583,4.360385752967456,Fantastic Four (2005),Action|Adventure|Sci-Fi,120667,9738.0
79695,-0.1092642831012819,1.576945053854072,4.666005537912312,"Expendables, The (2010)",Action|Adventure|Thriller,1320253,27578.0
1919,-1.205507507760465,2.830160378222988,4.309343872199349,Madeline (1998),Children|Comedy,123987,35680.0
2088,-1.4167339837129302,2.3568421155949886,4.134178763190966,Popeye (1980),Adventure|Comedy|Musical,81353,11335.0
2491,0.04284359222527212,0.5066747163022708,4.8198524957282585,Simply Irresistible (1999),Comedy|Romance,145893,16172.0
6817,0.0033515975670849935,0.16612266202073486,4.7554695562435505,"White Hunter, Black Heart (1990)",Adventure|Drama,100928,28761.0
786,2.1557703717900516,8.878958539864215,4.9780895268283505,Eraser (1996),Action|Drama|Thriller,116213,9268.0
1027,-0.02880221315391962,2.2259143336917773,4.722354620058152,Robin Hood: Prince of Thieves (1991),Adventure|Drama,102798,8367.0
2195,-0.08905806817851938,2.835626530669494,4.703887277848063,Dirty Work (1998),Comedy,120654,14577.0
3268,-2.7413589678425243,1.898771807465714,3.291540341093251,Stop! Or My Mom Will Shoot (1992),Action|Comedy,105477,9876.0
45666,-0.42413385347741406,1.2375084743679978,4.392562037615024,Nacho Libre (2006),Comedy,457510,9353.0
8376,-0.3641482551554688,5.568273751428974,4.669897143394128,Napoleon Dynamite (2004),Comedy,374900,8193.0
7010,0.07495172031284451,0.28148783187536247,5.0015639589169005,"Lover, The (Amant, L') (1992)",Drama|Romance,101316,10995.0
45720,2.087306316327914,3.3303694129891412,5.362043302943735,"Devil Wears Prada, The (2006)",Comedy|Drama,458352,350.0
52287,-0.3447857921261006,1.873611902296582,4.551272126911689,Meet the Robinsons (2007),Action|Adventure|Animation|Children|Comedy|Sci-Fi,396555,1267.0
6783,0.4724900714787695,0.9989790082693987,5.208267090620032,"Rules of the Game, The (La règle du jeu) (1939)",Comedy|Drama,31885,776.0
8814,0.7996087843360188,1.5337166246976832,5.25664778328502,Without a Paddle (2004),Comedy,364751,10762.0
60289,-0.8250590720107571,1.1555310819522753,4.021285567901416,Kit Kittredge: An American Girl (2008),Children|Comedy|Drama|Mystery,846308,8359.0
118530,-1.0259784409253285,0.9989790082693987,3.7082670906200317,Fans (1999),Comedy,200215,42441.0
135777,-1.0259784409253285,0.9989790082693987,3.7082670906200317,Golmaal (2006),Children|Comedy,495034,19670.0
57522,-0.06374202469581315,0.15655207368287652,4.328132313933531,First Sunday (2008),Comedy|Crime,486578,14423.0
173351,0.016823745512226183,0.019038784106312392,5.6189506273423495,Wow! A Talking Fish! (1983),Animation|Children|Comedy|Fantasy,1352408,165095.0
171251,0.14789216115893858,0.22400547739431265,5.395510835913313,"Nobody Speak: Hulk Hogan, Gawker and Trials of a Free Press (2017)",Documentary,6333064,430830.0
5508,-0.8152304286536945,1.032822108749921,3.9459709401635608,24 Hour Party People (2002),Comedy|Drama|Musical,274309,2750.0
71970,-0.05622535388779642,0.09004024785574485,4.110847214992192,"Princess and the Pirate, The (1944)",Adventure|Comedy|Romance,37193,30506.0
38304,-0.006991104205261785,0.034587568173400446,4.533166458072591,No Direction Home: Bob Dylan (2005),Documentary,367555,19082.0
457,0.34365629227726546,33.496305003829846,4.745553646040951,"Fugitive, The (1993)",Thriller,106977,5503.0
265,0.8009709413139721,7.5364296284905965,4.841574011548807,Like Water for Chocolate (Como agua para chocolate) (1992),Drama|Fantasy|Romance,103994,18183.0
1895,1.578736697014125,1.7603627916439462,5.632118740678198,Can't Hardly Wait (1998),Comedy|Drama|Romance,127723,15037.0
3788,-0.016490338247110214,0.029682608844798394,4.1797385620915035,Blow-Up (Blowup) (1966),Drama|Mystery,60176,1052.0
640,-1.8871833746242297,2.343399123409811,3.929975315667546,Diabolique (1996),Drama|Thriller,116095,10988.0
662,-0.24610841550375334,0.4985680159237328,4.2416635443986515,Fear (1996),Thriller,116287,10543.0
835,0.25245960041997945,0.4985680159237328,5.2416635443986515,Foxfire (1996),Drama,116353,18555.0
5502,2.0572254642482157,9.408122480612025,4.95395894354486,Signs (2002),Horror|Sci-Fi|Thriller,286106,2675.0
48783,-0.3303858396674709,0.9970993661825538,4.403947161794133,Flags of Our Fathers (2006),Drama|War,418689,3683.0
2421,-1.436965772409852,3.7906110665873136,4.356208596297713,"Karate Kid, Part II, The (1986)",Action|Adventure|Drama,91326,8856.0
1906,0.1367778088908817,0.2251868844269083,5.3426909882018245,Mr. Jealousy (1997),Comedy|Romance,119717,53765.0
2806,0.041654759836344035,0.6062362356774161,4.804004559855777,Teaching Mrs. Tingle (1999),Comedy|Thriller,133046,10342.0
3082,0.420030390960219,5.0925824448944494,4.817772976949832,"World Is Not Enough, The (1999)",Action|Adventure|Thriller,143145,36643.0
3396,2.799360600598657,8.100342144431558,5.080879594246097,"Muppet Movie, The (1979)",Adventure|Children|Comedy|Musical,79588,11176.0
1237,0.3527807440130154,1.8233862357168906,4.92876971656443,"Seventh Seal, The (Sjunde inseglet, Det) (1957)",Drama,50976,490.0
2530,-1.4148440388681434,2.0272798822369986,4.037391449512782,Beneath the Planet of the Apes (1970),Action|Sci-Fi,65462,1685.0
203,0.39190506228146615,4.539895273887872,4.821618809878527,"To Wong Foo, Thanks for Everything! Julie Newmar (1995)",Comedy,114682,9090.0
27193,-0.48241440384500944,0.5566379140933126,3.8686366521188678,Taxi 2 (2000),Action|Comedy,183869,2332.0
782,-0.2245199548951368,0.43094481144055213,4.214299435881157,"Fan, The (1996)",Drama|Thriller,116277,9566.0
167370,0.18809628603253098,0.4253140665494055,5.177546798256863,Assassin's Creed (2016),Action|Adventure|Sci-Fi,2094766,121856.0
172013,-0.040341508702861045,0.1839098190865725,4.515939278937381,Stefan Zweig: Farewell to Europe (2016),Drama,3397160,391663.0
2634,0.38376413949832877,0.8065718327021687,5.211090722411505,"Mummy, The (1959)",Horror,53085,18990.0
34072,0.1336831485132145,1.9615342573574952,4.803446457078187,"March of the Penguins (Marche de l'empereur, La) (2005)",Documentary,428803,1667.0
1515,-1.4413408573685276,1.7277942590810378,3.9010855017814556,Volcano (1997),Action|Drama|Thriller,120461,10357.0
6383,-0.40326726859947615,1.9629749140786787,4.529857325914675,"2 Fast 2 Furious (Fast and the Furious 2, The) (2003)",Action|Crime|Thriller,322259,584.0
173535,0.0073043534590699856,0.019038784106312392,5.1189506273423495,The Adventures of Sherlock Holmes and Doctor Watson: The Hunt for the Tiger (1980),(no genres listed),459945,406403.0
4339,-0.10001507240629424,0.5137050788826937,4.540600554126475,Von Ryan's Express (1965),Action|Adventure|Drama|War,59885,21876.0
45732,-3.555389402575907,1.2619210440990438,1.9178520762439861,My Super Ex-Girlfriend (2006),Comedy|Fantasy|Romance,465624,4474.0
30818,1.0545272067553013,0.4958075361306885,6.8621823351697175,Beyond the Sea (2004),Drama|Musical,363473,6478.0
5279,0.04752270667927354,0.06357135844309382,5.482843137254902,Impromptu (1991),Comedy|Romance,102103,17990.0
82053,-0.16812905762588326,0.24140424746283304,4.038831402541896,Casino Jack (2010),Comedy|Crime,1194417,45324.0
87298,-0.04742693389446673,0.24140424746283304,4.538831402541897,Everything Must Go (2010),Comedy|Drama,1531663,45658.0
6983,0.7777777739999999,0.9999999951428572,5.5130718954248366,Jane Eyre (1944),Drama|Romance,36969,22744.0
2460,-0.04636323340467251,0.3176182548177241,4.589322553666016,"Texas Chainsaw Massacre 2, The (1986)",Horror,92076,16337.0
151,4.446701521279566,8.796167118552324,5.240821293443988,Rob Roy (1995),Action|Drama|Romance|War,114287,11780.0
608,5.75804891607509,31.255502372653375,4.91951924535171,Fargo (1996),Comedy|Crime|Drama|Thriller,116282,275.0
899,5.802248710164645,7.2670743470283705,5.533723916640003,Singin' in the Rain (1952),Comedy|Musical|Romance,45152,872.0
141,-3.1592508301820788,17.43598691267758,4.554102720452042,"Birdcage, The (1996)",Comedy,115685,11000.0
4306,2.479470271590049,29.80586904497633,4.818481434475452,Shrek (2001),Adventure|Animation|Children|Comedy|Fantasy|Romance,126029,808.0
5464,-1.2950113648620591,9.553003129057785,4.599733462283829,Road to Perdition (2002),Crime|Drama,257044,4147.0
4558,-2.0535080991011228,2.2020455809004216,3.802748435163303,Twins (1988),Comedy,96320,9493.0
414,-0.36789962246693325,0.7232462130421882,4.22661586142856,"Air Up There, The (1994)",Comedy,109067,46094.0
724,-1.1355749294233137,2.2631799855509613,4.233533348873354,"Craft, The (1996)",Drama|Fantasy|Horror|Thriller,115963,9100.0
103801,-1.1113576670307923,0.5830643242955188,2.829230548462684,Drinking Buddies (2013),Comedy|Drama|Romance,2265398,172533.0
112138,1.0428311070643748,3.029700338147739,5.079496840911079,22 Jump Street (2014),Action|Comedy|Crime,2294449,187017.0
112175,1.2164831255632622,2.041786463271961,5.331087628597195,How to Train Your Dragon 2 (2014),Action|Adventure|Animation,1646971,82702.0
2160,-0.5627900166398471,2.6164036299410602,4.520193507710768,Rosemary's Baby (1968),Drama|Horror|Thriller,63522,805.0
71464,0.8831141926175428,0.9653140228889106,5.650140656366794,"Serious Man, A (2009)",Comedy|Drama,1019452,12573.0
71135,-0.11691398482273557,0.30895277651196873,4.356873874454306,Pandorum (2009),Horror|Sci-Fi|Thriller,1188729,19898.0
433,0.5043141306825435,2.713587712622282,4.921141852856325,Clean Slate (1994),Comedy,109443,18658.0
4516,0.14997632565230107,0.34549520045556265,5.169385026737968,Johnny Be Good (1988),Comedy,95409,20443.0
175781,-0.040341508702861045,0.1839098190865725,4.515939278937381,Der Herr Karl (1961),Comedy,273646,28469.0
151739,1.2416742167411547,1.534631931930312,5.5443964117582825,Dirty Grandpa (2016),Comedy,1860213,291870.0
53280,-1.525467945060028,0.9989790082693987,3.2082670906200317,"Breed, The (2006)",Horror|Thriller,455362,10063.0
70728,0.014534012145625108,0.15655207368287652,4.828132313933531,Bronson (2009),Action|Comedy|Drama|Thriller,1172570,18533.0
96373,0.0073043534590699856,0.019038784106312392,5.1189506273423495,Broken (2012),Drama,1441940,109584.0
99437,0.18759207479387496,0.29298545304032525,5.375571895424837,John Dies at the End (2012),Comedy|Fantasy|Horror,1783732,75761.0
26865,0.2917129647943722,0.11672358183282547,7.234471749226007,Fist of Legend (Jing wu ying xiong) (1994),Action|Drama,110200,17809.0
6791,-0.11611543080381806,0.37725666497893556,4.427505172923441,Babette's Feast (Babettes gæstebud) (1987),Drama,92603,11832.0
3992,0.08423778122925098,0.08519701062213066,5.724035161659341,Malèna (2000),Drama|Romance|War,213847,10867.0
5046,-0.0009592293928796817,0.08519701062213066,4.724035161659341,Impostor (2002),Action|Drama|Sci-Fi|Thriller,160399,4965.0
175475,-0.4787529988627865,0.14936647694438507,1.5300702370500439,The Emoji Movie (2017),Animation|Children|Comedy,4877122,378236.0
177285,-0.10533680650182381,0.14936647694438507,4.030070237050044,Sword Art Online The Movie: Ordinal Scale (2017),Action|Adventure|Animation|Fantasy|Sci-Fi,5544384,413594.0
2594,0.5591353989974626,0.3706084777216611,6.243989769820971,Open Your Eyes (Abre los ojos) (1997),Drama|Romance|Sci-Fi|Thriller,125659,1902.0
2432,0.26829062442760043,1.0669652975593698,4.986746179903725,Stepmom (1998),Drama,120686,9441.0
42728,-0.129010298450652,0.1718807994813942,3.9847140712433466,Tristan & Isolde (2006),Drama|Romance,375154,9044.0
341,-0.06668789425210901,0.46857020435034524,4.592972020268782,Double Happiness (1994),Drama,109655,60855.0
592,-5.237969944151807,40.28660311231988,4.605276455707474,Batman (1989),Action|Crime|Thriller,96895,268.0
943,1.0569439105204226,1.8146788079512892,5.317735432269384,"Ghost and Mrs. Muir, The (1947)",Drama|Fantasy|Romance,39420,22292.0
1023,0.029656648283292286,1.0381118856128642,4.763861990430621,Winnie the Pooh and the Blustery Day (1968),Animation|Children|Musical,63819,81310.0
801,-2.856717955650284,3.0131297219293476,3.7872041848242897,Harriet the Spy (1996),Children|Comedy,116493,38223.0
1909,0.07774709544834875,5.860114967398715,4.74856127978993,"X-Files: Fight the Future, The (1998)",Action|Crime|Mystery|Sci-Fi|Thriller,120902,846.0
84152,1.0266346874755403,4.5809968398695675,4.959401385860056,Limitless (2011),Sci-Fi|Thriller,1219289,51876.0
1547,-0.4784631961127867,1.3176182534772223,4.372166789340767,Shiloh (1997),Children|Drama,120118,33660.0
3565,-0.8413978007455551,2.1492601981977986,4.343811596614433,Where the Heart Is (2000),Comedy|Drama,198021,10564.0
109864,-0.6015685325722232,0.34166007683268573,2.974571770017262,Veronica Mars (2014),Comedy|Crime|Drama,2771372,177494.0
334,0.4861655710066918,1.7841762712369553,5.007781527576369,Vanya on 42nd Street (1994),Drama,111590,32636.0
5747,-0.5903980143311333,0.8129439426083317,4.009047222397627,Gallipoli (1981),Drama|War,82432,11646.0
37739,-0.012235682106277027,0.4547270433349545,4.708386366534345,"Greatest Game Ever Played, The (2005)",Drama,388980,15487.0
953,0.32916055665660593,8.44559403024801,4.7742683514875335,It's a Wonderful Life (1946),Children|Drama|Fantasy|Romance,38650,1585.0
63876,-0.02056152881487283,2.6717864243516085,4.727598319574478,Milk (2008),Drama,1013753,10139.0
8157,-0.3330239166042466,0.44893719632011064,3.993488984693035,Jin Roh: The Wolf Brigade (Jin-Rô) (1998),Animation|Fantasy|Thriller,193253,823.0
3494,0.04973022264351323,0.7109793544782761,4.8052402030435974,True Grit (1969),Adventure|Drama|Western,65126,17529.0
6296,0.8339607143092811,1.318820225185906,5.367647715493742,"Mighty Wind, A (2003)",Comedy|Musical,310281,13370.0
60030,0.034210805866163825,0.1428301144912339,4.974815075730891,Spiral (2007),Drama|Horror|Thriller,491162,18467.0
8978,0.8429692771628168,1.1708598077507928,5.455251598109344,Christmas with the Kranks (2004),Children|Comedy,388419,13673.0
125974,-0.026999432655929863,0.9989790082693987,4.708267090620032,Halloweentown High (2004),Adventure|Children|Comedy|Fantasy,414078,34560.0
5438,0.10485865794892166,0.26502737723353814,5.130946291560102,Men at Work (1990),Action|Comedy,100135,10169.0
5650,-0.5421881113722052,2.3060951900288296,4.500183219486161,Strange Brew (1983),Comedy,86373,12921.0
100083,0.03396600768435093,0.5169909304346378,4.8009935442420195,Movie 43 (2013),Comedy,1333125,87818.0
156609,-0.46824785125556995,0.4654097248571457,3.7291959932486156,Neighbors 2: Sorority Rising (2016),Comedy,4438848,325133.0
1043,-2.2180952154523315,1.9999999804933615,3.6262464991039973,To Gillian on Her 37th Birthday (1996),Drama|Romance,117924,30500.0
110730,-0.22329220178985562,0.5535115104958344,4.331883894813877,Transcendence (2014),Drama|Sci-Fi|IMAX,2209764,157353.0
8600,-0.05622535388779642,0.09004024785574485,4.110847214992192,Angels with Dirty Faces (1938),Crime|Drama|Film-Noir|Thriller,29870,13696.0
8609,0.033814893967948435,0.09004024785574485,5.110847214992192,Our Hospitality (1923),Comedy,14341,701.0
3915,0.04163927591818565,0.08519701062213066,5.224035161659342,Girlfight (2000),Drama,210075,19348.0
6341,0.04163927591818565,0.08519701062213066,5.224035161659342,"Shape of Things, The (2003)",Drama,308878,22958.0
193567,-0.10533680650182381,0.14936647694438507,4.030070237050044,anohana: The Flower We Saw That Day - The Movie (2013),Animation|Drama,2323836,255413.0
2670,-0.24004804022712412,0.3969814970498682,4.130610922054773,Run Silent Run Deep (1958),War,52151,18784.0
52283,-0.129010298450652,0.1718807994813942,3.9847140712433466,"Reaping, The (2007)",Horror|Thriller,444682,1683.0
1440,-1.4661542266345646,0.9100985753399214,3.124310135953695,Amos & Andrew (1993),Comedy,106266,31000.0
515,2.272385631127185,4.859261995167035,5.202934190025801,"Remains of the Day, The (1993)",Drama|Romance,107943,1245.0
145,2.1889082921297547,8.840763046099283,4.982886806277657,Bad Boys (1995),Action|Comedy|Crime|Drama|Thriller,112442,9737.0
4963,6.211059900055905,20.843988728222808,5.033272589092215,Ocean's Eleven (2001),Crime|Thriller,240772,161.0
376,-3.2416048455602726,7.1355289522917715,4.2810033611756495,"River Wild, The (1994)",Action|Thriller,110997,8987.0
27773,0.12713545617043898,5.269276863241001,4.759421803375123,Old Boy (2003),Mystery|Thriller,364569,670.0
37386,-1.210101012181483,3.51536303752212,4.391061957478916,Aeon Flux (2005),Action|Sci-Fi,402022,8202.0
2372,-0.8279918265672664,1.3568705440505404,4.125072434968667,Fletch Lives (1989),Comedy,97366,14628.0
2550,-0.2632435898062567,0.49630707322277223,4.204889446811152,"Haunting, The (1963)",Horror|Thriller,57129,11772.0
2710,-3.686436683046967,11.574077029135726,4.416786069552424,"Blair Witch Project, The (1999)",Drama|Horror|Thriller,185937,2667.0
3594,0.7966372344439632,1.1039105748911597,5.456944269900114,Center Stage (2000),Drama|Musical,210616,10560.0
4990,0.3660210098325672,1.1718807981408925,5.047630500676147,Jimmy Neutron: Boy Genius (2001),Adventure|Animation|Children|Comedy,268397,12589.0
66097,-0.06049854388537218,4.516126962270078,4.721898005360844,Coraline (2009),Animation|Fantasy|Thriller,327597,14836.0
272,0.8946070270249464,7.332575841897945,4.857298587333306,"Madness of King George, The (1994)",Comedy|Drama,110428,11318.0
27450,0.08641292857745242,0.16612266202073486,5.2554695562435505,Blueberry (2004),Adventure|Western,276830,10046.0
4975,-0.6516015244592896,6.496033067735221,4.6349865118105535,Vanilla Sky (2001),Mystery|Romance|Sci-Fi|Thriller,259711,1903.0
2978,-0.8128317403779619,1.6319800705611303,4.237229370999459,Three to Tango (1999),Comedy|Romance,144640,10563.0
3614,-0.08527332311800129,1.8985732904564783,4.6903796950400185,Honeymoon in Vegas (1992),Comedy|Romance,104438,12518.0
57532,-0.6208554868889505,0.7881873180936565,3.9475936908112423,Meet the Spartans (2008),Comedy,1073498,7278.0
142222,-0.01607940486917854,0.9905662413835952,4.719061578925853,Demolition (2016),Drama,1172049,303991.0
3041,1.1700484235653072,1.2600706631016796,5.663851902402731,Meatballs Part II (1984),Comedy,87700,40771.0
123947,-0.37768702416595207,0.3116474462666009,3.523389355742297,Cake (2014),Drama,3442006,284276.0
735,0.1730227380216984,1.3157348109895368,4.866796861647251,Cemetery Man (Dellamorte Dellamore) (1994),Horror,109592,21588.0
50912,0.006562975601676249,0.8632074612884107,4.7428971283901316,"Paris, I Love You (Paris, je t'aime) (2006)",Romance,401711,2266.0
178613,-0.0022150385940862107,0.019038784106312392,4.6189506273423495,Dave Chappelle: Killin' Them Softly (2000),Comedy,251654,16275.0
73929,-0.5049206976232827,0.6042610644097233,3.899693865765005,Legion (2010),Action|Fantasy|Horror|Thriller,1038686,22894.0
160289,0.25989489985609493,0.22400547739431265,5.895510835913313,O.J.: Made in America (2016),Documentary,5275892,377462.0
112868,0.10089048735252829,0.3121072630330013,5.058549931600547,"Signal, The (2014)",Sci-Fi|Thriller,2910814,242095.0
5248,1.0545272067553013,0.4958075361306885,6.8621823351697175,Smokey and the Bandit III (1983),Action|Comedy,86325,15120.0
2747,-0.5042352080861943,0.9403970637973176,4.199100176281381,"Little Shop of Horrors, The (1960)",Comedy|Horror,54033,24452.0
44397,-0.23510881459465355,0.3107321390339718,3.978665545766538,"Hills Have Eyes, The (2006)",Drama|Horror|Thriller,454841,9792.0
1707,-1.5064798236903982,1.1058388995340427,3.372998195225475,Home Alone 3 (1997),Children|Comedy,119303,9714.0
90888,0.04752270667927354,0.06357135844309382,5.482843137254902,Immortals (2011),Action|Drama|Fantasy,1253864,37958.0
2043,-0.04636323340467251,0.3176182548177241,4.589322553666016,Darby O'Gill and the Little People (1959),Adventure|Children|Fantasy,52722,18887.0
2660,-0.06668789425210901,0.46857020435034524,4.592972020268782,"Thing from Another World, The (1951)",Horror|Sci-Fi,44121,10785.0
80839,0.0073313047724128865,0.009146187212576635,5.536863624373517,Secretariat (2010),Adventure|Drama,1028576,39486.0
940,0.47677403196931795,1.0287924561668673,5.198724840832675,"Adventures of Robin Hood, The (1938)",Action|Adventure|Romance,29843,10907.0
1617,2.9959886198346277,18.54437854253807,4.896851897162952,L.A. Confidential (1997),Crime|Film-Noir|Mystery|Thriller,119488,2118.0
2093,-0.10769068260389358,0.19082653831218,4.170956035761831,Return to Oz (1985),Adventure|Children|Fantasy,89908,13155.0
3247,-1.562537084411936,7.229080287337787,4.519148076614865,Sister Act (1992),Comedy|Crime,105417,2005.0
1883,-0.4926408507088649,5.111024755861757,4.638906235717146,Bulworth (1998),Comedy|Drama|Romance,118798,9452.0
254,-0.24610841550375334,0.4985680159237328,4.2416635443986515,Jefferson in Paris (1995),Drama,113463,87729.0
378,-1.8312393143521333,2.764237870680832,4.072818817031523,Speechless (1994),Comedy|Romance,111256,15128.0
86880,0.1093606628310702,3.8779184239384845,4.763494984936062,Pirates of the Caribbean: On Stranger Tides (2011),Action|Adventure|Fantasy|IMAX,1298650,1865.0
639,-0.8638285220531938,0.9264109183055204,3.8028477215778014,Girl 6 (1996),Comedy|Drama,116414,61752.0
1726,-0.8378060032048348,1.6405124319777853,4.224596370483519,"Postman, The (1997)",Action|Adventure|Drama|Sci-Fi,119925,9922.0
2795,0.435414990644043,4.646756073827781,4.828997118993839,National Lampoon's Vacation (1983),Comedy,85995,11153.0
94015,0.2289373698520197,0.4838146326210145,5.208486440524471,Mirror Mirror (2012),Adventure|Comedy|Fantasy,1667353,62764.0
5889,0.016823745512226183,0.019038784106312392,5.6189506273423495,"Cruel Romance, A (Zhestokij Romans) (1984)",Drama|Romance,90368,66091.0
118166,-0.011734430647242406,0.019038784106312392,4.1189506273423495,Courier (1987),Comedy|Drama|Romance,91364,70966.0
5051,0.3173298770670533,0.321560942094614,5.722136222910216,Italian for Beginners (Italiensk for begyndere) (2000),Comedy|Drama|Romance,243862,112.0
85367,0.37189763855325125,0.22400547739431265,6.395510835913313,Just Go with It (2011),Comedy|Romance,1564367,50546.0
136471,0.035889422461782255,0.22400547739431265,4.895510835913313,Kevin Hart: Laugh at My Pain (2011),Comedy|Documentary,1999192,74510.0
4003,-0.6466666597526205,0.9999999893081762,4.088627450980392,She's Having a Baby (1988),Comedy,96094,12714.0
487,-1.0672569404594834,0.8005939596133297,3.4022126877360135,Lightning Jack (1994),Comedy|Western,110353,22317.0
128488,-0.3672704071969737,0.3121072630330013,3.558549931600547,Wild Card (2015),Action|Crime|Drama|Thriller,2231253,265208.0
6684,-0.11611543080381806,0.37725666497893556,4.427505172923441,Death in Venice (Morte a Venezia) (1971),Drama|Romance,67445,6619.0
31114,0.042870501030742185,0.1718807994813942,4.984714071243347,Imaginary Heroes (2004),Comedy|Drama,373024,25350.0
60538,-0.03667284636771273,0.1388513395525776,4.471178218687178,Shrooms (2007),Horror|Thriller,492486,14456.0
2253,0.6939657986167431,2.3452707126463412,5.031194200684249,Toys (1992),Comedy|Fantasy,105629,11597.0
2427,4.884110624516577,5.393411397585988,5.640863944325334,"Thin Red Line, The (1998)",Action|Drama|War,120863,8741.0
91658,0.8891222143268324,5.719485854397855,4.890749037365614,"Girl with the Dragon Tattoo, The (2011)",Drama|Thriller,1568346,65754.0
534,0.3505043500670753,2.642865620697051,4.8679169598083,Shadowlands (1993),Drama|Romance,108101,10445.0
45186,-0.745534057152255,2.986706231551807,4.485676646308106,Mission: Impossible III (2006),Action|Adventure|Thriller,317919,956.0
95170,0.25258165950949113,0.34166007683268573,5.474571770017262,Beauty and the Beast: The Enchanted Christmas (1997),Animation|Children|Fantasy|Musical,118692,13313.0
62799,0.0033515975670849935,0.16612266202073486,4.7554695562435505,"Express, The (2008)",Drama,469903,14325.0
64620,0.16609396318265404,1.7964954958582018,4.827748545484803,Frost/Nixon (2008),Drama,870111,11499.0
1446,0.9502148280477263,1.223435579465098,5.511971569240524,Kolya (Kolja) (1996),Comedy|Drama,116790,784.0
3019,-0.5009375293019737,0.892807637559871,4.174212975161446,Drugstore Cowboy (1989),Crime|Drama,97240,476.0
228,-1.50154408476843,1.826111574060083,3.913031060943479,Destiny Turns on the Radio (1995),Comedy,112854,62488.0
5528,0.45740823558182453,2.3893039567193335,4.926734069979401,One Hour Photo (2002),Drama|Thriller,265459,9357.0
52885,-0.029491648391300238,0.3863325170822439,4.658956643871788,Paprika (Papurika) (2006),Animation|Mystery|Sci-Fi,851578,4977.0
85397,-0.03720425137945312,0.1428301144912339,4.474815075730891,Red Riding Hood (2011),Fantasy|Horror|Mystery|Thriller,1486185,49730.0
49735,-0.026999432655929863,0.9989790082693987,4.708267090620032,Another Gay Movie (2006),Comedy,443431,12795.0
121342,-0.026999432655929863,0.9989790082693987,4.708267090620032,Carry on Cruising (1962),Comedy|Romance,55831,26190.0
126088,-1.525467945060028,0.9989790082693987,3.2082670906200317,A Flintstones Christmas Carol (1994),Animation|Children|Comedy,193164,48874.0
213,1.0529418984623902,1.4960713083207258,5.439098737524618,Burnt by the Sun (Utomlyonnye solntsem) (1994),Drama,111579,50797.0
69685,-0.05933139091302339,0.019038784106312392,1.6189506273423495,Daria: Is It College Yet? (2002),Animation|Comedy,285627,24232.0
127098,0.0073043534590699856,0.019038784106312392,5.1189506273423495,Louis C.K.: Live at The Comedy Store (2015),Comedy,4368814,321594.0
134252,0.0073043534590699856,0.019038784106312392,5.1189506273423495,That Munchhausen (1979),Comedy|Drama|Fantasy,80037,27937.0
56715,-1.6370357246463585,0.8401119398264518,2.7867017372262626,Wristcutters: A Love Story (2006),Drama|Fantasy|Romance,477139,13198.0
152270,-0.8991022780047716,0.7012606002738743,3.453171212619126,The Wait (2015),Drama,3715122,330348.0
7089,-0.11611543080381806,0.37725666497893556,4.427505172923441,Amarcord (1973),Comedy|Drama,71129,7857.0
2765,-0.0009592293928796817,0.08519701062213066,4.724035161659341,"Acid House, The (1998)",Comedy|Drama,122515,12229.0
3879,-0.2139517559482063,0.08519701062213066,2.2240351616593412,"Art of War, The (2000)",Action|Thriller,160009,11398.0
6062,-0.06198031161672995,0.3566356177558095,4.5615024139278635,Lost in La Mancha (2002),Documentary,308514,21189.0
109848,-0.3293865219184014,0.14936647694438507,2.530070237050044,Under the Skin (2013),Horror|Sci-Fi|Thriller,1441395,97370.0
159779,-0.03388870313592021,0.4251491847960904,4.655583972719523,A Midsummer Night's Dream (2016),(no genres listed),5051278,398854.0
1686,0.03633664390100933,0.1525641281597172,4.973467037712312,Red Corner (1997),Crime|Thriller,119994,9407.0
89840,-0.16812905762588326,0.24140424746283304,4.038831402541896,Killer Elite (2011),Action|Thriller,1448755,49021.0
60979,0.10217849318486488,0.1388513395525776,5.471178218687178,Batman: Gotham Knight (2008),Action|Animation|Crime,1117563,13851.0
3957,-0.3639814882223966,0.3176182548177241,3.5893225536660163,Billy Jack (1971),Action|Drama,66832,21142.0
4492,-0.04636323340467251,0.3176182548177241,4.589322553666016,Critters (1986),Comedy|Sci-Fi,90887,3980.0
7619,0.11244589400418954,0.3176182548177241,5.089322553666016,"Miracle Worker, The (1962)",Drama,56241,1162.0
1408,1.0950909697795224,6.196845958741457,4.912011592483553,"Last of the Mohicans, The (1992)",Action|Romance|War|Western,104691,9361.0
2390,-0.5898324372790741,1.1537559899778282,4.224066056945585,Little Voice (1998),Comedy,147004,8545.0
303,-0.6926817689307929,5.366264953379509,4.60621331844154,"Quick and the Dead, The (1995)",Action|Thriller|Western,114214,12106.0
426,-0.21706014612084482,0.5981295352988781,4.372395893581961,Body Snatchers (1993),Horror|Sci-Fi|Thriller,106452,4722.0
7149,-1.8586472375074454,3.300233972453111,4.17210761238062,Something's Gotta Give (2003),Comedy|Drama|Romance,337741,6964.0
1281,0.14461455437781773,1.0486739476618572,4.873196422458056,"Great Dictator, The (1940)",Comedy|Drama|War,32553,914.0
38038,3.495317385418106,5.073896201142728,5.4241764374373025,Wallace & Gromit in The Curse of the Were-Rabbit (2005),Adventure|Animation|Children|Comedy,312004,533.0
45722,2.449245682618243,8.826045798841324,5.012796154056136,Pirates of the Caribbean: Dead Man's Chest (2006),Action|Adventure|Fantasy,383574,58.0
77561,-1.1036775874025146,6.049241374845898,4.552845192399696,Iron Man 2 (2010),Action|Adventure|Sci-Fi|Thriller|IMAX,1228705,10138.0
1474,-1.0849551499988312,1.799993203860162,4.132538980754265,Jungle2Jungle (a.k.a. Jungle 2 Jungle) (1997),Children|Comedy,119432,9446.0
111113,-0.3753287806358888,1.4117027009967575,4.469424554338239,Neighbors (2014),Comedy,2004420,195589.0
6920,-0.6013663206275711,0.9269468126870842,4.0865337870685465,"Cercle Rouge, Le (Red Circle, The) (1970)",Crime|Thriller,65531,11657.0
1120,-0.4745481905399601,6.818735060625189,4.665699363441071,"People vs. Larry Flynt, The (1996)",Comedy|Drama,117318,1630.0
1105,-0.225264997029161,0.5035335227710654,4.287925696594427,Children of the Corn IV: The Gathering (1996),Horror,115885,25750.0
64278,-0.1322964182461473,0.1839098190865725,4.015939278937381,"Pervert's Guide to Cinema, The (2006)",Documentary,828154,34283.0
3230,-0.23329229497433426,0.38784377062868935,4.133783115946114,"Odessa File, The (1974)",Thriller,71935,21489.0
47978,-0.20653611156251794,0.28148783187536247,4.0015639589169005,SherryBaby (2006),Drama,423169,13075.0
49274,-1.8062108388762137,1.4523476396261554,3.491645014914916,Happy Feet (2006),Adventure|Animation|Children|Comedy|IMAX,366548,9836.0
6566,0.3024081500390733,0.13709504083381785,6.941122630478844,Spy Kids 3-D: Game Over (2003),Action|Adventure|Children,338459,12279.0
118270,-1.525467945060028,0.9989790082693987,3.2082670906200317,Hellbenders (2012),Comedy|Horror|Thriller,1865393,123107.0
4954,-0.3949889128726616,1.2307632825173604,4.414364074897681,Ocean's Eleven (a.k.a. Ocean's 11) (1960),Comedy|Crime,54135,299.0
134109,0.016823745512226183,0.019038784106312392,5.6189506273423495,Radio Day (2008),Comedy,1217565,25936.0
5881,-4.377848277749702,4.206727655479432,3.69461627104404,Solaris (2002),Drama|Romance|Sci-Fi,307479,2103.0
158813,-0.1881160549325304,0.22400547739431265,3.8955108359133126,Alice Through the Looking Glass (2016),Adventure|Children|Fantasy,2567026,241259.0
1554,3.2251602062185216,1.0328221086218459,7.857961786450198,"Pillow Book, The (1996)",Drama|Romance,114134,26422.0
718,0.12765055936517422,0.18475852999727602,5.426198940104005,"Visitors, The (Visiteurs, Les) (1993)",Comedy|Fantasy|Sci-Fi,108500,11687.0
65261,0.8006410724579088,1.2466830527161,5.377511135608106,Ponyo (Gake no ue no Ponyo) (2008),Adventure|Animation|Children|Fantasy,876563,12429.0
574,0.3866426670121383,0.4721727115330053,5.5541526784411035,Spanking the Monkey (1994),Comedy|Drama,111252,17600.0
179817,0.5258483201088432,0.8351708613493389,5.364923747276689,Darkest Hour (2017),Drama|War,4555426,399404.0
2816,0.03633664390100933,0.1525641281597172,4.973467037712312,Iron Eagle II (1988),Action|War,95382,11955.0
3432,-0.2687916124184251,0.1525641281597172,2.973467037712312,Death Wish 3 (1985),Action|Drama,89003,24873.0
6872,0.1716041629611537,0.1388513395525776,5.971178218687178,"House of the Dead, The (2003)",Action|Horror,317676,11059.0
3559,-0.06668789425210901,0.46857020435034524,4.592972020268782,Limelight (1952),Comedy|Drama|Romance,44837,28971.0
708,0.447834933313054,7.292036153915035,4.796708367914128,"Truth About Cats & Dogs, The (1996)",Comedy|Romance,117979,8866.0
170,1.084716728387758,8.68259655966072,4.860224110758491,Hackers (1995),Action|Adventure|Crime|Thriller,113243,10428.0
354,0.4820977226508901,1.3190060809925468,5.100794875830155,Cobb (1994),Drama,109450,29973.0
3977,2.2730403771637517,10.92602496445815,4.943333215540195,Charlie's Angels (2000),Action|Comedy,160127,4327.0
1544,-0.34971880518575643,6.346254121413609,4.680187782713869,"Lost World: Jurassic Park, The (1997)",Action|Adventure|Sci-Fi|Thriller,119567,330.0
7373,0.15262719684035989,4.3422103059464225,4.770443773257093,Hellboy (2004),Action|Adventure|Fantasy|Horror,167190,1487.0
103819,-0.6015685325722232,0.34166007683268573,2.974571770017262,Coffee Town (2013),Comedy,2234025,198062.0
1953,-0.8469562859789235,5.998669116305971,4.59410341858405,"French Connection, The (1971)",Action|Crime|Thriller,67116,1051.0
6708,-1.5038403812458698,4.643762846361821,4.411453208668672,Matchstick Men (2003),Comedy|Crime|Drama,325805,7270.0
26422,-0.040341508702861045,0.1839098190865725,4.515939278937381,Hair (1979),Comedy|Drama|Musical,79261,10654.0
4971,-0.12260734592139644,0.5467830706308234,4.51106013436015,Moscow on the Hudson (1984),Comedy|Drama,87747,23111.0
1268,0.8249659201726111,1.0477196997513984,5.522685936631047,Pump Up the Volume (1990),Comedy|Drama,100436,8428.0
114678,0.29161164102874404,0.6975807883432699,5.153326904532305,Hector and the Search for Happiness (2014),Adventure|Comedy|Drama,1626146,254375.0
4616,0.1421095874836088,0.9263780531154873,4.8886975656299665,Lean on Me (1989),Drama,97722,14621.0
138204,0.16305933507089906,0.553051693729434,5.030129730519572,7 Days in Hell (2015),Comedy,3895884,287689.0
4300,-0.4848496608724436,1.0841760188915293,4.28808844954147,Bread and Roses (2000),Drama,212826,37691.0
32243,-0.026999432655929863,0.9989790082693987,4.708267090620032,Stealing Rembrandt (Rembrandt) (2003),Action|Comedy|Crime,345853,11196.0
54780,0.0030787053053327415,0.4202432741779207,4.742620124973066,"Nanny Diaries, The (2007)",Comedy|Drama|Romance,489237,12435.0
5135,0.37624481177188485,1.3130985570309535,5.021826160316127,Monsoon Wedding (2001),Comedy|Romance,265343,480.0
162344,0.37189763855325125,0.22400547739431265,6.395510835913313,Tom Segura: Mostly Stories (2016),Comedy,4970632,376482.0
90403,-0.5665078889126588,0.5343897005031583,3.6751915588229283,"Three Musketeers, The (2011)",Action|Adventure,1509767,52451.0
3812,0.17886051358536575,0.9558942364952062,4.922407405662226,Everything You Always Wanted to Know About Sex * But Were Afraid to Ask (1972),Comedy,68555,11624.0
4634,-0.5619890757765255,0.41045798989960897,3.3661184904069157,Penn & Teller Get Killed (1989),Adventure|Comedy,98073,37146.0
1162,0.26114123417511753,0.37725666497893556,5.427505172923441,"Ruling Class, The (1972)",Comedy|Drama,69198,30892.0
2367,-1.5466940661304647,1.479842477692508,3.6901193173249345,King Kong (1976),Adventure|Fantasy|Romance|Sci-Fi|Thriller,74751,10730.0
147382,0.21340561613200687,0.4528164671455275,5.206579134018652,Doctor Who: Voyage Of The Damned (2007),Action|Sci-Fi,1061123,335209.0
2373,-0.25056731291161094,1.4371699429589064,4.560946390616439,Red Sonja (1985),Action|Adventure|Fantasy,89893,9626.0
91622,0.07327518983694979,0.24140424746283304,5.038831402541897,Young Adult (2011),Comedy|Drama,1625346,57157.0
304,-0.30359605087466374,1.4086665912636542,4.519773956412653,Roommates (1995),Comedy|Drama,114296,161495.0
536,-0.24610841550375334,0.4985680159237328,4.2416635443986515,"Simple Twist of Fate, A (1994)",Drama,111194,43535.0
783,-1.1719470990232925,13.030808458218871,4.645357479964067,"Hunchback of Notre Dame, The (1996)",Animation|Children|Drama|Musical|Romance,116583,10545.0
6044,-1.2608695643044279,0.9999999992759258,3.4744245524296677,Blind Date (1984),Horror|Thriller,86978,80965.0
611,-2.178537501232514,1.225186882184484,2.957167422927454,Hellraiser: Bloodline (1996),Action|Horror|Sci-Fi,116514,8766.0
2936,-1.071917431332173,2.6927360942176315,4.337216699799092,Sullivan's Travels (1941),Adventure|Comedy|Romance,34240,16305.0
3424,-1.1071627642698112,5.182882217795789,4.521674992661295,Do the Right Thing (1989),Drama,97216,925.0
4449,-1.5909090887764745,0.9999999986594983,3.144385026737968,Adanggaman (2000),Drama,262210,78248.0
2990,1.2156683889460418,3.081061254129952,5.129855695193276,Licence to Kill (1989),Action|Adventure|Thriller,97742,709.0
58025,-1.0826793913920676,2.866539236079695,4.357598470657503,Jumper (2008),Action|Adventure|Drama|Sci-Fi|Thriller,489099,8247.0
167036,0.40047382066842974,0.5656655542269984,5.443263372051618,Sing (2016),Animation|Children|Comedy,3470600,335797.0
2908,-0.46196543693990133,5.443004550322368,4.650420876651414,Boys Don't Cry (1999),Drama,171804,226.0
8493,-0.05240527469662991,0.4159624455584635,4.609308526264472,Memphis Belle (1990),Action|Drama|War,100133,12651.0
48738,0.27161977440526125,2.1834902409606944,4.859691181261025,"Last King of Scotland, The (2006)",Drama|Thriller,455590,1523.0
612,-0.6824938928706261,0.707675344448121,3.7708774564973515,"Pallbearer, The (1996)",Comedy,117283,23570.0
55280,0.01533762946885122,0.20876125089454445,4.808763831988822,Lars and the Real Girl (2007),Comedy|Drama,805564,6615.0
2146,0.3451934292027915,1.6186267563668642,4.9485572605210875,St. Elmo's Fire (1985),Drama|Romance,90060,11557.0
141646,-0.026999432655929863,0.9989790082693987,4.708267090620032,The Unauthorized Saved by the Bell Story (2014),Comedy|Drama,3816372,287241.0
163386,0.016823745512226183,0.019038784106312392,5.6189506273423495,Winnie the Pooh and the Day of Concern (1972),Animation,208558,36162.0
118930,0.25989489985609493,0.22400547739431265,5.895510835913313,Bill Burr: I'm Sorry You Feel That Way (2014),Comedy,3823690,308571.0
3342,0.6743642349215034,1.0827764193910547,5.358104351453925,Birdy (1984),Drama|War,86969,11296.0
5358,0.05826580112872126,0.11672358183282547,5.234471749226007,Mountains of the Moon (1990),Adventure,100196,33796.0
2977,-0.07051324999223683,0.09956151937514536,4.027056131377035,Crazy in Alabama (1999),Comedy|Drama,142201,31306.0
27772,0.1359933871528133,0.22889158740832247,5.329432979160623,Ju-on: The Grudge (2002),Horror,364385,11838.0
6041,0.04163927591818565,0.08519701062213066,5.224035161659342,Amen. (2002),Drama,280653,9045.0
2527,0.6528765187806909,2.420673355213525,5.005002757755216,Westworld (1973),Action|Sci-Fi|Thriller|Western,70909,2362.0
4785,-0.06102108222385027,0.27143860713367884,4.510487916096672,"Great Silence, The (Grande silenzio, Il) (1969)",Drama|Western,63032,9028.0
668,-0.5468992928378982,0.4344527092637509,3.476470588235294,Song of the Little Road (Pather Panchali) (1955),Drama,48473,5801.0
185029,-2.2725201520397715,1.1406481151324666,2.742988057705113,A Quiet Place (2018),Drama|Horror|Thriller,6644200,447332.0
6298,-0.14855756094250674,0.3933393698826521,4.357611199746349,Malibu's Most Wanted (2003),Comedy|Crime,328099,13411.0
4789,-0.04306989870995492,0.1718807994813942,4.484714071243347,Phantom of the Paradise (1974),Comedy|Fantasy|Horror|Musical|Thriller,71994,27327.0
3544,0.35404292404527826,0.9100985753399214,5.124310135953695,Shakes the Clown (1992),Comedy,102898,26291.0
105,-0.9818392619271096,5.1038445263379195,4.542921631208568,"Bridges of Madison County, The (1995)",Drama|Romance,112579,688.0
370,-2.1009859156306834,14.272565001554389,4.588089609179109,Naked Gun 33 1/3: The Final Insult (1994),Action|Comedy,110622,36593.0
64614,0.9709279841363413,5.414082660899831,4.914627911559798,Gran Torino (2008),Crime|Drama,1205489,13223.0
913,-2.0952373204306007,8.90461147202511,4.499996111999868,"Maltese Falcon, The (1941)",Film-Noir|Mystery,33870,963.0
2707,1.767770305591962,3.35521196142583,5.262167032358752,Arlington Road (1999),Thriller,137363,1073.0
37729,0.40667821310678476,4.476849131764266,4.82613439417577,Corpse Bride (2005),Animation|Comedy|Fantasy|Musical|Romance,121164,3933.0
60684,3.6342763089344654,5.785908069044759,5.363419602111328,Watchmen (2009),Action|Drama|Mystery|Sci-Fi|Thriller|IMAX,409459,13183.0
83349,-0.505892435829073,0.9376406939437094,4.1957564897511395,"Green Hornet, The (2011)",Action|Comedy|Crime|Fantasy|Thriller|IMAX,990407,40805.0
2518,-0.3652304215377481,2.028541217816258,4.555248270744859,Night Shift (1982),Comedy,84412,14742.0
3203,0.10861776039027493,2.088607178863022,4.7872989951029545,Dead Calm (1989),Thriller,97162,10493.0
2430,-1.5841053928491453,1.314501779296635,3.530194651218972,Mighty Joe Young (1949),Adventure|Children|Drama,41650,39314.0
81591,-1.550572809785662,6.319924618072707,4.489947392252332,Black Swan (2010),Drama|Thriller,947798,44214.0
115502,0.08175162109314828,0.34166007683268573,4.974571770017262,"Rewrite, The (2014)",Comedy|Romance,2509850,289727.0
2151,1.4433187091959365,1.8587014204571946,5.511814054260071,"Gods Must Be Crazy II, The (1989)",Comedy,97443,11937.0
85780,-1.5108367056266576,1.745876565001907,3.8699198203381266,Family Guy Presents: It's a Trap (2010),Animation|Comedy|Sci-Fi,1701991,110639.0
96935,-1.525467945060028,0.9989790082693987,3.2082670906200317,My Left Eye Sees Ghosts (Ngo joh aan gin diy gwai) (2002),Comedy|Fantasy|Romance,319901,45397.0
141830,1.4787734332072382,1.018017792375711,6.187894891702568,Unbelievable Adventures of Italians in Russia (1974),Adventure|Comedy,70439,57778.0
2103,-0.18058151194937652,0.6255859521103404,4.446634323832626,Tall Tale (1995),Adventure|Children|Fantasy|Western,111359,41841.0
2280,0.39048403738693904,0.6167938081691104,5.368380948635281,Clay Pigeons (1998),Crime,118863,26618.0
101962,-0.0022150385940862107,0.019038784106312392,4.6189506273423495,Wolf Children (Okami kodomo no ame to yuki) (2012),Animation|Fantasy,2140203,110420.0
82852,-0.7142731527559293,0.5095143088236369,3.333423472630164,Little Fockers (2010),Comedy,970866,39451.0
155064,-0.39837883128677554,0.29298545304032525,3.375571895424837,The Neon Demon (2016),Drama|Horror|Mystery,1974419,301365.0
159415,0.1902525376499354,0.4297321848898754,5.178017619259325,Swiss Army Man (2016),Comedy|Drama|Romance,4034354,347031.0
4350,-0.15510110987250406,0.3566356177558095,4.300393333343729,Forgotten Silver (1996),Comedy|Documentary,116344,32458.0
4407,0.08423778122925098,0.08519701062213066,5.724035161659341,Salvador (1986),Drama|Thriller|War,91886,6106.0
5804,-1.3202409489736435,1.5585620044456887,3.8882049770111724,"Santa Clause 2, The (2002)",Children|Comedy|Fantasy|Romance,304669,9021.0
5570,0.6074392781596343,0.8524148135829883,5.447904068201955,Thesis (Tesis) (1996),Drama|Horror|Thriller,117883,9299.0
34321,-0.6138839531378381,0.8766937169635126,4.0350678684342025,Bad News Bears (2005),Children|Comedy,408524,13341.0
298,-0.32981807489363607,0.15804599783844867,2.6484454824113266,Pushing Hands (Tui shou) (1992),Drama,105652,25296.0
133712,0.47979442493783947,1.018017792375711,5.206596710323913,Office Romance (1977),Comedy|Romance,76727,31139.0
1573,-1.9576589174735348,11.519832381288644,4.565355975087511,Face/Off (1997),Action|Crime|Drama|Thriller,119094,754.0
2916,1.2226562177795037,13.19141496291352,4.827979869798507,Total Recall (1990),Action|Adventure|Sci-Fi|Thriller,100802,861.0
58,1.2727010088819024,5.728764011046118,4.95745390751236,"Postman, The (Postino, Il) (1994)",Comedy|Drama|Romance,110877,11010.0
837,-2.02594676808084,5.423231761703905,4.361725947024692,Matilda (1996),Children|Comedy|Fantasy,117008,10830.0
5349,1.5322145231283895,20.556938481295884,4.8098292691007885,Spider-Man (2002),Action|Adventure|Sci-Fi|Thriller,145487,557.0
1370,-2.0505786975765563,8.691768250463575,4.499372192615614,Die Hard 2 (1990),Action|Adventure|Thriller,99423,1573.0
4378,-0.8225303655669685,2.684903974164221,4.428940380797676,Sexy Beast (2000),Crime|Drama,203119,11826.0
52281,0.32854017252272394,2.8364380946861014,4.851122548078248,Grindhouse (2007),Action|Crime|Horror|Sci-Fi|Thriller,462322,253768.0
8983,0.08905045579589516,1.4832437655599409,4.795331758029304,House of Flying Daggers (Shi mian mai fu) (2004),Action|Drama|Romance,385004,9550.0
40414,0.13216249833852428,0.33800346150212907,5.126303421963582,Joyeux Noël (Merry Christmas) (2005),Drama|War,424205,11661.0
61236,0.07467849793021002,0.18516144612704727,5.138609707864311,Waltz with Bashir (Vals im Bashir) (2008),Animation|Documentary|Drama|War,1185616,8885.0
3362,0.6436292569294582,6.629462801156568,4.832380303396102,Dog Day Afternoon (1975),Crime|Drama,72890,968.0
6662,0.3892372914441797,1.679717352453033,4.967021968095079,"Pink Panther, The (1963)",Comedy|Crime,57413,936.0
4541,0.14997632565230107,0.34549520045556265,5.169385026737968,"Serpent and the Rainbow, The (1988)",Horror,96071,11503.0
8623,0.3695410122617707,1.6740505263986325,4.956040747712497,Roxanne (1987),Comedy|Romance,93886,11584.0
4611,0.002700908440389304,0.13311620170490315,4.755583972719522,Johnny Handsome (1989),Crime|Drama,97626,505.0
726,-0.08988962679831601,0.1303844586728049,4.045874322425216,Last Dance (1996),Drama,116827,46063.0
131104,-1.0259784409253285,0.9989790082693987,3.7082670906200317,The Brain (1969),Comedy|Crime,64146,33436.0
157296,-1.5925848331867722,2.4475190988942503,4.084600591330441,Finding Dory (2016),Adventure|Animation|Comedy,2277860,127380.0
160567,1.6259706013578128,1.5159699387040366,5.807855360350732,Mike & Dave Need Wedding Dates (2016),Comedy,2823054,316023.0
163527,-0.5264889367906292,0.9989790082693987,4.208267090620032,Comedy Central Roast of David Hasselhoff (2010),Comedy,1694505,296193.0
4316,0.5023997237992288,0.26502737723353814,6.630946291560102,Ice Castles (1978),Drama,77716,50541.0
94953,0.25989489985609493,0.22400547739431265,5.895510835913313,Wanderlust (2012),Comedy,1655460,50647.0
63276,0.18759207479387496,0.29298545304032525,5.375571895424837,Crows Zero (Kurôzu zero) (2007),Action,1016290,14943.0
188,1.148467352911573,1.5537672127300517,5.474444322067742,"Prophecy, The (1995)",Fantasy|Horror|Mystery,114194,11980.0
6986,-0.21421323323730304,0.2188700426555053,3.75657071339174,Ben-Hur: A Tale of the Christ (1925),Adventure|Drama|Romance,16641,31510.0
2126,0.23602984685219186,0.47617399770957086,5.230973948942996,Snake Eyes (1998),Action|Crime|Mystery|Thriller,120832,8688.0
3747,0.04163927591818565,0.08519701062213066,5.224035161659342,Jesus' Son (1999),Drama,186253,25636.0
5666,-0.08588424429533348,0.2570778101035249,4.401215325468349,"Rules of Attraction, The (2002)",Comedy|Drama|Romance|Thriller,292644,1809.0
6881,0.04163927591818565,0.08519701062213066,5.224035161659342,Pieces of April (2003),Comedy|Drama,311648,1550.0
168218,0.11871290891475379,0.14936647694438507,5.530070237050044,Kizumonogatari III: Cold Blood (2017),Animation|Fantasy|Mystery,5084198,362585.0
117192,0.17868588926212498,0.4251491847960904,5.155583972719523,Doctor Who: The Time of the Doctor (2013),Adventure|Drama,2986512,282848.0
8364,0.3108159025592685,0.4958075361306885,5.3621823351697175,Baadasssss! (How to Get the Man's Foot Outta Your Ass) (2003),Drama,367790,28219.0
3672,-0.01820036972074002,0.3745072394592677,4.686695939019007,Benji (1974),Adventure|Children,71206,23069.0
99910,-0.04742693389446673,0.24140424746283304,4.538831402541897,"Last Stand, The (2013)",Action|Crime|Thriller,1549920,76640.0
2347,-0.04636323340467251,0.3176182548177241,4.589322553666016,"Pope of Greenwich Village, The (1984)",Drama,87932,32081.0
2400,-0.04636323340467251,0.3176182548177241,4.589322553666016,Prancer (1989),Children|Drama|Fantasy,98115,24951.0
3849,-0.06668789425210901,0.46857020435034524,4.592972020268782,The Spiral Staircase (1945),Horror|Mystery|Thriller,38975,27452.0
1024,-0.45365627286076915,0.91637652420815,4.240239671274398,"Three Caballeros, The (1945)",Animation|Children|Musical,38166,15947.0
2058,0.34837084112628597,3.806266265842142,4.826819727469106,"Negotiator, The (1998)",Action|Crime|Drama|Mystery|Thriller,120768,9631.0
11,5.883563180084029,15.230114957092951,5.121605264782816,"American President, The (1995)",Comedy|Drama|Romance,112346,9087.0
204,-4.258284969778185,4.1954698089487845,3.7203219777700376,Under Siege 2: Dark Territory (1995),Action,114781,3512.0
575,-0.033543006375538684,3.135367983124946,4.7245958498341345,"Little Rascals, The (1994)",Children|Comedy,110366,10897.0
888,-0.9339686246970612,0.7769155709665343,3.5331446697538436,Land Before Time III: The Time of the Great Giving (1995),Adventure|Animation|Children|Musical,113596,19004.0
8949,-0.02720444573593278,4.770237199229217,4.729591163139822,Sideways (2004),Comedy|Drama|Romance,375063,9675.0
3735,1.256978278537221,4.251987754649202,5.030915448438244,Serpico (1973),Crime|Drama,70666,9040.0
8869,0.1865684923516374,0.1083800370507437,6.45672268907563,First Daughter (2004),Comedy|Romance,361620,13969.0
112006,0.15772503779995575,0.46907889798974184,5.07153827289662,Tangled Ever After (2012),Action|Animation|Children,2112281,82881.0
3400,-0.0884090755360266,0.2251868844269083,4.342690988201824,We're Back! A Dinosaur's Story (1993),Adventure|Animation|Children|Fantasy,108526,18890.0
3550,-0.24857779482064307,0.49021426166044646,4.2282142257266075,The Hunger (1983),Horror,85701,11654.0
5299,0.8648849495241366,8.955663400811925,4.831868197178199,My Big Fat Greek Wedding (2002),Comedy|Romance,259446,8346.0
45447,-0.7394160350031641,5.235112182372796,4.594052438530256,"Da Vinci Code, The (2006)",Drama|Mystery|Thriller,382625,591.0
1859,-0.137892914284029,0.9269468126870842,4.5865337870685465,Taste of Cherry (Ta'm e guilass) (1997),Drama,120265,30020.0
421,-1.0626455624895839,2.040644746490243,4.214554011209005,Black Beauty (1994),Adventure|Children|Drama,109279,14522.0
2121,-0.9175529145841813,1.3176182508261096,4.038921770035069,Cujo (1983),Horror|Thriller,85382,10489.0
781,-0.19793761821983064,0.6708564602988327,4.440242001533189,Stealing Beauty (1996),Drama,117737,14553.0
7312,-3.45917798872138,0.978353370547461,1.1995798319327733,"Follow Me, Boys! (1966)",Comedy|Drama,60420,40454.0
108981,0.0073043534590699856,0.019038784106312392,5.1189506273423495,Nymphomaniac: Volume II (2013),Drama|Mystery,2382009,249397.0
134041,-0.0022150385940862107,0.019038784106312392,4.6189506273423495,Afonya (1975),Comedy|Drama|Romance,72613,20870.0
34530,-0.3001187936296867,0.22400547739431265,3.3955108359133126,Deuce Bigalow: European Gigolo (2005),Comedy,367652,11453.0
171867,0.25989489985609493,0.22400547739431265,5.895510835913313,Rough Night (2017),Comedy|Drama,4799050,397422.0
176329,0.14789216115893858,0.22400547739431265,5.395510835913313,Ari Shaffir: Double Negative (2017),Comedy,6254796,466986.0
6324,-1.5369498006075473,0.8787236904642515,2.986223485676799,It Runs in the Family (2003),Comedy|Drama,311110,31459.0
6305,0.19668367523344052,0.40281526543985474,5.223566762971639,Fahrenheit 451 (1966),Drama|Sci-Fi,60390,1714.0
5244,-0.3324596893575291,0.27143860713367884,3.5104879160966713,Shogun Assassin (1980),Action|Adventure,81506,15119.0
168366,-0.05596690839810217,0.13674673184955016,4.326019924098672,Beauty and the Beast (2017),Fantasy|Romance,2771200,321612.0
101025,-0.16812905762588326,0.24140424746283304,4.038831402541896,Jack the Giant Slayer (2013),Adventure|Fantasy|IMAX,1351685,81005.0
5272,-0.17177207705518743,0.15804599783844867,3.6484454824113266,Time Out (L'emploi du temps) (2001),Drama,279065,35651.0
1860,-0.046172947091908605,0.029682608844798394,3.1797385620915035,Character (Karakter) (1997),Drama,119448,17139.0
150,2.46424824169394,45.902768271733635,4.788978205436845,Apollo 13 (1995),Adventure|Drama|IMAX,112384,568.0
508,5.166734007561206,14.27823662437581,5.097154909247932,Philadelphia (1993),Drama,107818,9800.0
4131,-2.2608695635803535,0.9999999992759258,2.4744245524296677,Making Mr. Right (1987),Comedy|Romance|Sci-Fi,93477,32058.0
541,-5.394006291616282,18.183052302882857,4.438643907233207,Blade Runner (1982),Action|Sci-Fi|Thriller,83658,78.0
2953,-2.102548300362584,4.028341544644387,4.213355181471727,Home Alone 2: Lost in New York (1992),Children|Comedy,104431,772.0
4728,0.5297856282036488,2.998072624147111,4.912002855099462,Rat Race (2001),Comedy,250687,9896.0
69640,-0.29538695758618316,0.8179279916926859,4.374153576442588,Public Enemies (2009),Crime|Drama|Thriller,1152836,11322.0
1129,1.3430401561129959,5.349288122431182,4.986363068388602,Escape from New York (1981),Action|Adventure|Sci-Fi|Thriller,82340,1103.0
3418,0.5700974904459756,5.123804802927228,4.846558600267529,Thelma & Louise (1991),Adventure|Crime|Drama,103074,1541.0
103372,0.2667942329311536,0.7024122860765485,5.115119810078182,"Heat, The (2013)",Action|Comedy|Crime,2404463,136795.0
3178,1.3134726860464567,1.9149782630645715,5.421188423279794,"Hurricane, The (1999)",Drama,174856,10400.0
5955,0.0783033178799295,0.4476104938960973,4.910230404771073,Antwone Fisher (2002),Drama,168786,13435.0
27801,-0.33377168831029413,0.8610332233931106,4.34765322384393,Ong-Bak: The Thai Warrior (Ong Bak) (2003),Action|Thriller,368909,9316.0
413,-1.1261098939035465,5.358534165926397,4.525141516388266,Airheads (1994),Comedy,109068,13595.0
1033,-0.19432392832341497,1.6572266473773285,4.618035607092123,"Fox and the Hound, The (1981)",Animation|Children|Drama,82406,10948.0
8371,-1.6144023714092488,4.095291617723747,4.341084737191127,"Chronicles of Riddick, The (2004)",Action|Sci-Fi|Thriller,296572,2789.0
369,0.040494831874488886,0.1303844586728049,5.045874322425216,Mrs. Parker and the Vicious Circle (1994),Drama,110588,23333.0
32596,0.6482262579988134,1.426434729136196,5.189732196556816,Sahara (2005),Action|Adventure|Comedy,318649,7364.0
26471,-0.011734430647242406,0.019038784106312392,4.1189506273423495,Eddie Murphy Delirious (1983),Comedy|Documentary,85474,15251.0
140265,0.016823745512226183,0.019038784106312392,5.6189506273423495,George Carlin: Jammin' in New York (1992),Comedy,246643,25161.0
141810,-0.0022150385940862107,0.019038784106312392,4.6189506273423495,Autumn Marathon (1979),Comedy|Drama,79679,27924.0
121372,0.25989489985609493,0.22400547739431265,5.895510835913313,Bill Burr: Let It Go (2010),Comedy,1717578,46967.0
4031,0.05826580112872126,0.11672358183282547,5.234471749226007,All the Pretty Horses (2000),Drama|Romance|Western,149624,21355.0
3223,1.0156545641329886,0.37725666497893556,7.427505172923441,"Zed & Two Noughts, A (1985)",Drama,90366,33078.0
6186,-0.04306989870995492,0.1718807994813942,4.484714071243347,Gods and Generals (2003),Action|Drama|War,279111,16072.0
36509,-0.45679590537259646,0.6283503938516959,4.008317720652216,"Cave, The (2005)",Action|Adventure|Horror|Mystery|Sci-Fi|Thriller,402901,9042.0
1821,-0.9613171471425518,1.1511098719156148,3.900172144848077,"Object of My Affection, The (1998)",Comedy|Romance,120772,17127.0
2459,-0.8444362650551683,0.8015936748181467,3.681847350808809,"Texas Chainsaw Massacre, The (1974)",Horror,72271,30497.0
106,0.013192270597688181,0.029682608844798394,5.1797385620915035,Nobody Loves Me (Keiner liebt mich) (1994),Comedy|Drama,110251,11907.0
3358,-1.164447587099132,2.557210866832073,4.2799356635584935,Defending Your Life (1991),Comedy|Drama|Fantasy|Romance,101698,12186.0
103339,0.16269828756016652,0.4591863010960061,5.089612805229487,White House Down (2013),Action|Drama|Thriller|IMAX,2334879,117251.0
2001,0.5220199738730305,6.877660860973638,4.8111949194494805,Lethal Weapon 2 (1989),Action|Comedy|Crime|Drama,97733,942.0
157108,0.13062408618600926,0.17009932883366186,5.503222404499649,Texas - Doc Snyder hält die Welt in Atem (1993),Comedy|Western,108317,1659.0
3238,0.19188992395040777,0.32474840380205366,5.326182084158426,Eye of the Beholder (1999),Thriller,120662,18681.0
56171,0.21484693150193204,1.8000911002334898,4.854647483415083,"Golden Compass, The (2007)",Adventure|Children|Fantasy,385752,2268.0
61986,0.0033515975670849935,0.16612266202073486,4.7554695562435505,Appaloosa (2008),Western,800308,12690.0
6242,-0.46638047761606827,1.126060600626649,4.321124154363973,Ringu (Ring) (1998),Horror|Mystery|Thriller,178868,2671.0
3347,2.424843630364273,1.6713861323379104,6.186092101098338,Never Cry Wolf (1983),Adventure|Drama,86005,14280.0
53993,-0.26768750033945615,1.4442894399594843,4.5499521128291285,Evan Almighty (2007),Comedy|Fantasy,413099,2698.0
2917,0.2765658892136362,2.1906089603353776,4.8615448060270126,Body Heat (1981),Crime|Thriller,82089,14412.0
74154,-0.4808756982166231,0.5054933092696752,3.783994289541755,When in Rome (2010),Comedy|Romance,1185416,13477.0
111320,-0.689334470432553,0.3116474462666009,2.523389355742297,Mom's Night Out (2014),Comedy,3014666,252680.0
133879,-0.5264889367906292,0.9989790082693987,4.208267090620032,Carry On Don't Lose Your Head (1966),Comedy,60330,5061.0
68,-0.43567617053779917,1.3772566608989356,4.418957894409313,French Twist (Gazon maudit) (1995),Comedy|Romance,113149,4482.0
2360,-0.5333487722009895,0.9249499246453577,4.158669634537354,"Celebration, The (Festen) (1998)",Drama,154420,309.0
98604,0.0073043534590699856,0.019038784106312392,5.1189506273423495,From Up on Poppy Hill (Kokuriko-zaka kara) (2011),Animation|Drama|Romance,1798188,83389.0
172637,0.016823745512226183,0.019038784106312392,5.6189506273423495,Priklyucheniya Kapitana Vrungelya (1979),Action|Adventure|Animation|Comedy,219263,74535.0
71,-2.646666638368973,0.9999999893081762,2.0886274509803924,Fair Game (1995),Action,113010,11859.0
69516,-0.39837883128677554,0.29298545304032525,3.375571895424837,"Limits of Control, The (2009)",Crime|Drama|Film-Noir,1135092,8284.0
152083,0.04109934827371234,0.29298545304032525,4.875571895424837,Whiskey Tango Foxtrot (2016),Comedy|War,3553442,279641.0
567,-0.5707548951928274,0.8756032987125777,4.083452243556334,Kika (1993),Comedy|Drama,107315,8223.0
3873,0.13310647913268348,1.7216970769694067,4.812605324660886,Cat Ballou (1965),Comedy|Western,59017,11694.0
7369,0.3648849745611358,0.22889158740832247,6.329432979160623,Scooby-Doo 2: Monsters Unleashed (2004),Action|Adventure|Children|Comedy|Mystery,331632,11024.0
1730,0.04163927591818565,0.08519701062213066,5.224035161659342,Kundun (1997),Drama,119485,9746.0
2474,-0.02471461370323804,0.3803821199375903,4.67032099612575,"Color of Money, The (1986)",Drama,90863,11873.0
4152,0.04163927591818565,0.08519701062213066,5.224035161659342,Vatel (2000),Drama,190861,7093.0
40697,-0.03388870313592021,0.4251491847960904,4.655583972719523,Babylon 5,Sci-Fi,105946,
166203,-0.03388870313592021,0.4251491847960904,4.655583972719523,Sapphire Blue (2014),Adventure|Children|Fantasy|Sci-Fi,3260022,279229.0
2028,6.546743848271755,36.07492690272651,4.916770406314936,Saving Private Ryan (1998),Action|Drama|War,120815,857.0
2353,-1.225855734123282,7.099833698245058,4.562634336274111,Enemy of the State (1998),Action|Thriller,120660,9798.0
4021,0.24136357873088743,0.12924412821994374,6.6027954274175285,Before Night Falls (2000),Drama,247196,5001.0
7445,1.4135009586450926,4.428359590416475,5.054487021878252,Man on Fire (2004),Action|Crime|Drama|Mystery|Thriller,328107,9509.0
3409,-2.1613183324828777,5.333572026891078,4.330065066349761,Final Destination (2000),Drama|Thriller,195714,9532.0
44191,5.462282842200818,14.804285406535552,5.1042604468012795,V for Vendetta (2006),Action|Sci-Fi|Thriller|IMAX,434409,752.0
49651,-0.5227894735490055,1.5507448917388031,4.398172598605447,Rocky Balboa (2006),Action|Drama,479143,1246.0
86190,-0.014060099769746953,1.2392651648633686,4.7239486040569165,Hanna (2011),Action|Adventure|Mystery|Thriller,993842,50456.0
114066,0.04557442176917832,0.17009932883366186,5.003222404499649,"20,000 Days on Earth (2014)",Documentary|Drama|Musical,2920540,246400.0
114180,-0.4177205466749489,1.9961477828232213,4.526030780398475,"Maze Runner, The (2014)",Action|Mystery|Sci-Fi,1790864,198663.0
122896,-0.5430971106605553,1.7993571040186616,4.43346569823681,Pirates of the Caribbean: Dead Men Tell No Tales (2017),(no genres listed),1790809,166426.0
26695,-0.07970973344328244,0.16612266202073486,4.25546955624355,"Krays, The (1990)",Drama,99951,21344.0
132424,-0.5535714263617847,0.9999999960083856,4.181722689075631,The Longest Ride (2015),Drama|Romance,2726560,228205.0
7063,-0.1301029817891869,1.4729943013523772,4.646968601608241,"Aguirre: The Wrath of God (Aguirre, der Zorn Gottes) (1972)",Adventure|Drama,68182,2000.0
142448,0.14356831038371146,0.1839098190865725,5.515939278937381,Everest (2015),Adventure|Drama|Thriller,2719848,253412.0
2379,-1.3249073549647643,2.3814370549450223,4.1789462804394315,Police Academy 2: Their First Assignment (1985),Comedy|Crime,89822,10157.0
158966,-1.1211591624560269,1.6918268416574693,4.072602679699641,Captain Fantastic (2016),Drama,3553976,334533.0
6022,1.1628269722540252,0.4546771437995172,7.29277251327707,American Me (1992),Drama,103671,13199.0
6636,0.002700908440389304,0.13311620170490315,4.755583972719522,"Sure Thing, The (1985)",Comedy|Romance,90103,8992.0
4372,-0.39158420274701145,0.6030487739699765,4.085953268864391,Crazy/Beautiful (2001),Drama|Romance,250224,10691.0
69394,0.356439552188207,0.28148783187536247,6.0015639589169005,"Stoning of Soraya M., The (2008)",Crime|Drama,1277737,33409.0
7381,0.33078332392132453,2.256347327903615,4.881895361095095,"Whole Ten Yards, The (2004)",Action|Comedy|Crime,327247,2122.0
74342,-1.0259784409253285,0.9989790082693987,3.7082670906200317,"Captain Newman, M.D. (1963)",Comedy|Drama|War,56903,33728.0
1241,1.2675583577136038,1.3233471553734073,5.693136776367958,Dead Alive (Braindead) (1992),Comedy|Fantasy|Horror,103873,763.0
2931,-0.2712650930103108,0.21025806272500686,3.445141010105618,Time of the Gypsies (Dom za vesanje) (1989),Comedy|Crime|Drama|Fantasy,97223,20123.0
65585,-0.2583385010034195,1.0207011128555918,4.482195049026792,Bride Wars (2009),Comedy|Romance,901476,10521.0
142422,0.2535673142353405,0.7583951778974709,5.069641330848381,The Night Before (2015),Comedy,3530002,296100.0
100882,0.18759207479387496,0.29298545304032525,5.375571895424837,Journey to the West: Conquering the Demons (Daai wa sai you chi Chui mo chun kei) (2013),Adventure|Comedy|Fantasy|Romance|IMAX,2017561,170657.0
70159,0.07883501789582087,0.09004024785574485,5.610847214992192,Orphan (2009),Drama|Horror|Mystery|Thriller,1148204,21208.0
6679,0.04163927591818565,0.08519701062213066,5.224035161659342,Revolution OS (2001),Documentary,308808,19433.0
5607,0.5591353989974626,0.3706084777216611,6.243989769820971,"Son of the Bride (Hijo de la novia, El) (2001)",Comedy|Drama,292542,19460.0
49220,-0.21495069819134913,0.1718807994813942,3.4847140712433466,For Your Consideration (2006),Comedy,470765,14799.0
49793,0.042870501030742185,0.1718807994813942,4.984714071243347,We Are Marshall (2006),Drama,758794,11170.0
1080,-0.6118077300239101,13.162685329046145,4.6888136530055595,Monty Python's Life of Brian (1979),Comedy,79470,583.0
1224,-1.499488555629979,3.1210430713266675,4.254849432533313,Henry V (1989),Action|Drama|Romance|War,97499,10705.0
910,0.9042377270355524,8.03975413455148,4.847764936020661,Some Like It Hot (1959),Comedy|Crime,53291,239.0
45517,1.168855791791695,6.121426464229338,4.926239120192124,Cars (2006),Animation|Children|Comedy,317219,920.0
5782,1.8808621352610557,3.767497741508647,5.234527896751565,"Professional, The (Le professionnel) (1981)",Action|Drama|Thriller,82949,1672.0
118900,-0.041384435011977416,0.21612596745938872,4.543811180642954,Wild (2014),Drama,2305051,228970.0
1972,-0.6986146288840087,0.7444590767658716,3.7968750014224617,"Nightmare on Elm Street 5: The Dream Child, A (1989)",Horror,97981,10160.0
2263,0.28675413454318277,0.570682084882471,5.237770263542261,"Seventh Sign, The (1988)",Drama|Fantasy|Thriller,96073,11082.0
147,0.7700152310186749,1.6030948151950732,5.215624553326857,"Basketball Diaries, The (1995)",Drama,112461,10474.0
36527,-0.08608153454754243,0.6556217163198532,4.60399655320588,Proof (2005),Drama,377107,9777.0
51080,0.644478558363379,1.346894383838088,5.213786392985592,Breach (2007),Drama|Thriller,401997,4169.0
5021,-0.040341508702861045,0.1839098190865725,4.515939278937381,Murder by Death (1976),Comedy|Crime|Mystery|Thriller,74937,6037.0
1797,-0.01790105744748599,0.668101685845732,4.70850020614117,Everest (1998),Documentary|IMAX,120661,21736.0
104069,0.07069350619799188,0.19082338802879073,5.105759745200668,Louis C.K.: Oh My God (2013),Comedy,2510998,185574.0
5026,0.4293080487658734,1.3229647464883567,5.059798644245683,"Brotherhood of the Wolf (Pacte des loups, Le) (2001)",Action|Mystery|Thriller,237534,6312.0
3604,2.969937592152266,0.9989790082693987,7.708267090620032,Gypsy (1962),Musical,56048,39391.0
108078,-1.525467945060028,0.9989790082693987,3.2082670906200317,Chinese Puzzle (Casse-tête chinois) (2013),Comedy|Romance,1937118,206408.0
149508,-1.525467945060028,0.9989790082693987,3.2082670906200317,Spellbound (2011),Comedy|Romance,2132405,92499.0
116,0.9259259221481478,0.99999999592,5.6612200435729845,Anne Frank Remembered (1995),Documentary,112373,51352.0
85316,-0.011734430647242406,0.019038784106312392,4.1189506273423495,Winnie the Pooh and Tigger Too (1974),Animation|Children,72410,72185.0
93443,0.33317008969304474,0.4654097248571457,5.4511581658151735,Goon (2011),Comedy|Drama,1456635,74387.0
5379,0.2556471873117556,0.2570778101035249,5.7297291768565906,"Believer, The (2001)",Drama,247199,4012.0
2024,0.3866426670121383,0.4721727115330053,5.5541526784411035,"Rapture, The (1991)",Drama|Mystery,102757,1411.0
6862,0.042870501030742185,0.1718807994813942,4.984714071243347,Out of Time (2003),Crime|Drama|Thriller,313443,2116.0
41769,-0.129010298450652,0.1718807994813942,3.9847140712433466,Mozart and the Whale (2005),Comedy|Drama|Romance,392465,23478.0
50147,0.1716041629611537,0.1388513395525776,5.971178218687178,Black Christmas (2006),Action|Horror|Thriller,454082,9656.0
2478,1.1890351287579008,6.717300050399272,4.912304988061761,¡Three Amigos! (1986),Comedy|Western,92086,8388.0
317,-1.4635406094730927,18.68076710223837,4.656949336543411,"Santa Clause, The (1994)",Comedy|Drama|Fantasy,111070,11395.0
546,-2.2825385064244514,3.4418762596066546,4.0721271894189925,Super Mario Bros. (1993),Action|Adventure|Children|Comedy|Fantasy|Sci-Fi,108255,9607.0
5902,1.0934236176414367,6.79720181275886,4.896157903622782,Adaptation (2002),Comedy|Drama|Romance,268126,2757.0
1680,0.33767279015402224,3.566791242117772,4.829965425058235,Sliding Doors (1998),Drama|Romance,120148,10215.0
1228,-0.17446856561200355,4.595721816662562,4.697330861259468,Raging Bull (1980),Drama,81398,1578.0
57669,1.8830898280276602,5.45690794843635,5.080377788806887,In Bruges (2008),Comedy|Crime|Drama|Thriller,780536,8321.0
85259,0.25258165950949113,0.34166007683268573,5.474571770017262,Winnie the Pooh and the Honey Tree (1966),Animation|Children,61199,36540.0
53953,-1.2589642803890269,3.490384878953727,4.374599144442152,1408 (2007),Drama|Horror|Thriller,450385,3021.0
805,-0.4603227772983227,5.662594026533254,4.6540022618047745,"Time to Kill, A (1996)",Drama|Thriller,117913,1645.0
1672,0.20530783167049496,1.7538945302534537,4.852352371794659,"Rainmaker, The (1997)",Drama,119978,11975.0
139644,-0.040341508702861045,0.1839098190865725,4.515939278937381,Sicario (2015),Crime|Drama|Mystery,3397884,273481.0
198,-0.8097811136576845,3.8353422949755376,4.524157522428808,Strange Days (1995),Action|Crime|Drama|Mystery|Sci-Fi|Thriller,114558,281.0
8968,0.4541135694159333,0.45336863135675665,5.73693723542728,After the Sunset (2004),Action|Adventure|Comedy|Crime|Thriller,367479,10589.0
58078,-0.06579219562483672,0.28148783187536247,4.5015639589169005,"Air I Breathe, The (2007)",Crime|Drama|Romance|Thriller,485851,13641.0
48414,-0.26822653443732414,0.629265701084325,4.309040892697523,Open Season (2006),Adventure|Animation|Children|Comedy|IMAX,400717,7484.0
6750,0.017930570892525626,0.04705479297807301,5.1163513863695265,Anything Else (2003),Comedy|Drama|Romance,313792,10739.0
14,1.2983836504624775,1.5880168167932207,5.552907405322679,Nixon (1995),Drama,113987,10858.0
86059,-0.5264889367906292,0.9989790082693987,4.208267090620032,Hop (2011),Animation|Children|Comedy,1411704,50359.0
170993,-0.5264889367906292,0.9989790082693987,4.208267090620032,Mini's First Time (2006),Comedy|Crime|Drama,425253,15314.0
182293,-0.5264889367906292,0.9989790082693987,4.208267090620032,Hare-um Scare-um (1939),Animation|Children|Comedy,31405,152047.0
132046,-0.4200762245390971,0.7984469451902301,4.209177476999114,Tomorrowland (2015),Action|Adventure|Children|Mystery|Sci-Fi,1964418,158852.0
7371,0.4332432336053015,2.867664735631392,4.886372878083087,Dogville (2003),Drama|Mystery|Thriller,276919,553.0
141836,0.0073043534590699856,0.019038784106312392,5.1189506273423495,It Can't Be! (1975),Comedy,73442,42275.0
89190,-0.2518861047666129,0.29298545304032525,3.875571895424837,Conan the Barbarian (2011),Action|Adventure|Fantasy,816462,37430.0
159717,-0.10539337824645029,0.29298545304032525,4.375571895424837,The Fundamentals of Caring (2016),Drama,2452386,318121.0
37830,0.6351549037361939,1.0951972269191148,5.31523980060221,Final Fantasy VII: Advent Children (2004),Action|Adventure|Animation|Fantasy|Sci-Fi,385700,647.0
2946,0.5134710071125119,1.8337262565202166,5.015309199116691,Help! (1965),Comedy|Musical,59260,14831.0
2084,0.22049758032095568,0.8787236904642515,4.986223485676799,Newsies (1992),Children|Musical,104990,15300.0
600,0.04163927591818565,0.08519701062213066,5.224035161659342,Love and a .45 (1994),Action|Comedy|Crime,110395,15477.0
3078,0.04163927591818565,0.08519701062213066,5.224035161659342,Liberty Heights (1999),Drama,165859,27141.0
5486,-0.08615624001501034,0.08519701062213066,3.7240351616593412,Who Is Cletis Tout? (2001),Comedy,246500,33152.0
1430,0.058336325007192415,0.1257877007967587,5.199062233589087,Underworld (1996),Comedy|Thriller,120414,85242.0
27768,-0.18499163357142,0.4958075361306885,4.3621823351697175,Intimate Strangers (Confidences trop intimes) (2004),Drama,363532,21200.0
78103,-0.47010507529429624,0.5876313441178704,3.935294117647059,Shake Hands with the Devil (2007),Drama|War,472562,30527.0
59727,0.1716041629611537,0.1388513395525776,5.971178218687178,"Strangers, The (2008)",Horror|Thriller,482606,10665.0
3928,0.11244589400418954,0.3176182548177241,5.089322553666016,Abbott and Costello Meet Frankenstein (1948),Comedy|Horror,40068,3073.0
349,-1.0486411443292756,25.34811485787236,4.6939245266455565,Clear and Present Danger (1994),Action|Crime|Drama|Thriller,109444,9331.0
344,-6.805308878170342,36.72232943244649,4.54997611131826,Ace Ventura: Pet Detective (1994),Comedy,109040,3049.0
3623,-3.6969769399773544,11.66319225010277,4.418315981584457,Mission: Impossible II (2000),Action|Adventure|Thriller,120755,955.0
7458,0.24151503759189355,7.69396457994337,4.766684311230933,Troy (2004),Action|Adventure|Drama|War,332452,652.0
1693,0.3653208633794562,2.2528297994086106,4.897454997920995,Amistad (1997),Drama|Mystery,118607,11831.0
81788,0.25943498695744854,0.3419801283150561,5.493920030315408,"Next Three Days, The (2010)",Crime|Drama|Romance|Thriller,1458175,43539.0
1285,1.7296983660482779,7.84270007116516,4.955842952914618,Heathers (1989),Comedy,97493,2640.0
1658,0.45418564949499807,1.4908434702678353,5.039944242595054,"Life Less Ordinary, A (1997)",Romance|Thriller,119535,8067.0
55820,-0.7395620255003384,9.034158325571662,4.653431259055465,No Country for Old Men (2007),Crime|Drama,477348,6977.0
52241,0.16947425958781986,0.16612266202073486,5.7554695562435505,"Lookout, The (2007)",Crime|Drama|Thriller,427470,8270.0
424,-2.8488521792220656,1.3454951895581269,2.6179679455946303,Blue Chips (1994),Drama,109305,19819.0
1184,-0.12667655394960792,0.7266305598738194,4.560959922328319,Mediterraneo (1991),Comedy|Drama,102426,38251.0
7235,-0.37517763584477304,0.48882342731433576,3.967782548273121,Ichi the Killer (Koroshiya 1) (2001),Action|Comedy|Crime|Drama|Horror|Thriller,296042,9696.0
6238,-0.07122582163833513,0.5533594758828239,4.606578834467527,Green Card (1990),Comedy|Drama|Romance,99699,12157.0
4800,0.23737234656569073,0.26502737723353814,5.630946291560102,King Solomon's Mines (1937),Action|Adventure|Drama|Romance|Thriller,29081,43860.0
5011,-0.00519029442044037,0.40675795271674464,4.7225339629020215,Charlotte Gray (2001),Drama|Romance,245046,12660.0
7439,-0.2291107145996871,0.730048765206482,4.421464787992776,"Punisher, The (2004)",Action|Crime|Thriller,330793,7220.0
70565,0.5716314433163993,0.6813951083050311,5.574207453462356,"Goods: Live Hard, Sell Hard, The (2009)",Comedy,1092633,19905.0
27721,-0.4341723424946369,0.5286296455885997,3.913977443264921,"Very Long Engagement, A (Un long dimanche de fiançailles) (2004)",Drama|Mystery|Romance|War,344510,2841.0
31610,0.06291213449392424,0.4958075361306885,4.8621823351697175,Purple Butterfly (Zi hudie) (2003),Drama,363290,34561.0
342,-1.564408221774613,4.585985720165448,4.394166099106658,Muriel's Wedding (1994),Comedy,110598,236.0
454,1.3749813673086875,20.259256761203027,4.803163407400167,"Firm, The (1993)",Drama|Thriller,106918,37233.0
2411,-0.22657991991655047,2.3551553585891214,4.63908818410207,Rocky IV (1985),Action|Drama,89927,1374.0
3785,-2.838231021090706,6.785884255025059,4.317038969986833,Scary Movie (2000),Comedy|Horror,175142,4247.0
5944,0.055674978855731486,1.6936129795074075,4.768167613262288,Star Trek: Nemesis (2002),Action|Drama|Sci-Fi|Thriller,253754,201.0
97752,0.01417210734908829,1.387037883959744,4.745511652087163,Cloud Atlas (2012),Drama|Sci-Fi|IMAX,1371111,83542.0
379,0.021950644827265456,2.1439130709236505,4.745532706666813,Timecop (1994),Action|Sci-Fi|Thriller,111438,8831.0
832,-0.8556794300607486,5.94972014819915,4.591475684385161,Ransom (1996),Crime|Thriller,117438,3595.0
965,-1.0984884192933215,2.3550361792664294,4.268851848536998,"39 Steps, The (1935)",Drama|Mystery|Thriller,26029,260.0
3770,-0.22720367933151492,0.5428051392446324,4.316720926450506,Dreamscape (1984),Horror|Sci-Fi|Thriller,87175,24099.0
1018,-2.409847088231436,3.1930471501401185,3.9805770793704127,That Darn Cat! (1965),Children|Comedy|Mystery,59793,20723.0
68791,0.11612171094431029,3.305968097655605,4.7704189910620975,Terminator Salvation (2009),Action|Adventure|Sci-Fi|Thriller,438488,534.0
103228,0.14334121151312318,1.62398471966268,4.823559240943845,Pacific Rim (2013),Action|Adventure|Sci-Fi|IMAX,1663662,68726.0
8370,0.24326100613005788,2.382101424774323,4.837414457108719,"Blind Swordsman: Zatoichi, The (Zatôichi) (2003)",Action|Comedy|Crime|Drama,363226,246.0
61024,1.3561523401541913,5.807863557577814,4.968796906875768,Pineapple Express (2008),Action|Comedy|Crime,910936,10189.0
1678,0.7185539414379819,0.7980351461312658,5.635697997001753,"Joy Luck Club, The (1993)",Drama|Romance,107282,19931.0
3100,1.5260999175137622,3.152032245103731,5.219457920185678,"River Runs Through It, A (1992)",Drama,105265,293.0
3360,-0.19479664045145922,2.799707825195617,4.665716628632523,Hoosiers (a.k.a. Best Shot) (1986),Drama|Romance,91217,5693.0
4980,-1.3788344383446567,3.938752688013668,4.385225314764182,Bill & Ted's Bogus Journey (1991),Adventure|Comedy|Fantasy|Sci-Fi,101452,1649.0
1753,0.7543746219375814,2.9557844959688873,4.990513881796441,Half Baked (1998),Comedy,120693,9490.0
6666,-0.6526679466848307,1.5601454923349067,4.316956244742622,"Discreet Charm of the Bourgeoisie, The (Charme discret de la bourgeoisie, Le) (1972)",Comedy|Drama|Fantasy,68361,4593.0
5712,0.07753925962093941,1.0959205350911532,4.806046747183734,Blow Out (1981),Mystery|Thriller,82085,11644.0
2476,-0.23944103667296812,1.395491091563292,4.563712200628345,Heartbreak Ridge (1986),Action|War,91187,10015.0
3643,-0.07533027229843421,0.12407338966800928,4.128151260504202,"Fighting Seabees, The (1944)",Action|Drama|War,36824,22994.0
27808,-0.06643375788489736,0.9595018356804089,4.666056357577754,Spanglish (2004),Comedy|Drama|Romance,371246,2539.0
118696,-0.5002987748802173,2.7196683366595957,4.551338313868903,The Hobbit: The Battle of the Five Armies (2014),Adventure|Fantasy,2310332,122917.0
6338,0.13203514092810503,0.7415993663967396,4.913335182554697,Daddy Day Care (2003),Children|Comedy,317303,10708.0
971,0.12183631295369762,1.246364633034031,4.833047463437296,Cat on a Hot Tin Roof (1958),Drama,51459,261.0
128087,-1.525467945060028,0.9989790082693987,3.2082670906200317,Trinity and Sartana Are Coming (1972),Comedy|Western,69409,102959.0
27317,-0.3293552542690983,0.40387871678611575,3.9198135276076567,Audition (Ôdishon) (1999),Drama|Horror|Mystery|Romance|Thriller,235198,11075.0
7050,-0.2070429317836276,0.4202432741779207,4.242620124973066,Follow the Fleet (1936),Comedy|Musical|Romance,27630,28292.0
126090,0.0073043534590699856,0.019038784106312392,5.1189506273423495,Hedgehog in the Fog (1975),Animation,73099,36129.0
148956,0.008008795089482046,0.5169909304346378,4.750785288996523,How to Be Single (2016),Comedy|Romance,1292566,259694.0
165645,-0.6361270097211557,0.22400547739431265,1.8955108359133126,Bad Santa 2 (2016),Comedy,1798603,338964.0
373,-0.3379737764010995,2.2999926648541766,4.588348528834702,Red Rock West (1992),Thriller,105226,10427.0
4056,-0.1020155154080492,0.20192059245495614,4.230068205976824,"Pledge, The (2001)",Crime|Drama|Mystery|Thriller,237572,5955.0
1264,0.33925648250631046,0.48445737811429607,5.435575500143149,Diva (1981),Action|Drama|Mystery|Romance|Thriller,82269,4485.0
6192,0.1268362865403163,0.08519701062213066,6.224035161659342,Open Hearts (Elsker dig for evigt) (2002),Romance,315543,102.0
4813,-0.2856501995239213,0.3103699283288761,3.8149401353461743,When Worlds Collide (1951),Sci-Fi,44207,16380.0
1958,-0.08410416298835925,1.13951784761641,4.661487320180671,Terms of Endearment (1983),Comedy|Drama,86425,11050.0
27790,-0.04306989870995492,0.1718807994813942,4.484714071243347,Millions (2004),Children|Comedy|Crime|Drama|Fantasy,366777,13373.0
33815,-0.04306989870995492,0.1718807994813942,4.484714071243347,"Perfect Man, The (2005)",Comedy|Drama|Romance,380623,15648.0
123,0.04752270667927354,0.06357135844309382,5.482843137254902,Chungking Express (Chung Hing sam lam) (1994),Drama|Mystery|Romance,109424,11104.0
1992,0.032752823408576076,0.1388513395525776,4.971178218687178,Child's Play 2 (1990),Horror|Thriller,99253,11186.0
1086,0.8759514197040565,4.525006091239736,4.92887428130692,Dial M for Murder (1954),Crime|Mystery|Thriller,46912,521.0
158,-0.8595759385302735,10.735366098679114,4.655224567095258,Casper (1995),Adventure|Children,112642,8839.0
270,-0.33599804230206937,0.6289524745965377,4.201075625991379,Love Affair (1994),Drama|Romance,110391,43742.0
5377,-0.9276311509236435,8.378422349365081,4.62457743230427,About a Boy (2002),Comedy|Drama|Romance,276751,245.0
97938,0.5443094609403897,5.3794038249301535,4.8364780924246835,Life of Pi (2012),Adventure|Drama|IMAX,454876,87827.0
3535,-1.9555272589578756,6.124191390873692,4.415982206221166,American Psycho (2000),Crime|Horror|Mystery|Thriller,144084,1359.0
27831,0.4934870338918337,3.3631023152695776,4.882029776461613,Layer Cake (2004),Crime|Drama|Thriller,375912,4836.0
2065,0.42385524667842034,1.4432344101049464,5.028978389384731,"Purple Rose of Cairo, The (1985)",Comedy|Drama|Fantasy|Romance,89853,10849.0
2416,-0.5623156816700391,1.4237646299058389,4.340344229260501,Back to School (1986),Comedy,90685,15596.0
2709,2.3446475684503483,3.197254499359733,5.468625658479944,Muppets From Space (1999),Children|Comedy,158811,10208.0
3822,-0.137892914284029,0.9269468126870842,4.5865337870685465,"Girl on the Bridge, The (Fille sur le pont, La) (1999)",Drama|Romance,144201,10401.0
3250,-1.2135417371554171,1.3627691110884133,3.8447971675171955,Alive (1993),Drama,106246,7305.0
47629,-0.6979284169252473,1.1289142052082703,4.117064305580438,The Queen (2006),Drama,436697,1165.0
56145,-1.1931575862544768,1.1064649387098724,3.6569431057788586,"Mist, The (2007)",Horror|Sci-Fi,884328,5876.0
61167,-0.16277106445364986,0.16612266202073486,3.75546955624355,Henry Poole is Here (2008),Drama|Mystery,1029120,13107.0
199,-0.6336195593628399,0.8261115773971203,3.968303826384923,"Umbrellas of Cherbourg, The (Parapluies de Cherbourg, Les) (1964)",Drama|Musical|Romance,58450,5967.0
53894,0.6469219906801735,2.061402829751283,5.049120207988764,Sicko (2007),Documentary|Drama,386032,2359.0
26326,-0.22425132778943355,0.1839098190865725,3.5159392789373816,"Holy Mountain, The (Montaña sagrada, La) (1973)",Drama,71615,8327.0
55112,0.21569563625052576,0.28148783187536247,5.5015639589169005,Shanghai Kiss (2007),Comedy|Drama|Romance,469184,15361.0
5414,0.1424799408756063,0.18590613253065064,5.5017020835172294,Bad Company (2002),Action|Comedy|Crime,280486,3132.0
48520,1.6784698353820167,1.5337166246976832,5.829674792899155,Employee of the Month (2006),Comedy,424993,9794.0
171751,0.9719795756134688,0.9989790082693987,5.708267090620032,Munna bhai M.B.B.S. (2003),Comedy,374887,19625.0
7308,0.23737234656569073,0.26502737723353814,5.630946291560102,King Solomon's Mines (1985),Adventure|Comedy,89421,9838.0
1684,-1.039243096846148,1.5323092241714402,4.057073899134641,Mrs. Dalloway (1997),Drama|Romance,119723,38904.0
40148,-0.5448715578069382,0.29298545304032525,2.875571895424837,Revolver (2005),Crime|Drama|Thriller,365686,10851.0
5159,-0.024555091488709505,0.8737386565178569,4.707190643793024,Ferngully: The Last Rainforest (1992),Animation|Children|Comedy|Musical,104254,13225.0
242,-0.15604329451310384,0.5717342309081507,4.4623643435014,Farinelli: il castrato (1994),Drama|Musical,109771,10954.0
7243,-0.011205229959923988,0.09004024785574485,4.610847214992192,Intolerance: Love's Struggle Throughout the Ages (1916),Drama,6864,3059.0
4640,-0.37601742406147415,0.3566356177558095,3.6809478736357963,Brother (2000),Action|Crime|Thriller,222851,327.0
6971,0.04163927591818565,0.08519701062213066,5.224035161659342,Europa (Zentropa) (1991),Drama|Thriller,101829,9065.0
164917,0.11871290891475379,0.14936647694438507,5.530070237050044,13th (2016),Documentary,5895028,407806.0
7844,-0.06102108222385027,0.27143860713367884,4.510487916096672,"Legend, The (Legend of Fong Sai-Yuk, The) (Fong Sai Yuk) (1993)",Action|Comedy,106936,17653.0
147384,0.1995719749572883,0.4528164671455275,5.176028917367028,Doctor Who: The Runaway Bride (2007),Sci-Fi,827573,282758.0
71823,-0.24015219247453556,0.8785361870869285,4.461939193849511,"New York, I Love You (2009)",Drama|Romance,808399,12572.0
8142,-0.03667284636771273,0.1388513395525776,4.471178218687178,Dead or Alive: Hanzaisha (1999),Action|Crime,221111,11315.0
1983,-0.3639814882223966,0.3176182548177241,3.5893225536660163,Halloween II (1981),Horror,82495,11281.0
2617,0.4882932396621056,15.650815145216974,4.766493338590598,"Mummy, The (1999)",Action|Adventure|Comedy|Fantasy|Horror|Thriller,120616,564.0
902,3.934852759664956,5.097738437098537,5.5071761606779965,Breakfast at Tiffany's (1961),Drama|Romance,54698,164.0
2762,3.1586610435343827,26.318847675565657,4.855309290137566,"Sixth Sense, The (1999)",Drama|Horror|Mystery,167404,745.0
135,-1.5343546150710046,6.503043955540052,4.499350054288259,Down Periscope (1996),Comedy,116130,9101.0
248,-2.603959953369066,7.022909828075962,4.364513341997763,Houseguest (1994),Comedy,110066,17207.0
30812,0.030867308615821945,4.157997720303312,4.742717716862878,"Aviator, The (2004)",Drama,338751,2567.0
1095,1.3362632760038233,2.898199809118723,5.196360767296087,Glengarry Glen Ross (1992),Drama,104348,9504.0
7154,-0.24282150150219164,0.8912515946524158,4.4628441125540625,Mona Lisa Smile (2003),Drama|Romance,304415,11820.0
66203,-0.3825867448857685,0.785754145801813,4.248390234377869,He's Just Not That Into You (2009),Comedy|Drama|Romance,1001508,10184.0
134853,2.2618121745635777,7.22799833816655,5.048217844070785,Inside Out (2015),Adventure|Animation|Children|Comedy|Drama|Fantasy,2096673,150540.0
80463,1.4664351887042284,6.691082413777805,4.954456743066923,"Social Network, The (2010)",Drama,1285016,37799.0
86628,0.04335938317509211,0.18913811293997423,4.964541319604989,Kill the Irishman (2011),Action|Crime,1416801,51209.0
3146,-3.965444543893449,4.562392738305191,3.866135154061976,Deuce Bigalow: Male Gigolo (1999),Comedy,205000,10402.0
3355,0.5478900458211159,0.681912955681665,5.538754502518945,"Ninth Gate, The (1999)",Fantasy|Horror|Mystery|Thriller,142688,622.0
3948,0.3451174278127768,14.998176334611351,4.758304743746737,Meet the Parents (2000),Comedy,212338,1597.0
5293,-0.23063675915982929,2.0851970052900146,4.624687417860555,Changing Lanes (2002),Drama|Thriller,264472,1537.0
81229,-0.07918756516662864,4.1637056439586075,4.716275586574497,Red (2010),Action|Comedy,1245526,39514.0
106916,1.301226393598814,1.883879481248775,5.426010485944815,American Hustle (2013),Crime|Drama,1800241,168672.0
34437,-0.7673846744653406,2.937923781643758,4.474094463912001,Broken Flowers (2005),Comedy|Drama,412019,308.0
2890,2.390314970892374,7.282023278613182,5.063542858338752,Three Kings (1999),Action|Adventure|Comedy|Drama|War,120188,6415.0
3142,0.6746114199615605,0.651494971869672,5.770776276512458,U2: Rattle and Hum (1988),Documentary|Musical,96328,18161.0
3946,-1.5797634704036099,1.439838395461249,3.6381130205298815,Get Carter (2000),Action|Drama|Thriller,208988,10461.0
2731,0.28363891550979425,1.1329399942798368,4.9856506386824835,"400 Blows, The (Les quatre cents coups) (1959)",Crime|Drama,53198,147.0
151759,0.051613400840425205,0.1839098190865725,5.015939278937381,Requiem for the American Dream (2015),Documentary,3270538,333377.0
522,0.05641105569360316,1.1663697817561125,4.783658758583375,Romper Stomper (1992),Action|Drama,105275,10412.0
7256,0.25253719151171783,0.3648343011547806,5.427491070379799,Touching the Void (2003),Adventure|Documentary,379557,11194.0
112450,-0.5335107472992525,0.3116474462666009,3.023389355742297,They Came Together (2014),Comedy|Romance,2398249,180296.0
1606,-0.29680899620808443,0.7781500802700576,4.3538651314737535,Kull the Conqueror (1997),Action|Adventure,119484,17832.0
85022,0.14789216115893858,0.22400547739431265,5.395510835913313,Hall Pass (2011),Comedy,480687,48988.0
6251,-0.03409905031578386,0.03282210945791124,3.6963892185116123,Piglet's Big Movie (2003),Animation|Children,323642,13691.0
34534,-0.19656231669818458,0.4274557208667973,4.275451595713806,Four Brothers (2005),Action|Crime|Drama,430105,8292.0
95949,0.09535994969739431,0.2855088314293242,5.069294117647059,"Immature, The (Immaturi) (2011)",Comedy,1630637,56909.0
6220,0.1716041629611537,0.1388513395525776,5.971178218687178,Willard (2003),Drama|Horror|Thriller,310357,10929.0
3914,-0.01372607921673876,0.15804599783844867,4.648445482411327,"Broken Hearts Club, The (2000)",Drama,222850,22597.0
4116,0.1443199186217099,0.15804599783844867,5.648445482411327,Hollywood Shuffle (1987),Comedy,93200,34101.0
499,-0.5560556512946432,0.9100985753399214,4.124310135953695,Mr. Wonderful (1993),Comedy|Romance,107613,31911.0
1954,1.0877944698484772,7.417584926522682,4.881944878052768,Rocky (1976),Drama,75148,1366.0
2005,1.6382085394785482,8.451607358342189,4.929128079640282,"Goonies, The (1985)",Action|Adventure|Children|Comedy|Fantasy,89218,9340.0
3448,1.206170724821589,7.452990427605827,4.897131266981632,"Good Morning, Vietnam (1987)",Comedy|Drama|War,93105,801.0
5060,-6.295101653405436,7.331186136177675,3.8766197453868054,M*A*S*H (a.k.a. MASH) (1970),Comedy|Drama|War,66026,651.0
3160,0.19756298960579433,7.414277507755846,4.761940407781078,Magnolia (1999),Drama,175880,334.0
337,5.562430274926066,16.262840707256284,5.0773272455030165,What's Eating Gilbert Grape (1993),Drama,108550,1587.0
466,-2.547834287545428,11.682955736238647,4.517212807996757,Hot Shots! Part Deux (1993),Action|Comedy|War,107144,9255.0
5991,2.6780498777406407,9.491253418042131,5.017453887256611,Chicago (2002),Comedy|Crime|Drama|Musical,299658,1574.0
72998,1.08201712156723,13.91759503171526,4.813038664682774,Avatar (2009),Action|Adventure|Sci-Fi|IMAX,499549,19995.0
71057,-0.7973803423621638,1.590086883179373,4.233824449041401,9 (2009),Adventure|Animation|Sci-Fi,472033,12244.0
37733,0.14054701608192388,4.442399760419839,4.766931751282407,"History of Violence, A (2005)",Action|Crime|Drama|Thriller,399146,59.0
53464,-3.6890219603905297,2.8165505686193693,3.4255281927984833,Fantastic Four: Rise of the Silver Surfer (2007),Action|Adventure|Sci-Fi,486576,1979.0
1566,-2.2697820019570174,6.423756165196148,4.381952249807386,Hercules (1997),Adventure|Animation|Children|Comedy|Musical,119282,11970.0
3113,0.4819972883877414,2.3145141033912497,4.943543999417714,End of Days (1999),Action|Fantasy|Horror|Mystery|Thriller,146675,9946.0
46972,-0.2463893680743076,2.196056996010757,4.6230978638513305,Night at the Museum (2006),Action|Comedy|Fantasy|IMAX,477347,1593.0
130450,-0.08907841732319459,0.34166007683268573,4.474571770017262,Pan (2015),Adventure|Children|Fantasy,3332064,266647.0
139717,-0.9432286094049089,0.34166007683268573,1.974571770017262,10 Cent Pistol (2015),Crime|Thriller,2134170,346592.0
60753,0.0033515975670849935,0.16612266202073486,4.7554695562435505,Felon (2008),Crime|Drama,1117385,13012.0
65230,-0.07650128865489525,3.16834922239505,4.71114864526221,Marley & Me (2008),Comedy|Drama,822832,14306.0
4509,0.4954715261078637,0.34549520045556265,6.169385026737968,"Great Outdoors, The (1988)",Comedy,95253,2617.0
2124,1.0585211789382623,5.703280557654283,4.920892768850994,"Addams Family, The (1991)",Children|Comedy|Fantasy,101272,2907.0
909,2.050600098625239,4.443672927244721,5.196759246201582,"Apartment, The (1960)",Comedy|Drama|Romance,53604,284.0
2334,-0.0866768440398174,0.7355340718651812,4.617452066061303,"Siege, The (1998)",Action|Thriller,133952,9882.0
62155,0.44187497536274756,2.5087962054227613,4.911424396546411,Nick and Norah's Infinite Playlist (2008),Comedy|Drama|Romance,981227,12182.0
6395,-0.027655030667847417,0.26502737723353814,4.630946291560102,"Crazies, The (a.k.a. Code Name: Trixie) (1973)",Action|Drama|Horror|Sci-Fi|Thriller,69895,29425.0
95377,0.0073043534590699856,0.019038784106312392,5.1189506273423495,One Man Band (2005),Animation|Comedy|Musical,479113,13933.0
3103,-1.6466666490607966,0.9999999893081762,3.0886274509803924,Stanley & Iris (1990),Drama|Romance,100680,36094.0
138210,0.2569441188690289,0.3121072630330013,5.558549931600547,13 Hours (2016),Drama,4172430,300671.0
3286,-0.1296264654590122,0.7312417894202636,4.558025165934409,Snow Day (2000),Comedy,184907,15489.0
51939,0.07883501789582087,0.09004024785574485,5.610847214992192,TMNT (Teenage Mutant Ninja Turtles) (2007),Action|Adventure|Animation|Children|Comedy|Fantasy,453556,1273.0
72731,0.07668539499869062,0.26192104733713906,5.028074693237774,"Lovely Bones, The (2009)",Crime|Drama|Fantasy|Horror|Thriller,380510,7980.0
1437,-0.0009592293928796817,0.08519701062213066,4.724035161659341,"Cement Garden, The (1993)",Drama,106535,14832.0
180987,-0.3293865219184014,0.14936647694438507,2.530070237050044,Ferdinand (2017),Animation|Children|Comedy,3411444,364689.0
1312,0.8588153785451436,0.4721727115330053,6.5541526784411035,Female Perversions (1996),Drama,116293,41801.0
42,0.028162863683932487,0.05688898464154363,5.2303436225975535,Dead Presidents (1995),Action|Crime|Drama,112819,11443.0
7016,-0.16812905762588326,0.24140424746283304,4.038831402541896,Over the Top (1987),Action|Drama,93692,1825.0
5569,-0.03667284636771273,0.1388513395525776,4.471178218687178,"Last House on the Left, The (1972)",Crime|Horror|Thriller,68833,15516.0
2944,0.3713167550057864,5.322468965998162,4.805058123295169,"Dirty Dozen, The (1967)",Action|Drama|War,61578,1654.0
892,0.3346831474377536,2.301615708554577,4.880706380082448,Twelfth Night (1996),Comedy|Drama|Romance,117991,44705.0
2,0.6158447435568126,19.59953399306566,4.7667155148993965,Jumanji (1995),Adventure|Children|Fantasy,113497,8844.0
79,1.7909962189096644,3.454651702260947,5.253724446741456,"Juror, The (1996)",Drama|Thriller,116731,9623.0
201,-0.24610841550375334,0.4985680159237328,4.2416635443986515,Three Wishes (1995),Drama|Fantasy,114663,47939.0
765,-1.3490644772780573,3.857114728520278,4.38553410991309,Jack (1996),Comedy|Drama,116669,7095.0
778,0.7977616422500049,14.594956749339143,4.789954207152712,Trainspotting (1996),Comedy|Crime|Drama,117951,627.0
67255,0.6839917602155743,2.8994081749327787,4.971201488719927,"Girl with the Dragon Tattoo, The (Män som hatar kvinnor) (2009)",Crime|Drama|Mystery|Thriller,1132620,15472.0
2266,-0.6610250056512269,1.3690484298536751,4.252458747300169,"Butcher's Wife, The (1991)",Comedy|Romance,101523,20096.0
4901,0.2151949755156701,3.255186180510132,4.8014024640157285,Spy Game (2001),Action|Crime|Drama|Thriller,266987,1535.0
64032,0.7479605423357136,1.564644562496397,5.213332747163235,Four Christmases (2008),Comedy,369436,12193.0
7064,-0.11634532083537691,1.1558384000954067,4.634635305112561,Beauty and the Beast (La belle et la bête) (1946),Drama|Fantasy,38348,648.0
3556,-0.6313202200956209,4.960297367315222,4.608019445718,"Virgin Suicides, The (1999)",Drama|Romance,159097,1443.0
1262,3.9328408200751923,6.6433844715287735,5.327287677094051,"Great Escape, The (1963)",Action|Adventure|Drama|War,57115,5925.0
54001,0.34170827886112665,8.743897317769237,4.7743737484390065,Harry Potter and the Order of the Phoenix (2007),Adventure|Drama|Fantasy|IMAX,373889,675.0
6371,1.7911334012864857,0.5467830706308234,8.01106013436015,Pokémon Heroes (2003),Animation|Children,347791,33875.0
7007,0.22405937923096508,0.7881873180936565,5.019565856214085,"Last Boy Scout, The (1991)",Action|Comedy|Crime|Drama|Thriller,102266,9319.0
70521,0.21569563625052576,0.28148783187536247,5.5015639589169005,Lost in Austen (2008),Drama|Fantasy|Romance|Sci-Fi,1117666,19422.0
72701,-0.5264889367906292,0.9989790082693987,4.208267090620032,Planet 51 (2009),Adventure|Animation|Children|Comedy|Sci-Fi,762125,16866.0
84246,-1.0259784409253285,0.9989790082693987,3.7082670906200317,It Happened on Fifth Avenue (1947),Comedy|Romance,39502,52844.0
111146,-1.0259784409253285,0.9989790082693987,3.7082670906200317,Alpha and Omega 3: The Great Wolf Games (2014),Action|Adventure|Animation|Children|Comedy,3600760,258096.0
136503,-1.525467945060028,0.9989790082693987,3.2082670906200317,Tom and Jerry: Shiver Me Whiskers (2006),Animation|Children|Comedy,808508,60293.0
79333,-0.0022150385940862107,0.019038784106312392,4.6189506273423495,Watch Out for the Automobile (Beregis avtomobilya) (1966),Comedy|Crime|Romance,60161,39768.0
84156,0.0073043534590699856,0.019038784106312392,5.1189506273423495,Happy People: A Year in the Taiga (2010),Documentary,1683876,89704.0
104925,0.37189763855325125,0.22400547739431265,6.395510835913313,"Family, The (2013)",Action|Comedy|Crime,2404311,112205.0
95088,0.08538508183478359,0.7495054052763933,4.849216020322726,Safety Not Guaranteed (2012),Comedy|Drama,1862079,84332.0
98607,0.18759207479387496,0.29298545304032525,5.375571895424837,Redline (2009),Action|Animation|Sci-Fi,1483797,71883.0
6246,-0.058457780704104206,0.11672358183282547,4.234471749226007,Talent for the Game (1991),Drama,103036,41164.0
2162,-0.06853798157706258,0.55434447982855,4.611656228083767,"NeverEnding Story II: The Next Chapter, The (1990)",Adventure|Children|Fantasy,100240,34636.0
4920,-0.10124547781566884,0.09004024785574485,3.6108472149921917,"Now, Voyager (1942)",Drama|Romance,35140,32847.0
50005,-0.04306989870995492,0.1718807994813942,4.484714071243347,Curse of the Golden Flower (Man cheng jin dai huang jin jia) (2006),Action|Drama,473444,1494.0
6196,-0.03667284636771273,0.1388513395525776,4.471178218687178,Cradle 2 the Grave (2003),Action|Crime|Drama|Thriller,306685,10623.0
6868,-0.10609851614400154,0.1388513395525776,3.971178218687178,Wonderland (2003),Crime|Drama|Mystery|Thriller,335563,4997.0
8906,-0.03667284636771273,0.1388513395525776,4.471178218687178,Cannibal Holocaust (1980),Horror,78935,8689.0
132153,-1.525467945060028,0.9989790082693987,3.2082670906200317,Buzzard (2015),Comedy|Drama|Horror,2656588,253303.0
276,0.8608976889028516,4.515181559556941,4.925961464584781,Milk Money (1994),Comedy|Romance,110516,8986.0
6502,2.5774926116066843,11.18415650552435,4.96575339370722,28 Days Later (2002),Action|Horror|Sci-Fi,289043,170.0
2302,-1.608212055646037,10.682322313919213,4.584745200624539,My Cousin Vinny (1992),Comedy,104952,10377.0
2605,-1.1341060335385444,6.602263027367977,4.563518768976853,Entrapment (1999),Crime|Thriller,137494,1844.0
3536,-1.3147397409112447,3.824645802737962,4.391539477682737,Keeping the Faith (2000),Comedy|Drama|Romance,171433,4967.0
3988,-2.1021827449825214,5.821283986599515,4.37417400225298,How the Grinch Stole Christmas (a.k.a. The Grinch) (2000),Children|Comedy|Fantasy,170016,8871.0
135887,-0.2622230770595571,3.698975852835723,4.6644033934325355,Minions (2015),Adventure|Animation|Children|Comedy,2293640,211672.0
3107,-1.9206758716762675,3.150640685274787,4.125679736466441,Backdraft (1991),Action|Drama,101393,2924.0
48879,0.08641292857745242,0.16612266202073486,5.2554695562435505,Catch a Fire (2006),Drama|Thriller,437232,1123.0
3968,0.5348563909694473,3.026098148112043,4.91204198397226,Bedazzled (2000),Comedy,230030,1636.0
3274,0.5101304010109261,1.1088007475091053,5.1953681229694055,Single White Female (1992),Drama|Thriller,105414,9605.0
117881,0.4765355050569844,2.1029482904046057,4.961897647192381,Still Alice (2014),Drama,3316960,284293.0
8253,-0.1322964182461473,0.1839098190865725,4.015939278937381,Lupin III: The Castle Of Cagliostro (Rupan sansei: Kariosutoro no shiro) (1979),Action|Adventure|Animation|Comedy|Crime|Mystery,79833,15371.0
3917,-1.6803454138614389,1.2682800422346632,3.4103931825974687,Hellraiser (1987),Horror,93177,9003.0
59731,0.07495172031284451,0.28148783187536247,5.0015639589169005,"Bigger, Stronger, Faster* (2008)",Documentary,1151309,13636.0
126577,-0.5264889367906292,0.9989790082693987,4.208267090620032,"Daddy, I'm A Zombie (2012)",Animation|Comedy|Fantasy,2243469,89247.0
132800,-1.0259784409253285,0.9989790082693987,3.7082670906200317,Welcome to Me (2014),Comedy|Drama,2788716,284537.0
144222,0.4724900714787695,0.9989790082693987,5.208267090620032,Bros Before Hos (2013),Comedy,2947832,230211.0
2419,-0.027655030667847417,0.26502737723353814,4.630946291560102,Extremities (1986),Drama|Thriller,91024,44326.0
106766,-0.06374202469581315,0.15655207368287652,4.328132313933531,Inside Llewyn Davis (2013),Drama,2042568,86829.0
33124,-0.011734430647242406,0.019038784106312392,4.1189506273423495,Before the Fall (NaPolA - Elite für den Führer) (2004),Drama|War,384369,9393.0
110773,-0.6361270097211557,0.22400547739431265,1.8955108359133126,"Haunted House 2, A (2014)",Comedy|Horror,2828996,184345.0
2166,-0.6623431864065852,1.1840416789751933,4.175902334259963,Return to Paradise (1998),Crime|Drama|Romance|Thriller,124595,10278.0
130490,-0.25370098720677664,0.3021316402529019,3.895590646026496,Insurgent (2015),Action|Sci-Fi|Thriller,2908446,262500.0
39307,0.116627592045134,0.11672358183282547,5.734471749226007,Dreamer: Inspired by a True Story (2005),Children|Drama,418647,12920.0
3130,-0.29491441711952565,1.287355240318857,4.506208619034819,Bonfire of the Vanities (1990),Comedy|Crime|Drama,99165,9586.0
6330,-0.0009592293928796817,0.08519701062213066,4.724035161659341,People I Know (2002),Crime|Drama,274711,11458.0
166291,0.19339614738694633,0.14936647694438507,6.030070237050044,A Silent Voice (2016),Animation|Drama|Romance,5323662,378064.0
25841,-0.18499163357142,0.4958075361306885,4.3621823351697175,Stage Door (1937),Drama,29604,43864.0
118198,-0.47010507529429624,0.5876313441178704,3.935294117647059,The Green Prince (2014),Documentary|Drama|Thriller,2304915,250798.0
93766,-0.16812905762588326,0.24140424746283304,4.038831402541896,Wrath of the Titans (2012),Action|Adventure|Fantasy|IMAX,1646987,57165.0
2974,0.10217849318486488,0.1388513395525776,5.471178218687178,Bats (1999),Horror|Thriller,200469,10496.0
4771,0.10217849318486488,0.1388513395525776,5.471178218687178,Hardball (2001),Drama,180734,20857.0
2624,0.1443199186217099,0.15804599783844867,5.648445482411327,After Life (Wandafuru raifu) (1998),Drama|Fantasy,165078,17962.0
1984,-0.20517236081353457,0.3176182548177241,4.089322553666016,Halloween III: Season of the Witch (1982),Horror,85636,10676.0
43460,-0.04636323340467251,0.3176182548177241,4.589322553666016,Tristram Shandy: A Cock and Bull Story (2005),Comedy|Drama,423409,8435.0
1092,-0.3341682022541342,5.977120663922609,4.679386228038749,Basic Instinct (1992),Crime|Mystery|Thriller,103772,402.0
2115,2.6401393995775035,18.39020765498843,4.87885635735137,Indiana Jones and the Temple of Doom (1984),Action|Adventure|Fantasy,87469,87.0
999,-1.3305202804021097,2.467366368065735,4.1960469682887105,2 Days in the Valley (1996),Crime|Film-Noir,115438,9401.0
4886,3.123930332251385,23.19822310587754,4.869956600975788,"Monsters, Inc. (2001)",Adventure|Animation|Children|Comedy|Fantasy,198781,585.0
105211,-0.08438160027522187,0.1083800370507437,3.9567226890756304,Enough Said (2013),Comedy|Drama|Romance,2390361,209263.0
71899,-0.17406677178476565,0.7550227171107099,4.504749038883234,Mary and Max (2009),Animation|Comedy|Drama,978762,24238.0
2548,0.3083819718520354,0.36403822397948593,5.582408380761949,"Rage: Carrie 2, The (1999)",Horror,144814,7341.0
3984,1.0638960373948845,3.206483823880763,5.067089347509552,Diamonds Are Forever (1971),Action|Adventure|Thriller,66995,681.0
101525,0.52905133933481,1.278284694884369,5.149170104312664,"Place Beyond the Pines, The (2012)",Crime|Drama,1817273,97367.0
46862,-0.1322964182461473,0.1839098190865725,4.015939278937381,Orchestra Rehearsal (Prova d'orchestra) (1978),Drama,79759,47850.0
175303,0.9653038625922635,1.9214957359885791,5.2376651843700515,It (2017),Horror,1396484,346364.0
365,-0.237474766324401,0.8277812786187797,4.448413062882633,Little Buddha (1993),Drama,107426,1689.0
54004,0.18763514899054035,1.0576296957664801,4.912705124298643,I Now Pronounce You Chuck and Larry (2007),Comedy|Romance,762107,3563.0
72226,-0.48297125904925425,2.1429359861523145,4.509915822555548,Fantastic Mr. Fox (2009),Adventure|Animation|Children|Comedy|Crime,432283,10315.0
116817,-1.0259784409253285,0.9989790082693987,3.7082670906200317,Rudderless (2014),Comedy|Drama,1798243,244403.0
6049,-0.004231065027560688,0.321560942094614,4.722136222910217,Ethan Frome (1993),Drama,106833,61807.0
78174,-0.412121532326843,0.22400547739431265,2.8955108359133126,Sex and the City 2 (2010),Comedy|Drama|Romance,1261945,37786.0
134861,-0.1881160549325304,0.22400547739431265,3.8955108359133126,Trevor Noah: African American (2013),(no genres listed),3043546,250556.0
77866,0.22506112263090158,0.215115704773235,5.781526994359387,Robin Hood (2010),Action|Adventure|Drama|Romance|War,955308,20662.0
3737,-0.058457780704104206,0.11672358183282547,4.234471749226007,Lonely Are the Brave (1962),Drama|Western,56195,43002.0
7045,-0.6582261101432958,0.8787236904642515,3.986223485676799,"Witches, The (1990)",Children|Fantasy,100944,10166.0
8582,-0.1967403857906897,0.27143860713367884,4.010487916096672,Manufacturing Consent: Noam Chomsky and the Media (1992),Documentary|War,104810,36947.0
7056,-0.18499163357142,0.4958075361306885,4.3621823351697175,"Public Enemy, The (1931)",Action|Crime|Drama,22286,17687.0
8535,0.23615595817773563,0.8334916170978908,5.018627450980392,De-Lovely (2004),Drama|Musical,352277,15237.0
2593,-0.029085464804167585,0.10720071313536052,4.463976288189695,"Monster, The (Mostro, Il) (1994)",Comedy,110570,22826.0
51498,-0.03667284636771273,0.1388513395525776,4.471178218687178,2001 Maniacs (2005),Comedy|Horror,264323,10845.0
102007,0.17235636485590392,0.13700121309059032,5.993358633776091,"Invincible Iron Man, The (2007)",Animation,903135,13647.0
2000,1.0624379748261308,11.222512418342285,4.829964360389643,Lethal Weapon (1987),Action|Comedy|Crime|Drama,93409,941.0
357,-2.3678455337713387,18.15332608192298,4.604858211682188,Four Weddings and a Funeral (1994),Comedy|Romance,109831,712.0
1004,1.1175590639982387,1.9437874912952733,5.310233028923587,"Glimmer Man, The (1996)",Action|Thriller,116421,9625.0
45730,-0.23298141964515326,0.4339952071119507,4.1984646415900695,Lady in the Water (2006),Drama|Fantasy|Mystery,452637,9697.0
49824,-0.6057671471369772,1.2621144036389422,4.2553319641446326,Dreamgirls (2006),Drama|Musical,443489,1125.0
529,0.4642342488596083,4.535559827774979,4.837648461209395,Searching for Bobby Fischer (1993),Drama,108065,14291.0
6016,-0.04538045976724628,7.380451406341932,4.7291453799522,City of God (Cidade de Deus) (2002),Action|Adventure|Crime|Drama|Thriller,317248,598.0
2144,-0.548908695192981,11.50534934922517,4.687585119116741,Sixteen Candles (1984),Comedy|Romance,88128,15144.0
4783,-0.09090909078722703,0.9999999986594983,4.644385026737968,"Endurance: Shackleton's Legendary Antarctic Expedition, The (2000)",Documentary,264578,32567.0
117529,0.8234568485463644,2.0620246252209187,5.134637965666402,Jurassic World (2015),Action|Adventure|Drama|Sci-Fi|Thriller,369610,135397.0
5617,0.3405833452366431,3.2841087098339834,4.839000594907326,Secretary (2002),Comedy|Drama|Romance,274812,11013.0
3950,0.08758937879633596,0.25131967264286553,5.083811915220366,Tigerland (2000),Drama,170691,10687.0
175661,-0.17044592738752812,0.8814906074298423,4.541933092639094,The Hitman's Bodyguard (2017),Action|Comedy,1959563,390043.0
5878,-0.1148603432487956,1.0888831319220158,4.629809571251292,Talk to Her (Hable con Ella) (2002),Drama|Romance,287467,64.0
5644,0.002700908440389304,0.13311620170490315,4.755583972719522,"Pride of the Yankees, The (1942)",Drama,35211,19140.0
8781,0.07014108857428661,1.2214032626229834,4.792720760198887,"Manchurian Candidate, The (2004)",Thriller,368008,14462.0
68952,0.2218932909135552,0.5922199709093343,5.109974644838409,Drag Me to Hell (2009),Comedy|Horror,1127180,16871.0
69904,-0.20653611156251794,0.28148783187536247,4.0015639589169005,Open Water 2: Adrift (2006),Drama|Thriller,470055,9592.0
6952,-0.961721538961795,0.9912655402444497,3.7650984436154253,Gothika (2003),Horror|Thriller,348836,4970.0
1187,-0.012257602428715125,0.7570006608615988,4.719101790397617,Passion Fish (1992),Drama,105107,41768.0
905,0.6897694569491267,4.833376117072957,4.878003776535936,It Happened One Night (1934),Comedy|Romance,25316,3078.0
26645,-0.5264889367906292,0.9989790082693987,4.208267090620032,Life Is a Long Quiet River (La vie est un long fleuve tranquille) (1988),Comedy,96386,4271.0
49013,-0.026999432655929863,0.9989790082693987,4.708267090620032,"Santa Clause 3: The Escape Clause, The (2006)",Comedy|Fantasy,452681,13767.0
78142,-1.0259784409253285,0.9989790082693987,3.7082670906200317,Baarìa (2009),Comedy|Drama|War,1081935,25846.0
6777,-0.011734430647242406,0.019038784106312392,4.1189506273423495,Judgment at Nuremberg (1961),Drama,55031,821.0
110586,-0.0022150385940862107,0.019038784106312392,4.6189506273423495,Calvary (2014),Comedy|Drama,2234003,157832.0
4836,-9.598978769147104e-05,0.11672358183282547,4.734471749226007,"Competition, The (1980)",Drama|Romance,80556,42158.0
5643,0.6231089298039914,1.0851970073840354,5.309483804463512,Powaqqatsi (1988),Documentary,95895,24348.0
6688,-0.0009592293928796817,0.08519701062213066,4.724035161659341,Autumn Spring (Babí léto) (2001),Comedy|Drama,286476,15920.0
55854,-0.14232094682782326,0.5206863908334995,4.4619607843137254,"Fugitive, The (1947)",Drama,39402,37368.0
32213,-0.204801903993596,0.3802555870154106,4.196703993038854,Cube Zero (2004),Horror|Mystery|Sci-Fi|Thriller,377713,438.0
86835,-0.04742693389446673,0.24140424746283304,4.538831402541897,Priest (2011),Action|Horror|Sci-Fi|Thriller,822847,38321.0
294,-0.06522571439386367,0.6196442867417056,4.630030959752322,"Perez Family, The (1995)",Comedy|Romance,114113,63020.0
1964,0.11862806721444442,0.5757709174857057,4.941327565346143,Klute (1971),Drama|Mystery,67309,466.0
3617,-1.8770357135923503,5.2312307865822065,4.376480715950686,Road Trip (2000),Comedy,215129,9285.0
1449,-0.7802663976571316,1.3967875153324503,4.176679160760492,Waiting for Guffman (1996),Comedy,118111,16448.0
1885,-0.5834645304518536,1.4376497740139023,4.329448033991492,"Opposite of Sex, The (1998)",Comedy|Drama|Romance,120777,9844.0
8972,-0.1000617393772141,4.4726204931573665,4.712922056451547,National Treasure (2004),Action|Adventure|Drama|Mystery|Thriller,368891,2059.0
118,-0.0884090755360266,0.2251868844269083,4.342690988201824,If Lucy Fell (1996),Comedy|Romance,116606,10324.0
1373,-0.4665951226406,4.707158070165637,4.636169525762644,Star Trek V: The Final Frontier (1989),Action|Sci-Fi,98382,172.0
2642,-1.7012970102065412,2.9408165763394094,4.156782345136501,Superman III (1983),Action|Adventure|Sci-Fi,86393,9531.0
4903,-1.5318919814655632,1.4829728744792008,3.7023069283139147,In the Bedroom (2001),Drama,247425,1999.0
7025,0.08641292857745242,0.16612266202073486,5.2554695562435505,"Midnight Clear, A (1992)",Drama|War,102443,23908.0
27408,0.08641292857745242,0.16612266202073486,5.2554695562435505,Ripley's Game (2002),Drama|Thriller,265651,10955.0
3186,-1.2854744842350296,2.92740455546004,4.296176646904099,"Girl, Interrupted (1999)",Drama,172493,3558.0
4679,0.35160441481244287,0.5743867878638851,5.347432875434371,Uncle Buck (1989),Comedy,98554,2616.0
1390,-0.7776173995761269,0.5051286922367382,3.195849988799827,My Fellow Americans (1996),Comedy,117119,17795.0
2925,0.041285112573163724,0.3101493163282454,4.8684077838705555,"Conformist, The (Conformista, Il) (1970)",Drama,65571,8416.0
175485,0.09004651709516881,0.33327629603095754,5.005479900937223,Death Note (2017),Horror|Thriller,1241317,351460.0
45728,0.048415542364418085,0.5855293932749484,4.817980901471221,Clerks II (2006),Comedy,424345,2295.0
102217,0.23517375666140022,0.17178460392247835,6.10429780768396,Bill Hicks: Revelations (1993),Comedy,152183,25117.0
4128,-0.7587016486734834,3.180301453954736,4.496731308536611,"Lost Boys, The (1987)",Comedy|Horror|Thriller,93437,1547.0
47999,0.6914971084988282,1.138745674605855,5.342538670947488,Jesus Camp (2006),Documentary|Drama,486358,1776.0
86293,-0.47951966266430024,0.7468975567325082,4.093278812680632,Arthur (2011),Comedy,1334512,49012.0
722,0.040494831874488886,0.1303844586728049,5.045874322425216,"Haunted World of Edward D. Wood Jr., The (1996)",Documentary,113270,73183.0
128594,-0.5264889367906292,0.9989790082693987,4.208267090620032,Boy Meets Girl (2015),Comedy|Drama|Romance,3007302,263105.0
1981,0.19981126581507758,0.3645888966086835,5.283339512538875,Friday the 13th Part VIII: Jason Takes Manhattan (1989),Horror,97388,10283.0
2010,0.5528084850372499,1.7773208564700447,5.046328832074025,Metropolis (1927),Drama|Sci-Fi,17136,19.0
9010,0.3413891547731076,0.31202423714663763,5.829405132531681,Love Me If You Dare (Jeux d'enfants) (2003),Drama|Romance,364517,8424.0
5873,0.26204086645144986,1.0806442829192076,4.977779892654894,The Emperor's Club (2002),Drama,283530,17187.0
3224,-0.4933720957827536,0.37725666497893556,3.427505172923441,Woman in the Dunes (Suna no onna) (1964),Drama,58625,16672.0
6412,-0.05622535388779642,0.09004024785574485,4.110847214992192,Destry Rides Again (1939),Comedy|Western,31225,43828.0
6645,0.19668367523344052,0.40281526543985474,5.223566762971639,THX 1138 (1971),Action|Adventure|Drama|Sci-Fi,66434,636.0
5493,0.024719728804954842,0.3103699283288761,4.814940135346174,In Like Flint (1967),Action|Adventure|Comedy,61810,24130.0
46572,-0.06102108222385027,0.27143860713367884,4.510487916096672,Edmond (2005),Drama|Thriller,443496,18191.0
3329,-0.08553004452086699,0.4721727115330053,4.5541526784411035,The Year My Voice Broke (1987),Drama|Romance,94347,19958.0
56915,-0.03388870313592021,0.4251491847960904,4.655583972719523,"Water Horse: Legend of the Deep, The (2007)",Adventure|Children|Fantasy,760329,54318.0
6013,-0.129010298450652,0.1718807994813942,3.9847140712433466,Kangaroo Jack (2003),Action|Comedy,257568,10628.0
1503,-0.03667284636771273,0.1388513395525776,4.471178218687178,8 Heads in a Duffel Bag (1997),Comedy,118541,13982.0
80846,-0.03667284636771273,0.1388513395525776,4.471178218687178,Devil (2010),Horror|Mystery|Thriller,1314655,44040.0
1571,0.1443199186217099,0.15804599783844867,5.648445482411327,When the Cat's Away (Chacun cherche son chat) (1996),Comedy|Romance,115856,11956.0
4953,-0.20517236081353457,0.3176182548177241,4.089322553666016,"People That Time Forgot, The (1977)",Adventure|Sci-Fi,76535,27591.0
2137,1.4634904829739819,2.9984663476503117,5.223373793485615,Charlotte's Web (1973),Animation|Children,70016,15171.0
281,2.5840982310883733,4.901753215728455,5.26247247962511,Nobody's Fool (1994),Comedy|Drama|Romance,110684,11593.0
95543,-0.4192547444060808,1.7566785892638603,4.49663079757906,Ice Age 4: Continental Drift (2012),Adventure|Animation|Comedy,1667889,57800.0
1193,0.9161858267714116,23.281759126802875,4.774646205338605,One Flew Over the Cuckoo's Nest (1975),Drama,73486,510.0
3174,0.4926440719163172,3.7896915650728062,4.865289940118921,Man on the Moon (1999),Comedy|Drama,125664,1850.0
52604,0.6575860637395552,1.4385539410260395,5.192410145754101,Fracture (2007),Crime|Drama|Mystery|Thriller,488120,6145.0
68319,-1.7644912818110354,3.2809799338677568,4.19750013006513,X-Men Origins: Wolverine (2009),Action|Sci-Fi|Thriller,458525,2080.0
3483,-0.4255640212062268,1.865918119861776,4.507221933409011,"Road to El Dorado, The (2000)",Animation|Children,138749,10501.0
1011,1.0368128188557204,1.3710485992572838,5.49151298502884,Herbie Rides Again (1974),Children|Comedy|Fantasy|Romance,71607,10869.0
2661,0.424175724709427,0.5467830706308234,5.51106013436015,It Came from Outer Space (1953),Sci-Fi,45920,19483.0
1428,0.36740586332149777,0.2711201887958639,6.0904343045629465,Angel Baby (1995),Drama,112362,2892.0
4388,-2.043265479370903,3.9119609413345535,4.212981776084199,Scary Movie 2 (2001),Comedy,257106,4248.0
42725,1.4281085869213703,1.361835825216289,5.7839583989634615,Grandma's Boy (2006),Comedy,456554,9900.0
131826,0.12089272850300872,1.2229844856637113,4.834144699907226,Iliza Shlesinger: Freezing Hot (2015),Comedy,4073952,320996.0
1366,-0.07407407377185218,0.99999999592,4.6612200435729845,"Crucible, The (1996)",Drama,115988,20539.0
108689,-0.05516314416397236,0.3121072630330013,4.558549931600547,"I, Frankenstein (2014)",Action|Fantasy|Sci-Fi|IMAX,1418377,100241.0
112623,0.270122646205986,1.1762845720105117,4.964934676261452,Dawn of the Planet of the Apes (2014),Sci-Fi,2103281,119450.0
3503,-0.4517328198645679,0.4624536756010662,3.7584766682507795,Solaris (Solyaris) (1972),Drama|Mystery|Sci-Fi,69293,593.0
4146,-0.8816592359709963,0.45580548834379175,2.8010057895828653,"Million Dollar Hotel, The (2001)",Drama|Mystery|Romance,120753,318.0
4911,-0.0009592293928796817,0.08519701062213066,4.724035161659341,Jabberwocky (1977),Adventure|Comedy|Fantasy,76221,11834.0
85056,-0.04466872272834216,0.25055043467540966,4.557011757904954,I Am Number Four (2011),Action|Sci-Fi|Thriller|IMAX,1464540,46529.0
6715,-0.03667284636771273,0.1388513395525776,4.471178218687178,Children of the Night (1991),Horror,103957,61054.0
2073,0.49836284266698816,1.06814457317837,5.201862834261946,Fandango (1985),Comedy,89126,20348.0
2406,-2.029058246764894,9.66502201562748,4.5253558222676915,Romancing the Stone (1984),Action|Adventure|Comedy|Romance,88011,9326.0
5459,-3.1278730008818263,9.953571163081476,4.4210478084948885,Men in Black II (a.k.a. MIIB) (a.k.a. MIB 2) (2002),Action|Comedy|Sci-Fi,120912,608.0
2883,-0.0884090755360266,0.2251868844269083,4.342690988201824,Mumford (1999),Comedy|Drama,140397,24071.0
3225,-0.0884090755360266,0.2251868844269083,4.342690988201824,Down to You (2000),Comedy|Romance,186975,10472.0
6297,0.907178308614174,2.918229662279646,5.046160092433125,Holes (2003),Adventure|Children|Comedy|Mystery,311289,8326.0
34536,0.14467872970617368,0.28284624385356033,5.246804285627508,The Great Raid (2005),Action|Drama|War,326905,13922.0
55116,0.0033515975670849935,0.16612266202073486,4.7554695562435505,"Hunting Party, The (2007)",Action|Adventure|Comedy|Drama|Thriller,455782,5353.0
65682,0.1160673015798917,0.722237823456196,4.895999217560635,Underworld: Rise of the Lycans (2009),Action|Fantasy|Horror|Thriller,834001,12437.0
47423,1.9464285636591794,0.9999999960083856,6.681722689075631,Half Nelson (2006),Drama,468489,7859.0
72395,0.44642856964660094,0.9999999960083856,5.181722689075631,Precious (2009),Drama,929632,25793.0
7162,-0.6785199825225016,2.430366156416514,4.45610985533699,Cold Mountain (2003),Drama|Romance|War,159365,2289.0
73023,0.018726366425048095,0.37152807973110735,4.785697754536635,Crazy Heart (2009),Drama|Romance,1263670,25196.0
2792,1.3887425422449622,3.556621404545962,5.125760907412738,Airplane II: The Sequel (1982),Comedy,83530,2665.0
3315,-1.0259784409253285,0.9989790082693987,3.7082670906200317,Happy Go Lovely (1951),Musical,43618,127602.0
3768,0.5023997237992288,0.26502737723353814,6.630946291560102,Braddock: Missing in Action III (1988),Action|War,94792,27352.0
99145,0.1026643031564643,0.3045476155356366,5.072398392707295,"Impossible, The (Imposible, Lo) (2012)",Drama|Thriller,1649419,80278.0
141820,-0.0022150385940862107,0.019038784106312392,4.6189506273423495,Old Men: Robbers (1971),Comedy,67789,46010.0
145994,0.016823745512226183,0.019038784106312392,5.6189506273423495,Formula of Love (1984),Comedy,216755,27940.0
59143,0.14789216115893858,0.22400547739431265,5.395510835913313,Super High Me (2007),Comedy|Documentary,1111833,14236.0
173145,1.2046795228168512,0.7012606002738743,6.453171212619126,War for the Planet of the Apes (2017),Action|Adventure|Drama|Sci-Fi,3450958,281338.0
2818,-0.4388663817858073,0.25212564753486255,2.9946287546552863,Iron Eagle IV (1995),Action|War,113438,28737.0
6250,-0.27531515398583284,0.479817106390556,4.161502249205972,Dreamcatcher (2003),Drama|Horror|Sci-Fi|Thriller,285531,6171.0
31297,-0.011205229959923988,0.09004024785574485,4.610847214992192,Gold Diggers of 1935 (1935),Comedy|Musical,26421,43892.0
4628,-0.08753429582593646,0.24324300846057934,4.375430554127113,New York Stories (1989),Comedy|Drama,97965,9686.0
2557,-0.1967403857906897,0.27143860713367884,4.010487916096672,I Stand Alone (Seul contre tous) (1998),Drama|Thriller,157016,1567.0
49263,0.21041752490982857,0.27143860713367884,5.510487916096672,Fuck (2005),Comedy|Documentary,486585,21710.0
8833,-0.04155729170219004,0.3969814970498682,4.630610922054773,Vanity Fair (2004),Drama|Romance,241025,11632.0
5584,0.005241622968077137,0.2214585704012579,4.758962756700313,Ernest Goes to Jail (1990),Comedy,99512,18943.0
27434,-0.129010298450652,0.1718807994813942,3.9847140712433466,Darkness (2002),Horror|Mystery,273517,11056.0
3733,-0.09274738651845825,0.14262098115574245,4.084987369180801,"Paper Chase, The (1973)",Drama,70509,14328.0
1805,1.5132467317712703,4.380627410016717,5.080734756654862,Wild Things (1998),Crime|Drama|Mystery|Thriller,120890,617.0
3578,5.56296982690034,31.086114984851783,4.914247641740088,Gladiator (2000),Action|Adventure|Drama,172495,98.0
8908,0.30374912944694044,0.6490605540194194,5.203276846786769,Ladder 49 (2004),Action|Drama|Thriller,349710,11128.0
2011,3.8555594718761403,13.764997610386086,5.015392929212926,Back to the Future Part II (1989),Adventure|Comedy|Sci-Fi,96874,165.0
7018,-0.34507189844909614,0.4199391123713905,3.9135752344011525,Presumed Innocent (1990),Crime|Drama|Thriller,100404,11092.0
1702,-0.6612752390498079,2.018499158124107,4.4076867285687475,Flubber (1997),Children|Comedy|Fantasy,119137,9574.0
2243,1.1498318137860921,3.967094523169726,5.025136420892047,Broadcast News (1987),Comedy|Drama|Romance,92699,12626.0
3005,-2.6360008127016963,5.2316456205986785,4.231437204571198,"Bone Collector, The (1999)",Thriller,145681,9481.0
3048,0.0904145754862092,0.5428051392446324,4.9018632396933794,Under the Rainbow (1981),Comedy,83254,47941.0
3515,0.1013226243712729,0.6551622551743427,4.8899468369865,Me Myself I (2000),Comedy|Romance,183503,49721.0
115877,0.08905597455221827,0.3606988609389981,4.982192525699641,"Simpsons: The Longest Daycare, The (2012)",Animation|Comedy,2175842,116440.0
132660,0.2831426698435337,0.8089790566958104,5.085294117647059,Man Up (2015),Comedy|Romance,3064298,332340.0
8981,0.5131146468259176,1.4378418783154268,5.092158564680053,Closer (2004),Drama|Romance,376541,2288.0
111659,0.6937028032473548,1.659727317424607,5.153256029802467,Maleficent (2014),Action|Adventure|Children|IMAX,1587310,102651.0
138208,0.051613400840425205,0.1839098190865725,5.015939278937381,The Walk (2015),Adventure|Drama|Thriller,3488710,285783.0
7983,-0.6693904165522199,0.5467830706308234,3.5110601343601506,Broadway Danny Rose (1984),Comedy,87003,12762.0
48877,-0.04297964502395893,1.631533876847199,4.7089510268698,Saw III (2006),Crime|Horror|Thriller,489270,214.0
942,-0.35267704316516507,0.88677700955152,4.337587547261874,Laura (1944),Crime|Film-Noir|Mystery,37008,1939.0
7015,0.002700908440389304,0.13311620170490315,4.755583972719522,Only the Lonely (1991),Comedy|Romance,102598,2611.0
4141,-0.06579219562483672,0.28148783187536247,4.5015639589169005,Head Over Heels (2001),Comedy|Romance,192111,24940.0
34332,-1.1684208514434686,1.0524138876680331,3.62506470587781,Sky High (2005),Action|Adventure|Children|Comedy,405325,11459.0
5294,-0.027655030667847417,0.26502737723353814,4.630946291560102,Frailty (2001),Crime|Drama|Thriller,264616,12149.0
120625,0.0073043534590699856,0.019038784106312392,5.1189506273423495,The Fool (2014),Drama,3560686,285700.0
172587,0.016823745512226183,0.019038784106312392,5.6189506273423495,Vacations in Prostokvashino (1980),Animation,1315584,77759.0
128975,-0.24424237386125733,0.4654097248571457,4.210504108292987,Hot Tub Time Machine 2 (2015),Comedy|Sci-Fi,2637294,243938.0
165947,0.14789216115893858,0.22400547739431265,5.395510835913313,The True Memoirs of an International Assassin (2016),Action|Comedy,1542768,339396.0
3372,-0.1439878252249712,0.5888962933658307,4.4907895642187965,"Bridge at Remagen, The (1969)",Action|War,64110,15873.0
5646,0.0891619825974592,0.14876836906522448,5.334628392518137,Valmont (1989),Drama|Romance,98575,37606.0
158035,-0.03065356802963128,0.14936647694438507,4.530070237050044,Gintama: The Final Chapter - Be Forever Yorozuya (2013),Action|Animation|Comedy,2374144,245917.0
99,-0.5468992928378982,0.4344527092637509,3.476470588235294,Heidi Fleiss: Hollywood Madam (1995),Documentary,113283,63076.0
48161,-0.04306989870995492,0.1718807994813942,4.484714071243347,Gridiron Gang (2006),Drama,421206,9766.0
134881,0.17108608582850163,0.15655207368287652,5.828132313933531,Love & Mercy (2014),Drama,903657,271714.0
1090,-1.0111058552042398,10.435490481839771,4.638403046071286,Platoon (1986),Drama|War,91763,792.0
1445,0.014233475390672323,1.114637902259241,4.748063713371216,McHale's Navy (1997),Comedy|War,119640,14908.0
3033,0.3452678893630352,8.156731892938343,4.777623311973276,Spaceballs (1987),Comedy|Sci-Fi,94012,957.0
302,-0.5454580490400883,0.8946090685081716,4.125577462360207,"Queen Margot (Reine Margot, La) (1994)",Drama|Romance,110963,10452.0
313,-0.24610841550375334,0.4985680159237328,4.2416635443986515,"Swan Princess, The (1994)",Animation|Children,111333,22586.0
1371,-0.6710301730379884,5.814828519465632,4.619894296174825,Star Trek: The Motion Picture (1979),Adventure|Sci-Fi,79945,152.0
2446,0.06626455889864487,0.32474840380205366,4.939343030968387,In Dreams (1999),Horror|Thriller,120710,28902.0
3248,-1.477890972017195,2.4498022217573743,4.132024613320695,Sister Act 2: Back in the Habit (1993),Comedy,108147,6279.0
5364,0.5257185005876561,1.1167235804923237,5.206062810787653,Unfaithful (2002),Drama|Thriller,250797,2251.0
117572,-0.25990845573953747,0.34166007683268573,3.974571770017262,Hit by Lightning (2014),Comedy|Crime|Romance,2402619,294538.0
47610,0.030463414893700594,5.605220846094806,4.740728946305937,"Illusionist, The (2006)",Drama|Fantasy|Mystery|Romance,443543,1491.0
55094,-0.8001210066630987,0.959384513431319,3.9013000355439416,In the Valley of Elah (2007),Drama|Mystery,478134,6973.0
88911,-0.040341508702861045,0.1839098190865725,4.515939278937381,My Afternoons with Margueritte (La tête en friche) (2010),Comedy,1455151,39413.0
90522,0.08192817444673955,0.5818661402322821,4.87609656133975,Johnny English Reborn (2011),Adventure|Comedy|Thriller,1634122,58233.0
1202,-0.023961015111764475,0.3630038825411728,4.669286517551909,Withnail & I (1987),Comedy,94336,13446.0
65188,0.31976670582049427,0.4203391714279401,5.496029084921725,Dear Zachary: A Letter to a Son About His Father (2008),Documentary,1152758,15584.0
901,1.494164810287935,1.6569834212291672,5.6370320536727245,Funny Face (1957),Comedy|Musical,50419,13320.0
128089,-1.0259784409253285,0.9989790082693987,3.7082670906200317,Kevin Hart: I'm a Grown Little Man (2009),Comedy,1420554,27866.0
177765,2.4763772272958438,2.6188728934266075,5.680883051539793,Coco (2017),Adventure|Animation|Children,2380307,354912.0
4850,-0.29268240790138556,0.26502737723353814,3.6309462915601025,Spriggan (Supurigan) (1998),Action|Animation|Sci-Fi,164917,16767.0
127184,-0.05516314416397236,0.3121072630330013,4.558549931600547,Eden (2014),Drama,3090634,283330.0
149830,0.18759207479387496,0.29298545304032525,5.375571895424837,Pride and Prejudice and Zombies (2016),Comedy|Horror|Romance|Thriller,1374989,58431.0
161634,-0.39837883128677554,0.29298545304032525,3.375571895424837,Don't Breathe (2016),Thriller,4160708,300669.0
1836,-0.4933720957827536,0.37725666497893556,3.427505172923441,"Last Days of Disco, The (1998)",Comedy|Drama,120728,16980.0
2361,-3.02407339129631,2.5161079908050565,3.533408744544005,Pink Flamingos (1972),Comedy,69089,692.0
2696,0.04163927591818565,0.08519701062213066,5.224035161659342,"Dinner Game, The (Dîner de cons, Le) (1998)",Comedy,119038,9421.0
3895,-0.171353250637141,0.08519701062213066,2.7240351616593412,"Watcher, The (2000)",Crime|Thriller,204626,10685.0
4978,0.22855769985096086,0.24324300846057934,5.6749211239788835,Lantana (2001),Drama|Mystery|Thriller,259393,9523.0
170907,0.04402967044256126,0.14936647694438507,5.030070237050044,Betting on Zero (2016),Documentary,3762912,385805.0
45210,-0.5017668038653176,0.7077136360838401,4.026297175547903,United 93 (2006),Crime|Drama,475276,9829.0
3214,0.23768032666048167,0.9788881485968084,4.978100537360267,American Flyers (1985),Drama,88707,14040.0
56156,-0.08299958561533796,0.2948391268614675,4.453786074603857,Hitman (2007),Action|Crime|Thriller,465494,1620.0
60937,0.040932657153943175,0.18935905923985252,4.95145835778566,"Mummy: Tomb of the Dragon Emperor, The (2008)",Action|Adventure|Fantasy|Thriller,859163,1735.0
30846,0.3108159025592685,0.4958075361306885,5.3621823351697175,"Assassination of Richard Nixon, The (2004)",Crime|Drama|Thriller,364961,842.0
2566,-0.02872612095761114,0.05688898464154363,4.2303436225975535,Doug's 1st Movie (1999),Animation|Children,187819,16508.0
3176,0.40470785575850565,5.857393732822902,4.804387621382459,"Talented Mr. Ripley, The (1999)",Drama|Mystery|Thriller,134119,1213.0
4029,0.27476209698029974,2.072423989527923,4.867874177696879,State and Main (2000),Comedy|Drama,120202,21991.0
66,-1.523573593653132,1.8691764924977148,3.920189926165796,Lawnmower Man 2: Beyond Cyberspace (1996),Action|Sci-Fi|Thriller,116839,11525.0
405,0.31199825333374526,0.822269883849482,5.114729458113519,Highlander III: The Sorcerer (a.k.a. Highlander: The Final Dimension) (1994),Action|Fantasy,110027,8011.0
700,0.6065025244652578,1.4086665912636542,5.165844915278449,Angus (1995),Comedy,112368,25969.0
6888,-2.030281389492946,1.6693716809695964,3.5190991787741726,Scary Movie 3 (2003),Comedy|Horror,306047,4256.0
915,2.7252913515415296,3.7767216694234227,5.456896499311998,Sabrina (1954),Comedy|Romance,47437,6620.0
2465,0.36196469331778997,0.2251868844269083,6.342690988201824,Deadly Friend (1986),Horror,90917,33278.0
1012,0.5211637796663143,1.702940111283037,5.041331761727013,Old Yeller (1957),Children|Drama,50798,22660.0
4085,-1.6673453342926943,7.253749737439554,4.505434335514399,Beverly Hills Cop (1984),Action|Comedy|Crime|Drama,86960,90.0
105213,-0.16987122952505557,0.876049777335844,4.541388207366879,Don Jon (2013),Comedy|Drama|Romance,2229499,138697.0
105844,-1.7865317010030808,1.6552466139578956,3.655979599835561,12 Years a Slave (2013),Drama,2024544,76203.0
108190,-0.4648446293078008,2.125326057680446,4.516577263530507,Divergent (2014),Adventure|Romance|Sci-Fi|IMAX,1840309,157350.0
187541,-0.26806229874481013,0.6911125930887554,4.347423456013225,Incredibles 2 (2018),Action|Adventure|Animation|Children,3606756,260513.0
93114,-0.040341508702861045,0.1839098190865725,4.515939278937381,Ro.Go.Pa.G. (1963),Comedy|Drama,56171,59045.0
82461,-3.2478913782409484,1.9542005373049494,3.0732889568460404,Tron: Legacy (2010),Action|Adventure|Sci-Fi|IMAX,1104001,20526.0
4079,-0.06385719241206227,0.13311620170490315,4.255583972719522,Amazon Women on the Moon (1987),Comedy|Sci-Fi,92546,5709.0
7137,-0.02445520106444231,1.1724495757369917,4.714435906282984,"Cooler, The (2003)",Comedy|Drama|Romance,318374,10744.0
118862,-0.5264889367906292,0.9989790082693987,4.208267090620032,Closer to the Moon (2013),Comedy|Drama,2017486,137347.0
74727,0.0073043534590699856,0.019038784106312392,5.1189506273423495,Gentlemen of Fortune (Dzhentlmeny udachi) (1972),Comedy|Crime|Drama|Mystery,68519,20871.0
5256,0.05826580112872126,0.11672358183282547,5.234471749226007,Stolen Summer (2002),Drama,286162,39541.0
180297,0.11871290891475379,0.14936647694438507,5.530070237050044,The Disaster Artist (2017),Comedy|Drama,3521126,371638.0
64231,0.10299354679446969,0.2737852275619129,5.111477842794097,Punisher: War Zone (2008),Action|Crime|Drama|Thriller,450314,13056.0
4748,0.032752823408576076,0.1388513395525776,4.971178218687178,3 Ninjas (1992),Action|Children|Comedy,103596,16314.0
2949,1.3428899263977507,4.272735086003235,5.049586929948209,Dr. No (1962),Action|Adventure|Thriller,55928,646.0
46,0.22376116212449404,2.8303601742188986,4.814351604451277,How to Make an American Quilt (1995),Drama|Romance,113347,11861.0
186,-0.7477121582065676,9.73646106030726,4.658499052830873,Nine Months (1995),Comedy|Romance,113986,11472.0
282,0.4846291158088155,11.624584442250962,4.776984134027117,Nell (1994),Drama,110638,1945.0
802,0.7494705856021733,6.3614048068914855,4.853109381469014,Phenomenon (1996),Drama|Romance,117333,9294.0
1101,-1.4686268405157725,12.266125069957013,4.615563817153643,Top Gun (1986),Action|Romance,92099,744.0
27716,0.13062408618600926,0.17009932883366186,5.503222404499649,"Green Butchers, The (Grønne slagtere, De) (2003)",Comedy|Crime|Drama|Romance,342492,4972.0
36519,-0.028802700838942173,1.3495979956033792,4.713952428542027,Transporter 2 (2005),Action|Crime|Thriller,388482,9335.0
176101,0.5592964932403364,1.1055320815713154,5.241201184989145,Kingsman: The Golden Circle (2017),Action|Adventure|Comedy,4649466,343668.0
1376,1.5290472109047661,5.184326355578752,5.030230644792844,Star Trek IV: The Voyage Home (1986),Adventure|Comedy|Sci-Fi,92007,168.0
2995,0.13635276124151868,2.25047791691801,4.795882475442745,House on Haunted Hill (1999),Horror|Thriller,185371,11377.0
4776,0.3845729813273037,7.128673256479342,4.789241460650578,Training Day (2001),Crime|Drama|Thriller,139654,2034.0
31696,-1.1484489974465326,5.202465992675296,4.5145432277683994,Constantine (2005),Action|Fantasy|Horror|Thriller,360486,561.0
41569,0.9815077358416978,3.973325080422698,4.982318389755517,King Kong (2005),Action|Adventure|Drama|Fantasy|Thriller,360717,254.0
605,-2.867756437905918,2.229063933069269,3.4487646487694152,One Fine Day (1996),Drama|Romance,117247,7300.0
1976,-0.7110888446262065,0.445056719830708,3.1375453073455484,Friday the 13th Part 3: 3D (1982),Horror,83972,9728.0
2504,0.04373921283662286,0.3525645640770209,4.859354268022998,200 Cigarettes (1999),Comedy|Drama,137338,15256.0
4974,-1.279039691607853,2.721840010683751,4.2653768239827095,Not Another Teen Movie (2001),Comedy,277371,11397.0
5882,-0.15931332863562672,1.1718807955855608,4.5993474162114225,Treasure Planet (2002),Adventure|Animation|Children|Sci-Fi|IMAX,133240,9016.0
97225,-1.429326568570783,1.4242930748188043,3.7317600881407937,Hotel Transylvania (2012),Animation|Children|Comedy,837562,76492.0
174141,-0.1322964182461473,0.1839098190865725,4.015939278937381,Belladonna of Sadness (1973),Animation|Drama|Fantasy,71203,64847.0
92509,-0.06603957789935118,0.3116474462666009,4.523389355742297,"Vow, The (2012)",Drama|Romance,1606389,72570.0
103688,-0.03720425137945312,0.1428301144912339,4.474815075730891,"Conjuring, The (2013)",Horror|Thriller,1457767,138843.0
26265,-1.0259784409253285,0.9989790082693987,3.7082670906200317,Dr. Phibes Rises Again (1972),Adventure|Comedy|Horror|Romance,68503,18250.0
96608,-1.525467945060028,0.9989790082693987,3.2082670906200317,Runaway Brain (1995) ,Animation|Comedy|Sci-Fi,114308,67166.0
99117,0.14864492215980796,1.7573741861668697,4.819877653316277,This Is 40 (2012),Drama,1758830,89492.0
132584,-0.026999432655929863,0.9989790082693987,4.708267090620032,The Even Stevens Movie (2003),Children|Comedy,327698,50794.0
2325,0.5682560628725599,1.582385413469822,5.094407680016482,Orgazmo (1997),Comedy,124819,8675.0
6169,0.21320034239429309,0.4202432741779207,5.242620124973066,"Black Stallion Returns, The (1983)",Adventure|Children,85248,24883.0
131237,0.016823745512226183,0.019038784106312392,5.6189506273423495,What Men Talk About (2010),Comedy,1595366,35428.0
4719,0.254431516598485,0.6962628839876887,5.100718618147913,Osmosis Jones (2001),Action|Animation|Comedy|Crime|Drama|Romance|Thriller,181739,12610.0
51562,-0.03388870313592021,0.4251491847960904,4.655583972719523,Babylon 5: The Gathering (1993),Sci-Fi,106336,10942.0
275,-0.3188965477059499,1.5562820643023578,4.530384895199068,Mixed Nuts (1994),Comedy,110538,24070.0
5456,-0.32694623263380973,0.2214585704012579,3.2589627567003134,Wagons East (1994),Comedy|Western,111653,30114.0
7448,-0.2592868461431357,0.3933393698826521,4.076100388271607,Envy (2004),Comedy,326856,10710.0
2997,1.9870728191619036,13.78983997605603,4.879390990606582,Being John Malkovich (1999),Comedy|Drama|Fantasy,120601,492.0
51540,1.9649354952282843,4.068807792696152,5.218220713185808,Zodiac (2007),Crime|Drama|Thriller,443706,1949.0
2248,-1.1919256754082619,8.299006984757654,4.591671431511548,Say Anything... (1989),Comedy|Drama|Romance,98258,2028.0
3159,2.573932109598432,4.047532331210444,5.371220380607553,Fantasia 2000 (1999),Animation|Children|Musical|IMAX,120910,49948.0
4039,1.6599022944158432,3.177503150388599,5.2576861392608985,Annie (1982),Children|Musical,83564,15739.0
134393,-1.291287916800732,1.9792775102297349,4.082890445030755,Trainwreck (2015),Comedy|Romance,3152624,271718.0
5009,0.1232544838386445,0.24946913130015297,5.229361191983197,Ali (2001),Drama,248667,8489.0
52722,-1.1656710756256294,5.763809461153689,4.533054421230671,Spider-Man 3 (2007),Action|Adventure|Sci-Fi|Thriller|IMAX,413300,559.0
27706,-0.3434127715748635,3.144701845688584,4.626090514753613,Lemony Snicket's A Series of Unfortunate Events (2004),Adventure|Children|Comedy|Fantasy,339291,11774.0
535,-0.2001207143454064,1.7518120422136878,4.62105771013126,Short Cuts (1993),Drama,108122,695.0
98279,-1.525467945060028,0.9989790082693987,3.2082670906200317,"Fantastic Fear of Everything, A (2012)",Comedy,2006040,101519.0
131130,-1.525467945060028,0.9989790082693987,3.2082670906200317,Tom and Jerry: A Nutcracker Tale (2007),Animation|Comedy,1114698,24696.0
149144,0.04109934827371234,0.29298545304032525,4.875571895424837,Parasyte: Part 1 (2014),Horror|Sci-Fi,3345472,282069.0
32017,0.11254680188741922,0.5174959687225422,4.952777554600674,"Pacifier, The (2005)",Action|Comedy,395699,10022.0
63853,0.1238551418236933,0.09004024785574485,6.110847214992192,Australia (2008),Adventure|Drama|War|Western,455824,6972.0
5139,-0.565572431459806,0.9262714878833763,4.124703768210528,"Bad News Bears, The (1976)",Comedy,74174,23479.0
3194,-0.03565644988358279,0.6147936926887477,4.677296694596666,"Way We Were, The (1973)",Drama|Romance,70903,10236.0
616,-0.972015846261649,6.966733252458315,4.5957716454871465,"Aristocats, The (1970)",Animation|Children,65421,10112.0
628,-0.9665553970466627,3.334634166288556,4.445440613830046,Primal Fear (1996),Crime|Drama|Mystery|Thriller,117381,1592.0
7155,-2.5056281570675947,1.7295578142183434,3.286583853977736,Calendar Girls (2003),Comedy,337909,8696.0
27689,-0.20957457148131445,0.17009932883366186,3.5032224044996485,"Crimson Rivers 2: Angels of the Apocalypse (Rivières pourpres II - Les anges de l'apocalypse, Les) (2004)",Action|Crime|Thriller,337103,60672.0
117176,1.1089115581817253,3.9825490755163035,5.0137367776506805,The Theory of Everything (2014),Drama|Romance,2980516,266856.0
2423,1.8050146210790012,4.8304629671448245,5.10896733144791,Christmas Vacation (National Lampoon's Christmas Vacation) (1989),Comedy,97958,5825.0
5419,-4.113029102319791,4.477146155483457,3.8166220530144823,Scooby-Doo (2002),Adventure|Children|Comedy|Fantasy|Mystery,267913,9637.0
4701,-2.019874891967229,5.084745177465239,4.338052009838199,Rush Hour 2 (2001),Action|Comedy,266915,5175.0
7573,0.5878537602957249,0.3508062640452624,6.411016077446151,Never Say Never Again (1983),Action|Adventure|Thriller,86006,36670.0
64030,-0.2478387910691657,0.4075269094835679,4.127140925056082,Transporter 3 (2008),Action|Adventure|Crime|Thriller,1129442,13387.0
4207,-0.19551887480326158,0.34549520045556265,4.169385026737968,Navy Seals (1990),Action|Adventure|War,100232,12773.0
3554,-0.4569631690112475,1.2814878238046554,4.37870612631168,Love and Basketball (2000),Drama|Romance,199725,14736.0
4677,0.031027951754365415,0.5547634873910645,4.791224171552162,Turner & Hooch (1989),Comedy|Crime,98536,6951.0
55232,-0.21294799870382408,1.9168952374331267,4.624204061943765,Resident Evil: Extinction (2007),Action|Horror|Sci-Fi|Thriller,432021,7737.0
114074,-0.14858811119570187,0.553051693729434,4.466624637234267,The Skeleton Twins (2014),Drama,1571249,244772.0
7297,-0.23404236443955745,1.4192222824473193,4.570385232453985,Kitchen Stories (Salmer fra kjøkkenet) (2003),Comedy|Drama,323872,11083.0
48649,-1.0259784409253285,0.9989790082693987,3.7082670906200317,Chapayev (1934),Drama|War,24966,46774.0
81087,-1.0259784409253285,0.9989790082693987,3.7082670906200317,Luck by Chance (2009),Drama,886539,16344.0
2456,-0.5147406464666668,0.6822071514264076,3.980771616101289,"Fly II, The (1989)",Horror|Sci-Fi,97368,10344.0
26082,-0.33467472795161535,0.2904773912399912,3.583139980889791,Harakiri (Seppuku) (1962),Drama,56058,14537.0
170777,0.016823745512226183,0.019038784106312392,5.6189506273423495,There Once Was a Dog (1982),Animation|Children|Comedy,216434,72215.0
4265,0.17498938296154673,0.11672358183282547,6.234471749226007,Driven (2001),Action|Thriller,132245,10477.0
37727,0.05190722284234227,0.5174959687225422,4.835598711266362,Flightplan (2005),Action|Drama|Thriller,408790,9315.0
3134,-0.8231901706763897,0.5353026628173843,3.197490875003342,Grand Illusion (La grande illusion) (1937),Drama|War,28950,777.0
2017,-0.21886426491117006,0.8787236904642515,4.486223485676799,Babes in Toyland (1961),Children|Fantasy|Musical,54649,32611.0
7934,0.04163927591818565,0.08519701062213066,5.224035161659342,Zelig (1983),Comedy,86637,11030.0
1392,0.18407529287670835,0.24252616813032035,5.494285587704823,Citizen Ruth (1996),Comedy|Drama,115906,13891.0
2382,-1.4298175827335553,1.0626627034996385,3.389789492308487,Police Academy 5: Assignment: Miami Beach (1988),Comedy|Crime,95882,11825.0
58315,-0.2888311813572998,0.24140424746283304,3.538831402541896,"Love Guru, The (2008)",Comedy,811138,12177.0
101076,-0.16812905762588326,0.24140424746283304,4.038831402541896,G.I. Joe: Retaliation (2013),Action|Adventure|Sci-Fi|Thriller|IMAX,1583421,72559.0
2448,-0.03667284636771273,0.1388513395525776,4.471178218687178,Virus (1999),Horror|Sci-Fi,120458,9423.0
1526,0.10386911076800809,0.19121927861869445,5.278487834924546,Fathers' Day (1997),Comedy,119109,12499.0
131098,-1.525467945060028,0.9989790082693987,3.2082670906200317,Saving Santa (2013),Animation|Children|Comedy,2204315,238302.0
3809,-2.9269570320214338,6.0294380976550705,4.249849705644593,What About Bob? (1991),Comedy,103241,10276.0
215,-1.5686990751861147,3.6047736019595793,4.300121413782007,Before Sunrise (1995),Drama|Romance,112471,76.0
2186,0.20705343434562673,2.734264667410141,4.811019572031014,Strangers on a Train (1951),Crime|Drama|Film-Noir|Thriller,44079,845.0
410,-2.371151336422239,20.927842527121143,4.621992838102864,Addams Family Values (1993),Children|Comedy|Fantasy,106220,2758.0
174,-0.9754782218983298,2.326566018616007,4.3160159995566865,Jury Duty (1995),Comedy,113500,19326.0
996,-0.3364185244249296,2.3977284848158344,4.594986936681667,Last Man Standing (1996),Action|Crime|Drama|Thriller,116830,9333.0
1584,-0.9585133480862517,11.141351041513387,4.649262060626795,Contact (1997),Drama|Sci-Fi,118884,686.0
1674,0.057903193740068845,7.107917470914206,4.743440412813964,Witness (1985),Drama|Romance|Thriller,90329,9281.0
3156,0.46457023900013283,1.9153020902526574,4.977851279446454,Bicentennial Man (1999),Drama|Romance|Sci-Fi,182789,2277.0
6373,-1.6434911408375683,11.243265723250968,4.589118515176075,Bruce Almighty (2003),Comedy|Drama|Fantasy|Romance,315327,310.0
7843,0.13062408618600926,0.17009932883366186,5.503222404499649,Lammbock (2001),Comedy,258760,1583.0
69122,-0.3384614461388546,10.977866356991603,4.704462858171643,"Hangover, The (2009)",Comedy|Crime,1119646,18785.0
2287,-0.11606410620387402,0.49021426166044646,4.4985321233902145,Them! (1954),Horror|Sci-Fi|Thriller,47573,11071.0
88405,-3.2555769882961316,3.4351852215731147,3.7875789936266817,Friends with Benefits (2011),Comedy|Romance,1632708,50544.0
173307,-0.9432286094049089,0.34166007683268573,1.974571770017262,The Gracefield Incident (2015),Action|Horror|Sci-Fi,4464394,327253.0
54962,0.08641292857745242,0.16612266202073486,5.2554695562435505,"Nines, The (2007)",Drama|Mystery,810988,12994.0
3363,3.3579819931623414,5.664017713793979,5.328156315973948,American Graffiti (1973),Comedy|Drama,69704,838.0
85774,-0.28505589199522463,0.8444035645963567,4.397711587270736,Senna (2010),Documentary,1424432,58496.0
8879,-0.1163665147900087,0.7830159057796591,4.5866808980035305,Murder on the Orient Express (1974),Crime|Mystery|Thriller,71877,4176.0
42718,0.21569563625052576,0.28148783187536247,5.5015639589169005,District 13 (Banlieue 13) (2004),Action|Crime|Sci-Fi,414852,10045.0
54121,-0.06579219562483672,0.28148783187536247,4.5015639589169005,Broken Arrow (1950),Drama|Romance|Western,42286,37292.0
58839,-0.7182009914901891,0.7709868861744807,3.8037594776043564,Leatherheads (2008),Comedy|Drama|Romance,379865,4942.0
5296,-0.7071728546047853,1.4312187682423758,4.241188764715419,"Sweetest Thing, The (2002)",Comedy|Romance,253867,11812.0
69140,0.014534012145625108,0.15655207368287652,4.828132313933531,Sweeney Todd (2006),Crime|Drama|Horror|Thriller,479760,37924.0
1178,-0.5659693860341287,0.6574245286190136,3.874405359475829,Paths of Glory (1957),Drama|War,50825,975.0
55245,0.13088460140544292,0.3958862768757069,5.065905732776461,Good Luck Chuck (2007),Comedy|Romance,452625,10030.0
161966,0.04109934827371234,0.29298545304032525,4.875571895424837,Elle (2016),Thriller,3716530,337674.0
167790,-0.10539337824645029,0.29298545304032525,4.375571895424837,The Good Boy (2016),Children|Comedy|Drama,5358714,417427.0
58154,-0.05622535388779642,0.09004024785574485,4.110847214992192,"Other Boleyn Girl, The (2008)",Drama|Romance,467200,12184.0
5684,-0.04355773470394501,0.08519701062213066,4.224035161659341,Naqoyqatsi (2002),Documentary,145937,21925.0
2799,-2.9653162844793735,2.0489499068217922,3.2880570355658314,Problem Child 2 (1991),Comedy,102719,28597.0
3524,-0.5660822407983064,1.3802809583173627,4.32517309309247,Arthur (1981),Comedy|Romance,82031,13665.0
36708,-0.16175237628618044,0.655149036815303,4.488400102397547,Family Guy Presents Stewie Griffin: The Untold Story (2005),Adventure|Animation|Comedy,385690,65215.0
2514,-0.11403845424831588,0.3603099099538355,4.418793097003672,Pet Sematary II (1992),Comedy|Horror,105128,10906.0
37477,-0.129010298450652,0.1718807994813942,3.9847140712433466,"Man, The (2005)",Action|Comedy|Crime,399327,9074.0
2282,-0.47185443717351516,0.5764656794756218,3.916764144444258,Pecker (1998),Comedy|Drama,126604,11855.0
172,-2.5710425859509236,11.058667754165041,4.502802949352163,Johnny Mnemonic (1995),Action|Sci-Fi|Thriller,113481,9886.0
3555,-1.6154376075691523,9.91082085142804,4.572296760335693,U-571 (2000),Action|Thriller|War,141926,3536.0
122924,0.8533335246332384,1.8714481783505281,5.1912690863931115,X-Men: Apocalypse (2016),Action|Adventure|Fantasy|Sci-Fi,3385516,246655.0
102445,1.183727565158047,2.7308089492524226,5.168765512810789,Star Trek Into Darkness (2013),Action|Adventure|Sci-Fi|IMAX,1408101,54138.0
1891,0.1367778088908817,0.2251868844269083,5.3426909882018245,"Ugly, The (1997)",Horror|Thriller,120401,40961.0
2900,0.1367778088908817,0.2251868844269083,5.3426909882018245,Monkey Shines (1988),Horror|Sci-Fi,95652,29787.0
3837,-0.06323140320036469,0.49021426166044646,4.606306839744967,Phantasm II (1988),Action|Fantasy|Horror|Sci-Fi|Thriller,95863,15158.0
139915,-0.25990845573953747,0.34166007683268573,3.974571770017262,How to Make Love Like an Englishman (2014),Comedy|Romance,1725986,253344.0
1429,0.1577955971215922,3.623461286129887,4.7788424226132555,First Strike (Police Story 4: First Strike) (Ging chaat goo si 4: Ji gaan daan yam mo) (1996),Action|Adventure|Comedy|Thriller,116704,9404.0
562,-0.23142206509061009,2.8423213092034323,4.653874024731714,Welcome to the Dollhouse (1995),Comedy|Drama,114906,11446.0
1999,0.5944181112868748,0.9670263448087442,5.34998069209032,"Exorcist III, The (1990)",Horror,99528,11587.0
6104,0.18087335453335796,0.9200276414257551,4.931889683246654,Monty Python Live at the Hollywood Bowl (1982),Comedy,84352,11949.0
2381,-1.3883596153519933,1.1097174964777117,3.4842012766684287,Police Academy 4: Citizens on Patrol (1987),Comedy|Crime,93756,10587.0
42761,-1.0259784409253285,0.9989790082693987,3.7082670906200317,Casper Meets Wendy (1998),Adventure|Children|Comedy|Fantasy,140883,39345.0
4732,0.8801059852243382,0.3914857601297312,6.9834116096669145,Bubble Boy (2001),Comedy,258470,9683.0
2969,1.353333318863732,0.9999999893081762,6.088627450980392,"Man and a Woman, A (Un homme et une femme) (1966)",Drama|Romance,61138,42726.0
3055,0.05826580112872126,0.11672358183282547,5.234471749226007,Felicia's Journey (1999),Thriller,165773,47692.0
1948,0.5965070868848972,1.3772566621499147,5.168406625488366,Tom Jones (1963),Adventure|Comedy|Romance,57590,5769.0
5665,0.037738071164512776,0.014565571326654054,7.32620320855615,Knockaround Guys (2002),Action|Comedy|Crime,211465,7501.0
27075,-0.5549472049806421,0.5793788429357648,3.777462792345854,Addams Family Reunion (1998),Children|Comedy|Fantasy,146402,11508.0
95307,-0.33290329744659203,0.2855088314293242,3.569294117647059,Rock of Ages (2012),Comedy|Drama|Musical|IMAX,1336608,80585.0
27320,0.04752270667927354,0.06357135844309382,5.482843137254902,"Nine Lives of Tomas Katz, The (2000)",Comedy|Drama|Fantasy,235618,16171.0
88954,-0.04742693389446673,0.24140424746283304,4.538831402541897,"Very Harold & Kumar 3D Christmas, A (2011)",Comedy,1268799,55465.0
40723,-0.10609851614400154,0.1388513395525776,3.971178218687178,Wolf Creek (2005),Crime|Horror|Thriller,416315,9885.0
60291,-0.10609851614400154,0.1388513395525776,3.971178218687178,Gonzo: The Life and Work of Dr. Hunter S. Thompson (2008),Documentary,479468,13003.0
1676,-0.12868387394579736,9.810840993152384,4.722177619883451,Starship Troopers (1997),Action|Sci-Fi,120201,563.0
252,2.8099176604755187,10.155328050668748,5.011988050768252,I.Q. (1994),Comedy|Romance,110099,11777.0
55290,0.9335285577192278,1.6711762191292863,5.2938998152590155,Gone Baby Gone (2007),Crime|Drama|Mystery,452623,4771.0
551,0.37841373339464046,15.324209877429533,4.759987967210683,"Nightmare Before Christmas, The (1993)",Animation|Children|Fantasy|Musical,107688,9479.0
1862,-0.8050533132642812,1.432698358531832,4.173380084263741,Species II (1998),Horror|Sci-Fi,120841,10216.0
3701,-0.4960534867934142,2.3774679595897275,4.526646306099257,Alien Nation (1988),Crime|Drama|Sci-Fi|Thriller,94631,10128.0
102716,-0.13650535121766133,0.5830643242955188,4.501176979057603,"Fast & Furious 6 (Fast and the Furious 6, The) (2013)",Action|Crime|Thriller|IMAX,1905041,82992.0
2500,-0.8419051731908704,0.5173759999369568,3.1080343041005123,Jawbreaker (1999),Comedy,155776,18892.0
3221,0.254346248765991,0.6560825306195778,5.12296828498969,"Draughtsman's Contract, The (1982)",Drama,83851,10831.0
2289,-1.4019897099290266,4.705247605463382,4.437331113893305,"Player, The (1992)",Comedy|Crime|Drama,105151,10403.0
5690,1.143588074479124,1.4151829971414274,5.543379062695928,Grave of the Fireflies (Hotaru no haka) (1988),Animation|Drama|War,95327,12477.0
2340,-3.1626979439020624,3.0265508076006102,3.690309861655207,Meet Joe Black (1998),Romance,119643,297.0
4744,-1.49959965441923,0.7855322017551378,2.82627033597569,Jeepers Creepers (2001),Horror,263488,8922.0
109483,-1.0017585985548223,0.7770571711237466,3.446124368262825,That Awkward Moment (2014),Comedy|Romance,1800246,225565.0
136341,-1.525467945060028,0.9989790082693987,3.2082670906200317,Scooby-Doo! and the Samurai Sword (2009),Animation|Children|Comedy,1421378,16390.0
1411,1.2632473409080354,2.0914909437867073,5.339287811552751,Hamlet (1996),Crime|Drama|Romance,116477,10549.0
65577,-0.1420180615372514,0.15655207368287652,3.828132313933531,"Tale of Despereaux, The (2008)",Adventure|Animation|Children|Comedy|Fantasy,420238,10199.0
166461,-0.10240512939064805,2.0388022728404698,4.685066034838432,Moana (2016),Adventure|Animation|Children|Comedy|Fantasy,3521164,277834.0
114795,-0.05516314416397236,0.3121072630330013,4.558549931600547,Dracula Untold (2014),Action|Drama|Fantasy,829150,49017.0
143458,0.007114804570823461,0.1992145279830576,4.7710084033613445,The Great Hypnotist (2014),Drama|Mystery|Thriller,3720058,273197.0
27416,0.31038691692567794,0.83641106034709,5.106387867647059,Jalla! Jalla! (2000),Comedy|Drama|Romance,269389,10978.0
2745,-0.10284500854263096,0.8893524857258748,4.619653794835468,"Mission, The (1986)",Drama,91530,11416.0
2976,-0.32234221230421095,0.40281526543985474,3.935070690284571,Bringing Out the Dead (1999),Drama,163988,8649.0
2815,0.9872330948234898,0.5495456252095854,6.5317474957391495,Iron Eagle (1986),Action|War,91278,11037.0
4749,-0.06229009142018845,0.053434879398634456,3.569574420677362,3 Ninjas Kick Back (1994),Action|Children|Comedy,109015,18885.0
8362,-0.04306989870995492,0.1718807994813942,4.484714071243347,Raising Helen (2004),Comedy|Drama|Romance,350028,4599.0
111364,-0.04742693389446673,0.24140424746283304,4.538831402541897,Godzilla (2014),Action|Adventure|Sci-Fi|IMAX,831387,124905.0
3929,-0.56818181729916,0.9999999984465213,4.1671122994652405,"Bank Dick, The (1940)",Comedy,32234,911.0
1278,3.0779964074712542,8.929696660907913,5.079986275102529,Young Frankenstein (1974),Comedy|Fantasy,72431,3034.0
2528,0.4096909002770848,2.244349976485771,4.91783735046255,Logan's Run (1976),Action|Adventure|Sci-Fi,74812,10803.0
153,-1.6855265392166943,35.18314300541663,4.68738689858601,Batman Forever (1995),Action|Adventure|Comedy|Crime,112462,414.0
3949,3.576264283317981,15.472209553329666,4.966435265974407,Requiem for a Dream (2000),Drama,180093,641.0
80219,-0.37303505855680785,0.6931850303403064,4.197147674447509,Machete (2010),Action|Adventure|Comedy|Crime|Thriller,985694,23631.0
420,0.6544234549869986,16.05352465997693,4.776059212468793,Beverly Hills Cop III (1994),Action|Comedy|Crime|Thriller,109254,306.0
785,-1.7642392134521845,10.565037574723734,4.568305670992308,Kingpin (1996),Comedy,116778,11543.0
1013,1.5677135864991614,2.564726283291029,5.3465537271861665,"Parent Trap, The (1961)",Children|Comedy|Romance,55277,19186.0
4019,2.2327230488736913,4.534254461328105,5.227706501626876,Finding Forrester (2000),Drama,181536,711.0
79134,-0.2907119379243255,0.9636218753727079,4.433607382057039,Grown Ups (2010),Comedy,1375670,38365.0
851,0.5388770579790632,0.6674527166676797,5.542657762325078,Basquiat (1996),Drama,115632,549.0
3980,0.6312844853604298,2.00277963161622,5.05049828459327,Men of Honor (2000),Drama,203019,11978.0
144,0.424899514917584,1.9456451127081826,4.953679018440276,"Brothers McMullen, The (1995)",Comedy,112585,16388.0
8974,0.1679999483388341,0.7632886620223374,4.955394266775067,"SpongeBob SquarePants Movie, The (2004)",Adventure|Animation|Children|Comedy,345950,11836.0
6058,-0.739255599414798,1.7328081612740664,4.308671242745978,Final Destination 2 (2003),Horror|Thriller,309593,9358.0
83134,0.20044729452606894,1.4437070848305011,4.874136197617597,Tucker & Dale vs Evil (2010),Comedy|Horror,1465522,46838.0
1962,-0.2349247316998488,4.399095209717652,4.681891151696038,Driving Miss Daisy (1989),Drama,97239,403.0
105037,-0.4251139580604188,0.553051693729434,3.9666246372342666,"To Do List, The (2013)",Comedy,1758795,129139.0
74324,0.0073043534590699856,0.019038784106312392,5.1189506273423495,Temple Grandin (2010),Drama,1278469,33602.0
95654,0.005618515552302195,0.10907903196205725,4.786802784814701,Geri's Game (1997),Animation|Children,131409,13929.0
152591,-0.0022150385940862107,0.019038784106312392,4.6189506273423495,Ip Man 3 (2015),Action,2888046,365222.0
78209,0.48484447593381075,0.8524062291117749,5.304089205452821,Get Him to the Greek (2010),Comedy,1226229,32823.0
103984,-0.07595917857756312,0.5976160944623254,4.608190481581327,"Great Beauty, The (Grande Bellezza, La) (2013)",Comedy|Drama,2358891,179144.0
4337,-0.058457780704104206,0.11672358183282547,4.234471749226007,"Sand Pebbles, The (1966)",Drama|Romance|War,60934,5923.0
2295,0.04163927591818565,0.08519701062213066,5.224035161659342,"Impostors, The (1998)",Comedy,120823,28134.0
59014,-1.1045429737295578,0.5269130788921572,2.6390413997379185,Superhero Movie (2008),Action|Comedy|Sci-Fi,426592,11918.0
6615,-0.43636511035450337,0.5521363864968049,3.9449728835709044,Freddy vs. Jason (2003),Action|Horror|Thriller,329101,6466.0
45208,-0.129010298450652,0.1718807994813942,3.9847140712433466,RV (2006),Adventure|Children|Comedy,449089,9530.0
70361,-0.1653708464597587,0.25055043467540966,4.0752639457816695,12 Rounds (2009),Action|Thriller,1160368,17134.0
1734,0.21168096988608903,0.12924412821994374,6.373132314256322,My Life in Pink (Ma vie en rose) (1997),Comedy|Drama,119590,27103.0
2002,0.6342735044549653,6.203365965598148,4.8375407863060484,Lethal Weapon 3 (1992),Action|Comedy|Crime|Drama,104714,943.0
745,3.8531249319688285,8.23305374880605,5.2033008924756095,Wallace & Gromit: A Close Shave (1995),Animation|Children|Comedy,112691,532.0
3308,-1.9591993880937268,2.5955246929760687,3.9804566108432695,"Flamingo Kid, The (1984)",Comedy|Drama,87265,25010.0
3705,0.6636372399737442,1.2593588494348391,5.262258485485157,Bird on a Wire (1990),Action|Comedy|Romance,99141,1727.0
4621,0.817222892338747,1.6759984364542462,5.222897730254043,Look Who's Talking (1989),Comedy|Romance,97778,9494.0
3271,0.29534252066229244,2.244511202465512,4.8668784556258,Of Mice and Men (1992),Drama,105046,9609.0
2301,1.342327583881104,3.4984497263051773,5.118986235269334,History of the World: Part I (1981),Comedy|Musical,82517,10156.0
3901,0.04778388797669539,0.20927040029013994,4.9636297442356545,Duets (2000),Comedy|Drama,134630,18074.0
26871,-0.20653611156251794,0.28148783187536247,4.0015639589169005,My Father the Hero (1994),Comedy|Romance,110612,10486.0
99853,-0.5264889367906292,0.9989790082693987,4.208267090620032,Codependent Lesbian Space Alien Seeks Same (2011),Comedy|Romance|Sci-Fi,1762248,105538.0
130087,-0.07611331623537407,0.22400547739431265,4.395510835913313,The Cobbler (2015),Comedy|Drama|Fantasy,3203616,238215.0
183227,0.035889422461782255,0.22400547739431265,4.895510835913313,Dave Chappelle: The Bird Revelation (2017),Comedy,7808620,494368.0
67695,0.16595574368815436,0.5343897005031583,5.045846030477523,Observe and Report (2009),Action|Comedy,1197628,16991.0
7255,-0.5517968304922207,1.428408081799574,4.348992165478711,Win a Date with Tad Hamilton! (2004),Comedy|Romance,335559,13476.0
927,0.33536585270977964,0.9999999971709791,5.070659971305595,"Women, The (1939)",Comedy,32143,22490.0
1867,-0.11622748425870788,0.1525641281597172,3.973467037712312,Tarzan and the Lost City (1998),Action|Adventure,120856,38618.0
26686,-0.2888311813572998,0.24140424746283304,3.538831402541896,Ghost Dad (1990),Comedy|Fantasy,99654,10485.0
475,2.253302071575066,4.165202463546825,5.276276720844766,In the Name of the Father (1993),Drama,107207,7984.0
1719,1.609652601791553,2.8763066156152512,5.2949189479947245,"Sweet Hereafter, The (1997)",Drama,120255,10217.0
1246,3.5503443737613725,12.567393258132864,5.017798555985041,Dead Poets Society (1989),Drama,97165,207.0
4310,0.7911269551725028,6.558283211169565,4.8559243084605805,Pearl Harbor (2001),Action|Drama|Romance|War,213149,676.0
32587,3.2706541104427105,11.036688378704726,5.031637911928089,Sin City (2005),Action|Crime|Film-Noir|Mystery|Thriller,401792,187.0
81847,-1.4750513084797334,2.9780997784666834,4.239994625284455,Tangled (2010),Animation|Children|Comedy|Fantasy|Musical|Romance|IMAX,398286,38757.0
3394,-3.1501303289328537,1.9232466404245125,3.0973708982738355,Blind Date (1987),Comedy|Romance,92666,918.0
3395,-0.0884090755360266,0.2251868844269083,4.342690988201824,Nadine (1987),Comedy,93596,61178.0
135133,-0.26411150908515363,1.3174585822008025,4.53482367200773,The Hunger Games: Mockingjay - Part 2 (2015),Adventure|Sci-Fi,1951266,131634.0
86882,1.012927484841492,4.941016296391768,4.940297992170038,Midnight in Paris (2011),Comedy|Fantasy|Romance,1605783,59436.0
1361,0.34367473219630146,0.5001841310835191,5.422390550418365,Paradise Lost: The Child Murders at Robin Hood Hills (1996),Documentary,117293,17204.0
2501,1.4506421103428175,4.311989621780124,5.071714711754136,October Sky (1999),Drama,132477,13466.0
18,1.205551109043491,3.384420661955535,5.0915001657294265,Four Rooms (1995),Comedy,113101,5.0
51931,2.0752394644306187,1.1718807954897799,6.506156369522503,Reign Over Me (2007),Drama,490204,2355.0
8235,-0.040341508702861045,0.1839098190865725,4.515939278937381,Safety Last! (1923),Action|Comedy|Romance,14429,22596.0
3148,-0.4510494342054281,3.0634119258771566,4.588056512937311,"Cider House Rules, The (1999)",Drama,124315,1715.0
3769,-0.12169350570310672,0.4416916444857334,4.459777233362784,Thunderbolt and Lightfoot (1974),Action,72288,8348.0
1762,-0.01281638921193614,0.820998472553648,4.719683383108087,Deep Rising (1998),Action|Horror|Sci-Fi,118956,9457.0
1292,-0.6247819523431866,3.2272915833392175,4.541700840990991,Being There (1979),Comedy|Drama,78841,10322.0
58162,-0.20653611156251794,0.28148783187536247,4.0015639589169005,Run Fatboy Run (2007),Comedy|Romance,425413,7942.0
100810,-0.03720425137945312,0.1428301144912339,4.474815075730891,Dark Skies (2013),Horror|Sci-Fi|Thriller,2387433,145135.0
947,1.4775864881001137,1.3762356732483343,5.808937619862461,My Man Godfrey (1936),Comedy|Romance,28010,13562.0
69720,-1.0259784409253285,0.9989790082693987,3.7082670906200317,Hood of Horror (2006),Comedy|Drama|Horror,475298,15423.0
145491,-0.026999432655929863,0.9989790082693987,4.708267090620032,Our Lips Are Sealed (2000),Children|Comedy|Drama,270560,34729.0
2117,-0.7120194219291538,1.2798553678578872,4.178966082612233,1984 (Nineteen Eighty-Four) (1984),Drama|Sci-Fi,87803,9314.0
4941,0.10097976717904245,0.8230585396177754,4.857982556340541,Flash Gordon (1980),Action|Adventure|Sci-Fi,80745,3604.0
5380,-1.1301705978259573,1.5752958333704254,4.017860240222334,"Importance of Being Earnest, The (2002)",Comedy|Drama|Romance,278500,9026.0
8796,-1.427748570712713,1.2537348912758115,3.5964978851677794,"Funny Thing Happened on the Way to the Forum, A (1966)",Comedy|Musical,60438,17768.0
66371,0.035788276032031135,0.08261014254940621,5.168513029121851,Departures (Okuribito) (2008),Drama,1069238,16804.0
86347,-0.09030808106988146,0.23415448887954754,4.349616774872147,Louis C.K.: Chewed Up (2008),Comedy,1190722,30969.0
172577,0.016823745512226183,0.019038784106312392,5.6189506273423495,Last Year's Snow Was Falling (1983),Animation|Children|Comedy|Fantasy,219233,145760.0
183197,0.035889422461782255,0.22400547739431265,4.895510835913313,Dave Chappelle: Equanimity (2017),Comedy,7807952,488223.0
3831,1.2130954765403144,1.5448533837260683,5.5205437014065355,Saving Grace (2000),Comedy,195234,2360.0
4795,-0.033738051899149364,0.4270935101617016,4.656299585778907,Father Goose (1964),Adventure|Comedy|Romance|War,58092,30295.0
1929,-0.05622535388779642,0.09004024785574485,4.110847214992192,Grand Hotel (1932),Drama|Romance,22958,33680.0
8918,-0.04306989870995492,0.1718807994813942,4.484714071243347,Eulogy (2004),Comedy|Crime|Drama,349416,16358.0
44929,0.0032264452420204676,0.34921906828022603,4.744533147056047,Candy (2006),Drama|Romance,424880,4441.0
2859,0.763234308686285,0.8647013854439829,5.61795062951838,Stop Making Sense (1984),Documentary|Musical,88178,24128.0
2066,-0.06668789425210901,0.46857020435034524,4.592972020268782,Out of the Past (1947),Film-Noir,39689,678.0
1097,3.3713126196589216,18.051165776426558,4.922058377718372,E.T. the Extra-Terrestrial (1982),Children|Drama|Sci-Fi,83866,601.0
1258,2.251848739857623,12.37738069954479,4.9172266924397565,"Shining, The (1980)",Horror,81505,694.0
3729,0.07457183720120959,0.13717220938173305,5.278930744463249,Shaft (1971),Action|Crime|Drama|Thriller,67741,482.0
4121,0.18007568727377204,1.0282792697130598,4.910417445110445,Innerspace (1987),Action|Adventure|Comedy|Sci-Fi,93260,2614.0
8644,0.03879707649025362,5.577318269277111,4.7422503418783295,"I, Robot (2004)",Action|Adventure|Sci-Fi|Thriller,343818,2048.0
69644,-0.43749043624828055,3.1622940859864563,4.596948212948632,Ice Age: Dawn of the Dinosaurs (2009),Action|Adventure|Animation|Children|Comedy|Romance,1080016,8355.0
5673,2.414383452256742,5.35971826728626,5.185762469126137,Punch-Drunk Love (2002),Comedy|Drama|Romance,272338,8051.0
31101,0.0033515975670849935,0.16612266202073486,4.7554695562435505,Stander (2003),Action|Crime|Drama,326208,18927.0
1204,1.6085634578722452,6.5164390945917745,4.982141120208205,Lawrence of Arabia (1962),Adventure|Drama|War,56172,947.0
74,-0.6317347611099885,1.0609221357701148,4.139835940453483,Bed of Roses (1996),Drama|Romance,115644,20927.0
934,1.6958087787757636,2.413896068644952,5.437813501477743,Father of the Bride (1950),Comedy,42451,20758.0
5582,0.03020417732750255,1.259389683139757,4.759277303893433,Captain Ron (1992),Adventure|Comedy,103924,14361.0
185031,0.29161164102874404,0.6975807883432699,5.153326904532305,Alpha (2018),Adventure|Thriller,4244998,399360.0
92494,0.23517375666140022,0.17178460392247835,6.10429780768396,Dylan Moran: Monster (2004),Comedy|Documentary,439553,13976.0
83177,-3.45917798872138,0.978353370547461,1.1995798319327733,Yogi Bear (2010),Children|Comedy,1302067,41515.0
130520,1.2342457525340205,2.176986620204066,5.302245582152764,Home (2015),Adventure|Animation|Children|Comedy|Fantasy|Sci-Fi,2224026,228161.0
5034,-0.3340491399211968,0.4796069399330627,4.038788057981161,"Truly, Madly, Deeply (1991)",Drama|Romance,103129,18317.0
27482,0.019463017167991703,0.5343897005031583,4.771715136146604,Cube 2: Hypercube (2002),Horror|Mystery|Sci-Fi,285492,437.0
71520,0.309040406650974,0.6244299483589032,5.230210172623568,"Invention of Lying, The (2009)",Comedy,1058017,23082.0
1713,0.277253313104446,0.8804760413865585,5.050184358916807,Mouse Hunt (1997),Children|Comedy,119715,6283.0
4373,0.39210174328210934,1.0175750300168291,5.120623682264642,Pootie Tang (2001),Comedy,258038,10615.0
8948,0.1238551418236933,0.09004024785574485,6.110847214992192,Alfie (2004),Comedy|Drama|Romance,375173,8849.0
109578,-0.003397263451905469,0.3907707244072181,4.726600366453034,Non-Stop (2014),Action|Mystery|Thriller,2024469,225574.0
80615,-0.016048651763820282,0.06357135844309382,4.482843137254902,Legend of the Guardians: The Owls of Ga'Hoole (2010),Adventure|Animation|Fantasy|IMAX,1219342,41216.0
90439,-0.04742693389446673,0.24140424746283304,4.538831402541897,Margin Call (2011),Drama|Thriller,1615147,50839.0
2377,0.19249457579302665,0.14262098115574245,6.084987369180801,Lifeforce (1985),Horror|Sci-Fi,89489,11954.0
2095,0.11244589400418954,0.3176182548177241,5.089322553666016,"Shaggy D.A., The (1976)",Children|Comedy,75200,15943.0
2700,-0.9140675768881745,11.913090755617517,4.6585661218952295,"South Park: Bigger, Longer and Uncut (1999)",Animation|Comedy|Musical,158983,9473.0
104,0.6961252920856125,20.44216143332803,4.769347527036082,Happy Gilmore (1996),Comedy,116483,9614.0
180,-2.193821532858359,6.244193553733651,4.383956268494932,Mallrats (1995),Comedy|Romance,113749,2293.0
468,1.5037316524265623,4.753677738408845,5.051624280349651,"Englishman Who Went Up a Hill But Came Down a Mountain, The (1995)",Comedy|Romance,112966,10612.0
51705,0.20268347412375493,0.815035424656278,4.983974687831148,Priceless (Hors de prix) (2006),Comedy|Romance,482088,6691.0
31658,-0.6781080261655145,4.125910546895798,4.570940572300396,Howl's Moving Castle (Hauru no ugoku shiro) (2004),Adventure|Animation|Fantasy|Romance,347149,4935.0
2118,0.8967198140608352,1.5966876713393767,5.296906654749336,"Dead Zone, The (1983)",Thriller,85407,11336.0
2140,-3.2400159532322204,7.5359877094441226,4.30535499378519,"Dark Crystal, The (1982)",Adventure|Fantasy,83791,11639.0
40815,1.5149797667278344,10.471571194602884,4.879969614625837,Harry Potter and the Goblet of Fire (2005),Adventure|Fantasy|Thriller|IMAX,330373,674.0
6790,-0.137892914284029,0.9269468126870842,4.5865337870685465,Avalon (2001),Drama|Fantasy|Sci-Fi,267287,10881.0
47894,-0.07970973344328244,0.16612266202073486,4.25546955624355,"Wind That Shakes the Barley, The (2006)",Drama|War,460989,1116.0
165969,-0.1322964182461473,0.1839098190865725,4.015939278937381,HyperNormalisation (2016),Documentary,6156350,419546.0
2265,0.733903903925848,0.6993471987905406,5.784706920322282,Nothing But Trouble (1991),Adventure|Comedy,102558,11933.0
1416,-0.7322191647513275,2.2842849079276233,4.414747778523529,Evita (1996),Drama|Musical,116250,8818.0
932,1.4995948291462147,1.6544766558718058,5.641680329760775,"Affair to Remember, An (1957)",Drama|Romance,50105,8356.0
52975,-0.041118973879073345,1.5095698710769276,4.708055250028603,Hairspray (2007),Comedy|Drama|Musical,427327,2976.0
56251,0.17801754188758803,1.205709170189673,4.88293962478008,Futurama: Bender's Big Score (2007),Animation|Comedy|Sci-Fi,471711,7249.0
59126,0.43044693676266216,0.45336863135675665,5.684735492703161,Religulous (2008),Comedy|Documentary,815241,13007.0
27619,-1.0259784409253285,0.9989790082693987,3.7082670906200317,"Lion King 1½, The (2004)",Adventure|Animation|Children|Comedy,318403,11430.0
90717,-1.1941074985512117,1.2403832557322316,3.7726017457266576,Tower Heist (2011),Action|Comedy|Crime,471042,59108.0
147330,0.016823745512226183,0.019038784106312392,5.6189506273423495,Sherlock Holmes and Dr. Watson: Acquaintance (1979),Crime,79902,72095.0
167746,0.1502639605724444,0.7583951778974709,4.933428236839413,The Lego Batman Movie (2017),Action|Animation|Comedy,4116284,324849.0
656,-0.7166571307421177,1.238013730329892,4.1564175566002355,Eddie (1996),Comedy,116168,11107.0
46337,-0.05516314416397236,0.3121072630330013,4.558549931600547,Garfield: A Tail of Two Kitties (2006),Animation|Children|Comedy,455499,9513.0
4467,-0.994625504856114,2.3090807899166736,4.30454890110918,"Adventures of Baron Munchausen, The (1988)",Adventure|Comedy|Fantasy,96764,14506.0
5435,0.05826580112872126,0.11672358183282547,5.234471749226007,Hombre (1967),Western,61770,27945.0
5809,-0.04355773470394501,0.08519701062213066,4.224035161659341,Femme Fatale (2002),Crime|Thriller,280665,9280.0
3470,-0.08553004452086699,0.4721727115330053,4.5541526784411035,Dersu Uzala (1975),Adventure|Drama,71411,9764.0
7811,-0.03388870313592021,0.4251491847960904,4.655583972719523,Babylon 5: The River of Souls (1998),Drama|Sci-Fi,146247,10921.0
147380,0.17868588926212498,0.4251491847960904,5.155583972719523,Doctor Who: The Next Doctor (2008),Adventure|Children|Drama|Sci-Fi,1321969,317190.0
92439,-0.05596690839810217,0.13674673184955016,4.326019924098672,"Art of Getting By, The (2011)",Drama|Romance,1645080,64678.0
31427,-0.3141928239645079,0.869754641314529,4.374051062376157,Hide and Seek (2005),Horror|Mystery|Thriller,382077,11096.0
31867,-0.04306989870995492,0.1718807994813942,4.484714071243347,Man of the House (2005),Action|Comedy,331933,13498.0
917,0.028162863683932487,0.05688898464154363,5.2303436225975535,"Little Princess, The (1939)",Children|Drama,31580,26531.0
8831,-0.03667284636771273,0.1388513395525776,4.471178218687178,Suspect Zero (2004),Crime|Thriller,324127,8080.0
37382,-0.03667284636771273,0.1388513395525776,4.471178218687178,Domino (2005),Crime|Drama|Thriller,421054,9923.0
58870,0.032752823408576076,0.1388513395525776,4.971178218687178,Zebraman (2004),Comedy,388556,36223.0
3368,-0.04636323340467251,0.3176182548177241,4.589322553666016,"Big Country, The (1958)",Romance|Western,51411,12501.0
5544,0.11244589400418954,0.3176182548177241,5.089322553666016,Time After Time (1979),Sci-Fi|Thriller,80025,24750.0
133867,-1.0259784409253285,0.9989790082693987,3.7082670906200317,Barely Lethal (2015),Action|Adventure|Comedy,1731701,248574.0
2973,-0.044494053739706885,2.4069290173106306,4.716808298821616,Crimes and Misdemeanors (1989),Comedy|Crime|Drama,97123,11562.0
991,-0.13329202042507893,1.0398211797846115,4.607106672520495,Michael Collins (1996),Drama,117039,1770.0
2110,0.6843583695586267,2.982073242147907,4.964784916157997,Dead Men Don't Wear Plaid (1982),Comedy|Crime|Thriller,83798,9442.0
4367,-6.882053585768392,7.082112132146122,3.7635425473026207,Lara Croft: Tomb Raider (2001),Action|Adventure,146316,1995.0
6428,0.0033515975670849935,0.16612266202073486,4.7554695562435505,Two Mules for Sister Sara (1970),Comedy|War|Western,65134,11916.0
82767,0.44642856964660094,0.9999999960083856,5.181722689075631,Rabbit Hole (2010),Drama,935075,27585.0
114335,-0.040341508702861045,0.1839098190865725,4.515939278937381,La cravate (1957),(no genres listed),121731,32891.0
187595,-0.05717875314289088,0.6975807883432699,4.653326904532305,Solo: A Star Wars Story (2018),Action|Adventure|Children|Sci-Fi,3778644,348350.0
3088,2.8609859601995735,1.6380605250265574,6.481863256264931,Harvey (1950),Comedy|Fantasy,42546,11787.0
6025,0.185229917461547,0.35457477210616106,5.257694277030334,CB4 - The Movie (1993),Comedy,106500,15278.0
55282,0.08031940203321858,0.6617434188907731,4.856669562782352,30 Days of Night (2007),Horror|Thriller,389722,4513.0
182299,-0.5264889367906292,0.9989790082693987,4.208267090620032,Porky's Hare Hunt (1938),Animation|Children|Comedy,30608,188763.0
4214,0.2774120199282657,0.7833832850258223,5.089414540217884,Revenge of the Nerds (1984),Comedy,88000,14052.0
91126,0.014534012145625108,0.15655207368287652,4.828132313933531,War Horse (2011),Drama|War,1568911,57212.0
128914,0.37189763855325125,0.22400547739431265,6.395510835913313,Tom Segura: Completely Normal (2014),Comedy,3500822,259395.0
4234,0.014708066424776255,0.20192059245495614,4.8081349618915965,"Tailor of Panama, The (2001)",Drama|Thriller,236784,2575.0
5107,-0.23303545221909933,0.423379162856214,4.184876258990558,Hart's War (2002),Drama|War,251114,10592.0
42015,-0.21637759077345856,0.4076585026734689,4.204512619519507,Casanova (2005),Action|Adventure|Comedy|Drama|Romance,402894,9681.0
48412,-0.009255004742006481,0.26192104733713906,4.699959023976279,"Guardian, The (2006)",Action|Adventure|Drama,406816,4643.0
5083,0.04163927591818565,0.08519701062213066,5.224035161659342,Rare Birds (2001),Comedy|Drama,295552,74692.0
27592,-0.028268258815274193,0.41028994668625646,4.666395868875464,Sympathy for Mr. Vengeance (Boksuneun naui geot) (2002),Crime|Drama,310775,4689.0
48596,-0.129010298450652,0.1718807994813942,3.9847140712433466,"Marine, The (2006)",Action|Drama|Thriller,419946,8975.0
80969,-0.016048651763820282,0.06357135844309382,4.482843137254902,Never Let Me Go (2010),Drama|Romance|Sci-Fi,1334260,42188.0
2182,-0.1362861779395281,0.10720071313536052,3.4639762881896945,"Wrong Man, The (1956)",Drama|Film-Noir|Thriller,51207,22527.0
135518,-0.4059691473145258,0.6975807883432699,4.153326904532305,Self/less (2015),Action|Mystery|Sci-Fi|Thriller,2140379,238615.0
77455,0.7333931268266184,1.8262716590296024,5.136873544891913,Exit Through the Gift Shop (2010),Comedy|Documentary,1587707,39452.0
7482,-0.23672500405652142,0.4587528833831449,4.219275553772853,Enter the Dragon (1973),Action|Crime,70034,9461.0
2184,-0.4122906872124751,1.7658946802904074,4.501820008565609,"Trouble with Harry, The (1955)",Comedy|Mystery,48750,11219.0
122892,1.623146664762661,4.549139364858956,5.092097137862507,Avengers: Age of Ultron (2015),Action|Adventure|Sci-Fi,2395427,99861.0
407,-0.6236671741384808,0.6937570887772535,3.8363235929095114,In the Mouth of Madness (1995),Horror|Thriller,113409,2654.0
788,-5.253100554675113,14.445516590728053,4.371644917448372,"Nutty Professor, The (1996)",Comedy|Fantasy|Romance|Sci-Fi,117218,9327.0
2643,-1.687524252604699,1.76191834676096,3.7775174671530243,Superman IV: The Quest for Peace (1987),Action|Adventure|Sci-Fi,94074,11411.0
2733,0.020550324632173822,0.37775101258662547,4.789695890104151,Vibes (1988),Adventure|Comedy|Romance,96378,21185.0
106540,-0.03166075812202532,1.80604880995923,4.7177637176116685,Delivery Man (2013),Comedy,2387559,146239.0
61323,1.2195058043583313,5.351893149401311,4.963158495786737,Burn After Reading (2008),Comedy|Crime|Drama,887883,4944.0
2730,-1.401476846774339,1.0121438233092148,3.3506323586174025,Barry Lyndon (1975),Drama|Romance|War,72684,3175.0
59725,-0.43085505352925035,2.3372269220290742,4.550949564078763,Sex and the City (2008),Comedy|Romance,1000774,4564.0
42632,0.6646620345988925,0.9143961479357622,5.462180419715762,Lady Vengeance (Sympathy for Lady Vengeance) (Chinjeolhan geumjassi) (2005),Crime|Drama|Mystery|Thriller,451094,4550.0
56339,0.025073744285236108,0.8279976741014091,4.765576502573379,"Orphanage, The (Orfanato, El) (2007)",Drama|Horror|Mystery|Thriller,464141,6537.0
69524,0.7124329723057912,0.923382703382716,5.506840920176354,Raiders of the Lost Ark: The Adaptation (1989),Action|Adventure|Thriller,772251,62128.0
6484,-0.10016818988721507,0.5770634217551257,4.561711481647439,Hollywood Homicide (2003),Action|Crime|Drama,329717,11375.0
6604,-0.5264889367906292,0.9989790082693987,4.208267090620032,Hawks and Sparrows (Uccellacci e Uccellini) (1966),Comedy,61132,33954.0
79139,-0.2210760030761657,1.0809041993903175,4.530765350712058,"Sorcerer's Apprentice, The (2010)",Action|Adventure|Children|Comedy|Fantasy,963966,27022.0
116977,-0.1881160549325304,0.22400547739431265,3.8955108359133126,Dumb and Dumber To (2014),Comedy,2096672,100042.0
155812,0.14789216115893858,0.22400547739431265,5.395510835913313,Get a Job (2016),Comedy,1468846,186759.0
69306,0.049985305601565645,0.37109532746445184,4.869990789639928,"Taking of Pelham 1 2 3, The (2009)",Crime|Drama|Thriller,1111422,18487.0
78218,-0.2518861047666129,0.29298545304032525,3.875571895424837,Unthinkable (2010),Drama|Thriller,914863,38199.0
5530,-0.7331472681970064,1.0062922331159398,4.006731137560402,Simone (S1m0ne) (2002),Comedy|Drama|Fantasy|Sci-Fi,258153,9296.0
7164,0.4066204709670376,0.21582794865250354,6.619296970408829,Peter Pan (2003),Action|Adventure|Children|Fantasy,316396,10601.0
4178,0.23016619719398715,0.45580548834379175,5.2402599486428985,Of Mice and Men (1939),Drama,31742,51802.0
4811,0.04163927591818565,0.08519701062213066,5.224035161659342,Quadrophenia (1979),Drama|Musical,79766,10373.0
8836,-0.06322801511325934,0.3107321390339718,4.531813347007023,Wicker Park (2004),Drama|Romance|Thriller,324554,11208.0
5833,-0.10609851614400154,0.1388513395525776,3.971178218687178,Dog Soldiers (2002),Action|Horror,280609,11880.0
3345,-0.04636323340467251,0.3176182548177241,4.589322553666016,"Charlie, the Lonesome Cougar (1967)",Adventure|Children,62793,57855.0
1009,-0.18329786411711574,1.76758890110944,4.6315947427516475,Escape to Witch Mountain (1975),Adventure|Children|Fantasy,72951,14821.0
2599,2.3855102614395913,10.204339918494279,4.969068205975507,Election (1999),Comedy,126886,9451.0
4232,-5.703967745638072,3.659536483506911,3.176635590441451,Spy Kids (2001),Action|Adventure|Children|Comedy,227538,10054.0
54503,2.5895902888956495,8.046317640629272,5.057129571397941,Superbad (2007),Comedy,829482,8363.0
1387,-4.053709332949987,11.018205255908265,4.367383987203965,Jaws (1975),Action|Horror,73195,578.0
2021,-0.7797271790304521,6.311565008640929,4.611754682029592,Dune (1984),Adventure|Sci-Fi,87182,841.0
2690,0.134052730937298,1.6434648748554546,4.816861258501888,"Ideal Husband, An (1999)",Comedy|Romance,122541,24137.0
2713,-0.42495579130120625,1.4264286880680477,4.4373782142051805,Lake Placid (1999),Horror|Thriller,139414,9825.0
143969,-0.2209938483975506,0.8851704193604468,4.485631630555338,Er ist wieder da (2015),Comedy,4176826,318917.0
156607,0.32747812947028393,0.1839098190865725,6.515939278937381,The Huntsman Winter's War (2016),Action|Adventure|Drama|Fantasy,2381991,290595.0
190183,-0.1322964182461473,0.1839098190865725,4.015939278937381,The Darkest Minds (2018),Sci-Fi|Thriller,4073790,445651.0
7000,-0.5645317586032982,0.8118104478643615,4.039895628888485,Hudson Hawk (1991),Action|Adventure|Comedy,102070,9292.0
7040,0.6975672600248387,0.5467830706308234,6.01106013436015,To Live and Die in L.A. (1985),Action|Crime|Drama|Thriller,90180,9846.0
91077,0.14518508124973245,1.5698429874421596,4.827777940813535,"Descendants, The (2011)",Comedy|Drama,1033575,65057.0
121338,-1.0259784409253285,0.9989790082693987,3.7082670906200317,Carry on Cabby (1963),Adventure|Comedy|Romance,56912,19254.0
617,-0.09176206935868042,1.0328221053779112,4.646448159683074,"Flower of My Secret, The (La flor de mi secreto) (1995)",Comedy|Drama,113083,4307.0
26587,0.016823745512226183,0.019038784106312392,5.6189506273423495,"Decalogue, The (Dekalog) (1989)",Crime|Drama|Romance,92337,
65130,0.2754851053368458,0.6685345323253944,5.147367229829631,Revolutionary Road (2008),Drama|Romance,959337,4148.0
7762,-0.21421323323730304,0.2188700426555053,3.75657071339174,"Tinker, Tailor, Soldier, Spy (1979)",Drama|Thriller,80297,140207.0
1107,0.469527057766531,0.2907807979938398,6.350005477564566,Loser (1991),Comedy,102336,
3993,-2.6655933681960375,1.0851970077931097,2.2789720405922473,Quills (2000),Drama|Romance,180073,10876.0
3688,-0.4768793699946883,0.7302961038376765,4.082299575448755,Porky's (1982),Comedy,84522,10246.0
148888,-0.16812905762588326,0.24140424746283304,4.038831402541896,Zoolander 2 (2016),Comedy,1608290,329833.0
3696,-0.10609851614400154,0.1388513395525776,3.971178218687178,Night of the Creeps (1986),Comedy|Horror|Sci-Fi|Thriller,91630,15762.0
6794,0.1716041629611537,0.1388513395525776,5.971178218687178,Beethoven's 2nd (1993),Children|Comedy,106375,10438.0
963,-0.04636323340467251,0.3176182548177241,4.589322553666016,"Inspector General, The (1949)",Musical,41509,40206.0
127323,0.02105058559127784,0.009146187212576635,7.036863624373517,Vice (2015),Action|Adventure|Sci-Fi|Thriller,3480796,307663.0
954,0.7746469707912371,2.528333189063229,5.041680544144214,Mr. Smith Goes to Washington (1939),Drama,31679,3083.0
36,2.910048246878446,14.698613848952014,4.933275252248124,Dead Man Walking (1995),Crime|Drama,112818,687.0
208,-2.9800221444833968,21.368870346242907,4.595837885464559,Waterworld (1995),Action|Adventure|Sci-Fi,114898,9804.0
315,-3.7205279107509424,11.352947658639051,4.407579411068649,"Specialist, The (1994)",Action|Drama|Thriller,111255,2636.0
187,0.5274685739923533,1.4197106722397437,5.106826560352597,Party Girl (1995),Comedy,114095,36196.0
6942,2.084299759237946,9.019396626508275,4.966384937304787,Love Actually (2003),Comedy|Drama|Romance,314331,508.0
1882,2.1045997328378876,3.7003684550975637,5.304048218320095,Godzilla (1998),Action|Sci-Fi|Thriller,120685,929.0
1359,-1.945252737876269,3.6416061932599315,4.201119735618425,Jingle All the Way (1996),Children|Comedy,116705,9279.0
2558,-0.07717394705732461,0.31038389504903896,4.486653810310457,Forces of Nature (1999),Comedy|Romance,141098,1641.0
2746,0.9231243752820859,4.502916982107675,4.940299979169738,Little Shop of Horrors (1986),Comedy|Horror|Musical,91419,10776.0
3712,-0.0884090755360266,0.2251868844269083,4.342690988201824,Soapdish (1991),Comedy,102951,25562.0
81564,-0.32624641037250496,3.2720297744775833,4.635586464337396,Megamind (2010),Action|Animation|Children|Comedy|Sci-Fi|IMAX,1001526,38055.0
108945,-0.08907841732319459,0.34166007683268573,4.474571770017262,RoboCop (2014),Action|Crime|Sci-Fi|IMAX,1234721,97020.0
138036,0.09645119631879936,1.692470454004459,4.7922825253859305,The Man from U.N.C.L.E. (2015),Action|Adventure|Comedy,1638355,203801.0
1217,-0.927349952911055,2.314657722855354,4.334651748905352,Ran (1985),Drama|War,89881,11645.0
2454,0.10966842584931664,2.3173922240357303,4.7826181850672596,"Fly, The (1958)",Horror|Mystery|Sci-Fi,51622,11815.0
65514,-0.18043192296496802,0.5462654277821302,4.40499328990196,Ip Man (2008),Action|Drama|War,1220719,14756.0
1277,0.12954680032557833,1.4782991511438095,4.822926448508741,Cyrano de Bergerac (1990),Comedy|Drama|Romance,99334,11673.0
4380,0.4308650558227448,0.34997208776175814,5.966435316873365,"Princess and the Warrior, The (Krieger und die Kaiserin, Der) (2000)",Drama|Romance,203632,9301.0
3444,0.006825519430807558,1.3553469494636161,4.740330111887138,Bloodsport (1988),Action,92675,11690.0
7624,-0.9812250887798157,0.9263780531154873,3.676088229208885,School Ties (1992),Drama,105327,14684.0
56060,0.0073043534590699856,0.019038784106312392,5.1189506273423495,I Served the King of England (Obsluhoval jsem anglického krále) (2006),Comedy|Drama|Romance|War,284363,12555.0
58554,-0.040292606806711,0.019038784106312392,2.6189506273423495,"Class, The (Klass) (2007)",Drama,988108,28205.0
47640,0.2660925545191244,0.5347376164282844,5.232907426200995,Beerfest (2006),Comedy,486551,9988.0
393,0.6898963391252128,1.0997674334237648,5.362605236487382,Street Fighter (1994),Action|Adventure|Fantasy,111301,11667.0
36535,-1.2497325781417088,0.7012606002738743,2.953171212619126,Everything Is Illuminated (2005),Comedy|Drama,404030,340.0
2511,-0.30805613431620016,0.48445737811429607,4.099415404198047,"Long Goodbye, The (1973)",Crime|Film-Noir,70334,1847.0
93008,-0.14626560174354128,0.09004024785574485,3.1108472149921917,"Very Potter Sequel, A (2010)",Comedy|Musical,2040264,59017.0
2208,0.049715653185858355,1.310369925499855,4.7732342841743804,"Lady Vanishes, The (1938)",Drama|Mystery|Thriller,30341,940.0
3402,-0.08553004452086699,0.4721727115330053,4.5541526784411035,Turtle Diary (1985),Comedy|Drama|Romance,90219,123047.0
82169,-0.1397293942596766,0.1877284437481452,3.9909775321053584,"Chronicles of Narnia: The Voyage of the Dawn Treader, The (2010)",Adventure|Children|Fantasy,980970,10140.0
1993,0.032752823408576076,0.1388513395525776,4.971178218687178,Child's Play 3 (1991),Comedy|Horror|Thriller,103956,11187.0
3046,0.1443199186217099,0.15804599783844867,5.648445482411327,"Incredibly True Adventure of Two Girls in Love, The (1995)",Comedy|Romance,113416,29371.0
5745,0.1443199186217099,0.15804599783844867,5.648445482411327,"Four Seasons, The (1981)",Comedy|Drama,82405,25113.0
2057,-0.04636323340467251,0.3176182548177241,4.589322553666016,"Incredible Journey, The (1963)",Adventure|Children,57180,37969.0
3846,0.11244589400418954,0.3176182548177241,5.089322553666016,Easy Money (1983),Comedy,85470,18391.0
3053,0.30599612703959667,0.441464690792847,5.428432512226349,"Messenger: The Story of Joan of Arc, The (1999)",Drama|War,151137,10047.0
89,0.5055042153330503,1.1346289012943342,5.180817949056953,Nick of Time (1995),Action|Thriller,113972,2086.0
46530,-0.6699741317495984,2.7216574535911082,4.489130100619274,Superman Returns (2006),Action|Adventure|Sci-Fi|IMAX,348150,1452.0
56367,1.4905268830965173,9.901340493233532,4.885832005331572,Juno (2007),Comedy|Drama|Romance,467406,7326.0
84374,0.1347493003379997,1.1576988652438072,4.851688202830534,No Strings Attached (2011),Comedy|Romance,1411238,41630.0
48304,-0.02468541323092932,2.836507117174991,4.726591367323797,Apocalypto (2006),Adventure|Drama|Thriller,472043,1579.0
2706,-0.22435973878561252,15.53066519066469,4.720847876225251,American Pie (1999),Comedy|Romance,163651,2105.0
422,-0.2289785872967606,0.7143458178380188,4.414751067517965,Blink (1994),Thriller,109297,26203.0
2555,0.5454732546576448,0.3731844111920626,6.1969662515800925,Baby Geniuses (1999),Comedy,118665,22345.0
3825,-1.5869947914206042,3.92383681271685,4.330844374406648,Coyote Ugly (2000),Comedy|Drama|Romance,200550,6282.0
2376,2.122318252360726,2.8942292896544153,5.468587177719069,"View to a Kill, A (1985)",Action|Adventure|Thriller,90264,707.0
107449,-0.6015685325722232,0.34166007683268573,2.974571770017262,"Muppet Christmas: Letters to Santa, A (2008)",Children|Comedy,1292569,27190.0
6721,-0.9385602035084378,1.3762146179351988,4.053307317567429,Once Upon a Time in China (Wong Fei Hung) (1991),Action|Adventure|Drama,103285,10617.0
3836,-0.02848056803396265,3.237952739525127,4.726498261028676,Kelly's Heroes (1970),Action|Comedy|War,65938,11589.0
27788,0.29366019010988176,0.9155777094313619,5.056031709972527,"Jacket, The (2005)",Drama|Mystery|Sci-Fi|Thriller,366627,9667.0
48385,-6.503974966455262,8.606748458311285,3.979610946707566,Borat: Cultural Learnings of America for Make Benefit Glorious Nation of Kazakhstan (2006),Comedy,443453,496.0
69849,-0.07970973344328244,0.16612266202073486,4.25546955624355,Roots (1977),Drama|War,75572,67479.0
1476,0.14692285590040818,4.32803819643607,4.769240873482391,Private Parts (1997),Comedy|Drama,119951,9403.0
2310,0.012638852469669885,0.3508536045337645,4.771317268916846,"Mighty, The (1998)",Drama,119670,9821.0
145839,0.44642856964660094,0.9999999960083856,5.181722689075631,Concussion (2015),Drama,3322364,321741.0
142961,0.051613400840425205,0.1839098190865725,5.015939278937381,Life Eternal (2015),Comedy|Crime|Thriller,3642618,277967.0
64285,0.14928145470016105,0.17178460392247835,5.60429780768396,Wallace and Gromit in 'A Matter of Loaf and Death' (2008),Animation|Comedy,1118511,14447.0
4585,0.002700908440389304,0.13311620170490315,4.755583972719522,"Dream Team, The (1989)",Comedy,97235,14550.0
3668,0.7125274752678484,3.6560532604709075,4.93018391396695,Romeo and Juliet (1968),Drama|Romance,63518,6003.0
47518,0.3063718170757365,1.935404318820029,4.893592729516709,Accepted (2006),Comedy,384793,9788.0
6303,0.108249538626704,0.407029637004719,5.001244134022523,"Andromeda Strain, The (1971)",Mystery|Sci-Fi,66769,10514.0
40339,-0.7414396349819784,1.1708598077507928,4.102050385072213,Chicken Little (2005),Action|Adventure|Animation|Children|Comedy|Sci-Fi,371606,9982.0
105746,-1.0259784409253285,0.9989790082693987,3.7082670906200317,UnHung Hero (2013),Documentary,2708946,173495.0
6638,0.36988603518245977,0.26502737723353814,6.130946291560102,Valley Girl (1983),Comedy|Romance,86525,19053.0
3910,-2.2615746460516712,2.2258574288348747,3.7192476194508592,Dancer in the Dark (2000),Drama|Musical,168629,16.0
67923,0.07106015124286358,0.26044303156914544,5.008137475423739,"Fast & Furious (Fast and the Furious 4, The) (2009)",Action|Crime|Drama|Thriller,1013752,13804.0
5391,-0.3257920071221747,0.321560942094614,3.722136222910217,Thirteen Conversations About One Thing (a.k.a. 13 Conversations) (2001),Drama,268690,17734.0
2457,0.5111354005806062,1.3042845347656256,5.127183607214958,Running Scared (1986),Action|Comedy,91875,15698.0
79008,-0.17737898608839497,0.9596344299511754,4.550453952942443,South Park: Imaginationland (2008),Animation|Comedy|Fantasy,1308667,16023.0
147378,0.17868588926212498,0.4251491847960904,5.155583972719523,Doctor Who: Planet of the Dead (2009),Adventure|Children|Drama|Sci-Fi,1337072,282963.0
517,0.217063635744659,0.20945311280126083,5.771629328146505,Rising Sun (1993),Action|Drama|Mystery,107969,7007.0
3406,-0.11622748425870788,0.1525641281597172,3.973467037712312,Captain Horatio Hornblower R.N. (1951),Action|Adventure|Drama|War,43379,23928.0
6306,-0.43289540163676427,0.4958075361306885,3.8621823351697175,I Am Trying to Break Your Heart (2002),Documentary,327920,14308.0
