movieId,num,den,pred,title,genres,imdbId,tmdbId
1580,-1.9155145813100891,32.225825058024355,3.531468732815509,Men in Black (a.k.a. MIB) (1997),Action|Comedy|Sci-Fi,119654,607.0
2366,-0.3696499662962661,2.6748013097320857,3.45271192278624,King Kong (1933),Action|Adventure|Fantasy|Horror,24216,244.0
3175,-0.43330232883509934,13.159089597621458,3.557981104088983,Galaxy Quest (1999),Adventure|Comedy|Sci-Fi,177789,926.0
32460,0.02592623149769885,1.1829587446653012,3.612825520044609,Knockin' on Heaven's Door (1997),Action|Comedy|Crime|Drama,119472,158.0
44022,-0.6218645309577645,2.9573810340604854,3.380633673641014,Ice Age 2: The Meltdown (2006),Adventure|Animation|Children|Comedy,438097,950.0
96488,0.15902276527890313,0.5014290436462915,3.9080482101801275,Searching for Sugar Man (2012),Documentary,2125608,84334.0
1238,-1.5029357201779157,1.5952916912968456,2.648801933718202,Local Hero (1983),Comedy,85859,11235.0
1342,-0.38815519537841164,0.5015235092379535,2.8169569466353375,Candyman (1992),Horror|Thriller,103919,9529.0
1591,-4.44502131770054,4.410271474037254,2.583029792805141,Spawn (1997),Action|Adventure|Sci-Fi|Thriller,120177,10336.0
1645,-0.2362701642484456,6.299098298822849,3.553400521739342,The Devil's Advocate (1997),Drama|Mystery|Thriller,118971,1813.0
2142,-0.8721550547251273,1.1395468547516066,2.825556572854679,"American Tail: Fievel Goes West, An (1991)",Adventure|Animation|Children|Musical|Western,101329,10380.0
471,-0.10792962585621976,5.2265216081614945,3.5702587169227513,"Hudsucker Proxy, The (1994)",Comedy,110074,11934.0
3997,-2.233800147499824,2.3407737584077077,2.636609197774887,Dungeons & Dragons (2000),Action|Adventure|Comedy|Fantasy,190374,11849.0
833,1.354166663953194,0.9999999979962049,4.945075757575758,High School High (1996),Comedy,116531,9308.0
3918,0.007599982534740035,0.8160967952278112,3.6002216903203146,Hellbound: Hellraiser II (1988),Horror,95294,9064.0
7982,0.23001048048067008,0.3145910539907577,4.3220502901353965,"Tale of Two Sisters, A (Janghwa, Hongryeon) (2003)",Drama|Horror|Mystery|Thriller,365376,4552.0
1959,0.26295455899531583,1.0389381009264549,3.844008441833685,Out of Africa (1985),Drama|Romance,89755,606.0
68135,0.38934626700925257,1.5038054317976455,3.849816432761041,17 Again (2009),Comedy|Drama,974661,16996.0
5300,-0.04434039948371502,0.16350522309619905,3.3197226502311246,3:10 to Yuma (1957),Action|Adventure|Drama|Thriller|Western,50086,14168.0
2659,2.2031249989,0.9999999995007092,5.794034090909091,It Came from Hollywood (1982),Comedy|Documentary,84156,30168.0
5803,-0.4926322796576631,0.6393077296843627,2.8203376481066016,I Spy (2002),Action|Adventure|Comedy|Crime,297181,8427.0
76143,-0.2656301020736513,0.2586398362296078,2.5638820638820636,"Bone Man, The (Der Knochenmann) (2009)",Crime|Thriller,1181927,21467.0
140541,-0.1363101839588474,0.2586398362296078,3.0638820638820636,The Electric Hotel (1908),Animation|Comedy|Sci-Fi,516,143634.0
2122,-0.7422854104706257,1.0468852567406646,2.881867287434247,Children of the Corn (1984),Horror|Thriller,87050,10823.0
6620,1.0388170779208241,1.6101162737715653,4.236090494788377,American Splendor (2003),Comedy|Drama,305206,2771.0
54190,-0.3282951103050664,2.2198957174676073,3.4430214637012795,Across the Universe (2007),Drama|Fantasy|Musical|Romance,445922,4688.0
8638,0.304739588224893,2.9248168554132237,3.695100089282505,Before Sunset (2004),Drama|Romance,381681,80.0
4900,0.0056155230153862885,0.35330738503132036,3.606803247819761,Out Cold (2001),Comedy,253798,14369.0
1829,-0.11811967961686434,0.1826592983765944,2.9442424242424243,Chinese Box (1997),Drama|Romance,118851,30265.0
160563,0.24516137856100476,0.6815297010190097,3.950631313131313,The Legend of Tarzan (2016),Action|Adventure,918940,258489.0
36525,-0.8196783998176103,0.7042905655886064,2.4270735379898647,Just Like Heaven (2005),Comedy|Fantasy|Romance,425123,9007.0
6658,-0.5802136787062366,0.6063304508648405,2.6339825867583464,10 (1979),Comedy|Romance,78721,9051.0
148,1.0695865015901347,0.8496715199547799,4.8497326203208555,"Awfully Big Adventure, An (1995)",Drama,112427,22279.0
496,1.0695865015901347,0.8496715199547799,4.8497326203208555,What Happened Was... (1994),Comedy|Drama|Romance|Thriller,111689,83718.0
175197,0.0031203290079379093,0.03439295973193781,3.681634897360704,The Dark Tower (2017),Fantasy|Horror|Sci-Fi|Western,1648190,353491.0
3794,0.05476552260486791,0.026243169571654894,5.677757726144823,Chuck & Buck (2000),Comedy|Drama,200530,44490.0
2866,-0.03489684528963725,0.23906605052316435,3.444937526928048,"Buddy Holly Story, The (1978)",Drama,77280,24153.0
1127,0.025304537908945213,11.243022215300957,3.593159779151484,"Abyss, The (1989)",Action|Adventure|Sci-Fi|Thriller,96754,2756.0
2387,2.0437932473964544,3.714596411028748,4.141115094804526,Very Bad Things (1998),Comedy|Crime,124198,10029.0
2580,0.8504858544200701,8.225959938915148,3.694299559709773,Go (1999),Comedy|Crime,139239,9430.0
1084,2.1246761043857987,5.296225350759687,3.992077085786997,Bonnie and Clyde (1967),Crime|Drama,61418,475.0
243,-0.15140500080776512,0.30671722744282753,3.0972785176606834,Gordy (1995),Children|Comedy|Fantasy,113199,47867.0
540,-3.117232806816739,4.544060238454177,2.9049074440917555,Sliver (1993),Thriller,108162,867.0
1721,-1.6634395433196905,21.090563633112534,3.5120378206928664,Titanic (1997),Drama|Romance,120338,597.0
858,0.2994785717042303,34.073536763519726,3.5996982745439654,"Godfather, The (1972)",Crime|Drama,68646,238.0
48780,1.0902755942291702,11.77104682861527,3.6835325941627457,"Prestige, The (2006)",Drama|Mystery|Sci-Fi|Thriller,482571,1124.0
166635,-0.12788948450059906,1.2061466498881876,3.4848776356855864,Passengers (2016),Adventure|Drama|Romance|Sci-Fi,1355644,274870.0
3698,0.38524249357774915,3.8614450797151596,3.6906754958753285,"Running Man, The (1987)",Action|Sci-Fi,93894,865.0
6773,0.031240732172158323,2.913963391278609,3.6016301357463942,"Triplets of Belleville, The (Les triplettes de Belleville) (2003)",Animation|Comedy|Fantasy,286244,9662.0
43921,0.1436979560815057,0.3999745738730376,3.9501768180799663,Running Scared (2006),Action|Crime|Thriller,404390,7304.0
56941,0.5462689568754875,0.610597454354096,4.485555724268123,P.S. I Love You (2007),Comedy|Drama|Romance,431308,6023.0
737,-4.7577129508970595,4.889726820434996,2.6179073004994975,Barb Wire (1996),Action|Sci-Fi,115624,11867.0
4929,-0.18270690144882534,0.2085838445724787,2.7149692412850306,"Toy, The (1982)",Comedy,84809,23805.0
8928,0.11839291230099977,0.09709471643732787,4.810263929618769,"Fearless Vampire Killers, The (1967)",Comedy|Horror,61655,3053.0
69481,0.13159690564689958,3.6344716165496935,3.6271170791755747,"Hurt Locker, The (2008)",Action|Drama|Thriller|War,887912,12162.0
897,0.3589057052964126,0.591138808723503,4.198051948051948,For Whom the Bell Tolls (1943),Adventure|Drama|Romance|War,35896,27854.0
4158,-0.036348508400289414,0.6208098019237588,3.532358938692336,Monkeybone (2001),Animation|Comedy|Fantasy,166276,23685.0
1395,-0.888816679340065,1.216375788895248,2.8602001377595734,Tin Men (1987),Comedy|Drama,94155,10896.0
3179,-0.344651200879673,0.6183448015782367,3.033532041728763,Angela's Ashes (1999),Drama,145653,10397.0
91690,-0.8649327901160012,1.039722616057175,2.75902106927887,Friends with Kids (2011),Comedy,1720616,80038.0
1483,1.390014810371111,1.41829000032672,4.570972977738233,Crash (1996),Drama|Thriller,115964,884.0
2563,0.9112210787864989,0.8030950166648925,4.725545790026755,Dangerous Beauty (1998),Drama,118892,8583.0
4219,-0.372687008107877,0.3866977978863687,2.627140974967062,Girls Just Want to Have Fun (1985),Comedy,89208,16263.0
1460,-0.08571338777786294,0.4644709558672293,3.406369268353718,That Darn Cat (1997),Children|Comedy|Mystery,120317,20735.0
92008,-0.24946801013891354,0.35819291503816547,2.8944463758039283,Haywire (2011),Action|Thriller,1506999,70435.0
101362,-0.29642101031571333,0.5138883654385574,3.014089240039837,Olympus Has Fallen (2013),Action|Thriller,2302755,117263.0
185435,-0.24946801013891354,0.35819291503816547,2.8944463758039283,"Game Over, Man! (2018)",Action|Comedy,3317234,456750.0
1270,7.563540112983818,31.916745427052927,3.8278862642324363,Back to the Future (1985),Adventure|Comedy|Sci-Fi,88763,105.0
80906,1.704883531541553,2.5949319011004386,4.2479142056940145,Inside Job (2010),Documentary,1645089,44639.0
31,0.6182855364242734,7.917508671371215,3.6690000109304255,Dangerous Minds (1995),Drama,112792,9909.0
516,-2.07158788402158,3.2093543958741697,2.9454247883076894,Renaissance Man (1994),Comedy|Drama,110971,11858.0
6266,-0.20704085086250867,0.8036642899133282,3.3332880251717576,What a Girl Wants (2003),Comedy|Drama|Romance,286788,10735.0
61250,-0.5758292776467702,1.4711463412642807,3.199493728959503,"House Bunny, The (2008)",Comedy,852713,12620.0
2572,1.9884556055423674,7.959583177612058,3.8407281531855304,10 Things I Hate About You (1999),Comedy|Romance,147800,4951.0
3000,1.4625219279351105,4.829341859670134,3.893749927286536,Princess Mononoke (Mononoke-hime) (1997),Action|Adventure|Animation|Drama|Fantasy,119698,128.0
82459,1.1334258388153102,2.9310908256705694,3.9775998849604854,True Grit (2010),Western,1403865,44264.0
74948,0.0772189641468363,0.28820758365585,3.8588373777616805,Harry Brown (2009),Crime|Drama|Thriller,1289406,25941.0
1322,-0.2741684456098742,0.45138271021953535,2.9835122203543256,Amityville 1992: It's About Time (1992),Horror,103678,41671.0
1339,-0.37160878904832234,3.6738591952735455,3.4897596539556006,Dracula (Bram Stoker's Dracula) (1992),Fantasy|Horror|Romance|Thriller,103874,6114.0
2393,-1.5667672274265996,4.14356077288827,3.212788118802657,Star Trek: Insurrection (1998),Action|Drama|Romance|Sci-Fi,120844,200.0
3213,1.5183567014432695,2.7102100016023765,4.151144903095438,Batman: Mask of the Phantasm (1993),Animation|Children,106364,14919.0
3704,0.04397272101744806,3.226603251253727,3.6045372681572116,Mad Max Beyond Thunderdome (1985),Action|Adventure|Sci-Fi,89530,9355.0
4489,-0.2674604413581646,2.736095959989944,3.4931565101263806,Coming to America (1988),Comedy|Romance,94898,9602.0
1303,-1.9563551615853185,1.9051059051193762,2.5640080895903576,"Man Who Would Be King, The (1975)",Adventure|Drama,73341,983.0
55363,-0.23251788716348606,1.708365005586754,3.454803582775233,"Assassination of Jesse James by the Coward Robert Ford, The (2007)",Crime|Drama|Western,443680,4512.0
7387,-0.5315895340671344,2.1092842591734104,3.3388854332369595,Dawn of the Dead (1978),Action|Drama|Horror,77402,923.0
27266,0.26106035584416026,0.44002025347891627,4.184200771871838,2046 (2004),Drama|Fantasy|Romance|Sci-Fi,212712,844.0
67618,-0.017502558691534765,0.009909334509698407,1.8246392496392496,Strictly Sexual (2008),Comedy|Drama|Romance,494277,13808.0
99130,-0.006990265844043497,0.2586398362296078,3.5638820638820636,Ice Cream Man (1995),Comedy|Horror,113376,44470.0
150554,-0.39495002018845515,0.2586398362296078,2.0638820638820636,The Love Bug (1997),Adventure|Children|Comedy|Fantasy,119571,32643.0
6482,-1.6094152055776525,1.0446849694897467,2.0503344176047205,Dumb and Dumberer: When Harry Met Lloyd (2003),Comedy,329028,10152.0
135137,0.019594256613862222,0.02967852232720984,4.2511258091753445,Pixels (2015),Action|Comedy|Sci-Fi,2120120,257344.0
168144,0.019594256613862222,0.02967852232720984,4.2511258091753445,Joe Rogan: Live (2006),Comedy,822818,24439.0
2996,0.00025848336396554043,0.3143157705820882,3.5917314593301435,Music of the Heart (1999),Drama,166943,26149.0
3761,0.19811871665951905,0.40536541607612603,4.079650134921373,"Blood In, Blood Out (1993)",Action|Crime|Drama|Thriller,106469,9702.0
7879,-0.08617474679423277,0.39772960058876644,3.374242424242424,Notorious C.H.O. (2002),Comedy,300274,57946.0
6559,0.051108866161582965,0.19350923728126776,3.855024989868972,Little Giants (1994),Children|Comedy,110364,20726.0
1699,-0.6084130772000941,0.5326107921718857,2.4485869935308138,"Butcher Boy, The (1997)",Comedy|Drama,118804,22797.0
1265,5.3995871910335795,21.560725637413466,3.8413453369723443,Groundhog Day (1993),Comedy|Fantasy|Romance,107048,137.0
4239,1.8194297799880148,6.284724589612616,3.8804094109382556,Blow (2001),Crime|Drama,221027,4133.0
251,-0.27505519678405843,0.4447732714940288,2.9724924404207957,"Hunted, The (1995)",Action,113360,32631.0
33615,-0.059348859938035736,5.288041784024527,3.5796858702232535,Madagascar (2005),Adventure|Animation|Children|Comedy,351283,953.0
150548,1.0314008171819897,0.9965553051955978,4.625875049952932,Sherlock: The Abominable Bride (2016),Action|Crime|Drama|Mystery|Thriller,3845232,370646.0
1884,0.6385187611893844,6.743346014759233,3.6855978047600266,Fear and Loathing in Las Vegas (1998),Adventure|Comedy|Drama,120669,1878.0
808,0.1333696907303219,0.2951624303048108,4.0427609427609426,Alaska (1996),Adventure|Children,115493,36344.0
2231,1.8123434262340359,5.3106300098047745,3.932176214185988,Rounders (1998),Drama,128442,10220.0
71106,0.08282385273759367,0.7596122059888061,3.699943479883633,Frequently Asked Questions About Time Travel (2009),Comedy|Sci-Fi,910554,22494.0
580,-1.760924787738205,1.47984382207615,2.4009694760193847,Princess Caraboo (1994),Drama,110892,37345.0
2443,-0.6726276509562032,1.3725134925725775,3.1008391173925025,Playing by Heart (1998),Drama|Romance,145734,825.0
1975,-1.5531202724220705,1.1935740481974557,2.289674136305642,Friday the 13th Part 2 (1981),Horror,82418,9725.0
3098,1.5081323358346266,2.9044591160423825,4.110156315807064,"Natural, The (1984)",Drama,87781,11393.0
5308,-0.9280827886690922,0.8646495144054038,2.5175461002326784,Three Men and a Baby (1987),Comedy,94137,12154.0
51086,-1.4864475310134284,1.7788505542865558,2.7552866000643785,"Number 23, The (2007)",Drama|Mystery|Thriller,481369,3594.0
33437,0.05342497648944501,0.20341857179096617,3.8535447785902766,Unleashed (Danny the Dog) (2005),Action|Crime|Drama|Thriller,342258,10027.0
76293,0.6377280881995803,1.9666927676802775,3.915173306794617,Date Night (2010),Action|Comedy|Romance,1279935,35056.0
3089,0.9001315946020321,1.5203087761896759,4.182980654725236,Bicycle Thieves (a.k.a. The Bicycle Thief) (a.k.a. The Bicycle Thieves) (Ladri di biciclette) (1948),Drama,40522,5156.0
142444,-0.39495002018845515,0.2586398362296078,2.0638820638820636,The Editor (2015),Comedy|Horror|Mystery,3067274,285840.0
157775,-0.39495002018845515,0.2586398362296078,2.0638820638820636,Tenchi Muyô! In Love (1996),Animation|Comedy,117876,34935.0
85,1.4529340648749922,2.774216781813295,4.114636751414886,Angels and Insects (1995),Drama|Romance,112365,8447.0
91653,0.022249265457401166,0.05464477574879632,3.998070894622619,We Bought a Zoo (2011),Comedy|Drama,1389137,74465.0
75341,-0.024806928863153912,0.21322145999044154,3.4745656006043815,Remember Me (2010),Drama|Romance,1403981,23169.0
101088,-0.024806928863153912,0.21322145999044154,3.4745656006043815,Stoker (2013),Drama|Mystery|Thriller,1682180,86825.0
4042,0.12251952336537239,0.5533818211052526,3.812310515192722,"Alamo, The (1960)",Action|Drama|War|Western,53580,11209.0
2748,-0.8475444757053119,1.4960267403026088,3.0243787924373704,Allan Quatermain and the Lost City of Gold (1987),Action|Adventure|Comedy,92534,9710.0
8911,1.1488222983917091,0.7877638617543147,5.049242424242425,Raise Your Voice (2004),Romance,361696,14024.0
2025,1.1382931510917855,1.4053654157376645,4.40087149523815,Lolita (1997),Drama|Romance,119558,9769.0
5155,0.40080142469758206,0.40536541607612603,4.579650134921373,"Big Bird Cage, The (1972)",Action,68273,22910.0
123553,-0.9024280585364437,0.2930236990071276,0.5111989459815547,In the Name of the King III (2014),Action|Adventure|Drama|Fantasy,2379386,252360.0
2525,0.11315850781029951,0.47511072114872316,3.8290820109743438,Alligator (1980),Action|Horror|Sci-Fi,80354,33518.0
26375,-0.007629603834498017,0.06012854450521054,3.464020873386432,Silver Streak (1976),Action|Comedy|Crime,75223,11558.0
83613,-0.3280857346963024,0.639317564926716,3.0777279229023735,Cowboys & Aliens (2011),Action|Sci-Fi|Thriller|Western|IMAX,409847,49849.0
26736,0.24461810344285073,0.19350923728126776,4.855024989868972,Riki-Oh: The Story of Ricky (Lik Wong) (1991),Action|Crime|Thriller,102293,17467.0
2259,-0.2739628958128016,0.23906605052316435,2.444937526928048,Blame It on Rio (1984),Comedy|Romance,86973,14347.0
65,-3.8075410397499803,6.624086753458776,3.0161066794277094,Bio-Dome (1996),Comedy,115683,9536.0
458,-0.3083044027348437,0.6210329980249157,3.09447105345319,Geronimo: An American Legend (1993),Drama|Western,107004,35588.0
6934,-7.180531062293782,11.314227339129543,2.9562629195828025,"Matrix Revolutions, The (2003)",Action|Adventure|Sci-Fi|Thriller|IMAX,242653,605.0
8665,3.520291474343913,11.014838754811269,3.9105044615454747,"Bourne Supremacy, The (2004)",Action|Crime|Thriller,372183,2502.0
32296,-0.8885022978442928,0.9278910510508823,2.6333588517532975,Miss Congeniality 2: Armed and Fabulous (2005),Adventure|Comedy|Crime,385307,10040.0
1223,0.7184517900757614,4.996388314497252,3.7347033168284693,"Grand Day Out with Wallace and Gromit, A (1989)",Adventure|Animation|Children|Comedy|Sci-Fi,104361,530.0
4383,-0.3327104433078337,0.693572999731976,3.1112040801367478,"Crimson Rivers, The (Rivières pourpres, Les) (2000)",Crime|Drama|Mystery|Thriller,228786,60670.0
104241,0.05190921603236845,0.6760790210212253,3.667688896846508,Kick-Ass 2 (2013),Action|Comedy|Crime,1650554,59859.0
879,-0.916723354132587,0.8713617664118782,2.538850819053189,"Relic, The (1997)",Horror|Thriller,120004,11015.0
2249,0.8238717594203314,2.865278832196145,3.8784454207638923,My Blue Heaven (1990),Comedy,100212,16384.0
2622,-0.24304074148575144,1.9747724962207434,3.4678363106516814,William Shakespeare's A Midsummer Night's Dream (1999),Comedy|Fantasy,140379,10210.0
103883,-0.0195450153296902,0.08168341312313925,3.3516314385388877,2 Guns (2013),Action|Comedy|Crime,1272878,136400.0
108932,-0.8532284792114723,7.622913701406576,3.4789796486206344,The Lego Movie (2014),Action|Adventure|Animation|Children|Comedy|Fantasy,1490017,137106.0
5682,-0.10739819701659606,0.20646533659176985,3.0707336523125996,"Grey Zone, The (2001)",Drama,252480,15192.0
76751,0.002316110327862049,0.009909334509698407,3.8246392496392496,American Drug War: The Last White Hope (2007),Crime|Documentary,1033467,25572.0
6301,0.03746340164835183,0.3767266830866406,3.6903536042135436,Straw Dogs (1971),Drama|Thriller,67800,994.0
3425,0.20312499989858154,0.9999999995007092,3.794034090909091,Mo' Better Blues (1990),Drama|Musical,100168,41823.0
8501,0.08343387010050854,0.13805604405120123,4.195256916996048,"Hitcher, The (1986)",Action|Thriller,91209,9542.0
27803,-0.1860050656098535,0.7505485824794405,3.343083607053822,"Sea Inside, The (Mar adentro) (2004)",Drama,369702,1913.0
173963,0.18841453112728762,0.21322145999044154,4.4745656006043815,Empties (2007),Comedy,809951,6079.0
101142,0.06392629311813028,1.8633781610050715,3.6252157574011195,"Croods, The (2013)",Adventure|Animation|Comedy,481499,49519.0
159441,0.03443351777746714,0.02967852232720984,4.7511258091753445,The Do-Over (2016),Comedy,4769836,389053.0
168326,0.019594256613862222,0.02967852232720984,4.2511258091753445,The Big Sick (2017),Comedy|Romance,5462602,416477.0
2924,-0.0067601025129784,1.3849247309167256,3.586027885192948,Drunken Master (Jui kuen) (1978),Action|Comedy,80179,11230.0
7324,-0.11844417350220773,0.8360708021568526,3.449241455588432,Hidalgo (2004),Adventure|Drama,317648,2023.0
2392,-1.2139829625734504,1.651149377096229,2.855673999879105,Jack Frost (1998),Children|Comedy|Drama,141109,9745.0
7333,0.036581567009806956,0.9824763711205202,3.6281431334622827,"Corbeau, Le (Raven, The) (1943)",Crime|Drama|Thriller,35753,29084.0
46974,-0.7222995063220572,0.9162894470325428,2.8026216030838556,World Trade Center (2006),Drama,469641,1852.0
4307,0.40080142469758206,0.40536541607612603,4.579650134921373,"Fast Food, Fast Women (2000)",Comedy|Romance,206742,49453.0
3834,-0.48363136218181546,0.5906164816947626,2.772050530115046,Bronco Billy (1980),Adventure|Drama|Romance,80472,21866.0
81132,-0.00024628988033419065,0.0005379489491509954,3.133077765607886,Rubber (2010),Action|Adventure|Comedy|Crime|Drama|Film-Noir|Horror|Mystery|Thriller|Western,1612774,45649.0
36533,-0.15611627998773941,0.08917974377033226,1.8403290445053786,Cry_Wolf (a.k.a. Cry Wolf) (2005),Drama|Horror|Mystery|Thriller,384286,10092.0
52712,-0.022346664332241025,0.08917974377033226,3.3403290445053786,"Invisible, The (2007)",Crime|Drama|Fantasy|Mystery|Thriller,435670,9785.0
4957,-0.8549350609941851,0.6485714255817956,2.2727272727272725,Sudden Impact (1983),Crime|Thriller,86383,10650.0
3566,-2.0031259672101824,0.7220570346920425,0.8167155425219943,"Big Kahuna, The (2000)",Comedy|Drama,189584,15723.0
146210,-0.24946801013891354,0.35819291503816547,2.8944463758039283,Blue Mountain State: The Rise of Thadland (2015),Comedy,3748440,288171.0
4000,-0.03489684528963725,0.23906605052316435,3.444937526928048,"Bounty, The (1984)",Adventure|Drama,86993,2669.0
804,-0.010570438690788359,1.5909044112478563,3.5842647956163916,She's the One (1996),Comedy|Romance,117628,11363.0
898,0.4004627713838752,4.118464257850605,3.6881450376871925,"Philadelphia Story, The (1940)",Comedy|Drama|Romance,32904,981.0
799,0.4186136978379668,2.935750330949204,3.7335008138580306,"Frighteners, The (1996)",Comedy|Horror|Thriller,116365,10779.0
48997,-0.4530821387290857,1.1942959509367894,3.211537346096849,Perfume: The Story of a Murderer (2006),Crime|Drama|Thriller,396171,1427.0
70293,-0.39612565055755344,1.4961395998101288,3.326143924204176,Julie & Julia (2009),Comedy|Drama|Romance,1135503,24803.0
5995,0.8266685982954373,7.1624796299623705,3.706325628338012,"Pianist, The (2002)",Drama|War,253474,423.0
112183,-0.39229121135587225,3.5193056536235283,3.4794407360783692,Birdman: Or (The Unexpected Virtue of Ignorance) (2014),Comedy|Drama,2562232,194662.0
2027,-2.200541390415051,1.268386074446932,1.8559945922817098,Jane Austen's Mafia! (1998),Comedy|Crime,120741,9835.0
2802,-0.5071438007782505,3.820342356443556,3.4581608308158875,Tequila Sunrise (1988),Action|Drama|Romance|Thriller,96244,10396.0
481,-1.6272388067971195,1.9536188043567397,2.7579734111499508,Kalifornia (1993),Drama|Thriller,107302,10909.0
3105,0.2493756742796293,4.532651172544327,3.645926709690385,Awakenings (1990),Drama|Mystery,99077,11005.0
6552,0.26229121245452724,0.956559063974701,3.8651119314160356,Dirty Pretty Things (2002),Crime|Drama|Thriller,301199,3472.0
63033,0.0990671395751738,0.20646533659176985,4.070733652312599,Blindness (2008),Drama|Mystery|Romance|Thriller,861689,8338.0
26729,0.06422854825752143,0.1366579748555858,4.060903969183816,Hearts of Darkness: A Filmmakers Apocalypse (1991),Documentary,102015,4539.0
4477,-1.19481512251325,0.6305404891957898,1.6960028271778704,Big Top Pee-Wee (1988),Adventure|Children|Comedy,94744,30502.0
92427,-0.17289123701098383,0.09709471643732787,1.8102639296187681,Woman in Love (Rubbeldiekatz) (2011),Comedy,1802810,80125.0
67734,-0.8792204030397033,1.0069139078804779,2.7177257967281268,Adventureland (2009),Comedy|Drama,1091722,16614.0
255,-2.3494509298822273,1.926750687769332,2.3715240688633634,"Jerky Boys, The (1995)",Comedy,110189,18713.0
6832,-0.0066666808679460565,0.32857212849163137,3.5706192358366273,Regarding Henry (1991),Drama,102768,11364.0
171811,-0.1363101839588474,0.2586398362296078,3.0638820638820636,Embassy (2013),Comedy|Sci-Fi|War,3273632,256608.0
4092,-0.1236501959762933,0.13805604405120123,2.695256916996047,Cherry 2000 (1987),Romance|Sci-Fi,92746,15785.0
48872,0.08180380113206685,0.21322145999044154,3.9745656006043815,13 Tzameti (2005),Film-Noir|Thriller,475169,6077.0
2247,0.17683688351960944,1.166027311199645,3.7425666737299204,Married to the Mob (1988),Comedy,95593,2321.0
3028,-0.09676012905800102,0.13978414288596877,2.898698035632709,"Taming of the Shrew, The (1967)",Comedy,61407,25560.0
5847,-0.02686805761501663,0.13978414288596877,3.398698035632709,Ragtime (1981),Drama,82970,25566.0
5527,-0.3405454936448777,0.7534860342115366,3.13894916307681,Possession (2002),Drama|Romance,256276,30072.0
6890,-0.3240844994822363,0.8137072685617006,3.1926276548158823,Elephant (2003),Drama,363589,1807.0
7810,-0.023356961515060868,0.2930236990071276,3.5111989459815547,Babylon 5: A Call to Arms (1999),Adventure|Sci-Fi,146455,10916.0
3042,-0.08058625376223016,0.5236938596565299,3.4370286275882425,Meatballs III (1987),Comedy,93516,40772.0
27822,-0.27255528288904096,0.2922376734321275,2.6582597179241865,Open Water (2003),Drama|Thriller,374102,83.0
30745,0.24461810344285073,0.19350923728126776,4.855024989868972,Gozu (Gokudô kyôfu dai-gekijô: Gozu) (2003),Comedy|Crime|Drama|Horror|Mystery,361668,12487.0
133217,0.24516137856100476,0.6815297010190097,3.950631313131313,B/W (2015),Comedy|Crime|Sci-Fi,4312536,335819.0
296,8.850517538392067,63.76060535867969,3.7297176465776616,Pulp Fiction (1994),Comedy|Crime|Drama|Thriller,110912,680.0
2542,0.13714971223835756,9.630128539220717,3.605150823164251,"Lock, Stock & Two Smoking Barrels (1998)",Comedy|Crime|Thriller,120735,100.0
3062,0.6157918040004828,3.3477968371975484,3.7748485095614974,"Longest Day, The (1962)",Action|Drama|War,56197,9289.0
1466,-0.5267645555275234,5.919582896963301,3.5019223219599223,Donnie Brasco (1997),Crime|Drama,119008,9366.0
2874,0.2982031859554377,0.8914612469752838,3.925419634095614,"Pajama Game, The (1957)",Comedy|Musical|Romance,50814,40867.0
472,-0.8805787686580595,1.8013744888618057,3.102071942330146,I'll Do Anything (1994),Comedy|Drama,110097,106143.0
8950,1.7628921338464376,4.291234045735647,4.001721485445876,The Machinist (2004),Drama|Mystery|Thriller,361862,4553.0
1718,-0.2741684456098742,0.45138271021953535,2.9835122203543256,Stranger in the House (1997),Thriller,120222,191874.0
1888,-0.13548008589338492,1.0591167332478058,3.462991098830982,Hope Floats (1998),Comedy|Drama|Romance,119313,9715.0
95738,0.02129669123187942,0.08168341312313925,3.8516314385388877,"Adventures of Mary-Kate and Ashley, The: The Case of the Christmas Caper (1995)",Children|Musical|Mystery,283851,193976.0
4396,-0.8359320929982417,1.8186600551110785,3.1312673394729296,"Cannonball Run, The (1981)",Action|Comedy,82136,11286.0
7206,0.06984555408233584,0.09709471643732787,4.310263929618769,Mon Oncle (My Uncle) (1958),Comedy,50706,427.0
4291,-0.7097184357720369,1.052678325771393,2.9167065179132408,Nine to Five (a.k.a. 9 to 5) (1980),Comedy|Crime,80319,19494.0
26350,0.11916482361248402,0.16350522309619905,4.319722650231125,"Passenger, The (Professione: reporter) (1975)",Drama,73580,9652.0
3306,0.08180380113206685,0.21322145999044154,3.9745656006043815,"Circus, The (1928)",Comedy,18773,28978.0
57183,0.011782052428076478,0.8124303750713099,3.6054113212411885,Like Stars on Earth (Taare Zameen Par) (2007),Drama,986264,7508.0
121715,0.0047549954502573,0.02967852232720984,3.7511258091753445,Sebastian Maniscalco: What's Wrong with People? (2012),Comedy,2215489,102517.0
128097,0.019594256613862222,0.02967852232720984,4.2511258091753445,Jim Norton: American Degenerate (2013),Comedy,3234126,216553.0
173255,-0.02492352687695254,0.02967852232720984,2.7511258091753445,"Norm Macdonald: Hitler's Dog, Gossip & Trickery (2017)",Comedy,6878486,456193.0
8640,-0.6271997968160361,1.1230127566623804,3.0324116089391726,King Arthur (2004),Action|Adventure|Drama|War,349683,9477.0
4799,-0.30514895804046926,0.8183171199689608,3.218010919046276,"It's a Mad, Mad, Mad, Mad World (1963)",Action|Adventure|Comedy|Crime,57193,11576.0
7222,-0.171352050336529,0.5580965319943773,3.2838796784090767,Reefer Madness (a.k.a. Tell Your Children) (1938),Comedy|Drama,28346,37833.0
2035,0.07815700980792795,0.36190341231186507,3.806870054937187,Blackbeard's Ghost (1968),Children|Comedy,62737,16249.0
5670,0.008841698165498341,0.02236610755453587,3.9862258953168044,Comedian (2002),Comedy|Documentary,328962,19973.0
54372,2.268459424130708e-05,0.0005379489491509954,3.633077765607886,Tell No One (Ne le dis à personne) (2006),Crime|Drama|Mystery|Thriller,362225,10795.0
3703,-1.1380695739049769,5.810263489404754,3.395036808011716,"Road Warrior, The (Mad Max 2) (1981)",Action|Adventure|Sci-Fi|Thriller,82694,8810.0
41285,-0.4469023056249777,1.5233482799606992,3.2975406527758837,Match Point (2005),Crime|Drama|Romance,416320,116.0
68954,3.200545725090241,18.435091149179392,3.7645206938673277,Up (2009),Adventure|Animation|Children|Drama,1049413,14160.0
72407,-2.1768752205937565,1.9977110733972232,2.501224376446426,"Twilight Saga: New Moon, The (2009)",Drama|Fantasy|Horror|Romance|Thriller,1259571,18239.0
6378,-0.2019557280343116,7.741892320642282,3.5648229972681555,"Italian Job, The (2003)",Action|Crime,317740,9654.0
62434,-0.4060674402776393,2.475653011597975,3.4268847149665462,Zack and Miri Make a Porno (2008),Comedy|Drama|Romance,1007028,10358.0
106487,0.8911900688371214,2.3571199072551416,3.9689934073217037,The Hunger Games: Catching Fire (2013),Action|Adventure|Sci-Fi|IMAX,1951264,101299.0
513,0.2903727724199606,0.9264934313682585,3.904319593983175,Radioland Murders (1994),Comedy|Mystery|Romance,110939,22588.0
1016,-0.10010176875681759,1.1655594818914228,3.505026070512417,"Shaggy Dog, The (1959)",Children|Comedy,53271,15944.0
2396,2.1987554907098983,17.36003777113942,3.7175652376120243,Shakespeare in Love (1998),Comedy|Drama|Romance,138097,1934.0
78,0.08173256058851132,0.3334688472011262,3.836007130124777,"Crossing Guard, The (1995)",Action|Crime|Drama|Thriller,112744,27526.0
322,-1.2227788643212885,1.1071959830385738,2.4865166589879504,Swimming with Sharks (1995),Comedy|Drama,114594,20306.0
1005,-2.0771278945877665,1.6639561093694402,2.3426021897283267,D3: The Mighty Ducks (1996),Children|Comedy,116000,10680.0
89753,-0.02356031229902386,1.4921121449117551,3.575119183709845,Tinker Tailor Soldier Spy (2011),Drama|Film-Noir|Thriller,1340800,49517.0
48342,0.002316110327862049,0.009909334509698407,3.8246392496392496,Conversations with Other Women (2005),Comedy|Drama|Romance,435623,15624.0
86377,0.16206870556948513,0.3947247784780138,4.001495693033214,Louis C.K.: Shameless (2007),Comedy,927619,24447.0
5867,0.4273917397533828,0.47782099367828723,4.485369035967809,Thief (1981),Crime|Drama|Thriller,83190,11524.0
918,0.4704962114177904,2.80104547521562,3.758880734204733,Meet Me in St. Louis (1944),Musical,37059,909.0
25887,-0.39495002018845515,0.2586398362296078,2.0638820638820636,Tales of Manhattan (1942),Comedy|Drama,35415,27655.0
4624,-0.05462217395069268,0.13805604405120123,3.195256916996047,Meet the Feebles (1989),Animation|Comedy|Musical,97858,8216.0
6678,0.014405848074907933,0.13805604405120123,3.695256916996047,"Handmaid's Tale, The (1990)",Drama|Sci-Fi,99731,20815.0
95720,-0.6676048158655199,0.9316804296305834,2.874349211970527,"Watch, The (2012)",Comedy|Sci-Fi,1298649,80035.0
4167,-1.3709977013404195,1.3950935132608593,2.6081809165547556,15 Minutes (2001),Thriller,179626,2749.0
178111,1.0217853514625257,0.5992089150808684,5.296132971506106,"Fireworks, Should We See It from the Side or the Bottom? (2017)",Animation,6317962,431819.0
31364,0.3528524488818764,0.5850864737596092,4.193986524257602,Memories of Murder (Salinui chueok) (2003),Crime|Drama|Mystery|Thriller,353969,11423.0
5949,0.0005606335433923026,0.0005379489491509954,4.6330777656078865,Intact (Intacto) (2001),Thriller,220580,10856.0
71462,-0.6286810530600183,0.5565373256596883,2.461279461279461,"Cove, The (2009)",Documentary,1313104,23128.0
9018,0.05249894067071252,0.06012854450521054,4.464020873386432,Control Room (2004),Documentary|War,391024,18889.0
37720,-0.3165119866242784,0.36240405847992396,2.7175414251277976,"Exorcism of Emily Rose, The (2005)",Crime|Drama|Horror|Thriller,404032,8643.0
53127,-0.09743253895585485,0.2826889810516,3.2462457135343987,Bug (2007),Drama|Horror|Thriller,470705,12526.0
4531,-0.24946801013891354,0.35819291503816547,2.8944463758039283,Red Heat (1988),Action,95963,9604.0
33132,-0.3359096084009526,0.19350923728126776,1.8550249898689717,State Property 2 (2005),Action|Crime|Drama,403537,13409.0
673,1.2754816095228998,11.699786022010871,3.6999266068810353,Space Jam (1996),Adventure|Animation|Children|Comedy|Fantasy|Sci-Fi,117705,2300.0
58559,8.180342009783617,26.55005575694908,3.899019254016471,"Dark Knight, The (2008)",Action|Crime|Drama|IMAX,468569,155.0
7169,2.140920027250317,1.5870649327903463,4.93988983077472,Chasing Liberty (2004),Comedy|Romance,360139,14844.0
3087,-2.0611364999793964,4.111659567128104,3.0896184401806672,Scrooged (1988),Comedy|Fantasy|Romance,96061,9647.0
187593,0.3476168914145481,2.4423540778046102,3.733237713353145,Deadpool 2 (2018),Action|Comedy|Sci-Fi,5463162,383498.0
56921,-0.21063086531248099,0.20646533659176985,2.5707336523125996,Battlestar Galactica: Razor (2007),Action|Drama|Sci-Fi|Thriller,991178,69315.0
613,-0.201638313657457,1.5978246789379271,3.464713572517495,Jane Eyre (1996),Drama|Romance,116684,47333.0
188301,0.021298195863671907,0.09709471643732787,3.810263929618768,Ant-Man and the Wasp (2018),Action|Adventure|Comedy|Fantasy|Sci-Fi,5095030,363088.0
6939,-0.0075932241818363585,0.009909334509698407,2.8246392496392496,Gloomy Sunday (Ein Lied von Liebe und Tod) (1999),Drama|Romance,155722,1277.0
321,0.09050389528845118,0.2914026518628154,3.901489295687248,Strawberry and Chocolate (Fresa y chocolate) (1993),Drama,106966,12527.0
5529,-0.1363101839588474,0.2586398362296078,3.0638820638820636,Serving Sara (2002),Comedy|Romance,261289,12771.0
67888,-0.2656301020736513,0.2586398362296078,2.5638820638820636,Man on the Flying Trapeze (1935),Comedy,26676,55773.0
104875,-0.2656301020736513,0.2586398362296078,2.5638820638820636,"History of Future Folk, The (2012)",Adventure|Comedy|Musical|Sci-Fi,2245195,115199.0
2625,0.014405848074907933,0.13805604405120123,3.695256916996047,Black Mask (Hak hap) (1996),Action|Adventure|Crime|Sci-Fi|Thriller,115693,9460.0
4126,0.023828976571062685,0.8340295733952723,3.619479992147109,Less Than Zero (1987),Drama,93407,13703.0
147300,0.18841453112728762,0.21322145999044154,4.4745656006043815,Adventures Of Sherlock Holmes And Dr. Watson: The Twentieth Century Approaches (1986),Crime|Mystery,91942,270393.0
163134,0.10917230802478982,1.4939600760903196,3.6639848777202704,Your Name. (2016),Animation|Drama|Fantasy|Romance,5311514,372058.0
175577,-0.05460204920416238,0.02967852232720984,1.7511258091753445,Rory Scovel Tries Stand-Up for the First Time (2017),Comedy,7044010,461634.0
4259,0.12006844050583573,0.4130442067329479,3.881600592081665,"Luzhin Defence, The (2000)",Drama|Romance,211492,52654.0
5222,-0.11055568002628739,0.4438728048816621,3.341838458938831,Kissing Jessica Stein (2001),Comedy|Romance,264761,15647.0
2971,0.40080142469758206,0.40536541607612603,4.579650134921373,All That Jazz (1979),Drama|Fantasy|Musical,78754,16858.0
5427,-0.815294823530796,0.40536541607612603,1.5796501349213732,Caveman (1981),Comedy,82146,18905.0
8042,0.19811871665951905,0.40536541607612603,4.079650134921373,Mean Streets (1973),Crime|Drama,70379,203.0
62299,-0.09862633481100921,0.3182724234480879,3.281028851388133,Alone in the Dark II (2008),Action|Horror,913951,12683.0
54256,0.022243207552925106,0.08917974377033226,3.8403290445053786,Hot Rod (2007),Comedy,787475,10074.0
89047,0.10872490489925193,0.35819291503816547,3.8944463758039283,Hesher (2010),Drama,1403177,44835.0
1533,-0.023963986110096768,0.026243169571654894,2.677757726144823,"Promise, The (La promesse) (1996)",Drama,117398,105045.0
5543,-0.2739628958128016,0.23906605052316435,2.444937526928048,"Swarm, The (1978)",Action|Horror|Sci-Fi,78350,46878.0
4061,-0.023963986110096768,0.026243169571654894,2.677757726144823,The Man in the Moon (1991),Drama|Romance,102388,17474.0
593,12.934490333867497,52.124480966470855,3.8390552612697633,"Silence of the Lambs, The (1991)",Crime|Horror|Thriller,102926,274.0
2797,2.1817826847181565,12.792887830094488,3.7614556253346993,Big (1988),Comedy|Drama|Fantasy|Romance,94737,2280.0
3441,-1.334735295833902,3.2231060116071184,3.176794478784257,Red Dawn (1984),Action|Drama|War,87985,1880.0
1199,1.7972149264991615,7.067966721639145,3.8451851786836477,Brazil (1985),Fantasy|Sci-Fi,88846,68.0
597,-0.34305958154232624,22.12995634313753,3.575407045797795,Pretty Woman (1990),Comedy|Romance,100405,114.0
1653,4.9387290994373005,12.462566097168294,3.9871941786615612,Gattaca (1997),Drama|Sci-Fi|Thriller,119177,782.0
1212,1.8948159511321565,4.6897949565979875,3.994938684669128,"Third Man, The (1949)",Film-Noir|Mystery|Thriller,41959,1092.0
148626,-0.2642494946144112,3.4592647923827244,3.5145201728949838,"Big Short, The (2015)",Drama,1596363,318846.0
2513,-0.6698851033535342,0.596200177836687,2.467318175884186,Pet Sematary (1989),Horror,98084,8913.0
73106,0.36380150083127727,0.6985161643909126,4.1117295377036225,American Pie Presents: The Book of Love (American Pie 7: The Book of Love) (2009),Comedy,1407050,26123.0
60647,-0.10739819701659606,0.20646533659176985,3.0707336523125996,Transsiberian (2008),Crime|Drama|Thriller,800241,6687.0
64983,0.1932106727652309,1.9046319849099962,3.692351613294517,Valkyrie (2008),Drama|Thriller|War,985699,2253.0
1468,-1.1927261008844057,1.3530631727397777,2.7094084153203157,Booty Call (1997),Comedy|Romance,118750,21915.0
4474,0.08974653223986225,0.20103223221729136,4.037337662337662,Beaches (1988),Comedy|Drama|Musical,94715,15592.0
140715,0.30414588974176976,0.6779414050634007,4.039540620817382,Straight Outta Compton (2015),Drama,1398426,277216.0
4713,0.4597365560179875,0.5063588692120798,4.498835433215213,Altered States (1980),Drama|Sci-Fi,80360,11542.0
7132,0.08700034501604045,0.20592008848583188,4.013404757338578,"Night at the Opera, A (1935)",Comedy|Musical|Romance,26778,37719.0
6188,-0.4890973132635107,5.661581918870359,3.5045202829271163,Old School (2003),Comedy,302886,11635.0
26778,0.1501795951300789,0.20341857179096617,4.32918777317417,Ladybugs (1992),Comedy,104670,19087.0
50685,0.3303335508419116,0.9024245491032131,3.956960248504683,Waitress (2007),Comedy|Drama|Romance,473308,10758.0
57951,0.007071105778119349,0.03958785683690825,3.7695271405612982,Fool's Gold (2008),Action|Adventure|Comedy|Romance,770752,8676.0
164707,-0.1363101839588474,0.2586398362296078,3.0638820638820636,Go Figure (2005),Children|Comedy|Drama,447987,55504.0
1417,1.074074063783752,0.999999990419355,4.664983164983165,"Portrait of a Lady, The (1996)",Drama,117364,36758.0
105593,0.18841453112728762,0.21322145999044154,4.4745656006043815,Filth (2013),Comedy|Crime|Drama,1450321,85889.0
111375,-0.02492352687695254,0.02967852232720984,2.7511258091753445,Walk of Shame (2014),Comedy,2463288,187596.0
66297,0.15980700326647354,0.8525060056388246,3.7783646656609924,Futurama: Into the Wild Green Yonder (2009),Action|Animation|Comedy|Sci-Fi,1054487,15060.0
5298,0.19811871665951905,0.40536541607612603,4.079650134921373,Human Nature (2001),Comedy|Romance,219822,441.0
106873,0.7221808939220914,0.5992089150808684,4.796132971506106,Evangelion: 3.0 You Can (Not) Redo (2012),Action|Animation|Drama,860907,75629.0
33138,0.5001396332769052,0.40834185248557453,4.815715292459478,Palindromes (2004),Adventure|Comedy|Drama,362004,13073.0
101531,-0.45254038981437555,0.3881135418648161,2.424909090909091,Phil Spector (2013),Drama,1745862,173153.0
4782,-0.1176858687477327,0.07971507742832395,2.1145777299623454,Sidewalks of New York (2001),Comedy|Romance,239986,31016.0
34330,-0.04578111596694251,0.3263371856105132,3.450621321124918,November (2004),Drama|Mystery,368089,9775.0
5962,-1.2021157721911377,0.5317050530845417,1.3300395256916997,Body of Evidence (1993),Drama|Thriller,106453,2149.0
143385,-0.07452403758650358,0.11322948946789804,2.9327409940933573,Bridge of Spies (2015),Drama|Thriller,3682448,296098.0
54272,-1.879461363127406,5.348116599505266,3.23948418680336,"Simpsons Movie, The (2007)",Animation|Comedy,462538,35.0
2606,1.5542528369668276,1.9164739275222642,4.401905167947437,Idle Hands (1999),Comedy|Horror,138510,6552.0
126548,0.6752297351473124,0.7083843381776888,4.54410596265859,The DUFF (2015),Comedy,1666801,272693.0
7481,0.3055324761669436,0.20646533659176985,5.070733652312599,Enemy Mine (1985),Adventure|Drama|Sci-Fi,89092,11864.0
1863,-0.502236857735138,0.5522861747747633,2.681531162084486,Major League: Back to the Minors (1998),Comedy,120742,9771.0
3844,0.4141919202630119,1.2222808892456893,3.9297771235416095,Steel Magnolias (1989),Drama,98384,10860.0
2739,0.7297550026723868,3.12551222050884,3.824392421380146,"Color Purple, The (1985)",Drama,88939,873.0
78105,-1.3301136401230444,1.090473991886035,2.371151765177242,Prince of Persia: The Sands of Time (2010),Action|Adventure|Fantasy|Romance|IMAX,473075,9543.0
4773,-0.4491227999220735,0.7199564700668837,2.9670897093284934,Haiku Tunnel (2001),Comedy,273253,75386.0
6754,-0.6656292127164902,2.567216850387372,3.331628612668208,Underworld (2003),Action|Fantasy|Horror,320691,277.0
54734,-0.002638556926987155,0.009909334509698407,3.3246392496392496,Sydney White (2007),Comedy,815244,10760.0
64622,-0.19428909637086345,0.4872026201448468,3.1921240919427456,"Reader, The (2008)",Drama|Romance,976051,8055.0
950,0.13498081399773215,0.44160574252351903,3.8965681913238535,"Thin Man, The (1934)",Comedy|Crime,25878,3529.0
112497,-0.01008426571334762,0.02967852232720984,3.2511258091753445,Tammy (2014),Comedy,2103254,226486.0
6213,-0.7001939153341012,0.9206336143377988,2.8303525519891615,Tears of the Sun (2003),Action|Drama|Thriller,314353,9567.0
4452,-0.17601624503716717,0.4717301316324356,3.2177799790839505,Made (2001),Comedy,227005,15745.0
155,2.49123280823545,1.8496715186968011,4.93776056321303,Beyond Rangoon (1995),Adventure|Drama|War,112495,1873.0
3436,-0.010658628680621396,0.8837093225061425,3.5788478526612084,Dying Young (1991),Drama|Romance,101787,9079.0
56274,0.008841698165498341,0.02236610755453587,3.9862258953168044,Margot at the Wedding (2007),Drama,757361,13998.0
3431,-0.36195221333842365,0.47511072114872316,2.8290820109743438,Death Wish 2 (1982),Action|Drama,82250,14373.0
3843,0.07003515476864612,0.27322431470959174,3.8472375031263053,Sleepaway Camp (1983),Horror,86320,13567.0
40946,-0.15611627998773941,0.08917974377033226,1.8403290445053786,Sarah Silverman: Jesus Is Magic (2005),Comedy|Musical,422528,16156.0
77667,-0.24946801013891354,0.35819291503816547,2.8944463758039283,MacGruber (2010),Action|Comedy,1470023,37931.0
90430,0.28782136241833467,0.35819291503816547,4.394446375803929,Carnage (2011),Comedy|Drama,1692486,72113.0
99750,-0.0703715526198308,0.35819291503816547,3.3944463758039283,"Iceman, The (2012)",Crime|Drama|Thriller,1491044,68812.0
51091,0.14786348480221684,0.19350923728126776,4.355024989868972,Black Snake Moan (2006),Drama,462200,7874.0
1198,16.62836567403827,34.958535428368684,4.066568768017429,Raiders of the Lost Ark (Indiana Jones and the Raiders of the Lost Ark) (1981),Action|Adventure,82971,85.0
368,1.6993726521033932,10.520476676355152,3.752439096096284,Maverick (1994),Adventure|Comedy|Western,110478,9359.0
8961,5.807828747087878,17.499958830933053,3.9227858000600815,"Incredibles, The (2004)",Action|Adventure|Animation|Children|Comedy,317705,9806.0
193,-6.60901136455697,6.885982985422613,2.6311316156309763,Showgirls (1995),Drama,114436,10802.0
94864,-0.5316433209719464,1.6794873226251241,3.274358132881637,Prometheus (2012),Action|Horror|Sci-Fi|IMAX,1446714,70981.0
1924,-0.9032237527596145,0.9786563443985496,2.667986802682669,Plan 9 from Outer Space (1959),Horror|Sci-Fi,52077,10513.0
2888,0.17457570768267397,0.46129204472923374,3.9693585128694138,Drive Me Crazy (1999),Comedy|Romance,164114,14429.0
119964,0.10298010435501867,0.08168341312313925,4.851631438538888,A Merry Friggin' Christmas (2014),Comedy,910885,286532.0
138186,0.22550522403972753,0.08168341312313925,6.351631438538888,Sorrow (2015),Crime|Drama|Horror,2140423,337879.0
8464,0.15651951030552239,6.48902296637456,3.615029749923027,Super Size Me (2004),Comedy|Documentary|Drama,390521,9372.0
7587,-0.3183887184882575,0.43048994038577815,2.8513129038229597,"Samouraï, Le (Godson, The) (1967)",Crime|Drama|Thriller,62229,5511.0
211,-0.0041655287207111365,0.20646533659176985,3.5707336523125996,"Browning Version, The (1994)",Drama,109340,49805.0
62376,-0.10739819701659606,0.20646533659176985,3.0707336523125996,City of Ember (2008),Adventure|Children|Sci-Fi,970411,13600.0
1537,-0.5163722370877574,3.3527727825048035,3.436895601005375,Shall We Dance? (Shall We Dansu?) (1996),Comedy|Drama|Romance,117615,11239.0
4132,-0.09186328823836781,0.6651868708138355,3.4528076155658147,Mannequin (1987),Comedy|Romance,93493,10019.0
4321,1.1318267166874407,2.8733272242563963,3.9848171383923887,City Slickers (1991),Comedy|Western,101587,1406.0
26258,0.11839291230099977,0.09709471643732787,4.810263929618769,"Topo, El (1970)",Fantasy|Western,67866,13041.0
5417,-0.08458057351008763,0.3145910539907577,3.3220502901353965,"Fast Runner, The (Atanarjuat) (2001)",Drama|Fantasy,285441,13245.0
6124,-0.17095274511376174,0.32857212849163137,3.0706192358366273,Savannah Smiles (1982),Comedy,84633,17132.0
7647,-0.0066666808679460565,0.32857212849163137,3.5706192358366273,Noises Off... (1992),Comedy,105017,26670.0
52767,-0.0075932241818363585,0.009909334509698407,2.8246392496392496,21 Up (1977),Documentary,75610,20553.0
72167,0.0010360056685001229,0.3977807718750737,3.5935135548292965,"Boondock Saints II: All Saints Day, The (2009)",Action|Crime|Drama|Thriller,1300851,22821.0
3152,0.6726237923170598,1.7605722457728734,3.972957481102692,"Last Picture Show, The (1971)",Drama,67328,25188.0
44777,-0.2656301020736513,0.2586398362296078,2.5638820638820636,Evil Aliens (2005),Comedy|Horror|Sci-Fi,383353,10177.0
53578,-0.39495002018845515,0.2586398362296078,2.0638820638820636,"Valet, The (La doublure) (2006)",Comedy,449851,21427.0
102378,-0.1363101839588474,0.2586398362296078,3.0638820638820636,Syrup (2013),Comedy|Drama,762138,72525.0
118894,-0.39495002018845515,0.2586398362296078,2.0638820638820636,Scooby-Doo! Abracadabra-Doo (2010),Animation|Children|Mystery,1599351,32916.0
136511,-0.03976278804055746,0.02967852232720984,2.2511258091753445,Jeff Dunham: All Over the Map (2014),Comedy,4209802,300685.0
1344,-0.23270168695528698,0.8469265627539739,3.316148920205973,Cape Fear (1962),Crime|Drama|Thriller,55824,11349.0
6005,-0.2813832163055355,0.6373820421629298,3.1494419680659793,Blue Collar Comedy Tour: The Movie (2003),Comedy|Documentary,330069,23626.0
103210,1.0217853514625257,0.5992089150808684,5.296132971506106,Fullmetal Alchemist: The Sacred Star of Milos (2011),Action|Adventure|Animation,1776196,80518.0
117895,1.5506227139235633,0.9574018301190339,5.210524455265324,Maze Runner: Scorch Trials (2015),Action|Thriller,4046784,294254.0
193573,-0.17663247869921114,0.5992089150808684,3.296132971506106,Love Live! The School Idol Movie (2015),Animation,3837248,333623.0
6639,0.0693466087884582,0.3806870189898499,3.7730708283186534,Wait Until Dark (1967),Drama|Thriller,62467,11206.0
7103,0.0018867473947532392,0.07971507742832395,3.6145777299623454,Madhouse (1990),Comedy,100087,51036.0
160954,-0.24946801013891354,0.35819291503816547,2.8944463758039283,Nerve (2016),Drama|Thriller,3531824,328387.0
8011,0.07697621262295622,0.32055847448463937,3.8310406698564594,"Weather Underground, The (2002)",Documentary,343168,14108.0
3235,0.8498922715907075,0.5278658926189377,5.200962484156527,Where the Buffalo Roam (1980),Comedy,81748,13005.0
101,-0.5720929516244078,1.6376918798630267,3.241580283299532,Bottle Rocket (1996),Adventure|Comedy|Crime|Romance,115734,13685.0
1500,2.261135767886003,12.233230905532269,3.7757446249840214,Grosse Pointe Blank (1997),Comedy|Crime|Romance,119229,9434.0
126,-2.802283624543687,2.0608793599473842,2.2311576765345826,"NeverEnding Story III, The (1994)",Adventure|Children|Fantasy,110647,27793.0
1183,-1.512800544497225,7.727731979932465,3.395146537494234,"English Patient, The (1996)",Drama|Romance|War,116209,409.0
160980,0.09138225471699789,0.23257830856205014,3.9838187103915876,Sully (2016),Drama,3263904,363676.0
1378,0.08485040421061049,3.647137107240717,3.6141740249424608,Young Guns (1988),Action|Comedy|Western,96487,11967.0
2003,1.5640946430593108,4.056530567768538,3.9764835656799553,Gremlins (1984),Comedy|Horror,87363,927.0
2261,-0.11654906223200456,0.7799548387111668,3.4414785643614314,One Crazy Summer (1986),Comedy,91680,18282.0
110130,-0.455336742079715,0.34032324935274705,2.2529554161433807,"Nut Job, The (2014)",Adventure|Animation|Children|Comedy,1821658,227783.0
3198,-0.36666695941366,2.780711524864352,3.4590482502087787,Papillon (1973),Crime|Drama,70511,5924.0
2342,-0.6083964177379458,0.6083964177379458,2.590909090909091,Hard Core Logo (1996),Comedy|Drama,116488,21589.0
7173,-2.060860996265845,3.450013643867343,2.9935604398597886,Along Came Polly (2004),Comedy|Romance,343135,5966.0
2771,-0.5860290909229099,1.0856761667261163,3.051126502985018,Brokedown Palace (1999),Drama,120620,17707.0
4153,-1.4209656302808884,1.343444694464607,2.5332059817779964,Down to Earth (2001),Comedy|Fantasy|Romance,231775,16300.0
63312,-0.07579652057365596,0.09709471643732787,2.810263929618768,Krabat (2008),Drama|Fantasy,772181,4627.0
4992,-0.098433734174183,2.4901891924480144,3.551380474178803,Kate & Leopold (2001),Comedy|Romance,35423,11232.0
58107,0.3683292142201056,0.7976731962640131,4.052663623899813,Step Up 2 the Streets (2008),Drama|Musical|Romance,1023481,8328.0
55577,-1.2948351958196824,1.136319993611792,2.451410355430496,Saw IV (2007),Crime|Horror|Thriller,890870,663.0
7118,0.014405848074907933,0.13805604405120123,3.695256916996047,Wings of Honneamise (Ôritsu uchûgun Oneamisu no tsubasa) (1987),Animation|Drama|Sci-Fi|War,93207,20043.0
86014,0.022249265457401166,0.05464477574879632,3.998070894622619,Diary of a Wimpy Kid: Rodrick Rules (2011),Comedy,1650043,60307.0
38159,0.08180380113206685,0.21322145999044154,3.9745656006043815,"Short Film About Love, A (Krótki film o milosci) (1988)",Drama|Romance,95467,31056.0
47044,-1.0463486607346206,1.046633236693025,2.5911809874516694,Miami Vice (2006),Action|Crime|Drama|Thriller,430357,82.0
39427,-2.282074091158451,1.2852854580102215,1.815370375415196,Stay (2005),Thriller,371257,8066.0
62836,-0.023356961515060868,0.2930236990071276,3.5111989459815547,Babylon 5: The Lost Tales - Voices in the Dark (2007),Sci-Fi,871427,15289.0
4917,-0.2063636354123896,0.6485714255817956,3.2727272727272725,MacArthur (1977),Drama,76342,31037.0
39400,-1.5533540985546312,0.7907682028425975,1.6265482415846695,"Fog, The (2005)",Action|Horror|Mystery|Thriller,432291,791.0
2907,0.7762476395506795,1.1285372878055009,4.278744262984028,Superstar (1999),Comedy,167427,13824.0
4683,0.14786348480221684,0.19350923728126776,4.355024989868972,"Wizard, The (1989)",Adventure|Children|Comedy|Drama,98663,183.0
3043,-0.5386432159215553,0.33435665533766995,1.9799251092157268,Meatballs 4 (1992),Comedy,104837,40773.0
1226,0.7989765579176251,1.707441617500698,4.058846939985971,"Quiet Man, The (1952)",Drama|Romance,45061,3109.0
1259,0.7960530983305745,11.087471121283167,3.662706626129047,Stand by Me (1986),Adventure|Drama,92005,235.0
3538,-0.6476563735079833,0.41635052582656074,2.0353535353535355,East is East (1999),Comedy,166175,10557.0
830,0.22622597335428699,3.892846690579993,3.649022341015167,"First Wives Club, The (1996)",Comedy,116313,2925.0
5447,0.3929993870624875,0.5317050530845417,4.330039525691699,Sunshine State (2002),Drama,286179,57022.0
159093,-0.145354359103715,1.0143246214675254,3.447607473234252,Now You See Me 2 (2016),Action|Comedy|Thriller,3110958,291805.0
60766,0.9815194997468879,0.771182751879421,4.863654749904787,Man on Wire (2008),Documentary,1155592,14048.0
5055,-0.10739819701659606,0.20646533659176985,3.0707336523125996,Dragon: The Bruce Lee Story (1993),Action|Drama,106770,10423.0
6953,0.10820270756620556,2.3808958242522453,3.6363553076078783,21 Grams (2003),Crime|Drama|Mystery|Romance|Thriller,315733,470.0
7649,-0.024514664599566527,0.5982174717497571,3.5499295713242445,Babylon 5: In the Beginning (1998),Adventure|Sci-Fi,120711,10940.0
8977,-0.41231577415878623,1.217755894231376,3.252322535005757,Alexander (2004),Action|Adventure|Drama|War,346491,1966.0
385,0.1264629148789288,0.5978246885185722,3.8024475524475525,"Man of No Importance, A (1994)",Drama,110455,52038.0
4293,-0.1760366671429368,0.6633852006048835,3.3255479297278883,Summer Rental (1985),Comedy,90098,19357.0
5151,-1.3300296713088235,3.0946857085173614,3.161130497351676,40 Days and 40 Nights (2002),Comedy|Romance,243736,2752.0
5585,-0.9174707778047037,0.6198642033332716,2.1107933286645935,Ernest Scared Stupid (1991),Comedy,101821,32685.0
68932,0.08974653223986225,0.20103223221729136,4.037337662337662,"Soloist, The (2009)",Drama|Musical,821642,17332.0
127146,0.021298195863671907,0.09709471643732787,3.810263929618768,Kurt Cobain: Montage of Heck (2015),Documentary,4229236,319075.0
143859,-0.10952247744465368,0.1590029953490726,2.9021014542717447,"Hail, Caesar! (2016)",Comedy,475290,270487.0
6460,-0.046259179848783416,0.49500450538178076,3.497457052905709,"Trial, The (Procès, Le) (1962)",Drama,57427,3009.0
7048,0.191452035791573,0.7339375445677574,3.851765123154077,Nothing to Lose (1997),Action|Adventure|Comedy|Crime,119807,11676.0
2662,-0.5546064591991431,1.0412077723723698,3.058252234213252,"War of the Worlds, The (1953)",Action|Drama|Sci-Fi,46534,8974.0
86833,0.9339997383964188,2.611557190500702,3.94855001939182,Bridesmaids (2011),Comedy,1478338,55721.0
81535,-0.7015236927097603,0.4954380975220266,2.174942704354469,Saw VII 3D - The Final Chapter (2010),Horror|Mystery|Thriller,1477076,41439.0
141544,0.1560460984370642,0.9401695372486174,3.7568856432804103,Turbo Kid (2015),Action|Adventure|Sci-Fi,3672742,310135.0
81,1.4460534614796527,2.514665593867121,4.165957107236332,Things to Do in Denver When You're Dead (1995),Crime|Drama|Romance,114660,400.0
71668,0.03443351777746714,0.02967852232720984,4.7511258091753445,Couples Retreat (2009),Comedy|Romance,1078940,19899.0
5699,0.15741636865500963,0.3143157705820882,4.091731459330143,Tom Horn (1980),Western,80031,5917.0
89804,-0.38958708775857664,0.722780209751275,3.0518972550805445,"Ides of March, The (2011)",Drama,1124035,10316.0
130444,-0.023356961515060868,0.2930236990071276,3.5111989459815547,Ruby Red (2013),Adventure|Children|Fantasy|Sci-Fi,2418558,175774.0
58876,-0.022346664332241025,0.08917974377033226,3.3403290445053786,Stop-Loss (2008),Drama|War,489281,8988.0
5452,0.051108866161582965,0.19350923728126776,3.855024989868972,Look Who's Talking Now (1993),Children|Comedy|Romance,107438,11982.0
6664,0.07198495849474762,0.22573899386580265,3.9097948857910385,Commando (1985),Action|Adventure,88944,10999.0
2212,0.0022791834615581243,0.026243169571654894,3.677757726144823,"Man Who Knew Too Much, The (1934)",Drama|Thriller,25452,8208.0
3313,-0.8126061117343568,0.5734227058608343,2.173793752732073,Class Reunion (1982),Comedy,84395,33374.0
130576,-0.20264845057719177,0.15569545040039195,2.2893395841826334,Midnight Special (2015),Drama|Sci-Fi,2649554,245703.0
1892,0.7766129145545857,4.266020060295955,3.772955331568519,"Perfect Murder, A (1998)",Thriller,120787,1965.0
2683,-8.946331608695967,18.846131502201715,3.1162052182522113,Austin Powers: The Spy Who Shagged Me (1999),Action|Adventure|Comedy,145660,817.0
210,-0.0015871752920161575,0.6210329980249157,3.5883533888818815,Wild Bill (1995),Western,114938,65796.0
1201,4.098071503515995,13.513723826489585,3.8941616626009115,"Good, the Bad and the Ugly, The (Buono, il brutto, il cattivo, Il) (1966)",Action|Adventure|Western,60196,429.0
1441,0.011618879711022434,2.026014947614837,3.596643934931195,Benny & Joon (1993),Comedy|Romance,106387,4104.0
2052,-0.26567464413626674,3.1852891878629253,3.507502333008244,Hocus Pocus (1993),Children|Comedy|Fantasy|Horror,107120,10439.0
2463,-0.21695935695894608,2.249047305700673,3.4944418639152355,Ruthless People (1986),Comedy,91877,12151.0
3685,0.6592766844388461,2.285935266006879,3.8793147576148175,Prizzi's Honor (1985),Comedy|Drama|Romance,89841,2075.0
80166,-0.23825558462038174,0.46955485048851453,3.0835017361080364,"Switch, The (2010)",Comedy|Romance,889573,41210.0
1175,1.231935750875238,4.266693479734192,3.8796422180312167,Delicatessen (1991),Comedy|Drama|Romance,101700,892.0
5152,0.9070023769740648,1.6164865033503413,4.1520040181443045,We Were Soldiers (2002),Action|Drama|War,277434,10590.0
28,-0.27332141677573873,1.4698028227530582,3.404951211018926,Persuasion (1995),Drama|Romance,114117,17015.0
436,-1.1787956283100711,1.3319811370632204,2.7059148552481385,Color of Night (1994),Drama|Thriller,109456,2124.0
3841,0.27769978219990954,0.4179197372327056,4.255390227977956,Air America (1990),Action|Comedy,99005,11856.0
4958,-1.2871412575764727,2.2315710238834336,3.014122045459577,Behind Enemy Lines (2001),Action|Drama|War,159273,8007.0
171701,0.06984555408233584,0.09709471643732787,4.310263929618769,The Death of Louis XIV (2016),Drama,5129510,371859.0
50804,0.17897412203437318,0.19495395435887075,4.508941877794337,Hannibal Rising (2007),Drama|Horror|Thriller,367959,1248.0
2313,0.8129230106431686,1.943139441532574,4.0092645590076685,"Elephant Man, The (1980)",Drama,80678,1955.0
7325,0.26067142081103384,2.177890117733549,3.7105989773218657,Starsky & Hutch (2004),Action|Comedy|Crime|Thriller,335438,9384.0
4326,0.13428018509237916,1.7878137948575243,3.6660176874970705,Mississippi Burning (1988),Crime|Drama|Thriller,95647,1632.0
44193,0.2241306889964676,0.8925152145935148,3.842031632387048,She's the Man (2006),Comedy|Romance,454945,9655.0
167772,0.5102894066151721,0.2586398362296078,5.563882063882064,The Spirit of Christmas (1995),Animation|Comedy,122264,16487.0
2522,-0.19267821800189391,0.13805604405120123,2.195256916996047,Airport '77 (1977),Drama,75648,7227.0
95313,0.08180380113206685,0.21322145999044154,3.9745656006043815,Jack-Jack Attack (2005),Adventure|Animation|Children|Comedy,455565,13932.0
172583,0.18841453112728762,0.21322145999044154,4.4745656006043815,Investigation Held by Kolobki (1986),Animation,3066856,213321.0
110882,-0.32764341755875304,1.039722616057175,3.2757832943757434,Locke (2013),Drama,2692904,210479.0
8827,0.6204532610917356,0.8193311851257727,4.3481770581920545,"Bill Cosby, Himself (1983)",Comedy|Documentary,83652,20120.0
6319,-0.9068419024368706,0.5308639134158237,1.8826711046390678,"My Father the Hero (Mon père, ce héros.) (1991)",Comedy|Drama,102465,20978.0
177939,-0.47623693623964536,0.5992089150808684,2.796132971506106,"The Night Is Short, Walk on Girl (2017)",Animation|Romance,6335734,430214.0
3445,-0.48363136218181546,0.5906164816947626,2.772050530115046,Eyes of Laura Mars (1978),Mystery|Thriller,77530,29143.0
57274,-0.2677001915223102,0.5788324149135989,3.12842602219175,[REC] (2007),Drama|Horror|Thriller,1038988,8329.0
4443,-0.03489684528963725,0.23906605052316435,3.444937526928048,Outland (1981),Action|Sci-Fi|Thriller,82869,10540.0
2583,-0.2560660375389925,2.129873736361,3.470683167105507,Cookie's Fortune (1999),Comedy|Drama,126250,9465.0
497,2.7758205394264275,8.11610706470743,3.9329228811777,Much Ado About Nothing (1993),Comedy|Romance,107616,11971.0
762,-6.004179245490736,5.595869890910819,2.5179428921697102,Striptease (1996),Comedy|Crime,117765,9879.0
27741,0.1056716386273565,1.074132456425528,3.689287682855756,"Twilight Samurai, The (Tasogare Seibei) (2002)",Drama|Romance,351817,12496.0
7147,1.806972850859732,11.196002712828289,3.7523035543803545,Big Fish (2003),Drama|Fantasy|Romance,319061,587.0
2044,0.17721426460966114,0.45138271021953535,3.9835122203543256,"Devil and Max Devlin, The (1981)",Comedy|Fantasy,82263,40866.0
106920,0.7181072131167691,4.925562517055864,3.736701010234074,Her (2013),Drama|Romance|Sci-Fi,1798709,152601.0
8622,-0.7941377264616957,4.288373282029315,3.4057251821785757,Fahrenheit 9/11 (2004),Documentary,361596,1777.0
1243,2.255145953657503,2.2744263350982745,4.582432060396719,Rosencrantz and Guildenstern Are Dead (1990),Comedy|Drama,100519,18971.0
1274,-0.2142559860463661,5.201539899043889,3.5497182147061133,Akira (1988),Action|Adventure|Animation|Sci-Fi,94625,149.0
1621,-1.0691864621582154,0.5978246885185722,1.8024475524475527,Soul Food (1997),Drama,120169,29461.0
4155,-0.28665788704449097,0.8027252145118806,3.2338032197314908,Sweet November (2001),Drama|Romance,230838,1921.0
4482,0.4013499781762028,0.27986369318150434,5.025,"Bright Lights, Big City (1988)",Drama,94799,17170.0
2905,0.3082441881992177,0.6090005276352051,4.0970567446659,Sanjuro (Tsubaki Sanjûrô) (1962),Action|Adventure|Drama,56443,11712.0
1296,0.6870584825658763,1.8619609773603187,3.9599063421511183,"Room with a View, A (1986)",Drama|Romance,91867,11257.0
100390,0.41540300627783533,0.28831835855681764,5.031687986700334,Identity Thief (2013),Comedy|Crime,2024432,109431.0
182731,-0.2656301020736513,0.2586398362296078,2.5638820638820636,Pixel Perfect (2004),Children|Comedy|Sci-Fi,393596,124117.0
168846,0.03443351777746714,0.02967852232720984,4.7511258091753445,Neal Brennan: 3 Mics (2017),Comedy,6438918,435351.0
4083,0.06453961875973005,0.1826592983765944,3.9442424242424243,Best Seller (1987),Thriller,92641,4639.0
1051,-0.04795877285546367,0.13108731247160058,3.225055432372505,Trees Lounge (1996),Drama,117958,27845.0
4826,0.40080142469758206,0.40536541607612603,4.579650134921373,"Big Red One, The (1980)",Action|Adventure|Drama|War,80437,16121.0
170697,-0.0312726307239999,0.03439295973193781,2.681634897360704,Gifted (2017),Drama,4481414,400928.0
55995,-0.5555595361166394,0.6408818960897655,2.724041826431355,Beowulf (2007),Action|Adventure|Animation|Fantasy|IMAX,442933,2310.0
162600,-0.967188820480198,0.5373271224889989,1.790909090909091,Miss Peregrine's Home for Peculiar Children (2016),Fantasy,1935859,283366.0
1415,-1.0804987482661488,0.39772960058876644,0.8742424242424245,"Thieves (Voleurs, Les) (1996)",Crime|Drama|Romance,118100,49935.0
300,-5.74716417741758,17.959660463166237,3.2709050357542324,Quiz Show (1994),Drama,110932,11450.0
412,0.7990888337895093,1.2425513459049333,4.2340123609856635,"Age of Innocence, The (1993)",Drama,106226,10436.0
842,-1.3830942878068946,2.8031890148321006,3.0975087955709126,Tales from the Crypt Presents: Bordello of Blood (1996),Comedy|Horror,117826,9431.0
1064,-0.1348416888752698,2.2254178866968997,3.5303174646436033,Aladdin and the King of Thieves (1996),Animation|Children|Comedy|Fantasy|Musical|Romance,115491,11238.0
784,-8.07501183282618,11.883012870731346,2.9113666280110264,"Cable Guy, The (1996)",Comedy|Thriller,115798,9894.0
180095,0.3987396233648934,1.5068015013980611,3.855535601431498,Wonder (2017),Drama,2543472,406997.0
3706,0.6215008782359148,1.1005883165750014,4.155607869622286,Angel Heart (1987),Film-Noir|Horror|Mystery|Thriller,92563,635.0
8132,0.7040816587911334,0.9610438524121727,4.323530871927639,Gladiator (1992),Action|Drama,104346,16219.0
1772,0.5552194259955576,1.277656123719853,4.025470015157671,Blues Brothers 2000 (1998),Action|Comedy|Musical,118747,11568.0
136864,2.6112200163612664,1.9315945376806647,4.9427559539141255,Batman v Superman: Dawn of Justice (2016),Action|Adventure|Fantasy|Sci-Fi,2975590,209112.0
406,-0.2008987565743642,0.2914026518628154,2.901489295687248,Federal Hill (1994),Drama,109785,171857.0
1034,-2.2691361419498337,2.2123936048541886,2.565261513113193,Freeway (1996),Comedy|Crime|Drama|Thriller,116361,11229.0
1974,-1.5914110804883927,1.0973232123090493,2.140642603663591,Friday the 13th (1980),Horror|Mystery|Thriller,80761,4488.0
6820,0.2725987803132927,0.331565281332469,4.413066281848365,Ginger Snaps (2000),Drama|Horror|Thriller,210070,9871.0
146028,-0.024806928863153912,0.21322145999044154,3.4745656006043815,The Adventures of Sherlock Holmes and Dr. Watson: The Hound of the Baskervilles (1981),Crime|Mystery,83100,84254.0
45440,-0.23219911722447784,0.920595751542174,3.33868207722203,Art School Confidential (2006),Comedy|Drama,364955,9786.0
2682,0.08161408362680124,0.8469265627539739,3.687274097293369,Limbo (1999),Drama,164085,62676.0
2349,-1.58553938362259,1.7345254627720728,2.676803522756391,Mona Lisa (1986),Comedy|Thriller,91538,10002.0
1163,-0.9068419024368706,0.5308639134158237,1.8826711046390678,Mina Tannenbaum (1994),Drama,110521,86369.0
8008,0.3333171248553747,0.4438728048816621,4.341838458938831,Brigadoon (1954),Fantasy|Musical|Romance,46807,18283.0
1752,-0.2982574588962793,0.6526023886826129,3.13388125272057,Hard Rain (1998),Action|Crime|Thriller,120696,11258.0
41716,0.23384207497190354,0.643331239881602,3.9543953643487884,"Matador, The (2005)",Comedy|Drama|Thriller,365485,9515.0
32584,-0.06775814833970856,0.06012854450521054,2.464020873386432,"Ballad of Jack and Rose, The (2005)",Drama,357110,17113.0
6695,-0.4365559359363753,0.27322431470959174,1.9931159501324816,Jeepers Creepers 2 (2003),Horror|Thriller,301470,11351.0
1826,-0.40778397252540743,0.2709617185859615,2.085958595859586,Barney's Great Adventure (1998),Adventure|Children,120598,17644.0
103655,-0.24946801013891354,0.35819291503816547,2.8944463758039283,R.I.P.D. (2013),Action|Comedy|Fantasy,790736,49524.0
54785,0.051108866161582965,0.19350923728126776,3.855024989868972,Halloween (2007),Horror,373883,2082.0
5884,0.0810086921765228,0.026243169571654894,6.677757726144823,Chopper Chicks in Zombietown (1989),Comedy|Horror,103959,27070.0
2094,0.6613135177894632,6.365689676655639,3.694796265964866,"Rocketeer, The (1991)",Action|Adventure|Sci-Fi,102803,10249.0
71535,-3.7151271507432733,7.4763637437770845,3.0939927719518248,Zombieland (2009),Action|Comedy|Horror,1156398,19908.0
587,3.30383314397402,18.163711249222843,3.7728010566336274,Ghost (1990),Comedy|Drama|Fantasy|Romance|Thriller,99653,251.0
1307,4.178421796348366,11.797853302272912,3.945077064462667,When Harry Met Sally... (1989),Comedy|Romance,98635,639.0
1276,3.8473320579308163,9.609918522296809,3.9912592134417935,Cool Hand Luke (1967),Drama,61512,903.0
6300,0.22132275597476128,0.28820758365585,4.358837377761681,Flickering Lights (Blinkende lygter) (2000),Action|Comedy|Crime,236027,10180.0
2015,0.22831597460576777,1.0739702681660788,3.8034996824490617,"Absent-Minded Professor, The (1961)",Children|Comedy|Fantasy,54594,17984.0
135861,-0.3636814880354391,0.6591491399162693,3.0391652350623897,Ted 2 (2015),Comedy,2637276,214756.0
149380,0.1438218109165883,0.08168341312313925,5.351631438538888,'Tis the Season for Love (2015),Romance,5056034,362886.0
27793,-0.21063086531248099,0.20646533659176985,2.5707336523125996,Starship Troopers 2: Hero of the Federation (2004),Action|Horror|Sci-Fi|War,367093,10304.0
64497,-0.32057007507703184,0.6538379954002675,3.100619329022762,"Day the Earth Stood Still, The (2008)",Drama|Sci-Fi|Thriller|IMAX,970416,10200.0
2752,-1.6629736671289108,1.797935321101083,2.6659738901753514,Outrageous Fortune (1987),Comedy|Mystery,93690,20242.0
42018,0.027089446602108068,0.009909334509698407,6.324639249639249,Mrs. Henderson Presents (2005),Comedy|Drama,413015,10773.0
52435,0.04847030923459581,0.20341857179096617,3.82918777317417,How the Grinch Stole Christmas! (1966),Animation|Comedy|Fantasy|Musical,60345,13377.0
59440,-0.002638556926987155,0.009909334509698407,3.3246392496392496,Bella (2006),Drama|Romance,482463,12586.0
96110,0.24388141500007873,0.29822769306651603,4.40867826751498,"Campaign, The (2012)",Comedy,1790886,77953.0
126921,-0.39495002018845515,0.2586398362296078,2.0638820638820636,The Fox and the Hound 2 (2006),Adventure|Animation|Children|Comedy,465997,9948.0
6288,0.19654480767660854,0.9719287495033172,3.7931305066013916,Better Luck Tomorrow (2002),Crime|Drama,280477,14290.0
60904,-0.024806928863153912,0.21322145999044154,3.4745656006043815,Heart of a Dog (Sobachye serdtse) (1988),Comedy|Drama|Sci-Fi,96126,43680.0
159811,0.18841453112728762,0.21322145999044154,4.4745656006043815,The Bremen Town Musicians (1969),Animation|Drama|Fantasy,211281,33108.0
3795,0.18187080348335205,0.17950884499655528,4.604066985645932,"Five Senses, The (1999)",Drama,168794,47585.0
42007,-0.08216703649883081,0.35792431662070645,3.361343697658921,Rumor Has It... (2005),Comedy|Drama|Romance,398375,2800.0
157699,0.32336317107921003,1.1422816821420607,3.8739944070220345,Snowden (2016),Drama|Thriller,3774114,302401.0
3296,0.5094979105777665,1.1707069826802166,4.026114413945024,To Sir with Love (1967),Drama,62376,25934.0
731,0.008841698165498341,0.02236610755453587,3.9862258953168044,Heaven's Prisoners (1996),Crime|Thriller,116508,36915.0
4229,-0.19740094617605664,0.07971507742832395,1.1145777299623454,Say It Isn't So (2001),Comedy|Romance,239949,20309.0
136912,-0.6985252592356985,0.5373271224889989,2.290909090909091,God Loves Caviar (2012),Adventure,2181959,128767.0
85510,-0.0703715526198308,0.35819291503816547,3.3944463758039283,Sucker Punch (2011),Action|Fantasy|Thriller|IMAX,978764,23629.0
988,-0.285039547088616,0.39772960058876644,2.874242424242424,Grace of My Heart (1996),Comedy|Drama,116442,58985.0
2240,-0.10110852638165603,0.562692340772772,3.4112220416011176,My Bodyguard (1980),Drama,81207,21873.0
1574,0.0810086921765228,0.026243169571654894,6.677757726144823,Fall (1997),Romance,119098,37567.0
688,1.0422657797902102,2.382326491884687,4.0284082260363085,Operation Dumbo Drop (1995),Action|Adventure|Comedy|War,114048,27281.0
2467,1.2860677828752194,3.8007912693665706,3.9292775230933588,"Name of the Rose, The (Name der Rose, Der) (1986)",Crime|Drama|Mystery|Thriller,91605,192.0
76,0.9204197434292589,2.16832169458724,4.015393956658898,Screamers (1995),Action|Sci-Fi|Thriller,114367,9102.0
667,0.20276166514922397,1.3067172254390325,3.746077830711308,Bloodsport 2 (a.k.a. Bloodsport II: The Next Kumite) (1996),Action,112536,25087.0
6863,-2.0563223735185443,10.836923754617356,3.4011576060707487,School of Rock (2003),Comedy|Musical,332379,1584.0
5965,0.3929993870624875,0.5317050530845417,4.330039525691699,"Duellists, The (1977)",Action|War,75968,19067.0
3435,0.46042437225080074,1.7210726927432232,3.8584308371968254,Double Indemnity (1944),Crime|Drama|Film-Noir,36775,996.0
1372,-1.2629455006548904,7.6466564062942,3.4257459877761556,Star Trek VI: The Undiscovered Country (1991),Action|Mystery|Sci-Fi,102975,174.0
1816,-0.7255511558294095,0.45138271021953535,1.9835122203543256,Two Girls and a Guy (1997),Comedy|Drama,124179,32456.0
3264,-3.1732993712495734,3.858885953524955,2.7685734713889345,Buffy the Vampire Slayer (1992),Action|Comedy|Horror,103893,10206.0
73319,0.26569101854420335,0.7619248338897533,3.9396193661573804,Leap Year (2010),Comedy|Romance,1216492,25195.0
39183,-0.08461661470265602,5.253937634917949,3.5748037199316567,Brokeback Mountain (2005),Drama|Romance,388795,142.0
2032,-0.45695516987929974,0.2951624303048108,2.0427609427609426,"Barefoot Executive, The (1971)",Children|Comedy,66811,20173.0
1480,0.29221423823660453,2.646279541839244,3.701333644935423,Smilla's Sense of Snow (1997),Drama|Thriller,120152,9311.0
3252,-1.0644452037334915,4.215144665640027,3.33838034322212,Scent of a Woman (1992),Drama,105323,9475.0
52952,0.1364793516395583,0.3699705596879689,3.959801555635647,This Is England (2006),Drama,480025,11798.0
61628,-0.21063086531248099,0.20646533659176985,2.5707336523125996,Sunflower (Xiang ri kui) (2005),Drama,401808,38019.0
2871,1.8343282837551462,3.6843798920730553,4.08877530923845,Deliverance (1972),Adventure|Drama|Thriller,68473,10669.0
5040,-0.33241979742727257,0.6225875579465435,3.056976484668645,Conan the Destroyer (1984),Action|Adventure|Fantasy,87078,9610.0
5505,-0.9855073087001733,1.8880958748743502,3.0689507932322013,"Good Girl, The (2002)",Comedy|Drama,279113,9962.0
107406,0.2921066095414244,0.9801014044595848,3.8889462207533114,Snowpiercer (2013),Action|Drama|Sci-Fi,1706620,110415.0
1889,-0.13397797407151202,1.169062960901248,3.476306217879715,Insomnia (1997),Drama|Mystery|Thriller,119375,26610.0
69784,0.05554259942498631,0.6774137595296138,3.672901224436987,Brüno (Bruno) (2009),Comedy,889583,18480.0
3359,0.6595509737925398,1.3984731658375527,4.0625312785236325,Breaking Away (1979),Comedy|Drama,78902,20283.0
74553,-0.02281254951845639,0.0532292822097316,3.1623376623376624,"Secret of Kells, The (2009)",Animation|Fantasy,485601,26963.0
55269,-0.19387640775950807,1.854876886855571,3.4863865702321677,"Darjeeling Limited, The (2007)",Adventure|Comedy|Drama,838221,4538.0
69304,-0.1363101839588474,0.2586398362296078,3.0638820638820636,Imagine That (2009),Comedy|Drama|Fantasy,780567,19724.0
3013,0.08343387010050854,0.13805604405120123,4.195256916996048,Bride of Re-Animator (1990),Comedy|Horror,99180,18111.0
179133,0.18841453112728762,0.21322145999044154,4.4745656006043815,Loving Vincent (2017),Animation|Crime|Drama,3262342,339877.0
98083,-0.015154069008487377,0.41779206419202597,3.5546372937465622,Jackass 3.5 (2011),Comedy|Documentary,1753968,65851.0
174815,0.0047549954502573,0.02967852232720984,3.7511258091753445,The House (2017),Comedy,4481514,345914.0
2526,-2.670077975315509,1.026829912277479,0.9905972540700638,Meteor (1979),Sci-Fi,79550,40160.0
3725,-0.48363136218181546,0.5906164816947626,2.772050530115046,American Pop (1981),Animation|Musical,82009,29204.0
66744,0.3236866939152567,0.3881135418648161,4.424909090909091,"Divo, Il (2008)",Drama,1023490,8832.0
30894,-0.350681397862892,0.2826889810516,2.3503888677353366,White Noise (2005),Drama|Horror|Mystery|Sci-Fi|Thriller,375210,11804.0
7321,0.051108866161582965,0.19350923728126776,3.855024989868972,Twisted (2004),Thriller,315297,13572.0
26629,-0.1424003711196848,0.19350923728126776,2.855024989868972,Killer Klowns from Outer Space (1988),Comedy|Horror|Sci-Fi,95444,16296.0
56012,0.051108866161582965,0.19350923728126776,3.855024989868972,"Evening with Kevin Smith 2: Evening Harder, An (2006)",Comedy|Documentary,910873,16768.0
60293,0.06081713895653343,0.6112902172041307,3.690398886827458,"Wackness, The (2008)",Comedy|Drama|Romance,1082886,13990.0
26,0.7501182566751464,2.1666368984354287,3.937122273753351,Othello (1995),Drama,114057,16420.0
27,0.21505724675083362,0.9180074446469582,3.8251743444262223,Now and Then (1995),Children|Drama,114011,9263.0
332,-0.5679738175373241,0.9516091749436307,2.994052910354749,Village of the Damned (1995),Horror|Sci-Fi,114852,12122.0
2023,-0.2888954854696769,8.138595557633185,3.555412120525949,"Godfather: Part III, The (1990)",Crime|Drama|Mystery|Thriller,99674,242.0
5066,0.4367956631505173,2.7834791663037746,3.7478334424322766,"Walk to Remember, A (2002)",Drama|Romance,281358,10229.0
87222,0.19214481374545775,1.0801147487906844,3.7688020545600236,Kung Fu Panda 2 (2011),Action|Adventure|Animation|Children|Comedy|IMAX,1302011,49444.0
30793,0.003435861664958847,6.640863398221772,3.591426472679943,Charlie and the Chocolate Factory (2005),Adventure|Children|Comedy|Fantasy|IMAX,367594,118.0
145283,-0.0668848276810887,0.28820758365585,3.3588373777616805,Nowitzki: The Perfect Shot (2014),Documentary,3626804,291343.0
2335,0.8600895134779012,2.848632341154613,3.8928397756984405,"Waterboy, The (1998)",Comedy,120484,10663.0
2754,-0.7255511558294095,0.45138271021953535,1.9835122203543256,Deadtime Stories (1987),Horror,92850,66194.0
3743,-0.2741684456098742,0.45138271021953535,2.9835122203543256,Boys and Girls (2000),Comedy|Romance,204175,10571.0
81834,1.9162175178072514,5.809556701445889,3.920747943730743,Harry Potter and the Deathly Hallows: Part 1 (2010),Action|Adventure|Fantasy|IMAX,926084,12444.0
117851,-0.17586167656036536,0.4828576220580574,3.226698879603324,Penguins of Madagascar (2014),Adventure|Animation|Children|Comedy,1911658,270946.0
38886,-0.21063086531248099,0.20646533659176985,2.5707336523125996,"Squid and the Whale, The (2005)",Comedy|Drama,367089,10707.0
3270,-0.2216579580050901,0.5589136409385261,3.194321958712992,"Cutting Edge, The (1992)",Comedy|Drama|Romance,104040,16562.0
86781,-0.17625960217174497,0.236100825131288,2.8443653121072474,Incendies (2010),Drama|Mystery|War,1255953,46738.0
170875,-0.42235924714989737,0.45528763147549334,2.6632334459961857,The Fate of the Furious (2017),Action|Crime|Drama|Thriller,4630562,337339.0
1235,0.874932694571516,1.9950323192215351,4.029464740430055,Harold and Maude (1971),Comedy|Drama|Romance,67185,343.0
3811,1.2440078768544,1.3131958434155455,4.538222382442826,Breaker Morant (1980),Drama|War,80310,13783.0
6936,-0.4972939657137573,4.605602506706857,3.4829332147909113,Elf (2003),Children|Comedy|Fantasy,319343,10719.0
27020,-0.08458057351008763,0.3145910539907577,3.3220502901353965,Gia (1998),Drama|Romance,123865,14533.0
33683,0.07271495348529122,0.3145910539907577,3.8220502901353965,High Tension (Haute tension) (Switchblade Romance) (2003),Horror|Thriller,338095,10226.0
4774,-1.0547209567258877,0.8577372307094155,2.361253994961406,Big Trouble (2002),Comedy|Crime,246464,2185.0
8643,-0.02925843255077709,1.8522790950676797,3.575113181627014,"Cinderella Story, A (2004)",Comedy|Romance,356470,11247.0
8656,0.08180380113206685,0.21322145999044154,3.9745656006043815,"Short Film About Killing, A (Krótki film o zabijaniu) (1988)",Crime|Drama,95468,10754.0
147286,0.18841453112728762,0.21322145999044154,4.4745656006043815,The Adventures of Sherlock Holmes and Doctor Watson: The Treasures of Agra (1983),Crime|Mystery,86333,127608.0
501,-0.43636832245800494,0.6815297010190097,2.950631313131313,Naked (1993),Drama,107653,21450.0
5993,-1.2145660810484173,1.060123014136803,2.4452249911847126,Max (2002),Drama,290210,13560.0
5095,0.40080142469758206,0.40536541607612603,4.579650134921373,"Scotland, Pa. (2001)",Comedy|Crime,265713,27593.0
127212,-0.47623693623964536,0.5992089150808684,2.796132971506106,The Stanford Prison Experiment (2015),Drama|Thriller,420293,308032.0
8864,-0.11152640810257329,0.08917974377033226,2.3403290445053786,Mr. 3000 (2004),Comedy|Drama,339412,16232.0
40851,-0.06693653621740715,0.08917974377033226,2.8403290445053786,Zathura (2005),Action|Adventure|Children|Fantasy,406375,6795.0
577,-0.6754654698610012,0.6053183739236314,2.475024460672805,Andre (1994),Adventure|Children|Drama,109120,21352.0
71211,0.051108866161582965,0.19350923728126776,3.855024989868972,"Informant!, The (2009)",Comedy|Crime|Drama|Thriller,1130080,11323.0
2439,-0.6084130772000941,0.5326107921718857,2.4485869935308138,Affliction (1997),Drama,118564,31662.0
115231,-0.1248007253769958,0.15569545040039195,2.7893395841826334,St. Vincent (2014),Comedy,2170593,239563.0
1927,0.7966800999610992,2.7376863305919334,3.881913977429032,All Quiet on the Western Front (1930),Action|Drama|War,20629,143.0
103249,0.04716428907654918,1.1282630304558217,3.6327116562714377,World War Z (2013),Action|Drama|Horror|IMAX,816711,72190.0
1269,1.1704242893052912,4.968132543771083,3.826495456408284,Arsenic and Old Lace (1944),Comedy|Mystery|Thriller,36613,212.0
3072,-1.2002676346925862,4.705445710338207,3.3358285504928,Moonstruck (1987),Comedy|Romance,93565,2039.0
3387,-0.44149836988344887,1.7492976244599117,3.3385230110847615,Who's Harry Crumb? (1989),Comedy|Mystery,98645,11718.0
106918,0.23865542003456539,2.308755035722107,3.6942788362228987,"Secret Life of Walter Mitty, The (2013)",Adventure|Comedy|Drama,359950,116745.0
135536,0.7062503028817658,0.9055248048900882,4.370843885701918,Suicide Squad (2016),Action|Crime|Sci-Fi,1386697,297761.0
42004,-0.02276201704465114,0.44553138711493423,3.5398194983395346,Transamerica (2005),Adventure|Comedy|Drama,407265,546.0
103980,0.3476625853778777,0.5942937401694535,4.175910348500576,Blue Jasmine (2013),Drama,2334873,160588.0
4876,-1.476746714567835,1.3562777417834253,2.5020858587103527,Thirteen Ghosts (a.k.a. Thir13en Ghosts) (2001),Horror|Thriller,245674,9378.0
1019,0.9206079594085573,2.29622588484176,3.99183130221497,"20,000 Leagues Under the Sea (1954)",Adventure|Drama|Sci-Fi,46672,173.0
33154,0.03231058654275828,0.45407611509178963,3.66206585399104,Enron: The Smartest Guys in the Room (2005),Documentary,413845,13020.0
60737,-0.39495002018845515,0.2586398362296078,2.0638820638820636,Watching the Detectives (2007),Comedy|Romance,472205,22100.0
101283,0.1223296522707604,0.2586398362296078,4.063882063882064,"Incredible Burt Wonderstone, The (2013)",Comedy,790628,124459.0
384,-0.5939115239812319,0.8837354033458242,2.9188623201984445,Bad Company (1995),Action|Crime|Drama,112443,40480.0
8426,0.08343387010050854,0.13805604405120123,4.195256916996048,Robot Carnival (Roboto kânibauru) (1987),Animation|Comedy|Drama|Fantasy|Sci-Fi,93871,33441.0
175435,0.08180380113206685,0.21322145999044154,3.9745656006043815,The Magic Ring (1982),Animation|Fantasy,189195,79216.0
2331,-0.2974125945786936,0.6577700195253176,3.1387562323867115,Living Out Loud (1998),Comedy|Drama|Romance,120722,46889.0
4866,-1.768729772672823,1.3825068064869108,2.3115448488137167,"Last Castle, The (2001)",Action,272020,2100.0
2750,-0.30378819878808083,0.4782656376729588,2.9557219169649462,Radio Days (1987),Comedy|Drama,93818,30890.0
42011,-1.2844420682375344,1.2744558681526899,2.5830734330927716,Fun with Dick and Jane (2005),Comedy|Crime,369441,7552.0
4919,-0.004563991378543954,0.40536541607612603,3.579650134921373,Subway (1985),Crime|Drama|Romance|Thriller,90095,10656.0
6040,-0.1571721605816242,0.2826889810516,3.034919395106497,Darkness Falls (2003),Horror|Thriller,282209,10727.0
5258,0.05476552260486791,0.026243169571654894,5.677757726144823,George Washington (2000),Drama,262432,18292.0
4830,0.10874245022359214,0.15569545040039195,4.289339584182633,Brubaker (1980),Crime|Drama,80474,1623.0
2644,-0.743671338570673,1.43730035231512,3.0735006471048365,Dracula (1931),Horror,21814,138.0
5764,-1.256707244855378,0.6088395347746551,1.5268065268065265,Looker (1981),Drama|Horror|Sci-Fi|Thriller,82677,21874.0
908,7.658825863560917,11.130472604935534,4.279004388871982,North by Northwest (1959),Action|Adventure|Mystery|Romance|Thriller,53125,213.0
3481,1.3220040898000789,10.049440125674515,3.722459114917154,High Fidelity (2000),Comedy|Drama|Romance,146882,243.0
159,-2.3803758321066377,1.711803345759765,2.2003429151839615,Clockers (1995),Crime|Drama|Mystery,112688,20649.0
271,0.36766154074297175,0.7813804001546245,4.061437326158166,Losing Isaiah (1995),Drama,113691,28313.0
606,-0.34213957631713077,0.8961559817135641,3.209123349030856,Candyman: Farewell to the Flesh (1995),Fantasy|Horror,112625,10824.0
44,-3.886539995847953,9.204367445473403,3.168659542651507,Mortal Kombat (1995),Action|Adventure|Fantasy,113855,9312.0
78469,-1.9355524214517383,3.0144985286029047,2.9488280273138177,"A-Team, The (2010)",Action|Comedy|Thriller,429493,34544.0
743,0.9280454152325446,6.891312709585703,3.7255779782956187,Spy Hard (1996),Comedy,117723,10535.0
2134,0.1538113161697712,1.6372065758202012,3.684856500137346,Weird Science (1985),Comedy|Fantasy|Sci-Fi,90305,11814.0
2169,-0.9640185879950269,1.4383967735285292,2.9207055658899166,Dead Man on Campus (1998),Comedy,118301,14557.0
3017,-0.23638032798841657,0.7829479915520043,3.28899845247722,Creepshow 2 (1987),Horror,92796,16288.0
3370,-0.2741684456098742,0.45138271021953535,2.9835122203543256,Betrayed (1988),Drama|Thriller,94731,31618.0
5219,-1.0120833275193664,4.538483976040992,3.367908782246059,Resident Evil (2002),Action|Horror|Sci-Fi|Thriller,120804,1576.0
111743,-0.3239003762789066,1.346038505866395,3.3502767651121226,A Million Ways to Die in the West (2014),Comedy|Western,2557490,188161.0
57368,-0.40696708867692244,2.6032430399152315,3.4345782825915645,Cloverfield (2008),Action|Mystery|Sci-Fi|Thriller,1060277,7191.0
3783,0.8813901270566247,1.2663280583274859,4.286929463560968,Croupier (1998),Crime|Drama,159382,12706.0
71033,-0.16448496402509194,1.4317986562422498,3.476029136728395,"Secret in Their Eyes, The (El secreto de sus ojos) (2009)",Crime|Drama|Mystery|Romance|Thriller,1305806,25376.0
1350,0.42688785609315893,1.5405138163488958,3.8680165413991534,"Omen, The (1976)",Horror|Mystery|Thriller,75005,794.0
2322,-0.27345753426679925,0.8624706076013338,3.2738460723474176,Soldier (1998),Action|Sci-Fi|War,120157,9425.0
4267,0.2731953176188895,0.7888869234995052,3.9372138774138463,One Night at McCool's (2001),Comedy,203755,2144.0
916,1.112594066325034,3.0521890261724076,3.955432407382802,Roman Holiday (1953),Comedy|Drama|Romance,46250,804.0
54116,0.002316110327862049,0.009909334509698407,3.8246392496392496,First Snow (2006),Drama|Thriller,432289,16083.0
1135,0.34178965603775263,1.3399360788723729,3.845988166267213,Private Benjamin (1980),Comedy,81375,10765.0
175397,0.18841453112728762,0.21322145999044154,4.4745656006043815,"In the blue sea, in the white foam. (1984)",Animation|Children|Fantasy,487132,196649.0
7225,0.019594256613862222,0.02967852232720984,4.2511258091753445,Pumping Iron (1977),Documentary,76578,5205.0
93855,-0.43636832245800494,0.6815297010190097,2.950631313131313,God Bless America (2011),Comedy|Drama,1912398,74306.0
122890,0.3538862834602567,1.039722616057175,3.931275144311161,Warcraft (2016),Action|Adventure|Fantasy,803096,68735.0
3287,0.064272709437808,1.3073735998690128,3.6400707914698542,"Tigger Movie, The (2000)",Animation|Children,220099,15655.0
6509,0.04302401382796776,0.13978414288596877,3.898698035632709,Ali: Fear Eats the Soul (Angst essen Seele auf) (1974),Drama|Romance,71141,216.0
5214,-0.009783506691135495,0.1228373617887007,3.5112630732099754,"Oh, God! (1977)",Comedy|Fantasy,76489,24032.0
3528,-0.10072077114279339,1.2430262863057895,3.5098804173786777,"Prince of Tides, The (1991)",Drama|Romance,102713,10333.0
8815,-0.00024628988033419065,0.0005379489491509954,3.133077765607886,Exorcist: The Beginning (2004),Horror|Thriller,204313,11026.0
1875,0.08919452170020274,0.5013538907203781,3.7688164001992255,Clockwatchers (1997),Comedy,118866,55561.0
7257,-0.022346664332241025,0.08917974377033226,3.3403290445053786,"Big Bounce, The (2004)",Comedy|Crime|Thriller,315824,12634.0
8967,-0.3359096084009526,0.19350923728126776,1.8550249898689717,Seed of Chucky (Child's Play 5) (2004),Comedy|Horror,387575,11249.0
1210,12.773220971619764,38.570026320555456,3.9220787112111757,Star Wars: Episode VI - Return of the Jedi (1983),Action|Adventure|Sci-Fi,86190,1892.0
112552,0.3290478290070659,5.547413210390544,3.6502246343033966,Whiplash (2014),Drama,2582802,244786.0
2076,1.0739419448754244,6.5185543132646036,3.7556606436713436,Blue Velvet (1986),Drama|Mystery|Thriller,90756,793.0
253,-5.063406777669632,22.225475889610323,3.3630891421791467,Interview with the Vampire: The Vampire Chronicles (1994),Drama|Horror,110148,628.0
55247,0.4662968870974519,5.886720965703227,3.6701207419817603,Into the Wild (2007),Action|Adventure|Drama,758758,5915.0
74510,0.22132275597476128,0.28820758365585,4.358837377761681,"Girl Who Played with Fire, The (Flickan som lekte med elden) (2009)",Action|Crime|Drama|Mystery|Thriller,1216487,24253.0
1689,-1.6552721431399988,1.6804979227734016,2.605919986960525,"Man Who Knew Too Little, The (1997)",Comedy|Crime|Thriller,120483,9414.0
2371,-0.0743688176231701,4.812624606374289,3.5754562302133555,Fletch (1985),Comedy|Crime|Mystery,89155,9749.0
4036,-0.4457682441913825,1.1458141804666566,3.2018684839846467,Shadow of the Vampire (2000),Drama|Horror,189998,10873.0
1363,0.9742954712716739,1.7809440157846985,4.137975962543678,"Preacher's Wife, The (1996)",Drama,117372,21539.0
1280,1.2844606244641654,2.0055958885580556,4.231347492180268,Raise the Red Lantern (Da hong deng long gao gao gua) (1991),Drama,101640,10404.0
1866,0.7558700042702425,1.4519837053688769,4.111486561217694,"Big Hit, The (1998)",Action|Comedy|Crime,120609,9448.0
102123,0.365360597194098,1.3721227169374441,3.8571830857086065,This Is the End (2013),Action|Comedy,1245492,109414.0
32598,-0.6956112352387982,0.6622431247748523,2.5405225950503527,Fever Pitch (2005),Comedy|Romance,332047,11431.0
1955,0.7767217189046757,0.9071347587610803,4.4471454013394,Kramer vs. Kramer (1979),Drama,79417,12102.0
6949,0.007298612380697842,0.061362407793274544,3.7098518221866237,"Big Empty, The (2003)",Comedy|Mystery|Sci-Fi,321442,14892.0
5480,-0.441903020365255,0.41433528662999974,2.52437424672655,Stuart Little 2 (2002),Children|Comedy,243585,10996.0
79897,-0.39495002018845515,0.2586398362296078,2.0638820638820636,Get Low (2009),Comedy|Drama|Mystery,1194263,44718.0
1771,0.08343387010050854,0.13805604405120123,4.195256916996048,Night Flier (1997),Horror,119784,12238.0
3727,0.15246189212610917,0.13805604405120123,4.695256916996048,Near Dark (1987),Horror|Western,93605,11879.0
140038,0.08180380113206685,0.21322145999044154,3.9745656006043815,Madly in Love (1981),Comedy,82562,11441.0
99007,-0.5423473676146945,1.81880387706581,3.292720058846086,Warm Bodies (2013),Comedy|Horror|Romance,1588173,82654.0
179427,0.019594256613862222,0.02967852232720984,4.2511258091753445,Dane Cook: Troublemaker (2014),Comedy,4129180,298718.0
25906,0.592252701644028,0.3645872947131095,5.215355993563958,Mr. Skeffington (1944),Drama|Romance,37094,43307.0
60161,0.010941597020025784,0.5580965319943773,3.6105142960891436,Futurama: The Beast with a Billion Backs (2008),Action|Animation|Comedy|Romance|Sci-Fi,1054485,12889.0
7258,0.02876220182934194,0.2826889810516,3.692654131420917,"Perfect Score, The (2004)",Comedy|Crime,314498,13505.0
73431,-0.4285644676579963,0.35819291503816547,2.3944463758039283,"Maiden Heist, The (2009)",Comedy|Crime,1107860,24271.0
71619,0.06081713895653343,0.6112902172041307,3.690398886827458,Coco Before Chanel (Coco avant Chanel) (2009),Drama,1035736,11156.0
236,0.724045627330169,11.657114902104102,3.6530209971063505,French Kiss (1995),Action|Comedy|Romance,113117,397.0
329,-2.841439490157544,21.709482468404417,3.460024372938825,Star Trek: Generations (1994),Adventure|Drama|Sci-Fi,111280,193.0
460,-0.15140500080776512,0.30671722744282753,3.0972785176606834,Getting Even with Dad (1994),Comedy,109891,41579.0
3173,-1.2011881017309751,2.612250054356173,3.131080178386769,Any Given Sunday (1999),Drama,146838,9563.0
5891,-1.2477615246701887,0.7252142903658095,1.870367257624479,I Spit on Your Grave (Day of the Woman) (1978),Horror|Thriller,77713,25239.0
107141,-0.4237897643333025,1.9480119096711952,3.373359207240857,Saving Mr. Banks (2013),Comedy|Drama,2140373,140823.0
103772,0.00397117924791705,1.3818653474215936,3.593782872537183,"Wolverine, The (2013)",Action|Adventure|Fantasy|Sci-Fi,1430132,76170.0
2496,1.0909854818797269,2.895044696049346,3.9677549072685117,Blast from the Past (1999),Comedy|Romance,124298,11622.0
3258,-0.5759499426754904,1.7262160846642403,3.257260280779091,Death Becomes Her (1992),Comedy|Fantasy,104070,9374.0
176371,-0.5557008530421897,3.066657559260487,3.4097017528533233,Blade Runner 2049 (2017),Sci-Fi,1856101,335984.0
44195,0.9774653035568682,4.859366433988001,3.7920598616598116,Thank You for Smoking (2006),Comedy|Drama,427944,9388.0
1056,-0.3270642379263884,1.6612993941062817,3.394036546991541,Jude (1996),Drama,116722,25147.0
2497,0.2789026536497081,0.5941794637635925,4.060300361827663,Message in a Bottle (1999),Romance,139462,10207.0
4104,-0.5998745905937827,0.2085838445724787,0.714969241285031,Ernest Goes to Camp (1987),Comedy,92974,18935.0
81018,0.021298195863671907,0.09709471643732787,3.810263929618768,"Illusionist, The (L'illusionniste) (2010)",Animation,775489,41201.0
1873,1.1306009430631587,1.711756194064018,4.251400898669931,"Misérables, Les (1998)",Crime|Drama|Romance|War,119683,4415.0
86892,0.29358946457308216,0.561273976389716,4.113986013986014,The Man from Nowhere (2010),Action|Crime|Thriller,1527788,51608.0
41573,-0.13268581925950823,1.6583790175305073,3.5108997457250863,"Family Stone, The (2005)",Comedy|Drama|Romance,356680,9043.0
53435,-0.12522025902727513,0.20341857179096617,2.9753298056708086,Hostel: Part II (2007),Crime|Horror|Thriller,498353,1691.0
93287,0.12203669880101226,0.3980228763745145,3.897516338996468,"Big Year, The (2011)",Comedy,1053810,73937.0
4899,-0.0018931200773841805,0.6078445239112675,3.587794610144828,Black Knight (2001),Adventure|Comedy|Fantasy,265087,11469.0
141928,-0.39495002018845515,0.2586398362296078,2.0638820638820636,Bloodsucking Bastards (2015),Comedy|Horror,3487994,317981.0
6030,-0.9690804632654639,0.6429136487763588,2.0835830835830835,Girls! Girls! Girls! (1962),Comedy|Musical,56023,15734.0
63515,-0.024806928863153912,0.21322145999044154,3.4745656006043815,The Island (2006),Drama|Mystery,851577,22358.0
118888,0.009626588914313231,0.24289998231765136,3.630540995458693,Dave Chappelle: For What it's Worth (2004),Comedy,424934,20147.0
110330,-0.43636832245800494,0.6815297010190097,2.950631313131313,Me and you (io e te) (2012),Drama,1801061,119360.0
48082,0.2548484786821033,0.6663037556444095,3.9733900187490203,"Science of Sleep, The (La science des rêves) (2006)",Comedy|Drama|Fantasy|Romance,354899,300.0
4368,-1.5008703200254527,1.3469152239791289,2.476607096763163,Dr. Dolittle 2 (2001),Comedy,240462,10808.0
180497,-0.47623693623964536,0.5992089150808684,2.796132971506106,The Post (2017),Drama|Thriller,6294822,446354.0
7311,-0.037693876087103284,0.06012854450521054,2.964020873386432,"Goodbye, Mr. Chips (1939)",Drama|Romance,31385,42852.0
39435,0.022243207552925106,0.08917974377033226,3.8403290445053786,"Legend of Zorro, The (2005)",Action|Adventure|Drama|Western,386140,1656.0
5080,0.14786348480221684,0.19350923728126776,4.355024989868972,Slackers (2002),Comedy,240900,20009.0
5401,-0.5767625860629051,0.5171380999853783,2.4756120627473432,Undercover Brother (2002),Comedy,279493,12277.0
60522,-0.045645752479050915,0.19350923728126776,3.355024989868972,"Machine Girl, The (Kataude mashin gâru) (2008)",Action|Comedy|Fantasy|Horror|Thriller,1050160,13964.0
2069,-0.023963986110096768,0.026243169571654894,2.677757726144823,"Trip to Bountiful, The (1985)",Drama,90203,47908.0
2323,-0.023963986110096768,0.026243169571654894,2.677757726144823,"Cruise, The (1998)",Documentary,150230,32326.0
1085,0.11315850781029951,0.47511072114872316,3.8290820109743438,"Old Man and the Sea, The (1958)",Adventure|Drama,52027,11331.0
1093,6.2652366758181826,7.421977912027393,4.435055590680439,"Doors, The (1991)",Drama,101761,10537.0
1046,0.6754692773360959,1.4163505162459158,4.06781736297048,Beautiful Thing (1996),Drama|Romance,115640,10938.0
4144,-0.052456118001415114,1.212624245576067,3.5476507458835917,In the Mood For Love (Fa yeung nin wa) (2000),Drama|Romance,118694,843.0
336,-0.15140500080776512,0.30671722744282753,3.0972785176606834,"Walking Dead, The (1995)",Drama|War,114888,95963.0
350,-0.4851728072857198,7.1061438495716756,3.522633973270575,"Client, The (1994)",Drama|Mystery|Thriller,109446,10731.0
4874,2.0653007935862844,4.172339297942114,4.085907375110219,K-PAX (2001),Drama|Fantasy|Mystery|Sci-Fi,272152,167.0
3328,1.54319399999388,3.874906468840003,3.9891623164781334,Ghost Dog: The Way of the Samurai (1999),Crime|Drama,165798,4816.0
72011,-0.4669348360435015,3.0559835280811627,3.438115454505989,Up in the Air (2009),Drama|Romance,1193138,22947.0
1260,-0.6375271398737359,1.4425768870046707,3.1489727576593043,M (1931),Crime|Film-Noir|Thriller,22100,832.0
2723,-0.6678837679232182,7.1361833760137205,3.497317918607084,Mystery Men (1999),Action|Comedy|Fantasy,132347,9824.0
3741,-0.002160420493532017,1.5293858793516568,3.5894964843702835,Badlands (1973),Crime|Drama|Thriller,69762,3133.0
2409,0.5915070297136685,2.261037224906396,3.8525178000439686,Rocky II (1979),Action|Drama,79817,1367.0
26614,0.3026339815167437,1.0091994713948649,3.8907843782974783,"Bourne Identity, The (1988)",Action|Adventure|Drama|Mystery|Thriller,94791,8677.0
157110,0.22132275597476128,0.28820758365585,4.358837377761681,00 Schneider - Jagd auf Nihil Baxter (1994),Comedy|Crime,109000,1652.0
12,-0.6669560849012848,4.9879917892047585,3.457196744721043,Dracula: Dead and Loving It (1995),Comedy|Horror,112896,12110.0
984,-1.2000943626648322,1.4513827006388902,2.7640462916373636,"Pompatus of Love, The (1996)",Comedy|Drama,117357,85328.0
3548,0.3141007833491485,0.9264934313682585,3.9299301489270415,Auntie Mame (1958),Comedy|Drama,51383,16347.0
2236,-0.6026339832614659,0.9740565447682819,2.972224286111823,Simon Birch (1998),Drama,124879,22796.0
4317,-0.15837740818680587,0.27986369318150434,3.025,Love Potion #9 (1992),Comedy|Romance,102343,26255.0
3196,0.6678792752555365,1.4838152346430373,4.041018551751908,Stalag 17 (1953),Drama|War,46359,632.0
107565,-0.1243438787923199,0.09709471643732787,2.310263929618768,"Fuck You, Goethe (Fack Ju Göhte) (2013)",Comedy,2987732,233063.0
136564,-0.027249162354992026,0.09709471643732787,3.310263929618768,Macbeth (2015),Drama,2884018,225728.0
39414,0.17063473525768877,0.6225875579465435,3.864982565522825,Shopgirl (2005),Comedy|Drama|Romance,338427,2610.0
71282,0.016214310392656382,0.29259831556129845,3.646324004564872,"Food, Inc. (2008)",Documentary,1286537,18570.0
96728,0.45736483700750835,0.7976531347552772,4.164297218002492,"Master, The (2012)",Drama,1560747,68722.0
95311,0.18841453112728762,0.21322145999044154,4.4745656006043815,Presto (2008),Animation|Children|Comedy|Fantasy,1245104,13042.0
127152,-0.142198960921744,0.6288874374080782,3.3647971470804645,Going Clear: Scientology and the Prison of Belief (2015),Documentary,4257858,318224.0
105355,0.42079047811830744,0.23611754101309415,5.373031995937024,Blue Is the Warmest Color (La vie d'Adèle) (2013),Drama|Romance,2278871,152584.0
2531,-2.2550526421262505,1.3605464456337506,1.9334481131062835,Battle for the Planet of the Apes (1973),Action|Sci-Fi,69768,1705.0
4305,-0.612612115492733,0.40536541607612603,2.079650134921373,Angel Eyes (2001),Romance|Thriller,225071,5852.0
3054,-1.1444894164591488,0.997946480034841,2.4440646064040785,Pokémon: The First Movie (1998),Adventure|Animation|Children|Fantasy|Sci-Fi,190641,10228.0
27837,-0.06799241681129194,0.2826889810516,3.350388867735337,Flight of the Phoenix (2004),Action|Adventure,377062,11866.0
53468,-0.045645752479050915,0.19350923728126776,3.355024989868972,Fido (2006),Comedy|Horror|Thriller,457572,10288.0
223,4.335229050158797,17.543572253896322,3.8380211948419696,Clerks (1994),Comedy,109445,2292.0
2692,1.358314373008961,13.897738090788621,3.6886454537715663,Run Lola Run (Lola rennt) (1998),Action|Crime,130827,104.0
3083,2.2023525149177408,2.498741603431054,4.472293749448278,All About My Mother (Todo sobre mi madre) (1999),Drama,185125,99.0
4033,1.4668489195367662,2.3876784431127867,4.205250156712094,Thirteen Days (2000),Drama|Thriller|War,146309,11973.0
5841,-1.2021157721911377,0.5317050530845417,1.3300395256916997,Return to the Blue Lagoon (1991),Adventure|Romance,102782,13888.0
30749,0.6483745288853972,8.456528373384232,3.6675805688794205,Hotel Rwanda (2004),Drama|War,395169,205.0
33679,-0.5604371309938503,6.070157125519261,3.4985824641999166,Mr. & Mrs. Smith (2005),Action|Adventure|Comedy|Romance,356910,787.0
158972,0.17827655087991606,0.9697372846748596,3.774749140886843,Toni Erdmann (2016),Drama,4048272,374475.0
3500,0.04984041439690114,1.2815875694662027,3.629798680340471,Mr. Saturday Night (1992),Comedy|Drama,104928,54087.0
102993,0.08890395349698768,0.11607637285507705,4.356818218755336,"Way, Way Back, The (2013)",Comedy|Drama,1727388,147773.0
3037,1.025947434406094,2.8314695885603878,3.9532465281717384,Little Big Man (1970),Western,65988,11040.0
33166,1.3553549162058665,6.471525915896984,3.8003426825874467,Crash (2004),Crime|Drama,375679,1640.0
52328,0.7283458586309649,2.1402998475376704,3.931209941497338,Sunshine (2007),Adventure|Drama|Sci-Fi|Thriller,448134,1272.0
61210,0.0990671395751738,0.20646533659176985,4.070733652312599,Mutant Chronicles (2008),Action|Adventure|Sci-Fi,490181,13256.0
111921,0.5200186932440259,1.5736807856221837,3.9213564713404576,The Fault in Our Stars (2014),Drama|Romance,2582846,222935.0
1769,-2.1466646993940324,2.3101303423429567,2.6616694458348373,"Replacement Killers, The (1998)",Action|Crime|Thriller,120008,11702.0
5307,-0.18270690144882534,0.2085838445724787,2.7149692412850306,Taking Care of Business (1990),Comedy,103035,6393.0
57147,-0.04434039948371502,0.16350522309619905,3.3197226502311246,Cassandra's Dream (2007),Crime|Drama|Thriller,795493,4787.0
96691,-0.035422798755795314,0.4923639930908995,3.5189647585597195,Resident Evil: Retribution (2012),Action|Horror|Sci-Fi|IMAX,1855325,71679.0
174681,-0.006990265844043497,0.2586398362296078,3.5638820638820636,"Oh, Hello: On Broadway (2017)",Comedy,6987652,460822.0
90890,-0.28556929819438476,0.2103402261491883,2.2332548588943424,Jack and Jill (2011),Comedy,810913,71880.0
3325,-0.9690804632654639,0.6429136487763588,2.0835830835830835,"Next Best Thing, The (2000)",Comedy|Drama,156841,1831.0
107408,0.08180380113206685,0.21322145999044154,3.9745656006043815,Only Old Men Are Going to Battle (V boy idut odni stariki) (1973),Comedy|Drama|War,70861,37129.0
3679,0.005990721983320733,0.2815639332160726,3.612185686653772,"Decline of Western Civilization, The (1981)",Documentary|Musical,82252,21137.0
3076,-0.09676012905800102,0.13978414288596877,2.898698035632709,Irma la Douce (1963),Comedy,57187,2690.0
6538,0.17732059281288415,0.5909924579210343,3.8909477638841308,Swimming Pool (2003),Drama|Mystery|Thriller,324133,302.0
56176,-0.5015091824953006,0.3645872947131095,2.215355993563958,Alvin and the Chipmunks (2007),Children|Comedy,952640,6477.0
191005,-0.47623693623964536,0.5992089150808684,2.796132971506106,Gintama (2017),Action|Adventure|Comedy|Sci-Fi,5805470,432985.0
50158,-0.06693653621740715,0.08917974377033226,2.8403290445053786,Stomp the Yard (2007),Drama|Musical,775539,1931.0
57326,-0.2452960237580717,0.08917974377033226,0.8403290445053786,In the Name of the King: A Dungeon Siege Tale (2008),Action|Adventure|Fantasy,460780,2312.0
6254,-0.023963986110096768,0.026243169571654894,2.677757726144823,"Awful Truth, The (1937)",Comedy|Romance,28597,14675.0
1208,5.292774380929521,15.678658494059356,3.92848735903292,Apocalypse Now (1979),Action|Drama|War,78788,28.0
417,-0.2830461512691984,2.353667760283018,3.4706516119031483,Barcelona (1994),Comedy|Romance,109219,16771.0
548,-0.04158104401676177,1.402112103629404,3.5612530855803244,Terminal Velocity (1994),Action|Mystery|Thriller,111400,9057.0
6440,0.40968734826894004,1.8609621941619934,3.8110572215665357,Barton Fink (1991),Drama|Thriller,101410,290.0
87232,-2.562782865763315,7.604265085073638,3.2538899526897005,X-Men: First Class (2011),Action|Adventure|Sci-Fi|Thriller|War,1270798,49538.0
3519,-0.567162439235642,1.5999556836714608,3.2364227479285406,Force 10 from Navarone (1978),Action|Drama|War,77572,17339.0
3260,-0.2615805052769163,2.189979018305972,3.4714647934567533,Howards End (1992),Drama,104454,8293.0
98961,-0.12235911618636885,1.284628088087083,3.4956604214139597,Zero Dark Thirty (2012),Action|Drama|Thriller,1790885,97630.0
3502,0.4013499781762028,0.27986369318150434,5.025,My Life (1993),Drama,107630,41659.0
4591,-0.46847569725139704,0.7120936359150105,2.933024125191871,Erik the Viking (1989),Adventure|Comedy|Fantasy,97289,11828.0
8947,-1.096145290331772,1.0153785253125733,2.511365587667937,"Grudge, The (2004)",Horror|Mystery|Thriller,391198,1970.0
6852,-0.05197000331821304,0.2236337676014096,3.358520199572962,In Cold Blood (1967),Crime|Drama,61809,18900.0
72624,-0.006990265844043497,0.2586398362296078,3.5638820638820636,Garage (2007),Drama,878674,18595.0
84512,-0.39495002018845515,0.2586398362296078,2.0638820638820636,Girls About Town (1931),Comedy,21910,120843.0
105540,-0.2656301020736513,0.2586398362296078,2.5638820638820636,"All Dogs Christmas Carol, An (1998)",Animation|Children|Comedy|Musical,166960,51985.0
116738,-0.006990265844043497,0.2586398362296078,3.5638820638820636,DeadHeads (2011),Adventure|Comedy|Horror,1273207,77067.0
146684,-0.39495002018845515,0.2586398362296078,2.0638820638820636,Cosmic Scrat-tastrophe (2015),Animation|Children|Comedy,5184298,367326.0
4873,0.6885765551156482,1.5436194343061578,4.036988312129285,Waking Life (2001),Animation|Drama|Fantasy,243017,9081.0
172547,-0.3860266588136599,0.265796063340304,2.138567570262029,Despicable Me 3 (2017),Adventure|Animation|Children|Comedy,3469046,324852.0
127096,-0.1660991763326275,0.8398039276362764,3.393125809756629,Project Almanac (2015),Sci-Fi|Thriller,2436386,227719.0
40826,-0.4915374454609733,0.6472762757647096,2.83151551529834,Rent (2005),Drama|Musical|Romance,294870,1833.0
5062,0.19811871665951905,0.40536541607612603,4.079650134921373,Seconds (1966),Mystery|Sci-Fi|Thriller,60955,20620.0
6572,0.19811871665951905,0.40536541607612603,4.079650134921373,Scorched (2003),Comedy|Crime,286947,4613.0
5909,0.046152028312279776,0.6018510897668423,3.667592558127135,Visitor Q (Bizita Q) (2001),Comedy|Drama|Horror,290329,4241.0
388,-0.0051806342725822995,0.0038383790292314305,2.2412158393753483,Boys Life (1995),Drama,112570,39953.0
1777,0.42964885911928385,7.518302928150038,3.648056144336613,"Wedding Singer, The (1998)",Comedy|Romance,120888,11003.0
2502,3.0470216295054726,14.869697051910679,3.7958239334151758,Office Space (1999),Comedy|Crime,151804,1542.0
1077,-0.38083638099162137,4.334373486306337,3.503044862735214,Sleeper (1973),Comedy|Sci-Fi,70707,11561.0
5843,-0.08759679986047131,0.7252142903658095,3.470121620192972,Toy Soldiers (1991),Action|Drama,103112,10750.0
72720,0.06388651446135352,0.2885197427286932,3.8123376623376624,"Single Man, A (2009)",Drama,1315981,34653.0
5333,-0.076313309229767,0.2172684803953366,3.239669421487603,Bob le Flambeur (1955),Crime|Drama,47892,26030.0
4047,0.5777511977891905,1.3308173586832388,4.025041689210062,Gettysburg (1993),Drama|War,107007,10655.0
100714,0.3891855317933211,0.44932228512172956,4.4570702956396415,Before Midnight (2013),Drama|Romance,2209418,132344.0
663,-1.1774642425513022,2.1449894526602766,3.041972012877785,Kids in the Hall: Brain Candy (1996),Comedy,116768,18414.0
135143,-0.08183211737691425,1.537016428166001,3.537668204294393,Fantastic Beasts and Where to Find Them (2016),Fantasy,3183660,259316.0
6880,-2.161304663004617,1.0149387371711363,1.461416360117613,"Texas Chainsaw Massacre, The (2003)",Horror,324216,9373.0
1564,0.014965813709234027,0.7737981071000974,3.6102498124382767,For Roseanna (Roseanna's Grave) (1997),Comedy|Drama|Romance,120034,65889.0
179401,0.5946479335601274,0.8285558291716769,4.308601143301756,Jumanji: Welcome to the Jungle (2017),Action|Adventure|Children,2283362,353486.0
89087,0.1781831192980803,0.5233035792436809,3.9314057478507545,Colombiana (2011),Action|Adventure|Drama|Thriller,1657507,62835.0
926,0.7814701847514869,2.235458852047702,3.9404884106248854,All About Eve (1950),Drama,42192,705.0
63436,-0.96302534680232,0.7781270785736266,2.3532894612624427,Saw V (2008),Crime|Horror|Thriller,1132626,11917.0
96917,0.03494875386403549,0.134171078052734,3.8513881328252584,House at the End of the Street (2012),Horror|Thriller,1582507,82505.0
6650,0.9271639799293694,0.5402037694456804,5.307231768332762,Kind Hearts and Coronets (1949),Comedy|Drama,41546,11898.0
121781,-0.39495002018845515,0.2586398362296078,2.0638820638820636,Stuart Little 3: Call of the Wild (2005),Animation|Children|Comedy|Fantasy,472602,30178.0
6629,0.04853702481087129,0.3771220945743656,3.7196128330370932,House of Wax (1953),Crime|Horror|Mystery|Thriller,45888,18573.0
1659,-0.040710642188667365,0.6513702750186778,3.528409090909091,Hurricane Streets (1997),Drama,119338,125052.0
172793,0.18841453112728762,0.21322145999044154,4.4745656006043815,Vovka in the Kingdom of Far Far Away (1965),Adventure|Animation|Children|Fantasy,213309,160046.0
184015,-0.0656165571695735,0.3878714373653753,3.4217381985761177,When We First Met (2018),Comedy,5783956,433310.0
142420,0.9266910795800144,0.6815297010190097,4.950631313131312,High Rise (2015),Action|Drama|Sci-Fi,462335,254302.0
2022,0.11985277055382959,0.9959818977708885,3.711245384994428,"Last Temptation of Christ, The (1988)",Drama,95497,11051.0
3711,-0.009783506691135495,0.1228373617887007,3.5112630732099754,Sarafina! (1992),Drama,105316,35936.0
55451,-0.2566377026204399,0.6287623714200777,3.1827458256029684,The Jane Austen Book Club (2007),Comedy|Drama|Romance,866437,5951.0
32009,-0.3854893039153749,0.3282457942934966,2.416516880507471,Tyler Perry's Diary of a Mad Black Woman (2005),Comedy|Drama|Romance,422093,16186.0
86960,-0.607660925177079,0.35819291503816547,1.8944463758039283,Across the Hall (2009),Thriller,1176724,21469.0
333,-0.07914627503219343,11.850610389457332,3.5842304243736858,Tommy Boy (1995),Comedy,114694,11381.0
3450,0.5220011181700259,3.8771148862210896,3.7255455753798423,Grumpy Old Men (1993),Comedy,107050,11520.0
45499,-1.0871893931821366,6.062795121704553,3.4115876110705186,X-Men: The Last Stand (2006),Action|Sci-Fi|Thriller,376994,36668.0
60950,-1.5678400647525388,2.560519821429494,2.9785958990208745,Vicky Cristina Barcelona (2008),Comedy|Drama|Romance,497465,5038.0
1215,3.1929983725191224,9.10234826631002,3.9416975115562307,Army of Darkness (1993),Action|Adventure|Comedy|Fantasy|Horror,106308,766.0
1457,0.14580518475524926,1.6914540049447615,3.6771101843641922,Fools Rush In (1997),Comedy|Drama|Romance,119141,1968.0
2227,0.4048796715405796,0.8159700049326448,4.087103398411854,"Lodger: A Story of the London Fog, The (1927)",Crime|Drama|Thriller,17075,2760.0
2255,-0.2741684456098742,0.45138271021953535,2.9835122203543256,Young Doctors in Love (1982),Comedy,84938,47947.0
2668,-0.6695907576849284,1.2158646912465114,3.0401975170756077,Swamp Thing (1982),Horror|Sci-Fi,84745,17918.0
2726,-0.15751716099027008,0.7659980801724163,3.38527259511681,"Killing, The (1956)",Crime|Film-Noir,49406,247.0
61011,-0.21063086531248099,0.20646533659176985,2.5707336523125996,"Walker, The (2007)",Drama|Mystery,783608,13251.0
31184,0.4003047634041899,0.7939974442480393,4.095072884261476,Appleseed (Appurushîdo) (2004),Action|Animation|Fantasy|Sci-Fi,401233,11633.0
3814,0.4892132219810358,0.4477748913779098,4.683451864970428,Love and Death (1975),Comedy,73312,11686.0
707,0.9281002236882314,2.3712997984712554,3.9822979082516152,Mulholland Falls (1996),Crime|Drama|Thriller,117107,10990.0
2961,-0.6933018173968089,0.925495464061173,2.8417948658057863,"Story of Us, The (1999)",Comedy|Drama,160916,12220.0
4823,-1.3488720235319651,3.23066933611428,3.173388173972932,Serendipity (2001),Comedy|Romance,240890,9778.0
4989,-0.4314321188944824,0.9663719451440281,3.1444638882493825,How High (2001),Comedy,278488,8386.0
1290,-0.9590684950859767,1.1317315736451599,2.7434744894364624,Some Kind of Wonderful (1987),Drama|Romance,94006,15143.0
65588,0.2516495703855643,0.2586398362296078,4.563882063882064,"Gamers, The: Dorkness Rising (2008)",Action|Adventure|Comedy|Fantasy,447166,26235.0
3071,0.06627447732427973,1.2419867567134404,3.644270752751328,Stand and Deliver (1988),Comedy|Drama,94027,29154.0
69529,0.18841453112728762,0.21322145999044154,4.4745656006043815,Home (2009),Documentary,1014762,62320.0
4994,-0.7250882765583229,2.3855465907781572,3.286958508111292,"Majestic, The (2001)",Comedy|Drama|Romance,268995,11086.0
49396,0.08613552111647982,0.8651647230005237,3.6904687687676017,Tenacious D in The Pick of Destiny (2006),Adventure|Comedy|Musical,365830,2179.0
3546,0.24719891713632444,0.1826592983765944,4.944242424242424,What Ever Happened to Baby Jane? (1962),Drama|Horror|Thriller,56687,10242.0
2772,-1.152608458108713,1.3767001506465983,2.7536836009813355,Detroit Rock City (1999),Comedy,165710,9781.0
2789,-0.9068419024368706,0.5308639134158237,1.8826711046390678,Damien: Omen II (1978),Horror,77394,10766.0
4389,0.5683498715587753,0.4717301316324356,4.795729036567394,Lost and Delirious (2001),Drama,245238,17612.0
1582,-0.7225063007682089,1.2747133994744377,3.0241100747019205,Wild America (1997),Adventure|Children,120512,38225.0
3963,0.0013833303031256562,0.0041248394493201375,3.9262749445676275,"Unsinkable Molly Brown, The (1964)",Musical,58708,42797.0
96448,0.12962992298284862,0.3881135418648161,3.924909090909091,Piranha 3DD (a.k.a. Piranha DD) (2012),Comedy|Horror,1714203,71668.0
1804,0.33308573310826545,0.5256863270824323,4.224529780564263,"Newton Boys, The (1998)",Crime|Drama,120769,42807.0
2288,-0.6253459727508585,4.285114800592767,3.444974617306574,"Thing, The (1982)",Action|Horror|Sci-Fi|Thriller,84787,1091.0
222,0.1097978519234967,3.4002827352307357,3.623199891549246,Circle of Friends (1995),Drama|Romance,112679,22625.0
88163,0.583231558274543,2.8733000753348468,3.79389226112551,"Crazy, Stupid, Love. (2011)",Comedy|Drama|Romance,1570728,50646.0
3108,2.5994140783815647,6.355262149144341,3.9999266919739886,"Fisher King, The (1991)",Comedy|Drama|Fantasy|Romance,101889,177.0
1324,-0.2741684456098742,0.45138271021953535,2.9835122203543256,Amityville: Dollhouse (1996),Horror,115535,52263.0
59900,-1.2489738191547834,2.0187955134802023,2.9722363175573823,You Don't Mess with the Zohan (2008),Comedy,960144,10661.0
1249,2.1902729833681867,3.712352281614261,4.180905087306226,"Femme Nikita, La (Nikita) (1990)",Action|Crime|Romance|Thriller,100263,9322.0
2532,-1.9465663612808106,2.254179285904726,2.7273724709726928,Conquest of the Planet of the Apes (1972),Action|Sci-Fi,68408,1688.0
3654,0.9011959318482146,2.998160412980776,3.891492051029041,"Guns of Navarone, The (1961)",Action|Adventure|Drama|War,54953,10911.0
31116,-0.0041655287207111365,0.20646533659176985,3.5707336523125996,Sergeant York (1941),Drama|War,34167,16442.0
116897,-0.42464448057268356,1.5844457767292177,3.322900878315486,Wild Tales (2014),Comedy|Drama|Thriller,3011894,265195.0
5932,0.06984555408233584,0.09709471643732787,4.310263929618769,Burden of Dreams (1982),Documentary,83702,42124.0
80693,0.07866892171672336,0.5875398291289741,3.7248045611674216,It's Kind of a Funny Story (2010),Comedy|Drama,804497,43923.0
875,-0.002638556926987155,0.009909334509698407,3.3246392496392496,Nothing to Lose (1994),Action|Crime|Drama,110693,410921.0
4387,0.1945495719129725,0.5896682947999905,3.920839619018902,Kiss of the Dragon (2001),Action,271027,2140.0
74795,0.02106878797776359,1.6606810391077376,3.6035959269008377,Green Zone (2010),Action|Drama|Thriller|War,947810,22972.0
33090,-0.39495002018845515,0.2586398362296078,2.0638820638820636,Mutant Aliens (2001),Animation|Comedy|Sci-Fi,277909,30863.0
80727,-0.1363101839588474,0.2586398362296078,3.0638820638820636,Middle Men (2009),Comedy|Crime|Drama,1251757,38842.0
8511,0.08180380113206685,0.21322145999044154,3.9745656006043815,"Immigrant, The (1917)",Comedy,8133,47653.0
93790,-0.024806928863153912,0.21322145999044154,3.4745656006043815,Detachment (2011),Drama,1683526,74308.0
112454,0.3027317076117603,0.23611754101309415,4.873031995937024,Honey (Miele) (2013),Drama,2357461,186988.0
3888,0.19811871665951905,0.40536541607612603,4.079650134921373,Skipped Parts (2000),Drama|Romance,209322,41282.0
117646,0.12315488798850294,0.2930236990071276,4.011198945981555,Dragonheart 2: A New Beginning (2000),Action|Adventure|Comedy|Drama|Fantasy|Thriller,214641,10473.0
7216,0.02243466841810725,0.06012854450521054,3.964020873386432,High Sierra (1941),Crime|Drama|Film-Noir|Thriller,33717,27725.0
62250,-0.06442684794955944,0.3881135418648161,3.424909090909091,Gomorrah (Gomorra) (2008),Crime|Drama,929425,8882.0
22,-0.3302254959700766,5.849814578395345,3.5344584989211545,Copycat (1995),Crime|Drama|Horror|Mystery|Thriller,112722,1710.0
209,-0.15140500080776512,0.30671722744282753,3.0972785176606834,White Man's Burden (1995),Drama,114928,31611.0
330,0.3583820690443127,1.1924327193150304,3.8914560846633197,Tales from the Hood (1995),Action|Crime|Horror,114609,25066.0
1961,4.113133434979227,13.249572702187422,3.9013442670034997,Rain Man (1988),Drama,95953,380.0
8917,0.07029455900715464,2.2564189325007726,3.6220622415916406,Team America: World Police (2004),Action|Adventure|Animation|Comedy,372588,3989.0
372,-2.9821633710137028,3.036462381968858,2.6087914171574234,Reality Bites (1994),Comedy|Drama|Romance,110950,2788.0
1550,-0.19590678308921192,1.1655594818914228,3.422829480959625,Trial and Error (1997),Comedy|Romance,120373,17770.0
2407,-0.9369730535186237,6.622401077674687,3.4494236927085304,Cocoon (1985),Comedy|Sci-Fi,88933,10328.0
107013,0.22550522403972753,0.08168341312313925,6.351631438538888,"Christmas Carol, A (1977)",Drama|Fantasy,188504,45697.0
49530,1.5102286292509564,6.298582159355412,3.83068188279175,Blood Diamond (2006),Action|Adventure|Crime|Drama|Thriller|War,450259,1372.0
685,0.7771362954811524,1.2408235347907546,4.217215953804147,It's My Party (1996),Drama,113443,33245.0
1125,-0.4722761651279461,3.1446619774839992,3.4407256471846215,"Return of the Pink Panther, The (1975)",Comedy|Crime,72081,11843.0
4203,0.12747278377856955,0.5995338470775928,3.803528919464111,Harley Davidson and the Marlboro Man (1991),Action|Crime|Drama,102005,2453.0
6887,0.33273678601031037,0.8294452168588046,3.992064922840245,Radio (2003),Drama,316465,13920.0
1295,1.028987516537346,1.4533731791034399,4.298908613214924,"Unbearable Lightness of Being, The (1988)",Drama,96332,10644.0
72692,-0.39495002018845515,0.2586398362296078,2.0638820638820636,Mickey's Once Upon a Christmas (1999),Animation|Comedy|Fantasy,238414,15400.0
129011,-0.006990265844043497,0.2586398362296078,3.5638820638820636,Eddie Izzard: Glorious (1997),Comedy,195753,13590.0
4788,0.18841453112728762,0.21322145999044154,4.4745656006043815,Moscow Does Not Believe in Tears (Moskva slezam ne verit) (1979),Drama|Romance,79579,21028.0
171749,0.18841453112728762,0.21322145999044154,4.4745656006043815,Death Note: Desu nôto (2006–2007),(no genres listed),877057,419787.0
152091,-0.3450714820874136,1.039722616057175,3.25902106927887,The Brothers Grimsby (2016),Comedy,3381008,267193.0
5282,0.15741636865500963,0.3143157705820882,4.091731459330143,High Crimes (2002),Thriller,257756,11560.0
3200,1.1077872942388394,0.619019703484012,5.380492343273934,"Last Detail, The (1973)",Comedy|Drama,70290,14886.0
7080,0.37868888442973836,0.8084600995947716,4.059316727376927,42nd Street (1933),Drama|Musical|Romance,24034,3062.0
1731,-0.9005954292599789,0.8094673764863931,2.478331295409611,Mr. Magoo (1997),Comedy,119718,9438.0
25773,-0.007629603834498017,0.06012854450521054,3.464020873386432,Little Caesar (1931),Crime|Drama,21079,27899.0
50798,-1.121970120202984,0.44737265880849775,1.0829996375438276,Epic Movie (2007),Adventure|Comedy,799949,9760.0
90057,0.28782136241833467,0.35819291503816547,4.394446375803929,Take Shelter (2011),Drama,1675192,64720.0
128,-0.24358226186168316,0.32055847448463937,2.8310406698564594,Jupiter's Wife (1994),Documentary,110217,290157.0
6337,-0.15894608188973824,0.5596245250078037,3.3068863671238495,Owning Mahowny (2003),Crime|Drama|Thriller,285861,15394.0
1291,6.8976957102111145,25.59832548194194,3.860367955125698,Indiana Jones and the Last Crusade (1989),Action|Adventure,97576,89.0
6835,-1.5611270122427057,0.6088395347746551,1.0268065268065265,Alien Contamination (1980),Action|Horror|Sci-Fi,82000,39916.0
319,0.6399090377067269,3.626727816885055,3.7673516225839205,Shallow Grave (1994),Comedy|Drama|Thriller,111149,9905.0
230,-1.790129300892811,4.933295465029726,3.2280422580622923,Dolores Claiborne (1995),Drama|Thriller,109642,11929.0
493,0.3343524908935842,2.4513649582211348,3.727303506506926,Menace II Society (1993),Action|Crime|Drama,107554,9516.0
8969,-0.07986125061982352,2.7633427492853526,3.562008857436252,Bridget Jones: The Edge of Reason (2004),Comedy|Drama|Romance,317198,9801.0
110102,-0.39404326534145284,4.229570980372978,3.497745205690003,Captain America: The Winter Soldier (2014),Action|Adventure|Sci-Fi|IMAX,1843866,100402.0
1583,0.17721426460966114,0.45138271021953535,3.9835122203543256,"Simple Wish, A (1997)",Children|Fantasy,120133,17834.0
6503,-2.897783537859003,2.5693952006148546,2.463101450743201,Charlie's Angels: Full Throttle (2003),Action|Adventure|Comedy|Crime|Thriller,305357,9471.0
54276,-0.15646690311188124,0.4462707078362488,3.240299247232562,No Reservations (2007),Comedy|Drama|Romance,481141,3638.0
119155,-0.2717787130285782,0.5282759982972236,3.07644560230731,Night at the Museum: Secret of the Tomb (2014),Adventure|Children|Comedy|Fantasy,2692250,181533.0
122912,-0.8043386980853989,3.0415629928854786,3.326459957365966,Avengers: Infinity War - Part I (2018),Action|Adventure|Sci-Fi,4154756,299536.0
4251,-0.21063086531248099,0.20646533659176985,2.5707336523125996,Chopper (2000),Drama|Thriller,221073,9519.0
122,-1.3251462546243762,4.441490384142922,3.2925528771130566,Boomerang (1992),Comedy|Romance,103859,11066.0
4280,0.35083545603365734,0.75159382481394,4.057697726540189,"World According to Garp, The (1982)",Comedy|Drama|Romance,84917,11307.0
5500,0.5826502930009034,1.0916347223828986,4.124650168445588,Top Secret! (1984),Comedy,88286,8764.0
5568,-0.30763354634732976,0.6144714595503937,3.090261678297895,Johnny Dangerously (1984),Comedy,87507,16806.0
67267,0.29185992944202255,0.4636763729931402,4.220356581532773,Sunshine Cleaning (2008),Comedy|Drama,862846,13090.0
71518,-0.10415805270735776,0.5279279198804052,3.3936131177562534,Whip It (2009),Comedy|Drama,1172233,22798.0
48698,0.11916482361248402,0.16350522309619905,4.319722650231125,Deliver Us from Evil (2006),Documentary,814075,13364.0
31851,0.1223296522707604,0.2586398362296078,4.063882063882064,Sons of the Desert (1933),Comedy,24601,43128.0
50613,-0.2656301020736513,0.2586398362296078,2.5638820638820636,Dead Meat (2004),Horror,369359,15689.0
32892,0.18841453112728762,0.21322145999044154,4.4745656006043815,Ivan's Childhood (a.k.a. My Name is Ivan) (Ivanovo detstvo) (1962),Drama|War,56111,31442.0
5025,-1.4560207480939045,1.6915823636843306,2.730164276259548,Orange County (2002),Comedy,273923,11857.0
99112,-0.33838645408741597,1.6565177529346085,3.386633312102648,Jack Reacher (2012),Action|Crime|Thriller,790724,75780.0
141004,0.16595767446051984,0.5133942447339824,3.914164904862579,Victor Frankenstein (2015),Drama|Horror|Sci-Fi,1976009,228066.0
7265,0.1354934431109181,1.5216338506810405,3.6799537996938456,"Dreamers, The (2003)",Drama,309987,1278.0
130634,-3.7950816979639717,0.9775210434149623,-0.2914438502673802,Furious 7 (2015),Action|Crime|Thriller,2820852,168259.0
2013,-0.8740344705203733,3.3543938953978536,3.330345037379323,"Poseidon Adventure, The (1972)",Action|Adventure|Drama,69113,551.0
7065,-0.5015091824953006,0.3645872947131095,2.215355993563958,"Birth of a Nation, The (1915)",Drama|War,4972,618.0
1176,-0.48363136218181546,0.5906164816947626,2.772050530115046,"Double Life of Veronique, The (Double Vie de Véronique, La) (1991)",Drama|Fantasy|Romance,101765,1600.0
46335,-0.8684632689389096,0.6568135321243713,2.2686719163338553,"Fast and the Furious: Tokyo Drift, The (Fast and the Furious 3, The) (2006)",Action|Crime|Drama|Thriller,463985,9615.0
27820,-0.007629603834498017,0.06012854450521054,3.464020873386432,"Story of the Weeping Camel, The (Geschichte vom weinenden Kamel, Die) (2003)",Documentary|Drama,373861,1114.0
80862,-0.24946801013891354,0.35819291503816547,2.8944463758039283,Catfish (2010),Documentary|Mystery,1584016,42296.0
143365,-0.4285644676579963,0.35819291503816547,2.3944463758039283,The Circle (2016),Drama|Sci-Fi|Thriller,4287320,339988.0
2517,0.25527807139511005,0.4325752878044321,4.181044677920529,Christine (1983),Horror,85333,8769.0
3728,-0.047279931994995375,0.5588539617435405,3.5063075040338916,One False Move (1992),Crime|Drama|Film-Noir|Thriller,102592,21128.0
3689,-1.0516721622575211,0.5734227058608343,1.7568830722171234,Porky's II: The Next Day (1983),Comedy,86129,19698.0
2828,-0.35834390097758373,0.15569545040039195,1.2893395841826334,Dudley Do-Right (1999),Children|Comedy,160236,17709.0
157,-1.2390082938133413,2.406210435921592,3.075988086778879,Canadian Bacon (1995),Comedy|War,109370,1775.0
2414,-0.16674710312081456,3.565748593505174,3.5441455295563538,Young Sherlock Holmes (1985),Action|Adventure|Children|Fantasy|Mystery|Thriller,90357,11904.0
190,-0.7869977127642592,0.5089584109545252,2.0446182824159456,Safe (1995),Thriller,114323,32646.0
232,1.350609998684415,1.98787794613725,4.2703320913547955,Eat Drink Man Woman (Yin shi nan nu) (1994),Comedy|Drama|Romance,111797,10451.0
93,-1.0944185460465379,1.5555158467978139,2.887336351165225,Vampire in Brooklyn (1995),Comedy|Horror|Romance,114825,12158.0
225,-3.601603344448433,15.865877349514113,3.3639059907900335,Disclosure (1994),Drama|Thriller,109635,8984.0
924,7.947317004259686,18.658433513218853,4.016846080669206,2001: A Space Odyssey (1968),Adventure|Drama|Sci-Fi,62622,62.0
129428,0.06388651446135352,0.2885197427286932,3.8123376623376624,The Second Best Exotic Marigold Hotel (2015),Comedy|Drama,2555736,268238.0
5266,-1.8065279827096132,3.749255127178991,3.109072587008947,Panic Room (2002),Thriller,258000,4547.0
2148,0.834376399199378,1.6897213687511867,4.08470434889061,House (1986),Comedy|Fantasy|Horror,91223,11415.0
2724,-4.994735724878416,9.440358560517312,3.061825826448348,Runaway Bride (1999),Comedy|Romance,163187,4806.0
7123,-0.5980773853688073,1.9563143278588284,3.285192684883788,Naked Lunch (1991),Drama|Fantasy|Mystery|Sci-Fi,102511,2742.0
1633,0.052939813312278525,1.1566786502621127,3.636677907771304,Ulee's Gold (1997),Drama,120402,55306.0
2042,-0.33588459587112773,0.7364497371914165,3.13482284508859,D2: The Mighty Ducks (1994),Children|Comedy,109520,11164.0
27513,0.021298195863671907,0.09709471643732787,3.810263929618768,Dog Days (Hundstage) (2001),Drama,290661,9025.0
79357,-0.14552398595193694,1.089705115368322,3.4573647183081144,Mr. Nobody (2009),Drama|Fantasy|Romance|Sci-Fi,485947,31011.0
128512,-0.11345680950393296,0.19495395435887075,3.008941877794337,Paper Towns (2015),Drama|Mystery|Romance,3622592,286565.0
7454,-1.3438330528816238,2.3964265604356028,3.030143710042442,Van Helsing (2004),Action|Adventure|Fantasy|Horror,338526,7131.0
79057,-0.02190124338523499,0.5616114868291316,3.5519119480463446,Predators (2010),Action|Sci-Fi|Thriller,1424381,34851.0
4386,-0.7524057148493826,1.339284082896387,3.029112139494421,Cats & Dogs (2001),Children|Comedy,239395,10992.0
82854,-0.27851950160321653,0.8271729774169616,3.2541965661927277,Gulliver's Travels (2010),Adventure|Comedy|Fantasy,1320261,38745.0
104339,-0.006990265844043497,0.2586398362296078,3.5638820638820636,In a World... (2013),Comedy,2294677,157360.0
164226,-0.2656301020736513,0.2586398362296078,2.5638820638820636,Maximum Ride (2016),Action|Adventure|Comedy|Fantasy|Sci-Fi|Thriller,825283,339116.0
233,0.33662959464612524,1.3235613315059362,3.8452453174465577,Exotica (1994),Drama,109759,20156.0
80124,0.18841453112728762,0.21322145999044154,4.4745656006043815,Sisters (Syostry) (2001),Action|Crime|Drama,284492,49943.0
175387,0.18841453112728762,0.21322145999044154,4.4745656006043815,On the Trail of the Bremen Town Musicians (1973),Adventure|Animation|Children,251333,70061.0
168632,0.019594256613862222,0.02967852232720984,4.2511258091753445,Bill Burr: Walk Your Way Out (2017),Comedy,6184894,437752.0
151695,-0.09560347194850008,0.6815297010190097,3.450631313131313,The Survivalist (2015),Drama|Sci-Fi|Thriller,2580382,329004.0
4727,-0.16146339330562254,0.7196811866582142,3.3665550348368933,Captain Corelli's Mandolin (2001),Drama|Romance|War,238112,1722.0
120799,0.0826024580279498,0.48089934069146545,3.7626757186386675,Terminator Genisys (2015),Action|Adventure|Sci-Fi|Thriller,1340138,87101.0
94266,-0.0703715526198308,0.35819291503816547,3.3944463758039283,"Five-Year Engagement, The (2012)",Comedy|Romance,1195478,72207.0
31909,0.14786348480221684,0.19350923728126776,4.355024989868972,Dr. Giggles (1992),Comedy|Horror,104139,37527.0
69275,0.14786348480221684,0.19350923728126776,4.355024989868972,Dead Snow (Død snø) (2009),Action|Adventure|Comedy|Horror,1278340,14451.0
367,1.6164101786515666,26.1845733946239,3.6526404834466315,"Mask, The (1994)",Action|Comedy|Crime|Fantasy,110475,854.0
539,-1.4315548260980058,19.090059198234254,3.51591954733395,Sleepless in Seattle (1993),Comedy|Drama|Romance,108160,858.0
599,-0.5702078186018933,1.4697424251723046,3.2029446361611473,"Wild Bunch, The (1969)",Adventure|Western,65214,576.0
2791,4.328815454948673,14.221421090332335,3.895296073577889,Airplane! (1980),Comedy,80339,813.0
360,-0.4878502713460379,2.2936013520674097,3.3782085399147785,I Love Trouble (1994),Action|Comedy,110093,10879.0
1061,-0.060901278821281275,5.109632778016795,3.5789901758975664,Sleepers (1996),Thriller,117665,819.0
32031,-1.4455512939898003,1.4916956969905582,2.621843284185811,Robots (2005),Adventure|Animation|Children|Comedy|Fantasy|Sci-Fi|IMAX,358082,9928.0
7293,1.9415294328811867,4.969051954725399,3.9816334082579683,50 First Dates (2004),Comedy|Romance,343660,1824.0
63992,0.9170325150168882,4.027091643509477,3.818624920643158,Twilight (2008),Drama|Fantasy|Romance|Thriller,1099212,8966.0
91500,3.705337106601576,7.429275431267136,4.089657204487859,The Hunger Games (2012),Action|Adventure|Drama|Sci-Fi|Thriller,1392170,70160.0
1588,-0.46591611743111605,3.3304899243111206,3.4510149227778104,George of the Jungle (1997),Children|Comedy,119190,10603.0
4040,-0.8751069450303538,1.0662877704541371,2.7702048033060906,Don't Tell Mom the Babysitter's Dead (1991),Comedy,101757,15413.0
109576,0.06213839779344904,0.08168341312313925,4.351631438538888,Welcome to the Jungle (2013),Comedy,2193265,205724.0
246,3.17470394313852,7.179015112063665,4.033129074232949,Hoop Dreams (1994),Documentary,110057,14275.0
96829,-0.8402851382069287,2.187542367164158,3.206786181648028,"Hunt, The (Jagten) (2012)",Drama,2106476,103663.0
135456,0.021298195863671907,0.09709471643732787,3.810263929618768,Ghost in the Shell: Stand Alone Complex - The Laughing Man (2005),Action|Animation|Crime|Sci-Fi,1024215,18839.0
175705,0.06984555408233584,0.09709471643732787,4.310263929618769,Themroc (1973),Comedy|Horror,69369,7014.0
861,0.14157670463206878,1.221263399560554,3.7068355197884073,Supercop (Police Story 3: Supercop) (Jing cha gu shi III: Chao ji jing cha) (1992),Action|Comedy|Crime|Thriller,104558,11134.0
172591,0.17897412203437318,0.19495395435887075,4.508941877794337,The Godfather Trilogy: 1972-1990 (1992),(no genres listed),150742,364150.0
55830,-0.10031144113390819,0.45728199331819613,3.3715445792955596,Be Kind Rewind (2008),Comedy,799934,4953.0
3991,-1.3023239741009642,1.5633874466680802,2.7578948711285105,102 Dalmatians (2000),Children|Comedy,211181,10481.0
44851,-0.39495002018845515,0.2586398362296078,2.0638820638820636,Go for Zucker! (Alles auf Zucker!) (2004),Comedy,416331,460.0
136353,-0.39495002018845515,0.2586398362296078,2.0638820638820636,Scooby-Doo! and the Loch Ness Monster (2004),Animation|Children|Comedy,418141,12902.0
155589,0.1223296522707604,0.2586398362296078,4.063882063882064,Noin 7 veljestä (1968),(no genres listed),134854,55495.0
6744,0.014405848074907933,0.13805604405120123,3.695256916996047,Once Bitten (1985),Comedy|Horror,89730,19064.0
3244,-0.1533335220595316,0.7466875090462646,3.3855574274597013,"Goodbye Girl, The (1977)",Comedy|Romance,76095,14741.0
346,-0.20855212461697925,0.26753656390258956,2.8113815318539728,Backbeat (1993),Drama|Musical,106339,12635.0
5524,-1.1992835571801088,1.0693094090681747,2.4693594748581136,Blue Crush (2002),Adventure|Drama|Romance,300532,9266.0
161580,0.2795948963384719,0.7112082233462195,3.9840357269074542,Bad Moms (2016),Comedy,4651520,376659.0
170401,-0.01008426571334762,0.02967852232720984,3.2511258091753445,Table 19 (2017),Comedy|Drama,1412528,353569.0
171891,0.0047549954502573,0.02967852232720984,3.7511258091753445,Generation Iron 2,(no genres listed),6263642,447818.0
26084,0.005990721983320733,0.2815639332160726,3.612185686653772,"Music Man, The (1962)",Children|Comedy|Musical|Romance,56262,13671.0
101973,-0.16950337441442795,0.23611754101309415,2.8730319959370236,Disconnect (2012),Drama|Thriller,1433811,127517.0
34336,-0.34156219947098687,0.4537670384834418,2.838183197436221,Must Love Dogs (2005),Comedy|Romance,417001,11648.0
725,-0.7514463673613936,0.6062717932885746,2.3514544837841997,"Great White Hype, The (1996)",Comedy,116448,20759.0
68959,1.0217853514625257,0.5992089150808684,5.296132971506106,Fullmetal Alchemist the Movie: Conqueror of Shamballa (Gekijô-ban hagane no renkinjutsushi: Shanbara wo yuku mono) (2005),Action|Adventure|Animation|Drama,485323,14003.0
476,0.5924657537176767,0.23698630148707067,6.090909090909092,"Inkwell, The (1994)",Comedy|Drama,110137,59930.0
60760,-0.15442987055121943,0.23906605052316435,2.944937526928048,"X-Files: I Want to Believe, The (2008)",Drama|Mystery|Sci-Fi|Thriller,443701,8836.0
1197,12.631731578746532,25.773249921619332,4.081019248423634,"Princess Bride, The (1987)",Action|Adventure|Comedy|Fantasy|Romance,93779,2493.0
2628,-8.226949072614069,23.156227656310612,3.235628896107066,Star Wars: Episode I - The Phantom Menace (1999),Action|Adventure|Sci-Fi,120915,1893.0
224,-0.14855626898887425,8.549796955448581,3.5735336760585423,Don Juan DeMarco (1995),Comedy|Drama|Romance,112883,1909.0
4018,-1.7752226565813072,8.12689626586819,3.372471129046948,What Women Want (2000),Comedy|Romance,207201,3981.0
111,6.11187541793178,16.03196783038291,3.9721396099941457,Taxi Driver (1976),Crime|Drama|Thriller,75314,103.0
6350,0.525890239504027,2.3214221648049893,3.8174470500433806,Laputa: Castle in the Sky (Tenkû no shiro Rapyuta) (1986),Action|Adventure|Animation|Children|Fantasy|Sci-Fi,92067,10515.0
1729,-0.03132617478530855,7.900941722396954,3.586944224961971,Jackie Brown (1997),Crime|Drama|Thriller,119396,184.0
53996,-0.934334579991393,4.135623478654017,3.3649855790579872,Transformers (2007),Action|Sci-Fi|Thriller|IMAX,418279,1858.0
1785,1.1822880277926804,1.3338877873599384,4.4772565325726,King of New York (1990),Crime|Thriller,99939,9558.0
6993,-0.04792602140452487,0.6515344929040414,3.517350404567087,Hannah and Her Sisters (1986),Comedy|Drama|Romance,91167,5143.0
2404,-2.2200641634795706,1.5249043782692155,2.135038024423355,Rambo III (1988),Action|Adventure|Thriller|War,95956,1370.0
519,-1.6303564965571646,2.960548218513863,3.0402149706911903,RoboCop 3 (1993),Action|Crime|Drama|Sci-Fi|Thriller,107978,5550.0
7160,0.45436588714785137,1.211956965177928,3.965811748513889,Monster (2003),Crime|Drama,340855,504.0
3504,1.207081149414681,2.3771022818349627,4.098704299654966,Network (1976),Comedy|Drama,74958,10774.0
99149,0.49467146551273605,0.8854120472092146,4.149599778563411,"Misérables, Les (2012)",Drama|Musical|Romance|IMAX,1707386,82695.0
37444,-0.1363101839588474,0.2586398362296078,3.0638820638820636,Frankenstein 90 (1984),Comedy|Horror|Romance,87289,3118.0
108949,0.10173463905520844,0.6168327512677733,3.7558397610885095,"Art of the Steal, The (2013)",Crime,2172985,209247.0
149566,-0.39495002018845515,0.2586398362296078,2.0638820638820636,Unicorn City (2012),Comedy|Romance,1734589,102051.0
5346,-0.1236501959762933,0.13805604405120123,2.695256916996047,Wild Orchid (1990),Drama|Romance,100934,5203.0
1942,0.6412115105209748,0.574879285294667,4.706293706293707,All the King's Men (1949),Drama,41113,25430.0
107159,-0.024806928863153912,0.21322145999044154,3.4745656006043815,Zatoichi and the Chest of Gold (Zatôichi senryô-kubi) (Zatôichi 6) (1964),Action|Drama,130377,40897.0
56805,-0.06868253196125021,0.30290283703680154,3.3641613567737862,Walk Hard: The Dewey Cox Story (2007),Comedy|Musical,841046,6575.0
136443,-0.05460204920416238,0.02967852232720984,1.7511258091753445,Gabriel Iglesias: Hot and Fluffy (2007),Comedy,1082588,20720.0
5102,-0.2025451544061295,0.5078250078633559,3.1920607646749684,Rookie of the Year (1993),Comedy|Fantasy,107985,21845.0
4784,-0.09676012905800102,0.13978414288596877,2.898698035632709,"French Lieutenant's Woman, The (1981)",Drama,82416,12537.0
61406,0.22766540693091847,0.3645872947131095,4.215355993563958,John Adams (2008),Drama,472027,118309.0
2181,-0.004563991378543954,0.40536541607612603,3.579650134921373,Marnie (1964),Drama|Mystery|Romance|Thriller,58329,506.0
2607,0.40080142469758206,0.40536541607612603,4.579650134921373,Get Real (1998),Drama|Romance,162973,24584.0
3862,-0.004563991378543954,0.40536541607612603,3.579650134921373,About Adam (2000),Comedy,199314,18168.0
157369,-0.17663247869921114,0.5992089150808684,3.296132971506106,Bakuman (2015),Comedy|Drama,3715854,327536.0
3132,-0.36195221333842365,0.47511072114872316,2.8290820109743438,Daddy Long Legs (1919),Comedy|Drama,10040,70801.0
5478,-0.20933690733709193,0.2826889810516,2.850388867735337,Eight Legged Freaks (2002),Action|Comedy|Horror|Sci-Fi,271367,8869.0
49276,-0.022346664332241025,0.08917974377033226,3.3403290445053786,Let's Go to Prison (2006),Comedy,454987,9809.0
183011,-0.967188820480198,0.5373271224889989,1.790909090909091,The Commuter (2018),Crime|Drama|Mystery|Thriller,1590193,399035.0
4459,0.2041692052335271,0.23906605052316435,4.444937526928048,Alaska: Spirit of the Wild (1997),Documentary|IMAX,130445,13795.0
47,5.630343797301437,39.38802372398009,3.733854668396229,Seven (a.k.a. Se7en) (1995),Mystery|Thriller,114369,807.0
33794,4.0386418787284235,14.885525398405138,3.862222448727225,Batman Begins (2005),Action|Crime|IMAX,372784,272.0
5620,-1.8777006401036376,4.559519249375795,3.1790892174957484,Sweet Home Alabama (2002),Comedy|Romance,256415,11529.0
1207,3.7538892489325213,6.271602632289822,4.189462518003681,To Kill a Mockingbird (1962),Drama,56592,595.0
53318,0.49173238486884685,0.7976258150757988,4.207404163629521,Cashback (2006),Comedy|Drama|Romance,460740,12225.0
79293,-0.5595136966121598,1.9883655682321963,3.3095153142558327,Salt (2010),Action|Thriller,944835,27576.0
1456,-0.2741684456098742,0.45138271021953535,2.9835122203543256,"Pest, The (1997)",Comedy,119887,17949.0
35836,-1.231062971993362,10.25461803866019,3.470859473521859,"40-Year-Old Virgin, The (2005)",Comedy|Romance,405422,6957.0
1939,1.3055897792013025,1.6676842969127248,4.373784951537062,"Best Years of Our Lives, The (1946)",Drama|War,36868,887.0
2064,0.723081613517468,6.743783442181807,3.698131041275209,Roger & Me (1989),Documentary,98213,1779.0
93838,-0.10683349518347568,0.9860896077443542,3.482568536111182,The Raid: Redemption (2011),Action|Crime,1899353,94329.0
3045,0.6271510286724802,1.3250763532912604,4.064203348341687,Peter's Friends (1992),Comedy|Drama,105130,11790.0
1944,0.6722150037161647,1.1568621671211574,4.171976587816667,From Here to Eternity (1953),Drama|Romance|War,45793,11426.0
27539,0.0072707775827112525,0.009909334509698407,4.324639249639249,Undertaking Betty (Plots with a View) (2002),Comedy|Romance,298504,10918.0
95218,-0.002638556926987155,0.009909334509698407,3.3246392496392496,First Position (2011),Documentary,2008513,89874.0
83910,0.2516495703855643,0.2586398362296078,4.563882063882064,"Dilemma, The (2011)",Comedy|Drama,1578275,44564.0
109241,-0.39495002018845515,0.2586398362296078,2.0638820638820636,On the Other Side of the Tracks (De l'autre côté du périph) (2012),Action|Comedy|Crime,1937133,146375.0
135937,0.1223296522707604,0.2586398362296078,4.063882063882064,The Silence of the Hams (1994),Comedy|Thriller,111190,10450.0
5640,-0.05462217395069268,0.13805604405120123,3.195256916996047,"Godzilla, King of the Monsters! (Kaijû-ô Gojira) (1956)",Horror|Sci-Fi,197521,18983.0
151769,0.18841453112728762,0.21322145999044154,4.4745656006043815,Three from Prostokvashino (1978),Animation,189160,77294.0
84952,-0.09560347194850008,0.6815297010190097,3.450631313131313,Confessions (Kokuhaku) (2010),Drama|Horror,1590089,54186.0
7171,0.005990721983320733,0.2815639332160726,3.612185686653772,Aileen: Life and Death of a Serial Killer (2003),Documentary,364930,37088.0
2051,-1.180804798249672,0.769929963938988,2.0572568711557064,Herbie Goes to Monte Carlo (1977),Adventure|Children|Comedy,76137,14140.0
6339,-0.11055568002628739,0.4438728048816621,3.341838458938831,"Man on the Train (Homme du train, L') (2002)",Comedy|Drama,301414,22016.0
4642,0.24479478104949878,0.9426629616009154,3.8505934012311664,Hedwig and the Angry Inch (2000),Comedy|Drama|Musical,248845,13403.0
67197,-0.3966153998481503,0.6030681092088896,2.9332463927962125,Knowing (2009),Action|Drama|Mystery|Sci-Fi|Thriller,448011,13811.0
4384,0.02852235303321302,0.026243169571654894,4.677757726144823,Lumumba (2000),Drama,246765,55551.0
2549,-1.1410238693719796,0.5326107921718857,1.4485869935308138,Wing Commander (1999),Action|Sci-Fi,131646,10350.0
2109,2.50372315855734,5.711115892022954,4.029303829502022,"Jerk, The (1979)",Comedy,79367,6471.0
140,-1.231495862930411,3.8272201336324705,3.2691361539127595,Up Close and Personal (1996),Drama|Romance,118055,9302.0
177,-0.020977268556183024,0.8311426961007223,3.5656700210663343,Lord of Illusions (1995),Horror,113690,8973.0
416,-0.846977974946962,2.370973904906127,3.233681213708774,Bad Girls (1994),Western,109198,11853.0
711,-0.07682723546779965,2.000233002465413,3.5524999478877004,Flipper (1996),Adventure|Children,116322,36355.0
96079,-0.0983284144750273,6.374615429817309,3.57548409538464,Skyfall (2012),Action|Adventure|Thriller|IMAX,1074638,37724.0
2037,0.6285969748291965,0.45138271021953535,4.983512220354326,Candleshoe (1977),Adventure|Children|Comedy,75807,14612.0
7701,-0.22538345519106837,0.5897837043951647,3.208763138907579,Look Who's Talking Too (1990),Comedy|Romance,100050,9356.0
78637,-0.7564456182850574,1.063103459104022,2.8793644036943715,Shrek Forever After (a.k.a. Shrek: The Final Chapter) (2010),Adventure|Animation|Children|Comedy|Fantasy|IMAX,892791,10192.0
105653,-0.23701920059047096,0.6808923282040076,3.242808237407543,Escape Plan (2013),Action|Mystery|Thriller,1211956,107846.0
1425,-0.3551381679601918,1.520726329729099,3.357377152244324,Fierce Creatures (1997),Comedy,119115,12145.0
43928,-0.21350243605780306,0.4891543176433699,3.154436533360366,Ultraviolet (2006),Action|Fantasy|Sci-Fi|Thriller,370032,9920.0
2306,-0.6397275369103584,1.447523984706063,3.1489630204678036,Holy Man (1998),Comedy,120701,9713.0
107338,-0.027249162354992026,0.09709471643732787,3.310263929618768,Dampfnudelblues (2013),Comedy|Crime,2969050,209232.0
1244,-0.43226008406895655,4.51955975612277,3.495267013495829,Manhattan (1979),Comedy|Drama|Romance,79522,696.0
3498,0.03201188359603921,0.8370742559007812,3.6291516761640765,Midnight Express (1978),Drama,77928,11327.0
26712,-0.0075932241818363585,0.009909334509698407,2.8246392496392496,35 Up (1991),Documentary,101254,20562.0
60514,-0.15211376022335737,0.24897538503286276,2.979950058941816,Journey to the Center of the Earth (2008),Action|Adventure|Sci-Fi,373051,88751.0
69069,0.640997104127528,0.8788835778552024,4.320240165329432,Fired Up (2009),Comedy,1083456,17927.0
1300,0.20439665117114197,0.9538346982185211,3.8051984762217597,My Life as a Dog (Mitt liv som hund) (1985),Comedy|Drama,89606,8816.0
6014,-0.22352183781522458,0.3440513888448746,2.9412333591363415,National Security (2003),Action|Comedy,271668,11078.0
6946,-0.11542620320585124,0.061362407793274544,1.7098518221866237,Looney Tunes: Back in Action (2003),Action|Animation|Children|Fantasy,318155,10715.0
74683,-0.1363101839588474,0.2586398362296078,3.0638820638820636,Mike Bassett: England Manager (2001),Comedy,282744,19962.0
134004,-0.39495002018845515,0.2586398362296078,2.0638820638820636,What Love Is (2007),Comedy|Romance,439876,25973.0
142831,-0.2656301020736513,0.2586398362296078,2.5638820638820636,Garam Masala (2005),Comedy,453671,19636.0
2398,-0.5559075394455493,1.3752711529264894,3.186692410974655,Miracle on 34th Street (1947),Comedy|Drama,39628,11881.0
115122,0.1746165970061707,0.3848154439683154,4.0446762141967625,What We Do in the Shadows (2014),Comedy|Horror,3416742,246741.0
2038,-1.351702290258252,1.1937846386446511,2.4586258913255454,"Cat from Outer Space, The (1978)",Children|Comedy|Sci-Fi,77305,19378.0
4032,0.19811871665951905,0.40536541607612603,4.079650134921373,"Everlasting Piece, An (2000)",Comedy,218182,29122.0
84187,0.4225764363816572,0.5992089150808684,4.296132971506106,Evangelion: 2.0 You Can (Not) Advance (Evangerion shin gekijôban: Ha) (2009),Action|Animation|Drama|Sci-Fi,860906,22843.0
175585,0.12297197884122305,0.5992089150808684,3.796132971506106,Shot Caller (2017),Action|Crime|Drama|Thriller,4633690,339692.0
1055,0.053573913274570076,0.02236610755453587,5.986225895316805,Shadow Conspiracy (1997),Thriller,120107,38153.0
67295,-0.00024628988033419065,0.0005379489491509954,3.133077765607886,Kung Fu Panda: Secrets of the Furious Five (2008),Action|Animation|Children|Comedy,1287845,15854.0
46850,0.24562002488708162,0.29440947364444736,4.4251893939393945,Wordplay (2006),Documentary,492506,35199.0
61246,-0.3431989224018131,0.29440947364444736,2.425189393939394,Hamlet 2 (2008),Comedy,1104733,12621.0
4498,-0.2063636354123896,0.6485714255817956,3.2727272727272725,"Dead Pool, The (1988)",Action|Crime|Thriller,94963,10651.0
556,0.0022791834615581243,0.026243169571654894,3.677757726144823,"War Room, The (1993)",Documentary,108515,26408.0
1206,1.910929675838271,18.20738168748807,3.695862659117717,"Clockwork Orange, A (1971)",Crime|Drama|Sci-Fi|Thriller,66921,185.0
8207,0.7104393961987722,1.0767269297143585,4.2507229922733325,"Day of the Jackal, The (1973)",Crime|Thriller,69947,4909.0
104841,-0.28076053516583394,2.9900583118520108,3.497011077598463,Gravity (2013),Action|Sci-Fi|IMAX,1454468,49047.0
4327,0.5559601476863782,1.6645389743669938,3.924911572225459,"Magnificent Seven, The (1960)",Adventure|Western,54047,966.0
64957,0.9658285920806718,4.46753201249397,3.807097489644594,"Curious Case of Benjamin Button, The (2008)",Drama|Fantasy|Mystery|Romance,421715,4922.0
671,-4.066936174374813,8.77602237756576,3.127494573556541,Mystery Science Theater 3000: The Movie (1996),Comedy|Sci-Fi,117128,3065.0
3104,-0.04545793031925974,5.589809623672447,3.582776804949521,Midnight Run (1988),Action|Comedy|Crime|Thriller,95631,9013.0
8010,0.20229980787105872,0.20646533659176985,4.570733652312599,"Power of One, The (1992)",Drama,105159,13823.0
67997,-0.00036497671437744076,0.0009890868959628648,3.2219054008721906,In the Loop (2009),Comedy,1226774,19833.0
45928,-3.3416385047381654e-05,0.3939475705865791,3.5908242664615186,Who Killed the Electric Car? (2006),Documentary,489037,13508.0
55253,-0.13368623521365092,0.17341455760589747,2.8200035968186423,"Lust, Caution (Se, jie) (2007)",Drama|Romance|Thriller|War,808357,4588.0
94959,1.1430329945934898,3.5770426458613485,3.91045602052593,Moonrise Kingdom (2012),Comedy|Drama|Romance,1748122,83666.0
78266,0.08605762002561845,0.32768031533400177,3.8535358524156544,Splice (2009),Horror|Sci-Fi|Thriller,1017460,37707.0
6536,0.03797981627733511,0.061362407793274544,4.209851822186623,Sinbad: Legend of the Seven Seas (2003),Adventure|Animation|Children|Fantasy,165982,14411.0
136834,-0.39495002018845515,0.2586398362296078,2.0638820638820636,The Eye: Infinity (2005),Horror,455135,33723.0
665,0.5532683615897567,0.536850322694552,4.621491244260139,Underground (1995),Comedy|Drama|War,114787,11902.0
27834,0.1042384695501741,0.27335000449565205,3.972246086833055,"Return, The (Vozvrashcheniye) (2003)",Drama,376968,11190.0
5309,-0.17714688650975852,0.17950884499655528,2.604066985645933,Three Men and a Little Lady (1990),Comedy|Romance,98966,11630.0
130578,-0.09073944790647138,0.5133942447339824,3.414164904862579,"Gunman, The (2015)",Action|Thriller,2515034,266396.0
121231,0.1746165970061707,0.3848154439683154,4.0446762141967625,It Follows (2014),Horror,3235888,270303.0
6774,0.5910727142058333,0.9006831589904805,4.247158414887047,Videodrome (1983),Fantasy|Horror|Sci-Fi|Thriller,86541,837.0
132,0.473934889362604,1.3382015747083824,3.9450671626972538,Jade (1995),Thriller,113451,11863.0
2582,0.32993075643220043,0.1631118346406384,5.613636363636363,Twin Dragons (Shuang long hui) (1992),Action|Comedy,105399,18764.0
4822,-0.2238359381444857,0.4034955143524205,3.0361670177444724,Max Keeble's Big Move (2001),Children|Comedy,273799,34549.0
6067,0.19811871665951905,0.40536541607612603,4.079650134921373,Ordinary Decent Criminal (2000),Comedy|Crime,160611,12490.0
444,-0.36195221333842365,0.47511072114872316,2.8290820109743438,Even Cowgirls Get the Blues (1993),Comedy|Romance,106834,34444.0
2056,0.11315850781029951,0.47511072114872316,3.8290820109743438,In Search of the Castaways (1962),Adventure|Children,56095,34774.0
45028,0.24591349134244234,0.3187811279514883,4.362327063242337,"Prairie Home Companion, A (2006)",Comedy|Drama|Musical,420087,9526.0
8015,-0.08330302461936347,0.32055847448463937,3.3310406698564594,"Phantom Tollbooth, The (1970)",Adventure|Animation|Children|Fantasy,64806,28476.0
2829,0.27131782911605234,0.9999999987420213,3.862226920366455,"Muse, The (1999)",Comedy,164108,37718.0
3857,0.14786348480221684,0.19350923728126776,4.355024989868972,Bless the Child (2000),Thriller,163983,10391.0
6125,0.12499999929032259,0.9999999943225807,3.715909090909091,"Secret Policeman's Other Ball, The (1982)",Comedy|Documentary|Musical,84648,59533.0
4733,0.14783569775357933,0.3236288627041105,4.047715373631604,"Curse of the Jade Scorpion, The (2001)",Comedy,256524,2779.0
2616,-0.6496072027700833,3.149817965865412,3.384672663975891,Dick Tracy (1990),Action|Crime,99422,8592.0
185,-6.771003288609701,22.282316178027443,3.2870356858953618,"Net, The (1995)",Action|Crime|Thriller,113957,1642.0
353,0.08282541332087753,10.988370013189513,3.5984466431776676,"Crow, The (1994)",Action|Crime|Fantasy|Thriller,109506,9495.0
355,-4.535232430090639,6.597636803130753,2.903506530656221,"Flintstones, The (1994)",Children|Comedy|Fantasy,109813,888.0
694,0.3024829741075962,1.3522830972797477,3.814592263993241,"Substitute, The (1996)",Action|Crime|Drama,117774,20762.0
747,-0.2379845311070211,0.9866675114774566,3.3497087591472208,"Stupids, The (1996)",Comedy,117768,16299.0
4844,-0.49002608494434674,1.3966784175242923,3.240058044028198,Bandits (2001),Comedy|Crime|Romance,219965,3172.0
305,-1.1088136074914554,1.5433524805557863,2.8724642628733372,Ready to Wear (Pret-A-Porter) (1994),Comedy,110907,3586.0
48774,1.2548664724076948,9.495076575866381,3.723068790979039,Children of Men (2006),Action|Adventure|Drama|Sci-Fi|Thriller,206634,9693.0
7361,2.354083436106447,16.12914503212961,3.7368612434514024,Eternal Sunshine of the Spotless Mind (2004),Drama|Romance|Sci-Fi,338013,38.0
112334,0.22132275597476128,0.28820758365585,4.358837377761681,"Internet's Own Boy: The Story of Aaron Swartz, The (2014)",Documentary,3268458,250658.0
164179,0.9050647699171542,4.592840325090369,3.7879690158912087,Arrival (2016),Sci-Fi,2543164,329865.0
1542,0.2816182469998497,1.4808159843858884,3.781086837482133,Brassed Off (1996),Comedy|Drama|Romance,115744,9450.0
2898,-0.2741684456098742,0.45138271021953535,2.9835122203543256,"Dark Half, The (1993)",Horror|Mystery,106664,10349.0
128360,0.34542017399157937,1.987080515684915,3.764742094285161,The Hateful Eight (2015),Western,3460252,273248.0
2312,0.6897393612364872,1.8273284503075258,3.9683668824300455,Children of a Lesser God (1986),Drama,90830,1890.0
1586,1.619275474400421,4.982900587008986,3.9158755328690336,G.I. Jane (1997),Action|Drama,119173,4421.0
7234,0.16453658318684772,0.5280925178093085,3.9024768136812225,"Strada, La (1954)",Drama,47528,405.0
3155,0.6796675332497961,1.2115542680811051,4.151897196152015,Anna and the King (1999),Drama|Romance,166485,1439.0
86298,-0.2899058698500365,1.2354271784357185,3.3562486633984125,Rio (2011),Adventure|Animation|Children|Comedy,1436562,46195.0
128944,-0.006990265844043497,0.2586398362296078,3.5638820638820636,"Honey, We Shrunk Ourselves (1997)",Action|Adventure|Children|Comedy|Sci-Fi,119310,11425.0
7347,-0.04123478478294962,0.8443700913207397,3.542074124812114,Secret Window (2004),Mystery|Thriller,363988,1586.0
93831,0.05412285569508955,0.3878714373653753,3.730447222571273,American Reunion (American Pie 4) (2012),Comedy,1605630,71552.0
131749,0.5859262290705096,0.6815297010190097,4.450631313131312,Libre et assoupi (2014),Comedy,2922440,268523.0
1694,-1.2396946089478678,0.5083038404064253,1.1520240965391029,"Apostle, The (1997)",Drama,118632,2895.0
66320,-0.5439103165726651,0.9427778820592859,3.0139860139860137,"11th Hour, The (2007)",Documentary,492931,4832.0
6480,-0.17833930583134697,0.40595657774767135,3.151602732527588,Thoroughly Modern Millie (1967),Comedy|Musical,62362,32489.0
5609,-0.612612115492733,0.40536541607612603,2.079650134921373,Ballistic: Ecks vs. Sever (2002),Action|Thriller,308208,10550.0
1599,0.06751275533124859,0.6686199584299909,3.691882378469602,Steel (1997),Action,120207,8854.0
54768,-0.7848131328684842,0.29440947364444736,0.925189393939394,Daddy Day Camp (2007),Children|Comedy,462244,14144.0
1288,3.1532792402286214,11.132392959549746,3.874161690030076,This Is Spinal Tap (1984),Comedy,88258,11031.0
291,-0.4255734464176393,0.7580999376623629,3.0295405624668974,Poison Ivy II (1996),Drama|Thriller,114151,18220.0
158872,-0.5719566596034117,1.1009472147291437,3.071395846358011,Sausage Party (2016),Animation|Comedy,1700841,223702.0
7323,0.16755198872271004,3.4742814203966588,3.639135463055876,"Good bye, Lenin! (2003)",Comedy|Drama,301357,338.0
84392,0.28467997254190547,1.5243820381411075,3.777660158173735,"Lincoln Lawyer, The (2011)",Crime|Drama|Thriller,1189340,50348.0
325,-2.1340302192167693,2.2604025376421206,2.6468160881455978,National Lampoon's Senior Trip (1995),Comedy,113936,27993.0
906,0.5131917486205037,1.7296114658714532,3.887618356976505,Gaslight (1944),Drama|Thriller,36855,13528.0
2082,-0.46977622309677897,4.022162557153419,3.474112164772607,"Mighty Ducks, The (1992)",Children|Comedy,104868,10414.0
2108,-0.9835130535035284,4.838990344402837,3.3876615157943486,L.A. Story (1991),Comedy|Romance,102250,2107.0
55721,-0.4789940234693033,1.6131960303524435,3.2939866992982862,Elite Squad (Tropa de Elite) (2007),Action|Crime|Drama|Thriller,861739,7347.0
26554,-0.005617005824814407,0.039563258418257946,3.4489337822671153,"Quiet Earth, The (1985)",Drama|Mystery|Sci-Fi,89869,10176.0
7748,0.11839291230099977,0.09709471643732787,4.810263929618769,Pierrot le fou (1965),Crime|Drama,59592,2786.0
81562,0.16975994528324556,2.5842466083580873,3.6565993948971856,127 Hours (2010),Adventure|Drama|Thriller,1542344,44115.0
955,1.8973527487639084,2.842292864121002,4.258452106167892,Bringing Up Baby (1938),Comedy|Romance,29947,900.0
60072,-1.3738735579165229,3.719522855338601,3.2215408651043713,Wanted (2008),Action|Thriller,493464,8909.0
179819,-0.31455161909603524,1.3084001725192869,3.3504997530760217,Star Wars: The Last Jedi (2017),Action|Adventure|Fantasy|Sci-Fi,2527336,181808.0
3029,1.2523158816087756,2.3942993308358265,4.113949742293145,Nighthawks (1981),Action|Drama,82817,21610.0
7001,0.4298803830117518,1.1436737467570957,3.966785851419406,Invasion of the Body Snatchers (1978),Horror|Mystery|Sci-Fi|Thriller,77745,11850.0
72178,-0.2656301020736513,0.2586398362296078,2.5638820638820636,Welcome to Dongmakgol (2005),Comedy|Drama|War,475783,14968.0
125970,-0.006990265844043497,0.2586398362296078,3.5638820638820636,Halloweentown (1998),Adventure|Children|Comedy|Fantasy,173886,27850.0
7367,-0.6046681358798367,1.2182035845283943,3.0945485945525455,"Ladykillers, The (2004)",Comedy|Crime,335245,5516.0
5450,-0.13948317436774735,0.856632550611768,3.4280817803333545,Lovely & Amazing (2001),Comedy|Drama|Romance,258273,50035.0
25827,0.04537175957436369,0.3645872947131095,3.715355993563958,Mr. Deeds Goes to Town (1936),Comedy|Romance,27996,24807.0
26840,0.5001396332769052,0.40834185248557453,4.815715292459478,Sonatine (Sonachine) (1993),Action|Comedy|Crime|Drama,108188,7500.0
1306,-0.06070631186790997,0.12356151973114418,3.099604743083004,Until the End of the World (Bis ans Ende der Welt) (1991),Adventure|Drama|Sci-Fi,101458,10341.0
55020,0.3928247617093053,0.29440947364444736,4.9251893939393945,"Ten, The (2007)",Comedy,811106,13173.0
3095,0.6834123807953116,0.8318053872002605,4.412510382883865,"Grapes of Wrath, The (1940)",Drama,32551,596.0
91628,-0.6465971607467836,0.3881135418648161,1.924909090909091,New Year's Eve (2011),Comedy|Romance,1598822,62838.0
72605,-0.0703715526198308,0.35819291503816547,3.3944463758039283,Brothers (2009),Drama|Thriller|War,765010,7445.0
7236,0.14786348480221684,0.19350923728126776,4.355024989868972,"Boy and His Dog, A (1975)",Sci-Fi,72730,4917.0
47950,0.08463617997194492,0.23906605052316435,3.944937526928048,Hollywoodland (2006),Crime|Drama|Mystery|Thriller,427969,1249.0
912,10.139836697150765,17.579419566617222,4.16771065473353,Casablanca (1942),Drama|Romance,34583,289.0
1266,3.821743776544611,7.863751233078715,4.076904090403546,Unforgiven (1992),Drama|Western,105695,33.0
435,-8.181008903319231,13.505120000629969,2.985138175660828,Coneheads (1993),Comedy|Sci-Fi,106598,9612.0
1590,0.6622634207741637,3.7136895753669372,3.769239402943512,Event Horizon (1997),Horror|Sci-Fi|Thriller,119081,8413.0
55765,1.3121981700682546,6.289498038489721,3.799542301705568,American Gangster (2007),Crime|Drama|Thriller,765429,4982.0
128620,-0.44007931582071547,1.5802262458461698,3.312417756533699,Victoria (2015),Crime|Drama|Romance,4226388,320007.0
1681,0.03481389348997635,0.6448919475008031,3.6448931631631996,Mortal Kombat: Annihilation (1997),Action|Adventure|Fantasy,119707,9823.0
2840,-1.9813696995363406,3.8975712945210645,3.0825489995050894,Stigmata (1999),Drama|Thriller,145531,10307.0
105954,-0.0195450153296902,0.08168341312313925,3.3516314385388877,All Is Lost (2013),Action|Adventure|Drama,2017038,152747.0
2886,-0.45695516987929974,0.2951624303048108,2.0427609427609426,"Adventures of Elmo in Grouchland, The (1999)",Children|Comedy,159421,16112.0
3020,-1.8961889042976179,3.743065784045486,3.084321973904637,Falling Down (1993),Action|Drama,106856,37094.0
6618,-0.297610932876758,1.5639950079300584,3.400620163279683,Shaolin Soccer (Siu lam juk kau) (2001),Action|Comedy,286112,11770.0
2796,0.6504148265113617,2.468181261819052,3.8544289695228704,Funny Farm (1988),Comedy,95188,14170.0
3261,-0.9543742941105948,0.9529184132883335,2.5893812782422776,Singles (1992),Comedy|Drama|Romance,105415,11068.0
27156,-0.35784402393864556,0.6963036315181963,3.0769895768625894,"Neon Genesis Evangelion: The End of Evangelion (Shin seiki Evangelion Gekijô-ban: Air/Magokoro wo, kimi ni) (1997)",Action|Animation|Drama|Fantasy|Sci-Fi,169858,18491.0
748,-0.034247073220828844,1.7199508050767505,3.570997432319937,"Arrival, The (1996)",Action|Sci-Fi|Thriller,115571,10547.0
473,-1.1834373780942637,1.14596460730055,2.558209328145924,In the Army Now (1994),Comedy|War,110123,12475.0
27523,0.38730600747604893,0.3145910539907577,4.8220502901353965,My Sassy Girl (Yeopgijeogin geunyeo) (2001),Comedy|Romance,293715,11178.0
1382,-1.4063667760422636,0.8594360419074552,1.9545258029555908,Marked for Death (1990),Action|Drama,100114,10173.0
7346,0.21168247719062094,2.6298875024674895,3.67140016780573,"Girl Next Door, The (2004)",Comedy|Romance,265208,10591.0
60363,0.027089446602108068,0.009909334509698407,6.324639249639249,Zombie Strippers! (2008),Comedy|Horror,960890,13009.0
66665,0.18698904743307532,0.24602687552279257,4.350944136006236,Away We Go (2009),Comedy|Drama|Romance,1176740,19255.0
6687,-0.20117517348298358,0.2548716450745423,2.8015895358673917,My Boss's Daughter (2003),Comedy|Romance,270980,2830.0
581,1.3847067142147216,2.6933329977848004,4.1050329349913515,"Celluloid Closet, The (1995)",Documentary,112651,32562.0
4987,-0.5676511202866587,0.3771220945743656,2.0856906790116616,Spacehunter: Adventures in the Forbidden Zone (1983),Action|Adventure|Sci-Fi,86346,26978.0
935,-0.024806928863153912,0.21322145999044154,3.4745656006043815,"Band Wagon, The (1953)",Comedy|Musical,45537,29376.0
5303,0.18187080348335205,0.17950884499655528,4.604066985645932,Joe Versus the Volcano (1990),Comedy|Romance,99892,2565.0
79553,0.24516137856100476,0.6815297010190097,3.950631313131313,Ip Man 2 (2010),Action,1386932,37472.0
5947,-0.15689940192707857,0.3143157705820882,3.0917314593301435,Evelyn (2002),Drama,298856,21868.0
83132,-0.33329168599677683,0.3989802544450473,2.7555502422353353,"Secret World of Arrietty, The (Kari-gurashi no Arietti) (2010)",Animation|Children|Fantasy,1568921,51739.0
6932,-0.004563991378543954,0.40536541607612603,3.579650134921373,Shattered Glass (2003),Crime|Drama,323944,13537.0
178827,-0.7758413937800795,0.5992089150808684,2.296132971506106,Paddington 2 (2017),Adventure|Animation|Children|Comedy,4468740,346648.0
1626,-0.36195221333842365,0.47511072114872316,2.8290820109743438,Fire Down Below (1997),Action|Drama|Thriller,119123,14289.0
26322,0.0826769228060488,0.5438089922652081,3.7429421098219677,Gone in 60 Seconds (1974),Action|Crime|Drama,71571,16246.0
169984,0.10872490489925193,0.35819291503816547,3.8944463758039283,Alien: Covenant (2017),Action|Horror|Sci-Fi|Thriller,2316204,126889.0
7228,-0.045645752479050915,0.19350923728126776,3.355024989868972,Cool World (1992),Animation|Comedy|Fantasy,104009,14239.0
131439,0.1223296522707604,0.2586398362296078,4.063882063882064,Kill Me Three Times (2014),Thriller,2393845,237756.0
2329,3.78168932607945,17.02576587591919,3.8130247568732383,American History X (1998),Crime|Drama,120586,73.0
1304,2.9802659689058832,10.475220166798248,3.87541537540247,Butch Cassidy and the Sundance Kid (1969),Action|Western,64115,642.0
146,0.18312214514818365,0.8618565423963156,3.8033831351845206,"Amazing Panda Adventure, The (1995)",Adventure|Children,112342,30765.0
704,-0.6741009774534833,1.0368322424400214,2.9407547555586655,"Quest, The (1996)",Action|Adventure,117420,9103.0
1247,3.306451289433784,11.269732856575576,3.884301253040473,"Graduate, The (1967)",Comedy|Drama|Romance,61722,37247.0
54286,1.2632753641150003,15.158082625765825,3.6742491409209355,"Bourne Ultimatum, The (2007)",Action|Crime|Thriller,440963,2503.0
3798,-0.5226814309467525,2.0267068838108284,3.333012186762818,What Lies Beneath (2000),Drama|Horror|Mystery,161081,2655.0
48394,1.4201787676105384,8.607301165390053,3.755906078968609,"Pan's Labyrinth (Laberinto del fauno, El) (2006)",Drama|Fantasy|Thriller,457430,1417.0
2320,-0.2999594553469317,1.9480039845095367,3.436926112572188,Apt Pupil (1998),Drama|Thriller,118636,9445.0
3421,0.4845302669825958,7.921001195278829,3.6520794221636033,Animal House (1978),Comedy,77975,8469.0
3752,0.8248435024087297,6.230943201624254,3.723287685243527,"Me, Myself & Irene (2000)",Adventure|Comedy,183505,2123.0
7570,0.0075140217707626855,0.23737886352353121,3.6225632224489774,Octopussy (1983),Action|Adventure|Thriller,86034,700.0
111617,-0.018104208794231254,0.3700017716799569,3.5419790311636175,Blended (2014),Comedy,1086772,232672.0
31225,-0.18446747557391552,0.8034700882254581,3.3613206117893144,Coach Carter (2005),Drama,393162,7214.0
51255,1.3651479048315074,5.376770212938038,3.844806477400813,Hot Fuzz (2007),Action|Comedy|Crime|Mystery,425112,4638.0
62394,-0.4066250508920704,0.5008748102362173,2.779079383002035,Max Payne (2008),Action|Crime|Drama|Thriller,467197,13051.0
1488,-1.8433374064265702,2.4103902646599717,2.826162637418662,"Devil's Own, The (1997)",Action|Drama|Thriller,118972,4477.0
149352,0.45951211060920355,0.6465112735949832,4.301665622738839,Daddy's Home (2015),Comedy,1528854,274167.0
4663,0.3167468342872537,0.6429136487763588,4.0835830835830835,She's Out of Control (1989),Comedy,98308,47045.0
80584,0.3167468342872537,0.6429136487763588,4.0835830835830835,"Patrik Age 1.5 (Patrik 1,5) (2008)",Comedy|Drama|Romance,1067733,15179.0
141844,0.08180380113206685,0.21322145999044154,3.9745656006043815,12 Chairs (1971),Adventure|Comedy,65670,31648.0
97172,-0.289230798179471,0.3878714373653753,2.8452218081741796,Frankenweenie (2012),Animation|Comedy|Horror|IMAX,1142977,62214.0
104218,0.03443351777746714,0.02967852232720984,4.7511258091753445,Grown Ups 2 (2013),Comedy,2191701,109418.0
117533,0.11138821095831906,1.5133942412229469,3.6645106733152115,Citizenfour (2014),Documentary,4044364,293310.0
6902,0.10251524471101897,1.0868951170951358,3.685228444357843,Interstate 60 (2002),Adventure|Comedy|Drama|Fantasy|Mystery|Sci-Fi|Thriller,165832,20312.0
5879,-0.9279313142109398,0.5078250078633559,1.7636432023795823,Eight Crazy Nights (Adam Sandler's Eight Crazy Nights) (2002),Animation|Comedy|Musical,271263,13376.0
4898,-0.3616765699678264,0.6444314665992904,3.029675525024391,Novocaine (2001),Comedy|Crime|Mystery|Thriller,234354,20794.0
3927,-0.28374640250393707,0.36190341231186507,2.806870054937187,Fantastic Voyage (1966),Adventure|Sci-Fi,60397,2161.0
4174,-0.06070631186790997,0.12356151973114418,3.099604743083004,Avalon (1990),Drama,99073,2302.0
5047,0.08509530244637516,0.8115475736298257,3.695764684359722,Kung Pow: Enter the Fist (2002),Action|Comedy,240468,11891.0
39231,-0.022346664332241025,0.08917974377033226,3.3403290445053786,Elizabethtown (2005),Comedy|Drama|Romance,368709,9621.0
4973,8.097666738542175,16.18963984100531,4.09108493287145,"Amelie (Fabuleux destin d'Amélie Poulain, Le) (2001)",Comedy|Romance,211915,194.0
78499,3.1117581203340814,8.040455510703147,3.9779217565711082,Toy Story 3 (2010),Adventure|Animation|Children|Comedy|Fantasy|IMAX,435761,10193.0
512,-0.28395195230100967,0.574220072008236,3.09640887027428,"Puppet Masters, The (1994)",Horror|Sci-Fi,111003,25557.0
2614,-0.7255511558294095,0.45138271021953535,1.9835122203543256,Chopping Mall (a.k.a. Killbots) (1986),Action|Horror|Sci-Fi,90837,28941.0
3826,-2.867167306534498,4.585719022730778,2.9656707602738415,Hollow Man (2000),Horror|Sci-Fi|Thriller,164052,9383.0
31410,0.14136745684861493,3.658326319027783,3.6295517500161614,"Downfall (Untergang, Der) (2004)",Drama|War,363163,613.0
6234,0.032320930967901305,0.2172684803953366,3.739669421487603,Equus (1977),Drama|Mystery,75995,37258.0
62792,-0.08515498946367095,0.29564508036210213,3.3028779511405064,Pride and Glory (2008),Crime|Drama,482572,13150.0
4102,0.7249316106615687,0.7854311758576618,4.513881889728759,Eddie Murphy Raw (1987),Comedy|Documentary,92948,17159.0
259,-1.1302383863616883,1.4746631720849153,2.8244707558662965,Kiss of Death (1995),Crime|Drama|Thriller,113552,6071.0
174737,0.021298195863671907,0.09709471643732787,3.810263929618768,Don Camillo in Moscow (1965),Comedy,59049,37991.0
153386,0.1223296522707604,0.2586398362296078,4.063882063882064,Long Live Ghosts! (1977),Children|Comedy|Fantasy,75703,46632.0
184349,-0.006990265844043497,0.2586398362296078,3.5638820638820636,Elsa & Fred (2005),Comedy|Drama|Romance,453047,22916.0
3819,-0.5085470600683593,0.574879285294667,2.7062937062937062,Tampopo (1985),Comedy,92048,11830.0
77206,0.022249265457401166,0.05464477574879632,3.998070894622619,Diary of a Wimpy Kid (2010),Children|Comedy,1196141,33217.0
8025,0.08180380113206685,0.21322145999044154,3.9745656006043815,The Thief (1997),Drama,124207,46187.0
181659,-0.02492352687695254,0.02967852232720984,2.7511258091753445,Craig Ferguson: Tickle Fight (2017),Comedy,7193448,490928.0
62383,0.18067883636034923,0.32079711761939567,4.154127481713688,"20,000 Leagues Under the Sea (1916)",Action|Adventure|Sci-Fi,6333,30266.0
109846,0.42265479682751106,0.5133942447339824,4.414164904862579,Mr. Peabody & Sherman (2014),Adventure|Animation|Comedy,864835,82703.0
5959,-1.0879047012193912,1.9836339720979959,3.042468846125036,Narc (2002),Crime|Drama|Thriller,272207,11022.0
5611,-0.4712151725091668,0.3143157705820882,2.0917314593301435,"Four Feathers, The (2002)",Adventure|War,240510,9093.0
2239,0.1883163264663823,0.1439089823352889,4.899488468029764,Swept Away (Travolti da un insolito destino nell'azzurro mare d'Agosto) (1975),Comedy|Drama,73817,37916.0
3283,-0.2365442719439698,0.13978414288596877,1.8986980356327088,Minnie and Moskowitz (1971),Action,67433,24349.0
5499,-0.1326208684798362,0.1228373617887007,2.5112630732099754,Robin and Marian (1976),Adventure|Drama|Romance,75147,10786.0
26122,0.29596870703411793,0.40834185248557453,4.315715292459478,Onibaba (1964),Drama|Horror|War,58430,3763.0
50923,-0.11152640810257329,0.08917974377033226,2.3403290445053786,"Astronaut Farmer, The (2007)",Drama,469263,5172.0
1,12.990332772894002,46.01807176121922,3.873196728694065,Toy Story (1995),Adventure|Animation|Children|Comedy|Fantasy,114709,862.0
1391,1.7785065413969414,14.915177210497374,3.7101504861869974,Mars Attacks! (1996),Action|Comedy|Sci-Fi,116996,75.0
7143,2.471611926474555,8.088312684539707,3.896487277963961,"Last Samurai, The (2003)",Action|Adventure|Drama|War,325710,616.0
135569,-0.26657068664464045,0.8413544530528863,3.274073914394153,Star Trek Beyond (2016),Action|Adventure|Sci-Fi,2660888,188927.0
6387,-0.25842942281050935,0.586591868373216,3.1503482227074793,Once a Thief (Zong heng si hai) (1991),Action|Comedy|Crime|Thriller,101020,47423.0
8982,-0.18341159498003073,0.6099608509441903,3.290215046863283,I Am David (2003),Drama,327919,15397.0
3208,-1.800256229440459,1.2053591572426774,2.0973656780406476,Loaded Weapon 1 (National Lampoon's Loaded Weapon 1) (1993),Action|Comedy,107659,9644.0
4041,0.7674397789635105,2.1170981202315873,3.9534051753511106,"Officer and a Gentleman, An (1982)",Drama|Romance,84434,2623.0
4351,0.753670213747343,3.22721630364581,3.8244447894291795,Point Break (1991),Action|Crime|Thriller,102685,1089.0
107348,1.217387183231784,1.021573567834319,4.782587518741341,Anchorman 2: The Legend Continues (2013),Comedy,1229340,109443.0
98491,-0.09379430209925765,1.90466863885256,3.5416646710735424,Paperman (2012),Animation|Comedy|Romance,2388725,140420.0
6313,-0.33523880935957745,0.32857212849163137,2.5706192358366273,Sibling Rivalry (1990),Comedy,100611,108553.0
3452,-0.42052804358932033,1.7658113084100933,3.3527590453258194,Romeo Must Die (2000),Action|Crime|Romance|Thriller,165929,2085.0
55190,0.002316110327862049,0.009909334509698407,3.8246392496392496,Love and Other Disasters (2006),Comedy|Romance,452643,6641.0
62999,-0.641804396044747,1.3835931720787071,3.127041236545151,Madagascar: Escape 2 Africa (2008),Action|Adventure|Animation|Children|Comedy|IMAX,479952,10527.0
1172,2.88846607942083,4.308699703923549,4.26128908438846,Cinema Paradiso (Nuovo cinema Paradiso) (1989),Drama,95765,11216.0
7087,-0.04434039948371502,0.16350522309619905,3.3197226502311246,"Passage to India, A (1984)",Adventure|Drama,87892,15927.0
896,1.074074063783752,0.999999990419355,4.664983164983165,Wild Reeds (Les roseaux sauvages) (1994),Drama,111019,26933.0
44972,-1.6818358525380326,1.0351477131300848,1.9661787928026602,Scary Movie 4 (2006),Comedy|Horror,362120,4257.0
74275,-0.02492352687695254,0.02967852232720984,2.7511258091753445,I Love You Phillip Morris (2009),Comedy|Drama|Romance,1045772,8952.0
2775,-0.7855309430912549,0.3143157705820882,1.0917314593301435,Head On (1998),Drama,138487,13817.0
98243,0.18780589309554835,1.9953957950043715,3.685028710468145,Rise of the Guardians (2012),Adventure|Animation|Children|Fantasy|IMAX,1446192,81188.0
1516,0.36067595954867177,0.5925390764013893,4.199604743083004,Children of the Revolution (1996),Comedy,115886,9977.0
86487,0.4099590542874732,0.3645872947131095,4.715355993563958,Mildred Pierce (2011),Drama,1492030,202241.0
2786,-0.8749811596743896,0.7141767716718875,2.3657486063051754,Haunted Honeymoon (1986),Comedy,91178,24103.0
2296,-1.8236680050419314,1.359602488752384,2.2495846816581273,"Night at the Roxbury, A (1998)",Comedy,120770,9429.0
4338,0.02243466841810725,0.06012854450521054,3.964020873386432,Twelve O'Clock High (1949),Drama|War,41996,15497.0
8830,-0.3952712697480581,0.2826889810516,2.192654131420917,Anacondas: The Hunt for the Blood Orchid (2004),Adventure|Drama|Horror|Sci-Fi|Thriller,366174,11237.0
68486,0.1448733412691524,0.3189384367694263,4.04514515833513,Red Cliff Part II (Chi Bi Xia: Jue Zhan Tian Xia) (2009),Action|Drama|War,1326972,15384.0
1008,-0.03489684528963725,0.23906605052316435,3.444937526928048,"Davy Crockett, King of the Wild Frontier (1955)",Adventure|Western,47977,35115.0
7720,0.030894725023396154,0.15569545040039195,3.7893395841826334,"Four Musketeers, The (1974)",Action|Adventure|Comedy|Romance,73012,12310.0
3147,2.201918188709955,17.582855890557312,3.7161400660371116,"Green Mile, The (1999)",Crime|Drama,120689,497.0
1302,1.0914484387622578,10.168908292812008,3.6982410096691174,Field of Dreams (1989),Children|Drama|Fantasy,97351,2323.0
52,0.6666348351129427,7.110180732296325,3.684666881352435,Mighty Aphrodite (1995),Comedy|Drama|Romance,113819,11448.0
2763,1.076339602712637,6.421850392955804,3.7585149267431497,"Thomas Crown Affair, The (1999)",Action|Mystery,155267,913.0
3060,1.873976938124514,3.1462433211508714,4.186532743258722,"Commitments, The (1991)",Comedy|Drama|Musical,101605,11663.0
51834,-0.5108368606681708,0.29842907723839157,1.8791561163150525,Becoming Jane (2007),Drama|Romance,416508,2977.0
139385,0.5736366694857695,4.079860430794764,3.731511123556081,The Revenant (2015),Adventure|Drama,1663202,281957.0
1485,-2.398434105186033,9.652155313216252,3.3424221957695184,Liar Liar (1997),Comedy,119528,1624.0
1798,-0.7255511558294095,0.45138271021953535,1.9835122203543256,Hush (1998),Thriller,118744,17941.0
1812,0.7654834935686838,0.9264934313682585,4.417124871455108,Wide Awake (1998),Children|Comedy|Drama,120510,32911.0
3622,0.17721426460966114,0.45138271021953535,3.9835122203543256,"Twelve Chairs, The (1970)",Comedy,66495,24918.0
41997,0.0764500053889795,1.985644744760251,3.629410441964317,Munich (2005),Action|Crime|Drama|Thriller,408306,612.0
3030,1.6288411033950543,2.853984101342622,4.161634450811687,Yojimbo (1961),Action|Adventure,55630,11878.0
5791,-0.02315262298001758,2.128005169351888,3.580029125336888,Frida (2002),Drama|Romance,120679,1360.0
3861,-1.5320487640944005,2.2333343716335414,2.904917425910981,"Replacements, The (2000)",Comedy,191397,10393.0
4466,-0.5250404144806584,0.746410001160376,2.8874881645222183,Above the Law (1988),Action|Crime|Drama,94602,9395.0
172461,0.021298195863671907,0.09709471643732787,3.810263929618768,Get Me Roger Stone (2017),Documentary,6714534,448448.0
2183,0.46495607133057903,0.7888869234995052,4.1802914947497225,"Man Who Knew Too Much, The (1956)",Adventure|Drama|Mystery|Thriller,49470,574.0
4464,0.08599855528574385,0.38352150742337915,3.815143074195999,"Accidental Tourist, The (1988)",Comedy|Drama|Romance,94606,31052.0
3593,-4.822423040174507,3.3855736061993222,2.166505547785949,Battlefield Earth (2000),Action|Sci-Fi,185183,5491.0
3774,-1.9531539367956516,0.925495464061173,1.4805217225853138,House Party 2 (1991),Comedy|Drama|Romance,102065,16096.0
5900,-0.1622377503548962,0.7339130367345397,3.369850542778165,Analyze That (2002),Comedy|Crime,289848,9932.0
148632,-0.2656301020736513,0.2586398362296078,2.5638820638820636,Applesauce (2015),Comedy,4270878,333088.0
2138,0.3193546388228228,0.6855674621100618,4.056734347317706,Watership Down (1978),Adventure|Animation|Children|Drama|Fantasy,78480,11837.0
172215,-0.01008426571334762,0.02967852232720984,3.2511258091753445,Saved by the Bell: Hawaiian Style (1992),Comedy,105321,37022.0
1683,0.4060430877401642,0.3486866108342181,4.755402005531545,"Wings of the Dove, The (1997)",Drama|Romance,120520,45609.0
2475,-0.1147532962020992,0.6577700195253176,3.416451008607147,52 Pick-Up (1986),Action|Mystery|Thriller,90567,18588.0
2364,-0.9120225367094529,0.5347022924450552,1.8852449305049717,"Godzilla 1985: The Legend Is Reborn (Gojira) (Godzilla) (Return of Godzilla, The) (1984)",Action|Horror|Sci-Fi|Thriller,87344,39256.0
7078,0.22766540693091847,0.3645872947131095,4.215355993563958,Jezebel (1938),Drama,30287,1976.0
38294,-0.4285644676579963,0.35819291503816547,2.3944463758039283,Beowulf & Grendel (2005),Action|Adventure|Drama|Fantasy,402057,5471.0
88699,-0.24946801013891354,0.35819291503816547,2.8944463758039283,Death Race 2 (2010),Action|Sci-Fi|Thriller,1500491,51620.0
139855,0.24516137856100476,0.6815297010190097,3.950631313131313,Anomalisa (2015),Animation|Comedy|Fantasy,2401878,291270.0
212,0.15719897402981567,0.3864323048711515,3.99770472380068,Bushwhacked (1995),Adventure|Comedy|Crime|Mystery,112602,26258.0
674,-0.4129119782400742,2.2760516494141596,3.4094931822031724,Barbarella (1968),Adventure|Comedy|Sci-Fi,62711,8069.0
1047,-1.0867168763437287,5.464555354891059,3.3920426130773564,"Long Kiss Goodnight, The (1996)",Action|Drama|Thriller,116908,11412.0
1427,-0.7255511558294095,0.45138271021953535,1.9835122203543256,Turbulence (1997),Action|Thriller,120390,34314.0
53322,0.4146233675809561,2.921049489968935,3.732852378417501,Ocean's Thirteen (2007),Crime|Thriller,496806,298.0
106491,0.14641265913082965,0.5950776578571216,3.836948674478843,47 Ronin (2013),Action|Adventure|Fantasy,1335975,64686.0
3006,0.4468013935558349,5.587928545190253,3.6708674135580828,"Insider, The (1999)",Drama|Thriller,140352,9008.0
68536,-0.2034576863704904,0.1424203804593433,2.1623376623376624,Stanley Kubrick: A Life in Pictures (2001),Documentary,278736,30416.0
60046,0.0990671395751738,0.20646533659176985,4.070733652312599,"Children of Huang Shi, The (2008)",Drama|War,889588,13405.0
1458,0.08173256058851132,0.3334688472011262,3.836007130124777,Touch (1997),Drama|Fantasy|Romance,120357,61563.0
715,0.2334480343918759,1.1884411702133346,3.787341224230398,"Horseman on the Roof, The (Hussard sur le toit, Le) (1995)",Drama|Romance,113362,11876.0
2155,-0.4258721357278037,1.3158077823300363,3.267250771322572,"Slums of Beverly Hills, The (1998)",Comedy|Drama,120831,14662.0
4349,0.47131088674526395,1.1393290227256874,4.004583172183452,Catch-22 (1970),Comedy|War,65528,10364.0
6786,0.06426563647376143,0.9511596864381748,3.658474650499214,Kiss of the Spider Woman (1985),Drama,89424,11703.0
42723,0.1936930893321971,1.5198415010351711,3.7183520441382742,Hostel (2005),Horror,450278,1690.0
8158,-0.0066666808679460565,0.32857212849163137,3.5706192358366273,Rush (1991),Crime|Drama,102820,20289.0
5341,-0.04434039948371502,0.16350522309619905,3.3197226502311246,Lenny (1974),Drama,71746,27094.0
72129,-0.7695161095210522,0.7781270785736266,2.6019753669579324,Saw VI (2009),Crime|Horror|Mystery|Thriller,1233227,22804.0
1190,-0.4859383036629802,0.6891322524515818,2.8857638855667798,Tie Me Up! Tie Me Down! (¡Átame!) (1990),Crime|Drama|Romance,101026,2469.0
73042,-0.2907335911078595,0.3132846119784041,2.662891626942808,Alvin and the Chipmunks: The Squeakquel (2009),Animation|Children|Comedy|Musical,1231580,23398.0
141513,-0.1363101839588474,0.2586398362296078,3.0638820638820636,Fort Tilden (2014),Comedy,3457734,253255.0
4438,0.014405848074907933,0.13805604405120123,3.695256916996047,"Fist of Fury (Chinese Connection, The) (Jing wu men) (1972)",Action|Drama|Romance|Thriller,68767,11713.0
7802,0.9140386140628805,1.4396820235386167,4.225798322780064,"Warriors, The (1979)",Action|Adventure|Crime|Thriller,80120,11474.0
2600,-1.0833207506865683,3.3313713865827204,3.2657214654615947,eXistenZ (1999),Action|Sci-Fi|Thriller,120907,1946.0
45175,0.3167468342872537,0.6429136487763588,4.0835830835830835,Kinky Boots (2005),Comedy|Drama,434124,16367.0
36401,-0.7677565843305199,2.516359228223086,3.285802977394183,"Brothers Grimm, The (2005)",Comedy|Fantasy|Horror|Thriller,355295,4442.0
165103,0.019594256613862222,0.02967852232720984,4.2511258091753445,Keeping Up with the Joneses (2016),Comedy,2387499,331313.0
103606,0.285026423348962,0.4216015845370063,4.26696542893726,Stuck in Love (2012),Comedy|Drama|Romance,2205697,111969.0
25771,0.22766540693091847,0.3645872947131095,4.215355993563958,"Andalusian Dog, An (Chien andalou, Un) (1929)",Fantasy,20530,626.0
123545,-0.13692188778219105,0.3645872947131095,3.215355993563958,The Blue Lagoon (1949),Drama|Romance,41190,228074.0
1546,-0.004563991378543954,0.40536541607612603,3.579650134921373,Schizopolis (1996),Comedy,117561,16375.0
6294,-1.9892816060937708,1.112583496195016,1.8029249864378114,Bulletproof Monk (2003),Action|Adventure|Sci-Fi,245803,11817.0
2967,-0.22104168480035266,0.5584210984429966,3.195075757575758,"Bad Seed, The (1956)",Drama|Thriller,48977,42196.0
1473,-0.19260059397416693,0.5256863270824323,3.2245297805642634,Best Men (1997),Action|Comedy|Crime|Drama,118702,19952.0
3210,1.893241502600764,7.088634770914557,3.8579903503878468,Fast Times at Ridgemont High (1982),Comedy|Drama|Romance,83929,13342.0
274,0.09377788669372368,1.036617250195339,3.681374387214021,Man of the House (1995),Comedy,113755,40490.0
631,-0.6526322643771176,3.7341610904830227,3.4161356281250583,All Dogs Go to Heaven 2 (1996),Adventure|Animation|Children|Fantasy|Musical|Romance,115509,19042.0
3754,0.6797058409907795,0.6448919475008031,4.6448931631632,"Adventures of Rocky and Bullwinkle, The (2000)",Adventure|Animation|Children|Comedy|Fantasy,131704,17711.0
2989,1.138587312499821,2.8284493693810133,3.9934573298224123,For Your Eyes Only (1981),Action|Adventure|Thriller,82398,699.0
4688,-0.10713971365263052,0.5207811071738581,3.385180211391841,Black Robe (1991),Adventure|Drama,101465,41784.0
6537,-0.699464910988008,6.49687406080501,3.483247328584374,Terminator 3: Rise of the Machines (2003),Action|Adventure|Sci-Fi,181852,296.0
49961,0.05507432653554374,0.3055544148718005,3.7711530142660843,Notes on a Scandal (2006),Drama,465551,1259.0
68205,-0.20252467269804172,0.7581674889112031,3.323785169532713,Crank: High Voltage (2009),Action|Comedy|Crime,1121931,15092.0
3987,-1.099477560375007,0.6034925558856148,1.7690513900107874,Bounce (2000),Drama|Romance,186894,10862.0
171011,-0.5630759450295583,1.1567542533760307,3.1041367765768113,Planet Earth II (2016),Documentary,5491994,420714.0
6975,0.438529214601745,0.82002762291366,4.125682801389228,Funny Games (1997),Drama|Horror|Thriller,119167,10234.0
104913,1.8424511709333495,3.6300977118397686,4.098457734826882,Rush (2013),Action|Drama,1979320,96721.0
2363,-1.3961256082861955,0.9143854208392028,2.0640632155616228,Godzilla (Gojira) (1954),Drama|Horror|Sci-Fi,47034,1678.0
1616,0.10575415647740713,3.8844328077030816,3.6181342127512526,"Peacemaker, The (1997)",Action|Thriller|War,119874,6623.0
3446,0.4012965647937147,0.6135049162780388,4.245013979307163,Funny Bones (1995),Comedy|Drama,113133,35292.0
182715,0.09274507257475435,0.5531468693970363,3.7585771691463448,Annihilation (2018),Adventure|Mystery|Sci-Fi|Thriller,2798920,300668.0
6996,-1.6328914011166726,0.9714857772679901,1.9100904527724774,Highlander II: The Quickening (1991),Action|Sci-Fi,102034,8010.0
26578,0.03746340164835183,0.3767266830866406,3.6903536042135436,"Sacrifice, The (Offret - Sacraficatio) (1986)",Drama,91670,24657.0
142550,-0.2656301020736513,0.2586398362296078,2.5638820638820636,Ryuzo and the Seven Henchmen (2015),Action|Comedy,4176776,315841.0
5588,0.0655147142364909,0.331565281332469,3.7885012934859272,"Hills Have Eyes, The (1977)",Horror,77681,12262.0
4325,-0.024806928863153912,0.21322145999044154,3.4745656006043815,"Night, The (Notte, La) (1960)",Drama,54130,41050.0
8531,-0.20458191188683464,0.31236750337880986,2.9359692854750508,White Chicks (2004),Action|Comedy|Crime,381707,12153.0
70641,0.0047549954502573,0.02967852232720984,3.7511258091753445,Miss March (2009),Comedy,1151922,19556.0
91323,0.03443351777746714,0.02967852232720984,4.7511258091753445,"Sitter, The (2011)",Comedy,1366344,57431.0
2344,-0.872684643646408,2.785408388243721,3.2776032764620178,Runaway Train (1985),Action|Adventure|Drama|Thriller,89941,11893.0
8121,-0.7855309430912549,0.3143157705820882,1.0917314593301435,"Seducing Doctor Lewis (Grande séduction, La) (2003)",Comedy,366532,41277.0
86644,-3.845136441709896,1.3701069181850656,0.784459177639973,"Fast Five (Fast and the Furious 5, The) (2011)",Action|Crime|Drama|Thriller|IMAX,1596343,51497.0
4450,1.308411532017755,0.9392057659013983,4.984013328042913,Bully (2001),Crime|Drama|Thriller,242193,9517.0
3474,0.19811871665951905,0.40536541607612603,4.079650134921373,Retroactive (1997),Sci-Fi|Thriller,117468,26689.0
161594,0.12297197884122305,0.5992089150808684,3.796132971506106,Kingsglaive: Final Fantasy XV (2016),Action|Adventure|Animation|Drama|Fantasy|Sci-Fi,5595168,390734.0
168090,-0.17663247869921114,0.5992089150808684,3.296132971506106,Kizumonogatari II: Passionate Blood (2016),Animation|Fantasy|Mystery,5084196,362584.0
2575,-0.08467029797800674,0.14980468930279908,3.0257045010389882,"Dreamlife of Angels, The (Vie rêvée des anges, La) (1998)",Drama,120449,9840.0
62344,0.014010789778491682,0.3866977978863687,3.627140974967062,Rachel Getting Married (2008),Drama|Romance,1084950,14976.0
103137,-1.0751616284047798,0.7463064569029816,2.150265480686985,"Bling Ring, The (2013)",Crime|Drama,2132285,96936.0
2633,-0.004256389495519021,0.2880656404697197,3.5761333283829577,"Mummy, The (1932)",Horror|Romance,23245,15849.0
7261,-0.11152640810257329,0.08917974377033226,2.3403290445053786,Barbershop 2: Back in Business (2004),Comedy,337579,21301.0
2170,-0.5842889684006062,0.5278658926189377,2.4840200560791783,Wrongfully Accused (1998),Action|Comedy,120901,9417.0
3192,0.02852235303321302,0.026243169571654894,4.677757726144823,"Terrorist, The (a.k.a. Malli) (Theeviravaathi) (1998)",Drama,169302,48233.0
1644,-2.4426956547323613,4.076816706718076,2.991741693781055,I Know What You Did Last Summer (1997),Horror|Mystery|Thriller,119345,3597.0
442,-3.931063542684172,12.794467658952408,3.2836619550789754,Demolition Man (1993),Action|Adventure|Sci-Fi,106697,9739.0
1608,-0.14578821495599098,6.800664185531359,3.5694717414122343,Air Force One (1997),Action|Thriller,118571,9772.0
3032,0.5361199699060737,1.0425215189430384,4.105162235966105,"Omega Man, The (1971)",Action|Drama|Sci-Fi|Thriller,67525,11234.0
103810,4.92412841720212e-05,0.11136193545034909,3.591351264296011,Red 2 (2013),Action|Comedy|Crime|Thriller,1821694,146216.0
3272,-1.0140921963435185,1.2029695613913989,2.7479183545760932,Bad Lieutenant (1992),Crime|Drama,103759,12143.0
1399,-1.0809282916280905,0.8996331941516589,2.389387961347625,Marvin's Room (1996),Drama,116999,9819.0
32657,0.1516493552144027,0.31031617642776943,4.079602129603131,"Man Who Planted Trees, The (Homme qui plantait des arbres, L') (1987)",Animation|Drama,93488,49565.0
100498,-0.5945369018019632,0.640903708702536,2.663255070922905,"Good Day to Die Hard, A (2013)",Action|Crime|Thriller|IMAX,1606378,47964.0
2380,-1.323082072429273,1.6188465417143696,2.773609835954313,Police Academy 3: Back in Training (1986),Comedy|Crime,91777,12118.0
60487,0.469520062709123,0.38352150742337915,4.8151430741959995,"It's the Great Pumpkin, Charlie Brown (1966)",Animation|Children|Comedy,60550,13353.0
3978,0.08715889347129369,1.2672922812026335,3.6596847749119807,"Legend of Bagger Vance, The (2000)",Drama|Romance,146984,4958.0
4877,-0.002638556926987155,0.009909334509698407,3.3246392496392496,Better Than Sex (2000),Comedy|Romance,236019,27444.0
67087,1.4866510793788539,3.3763065826407495,4.031227836553357,"I Love You, Man (2009)",Comedy,1155056,16538.0
93272,-0.15649518234415993,0.7969410911482384,3.394539266235249,Dr. Seuss' The Lorax (2012),Animation|Fantasy|Musical|IMAX,1482459,73723.0
3197,0.31628350770888103,1.4751107206494323,3.805322492751655,"Presidio, The (1988)",Action|Crime|Romance|Thriller,95897,11851.0
5621,-1.2130513781507526,0.8619814604973101,2.183626644891172,"Tuxedo, The (2002)",Action|Comedy,290095,10771.0
8238,-0.39495002018845515,0.2586398362296078,2.0638820638820636,Little Murders (1971),Comedy|Crime,67350,27459.0
51167,-0.2656301020736513,0.2586398362296078,2.5638820638820636,My Father and My Son (Babam ve oglum) (2005),Drama,476735,13393.0
147936,-0.2656301020736513,0.2586398362296078,2.5638820638820636,The Lord's Lantern in Budapest (1999),Comedy|Drama,185534,104515.0
1137,0.07407407336439699,0.999999990419355,3.6649831649831652,Hustler White (1996),Romance,116587,44497.0
4304,0.08343387010050854,0.13805604405120123,4.195256916996048,Startup.com (2001),Documentary,256408,14268.0
147282,-0.024806928863153912,0.21322145999044154,3.4745656006043815,What Men Still Talk About (2011),Comedy,1863347,83456.0
7008,-0.5943250162535731,0.8213138439049784,2.8672819163958443,Last Tango in Paris (Ultimo tango a Parigi) (1972),Drama|Romance,70849,1643.0
107630,-0.43636832245800494,0.6815297010190097,2.950631313131313,High School (2010),Comedy,1247667,27584.0
4936,0.3333171248553747,0.4438728048816621,4.341838458938831,Fame (1980),Drama|Musical,80716,3537.0
39449,-0.11467868022926594,0.4537670384834418,3.338183197436221,Prime (2005),Comedy|Drama|Romance,387514,2313.0
107314,0.0031203290079379093,0.03439295973193781,3.681634897360704,Oldboy (2013),Action|Drama|Mystery,1321511,87516.0
8880,-0.1532898299990983,1.3482727883109868,3.477215607418166,Mask (1985),Drama,89560,11177.0
97168,-0.2584836188819675,0.3881135418648161,2.924909090909091,Marley (2012),Documentary,1183919,90125.0
43869,-0.03489684528963725,0.23906605052316435,3.444937526928048,Curious George (2006),Adventure|Animation|Children|Comedy,381971,9975.0
87522,0.10874245022359214,0.15569545040039195,4.289339584182633,Larry Crowne (2011),Comedy|Drama|Romance,1583420,59861.0
4757,-0.013978733598475934,0.3236288627041105,3.547715373631604,Rock Star (2001),Comedy|Drama|Musical,202470,12508.0
348,1.4764106506046313,5.787350060201238,3.846019052333006,Bullets Over Broadway (1994),Comedy,109348,11382.0
218,0.32362429560374495,2.239723335883912,3.735402069313509,Boys on the Side (1995),Comedy|Drama,112571,9382.0
440,0.33292755770749566,14.198298251320505,3.61435750365648,Dave (1993),Comedy|Romance,106673,11566.0
1682,4.391039360634276,20.165823208949266,3.8086556869759254,"Truman Show, The (1998)",Comedy|Drama|Sci-Fi,120382,37165.0
3022,2.014260849541194,1.7677962830366427,4.730328190762149,"General, The (1926)",Comedy|War,17925,961.0
79702,-0.36601124119300643,6.151621357766006,3.5314107538193182,Scott Pilgrim vs. the World (2010),Action|Comedy|Fantasy|Musical|Romance,446029,22538.0
1663,1.0999943227347213,4.34944309552285,3.8438137268766273,Stripes (1981),Comedy|War,83131,10890.0
2455,-0.0991831053998444,5.12773248858865,3.5715666026610067,"Fly, The (1986)",Drama|Horror|Sci-Fi|Thriller,91064,9426.0
3484,-0.6394429873199415,1.2180630867863913,3.0659420393198498,"Skulls, The (2000)",Thriller,192614,11478.0
8574,0.22550522403972753,0.08168341312313925,6.351631438538888,"Claymation Christmas Celebration, A (1987)",Animation|Children|Comedy|Musical,272045,21386.0
117922,-0.0195450153296902,0.08168341312313925,3.3516314385388877,Ice Age: A Mammoth Christmas (2011),Adventure|Animation|Children,2100546,79218.0
55908,-0.25054455355141936,1.2961704519600918,3.397613098724929,"Man from Earth, The (2007)",Drama|Sci-Fi,756683,13363.0
4487,-0.19842487138185835,0.49080525990849405,3.186624769630927,Cocktail (1988),Drama|Romance,94889,7520.0
280,1.046170681628226,2.2680169745584893,4.05218018956649,Murder in the First (1995),Drama|Thriller,113870,8438.0
2956,0.8941782926186117,2.3942993300771382,3.9643704544846314,Someone to Watch Over Me (1987),Action|Crime|Thriller,94008,31650.0
2471,1.8245391239023396,4.328471181478548,4.012429541757767,Crocodile Dundee II (1988),Action|Adventure|Comedy,92493,9396.0
3786,0.07324364550884183,0.20341857179096617,3.950972800254702,But I'm a Cheerleader (1999),Comedy,179116,20770.0
99106,0.9704691800148996,0.438748176110073,5.802813852813853,"Guilt Trip, The (2012)",Comedy,1694020,82687.0
2318,1.3342757904907625,2.6313859762355096,4.097971073659182,Happiness (1998),Comedy|Drama,147612,10683.0
2383,-0.592707011334132,0.3957190631309445,2.0931116215513823,Police Academy 6: City Under Siege (1989),Comedy|Crime,98105,11895.0
6375,-0.13792519857005614,0.45861451853584057,3.2901658893846557,Gigantic (A Tale of Two Johns) (2002),Documentary,304081,30055.0
2337,-0.344651200879673,0.6183448015782367,3.033532041728763,Velvet Goldmine (1998),Drama,120879,1808.0
6060,0.3167468342872537,0.6429136487763588,4.0835830835830835,"Guru, The (2002)",Comedy|Romance,280720,9027.0
120138,0.18841453112728762,0.21322145999044154,4.4745656006043815,PK (2014),Comedy|Drama|Fantasy|Mystery|Romance,2338151,297222.0
7285,0.09888787543980802,0.36297190249444633,3.8633485683458355,Thirteen (2003),Drama,328538,11023.0
5992,2.079488796156156,1.896512674993101,4.687389395826495,"Hours, The (2002)",Drama|Romance,274558,590.0
3572,-0.9417387477265078,0.769929963938988,2.367760503590135,Carnosaur (1993),Horror|Sci-Fi,106521,39283.0
5612,-0.612612115492733,0.40536541607612603,2.079650134921373,Trapped (2002),Action|Thriller,280380,9039.0
7812,-0.023356961515060868,0.2930236990071276,3.5111989459815547,Babylon 5: Thirdspace (1998),Drama|Sci-Fi,121804,10941.0
92507,-0.0703715526198308,0.35819291503816547,3.3944463758039283,Safe House (2012),Action|Crime|Mystery|Thriller,1599348,59961.0
107953,0.10872490489925193,0.35819291503816547,3.8944463758039283,Dragon Ball Z: Battle of Gods (2013),Action|Animation|Fantasy|IMAX,2263944,126963.0
6,1.1225291551573244,18.292075114631984,3.6522760571019752,Heat (1995),Action|Crime|Thriller,113277,949.0
1089,5.30444621739386,20.129027673513026,3.854431318779728,Reservoir Dogs (1992),Crime|Mystery|Thriller,105236,500.0
99114,-0.4543994304026434,12.045344351579004,3.5531850195052646,Django Unchained (2012),Action|Drama|Western,1853728,68718.0
474,2.4906621006219933,12.544590636485536,3.7894538001623355,In the Line of Fire (1993),Action|Thriller,107206,9386.0
16,1.8071005291749178,13.548170354109256,3.7242924542668456,Casino (1995),Crime|Drama,112641,524.0
86,0.27532020103573995,2.7796622334498933,3.6899571686656585,White Squall (1996),Action|Adventure|Drama,118158,10534.0
78772,-0.722802364290165,1.5535838415905086,3.1256607116840702,"Twilight Saga: Eclipse, The (2010)",Fantasy|Romance|Thriller|IMAX,1325004,24021.0
1267,1.206267965436464,3.2195493333411545,3.9655789097388694,"Manchurian Candidate, The (1962)",Crime|Thriller|War,56218,982.0
1100,-2.472360925339692,2.7733160823596656,2.699427250427319,Days of Thunder (1990),Action|Drama|Romance,99371,2119.0
122926,0.38317694247664935,1.994092089974849,3.783065182597656,Untitled Spider-Man Reboot (2017),Action|Adventure|Fantasy,2250912,202249.0
171023,0.0772189641468363,0.28820758365585,3.8588373777616805,The Hero (2017),Drama,5655222,425751.0
148675,0.10298010435501867,0.08168341312313925,4.851631438538888,North Pole: Open For Christmas (2015),Children|Fantasy,4843046,369879.0
2433,-0.6374543730627893,1.2666341685020819,3.0876427264649347,"Civil Action, A (1998)",Drama,120633,9422.0
104283,0.06984555408233584,0.09709471643732787,4.310263929618769,"Wind Rises, The (Kaze tachinu) (2013)",Animation|Drama|Romance,2013293,149870.0
2102,0.2274475680653944,0.6749671860882103,3.9278848324759847,Steamboat Willie (1928),Animation|Children|Comedy|Musical,19422,53565.0
6755,0.3281568091177768,0.9888825188509063,3.9227551928091415,Bubba Ho-tep (2002),Comedy|Horror,281686,9707.0
6244,-0.04434039948371502,0.16350522309619905,3.3197226502311246,Salaam Bombay! (1988),Drama,96028,45129.0
90405,0.19059834879601234,1.9674929913795367,3.687782802597574,In Time (2011),Crime|Sci-Fi|Thriller,1637688,49530.0
46105,-0.2656301020736513,0.2586398362296078,2.5638820638820636,I Am a Sex Addict (2005),Comedy|Documentary|Romance,428649,17628.0
81537,-0.6448808597286555,1.395914012276408,3.128931595119786,Due Date (2010),Comedy,1231583,41733.0
84944,-0.6958457552564592,1.1614940212178377,2.99181366506535,Rango (2011),Action|Adventure|Animation|Children|Comedy|Western,1192628,44896.0
163072,0.18841453112728762,0.21322145999044154,4.4745656006043815,Winnie Pooh (1969),Animation|Children,211729,36161.0
170897,-0.03976278804055746,0.02967852232720984,2.2511258091753445,Sandy Wexler (2017),Comedy,5893332,419700.0
92694,-0.43636832245800494,0.6815297010190097,2.950631313131313,Perfect Sense (2011),Drama|Romance|Sci-Fi,1439572,51999.0
8199,-0.7855309430912549,0.3143157705820882,1.0917314593301435,Ugetsu (Ugetsu monogatari) (1953),Drama|Thriller,46478,14696.0
2210,0.15488592439477689,0.5308639134158237,3.882671104639068,Sabotage (1936),Thriller,28212,12684.0
760,0.19811871665951905,0.40536541607612603,4.079650134921373,Stalingrad (1993),Drama|War,108211,11101.0
189333,-0.1415119772071941,0.7425005611682978,3.400320713461227,Mission: Impossible - Fallout (2018),Action|Adventure|Thriller,4912910,353081.0
193565,0.12297197884122305,0.5992089150808684,3.796132971506106,Gintama: The Movie (2010),Action|Animation|Comedy|Sci-Fi,1636780,71172.0
95207,-0.24946801013891354,0.35819291503816547,2.8944463758039283,Abraham Lincoln: Vampire Hunter (2012),Action|Fantasy|Horror|Thriller,1611224,72331.0
131656,-0.07049570438412742,0.15827422661726676,3.1455067920585162,Shaun the Sheep Movie (2015),Adventure|Animation|Children|Comedy,2872750,263109.0
4030,-0.3359096084009526,0.19350923728126776,1.8550249898689717,Dracula 2000 (2000),Horror,219653,10577.0
42285,-0.045645752479050915,0.19350923728126776,3.355024989868972,"Dentist, The (1996)",Horror|Thriller,116075,9568.0
2470,-2.409051207040767,8.602268172925566,3.3108607177808365,Crocodile Dundee (1986),Adventure|Comedy,90555,9671.0
168,1.715202820233341,11.357543748099719,3.741927907853584,First Knight (1995),Action|Drama|Romance,113071,6520.0
205,-0.017124650109347467,1.5059212775228017,3.579537546881559,Unstrung Heroes (1995),Comedy|Drama,114798,52856.0
852,0.7574394594526569,8.95480263868888,3.67549380930145,Tin Cup (1996),Comedy|Drama|Romance,117918,10478.0
56949,-0.3600549287057975,3.5637163737689415,3.489875537465833,27 Dresses (2008),Comedy|Romance,988595,6557.0
101864,-0.7173117857842959,1.73787538258402,3.1781569494306057,Oblivion (2013),Action|Adventure|Sci-Fi|IMAX,1483013,75612.0
103253,-0.25039850145184434,1.4612619925350667,3.4195513859040894,Elysium (2013),Action|Drama|Sci-Fi|IMAX,1535108,68724.0
2699,-4.0788778634672465,8.516239938608146,3.1119561852992144,Arachnophobia (1990),Comedy|Horror,99052,6488.0
1952,0.9103466521315111,2.9599838930621925,3.898460309098231,Midnight Cowboy (1969),Drama,64665,3116.0
4220,0.10044451002419104,0.7344513098667612,3.727670382876033,"Longest Yard, The (1974)",Comedy,71771,4985.0
4565,-0.4382411013683102,0.27986369318150434,2.025,American Ninja (1985),Action|Adventure,88708,12500.0
4914,0.29357146518043825,0.29700740382850715,4.579340562300785,Breathless (À bout de souffle) (1960),Crime|Drama|Romance,53472,269.0
55442,1.8511177250978235,1.8779494611875718,4.576621307002073,Persepolis (2007),Animation|Drama,808417,2011.0
176621,0.3809694885003682,0.2586398362296078,5.063882063882064,Boniface's Holiday (1965),Animation|Children|Comedy|Romance,1332537,77557.0
69134,0.027216394380588038,0.7505485824794405,3.627171093151076,Antichrist (2009),Drama|Fantasy,870984,17609.0
172909,0.18841453112728762,0.21322145999044154,4.4745656006043815,Cheburashka (1971),Animation,201520,213313.0
123200,0.03443351777746714,0.02967852232720984,4.7511258091753445,Jim Jefferies: I Swear to God (2009),Comedy,1439235,31981.0
114184,-0.3474365702734626,0.5133942447339824,2.914164904862579,Camp X-Ray (2014),Drama,2994190,244506.0
5016,0.014109368424430418,0.8432427063893584,3.6076413653984187,"Shipping News, The (2001)",Drama,120824,6440.0
150596,0.12315488798850294,0.2930236990071276,4.011198945981555,Doctor Who: The Husbands of River Song (2015),Comedy|Drama|Sci-Fi,4701546,371759.0
5382,-0.06775814833970856,0.06012854450521054,2.464020873386432,Every Which Way But Loose (1978),Comedy,77523,15417.0
178061,-0.16119813674669958,0.5373271224889989,3.290909090909091,"I, Tonya (2017)",Drama,5580036,389015.0
121171,0.008641408924505965,0.15827422661726676,3.6455067920585162,Red Army (2014),Documentary,3264102,256876.0
140725,0.008641408924505965,0.15827422661726676,3.6455067920585162,Cop Car (2015),Crime|Thriller,3813310,310133.0
146024,0.008641408924505965,0.15827422661726676,3.6455067920585162,A Man from Boulevard des Capucines (1987),Comedy|Romance|Western,92745,45227.0
4966,-0.03489684528963725,0.23906605052316435,3.444937526928048,"Incredible Shrinking Man, The (1957)",Sci-Fi|Thriller,50539,31682.0
165549,-0.2804961757773878,0.15569545040039195,1.7893395841826332,Manchester by the Sea (2016),Drama,4034228,334541.0
3,1.9030646243970692,11.938943799797414,3.750308838182326,Grumpier Old Men (1995),Comedy|Romance,113228,15602.0
1834,0.8112404072570027,1.8439940801465713,4.030845648185089,"Spanish Prisoner, The (1997)",Crime|Drama|Mystery|Thriller,120176,29193.0
1082,-0.010646085611963146,1.187115940823639,3.5819410657601938,"Candidate, The (1972)",Drama,68334,21711.0
2877,-0.13870566602205428,0.5317050530845417,3.3300395256916997,Tommy (1975),Musical,73812,11326.0
2422,-2.323460713875127,1.8435192498691721,2.330569273985555,"Karate Kid, Part III, The (1989)",Action|Adventure|Children|Drama,97647,10495.0
112421,0.15902276527890313,0.5014290436462915,3.9080482101801275,Frank (2014),Comedy|Drama|Mystery,1605717,171372.0
1218,-0.08695267491378872,2.067758914428386,3.548857440541608,"Killer, The (Die xue shuang xiong) (1989)",Action|Crime|Drama|Thriller,97202,10835.0
1242,3.930580431771356,8.360686638857556,4.061035601033677,Glory (1989),Drama|War,97441,9665.0
5004,0.021298195863671907,0.09709471643732787,3.810263929618768,"Party, The (1968)",Comedy,63415,10794.0
58347,0.2250268500039313,0.3744966292228079,4.1917872629528,Penelope (2006),Comedy|Fantasy|Romance,472160,7985.0
164200,-0.2656301020736513,0.2586398362296078,2.5638820638820636,Storks (2016),Animation|Children|Comedy,4624424,332210.0
6219,-0.2338682402100123,0.5415515584036217,3.159060568675297,"Hunted, The (2003)",Action|Drama|Thriller,269347,10632.0
81156,0.021852992191834047,0.1735030418463384,3.716860728178874,Jackass 3D (2010),Action|Comedy|Documentary,1116184,16290.0
4738,0.305197952749082,1.0868951170951358,3.8717070703542116,Happy Accidents (2000),Romance|Sci-Fi,208196,22230.0
5357,-0.16668290861821408,0.4371531323707889,3.209617281985633,Iron Will (1994),Adventure,110157,24767.0
2879,-1.196552446127481,0.9932604472953688,2.386237698440305,Armour of God II: Operation Condor (Operation Condor) (Fei ying gai wak) (1991),Action|Adventure|Comedy,99558,10975.0
178,-2.329099578228985,0.8496715199547799,0.8497326203208555,Love & Human Remains (1993),Comedy|Drama,107447,15730.0
100611,0.12315488798850294,0.2930236990071276,4.011198945981555,Escape from Planet Earth (2013),Adventure|Animation|Comedy|Sci-Fi,765446,68179.0
2537,-0.8749811596743896,0.7141767716718875,2.3657486063051754,Beyond the Poseidon Adventure (1979),Adventure,78856,31638.0
95309,0.28782136241833467,0.35819291503816547,4.394446375803929,Seeking a Friend for the End of the World (2012),Comedy|Drama|Romance,1307068,88005.0
7564,0.23725544986527589,0.32055847448463937,4.33104066985646,Kwaidan (Kaidan) (1964),Horror,58279,30959.0
3908,-0.4326642270415864,0.19350923728126776,1.355024989868972,Urban Legends: Final Cut (2000),Horror,192731,12212.0
4091,0.1903453095489437,0.19862119257281077,4.549242424242424,Can't Buy Me Love (1987),Comedy|Romance,92718,12919.0
998,-0.20428656058388536,0.33435665533766995,2.979925109215727,Set It Off (1996),Action|Crime,117603,9400.0
867,-0.15140500080776512,0.30671722744282753,3.0972785176606834,Carpool (1996),Comedy|Crime,115836,23945.0
49272,4.664553935967948,11.820481817145692,3.9855253179060295,Casino Royale (2006),Action|Adventure|Thriller,381061,36557.0
3893,-0.30667581735514704,1.5130493587306006,3.3882218384506264,Nurse Betty (2000),Comedy|Crime|Drama|Romance|Thriller,171580,10480.0
8784,0.786948322324238,6.267612116114178,3.7164670079826405,Garden State (2004),Comedy|Drama|Romance,333766,401.0
328,-0.18421104138010413,1.098883759015316,3.4232743980957476,Tales from the Crypt Presents: Demon Knight (1995),Horror|Thriller,114608,9059.0
1783,-0.9792106868144891,0.9054826236875924,2.5094850401342255,Palmetto (1998),Crime|Drama|Mystery|Romance|Thriller,120782,30949.0
2040,-0.9790287674576168,2.1036355609725925,3.125510622837476,"Computer Wore Tennis Shoes, The (1969)",Children|Comedy,65566,29228.0
60674,-0.10739819701659606,0.20646533659176985,3.0707336523125996,Stargate: Continuum (2008),Sci-Fi,929629,12914.0
308,0.8889510659424561,3.3628368393353676,3.855254674240499,Three Colors: White (Trzy kolory: Bialy) (1994),Comedy|Drama,111507,109.0
1934,-0.18270690144882534,0.2085838445724787,2.7149692412850306,You Can't Take It with You (1938),Comedy|Romance,30993,34106.0
1646,-1.7602509133405742,1.498824817676658,2.4164883763727816,RocketMan (a.k.a. Rocket Man) (1997),Children|Comedy|Romance|Sci-Fi,120029,36797.0
1956,0.41787944954700906,0.593842665598563,4.29459623525701,Ordinary People (1980),Drama,81283,16619.0
34153,-0.0075932241818363585,0.009909334509698407,2.8246392496392496,Murderball (2005),Documentary,436613,14278.0
6764,-0.13993199825694266,1.046238596792338,3.4571613982833744,"Rundown, The (2003)",Action|Adventure|Comedy,327850,10159.0
6579,0.6382036586754332,0.6429136487763588,4.5835830835830835,"One, Two, Three (1961)",Comedy,55256,430.0
130976,0.08180380113206685,0.21322145999044154,3.9745656006043815,Legend No. 17 (2013),Drama,2182001,184155.0
71530,0.442853708281437,1.669413254196215,3.856184155167917,Surrogates (2009),Action|Sci-Fi|Thriller,986263,19959.0
3557,0.02144041957727405,1.1947919078069373,3.6088539894618674,Jennifer 8 (1992),Mystery|Thriller,104549,10424.0
78316,-0.9797783302620569,0.4216015845370063,1.2669654289372598,Letters to Juliet (2010),Drama|Romance,892318,37056.0
1627,0.9042204085176819,1.0597908492230939,4.444115560072835,U Turn (1997),Crime|Drama|Mystery,120399,10155.0
33903,-0.09980495186614873,0.24396766011725238,3.1818181818181817,"Edukators, The (Die Fetten Jahre sind vorbei) (2004)",Comedy|Crime|Drama|Romance,408777,276.0
5325,0.023958361654669066,0.43160858564778093,3.6464185558533786,Dogtown and Z-Boyz (2001),Documentary,275309,1282.0
6334,-0.40992940745467,0.40536541607612603,2.579650134921373,Blue Car (2002),Drama,290145,46989.0
165635,1.620994266543394,0.5992089150808684,6.296132971506106,The Thinning (2016),Thriller,5254868,419639.0
188751,-0.0312726307239999,0.03439295973193781,2.681634897360704,Mamma Mia: Here We Go Again! (2018),Comedy|Romance,6911608,458423.0
1130,-0.1502625889911464,0.42840325484202435,3.2401587469450694,"Howling, The (1980)",Horror|Mystery,82533,11298.0
32589,-0.11152640810257329,0.08917974377033226,2.3403290445053786,Beauty Shop (2005),Comedy,388500,14177.0
86295,-0.24946801013891354,0.35819291503816547,2.8944463758039283,Scream 4 (2011),Comedy|Horror|Mystery|Thriller,1262416,41446.0
112070,-0.0703715526198308,0.35819291503816547,3.3944463758039283,Maps to the Stars (2014),Drama,2172584,157851.0
78041,-0.045645752479050915,0.19350923728126776,3.355024989868972,Killers (2010),Action|Comedy,1103153,37821.0
2852,0.2041692052335271,0.23906605052316435,4.444937526928048,"Soldier's Story, A (1984)",Drama,88146,26522.0
33677,0.030894725023396154,0.15569545040039195,3.7893395841826334,Rock School (2005),Documentary,436727,23825.0
1275,-0.6309704149411982,8.653374942911276,3.5179929837134725,Highlander (1986),Action|Adventure|Fantasy,91203,8009.0
4347,0.2072878856980633,0.505530269596893,4.000949593257948,Divided We Fall (Musíme si pomáhat) (2000),Comedy|Drama,234288,29937.0
839,-1.1985116719338138,1.899851430415727,2.9600641454853562,"Crow: City of Angels, The (1996)",Action|Thriller,115986,10546.0
8666,-2.146988523207717,1.1194319526373349,1.67298230835701,Catwoman (2004),Action|Crime|Fantasy,327554,314.0
137595,0.2081463858257001,0.2885197427286932,4.312337662337662,Magic Mike XXL (2015),Comedy|Drama,2268016,264999.0
5120,0.19651582711160737,0.5014290436462915,3.9828206277490468,Sleuth (1972),Comedy|Mystery|Thriller,69281,993.0
3708,-0.2867324207989367,1.3105654756286713,3.372123821396789,Firestarter (1984),Horror|Thriller,87262,11495.0
6711,2.7291809250079164,10.623485628744154,3.847809793784193,Lost in Translation (2003),Comedy|Drama|Romance,335266,153.0
2686,0.12869621131360107,3.3805316095620768,3.628978905416837,"Red Violin, The (Violon rouge, Le) (1998)",Drama|Mystery,120802,14283.0
39444,0.5968258093817831,1.00680536350465,4.183700737652266,"Weather Man, The (2005)",Comedy|Drama,384680,6963.0
52042,-0.10739819701659606,0.20646533659176985,3.0707336523125996,Black Book (Zwartboek) (2006),Drama|Thriller|War,389557,9075.0
2391,0.2245401749513708,3.9624917768482115,3.647575498714225,"Simple Plan, A (1998)",Crime|Drama|Thriller,120324,10223.0
27728,0.15460048799074017,0.3693233879778794,4.009513742071881,Ghost in the Shell 2: Innocence (a.k.a. Innocence) (Inosensu) (2004),Action|Animation|Drama|Sci-Fi|Thriller,347246,12140.0
112290,-0.364705283934585,2.0879842120388745,3.4162404886123054,Boyhood (2014),Drama,1065073,85350.0
3415,0.2001967134330666,0.31031617642776943,4.236046949133717,"Mirror, The (Zerkalo) (1975)",Drama,72443,1396.0
128695,-0.027249162354992026,0.09709471643732787,3.310263929618768,The Dark Valley (2014),Western,2650978,248933.0
1997,0.895421651766663,3.648938674829232,3.8363014451142674,"Exorcist, The (1973)",Horror|Mystery,70047,9552.0
3115,0.43462321741948573,0.6225875579465435,4.289000808085365,Flawless (1999),Drama,155711,31582.0
4681,0.1928052231528831,0.47540329509103496,3.9964704850848776,"War of the Roses, The (1989)",Comedy|Drama,98621,249.0
39446,-1.4288009752804307,1.551321693571333,2.669887370397238,Saw II (2005),Horror|Thriller,432348,215.0
20,-2.2555651698361197,2.943593669998955,2.8246466842376834,Money Train (1995),Action|Comedy|Crime|Drama|Thriller,113845,11517.0
164,-0.7110261825916345,2.4521443935631364,3.3009481145252884,Devil in a Blue Dress (1995),Crime|Film-Noir|Mystery|Thriller,112857,8512.0
6886,0.007298612380697842,0.061362407793274544,3.7098518221866237,Beyond Borders (2003),Drama|Romance|War,294357,9839.0
4645,0.15246189212610917,0.13805604405120123,4.695256916996048,Cure (1997),Crime|Horror|Thriller,123948,36095.0
7034,1.153093113164915,1.4976133296749343,4.360862916984611,Show Me Love (Fucking Åmål) (1998),Drama|Romance,150662,11634.0
112171,0.4502908500332089,0.8939661832490828,4.094609184347352,"Equalizer, The (2014)",Action|Crime|Thriller,455944,156022.0
3983,-0.097133992987023,0.4670522002152632,3.382936635277249,You Can Count on Me (2000),Drama|Romance,203230,14295.0
3167,-0.13165697434763826,0.3788501934091331,3.2433918489013576,Carnal Knowledge (1971),Comedy|Drama,66892,36492.0
3925,0.6030218070510086,0.43573342509710106,4.9748327752503325,Stranger Than Paradise (1984),Comedy|Drama,88184,469.0
147376,0.12315488798850294,0.2930236990071276,4.011198945981555,Doctor Who: A Christmas Carol (2010),Sci-Fi,1672218,315620.0
43679,-0.7338717517398348,1.0262050737220967,2.8757774173947066,Final Destination 3 (2006),Horror|Mystery|Thriller,414982,9286.0
86142,0.25917570876460366,0.3853231776323312,4.263528138528138,13 Assassins (Jûsan-nin no shikaku) (2010),Action,1436045,58857.0
429,-0.8370629344871469,0.47511072114872316,1.8290820109743435,Cabin Boy (1994),Comedy,109361,26391.0
34129,-0.022346664332241025,0.08917974377033226,3.3403290445053786,Rebound (2005),Comedy,376108,7233.0
50445,-0.06693653621740715,0.08917974377033226,2.8403290445053786,"Hitcher, The (2007)",Action|Horror|Thriller,455960,8398.0
7894,0.051108866161582965,0.19350923728126776,3.855024989868972,"Duck, You Sucker (1971)",Action|Western,67140,336.0
8225,0.14786348480221684,0.19350923728126776,4.355024989868972,Night of the Living Dead (1990),Horror,100258,19185.0
8578,0.051108866161582965,0.19350923728126776,3.855024989868972,Undead (2003),Action|Comedy|Horror|Sci-Fi,339840,8991.0
26242,0.051108866161582965,0.19350923728126776,3.855024989868972,Duel (1971),Action|Mystery|Thriller,67023,839.0
96121,-0.35834390097758373,0.15569545040039195,1.2893395841826334,Hope Springs (2012),Comedy|Drama,1535438,82696.0
470,-0.5386432159215553,0.33435665533766995,1.9799251092157268,House Party 3 (1994),Comedy,110064,16097.0
3667,-0.5386432159215553,0.33435665533766995,1.9799251092157268,Rent-A-Cop (1988),Action|Comedy|Crime,95977,80287.0
500,-2.094615688995396,22.97697066603727,3.499747565769857,Mrs. Doubtfire (1993),Comedy|Drama,107614,788.0
2193,-1.6454400244231693,5.471761348459626,3.2901942169158414,Willow (1988),Action|Adventure|Fantasy,96446,847.0
2351,-1.568444419086006,1.6295719845590235,2.628420514799677,"Nights of Cabiria (Notti di Cabiria, Le) (1957)",Drama,50783,19426.0
30816,-1.2618423303348736,1.6282584784109246,2.815944705913933,"Phantom of the Opera, The (2004)",Drama|Musical|Romance,293508,9833.0
5971,0.6165815444672973,4.227173841357731,3.7367705027192226,My Neighbor Totoro (Tonari no Totoro) (1988),Animation|Children|Drama|Fantasy,96283,8392.0
1171,0.08980302229088172,1.714473818334993,3.6432884397976575,Bob Roberts (1992),Comedy,103850,10608.0
61352,0.0626675507173801,0.29564508036210213,3.8028779511405064,Traitor (2008),Crime|Drama|Thriller,988047,13291.0
1353,0.774290301593938,2.252216350925696,3.934699464900334,"Mirror Has Two Faces, The (1996)",Comedy|Drama|Romance,117057,25189.0
3764,-0.6425276619521956,0.6142203485191743,2.5448225138341574,F/X2 (a.k.a. F/X 2 - The Deadly Art of Illusion) (1991),Action|Crime|Thriller,101846,16820.0
5339,-0.12972618453604248,0.40976467699503405,3.2743220549366985,Husbands and Wives (1992),Comedy|Drama,104466,28384.0
60126,0.26994468525755433,2.1556577843267677,3.716135222450123,Get Smart (2008),Action|Comedy,425061,11665.0
55620,-0.3197609661561544,0.3883498993784176,2.7675254189474003,For the Bible Tells Me So (2007),Documentary,912583,15651.0
118834,-0.39495002018845515,0.2586398362296078,2.0638820638820636,National Lampoon's Bag Boy (2007),Comedy,906325,24388.0
156025,-0.39495002018845515,0.2586398362296078,2.0638820638820636,Ice Age: The Great Egg-Scapade (2016),Adventure|Animation|Children|Comedy,5480340,387893.0
72104,0.08180380113206685,0.21322145999044154,3.9745656006043815,Balance (1989),Animation|Drama|Mystery|Sci-Fi|Thriller,96880,44338.0
54732,-0.2343999943100614,0.2231877596084776,2.540672309459908,Balls of Fury (2007),Comedy,424823,9750.0
144976,-0.01779112497798702,0.3848154439683154,3.5446762141967625,Bone Tomahawk (2015),Horror|Western,2494362,294963.0
2729,-0.14866371725206615,0.6663958003461962,3.3678228752174033,Lolita (1962),Drama|Romance,56193,802.0
169,-0.0866616650515088,1.1730456303839547,3.517031602423717,Free Willy 2: The Adventure Home (1995),Adventure|Children|Drama,113114,9073.0
5818,0.40080142469758206,0.40536541607612603,4.579650134921373,"Crime of Father Amaro, The (Crimen del padre Amaro, El) (2002)",Drama|Romance,313196,542.0
70533,0.12297197884122305,0.5992089150808684,3.796132971506106,Evangelion: 1.0 You Are (Not) Alone (Evangerion shin gekijôban: Jo) (2007),Action|Animation|Sci-Fi,923811,15137.0
37853,-0.022346664332241025,0.08917974377033226,3.3403290445053786,Into the Blue (2005),Action|Adventure|Crime|Thriller,378109,11968.0
97470,-0.35834390097758373,0.15569545040039195,1.2893395841826334,Catch .44 (2011),Action|Drama|Thriller,1886493,75736.0
359,-0.15140500080776512,0.30671722744282753,3.0972785176606834,I Like It Like That (1994),Comedy|Drama|Romance,110091,48992.0
1461,-1.20900580918363,1.7342230171687005,2.893763569707638,Vegas Vacation (National Lampoon's Las Vegas Vacation) (1997),Comedy,120434,11419.0
1994,-0.041941495113740436,6.51742340599379,3.5844738031425836,Poltergeist (1982),Horror|Thriller,84516,609.0
2026,-0.2741684456098742,0.45138271021953535,2.9835122203543256,Disturbing Behavior (1998),Horror|Thriller,134619,9424.0
2808,-3.5604431097856244,2.7440723137190006,2.293405708077241,Universal Soldier (1992),Action|Sci-Fi,105698,9349.0
59369,0.34775710329817927,5.4970162295181115,3.6541719754956015,Taken (2008),Action|Crime|Drama|Thriller,936501,8681.0
5577,-1.6125872060497712,2.0492861423909003,2.8040071679944276,Igby Goes Down (2002),Comedy|Drama,280760,9685.0
43396,0.3627119929443134,1.310184759326865,3.867749429924074,"World's Fastest Indian, The (2005)",Drama,412080,9912.0
97921,1.8362798512765415,4.281508491501193,4.019795277850344,Silver Linings Playbook (2012),Comedy|Drama,1045658,82693.0
166643,1.3912975148011169,2.3187867776642808,4.190920065701079,Hidden Figures (2016),Drama,4846340,381284.0
32875,0.021298195863671907,0.09709471643732787,3.810263929618768,Holiday (Jour de fête) (1949),Comedy,40497,4595.0
479,-1.848954884268855,1.5806892632641447,2.42119475980094,Judgment Night (1993),Action|Crime|Thriller,107286,6.0
2681,-0.23223310342709041,0.591138808723503,3.198051948051948,Free Enterprise (1998),Comedy|Romance|Sci-Fi,141105,13533.0
114935,-0.2841413812545204,1.8338854854969142,3.4359695467000213,Predestination (2014),Action|Mystery|Sci-Fi|Thriller,2397535,206487.0
7046,0.1698448282154301,0.33848146300132975,4.092693817048622,"Witches of Eastwick, The (1987)",Comedy|Fantasy|Horror|Thriller,94332,6069.0
5444,0.8737227392110465,2.067853548033631,4.013435502434651,Lilo & Stitch (2002),Adventure|Animation|Children|Sci-Fi,275847,11544.0
31049,0.0072707775827112525,0.009909334509698407,4.324639249639249,Out Cold (1989),Comedy|Thriller,98042,120328.0
1144,0.07407407336439699,0.999999990419355,3.6649831649831652,"Line King: The Al Hirschfeld Story, The (1996)",Documentary,116886,124829.0
5247,-0.096788776672066,0.7912138969522123,3.468579620907489,Smokey and the Bandit (1977),Action|Comedy,76729,11006.0
91976,0.1309741703566531,0.4128376907869618,3.9081625134514626,"Grey, The (2012)",Action|Drama,1601913,75174.0
36363,-0.11918625298782227,0.33865065947860007,3.23896454377215,Kin-Dza-Dza! (1986),Comedy|Drama|Sci-Fi,91341,20874.0
283,0.5224719987134578,1.1434512534290244,4.0478345585638325,New Jersey Drive (1995),Crime|Drama,113967,39310.0
80139,0.003627026462021149,0.2231877596084776,3.6071601006794465,Jackass 2.5 (2007),Comedy|Documentary,1117523,14158.0
4991,-0.1792460662593196,0.4034955143524205,3.146675983269726,Joe Somebody (2001),Comedy|Drama|Romance,279889,12312.0
5338,-0.4712151725091668,0.3143157705820882,2.0917314593301435,Full Moon in Blue Water (1988),Drama,95186,40555.0
2880,0.1928122672591828,0.6589037919576989,3.8835349182492394,Armour of God (Long xiong hu di) (1987),Action|Adventure|Comedy,91431,10974.0
5485,-0.2977962609662657,0.6810007676323317,3.153616983292783,Tadpole (2002),Comedy|Drama|Romance,271219,39141.0
25797,0.04537175957436369,0.3645872947131095,3.715355993563958,Gold Diggers of 1933 (1933),Musical,24069,31511.0
51925,-0.002756585492541999,0.8119599535216073,3.587514113754631,Premonition (2007),Drama|Fantasy|Mystery|Thriller,477071,9963.0
4644,-0.004563991378543954,0.40536541607612603,3.579650134921373,Bread and Tulips (Pane e tulipani) (2000),Comedy|Drama|Romance,237539,552.0
104303,0.37518819071574205,0.9873224569456844,3.9709148206241824,Jobs (2013),Drama,2357129,115782.0
32632,-0.037693876087103284,0.06012854450521054,2.964020873386432,Electra Glide in Blue (1973),Action|Crime,70022,26332.0
100163,-0.0703715526198308,0.35819291503816547,3.3944463758039283,Hansel & Gretel: Witch Hunters (2013),Action|Fantasy|Horror|IMAX,1428538,60304.0
2736,0.46442675009145457,0.33435665533766995,4.979925109215727,Brighton Beach Memoirs (1986),Comedy,90774,32060.0
3439,-1.7375618310581529,2.014251119956157,2.7282749268551205,Teenage Mutant Ninja Turtles II: The Secret of the Ooze (1991),Action|Children|Fantasy,103060,1497.0
2712,-1.5372846866274077,6.590781776610943,3.357661391511297,Eyes Wide Shut (1999),Drama|Mystery|Thriller,120663,345.0
340,0.05883744236638504,0.44762118867734313,3.7223538121481394,"War, The (1994)",Adventure|Drama|War,111667,19855.0
881,-1.1161111463974933,0.9516091749436307,2.418041935163554,First Kid (1996),Children|Comedy,116311,12559.0
431,0.9368474870095804,4.214525671702641,3.8131992274480146,Carlito's Way (1993),Crime|Drama,106519,6075.0
1245,1.8151924051965345,2.314699520263035,4.375111268905076,Miller's Crossing (1990),Crime|Drama|Film-Noir|Thriller,100150,379.0
76077,0.04934359037121038,1.5511179593215028,3.622720720756246,Hot Tub Time Machine (2010),Comedy|Sci-Fi,1231587,23048.0
122900,0.7852762530262973,3.9242549167646166,3.7910174604422617,Ant-Man (2015),Action|Adventure|Sci-Fi,478970,102899.0
162606,-0.1532362126254171,0.8413544530528863,3.408778703330593,The Accountant (2016),Crime|Drama|Thriller,2140479,302946.0
295,0.17721426460966114,0.45138271021953535,3.9835122203543256,"Pyromaniac's Love Story, A (1995)",Comedy|Romance,114210,2307.0
3497,-0.6361206589482978,0.9264934313682585,2.904319593983175,Max Dugan Returns (1983),Comedy,85919,1793.0
104211,-0.5605640982849991,1.933616899408003,3.301004664413531,We're the Millers (2013),Comedy|Crime,1723121,138832.0
117368,-0.0195450153296902,0.08168341312313925,3.3516314385388877,The Madagascar Penguins in a Christmas Caper (2005),Animation|Comedy,484439,10258.0
46976,-1.7232220175446369,6.918921331914098,3.3418497455460887,Stranger than Fiction (2006),Comedy|Drama|Fantasy|Romance,420223,1262.0
3791,0.6951822575804638,2.144039366365332,3.9151485934509527,Footloose (1984),Drama,87277,1788.0
7009,0.06109634825576506,0.2861804140200938,3.8043980134999824,Lorenzo's Oil (1992),Drama,104756,2007.0
8378,0.20229980787105872,0.20646533659176985,4.570733652312599,"Doctor, The (1991)",Drama,101746,26142.0
4564,0.4013499781762028,0.27986369318150434,5.025,Always (1989),Drama|Fantasy|Romance,96794,11352.0
1670,-0.35100634863686087,1.1901143164516983,3.2959741054335954,Welcome to Sarajevo (1997),Drama|War,120490,14905.0
114662,0.46284584021423786,3.034480896270109,3.7434379273183604,American Sniper (2014),Action|War,2179136,190859.0
4639,-1.3036612065433588,1.9181059193164733,2.9112483936479485,America's Sweethearts (2001),Comedy|Romance,265029,11467.0
73015,0.7379548135460905,0.6232271309427173,4.774995561005205,It's Complicated (2009),Comedy|Romance,1230414,22897.0
122092,-0.39495002018845515,0.2586398362296078,2.0638820638820636,Guy X (2005),Comedy|War,408828,14407.0
6963,0.08343387010050854,0.13805604405120123,4.195256916996048,Devil's Playground (2002),Documentary,293088,30068.0
62553,-0.0050731224169969944,0.05464477574879632,3.498070894622619,"Secret Life of Bees, The (2008)",Drama,416212,12837.0
2837,-0.3261668144891051,0.6429136487763588,3.0835830835830835,Bedrooms & Hallways (1998),Comedy|Romance,126810,40694.0
5373,-0.024806928863153912,0.21322145999044154,3.4745656006043815,"Cranes Are Flying, The (Letyat zhuravli) (1957)",Drama|Romance|War,50634,38360.0
73881,0.08180380113206685,0.21322145999044154,3.9745656006043815,3 Idiots (2009),Comedy|Drama|Romance,1187043,20453.0
5564,-0.6564814635564397,0.35330738503132036,1.7328062281618455,Swimfan (2002),Thriller,283026,20616.0
135532,0.16595767446051984,0.5133942447339824,3.914164904862579,The Last Witch Hunter (2015),Action|Adventure|Fantasy,1618442,274854.0
43836,1.1113396501017798,0.7707094447893419,5.032878769126207,"Pink Panther, The (2006)",Adventure|Comedy|Crime,383216,12096.0
73488,1.2674559300895192,0.6815297010190097,5.450631313131312,Blood: The Last Vampire (2009),Action|Horror|Thriller,806027,1450.0
179709,0.18467293710521326,0.23611754101309415,4.373031995937024,Wonder Wheel (2017),Drama,5825380,429189.0
33564,0.5278197525700671,0.9824763711205202,4.128143133462283,Divorce - Italian Style (Divorzio all'italiana) (1961),Comedy,55913,20271.0
692,-0.8370629344871469,0.47511072114872316,1.8290820109743435,Solo (1996),Action|Sci-Fi|Thriller,117688,29621.0
37380,-1.2377578040480661,0.9352913697342129,2.2675163556593185,Doom (2005),Action|Horror|Sci-Fi,419706,8814.0
73266,-0.5504730782475973,0.6112902172041307,2.690398886827458,Youth in Revolt (2009),Comedy|Drama|Romance,403702,22327.0
4074,-0.23130584768142254,0.41635052582656074,3.0353535353535355,"Legend of Rita, The (Stille nach dem Schuß, Die) (1999)",Drama,234805,10499.0
250,-0.38073718506802523,0.7946359383685427,3.111774978437772,Heavyweights (Heavy Weights) (1995),Children|Comedy,110006,14819.0
377,1.4608405387332941,32.53516879702571,3.635809443135536,Speed (1994),Action|Romance|Thriller,111257,1637.0
432,-4.8309955884800235,13.682685204843983,3.2378354422681253,City Slickers II: The Legend of Curly's Gold (1994),Adventure|Comedy|Western,109439,11310.0
136020,0.44198003094441535,0.6622518266480311,4.258298765289432,Spectre (2015),Action|Adventure|Crime,2379713,206647.0
3863,-0.9826555626286992,3.7305176767049186,3.327499117337633,"Cell, The (2000)",Drama|Horror|Thriller,209958,8843.0
33004,-0.5042460488482466,4.590145801473846,3.481055053443366,"Hitchhiker's Guide to the Galaxy, The (2005)",Adventure|Comedy|Sci-Fi,371724,7453.0
98809,1.0809357314460175,2.682223301097771,3.993908994386037,"Hobbit: An Unexpected Journey, The (2012)",Adventure|Fantasy|IMAX,903624,49051.0
1394,-0.9391129825964765,7.356185054710586,3.4632460460547327,Raising Arizona (1987),Comedy,93822,378.0
2867,0.30165068871269934,1.1554560632832354,3.851975433713643,Fright Night (1985),Comedy|Horror|Thriller,89175,11797.0
102481,-0.4497756488592251,1.6803371075621776,3.3232392008405696,"Internship, The (2013)",Comedy,2234155,116741.0
94,-0.010832823576962025,3.1442642744084988,3.5874638259340275,Beautiful Girls (1996),Comedy|Drama|Romance,115639,9283.0
3120,0.234644792804998,0.7549744143302275,3.90170742837747,"Distinguished Gentleman, The (1992)",Comedy,104114,10411.0
1273,-1.3823768420081453,1.8946985125696116,2.8613065537047153,Down by Law (1986),Comedy|Drama|Film-Noir,90967,1554.0
6239,-0.06214600764462927,0.33616076696049224,3.406039190097813,Journey to the Center of the Earth (1959),Adventure|Children|Sci-Fi,52948,11571.0
1301,0.6718988153607945,1.5138466929889178,4.03474453241883,Forbidden Planet (1956),Drama|Sci-Fi,49223,830.0
49649,-2.401669500214951,1.3424082203803056,1.8018337085082325,Eragon (2006),Action|Adventure|Fantasy,449010,2486.0
7411,-0.713762681491603,0.3145910539907577,1.3220502901353965,Munchies (1987),Comedy|Horror,93582,4365.0
2560,-0.7500374699738943,1.8799119005816618,3.1919342933444677,Ravenous (1999),Horror|Thriller,129332,10212.0
6595,-0.1172553128150497,1.371150406750295,3.5053930802382034,S.W.A.T. (2003),Action|Thriller,257076,9257.0
8147,0.08343387010050854,0.13805604405120123,4.195256916996048,Charly (1968),Drama|Sci-Fi,62794,29146.0
3690,-1.7264100438082044,1.2247929808795122,2.1813565618208806,Porky's Revenge (1985),Comedy,89826,23919.0
88108,0.04957165333179933,0.05464477574879632,4.498070894622619,Monte Carlo (2011),Adventure|Comedy|Romance,1067774,59860.0
149146,-0.09560347194850008,0.6815297010190097,3.450631313131313,Parasyte: Part 2 (2015),Horror|Sci-Fi,3345474,282070.0
3067,-0.9213252410529402,0.8367972584982305,2.4898953964971264,Women on the Verge of a Nervous Breakdown (Mujeres al borde de un ataque de nervios) (1988),Comedy|Drama,95675,4203.0
6322,-0.9068419024368706,0.5308639134158237,1.8826711046390678,Confidence (2003),Crime|Thriller,310910,10743.0
33669,-0.24844829588476436,0.4537670384834418,3.0433851968970527,"Sisterhood of the Traveling Pants, The (2005)",Adventure|Comedy|Drama,403508,9779.0
7981,0.09179778079133069,0.40834185248557453,3.8157152924594784,Infernal Affairs (Mou gaan dou) (2002),Crime|Drama|Thriller,338564,10775.0
3529,0.13559317622840678,0.5352392656539336,3.8442409836332625,"Postman Always Rings Twice, The (1981)",Crime|Thriller,82934,11027.0
26732,0.3236866939152567,0.3881135418648161,4.424909090909091,Johnny Stecchino (1991),Comedy,102164,12776.0
58627,0.022243207552925106,0.08917974377033226,3.8403290445053786,Never Back Down (2008),Action,1023111,8456.0
175569,0.28782136241833467,0.35819291503816547,4.394446375803929,Wind River (2017),Action|Crime|Mystery|Thriller,5362988,395834.0
3489,-1.0681820423612371,9.219502682865347,3.4750479561923044,Hook (1991),Adventure|Comedy|Fantasy,102057,879.0
920,0.7612426735234872,6.213897588177714,3.7134155633317767,Gone with the Wind (1939),Drama|Romance|War,31381,770.0
8957,-1.454542683382027,4.4293044414790845,3.262518323780808,Saw (2004),Horror|Mystery|Thriller,387564,176.0
3699,-0.6040877988757235,1.8902219953903252,3.271323454751587,Starman (1984),Adventure|Drama|Romance|Sci-Fi,88172,9663.0
26340,-0.0035102376312744904,0.29490487311358077,3.579006142021832,"Twelve Tasks of Asterix, The (Les douze travaux d'Astérix) (1976)",Action|Adventure|Animation|Children|Comedy|Fantasy,72901,9385.0
76093,2.2433368492503307,9.458320449310333,3.828090402461493,How to Train Your Dragon (2010),Adventure|Animation|Children|Fantasy|IMAX,892769,10191.0
91630,0.06352429103350889,0.9495331223328096,3.657809643969781,Mission: Impossible - Ghost Protocol (2011),Action|Adventure|Thriller|IMAX,1229238,56292.0
36517,-0.07106153582069649,1.6575102893993199,3.548036635591514,"Constant Gardener, The (2005)",Drama|Thriller,387131,1985.0
62849,0.2413115362004545,0.9812982834113431,3.8368195752947045,RocknRolla (2008),Action|Crime,1032755,13809.0
57,0.05053637337236615,1.1373810750434128,3.635341317258942,Home for the Holidays (1995),Drama,113321,9089.0
7980,0.08805225334752453,0.9485426442346068,3.683738078496228,"Bridge Too Far, A (1977)",Action|Drama|War,75784,5902.0
7028,-0.6004462055313629,1.7280603249431135,3.243440778105179,Quick Change (1990),Comedy|Crime,100449,10729.0
5553,0.15973247898287168,0.3242251050917866,4.083568285013299,Stakeout (1987),Comedy|Crime|Romance|Thriller,94025,10859.0
8807,1.1899269976149698,4.1698600443428075,3.8762728645036812,Harold and Kumar Go to White Castle (2004),Adventure|Comedy,366551,11282.0
149354,1.356615577644235,1.1499563994562925,4.770619537570941,Sisters (2015),Children|Comedy,1850457,266294.0
7669,1.5900171114901607,1.731666411124566,4.509109675776695,Pride and Prejudice (1995),Drama|Romance,112130,164721.0
78349,0.5679314948433749,1.1738936941099092,4.074710560916988,Exam (2009),Mystery|Thriller,1258197,29917.0
98361,0.03494875386403549,0.134171078052734,3.8513881328252584,Byzantium (2012),Drama|Fantasy|Thriller,1531901,102780.0
2384,0.531216627456189,3.4892141939453536,3.7431544384082445,Babe: Pig in the City (1998),Adventure|Children|Drama,120595,9447.0
33830,-0.2656301020736513,0.2586398362296078,2.5638820638820636,Herbie: Fully Loaded (2005),Adventure|Comedy|Romance,400497,11451.0
5246,-0.040710642188667365,0.6513702750186778,3.528409090909091,Smokey and the Bandit II (1980),Action|Comedy,81529,12705.0
92264,-0.01008426571334762,0.02967852232720984,3.2511258091753445,One for the Money (2012),Action|Comedy|Crime,1598828,54054.0
136598,0.4422490534413733,0.5430727670611922,4.4052549396883975,Vacation (2015),Adventure|Comedy,1524930,296099.0
147142,0.5859262290705096,0.6815297010190097,4.450631313131312,Those Happy Days (2006),Children|Comedy,478566,19100.0
133780,0.18467293710521326,0.23611754101309415,4.373031995937024,Güeros (2014),Comedy|Drama,3499048,256057.0
6002,-0.20724669941660698,0.40536541607612603,3.079650134921373,Love Liza (2002),Drama,282698,15395.0
8532,0.020024751942766275,0.02236610755453587,4.486225895316805,"Door in the Floor, The (2004)",Drama,348593,1944.0
84637,-0.24946801013891354,0.35819291503816547,2.8944463758039283,Gnomeo & Juliet (2011),Adventure|Animation|Children|Comedy|Fantasy|Romance,377981,45772.0
70984,-1.1617632954517279,0.6112902172041307,1.6903988868274584,Taking Woodstock (2009),Comedy,1127896,26320.0
647,-1.2845285183714836,6.487460329754704,3.3929073378224475,Courage Under Fire (1996),Action|Crime|Drama|War,115956,10684.0
1968,5.827503631764939,16.98957042408536,3.933913857145178,"Breakfast Club, The (1985)",Comedy|Drama,88847,2108.0
4166,-0.23130584768142254,0.41635052582656074,3.0353535353535355,Series 7: The Contenders (2001),Action|Drama,251031,19513.0
33162,-0.3263779872655774,1.68456271993283,3.39716267624393,Kingdom of Heaven (2005),Action|Drama|Romance|War,320661,1495.0
69844,2.2484625320905263,7.527689270439817,3.8896013524135507,Harry Potter and the Half-Blood Prince (2009),Adventure|Fantasy|Mystery|Romance|IMAX,417741,767.0
2694,-1.4952634027989067,7.087348259884798,3.3799326653167054,Big Daddy (1999),Comedy,142342,9032.0
116797,-0.09528100663975891,8.082451667401397,3.5791204640715124,The Imitation Game (2014),Drama|Thriller|War,2084970,205596.0
99532,0.1438218109165883,0.08168341312313925,5.351631438538888,"Misérables, Les (2000)",Drama|Romance,230534,193380.0
2405,-1.835135630973697,2.9153794744135455,2.961441933347089,"Jewel of the Nile, The (1985)",Action|Adventure|Comedy|Romance,89370,10303.0
53550,-0.10973955262836566,0.2288314441463057,3.1113440860306416,Rescue Dawn (2006),Action|Adventure|Drama|War,462504,9952.0
1615,-0.9769800936001024,1.7533549449147319,3.033702977889223,"Edge, The (1997)",Adventure|Drama,119051,9433.0
171763,-1.0128012098373178,1.8682784452288521,3.048805095423955,Baby Driver (2017),Action|Crime|Thriller,3890160,339403.0
89904,1.564553491452343,1.2446075713985254,4.847974793710741,The Artist (2011),Comedy|Drama|Romance,1655442,74643.0
5541,-0.09505632513914393,2.1206516019181136,3.5460849788045063,Hot Shots! (1991),Action|Comedy|Romance|War,102059,9595.0
179211,0.2564045658358216,0.28831835855681764,4.480219668006085,Christina P: Mother Inferior (2017),Comedy,7057376,480409.0
2782,0.2592320728572711,0.7369306974085951,3.9426817525295887,Pit and the Pendulum (1961),Horror,55304,28501.0
85401,-0.7179951914971152,1.0011065638145242,2.8737075287084273,Super (2010),Action|Comedy|Drama,1512235,45132.0
99636,0.14808739562845533,0.2641558949048122,4.151515151515151,English Vinglish (2012),Comedy|Drama,2181931,118628.0
161024,0.03443351777746714,0.02967852232720984,4.7511258091753445,Jim Jefferies: Freedumb (2016),Comedy,5849950,404022.0
44399,-0.9416472230789943,0.4034955143524205,1.2571849487949804,"Shaggy Dog, The (2006)",Adventure|Children|Comedy|Fantasy,393735,10067.0
72733,0.20531874259867744,0.4537670384834418,4.043385196897053,Invictus (2009),Drama,1057500,22954.0
6978,0.08647072188399435,0.6039866086489368,3.734075711899946,Slacker (1991),Comedy|Drama,102943,14022.0
148978,-0.17663247869921114,0.5992089150808684,3.296132971506106,Blue Exorcist: The Movie (2012),Animation|Fantasy|Horror|Mystery,3028018,201223.0
3932,-0.06070631186790997,0.12356151973114418,3.099604743083004,"Invisible Man, The (1933)",Horror|Sci-Fi,24184,10787.0
4544,0.09285315227049817,0.27322431470959174,3.93075129115101,Short Circuit 2 (1988),Comedy|Sci-Fi,96101,11966.0
6959,-0.17677653488346046,0.3282457942934966,3.0523598148583577,Timeline (2003),Action|Adventure|Sci-Fi,300556,9562.0
4852,0.442207790169406,0.6485714255817956,4.2727272727272725,Bones (2001),Horror,166110,11380.0
47254,-0.0703715526198308,0.35819291503816547,3.3944463758039283,Chaos (2005),Action|Crime|Drama|Thriller,402910,5289.0
6086,0.11884060606320951,0.09803193963190823,4.8031732418524875,"I, the Jury (1982)",Crime|Drama|Thriller,84112,37191.0
3871,0.10874245022359214,0.15569545040039195,4.289339584182633,Shane (1953),Drama|Western,46303,3110.0
923,2.772358490266421,10.396289114642032,3.857577174077522,Citizen Kane (1941),Drama|Mystery,33467,15.0
1517,-1.5019356986008616,15.500577883577394,3.494013626115347,Austin Powers: International Man of Mystery (1997),Action|Adventure|Comedy,118655,816.0
68157,2.7461425201707867,15.115267635026937,3.7725891369710665,Inglourious Basterds (2009),Action|Drama|War,361748,16869.0
89774,1.2923580480701993,3.5153630074927364,3.9585405546628007,Warrior (2011),Drama,1291584,59440.0
292,-2.946969372784717,22.670963112811098,3.4609203754707325,Outbreak (1995),Action|Drama|Sci-Fi|Thriller,114069,6950.0
339,-0.1758936236269655,20.87923202741837,3.582484756939528,While You Were Sleeping (1995),Comedy|Romance,114924,2064.0
1355,-0.2741684456098742,0.45138271021953535,2.9835122203543256,Nightwatch (1997),Horror|Thriller,119791,2212.0
3269,-2.5764314355318563,4.177924350505091,2.974231712530907,Forever Young (1992),Drama|Romance|Sci-Fi,104291,10326.0
3324,-0.2741684456098742,0.45138271021953535,2.9835122203543256,Drowning Mona (2000),Comedy,186045,25166.0
54736,0.812734415874065,1.4454213809236562,4.153191084658699,"Kingdom, The (2007)",Action|Drama|Thriller,431197,4349.0
306,0.4799227254809971,3.467788864878079,3.729303538835744,Three Colors: Red (Trois couleurs: Rouge) (1994),Drama,111495,110.0
1251,0.6101406223897555,1.4908952676933707,4.0001535466472395,8 1/2 (8½) (1963),Drama|Fantasy,56801,422.0
134515,0.021298195863671907,0.09709471643732787,3.810263929618768,BMX Bandits (1983),Adventure|Crime|Drama,85204,17381.0
142074,-0.1243438787923199,0.09709471643732787,2.310263929618768,Knock Knock (2015),Crime|Horror|Thriller,3605418,263472.0
3388,-0.43107536655085593,1.1929888839097722,3.2295684511387552,Harry and the Hendersons (1987),Children|Comedy,93148,8989.0
4356,-0.002638556926987155,0.009909334509698407,3.3246392496392496,Gentlemen Prefer Blondes (1953),Comedy|Musical|Romance,45810,759.0
84772,0.6486620153046675,1.372334171901211,4.063579690086856,Paul (2011),Adventure|Comedy|Sci-Fi,1092026,39513.0
2651,-0.33073426205309514,0.13805604405120123,1.1952569169960472,Frankenstein Meets the Wolf Man (1943),Horror,35899,3076.0
100302,-0.23802838885359545,0.21322145999044154,2.4745656006043815,Upside Down (2012),Drama|Romance|Sci-Fi,1374992,58244.0
103235,0.017376953182507412,0.6013350018552577,3.6198063829823868,"Best Offer, The (Migliore offerta, La) (2013)",Thriller,1924396,152742.0
162478,-0.13154150679086374,1.0694011383843849,3.46790425944838,Masterminds (2016),Action|Comedy|Crime,2461150,213681.0
3506,0.3921098369134678,1.1883175698955262,3.9208796701945094,North Dallas Forty (1979),Comedy|Drama,79640,29786.0
3649,-1.180804798249672,0.769929963938988,2.0572568711557064,American Gigolo (1980),Drama,80365,2768.0
4157,0.40080142469758206,0.40536541607612603,4.579650134921373,"Price of Milk, The (2000)",Comedy|Drama|Fantasy|Romance,249893,21620.0
5347,-0.20724669941660698,0.40536541607612603,3.079650134921373,Deuces Wild (2002),Drama,231448,13201.0
74458,0.10469383247804503,11.440898693138584,3.6000599308287584,Shutter Island (2010),Drama|Mystery|Thriller,1130884,11324.0
54,-0.11885621897481177,0.7580999376623629,3.43412736191791,"Big Green, The (1995)",Children|Comedy,112499,26441.0
1917,-7.044012028144959,14.328634091393857,3.0993052169309165,Armageddon (1998),Action|Romance|Sci-Fi|Thriller,120591,95.0
64969,0.5609238156453127,4.555277820184731,3.7140462161926076,Yes Man (2008),Comedy,1068680,10201.0
3827,-0.5486847748724702,3.8420761569073942,3.4480996429792183,Space Cowboys (2000),Action|Adventure|Comedy|Sci-Fi,186566,5551.0
1499,-6.761346903522404,4.476644618066061,2.0805486579553243,Anaconda (1997),Action|Adventure|Thriller,118615,9360.0
2014,-0.43497283361237626,1.1655594818914228,3.2177210723049097,Freaky Friday (1977),Children|Comedy|Fantasy,76054,16084.0
2232,-0.6781140112803772,3.8618733141731485,3.415317103261105,Cube (1997),Horror|Mystery|Sci-Fi|Thriller,123755,431.0
115617,2.296895174615216,10.165938981513676,3.816849378254118,Big Hero 6 (2014),Action|Animation|Comedy,2245084,177572.0
969,-0.16417664444673796,5.544292036016153,3.5612972588879357,"African Queen, The (1951)",Adventure|Comedy|Romance|War,43265,488.0
7090,1.4677890470544868,4.7123078021114075,3.9023889663104443,Hero (Ying xiong) (2002),Action|Adventure|Drama,299977,79.0
3969,0.2917781473341252,4.2580933463381365,3.6594322827703136,Pay It Forward (2000),Drama,223897,10647.0
3730,0.5418665543687071,2.3168350070974437,3.8247913279733363,"Conversation, The (1974)",Drama|Mystery,71360,592.0
4399,0.06984555408233584,0.09709471643732787,4.310263929618769,"Diary of a Chambermaid (Journal d'une femme de chambre, Le) (1964)",Comedy|Drama,58249,36245.0
4928,0.49936240080136796,0.35573455266693566,4.994659154144886,That Obscure Object of Desire (Cet obscur objet du désir) (1977),Drama,75824,5781.0
5225,0.4155630549346628,2.2538063111611906,3.7752918627900334,And Your Mother Too (Y tu mamá también) (2001),Drama|Romance,245574,1391.0
78703,-0.0075932241818363585,0.009909334509698407,2.8246392496392496,TiMER (2009),Comedy|Drama|Fantasy|Romance,1179794,39545.0
47736,-0.39495002018845515,0.2586398362296078,2.0638820638820636,"Chump at Oxford, A (1940)",Comedy,32339,33810.0
3810,-0.05462217395069268,0.13805604405120123,3.195256916996047,White Sands (1992),Drama|Thriller,105813,19380.0
93805,-0.004709990100925689,0.6429136487763588,3.5835830835830835,Iron Sky (2012),Action|Comedy|Sci-Fi,1034314,10679.0
85736,0.17556827623963628,0.33865065947860007,4.109343859380967,BURN-E (2008),Adventure|Animation|Children|Sci-Fi,1334585,13413.0
104644,-0.08428057153137222,0.02967852232720984,0.7511258091753445,Maria Bamford: The Special Special Special! (2012),Comedy,2546038,147129.0
55278,-0.32764341755875304,1.039722616057175,3.2757832943757434,Sleuth (2007),Drama|Mystery|Thriller,857265,4520.0
2779,-0.08300088423525534,1.1883175698955262,3.5210616979747655,Heaven Can Wait (1978),Comedy,77663,12185.0
3858,1.4147324678859434,0.9362293294919497,5.102005168889959,Cecil B. DeMented (2000),Comedy,173716,14195.0
9008,-0.31921553513874584,0.3645872947131095,2.715355993563958,"Invisible Man Returns, The (1940)",Horror|Sci-Fi,32635,28421.0
7449,-0.5523297785743548,0.5988746533573938,2.668629653170493,Godsend (2004),Drama|Horror|Thriller,335121,11058.0
75813,-0.24946801013891354,0.35819291503816547,2.8944463758039283,Leaves of Grass (2009),Comedy|Crime|Drama|Thriller,1151359,12834.0
6027,0.23725544986527589,0.32055847448463937,4.33104066985646,Dogfight (1991),Drama|Romance,101748,14667.0
26492,0.14786348480221684,0.19350923728126776,4.355024989868972,Twilight Zone: The Movie (1983),Fantasy|Horror|Sci-Fi|Thriller,86491,15301.0
2640,2.0584597509600417,9.09616299301648,3.817208878252437,Superman (1978),Action|Adventure|Sci-Fi,78346,1924.0
491,0.13780756143910963,2.7958108883109345,3.640199821557316,"Man Without a Face, The (1993)",Drama,107501,10502.0
2485,-2.7546379199927444,5.094829480908747,3.0502358592896863,She's All That (1999),Comedy|Romance,160862,10314.0
46578,1.981800885994089,9.034538036521875,3.8102673888079663,Little Miss Sunshine (2006),Adventure|Comedy|Drama,449059,773.0
161582,0.06000836018682823,1.202999273476686,3.6407913822037505,Hell or High Water (2016),Crime|Drama,2582782,338766.0
1665,-1.981369711474578,2.7867801186527323,2.8799201979524156,Bean (1997),Comedy,118689,1281.0
2245,0.896259105927132,3.56046026863045,3.8426347213910965,Working Girl (1988),Comedy|Drama|Romance,96463,3525.0
3534,-0.022574093954453228,3.413286612713601,3.584295496296095,28 Days (2000),Drama,191754,10468.0
96004,0.10298010435501867,0.08168341312313925,4.851631438538888,Dragon Ball Z: The History of Trunks (Doragon bôru Z: Zetsubô e no hankô!! Nokosareta chô senshi - Gohan to Torankusu) (1993),Action|Adventure|Animation,142247,39324.0
2618,-0.6123201225568397,1.0533918993457436,3.0096248386406343,"Castle, The (1997)",Comedy,118826,13852.0
1191,-0.8762874711817933,1.571266344545029,3.0332140354374304,Madonna: Truth or Dare (1991),Documentary|Musical,102370,10174.0
45880,0.3674392043868909,1.5512543785378388,3.8277749521569584,Marie Antoinette (2006),Drama|Romance,422720,1887.0
2613,-0.271321632318751,1.3686599976812281,3.3926702055917572,Night of the Comet (1984),Comedy|Horror|Sci-Fi,87799,18462.0
6323,0.40870021699680553,1.8225912103953734,3.8151503879513093,Identity (2003),Crime|Horror|Mystery|Thriller,309698,2832.0
168250,-0.3680173483593423,1.790842369041512,3.3854095144408887,Get Out (2017),Horror,5052448,419430.0
156781,-0.1363101839588474,0.2586398362296078,3.0638820638820636,Jimmy Carr: Telling Jokes (2009),Comedy,1585985,24784.0
172589,0.18841453112728762,0.21322145999044154,4.4745656006043815,Winter in Prostokvashino (1984),Animation,1318414,77762.0
175401,-0.024806928863153912,0.21322145999044154,3.4745656006043815,Wolf and Calf (1984),Animation,882997,91673.0
5466,0.7558425399303649,0.860509612628887,4.469275269319625,My Wife is an Actress (Ma Femme est une Actrice) (2001),Comedy|Drama|Romance,269499,14651.0
170937,-0.01008426571334762,0.02967852232720984,3.2511258091753445,Win It All (2017),Comedy,3155328,397442.0
634,-0.279035313828733,0.18091300566917853,2.0485362095531587,Theodore Rex (1995),Comedy,114658,36259.0
8718,0.22766540693091847,0.3645872947131095,4.215355993563958,"Snake Pit, The (1948)",Drama,40806,62694.0
67788,-0.4486863936451301,1.0650572556875724,3.1696299613138748,Confessions of a Shopaholic (2009),Comedy|Romance,1093908,20048.0
3726,-0.10909047255592422,0.387793541683351,3.309598391194032,Assault on Precinct 13 (1976),Action|Thriller,74156,17814.0
5039,-0.009783506691135495,0.1228373617887007,3.5112630732099754,Dragonslayer (1981),Action|Adventure|Fantasy,82288,848.0
32387,0.5001396332769052,0.40834185248557453,4.815715292459478,"Sword of Doom, The (Dai-bosatsu tôge) (1966)",Action|Drama,60277,19884.0
8363,-0.06442684794955944,0.3881135418648161,3.424909090909091,Soul Plane (2004),Comedy,367085,12657.0
33164,-0.22136640676862657,0.3282457942934966,2.916516880507471,House of Wax (2005),Horror|Thriller,397065,10066.0
58309,0.05636348838470273,0.3784405648687192,3.7398452611218564,War Dance (2007),Documentary,912599,16666.0
6370,0.23725544986527589,0.32055847448463937,4.33104066985646,"Spanish Apartment, The (L'auberge espagnole) (2002)",Comedy|Drama|Romance,283900,1555.0
7362,0.1357450461335279,0.4325752878044321,3.9047158430758913,Taking Lives (2004),Crime|Drama|Thriller,364045,11081.0
3833,-0.2739628958128016,0.23906605052316435,2.444937526928048,"Brain That Wouldn't Die, The (1962)",Horror|Sci-Fi,52646,33468.0
129937,-0.2804961757773878,0.15569545040039195,1.7893395841826332,Run All Night (2015),Action|Crime|Drama|Thriller,2199571,241554.0
235,1.4957481278691258,14.854557933271813,3.6916019647454026,Ed Wood (1994),Comedy|Drama,109707,522.0
79132,5.99216091880197,27.345908256517486,3.8100336803208843,Inception (2010),Action|Crime|Drama|Mystery|Sci-Fi|Thriller|IMAX,1375666,27205.0
4765,0.6013952039716989,0.41635052582656074,5.0353535353535355,L.I.E. (2001),Drama,242587,18734.0
2412,-2.982648888393018,2.2217742761701014,2.2484464832608855,Rocky V (1990),Action|Drama,100507,1375.0
79592,0.058942235829922855,2.9477253555970155,3.610904927942553,"Other Guys, The (2010)",Action|Comedy,1386588,27581.0
96655,0.3288685345324006,0.5468474198854578,4.1922990263343785,Robot & Frank (2012),Comedy|Drama|Sci-Fi,1990314,84329.0
1551,-0.16100993779957468,0.9264934313682585,3.4171248714551083,Buddy (1997),Adventure|Children|Drama,118787,15170.0
88125,1.2396070465174,5.4238215297682,3.8194577331743127,Harry Potter and the Deathly Hallows: Part 2 (2011),Action|Adventure|Drama|Fantasy|Mystery|IMAX,1201607,12445.0
117590,-0.1687765591993112,1.1669428628281953,3.446277708709053,Horrible Bosses 2 (2014),Comedy|Crime,2170439,227159.0
3350,0.1333696907303219,0.2951624303048108,4.0427609427609426,"Raisin in the Sun, A (1961)",Drama,55353,29478.0
26750,0.0990671395751738,0.20646533659176985,4.070733652312599,Quigley Down Under (1990),Adventure|Drama|Western,102744,9588.0
108729,0.08197548870597093,0.7541791016143276,3.69960407931503,Enemy (2013),Mystery|Thriller,2316411,181886.0
89492,0.006102971291729237,1.8355257559588354,3.5942340081824753,Moneyball (2011),Drama,1210166,60308.0
45501,-1.7859547654437626,1.1383775235911857,2.022049263275025,"Break-Up, The (2006)",Comedy|Drama|Romance,452594,9767.0
93006,-0.03796469514273282,0.6232271309427173,3.5299927840639347,"Very Potter Musical, A (2009)",Comedy|Musical,2033193,54507.0
4159,-0.7665851389609838,0.5848742610726814,2.2802254277999676,3000 Miles to Graceland (2001),Action|Thriller,233142,12138.0
4976,0.38604000871687916,0.4185748955197196,4.513181336208361,Iris (2001),Drama,280778,11889.0
3473,0.18280815671393652,0.13978414288596877,4.898698035632709,Jonah Who Will Be 25 in the Year 2000 (Jonas qui aura 25 ans en l'an 2000) (1976),Comedy,74718,42237.0
74754,-0.7758413937800795,0.5992089150808684,2.296132971506106,"Room, The (2003)",Comedy|Drama|Romance,368226,17473.0
1951,0.3981965525991774,1.1697113156471273,3.9313320202870807,Oliver! (1968),Drama|Musical,63385,17917.0
87192,0.2737452115603037,0.39258587477010326,4.288196561378088,Attack the Block (2011),Action|Comedy|Sci-Fi,1478964,59678.0
71379,-0.23915498976031868,0.19350923728126776,2.355024989868972,Paranormal Activity (2009),Horror|Thriller,1179904,23827.0
5147,0.02852235303321302,0.026243169571654894,4.677757726144823,Wild Strawberries (Smultronstället) (1957),Drama,50986,614.0
4043,0.2041692052335271,0.23906605052316435,4.444937526928048,At Close Range (1986),Crime|Drama,90670,13715.0
5638,-0.2739628958128016,0.23906605052316435,2.444937526928048,Godzilla vs. Mothra (Mosura tai Gojira) (1964),Action|Adventure|Fantasy|Sci-Fi,58379,1682.0
134334,-0.2656301020736513,0.2586398362296078,2.5638820638820636,Phir Hera Pheri (2006),Comedy,419058,20359.0
3702,0.3052886926968963,6.215657483468893,3.640025164873726,Mad Max (1979),Action|Adventure|Sci-Fi,79501,9659.0
5890,0.5121642106749715,0.6952102761807408,4.3276131187733435,Elling (2001),Comedy|Drama,279064,6007.0
3683,1.6196840935412562,3.061017249404183,4.120041716299073,Blood Simple (1984),Crime|Drama|Film-Noir,86979,11368.0
73858,0.1438218109165883,0.08168341312313925,5.351631438538888,"Dennis the Menace Christmas, A (2007)",Comedy,918511,13358.0
1464,0.9815354594704606,1.6498550116025357,4.18583134320875,Lost Highway (1997),Crime|Drama|Fantasy|Film-Noir|Mystery|Romance,116922,638.0
452,-0.0744358416954354,0.8892273403813875,3.507200641657508,Widows' Peak (1994),Drama,111712,25440.0
32659,-0.027249162354992026,0.09709471643732787,3.310263929618768,Tanguy (2001),Comedy,274155,2029.0
85796,0.028419908506939692,0.1517394921861242,3.778203170370486,Hobo with a Shotgun (2011),Action|Adventure|Crime|Thriller,1640459,49010.0
1518,0.024817363649181204,1.4029314080088502,3.608598739531616,Breakdown (1997),Action|Thriller,118771,2163.0
3632,0.5473202364237002,0.8043602687139445,4.271350750836906,Monsieur Verdoux (1947),Comedy|Crime,39631,30588.0
3075,-0.22906733656271994,0.35522036249581196,2.9460492778249785,Repulsion (1965),Drama|Horror,59646,11481.0
27660,0.8169529285222257,1.875378341854333,4.026529418972835,"Animatrix, The (2003)",Action|Animation|Drama|Sci-Fi,328832,55931.0
5954,0.34134633066187925,3.520753974192768,3.687861713320074,25th Hour (2002),Crime|Drama,307901,1429.0
50274,-0.04434039948371502,0.16350522309619905,3.3197226502311246,Venus (2006),Drama|Romance,489327,13771.0
75395,0.1691198319167695,0.134171078052734,4.851388132825258,Frozen (2010),Drama|Horror|Thriller,1323045,44363.0
107412,0.08180380113206685,0.21322145999044154,3.9745656006043815,"Kidnapping, Caucasian Style (Kavkazskaya plennitsa) (1967)",Comedy|Romance,60584,20878.0
4024,-0.5361645765028691,0.17950884499655528,0.6040669856459329,"House of Mirth, The (2000)",Romance,200720,25520.0
2447,-1.6297666422529928,2.6873241363447797,2.9844446081877196,Varsity Blues (1999),Comedy|Drama,139699,14709.0
109282,-0.01008426571334762,0.02967852232720984,3.2511258091753445,GLOW: The Story of the Gorgeous Ladies of Wrestling (2012),Documentary,1559038,103732.0
7161,-0.2238359381444857,0.4034955143524205,3.0361670177444724,Cheaper by the Dozen (2003),Children|Comedy,349205,11007.0
840,0.09592877235179831,0.4541373203787703,3.8021420551406795,House Arrest (1996),Children|Comedy,116571,18862.0
2477,-0.09112805277358585,0.8094673764863931,3.478331295409611,Firewalker (1986),Adventure,91055,12715.0
2535,-0.16080438800250207,0.7141767716718875,3.3657486063051754,Earthquake (1974),Action|Drama|Thriller,71455,11123.0
8044,0.02243466841810725,0.06012854450521054,3.964020873386432,I Am a Fugitive from a Chain Gang (1932),Crime|Drama|Film-Noir,23042,29740.0
51088,-0.06978212199365807,0.16889482119865623,3.177739986620337,Reno 911!: Miami (2007),Comedy,499554,10090.0
1167,0.5714285707188942,0.9999999987580646,4.162337662337663,Dear God (1996),Comedy,116059,38554.0
31923,0.2041692052335271,0.23906605052316435,4.444937526928048,"Three Musketeers, The (1973)",Action|Adventure|Comedy,72281,2926.0
26704,-0.37499999787096777,0.9999999943225807,3.215909090909091,State of Grace (1990),Crime|Drama|Thriller,100685,1662.0
2203,0.3622589427547993,0.8677332360460961,4.008386407331203,Shadow of a Doubt (1943),Crime|Drama|Thriller,36342,21734.0
266,2.444783065355119,16.718365452556586,3.737142469542482,Legends of the Fall (1994),Drama|Romance|War|Western,110322,4476.0
70286,-2.1447648328619526,11.204780764547108,3.3994939371518504,District 9 (2009),Mystery|Sci-Fi|Thriller,1136608,17654.0
96432,0.0819739595970936,0.31788610598305983,3.8487811968433525,Lawless (2012),Crime|Drama,1212450,82633.0
2375,-0.4231519992819517,2.5723516485763414,3.42640903139501,"Money Pit, The (1986)",Comedy,91541,10466.0
2458,-0.20659075414648048,1.4999161372290928,3.4531742209262055,Armed and Dangerous (1986),Comedy|Crime,90660,2620.0
39715,-0.2059040474448886,0.652690752731557,3.275439557162572,American Pie Presents: Band Camp (American Pie 4: Band Camp) (2005),Comedy,436058,8274.0
52973,0.9042756264899601,6.410102914412776,3.7319794666212722,Knocked Up (2007),Comedy|Drama|Romance,478311,4964.0
68793,-0.22576860223909817,1.3079786532747462,3.4183003088973596,Night at the Museum: Battle of the Smithsonian (2009),Action|Comedy|IMAX,1078912,18360.0
8012,0.015484471561563684,0.6256103328809112,3.6156600752642536,Kikujiro (Kikujirô no natsu) (1999),Comedy|Drama,199683,4291.0
507,-1.085764076138756,3.62021437591164,3.2909920242946753,"Perfect World, A (1993)",Crime|Drama|Thriller,107808,9559.0
5010,-0.1091043576662536,5.396968806463459,3.57069323241912,Black Hawk Down (2001),Action|Drama|War,265086,855.0
544,-0.011662328203695144,0.8155311830050722,3.5766088060803467,Striking Distance (1993),Action|Crime,108238,11074.0
1835,-1.47903931124906,2.7618520724975024,3.055384641219218,City of Angels (1998),Drama|Fantasy|Romance,120632,795.0
4508,-0.10550371506198018,0.6978372780054674,3.4397223911049086,Gorillas in the Mist (1988),Drama,95243,10130.0
6541,-1.88956631766614,2.6340184738955306,2.873538906761672,"League of Extraordinary Gentlemen, The (a.k.a. LXG) (2003)",Action|Fantasy|Sci-Fi,311429,8698.0
2803,-0.13240441340673906,0.5681927652090389,3.35788181299571,"Pelican Brief, The (1993)",Crime|Drama|Mystery|Romance|Thriller,107798,9944.0
6193,-0.007202548305531109,0.4152747505858244,3.5735650354485298,Poolhall Junkies (2002),Comedy|Drama|Thriller,273982,14293.0
50999,-0.39495002018845515,0.2586398362296078,2.0638820638820636,"Ugly Duckling and Me!, The (2006)",Animation|Comedy,396042,13517.0
94478,-0.11732763116832884,0.3942658170403194,3.2933239945162924,Dark Shadows (2012),Comedy|Horror|IMAX,1077368,62213.0
162602,0.03443351777746714,0.02967852232720984,4.7511258091753445,The Girl on the Train (2016),Thriller,3631112,346685.0
141718,-0.5999078840563268,0.3834462764071367,2.026392961876833,Deathgasm (2015),Comedy|Horror,3705412,323373.0
101112,-0.6062371334766297,0.9745534000261373,2.96884247715517,Oz the Great and Powerful (2013),Action|Adventure|Fantasy|IMAX,1623205,68728.0
6252,-0.7763648873487805,0.4438728048816621,1.841838458938831,View from the Top (2003),Comedy|Romance,264150,11523.0
3364,0.04537175957436369,0.3645872947131095,3.715355993563958,"Asphalt Jungle, The (1950)",Crime|Film-Noir,42208,16958.0
162968,-0.17663247869921114,0.5992089150808684,3.296132971506106,Kizumonogatari Part 1: Tekketsu (2016),Action|Animation|Mystery,3138698,357786.0
3894,0.0628552078632342,0.12356151973114418,4.099604743083004,Solas (1999),Drama,190798,80713.0
27816,-0.06693653621740715,0.08917974377033226,2.8403290445053786,Saints and Soldiers (2003),Action|Adventure|Drama|War,373283,10105.0
4529,0.239534633326834,0.34680164405629427,4.281605451298754,Bagdad Cafe (Out of Rosenheim) (1987),Comedy|Drama,95801,3543.0
163,-1.4084952435756595,12.443783653629795,3.4777204271729767,Desperado (1995),Action|Romance|Western,112851,8068.0
2985,-0.7939283945136737,8.830177211525736,3.5009982798919137,RoboCop (1987),Action|Crime|Drama|Sci-Fi|Thriller,93870,5548.0
5,-2.884683792628784,12.595153734410063,3.361877841790805,Father of the Bride Part II (1995),Comedy,113041,11862.0
191,-1.6011739069592457,0.8957132889608235,1.8033126281873264,"Scarlet Letter, The (1995)",Drama|Romance,114345,10533.0
8360,4.549311565869649,13.737618030820899,3.9220663232373654,Shrek 2 (2004),Adventure|Animation|Children|Comedy|Musical|Romance,298148,809.0
6155,-0.30171026211263524,4.83269312555359,3.5284780086379453,How to Lose a Guy in 10 Days (2003),Comedy|Romance,251127,9919.0
73321,-1.669866779574821,2.36828519922686,2.8858137839249665,"Book of Eli, The (2010)",Action|Adventure|Drama,1037705,20504.0
180777,0.22132275597476128,0.28820758365585,4.358837377761681,Die Frauen von Ravensbrück (2005),Documentary,832879,363444.0
1407,-1.3369047940373666,8.490465718042792,3.433449554714703,Scream (1996),Comedy|Horror|Mystery|Thriller,117571,4232.0
1855,0.1276236473413487,1.5844789494100389,3.6714552208459184,Krippendorf's Tribe (1998),Comedy,120725,31220.0
53121,-2.509137455632656,3.35667548553169,2.8434023788519336,Shrek the Third (2007),Adventure|Animation|Children|Comedy|Fantasy,413267,810.0
1711,-0.2912686955121597,2.1903242577604187,3.457929375928452,Midnight in the Garden of Good and Evil (1997),Crime|Drama|Mystery,119668,8197.0
6974,-0.0041655287207111365,0.20646533659176985,3.5707336523125996,"Freshman, The (1990)",Comedy|Crime,99615,10168.0
3249,-0.23732907539951803,0.3466398886236799,2.9062531029850702,"Hand That Rocks the Cradle, The (1992)",Drama|Thriller,104389,11087.0
146656,0.09286686124780015,0.23542519194922917,3.985373508582062,Creed (2015),Drama,3076658,312221.0
3937,-0.8582687574402307,0.8302048592466673,2.5571055087197156,Runaway (1984),Sci-Fi|Thriller,88024,9507.0
93297,-0.03213678516233152,0.134171078052734,3.3513881328252584,Act of Valor (2012),Action|Thriller|War,1591479,75674.0
85295,-0.39495002018845515,0.2586398362296078,2.0638820638820636,Scooby-Doo! Curse of the Lake Monster (2010),Adventure|Children|Comedy|Mystery,1618435,47533.0
88785,0.31535293133079473,0.6465112735949832,4.078685475034996,"Change-Up, The (2011)",Comedy,1488555,49520.0
116411,0.08180380113206685,0.21322145999044154,3.9745656006043815,Tangerines (2013),Drama,2991224,238628.0
63479,0.10126659721555838,0.1188582660975421,4.442903660074798,Sex Drive (2008),Comedy,1135985,13523.0
69436,-0.0027524077183788027,0.1188582660975421,3.5677520332744117,Year One (2009),Adventure|Comedy,1045778,17610.0
94931,0.24516137856100476,0.6815297010190097,3.950631313131313,Take This Waltz (2011),Drama|Romance,1592281,86555.0
6386,0.15741636865500963,0.3143157705820882,4.091731459330143,Nevada Smith (1966),Western,60748,5921.0
33421,0.09179778079133069,0.40834185248557453,3.8157152924594784,Dear Wendy (2005),Drama,342272,10913.0
138396,0.3027317076117603,0.23611754101309415,4.873031995937024,There Will Come a Day (2013),Comedy|Drama,1951299,158182.0
2268,4.351077078677436,10.911450862037862,3.9896715592271503,"Few Good Men, A (1992)",Crime|Drama|Thriller,104257,881.0
258,-1.9521719620955076,2.3380852064896125,2.755964343524761,"Kid in King Arthur's Court, A (1995)",Adventure|Children|Comedy|Fantasy|Romance,113538,37108.0
279,-0.15140500080776512,0.30671722744282753,3.0972785176606834,My Family (1995),Drama,113896,38722.0
1357,1.8995684650259657,5.013527796900616,3.9697976783425317,Shine (1996),Drama|Romance,117631,7863.0
2072,-0.7525757486925044,3.1399714894807564,3.3512331093870564,"'burbs, The (1989)",Comedy,96734,11974.0
96610,0.7382800807020138,3.982083906221176,3.7763095239709368,Looper (2012),Action|Crime|Sci-Fi,1276104,59967.0
7317,-0.5918675832511442,2.3576483381356756,3.339867587527307,EuroTrip (2004),Adventure|Comedy,356150,9352.0
60040,-0.055546298853699834,3.517623578203215,3.57511823164891,"Incredible Hulk, The (2008)",Action|Sci-Fi,800080,1724.0
1806,-2.1134353256398812,2.244250786277826,2.649198236417159,Paulie (1998),Adventure|Children|Comedy,125454,36568.0
1232,-0.3861262498247549,0.9460805574015279,3.1827765626545457,Stalker (1979),Drama|Mystery|Sci-Fi,79944,1398.0
6884,0.0990671395751738,0.20646533659176985,4.070733652312599,Veronica Guerin (2003),Crime|Drama|Thriller,312549,10629.0
26649,0.20229980787105872,0.20646533659176985,4.570733652312599,Lonesome Dove (1989),Adventure|Drama|Western,96639,13057.0
3552,3.7769337843015944,8.330259261487596,4.04430839887098,Caddyshack (1980),Comedy,80487,11977.0
46062,-0.17289123701098383,0.09709471643732787,1.8102639296187681,High School Musical (2006),Children|Comedy|Drama|Musical|Romance,475293,10947.0
7757,-0.10576219842594572,0.38352150742337915,3.315143074195999,Jason and the Argonauts (1963),Action|Adventure|Fantasy,57197,11533.0
49130,-0.015979832324497577,0.19495395435887075,3.508941877794337,"Good Year, A (2006)",Comedy|Drama|Romance,401445,9726.0
8832,-0.08458057351008763,0.3145910539907577,3.3220502901353965,Warriors of Heaven and Earth (Tian di ying xiong) (2003),Action|Adventure|Drama,374330,14797.0
6879,-0.9824144662550115,2.0194216586759124,3.1044260119372837,Runaway Jury (2003),Drama|Thriller,313542,11329.0
7158,-0.3184401827872392,0.9524746117464289,3.2565797777073913,House of Sand and Fog (2003),Drama,315983,11093.0
100507,0.15676317004822754,0.28831835855681764,4.134624624088831,21 and Over (2013),Comedy,1711425,107811.0
128366,-0.1363101839588474,0.2586398362296078,3.0638820638820636,Patton Oswalt: Tragedy Plus Comedy Equals Time (2014),Comedy,3628334,251016.0
3677,0.08180380113206685,0.21322145999044154,3.9745656006043815,Baraka (1992),Documentary,103767,14002.0
173619,0.18841453112728762,0.21322145999044154,4.4745656006043815,Fugitives (1986),Comedy|Crime,91093,30163.0
165843,0.019594256613862222,0.02967852232720984,4.2511258091753445,Risk (2016),Documentary,4964772,393561.0
4703,0.00025848336396554043,0.3143157705820882,3.5917314593301435,Chocolat (1988),Drama,94868,41951.0
31700,-0.09460988628737468,0.6425615648755848,3.4436704581320225,Because of Winn-Dixie (2005),Children|Comedy|Drama,317132,17880.0
2252,-1.0502736531689845,1.0283407421190827,2.5695806438763444,Hero (1992),Comedy|Drama,104412,10699.0
27912,0.11423244920943794,0.4684703969907851,3.8347504306035707,Outfoxed: Rupert Murdoch's War on Journalism (2004),Documentary,418038,13372.0
73515,0.022243207552925106,0.08917974377033226,3.8403290445053786,Bart Got a Room (2008),Comedy|Romance,472050,20107.0
44828,0.14786348480221684,0.19350923728126776,4.355024989868972,Slither (2006),Comedy|Horror|Sci-Fi,439815,9035.0
2824,-0.023963986110096768,0.026243169571654894,2.677757726144823,On the Ropes (1999),Documentary|Drama,181733,113273.0
47261,-0.15442987055121943,0.23906605052316435,2.944937526928048,"Night Listener, The (2006)",Fantasy|Mystery|Thriller,448075,9782.0
3007,-0.07580228502820839,0.5326107921718857,3.4485869935308138,American Movie (1999),Documentary,181288,14242.0
2105,-2.6646255911795036,10.589450427309867,3.3392788850291413,Tron (1982),Action|Adventure|Sci-Fi,84827,97.0
2492,-2.47595275612761,1.7553160282033529,2.180363800861314,20 Dates (1998),Comedy|Romance,138987,111794.0
3257,-2.4874104400502763,5.284612820208865,3.1202198418238636,"Bodyguard, The (1992)",Drama|Romance|Thriller,103855,619.0
53972,2.0343314999328643,3.6703258271343615,4.145173642817058,Live Free or Die Hard (2007),Action|Adventure|Crime|Thriller,337978,1571.0
73323,0.22132275597476128,0.28820758365585,4.358837377761681,"Girl Who Kicked the Hornet's Nest, The (Luftslottet som sprängdes) (2009)",Action|Crime|Mystery,1343097,33613.0
1748,2.0862097438352394,7.481937849556835,3.8697418994386092,Dark City (1998),Adventure|Film-Noir|Sci-Fi|Thriller,118929,2666.0
111844,-0.0195450153296902,0.08168341312313925,3.3516314385388877,Bad Asses (Bad Ass 2) (2014),Action|Drama,2996648,255268.0
1642,-0.39129074602130404,0.2085838445724787,1.7149692412850306,Indian Summer (a.k.a. Alive & Kicking) (1996),Comedy|Drama,116631,172545.0
8340,-0.002962258057654682,0.6597541821855657,3.5864191488403017,Escape from Alcatraz (1979),Drama|Thriller,79116,10734.0
148775,-0.1363101839588474,0.2586398362296078,3.0638820638820636,Wizards of Waverly Place: The Movie (2009),Adventure|Children|Comedy|Drama|Fantasy|Sci-Fi,1369845,26736.0
8507,-0.5498000980992184,1.016711050530218,3.050145716878194,Freaks (1932),Crime|Drama|Horror,22913,136.0
104780,0.18841453112728762,0.21322145999044154,4.4745656006043815,"Mystery of the Third Planet, The (Tayna tretey planety) (1981)",Adventure|Animation|Sci-Fi,211653,49802.0
170957,-0.01008426571334762,0.02967852232720984,3.2511258091753445,Cars 3 (2017),Adventure|Animation|Comedy,3606752,260514.0
181139,-0.05460204920416238,0.02967852232720984,1.7511258091753445,Lynne Koplitz: Hormonal Beast (2017),Comedy,6892388,470616.0
136666,-0.3474365702734626,0.5133942447339824,2.914164904862579,Search Party (2014),Comedy,2758904,239568.0
33201,-0.43636832245800494,0.6815297010190097,2.950631313131313,Between Your Legs (Entre las piernas) (1999),Drama|Mystery|Romance|Thriller,177747,53116.0
164881,1.608220780599024,0.6815297010190097,5.950631313131312,Night Guards (2016),Action|Sci-Fi,5487524,402193.0
8614,-0.06483884893442537,0.21949922031429273,3.295514652415938,Overboard (1987),Comedy|Romance,93693,10780.0
4867,-0.3324920824671184,0.4438728048816621,2.841838458938831,Riding in Cars with Boys (2001),Comedy|Drama,200027,11091.0
3150,0.19811871665951905,0.40536541607612603,4.079650134921373,"War Zone, The (1999)",Drama|Thriller,141974,42739.0
8491,0.09179778079133069,0.40834185248557453,3.8157152924594784,White Heat (1949),Crime|Drama|Film-Noir,42041,15794.0
27685,-0.5760349699831411,0.3182724234480879,1.781028851388133,Bring It On Again (2004),Comedy,334965,12540.0
147372,0.12315488798850294,0.2930236990071276,4.011198945981555,Doctor Who: Last Christmas (2014),Adventure|Drama|Fantasy|Sci-Fi,4050552,317182.0
2515,-0.1176858687477327,0.07971507742832395,2.1145777299623454,Children of the Corn II: The Final Sacrifice (1993),Horror,106557,25748.0
8912,-0.4474360165035259,0.2826889810516,2.0081236040497563,Taxi (2004),Action|Comedy,316732,11045.0
67186,-0.2615016540925597,0.2826889810516,2.6658583403641765,"Haunting in Connecticut, The (2009)",Horror|Thriller,492044,18781.0
85131,-0.21857328511551738,0.5138883654385574,3.165576859600478,Battle: Los Angeles (2011),Action|Sci-Fi|War,1217613,44943.0
2630,0.27131782911605234,0.9999999987420213,3.862226920366455,Besieged (a.k.a. L' Assedio) (1998),Drama,149723,44297.0
4506,-0.03489684528963725,0.23906605052316435,3.444937526928048,Frantic (1988),Crime|Mystery|Thriller,95174,10675.0
2571,13.511575697206476,49.38446229995158,3.8645088238603136,"Matrix, The (1999)",Action|Sci-Fi|Thriller,133093,603.0
19,-9.193007208882095,15.905901022480327,3.012947037964758,Ace Ventura: When Nature Calls (1995),Comedy,112281,9273.0
3039,1.7887898237307462,5.289940683023253,3.929058406925322,Trading Places (1983),Comedy,86465,1621.0
59615,-2.7119390710702715,4.425544469639454,2.9781169046199287,Indiana Jones and the Kingdom of the Crystal Skull (2008),Action|Adventure|Comedy|Sci-Fi,367882,217.0
2822,-0.5810697609746174,1.5954324396678088,3.226700775641536,Medicine Man (1992),Adventure|Romance,104839,9096.0
3635,-0.5322405767950545,2.6483542403454527,3.3899387793522693,"Spy Who Loved Me, The (1977)",Action|Adventure|Thriller,76752,691.0
40583,0.5447548039896496,1.5350072895677962,3.945796528702975,Syriana (2005),Drama|Thriller,365737,231.0
49265,0.20229980787105872,0.20646533659176985,4.570733652312599,Shooting Dogs (a.k.a. Beyond the Gates) (2005),Documentary|Drama|War,420901,8588.0
51471,-0.0041655287207111365,0.20646533659176985,3.5707336523125996,Amazing Grace (2006),Drama|Romance,454776,15163.0
7156,0.10587230498036579,1.6963058470687196,3.6533225437444488,"Fog of War: Eleven Lessons from the Life of Robert S. McNamara, The (2003)",Documentary|War,317910,12698.0
7396,-0.034899905911138326,0.7316642525298107,3.543209745491479,Scenes From a Marriage (Scener ur ett äktenskap) (1973),Drama,70644,133919.0
170705,0.6343890709519229,0.8476432989167684,4.3393242223241915,Band of Brothers (2001),Action|Drama|War,185906,331214.0
2554,0.08599855528574385,0.38352150742337915,3.815143074195999,Children of the Damned (1963),Horror|Sci-Fi|Thriller,56931,30202.0
2950,-0.7233864387918736,1.318885607906342,3.0424260121224402,"Blue Lagoon, The (1980)",Adventure|Drama|Romance,80453,5689.0
44709,0.12747648014093224,0.41340484886211887,3.89926657750318,Akeelah and the Bee (2006),Drama,437800,13751.0
37384,0.3932007116482076,0.6507224170367416,4.19516168979567,Waiting... (2005),Comedy,348333,7553.0
5109,-0.02404741984096049,0.12367244489636811,3.396464646464646,Return to Never Land (2002),Adventure|Animation|Children,280030,16690.0
6985,-0.05105299291759001,0.5916620248591608,3.5046216653645113,"Passion of Joan of Arc, The (Passion de Jeanne d'Arc, La) (1928)",Drama,19254,780.0
26903,-0.024806928863153912,0.21322145999044154,3.4745656006043815,Whisper of the Heart (Mimi wo sumaseba) (1995),Animation|Drama|Romance,113824,37797.0
1856,0.019594256613862222,0.02967852232720984,4.2511258091753445,Kurt & Courtney (1998),Documentary,138563,13907.0
2844,-0.48343827637005315,0.1826592983765944,0.9442424242424243,"Minus Man, The (1999)",Drama|Mystery,151582,21719.0
70599,-0.164827087387781,0.7494027386814249,3.3709644885210683,"Time Traveler's Wife, The (2009)",Drama|Romance|Sci-Fi,452694,24420.0
26681,0.5859262290705096,0.6815297010190097,4.450631313131312,Bullet in the Head (1990),Action|Drama|War,99426,11909.0
81456,0.18467293710521326,0.23611754101309415,4.373031995937024,Heartbeats (Les amours imaginaires) (2010),Drama|Romance,1600524,51241.0
78574,-0.08581302162060808,0.5580965319943773,3.437148913769211,Winter's Bone (2010),Drama|Thriller,1399683,39013.0
3947,-0.40992940745467,0.40536541607612603,2.579650134921373,Get Carter (1971),Action|Crime|Drama|Thriller,67128,1485.0
4849,0.19811871665951905,0.40536541607612603,4.079650134921373,My First Mister (2001),Comedy|Drama,206963,25641.0
4608,0.020024751942766275,0.02236610755453587,4.486225895316805,"Innocent Man, An (1989)",Crime|Drama,97579,29185.0
3138,-0.48363136218181546,0.5906164816947626,2.772050530115046,Stealing Home (1988),Drama,96171,32331.0
27604,0.051108866161582965,0.19350923728126776,3.855024989868972,Suicide Club (Jisatsu saakuru) (2001),Horror|Mystery|Thriller,312843,12720.0
70994,0.051108866161582965,0.19350923728126776,3.855024989868972,Halloween II (2009),Horror|Thriller,1311067,24150.0
553,0.5182838804317245,10.904812485911588,3.638437086562507,Tombstone (1993),Action|Drama|Western,108358,11969.0
131724,1.0517241155643686,0.9999999787333338,4.6426332288401255,The Jinx: The Life and Deaths of Robert Durst (2015),Documentary,4299972,321640.0
4381,0.8010400719459477,1.0707759589735286,4.339002158588574,"Closet, The (Placard, Le) (2001)",Comedy,243493,11444.0
92,-0.7714827564746172,1.0770689873827426,2.874629293131879,Mary Reilly (1996),Drama|Horror|Thriller,117002,9095.0
419,-1.2204998995233332,2.6649557679620357,3.132927793734811,"Beverly Hillbillies, The (1993)",Comedy,106400,11041.0
542,-1.1320113625868324,2.742427992219415,3.1781320313842905,Son in Law (1993),Comedy|Drama|Romance,108186,13203.0
33145,0.520849528604332,2.0555768938448282,3.8442927177458937,"Lot Like Love, A (2005)",Comedy|Drama|Romance,391304,8976.0
2374,-0.3489742783266324,1.5490809893148019,3.3656308254511997,Gung Ho (1986),Comedy|Drama,91159,13698.0
3584,-0.2741684456098742,0.45138271021953535,2.9835122203543256,Breathless (1983),Action|Drama|Romance|Thriller,85276,1058.0
56775,-0.3101117534883554,2.9903934833847607,3.48720643264308,National Treasure: Book of Secrets (2007),Action|Adventure,465234,6637.0
43936,-1.237820350851434,2.3234391147229196,3.0581555778052842,16 Blocks (2006),Crime|Thriller,450232,2207.0
45658,-0.21063086531248099,0.20646533659176985,2.5707336523125996,On a Clear Day (2005),Drama,410400,38344.0
836,-0.02626874284801478,4.454888300310058,3.5850124800229803,Chain Reaction (1996),Action|Adventure|Thriller,115857,12123.0
2664,0.12658225494480752,1.3777434584141668,3.6827855967794276,Invasion of the Body Snatchers (1956),Horror|Sci-Fi|Thriller,49366,11549.0
1541,0.36010924865895566,1.6106473732840882,3.8144895310675704,Addicted to Love (1997),Comedy|Romance,118556,2058.0
127202,-0.11390940110173678,1.3129450634782873,3.504150395309166,Me and Earl and the Dying Girl (2015),Drama,2582496,308369.0
1192,-0.9536957797618812,1.4046837339410834,2.911969229417193,Paris Is Burning (1990),Documentary,100332,31225.0
69211,-0.39495002018845515,0.2586398362296078,2.0638820638820636,Boy Eats Girl (2005),Comedy|Horror,415679,27134.0
163925,0.18841453112728762,0.21322145999044154,4.4745656006043815,"Wings, Legs and Tails (1986)",Animation|Comedy,1350929,333372.0
85020,-0.029214603536306755,1.0272826101725399,3.562470369911565,"Mechanic, The (2011)",Action|Drama|Thriller,472399,27582.0
135567,0.6772230694411009,1.039722616057175,4.242258844181997,Independence Day: Resurgence (2016),Action|Adventure|Sci-Fi,1628841,47933.0
5385,0.14677268859135703,0.2815639332160726,4.112185686653772,"Last Waltz, The (1978)",Documentary,77838,13963.0
34334,-0.3364039515503637,0.4034955143524205,2.75718494879498,Stealth (2005),Action|Adventure|Sci-Fi|Thriller,382992,10048.0
1938,0.22766540693091847,0.3645872947131095,4.215355993563958,"Lost Weekend, The (1945)",Drama,37884,28580.0
7215,-0.2967808667206386,0.42471583921832007,2.892133958653941,To Have and Have Not (1944),Adventure|Drama|Romance|Thriller|War,37382,22584.0
6057,-0.11152640810257329,0.08917974377033226,2.3403290445053786,Biker Boyz (2003),Action|Crime|Drama,326769,12253.0
7262,-0.11152640810257329,0.08917974377033226,2.3403290445053786,Catch That Kid (2004),Action|Adventure|Children|Comedy|Crime,337917,20483.0
57526,-0.022346664332241025,0.08917974377033226,3.3403290445053786,Untraceable (2008),Crime|Thriller,880578,8090.0
1807,-0.001342255243350869,0.0038383790292314305,3.2412158393753483,"Cool, Dry Place, A (1998)",Drama,120642,37272.0
3676,0.1129666395125796,0.4325752878044321,3.852058173386618,Eraserhead (1977),Drama|Horror,74486,985.0
2964,0.0810086921765228,0.026243169571654894,6.677757726144823,Julien Donkey-Boy (1999),Drama,192194,42881.0
2903,-0.03489684528963725,0.23906605052316435,3.444937526928048,Psycho III (1986),Horror|Thriller,91799,12662.0
3930,-0.513028946335966,0.23906605052316435,1.4449375269280482,"Creature from the Black Lagoon, The (1954)",Adventure|Horror|Sci-Fi,46876,10973.0
780,-7.348609132471062,37.97519786756921,3.397398337967188,Independence Day (a.k.a. ID4) (1996),Action|Adventure|Sci-Fi|Thriller,116629,602.0
415,-1.511108533569454,2.860023432831638,3.0625537927591933,Another Stakeout (1993),Comedy|Thriller,106292,9409.0
59333,-0.21260745523437113,0.3281075995656014,2.94292819831211,Made of Honor (2008),Comedy|Romance,866439,10761.0
1227,0.05104299314151328,2.176927135144812,3.6143563585357668,Once Upon a Time in America (1984),Crime|Drama,87843,311.0
2836,0.263212819895405,0.8349042176429144,3.9061701883299453,Outside Providence (1999),Comedy,125971,14578.0
53519,0.7001034150728512,2.6515610591966317,3.854943521737913,Death Proof (2007),Action|Adventure|Crime|Horror|Thriller,1028528,1991.0
4322,-0.6027640222504961,1.9227515865778044,3.2774187646192963,Eight Men Out (1988),Drama,95082,13554.0
140247,-0.4128340483033661,0.20103223221729136,1.5373376623376624,The Gift (2015),Drama|Horror,4178092,328425.0
103042,0.0702970680011501,1.7027760133563106,3.6321928930355893,Man of Steel (2013),Action|Adventure|Fantasy|Sci-Fi|IMAX,770828,49521.0
111360,-1.1010231343942782,1.2866510745009794,2.7351812590092854,Lucy (2014),Action|Sci-Fi,2872732,240832.0
7566,-0.0075932241818363585,0.009909334509698407,2.8246392496392496,28 Up (1985),Documentary,88650,20561.0
89470,0.16673980385315199,1.3063208420308192,3.718549865279602,Contagion (2011),Sci-Fi|Thriller|IMAX,1598778,39538.0
87485,0.24673035868021664,0.8266196134754483,3.8893902237760702,Bad Teacher (2011),Comedy,1284575,52449.0
6249,0.007298612380697842,0.061362407793274544,3.7098518221866237,Boat Trip (2003),Comedy,285462,9557.0
102686,0.057023099969231605,1.0346248154597992,3.6460238524314983,"Hangover Part III, The (2013)",Comedy,1951261,109439.0
132422,-0.2656301020736513,0.2586398362296078,2.5638820638820636,Da Sweet Blood of Jesus (2014),Comedy|Romance|Thriller,3104930,278316.0
169912,-0.03191379272099604,0.28831835855681764,3.480219668006085,Denis Leary: No Cure for Cancer (1993),Comedy,248752,26797.0
64114,0.15886120482939198,0.05464477574879632,6.498070894622619,Fireproof (2008),Drama|Romance,1129423,14438.0
173355,0.18841453112728762,0.21322145999044154,4.4745656006043815,Travels of an Ant (1983),Animation,216126,193216.0
3327,0.13231929804417966,0.6755699081160382,3.786772311657301,Beyond the Mat (1999),Documentary,218043,14271.0
6299,-0.1301580634503592,0.8518295140568235,3.438110835738894,"Winged Migration (Peuple migrateur, Le) (2001)",Documentary,301727,11516.0
42730,0.47173213923709784,0.3143157705820882,5.091731459330143,Glory Road (2006),Drama,385726,9918.0
2176,0.22079362377666853,0.9581913633859317,3.821336573574408,Rope (1948),Crime|Drama|Thriller,40746,1580.0
25856,0.04537175957436369,0.3645872947131095,3.715355993563958,Wuthering Heights (1939),Drama|Romance,32145,3084.0
193581,-0.17663247869921114,0.5992089150808684,3.296132971506106,Black Butler: Book of the Atlantic (2017),Action|Animation|Comedy|Fantasy,5476944,432131.0
55553,0.606893255254084,0.3263371856105132,5.450621321124919,Black Sheep (2006),Comedy|Horror,779982,3603.0
65810,-0.24946801013891354,0.35819291503816547,2.8944463758039283,Notorious (2009),Drama|Musical,472198,14410.0
1739,0.12002699486310352,0.08382837736470723,5.0227272727272725,3 Ninjas: High Noon On Mega Mountain (1998),Action|Children|Comedy,118539,32302.0
7815,0.3975346871075956,0.32055847448463937,4.83104066985646,True Stories (1986),Comedy|Musical,92117,24798.0
74851,-0.045645752479050915,0.19350923728126776,3.355024989868972,From Paris with Love (2010),Action|Crime,1179034,26389.0
1128,-0.2739628958128016,0.23906605052316435,2.444937526928048,"Fog, The (1980)",Horror,80749,790.0
3243,-1.81507208943444,1.8542728403044373,2.6120498583398217,Encino Man (1992),Comedy,104187,10406.0
86345,0.3081445349692723,1.5980368826920908,3.7837360139336487,Louis C.K.: Hilarious (2010),Comedy,1421373,45523.0
122882,1.3831969931580765,7.562569645076929,3.773809488270523,Mad Max: Fury Road (2015),Action|Adventure|Sci-Fi|Thriller,1392190,76341.0
1250,4.205086880775211,5.843078742851735,4.310578817407232,"Bridge on the River Kwai, The (1957)",Adventure|Drama|War,50212,826.0
4034,2.9281248743993697,7.442218907430863,3.9843569202218934,Traffic (2000),Crime|Drama|Thriller,181865,1900.0
257,1.3437527229716784,3.2119497867895768,4.009269529947832,Just Cause (1995),Mystery|Thriller,113501,9061.0
33836,-1.1953217864105554,1.6431487290759816,2.8634510311126777,Bewitched (2005),Comedy|Fantasy|Romance,374536,9722.0
104374,1.9623450940777563,2.577662817551332,4.3521976041762755,About Time (2013),Drama|Fantasy|Romance,2194499,122906.0
1186,1.775661122230396,3.032642244965678,4.1764252773890735,"Sex, Lies, and Videotape (1989)",Drama,98724,1412.0
4262,3.678477306268678,8.371396659413172,4.03031931789104,Scarface (1983),Action|Crime|Drama,86250,111.0
1569,1.9381122198665355,6.472465323241822,3.8903486588442044,My Best Friend's Wedding (1997),Comedy|Romance,119738,8874.0
2153,-2.6916553950307103,2.8874922659325826,2.6587315655222383,"Avengers, The (1998)",Action|Adventure,118661,9320.0
2418,-0.43195145371477073,1.1655594818914228,3.2203132865544153,Nothing in Common (1986),Comedy,91653,29968.0
6617,0.5996303842641133,1.1107853937431895,4.130734684261056,Open Range (2003),Western,316356,2055.0
1841,-0.4713617736396434,0.5978246885185722,2.8024475524475525,"Gingerbread Man, The (1998)",Drama|Thriller,119196,12488.0
4623,-0.20120819662748304,3.120732656756734,3.5264344246181976,Major League (1989),Comedy,97815,9942.0
115680,-0.11158330427299766,0.8764836553778804,3.46360117867553,Time Lapse (2014),Crime|Drama|Sci-Fi|Thriller,2669336,273271.0
58103,-0.06176296345219062,0.9070213157666958,3.5228148108976196,Vantage Point (2008),Action|Drama|Thriller,443274,7461.0
6686,-0.8203156348493437,0.5135114813041501,1.9934460064109372,"Medallion, The (2003)",Action|Comedy|Crime|Fantasy,288045,10610.0
299,0.942945988673042,1.715953457112262,4.140426319808705,Priest (1994),Drama,110889,40156.0
3097,0.7183489021430122,0.8170609346726043,4.4700955403638725,"Shop Around the Corner, The (1940)",Comedy|Drama|Romance,33045,20334.0
62008,0.1223296522707604,0.2586398362296078,4.063882063882064,Dead Fury (2008),Action|Animation|Comedy|Horror,1282036,37776.0
167018,0.2860830881630314,0.28831835855681764,4.583156305394582,Why Him? (2016),Comedy,4501244,356305.0
158402,-0.3446391188488162,0.21322145999044154,1.9745656006043815,The Crew (2016),Action,5653294,380111.0
171631,-0.06944131036776731,0.02967852232720984,1.2511258091753445,Maria Bamford: Old Baby,(no genres listed),6264596,455601.0
172705,-0.7758413937800795,0.5992089150808684,2.296132971506106,Tickling Giants (2017),Documentary,5494396,390319.0
174909,-0.0312726307239999,0.03439295973193781,2.681634897360704,Logan Lucky (2017),Comedy,5439796,399170.0
27839,-0.4474360165035259,0.2826889810516,2.0081236040497563,"Ring Two, The (2005)",Drama|Horror|Mystery|Thriller,377109,10320.0
70334,0.022243207552925106,0.08917974377033226,3.8403290445053786,Hannah Montana: The Movie (2009),Comedy|Drama|Musical|Romance,1114677,18126.0
91978,-0.0703715526198308,0.35819291503816547,3.3944463758039283,Man on a Ledge (2012),Crime|Thriller,1568338,49527.0
1497,-0.045645752479050915,0.19350923728126776,3.355024989868972,Double Team (1997),Action,119013,9405.0
6379,0.051108866161582965,0.19350923728126776,3.855024989868972,Wrong Turn (2003),Horror|Thriller,295700,9902.0
34528,-0.03489684528963725,0.23906605052316435,3.444937526928048,Junebug (2005),Comedy|Drama,418773,1444.0
1220,3.2175627788936967,12.184859735750958,3.8549714476921744,"Blues Brothers, The (1980)",Action|Comedy|Musical,80455,525.0
1222,6.976172667273281,16.168744583931627,4.022369469979346,Full Metal Jacket (1987),Drama|War,93058,600.0
1225,3.406858429919137,10.814236736624386,3.9059436618077648,Amadeus (1984),Drama,86879,279.0
40629,1.158114703214306,5.271488575784587,3.810603146310119,Pride & Prejudice (2005),Drama|Romance,414387,4348.0
109853,0.2081463858257001,0.2885197427286932,4.312337662337662,Barefoot (2014),Comedy|Drama|Romance,2355495,242042.0
140110,1.2623427056241594,1.9475628519491472,4.239074414231411,The Intern (2015),Comedy,2361509,257211.0
68237,0.1450154827495595,4.1368365468640675,3.6259637712443555,Moon (2009),Drama|Mystery|Sci-Fi|Thriller,1182345,17431.0
1299,0.3352313235103584,3.0829477070351468,3.699646362950837,"Killing Fields, The (1984)",Drama|War,87553,625.0
57640,0.17131253344481162,1.2234765280979716,3.7309301943062567,Hellboy II: The Golden Army (2008),Action|Adventure|Fantasy|Sci-Fi,411477,11253.0
64,0.017518330114343783,0.8710283100832005,3.611021330559109,Two if by Sea (1996),Comedy|Romance,118002,19760.0
1603,-2.6371656973032267,2.4113261362394205,2.4972512660011694,Mimic (1997),Horror|Sci-Fi|Thriller,119675,4961.0
3056,0.6285969748291965,0.45138271021953535,4.983512220354326,Oxygen (1999),Crime|Drama|Thriller,160620,18561.0
96588,0.2953129567512759,1.8316522992417703,3.7521367195772193,Pitch Perfect (2012),Comedy|Musical,1981677,114150.0
3181,0.4298556180754969,0.537826954879976,4.3901543019852545,Titus (1999),Drama,120866,12524.0
227,-5.005096671279459,5.24199589492188,2.636101652748354,Drop Zone (1994),Action|Thriller,109676,4954.0
113374,0.021298195863671907,0.09709471643732787,3.810263929618768,"Old Lady and the Pigeons, The (La vieille dame et les pigeons) (1997)",Animation|Comedy,127710,48347.0
179073,0.021298195863671907,0.09709471643732787,3.810263929618768,Male Hunt (1964),Comedy,57936,4835.0
96861,0.23882643470374731,1.0665411141310186,3.8148352307825966,Taken 2 (2012),Action|Crime|Drama|Thriller,1397280,82675.0
47970,-0.012547891436685561,0.009909334509698407,2.3246392496392496,"Last Kiss, The (2006)",Comedy|Drama,434139,7511.0
4476,0.3167468342872537,0.6429136487763588,4.0835830835830835,Big Business (1988),Comedy,94739,12710.0
2131,0.37122268784122414,0.3530056028764103,4.642514744803462,Autumn Sonata (Höstsonaten) (1978),Drama,77711,12761.0
109633,0.18841453112728762,0.21322145999044154,4.4745656006043815,"Garden of Words, The (Koto no ha no niwa) (2013)",Animation|Romance,2591814,198375.0
163112,0.18841453112728762,0.21322145999044154,4.4745656006043815,Winnie the Pooh Goes Visiting (1971),Animation,211730,36163.0
4247,-1.265217589730313,1.7736792482699832,2.877579670742291,Joe Dirt (2001),Adventure|Comedy|Mystery|Romance,245686,10956.0
87867,0.03443351777746714,0.02967852232720984,4.7511258091753445,Zookeeper (2011),Comedy,1222817,38317.0
4130,-0.30077897799345876,0.1826592983765944,1.944242424242424,Maid to Order (1987),Comedy|Fantasy,93476,2608.0
42009,-0.5381517087265739,0.4034955143524205,2.25718494879498,Cheaper by the Dozen 2 (2005),Adventure|Comedy,452598,9641.0
5610,-0.5760349699831411,0.3182724234480879,1.781028851388133,"Banger Sisters, The (2002)",Comedy|Drama,280460,9034.0
27899,-0.09782242059231383,0.06012854450521054,1.9640208733864322,What the #$*! Do We Know!? (a.k.a. What the Bleep Do We Know!?) (2004),Comedy|Documentary|Drama,399877,8357.0
2984,0.0816018248230772,0.07971507742832395,4.614577729962345,On Any Sunday (1971),Documentary,67527,29251.0
3806,-0.03489684528963725,0.23906605052316435,3.444937526928048,Mackenna's Gold (1969),Western,64615,18118.0
4465,-0.006408197503980516,0.6428878990737196,3.580941260571619,"Accused, The (1988)",Drama,94608,10868.0
1298,0.7105653088992038,3.80026477248515,3.777886933622544,Pink Floyd: The Wall (1982),Drama|Musical,84503,12104.0
1733,0.6659348227314289,0.5990098242031552,4.702635135832147,Afterglow (1997),Drama|Romance,118566,26941.0
8870,-0.24482570985488958,0.6751295804959014,3.228273951037041,"Forgotten, The (2004)",Drama|Mystery|Sci-Fi|Thriller,356618,10145.0
1252,1.2318361557291269,9.126837516981636,3.725877655150225,Chinatown (1974),Crime|Film-Noir|Mystery|Thriller,71315,829.0
1375,1.0420757116842583,9.526355091732519,3.7002978027143674,Star Trek III: The Search for Spock (1984),Action|Adventure|Sci-Fi,88170,157.0
55118,1.3403011382291778,1.859444738855219,4.311716281476284,Eastern Promises (2007),Crime|Drama|Thriller,765443,2252.0
168252,1.089863826965314,2.259355740603132,4.073287234102414,Logan (2017),Action|Sci-Fi,3315342,263115.0
1973,-0.650146434630921,0.9822466236353591,2.9290117435558503,"Freddy's Dead: The Final Nightmare (Nightmare on Elm Street Part 6: Freddy's Dead, A) (1991)",Horror,101917,11284.0
1050,-0.043481354060307086,0.7498792725672223,3.532924618406673,Looking for Richard (1996),Documentary|Drama,116913,42314.0
51935,0.29379845771952184,1.9528577281078954,3.7413544886924615,Shooter (2007),Action|Drama|Thriller,822854,7485.0
87306,0.18449223947644455,1.0736056018229878,3.7627526796191124,Super 8 (2011),Mystery|Sci-Fi|Thriller|IMAX,1650062,37686.0
3694,-0.7181047945498146,0.27986369318150434,1.025,"Toxic Avenger, Part II, The (1989)",Comedy|Horror,98503,28165.0
7247,-0.18448058263546568,0.8032147743615202,3.3612313153949263,Chitty Chitty Bang Bang (1968),Adventure|Children|Comedy|Fantasy|Musical,62803,11708.0
7127,-0.17095274511376174,0.32857212849163137,3.0706192358366273,Run (1991),Action|Drama|Thriller,102818,48129.0
936,0.42974773699857516,1.0413376278919353,4.003597277226288,Ninotchka (1939),Comedy|Romance,31725,1859.0
53355,-0.39495002018845515,0.2586398362296078,2.0638820638820636,Sun Alley (Sonnenallee) (1999),Comedy|Romance,177242,2241.0
78620,-0.2656301020736513,0.2586398362296078,2.5638820638820636,"Scalphunters, The (1968)",Comedy|Western,63557,32068.0
130452,-0.1363101839588474,0.2586398362296078,3.0638820638820636,While We're Young (2014),Comedy|Drama,1791682,252512.0
139157,-0.2656301020736513,0.2586398362296078,2.5638820638820636,Massu Engira Maasilamani (2015),Comedy|Horror|Thriller,4328798,329134.0
6367,-0.7226272338873246,1.9197212921322335,3.2144860982335746,Down with Love (2003),Comedy|Romance,309530,10720.0
6185,-0.15689940192707857,0.3143157705820882,3.0917314593301435,Dark Blue (2003),Action|Crime|Drama|Thriller,279331,4911.0
764,0.04302401382796776,0.13978414288596877,3.898698035632709,Heavy (1995),Drama|Romance,113280,22621.0
31038,0.04302401382796776,0.13978414288596877,3.898698035632709,Smooth Talk (1985),Drama|Romance,90037,33766.0
6568,0.11138072241454365,0.4438728048816621,3.841838458938831,Camp (2003),Comedy|Musical,342167,33339.0
504,0.11315850781029951,0.47511072114872316,3.8290820109743438,No Escape (1994),Action|Drama|Sci-Fi,110678,10447.0
7319,-0.4904036592240368,0.29440947364444736,1.925189393939394,Club Dread (2004),Comedy|Horror,331953,11217.0
71252,-0.11152640810257329,0.08917974377033226,2.3403290445053786,"Final Destination, The (Final Destination 4) (Final Destination in 3-D, The) (2009)",Horror|Thriller,1144884,19912.0
886,-0.7068822114857478,0.5171380999853783,2.2239972128135985,Bulletproof (1996),Action|Comedy|Crime,115783,10723.0
1255,0.1989445639151623,0.5171380999853783,3.9756120627473432,Bad Taste (1987),Comedy|Horror|Sci-Fi,92610,9964.0
54648,-0.23915498976031868,0.19350923728126776,2.355024989868972,Rush Hour 3 (2007),Action|Comedy|Crime|Thriller,293564,5174.0
65126,0.051108866161582965,0.19350923728126776,3.855024989868972,Choke (2008),Comedy|Drama,1024715,13973.0
2286,-0.2739628958128016,0.23906605052316435,2.444937526928048,"Fiendish Plot of Dr. Fu Manchu, The (1980)",Comedy,80731,3486.0
3440,-2.0042868922279036,2.3579502219663935,2.740896705763638,Teenage Mutant Ninja Turtles III (1993),Action|Adventure|Children|Comedy|Fantasy,108308,1499.0
4006,-0.16796161093167822,0.9316429048301037,3.4106236939389847,Transformers: The Movie (1986),Adventure|Animation|Children|Sci-Fi,92106,1857.0
904,5.776054771955497,9.975143446277984,4.169953873880178,Rear Window (1954),Mystery|Thriller,47396,567.0
2150,2.4383418452269114,6.314605181327151,3.977052289922911,"Gods Must Be Crazy, The (1980)",Adventure|Comedy,80801,8393.0
41,-0.1272406002210199,3.2361013802579803,3.551589988918882,Richard III (1995),Drama|War,114279,31174.0
50872,1.9354844209910889,10.734711144423667,3.7712105815548367,Ratatouille (2007),Animation|Children|Drama,382932,2062.0
69757,5.608367961356484,7.462485397504666,4.342450656837224,(500) Days of Summer (2009),Comedy|Drama|Romance,1022603,19913.0
104879,-0.32964096303353035,2.2190358811556368,3.442357656552897,Prisoners (2013),Drama|Mystery|Thriller,1392214,146233.0
144210,0.0772189641468363,0.28820758365585,3.8588373777616805,Just Eat It: A Food Waste Story (2014),Documentary,3597400,259985.0
931,-0.06633633783505788,1.191907685800433,3.5352534905422646,Spellbound (1945),Mystery|Romance|Thriller,38109,4174.0
2041,0.42431041424531113,0.7857393655572054,4.130923290076027,Condorman (1981),Action|Adventure|Children|Comedy,82199,19379.0
4017,0.5870662038810558,1.1294160689360488,4.110705311299415,Pollock (2000),Drama,183659,12509.0
122916,-1.306944341646106,3.8091735727026275,3.2478046571778596,Thor: Ragnarok (2017),Action|Adventure|Sci-Fi,3501632,284053.0
39381,0.09147391539333743,0.21637467110146827,4.013666130481624,"Proposition, The (2005)",Crime|Drama|Western,421238,16608.0
92535,0.3158834734844307,1.2103162080588503,3.851901607890299,Louis C.K.: Live at the Beacon Theater (2011),Comedy,2112999,80379.0
5291,0.41100075093519695,2.7010176782982516,3.743074237489747,Rashomon (Rashômon) (1950),Crime|Drama|Mystery,42876,548.0
1326,-1.1566691305886558,0.32857212849163137,0.07061923583662733,Amityville II: The Possession (1982),Horror,83550,16235.0
5265,0.09823616876347949,0.9274467818490252,3.696830175208536,Death to Smoochy (2002),Comedy|Crime|Drama,266452,9275.0
3675,0.042452897785832513,0.9583196434513523,3.635208399679325,White Christmas (1954),Comedy|Musical|Romance,47673,13368.0
8985,-1.2314799793981466,1.0873652779301821,2.4583734063576315,Blade: Trinity (2004),Action|Fantasy|Horror|Thriller,359013,36648.0
50601,-1.1576016578626307,0.8462003433284931,2.2229095775677776,Bridge to Terabithia (2007),Adventure|Children|Fantasy,398808,1265.0
1189,0.4007711907752861,2.1951926832794006,3.773476750608363,"Thin Blue Line, The (1988)",Documentary,96257,14285.0
154,0.4981850923868789,1.443997672354333,3.935913173619712,Beauty of the Day (Belle de jour) (1967),Drama,61395,649.0
70697,-0.006990265844043497,0.2586398362296078,3.5638820638820636,G-Force (2009),Action|Adventure|Children|Fantasy,436339,19585.0
83969,-0.39495002018845515,0.2586398362296078,2.0638820638820636,Down Argentine Way (1940),Comedy|Drama|Romance,32410,43810.0
1321,-1.4460401391579563,2.5694918760086294,3.028136290317796,"American Werewolf in London, An (1981)",Comedy|Horror|Thriller,82010,814.0
425,0.04302401382796776,0.13978414288596877,3.898698035632709,Blue Sky (1994),Drama|Romance,109306,57834.0
3341,0.892870371401426,1.7059267546495742,4.114302237166907,Born Yesterday (1950),Comedy,42276,24481.0
1979,0.15488592439477689,0.5308639134158237,3.882671104639068,Friday the 13th Part VI: Jason Lives (1986),Horror,91080,10225.0
7366,0.06291837147899265,0.6472762757647096,3.688113907205902,Jersey Girl (2004),Comedy|Drama|Romance,300051,9541.0
6588,0.19811871665951905,0.40536541607612603,4.079650134921373,And Now... Ladies and Gentlemen... (2002),Romance|Thriller,283883,50350.0
3573,-0.3544836431195904,0.19428430440208322,1.766347687400319,Carnosaur 2 (1995),Horror|Sci-Fi,112634,65460.0
7072,-0.007629603834498017,0.06012854450521054,3.464020873386432,Stagecoach (1939),Action|Drama|Romance|Western,31971,995.0
71254,0.002980521094677273,0.6408818960897655,3.595559746689606,Gamer (2009),Action|Sci-Fi|Thriller,1034032,18501.0
86817,-0.06398358642046237,0.7669856676045226,3.507486950023071,Something Borrowed (2011),Comedy|Drama|Romance,491152,49022.0
4110,-0.03489684528963725,0.23906605052316435,3.444937526928048,"Fourth Protocol, The (1987)",Thriller,93044,4918.0
5428,-0.513028946335966,0.23906605052316435,1.4449375269280482,Cheech & Chong's The Corsican Brothers (1984),Comedy,87042,14774.0
42418,0.2041692052335271,0.23906605052316435,4.444937526928048,"New World, The (2005)",Adventure|Drama|Romance,402399,11400.0
4902,0.4810133851792561,0.8246923783121353,4.174173102835243,"Devil's Backbone, The (Espinazo del diablo, El) (2001)",Drama|Fantasy|Horror|Thriller|War,256009,1433.0
347,0.4935345778861644,2.0145417929949594,3.835895111850578,Bitter Moon (1992),Drama|Film-Noir|Romance,104779,10497.0
455,-1.5061044797684442,7.2528411857615165,3.3832519202646862,Free Willy (1993),Adventure|Children|Drama,106965,1634.0
119145,-1.5268465232811825,6.425178783872721,3.3532742211816386,Kingsman: The Secret Service (2015),Action|Adventure|Comedy|Crime,2802144,207703.0
2410,-1.7761188104555947,2.625195111612726,2.9143426891971513,Rocky III (1982),Action|Drama,84602,1371.0
119141,0.1823582996117678,1.8178998020864443,3.691221715071584,The Interview (2014),Action|Comedy,2788710,228967.0
3256,2.5911668429953334,6.610493910211942,3.982886888361181,Patriot Games (1992),Action|Crime|Drama|Thriller,105112,9869.0
63062,0.26552602878514464,0.8734538350656532,3.8949045834300966,Changeling (2008),Crime|Drama|Mystery,824747,3580.0
3285,-0.8711070734266838,3.8956288805378017,3.3672976792115716,"Beach, The (2000)",Adventure|Drama,163978,1907.0
484,0.2123493141079093,0.474663172711797,4.038277511961723,Lassie (1994),Adventure|Children,110305,29918.0
26680,-0.8828953713934554,1.0650512084423889,2.7619392119070585,Cry-Baby (1990),Comedy|Musical|Romance,99329,9768.0
52245,-1.781852701740549,2.1046672650242697,2.7442894226357772,Blades of Glory (2007),Comedy|Romance,445934,9955.0
77800,-0.015430214468371301,0.035382046627900676,3.1548061534322143,Four Lions (2010),Comedy|Drama,1341167,37495.0
40962,-0.46914179947910273,0.7694211645369463,2.981175669082253,"Yours, Mine and Ours (2005)",Comedy|Romance,443295,13499.0
66943,-0.39495002018845515,0.2586398362296078,2.0638820638820636,"Cottage, The (2008)",Comedy|Crime|Horror|Thriller,465430,13849.0
93022,-0.39495002018845515,0.2586398362296078,2.0638820638820636,Miss Nobody (2010),Comedy|Crime,1129427,51875.0
176805,-0.1363101839588474,0.2586398362296078,3.0638820638820636,Little Boxes (2017),Comedy|Drama,5030402,390407.0
1529,-0.04527463356721132,1.0567356910948038,3.5480652332171965,Nowhere (1997),Comedy|Drama,119809,1811.0
59022,0.5071541879866237,1.32441410924664,3.9738362920358634,Harold & Kumar Escape from Guantanamo Bay (2008),Adventure|Comedy,481536,13335.0
80572,-0.0050731224169969944,0.05464477574879632,3.498070894622619,I'm Still Here (2010),Comedy|Drama,1356864,43939.0
138835,0.18841453112728762,0.21322145999044154,4.4745656006043815,Return to Treasure Island (1988),Adventure|Animation|Comedy,122227,49418.0
112515,-0.01779112497798702,0.3848154439683154,3.5446762141967625,"Babadook, The (2014)",Drama|Horror|Thriller,2321549,242224.0
160718,-0.23721447901994752,1.0486510078885094,3.3646999162308666,Piper (2016),Animation,5613056,399106.0
2847,-0.13692188778219105,0.3645872947131095,3.215355993563958,Only Angels Have Wings (1939),Adventure|Drama|Romance,31762,43832.0
2810,0.5001396332769052,0.40834185248557453,4.815715292459478,Perfect Blue (1997),Animation|Horror|Mystery|Thriller,156887,10494.0
33896,0.09179778079133069,0.40834185248557453,3.8157152924594784,3 Extremes (Three... Extremes) (Saam gaang yi) (2004),Horror,420251,33908.0
5572,-0.012171013612539243,0.11542291334198715,3.4854619724805542,Barbershop (2002),Comedy,303714,10611.0
2365,-0.2739628958128016,0.23906605052316435,2.444937526928048,King Kong vs. Godzilla (Kingukongu tai Gojira) (1962),Action|Sci-Fi,56142,1680.0
1136,6.287088701380362,19.410306579458833,3.9148137482437537,Monty Python and the Holy Grail (1975),Adventure|Comedy|Fantasy,71853,762.0
15,-0.25118139680785845,1.9837421516115343,3.464289108264771,Cutthroat Island (1995),Action|Adventure|Romance,112760,1408.0
43,-0.9487710808127903,1.143607966484564,2.7612794375504315,Restoration (1995),Drama,114272,35196.0
2420,-0.5100759085944212,4.097780961938284,3.4664329626503587,"Karate Kid, The (1984)",Drama,87538,1885.0
3686,-0.42798813460463586,3.2877153180652954,3.4607311122219055,Flatliners (1990),Horror|Sci-Fi|Thriller,99582,1551.0
3638,-1.729099605102874,3.7338642063435654,3.1278232609088303,Moonraker (1979),Action|Adventure|Sci-Fi|Thriller,79574,698.0
4235,1.0130936018634822,2.8408353801499637,3.9475272916476363,Amores Perros (Love's a Bitch) (2000),Drama|Thriller,245712,55.0
1253,2.4559937436929205,4.040256842283983,4.1987896884961815,"Day the Earth Stood Still, The (1951)",Drama|Sci-Fi|Thriller,43456,828.0
60389,0.20229980787105872,0.20646533659176985,4.570733652312599,Battle for Haditha (2007),War,870211,14111.0
4629,-0.6999473413958047,0.4179197372327056,1.9160723243314433,Next of Kin (1989),Action|Crime|Thriller,97967,27418.0
1151,-0.2770261094181836,0.48630767496741256,3.021257153096785,Lesson Faust (1994),Animation|Comedy|Drama|Fantasy,109781,18919.0
4015,-3.0192437829135006,3.942013803680025,2.8249950344704966,"Dude, Where's My Car? (2000)",Comedy|Sci-Fi,242423,8859.0
41571,0.2016407033161789,1.2038423654284243,3.7584066878593516,Memoirs of a Geisha (2005),Drama|Romance,397535,1904.0
68659,0.12390825417961834,0.6267420857774717,3.788611235046915,Fanboys (2009),Adventure|Comedy|Drama,489049,13532.0
80860,0.23910167894887874,0.2685491707393062,4.481255087102788,Life as We Know It (2010),Comedy|Romance,1055292,38408.0
69469,-0.39495002018845515,0.2586398362296078,2.0638820638820636,Garfield's Pet Force (2009),Animation,1389762,19508.0
158398,-0.39495002018845515,0.2586398362296078,2.0638820638820636,World of Glory (1991),Comedy,102083,44238.0
181065,-0.1315551885085901,0.28831835855681764,3.134624624088831,Jack Whitehall: At Large (2017),Comedy,7539884,479269.0
5420,-0.30918325804295116,0.8433536315545824,3.22429745081569,Windtalkers (2002),Action|Drama|War,245562,12100.0
4534,-0.15689940192707857,0.3143157705820882,3.0917314593301435,Return to Snowy River (a.k.a. The Man From Snowy River II) (1988),Adventure|Drama|Western,95993,13965.0
45081,-1.0644556211857406,0.9162894470325428,2.4292067220418705,Silent Hill (2006),Fantasy|Horror|Thriller,384537,588.0
1827,-0.3181316266633393,0.8137072685617006,3.199943397281129,"Big One, The (1997)",Comedy|Documentary,124295,1774.0
2346,-1.2608613621900444,1.3706033780773197,2.6709774882606436,"Stepford Wives, The (1975)",Mystery|Sci-Fi|Thriller,73747,12223.0
3434,-0.8370629344871469,0.47511072114872316,1.8290820109743435,Death Wish 5: The Face of Death (1994),Action|Drama,109578,34746.0
91483,-0.6465971607467836,0.3881135418648161,1.924909090909091,Bullet to the Head (2012),Action|Crime|Film-Noir,1308729,70074.0
5667,0.051108866161582965,0.19350923728126776,3.855024989868972,Tuck Everlasting (2002),Drama|Fantasy,283084,13768.0
34323,0.3292542834147957,0.4325752878044321,4.3520581733866175,"Devil's Rejects, The (2005)",Action|Crime|Horror,395584,1696.0
3527,0.013548068010223457,8.56849159962909,3.592490240619363,Predator (1987),Action|Sci-Fi|Thriller,93773,106.0
8798,0.7227377989234114,6.0351257188330365,3.7106643093742266,Collateral (2004),Action|Crime|Drama|Thriller,369339,1538.0
8865,-3.1844724056871683,2.649547288714072,2.38901606591888,Sky Captain and the World of Tomorrow (2004),Action|Adventure|Sci-Fi,346156,5137.0
6787,0.3752315718529948,2.11691056423326,3.768163424744825,All the President's Men (1976),Drama|Thriller,74119,891.0
44555,0.6057600214776001,5.456940131007962,3.701916359989338,"Lives of Others, The (Das leben der Anderen) (2006)",Drama|Romance|Thriller,405094,582.0
3040,0.9411008247491484,1.0248054160803697,4.509230569291425,Meatballs (1979),Comedy,79540,14035.0
3835,-1.0975403577604677,1.0425215189430384,2.5381343156956158,"Crush, The (1993)",Thriller,106627,33408.0
61132,0.14109526998027094,2.1883781612445103,3.6553839026573636,Tropic Thunder (2008),Action|Adventure|Comedy|War,942385,7446.0
60735,-0.10739819701659606,0.20646533659176985,3.0707336523125996,Shotgun Stories (2007),Drama|Thriller,952682,12247.0
3824,-0.7267946345242084,0.4724323260677971,2.0524990490443673,Autumn in New York (2000),Drama|Romance,174480,10641.0
5220,-1.8380594467698814,1.598521408202453,2.4410593376694454,Showtime (2002),Action|Comedy,284490,5851.0
37545,0.021298195863671907,0.09709471643732787,3.810263929618768,Woyzeck (1979),Drama,80149,10319.0
136305,-0.17289123701098383,0.09709471643732787,1.8102639296187681,Sharknado 3: Oh Hell No! (2015),Horror|Sci-Fi,3899796,331446.0
6659,0.6518714163558526,1.1794307991898387,4.143609102477068,Tremors (1990),Comedy|Horror|Sci-Fi,100814,9362.0
2385,-0.5961876323625336,0.5425201266815841,2.49198648317246,Home Fries (1998),Comedy|Romance,119304,12257.0
74946,0.770359519765409,1.415982239397694,4.134955123642588,She's Out of My League (2010),Comedy,815236,34016.0
51575,0.30394868656961344,0.3774981023271499,4.396075222065436,Wild Hogs (2007),Adventure|Comedy,486946,11199.0
134847,-0.39495002018845515,0.2586398362296078,2.0638820638820636,Ghost Graduation (2012),Comedy,1924273,86541.0
159069,-0.2656301020736513,0.2586398362296078,2.5638820638820636,Comedy of the Strict Regime (1993),Comedy,106591,83501.0
172321,0.3809694885003682,0.2586398362296078,5.063882063882064,Late Night with Conan O'Brien: The Best of Triumph the Insult Comic Dog (2004),Comedy,422618,263029.0
3310,-0.014956327925934168,0.3530056028764103,3.548540562466299,"Kid, The (1921)",Comedy|Drama,12349,10098.0
55261,-1.1150454686950577,0.7759849792301914,2.1539670127245003,"Heartbreak Kid, The (2007)",Comedy|Drama|Romance,408839,9038.0
2798,-2.7863234835094675,1.4850372846024313,1.7146440890809302,Problem Child (1990),Children|Comedy,100419,11077.0
2691,0.40080142469758206,0.40536541607612603,4.579650134921373,"Legend of 1900, The (a.k.a. The Legend of the Pianist on the Ocean) (Leggenda del pianista sull'oceano) (1998)",Drama,120731,10376.0
6335,0.40080142469758206,0.40536541607612603,4.579650134921373,"Dancer Upstairs, The (2002)",Crime|Drama|Thriller,118926,20689.0
2741,-0.36195221333842365,0.47511072114872316,2.8290820109743438,No Mercy (1986),Action|Crime|Thriller,91637,26789.0
61348,-1.7506669730837285,0.6526023886826129,0.9083155187069685,Disaster Movie (2008),Comedy,1213644,13805.0
8939,-0.022346664332241025,0.08917974377033226,3.3403290445053786,"Final Cut, The (2004)",Sci-Fi|Thriller,364343,11099.0
33148,-0.06693653621740715,0.08917974377033226,2.8403290445053786,King's Ransom (2005),Comedy|Crime,388183,27360.0
44633,0.05636348838470273,0.3784405648687192,3.7398452611218564,"Devil and Daniel Johnston, The (2005)",Documentary,436231,13222.0
43549,0.051108866161582965,0.19350923728126776,3.855024989868972,Helter Skelter (2004),Action|Crime|Drama|Horror,383393,45759.0
1904,0.05476552260486791,0.026243169571654894,5.677757726144823,Henry Fool (1997),Comedy|Drama,122529,37410.0
48416,-0.15442987055121943,0.23906605052316435,2.944937526928048,School for Scoundrels (2006),Comedy|Crime,462519,9842.0
1793,-0.19260059397416693,0.5256863270824323,3.2245297805642634,Welcome to Woop-Woop (1997),Comedy,120491,6970.0
4741,0.07369915713595607,1.361072680236006,3.645056939298184,Together (Tillsammans) (2000),Comedy|Drama|Romance,203166,742.0
112,-1.3797901598225575,8.108989656300768,3.420753471244384,Rumble in the Bronx (Hont faan kui) (1995),Action|Adventure|Comedy|Crime,113326,33542.0
105504,1.3537079514833774,2.3010638276999082,4.179205658430433,Captain Phillips (2013),Adventure|Drama|Thriller|IMAX,1535109,109424.0
5446,-0.1610649306477897,0.5207811071738581,3.2816334116859203,Rabbit-Proof Fence (2002),Adventure|Drama,252444,9555.0
50068,0.11903587209794245,1.5128561973799437,3.669591963943617,Letters from Iwo Jima (2006),Drama|War,498380,1251.0
125916,0.650093285787763,0.236100825131288,6.344365312107247,Fifty Shades of Grey (2015),Drama|Romance,2322441,216015.0
6663,0.01366859202917389,0.1572232609425384,3.677846557714142,"Pink Panther Strikes Again, The (1976)",Comedy|Crime,75066,12268.0
2524,0.2085441347202754,1.0976982790952667,3.7808922025635607,"Towering Inferno, The (1974)",Action|Adventure|Drama|Thriller,72308,5919.0
86290,-0.0013540636103403056,0.0009890868959628648,2.2219054008721906,American: The Bill Hicks Story (2009),Comedy|Documentary,1179947,46105.0
4448,-0.11029124872417818,2.70465197444095,3.5501307394736994,"Score, The (2001)",Action|Drama,227445,11371.0
8024,-0.0066666808679460565,0.32857212849163137,3.5706192358366273,"Thing Called Love, The (1993)",Comedy|Drama|Romance,108327,27804.0
7541,0.7803568625557755,1.3211004390354903,4.1815960966037515,100 Girls (2000),Comedy|Romance,214388,10035.0
5874,-0.24294332466239588,0.28455016740175215,2.7371288001409333,Friday After Next (2002),Comedy,293815,10426.0
1194,-0.419023660248129,1.3772905787538356,3.2866714327765134,Cheech and Chong's Up in Smoke (1978),Comedy,78446,11455.0
130518,-0.2656301020736513,0.2586398362296078,2.5638820638820636,The Amazing Screw-On Head (2006),Action|Adventure|Animation|Comedy|Sci-Fi,468445,213110.0
143559,-0.39495002018845515,0.2586398362296078,2.0638820638820636,L.A. Slasher (2015),Comedy|Crime|Fantasy,2735292,323792.0
136562,-1.1232779640535422,1.1126031598148507,2.5813146509288307,Steve Jobs (2015),Drama,2080374,321697.0
96737,0.2881027159463198,0.7752381155910157,3.9625403486506943,Dredd (2012),Action|Sci-Fi,1343727,49049.0
75985,-0.45563100891625286,1.2332318533384428,3.2214481434945164,Repo Men (2010),Action|Sci-Fi|Thriller,1053424,31867.0
4037,-0.10750622134401033,0.9737978009877619,3.4805101752050684,House of Games (1987),Crime|Film-Noir|Mystery|Thriller,93223,26719.0
6279,0.15741636865500963,0.3143157705820882,4.091731459330143,"Good Thief, The (2002)",Crime|Drama,281820,6016.0
269,-0.6297565383194251,0.8496715199547799,2.8497326203208555,My Crazy Life (Mi vida loca) (1993),Drama,107566,32325.0
81512,0.06683307943809123,0.08917974377033226,4.340329044505379,Hereafter (2010),Drama|Fantasy,1212419,44603.0
7368,0.051108866161582965,0.19350923728126776,3.855024989868972,Never Die Alone (2004),Crime|Drama|Thriller,354766,20304.0
38992,0.051108866161582965,0.19350923728126776,3.855024989868972,Two for the Money (2005),Drama,417217,9910.0
3015,-0.03489684528963725,0.23906605052316435,3.444937526928048,Coma (1978),Thriller,77355,11223.0
3086,0.2644379006239841,0.15569545040039195,5.289339584182633,Babes in Toyland (1934),Children|Comedy|Fantasy|Musical,24852,25898.0
1732,4.787994378057215,14.564764776508719,3.9196472786881134,"Big Lebowski, The (1998)",Comedy|Crime,118715,115.0
60756,0.42269266036751485,3.338553922552607,3.7175185961539037,Step Brothers (2008),Comedy,838283,12133.0
849,-5.698583818281176,8.941178731037645,2.9535676407824316,Escape from L.A. (1996),Action|Adventure|Sci-Fi|Thriller,116225,10061.0
1263,2.181089161663025,6.0346319681607055,3.9523377866722558,"Deer Hunter, The (1978)",Drama|War,77416,11778.0
327,-2.516333516662921,6.133592679960252,3.180654669404331,Tank Girl (1995),Action|Comedy|Sci-Fi,114614,9067.0
72330,0.06388651446135352,0.2885197427286932,3.8123376623376624,"Private Lives of Pippa Lee, The (2009)",Drama,1134629,4475.0
2278,-1.7581841615961409,6.812818000326614,3.3328390585800527,Ronin (1998),Action|Crime|Thriller,122690,8195.0
51357,0.0772189641468363,0.28820758365585,3.8588373777616805,Citizen X (1995),Crime|Drama|Thriller,112681,12554.0
1894,-1.7902813600753313,2.4408642725444443,2.8574470216687238,Six Days Seven Nights (1998),Adventure|Comedy|Romance,120828,6068.0
2841,1.2458587973850066,4.254515459370905,3.8837412146332873,Stir of Echoes (1999),Horror|Mystery|Thriller,164181,11601.0
5329,-0.4583370976915204,0.8855057397468428,3.0733098511542423,"Salton Sea, The (2002)",Crime|Drama|Thriller,235737,11468.0
8495,-0.10739819701659606,0.20646533659176985,3.0707336523125996,Animal Factory (2000),Crime|Drama,204137,9791.0
61248,-0.22989355177072882,0.7581674889112031,3.2876864453418473,Death Race (2008),Action|Adventure|Sci-Fi|Thriller,452608,10483.0
2794,-0.5925643412342546,1.5666661510032407,3.2126764081803576,European Vacation (aka National Lampoon's European Vacation) (1985),Adventure|Comedy|Romance,89670,11418.0
3766,-0.29877157573696245,0.5833248914087449,3.078721834480823,Missing in Action (1984),Action|War,87727,15379.0
2106,0.309095397904609,1.2568629094249635,3.8368351943741263,Swing Kids (1993),Drama|War,108265,10419.0
175693,-0.027249162354992026,0.09709471643732787,3.310263929618768,Rick and Morty: State of Georgia Vs. Denver Fenton Allen (2016),Comedy|Crime,5950978,412103.0
2257,-0.0066666808679460565,0.32857212849163137,3.5706192358366273,No Small Affair (1984),Comedy|Romance,87810,44772.0
62956,0.0033710574324307407,0.5685438154532266,3.5968383743535752,Futurama: Bender's Game (2008),Action|Adventure|Animation|Comedy|Fantasy|Sci-Fi,1054486,13253.0
69654,0.1020342928904025,0.134171078052734,4.351388132825258,Prison Break: The Final Break (2009),Action|Drama|Thriller,1131748,176241.0
5094,-0.32389998906953266,0.2548716450745423,2.320073376819351,Rollerball (2002),Action|Sci-Fi,246894,11535.0
8372,-0.6305530173509979,0.5868856305231044,2.5165038157467534,Garfield: The Movie (2004),Animation|Children|Comedy,356634,8920.0
8016,0.014405848074907933,0.13805604405120123,3.695256916996047,"Getaway, The (1972)",Action|Crime|Drama|Thriller,68638,5916.0
5619,-0.040710642188667365,0.6513702750186778,3.528409090909091,"Trials of Henry Kissinger, The (2002)",Documentary,326306,54714.0
5316,-0.15910143481882577,0.8991900316547695,3.41397048036196,Enigma (2001),Romance|Thriller,157583,10491.0
79428,-0.10280248266541944,0.47705118113570755,3.375413381579372,Dinner for Schmucks (2010),Comedy,427152,38778.0
182749,-0.02492352687695254,0.02967852232720984,2.7511258091753445,Judd Apatow: The Return (2017),Comedy,7738550,487156.0
3404,1.6661208318557579,1.2787652301460724,4.893822864741868,Titanic (1953),Action|Drama,46435,16535.0
5941,-0.8321278810314603,1.262046827432231,2.931561226040627,Drumline (2002),Comedy|Drama|Musical|Romance,303933,13497.0
122906,0.2546605805815333,1.2848184888580991,3.7891165286054975,Black Panther (2017),Action|Adventure|Sci-Fi,1825683,284054.0
43932,-0.4474360165035259,0.2826889810516,2.0081236040497563,Pulse (2006),Action|Drama|Fantasy|Horror|Mystery|Sci-Fi|Thriller,454919,9682.0
4956,0.09376447510756944,0.12542919948815853,4.3384581105169335,"Stunt Man, The (1980)",Action|Adventure|Comedy|Drama|Romance|Thriller,81568,42160.0
69251,0.051108866161582965,0.19350923728126776,3.855024989868972,Special (2006),Drama|Fantasy,479162,13856.0
5876,-0.08671214622460374,0.09872843615085969,2.71261961722488,"Quiet American, The (2002)",Drama|Thriller|War,258068,8198.0
2494,-0.07580228502820839,0.5326107921718857,3.4485869935308138,"Last Days, The (1998)",Documentary,174852,20595.0
1240,4.487933205870846,25.441967977967455,3.7673079138994097,"Terminator, The (1984)",Action|Sci-Fi|Thriller,88247,218.0
2019,-0.8322435558315091,9.859299813053125,3.5064970564226594,Seven Samurai (Shichinin no samurai) (1954),Action|Adventure|Drama,47478,346.0
4967,0.6516111429709451,1.0949032080010426,4.186040366632163,No Man's Land (2001),Drama|War,283509,8342.0
165,-2.3334505547781133,30.000106876514387,3.513127682850013,Die Hard: With a Vengeance (1995),Action|Crime|Thriller,112864,1572.0
775,-0.15140500080776512,0.30671722744282753,3.0972785176606834,Spirits of the Dead (1968),Horror|Mystery,63715,41225.0
45668,-1.1375377622035943,1.1040966471668208,2.5606208773522567,"Lake House, The (2006)",Drama|Fantasy|Romance,410297,2044.0
106696,1.0357002676431206,4.253175056724817,3.834421350298825,Frozen (2013),Adventure|Animation|Comedy|Fantasy|Musical|Romance,2294629,109445.0
56174,1.2614809381955043,5.825144797391603,3.807466958923011,I Am Legend (2007),Action|Horror|Sci-Fi|Thriller|IMAX,480249,6479.0
140289,0.0772189641468363,0.28820758365585,3.8588373777616805,Men & Chicken (2015),Comedy|Drama,3877674,296313.0
1330,-0.2741684456098742,0.45138271021953535,2.9835122203543256,April Fool's Day (1986),Horror,90655,24913.0
2428,-1.6033539359300018,3.094882791020465,3.0728429655676095,"Faculty, The (1998)",Horror|Sci-Fi,133751,9276.0
3401,-1.174763874869853,1.2608500867059285,2.659185417130381,Baby... Secret of the Lost Legend (1985),Adventure|Sci-Fi,88760,19736.0
166492,0.9415795820277914,0.7928916364693588,4.778435278246014,Office Christmas Party (2016),Comedy,1711525,384682.0
33495,-0.33145482604134924,0.7365117644528839,3.14087578249674,Kicking & Screaming (2005),Comedy,384642,9981.0
32898,0.1516493552144027,0.31031617642776943,4.079602129603131,"Trip to the Moon, A (Voyage dans la lune, Le) (1902)",Action|Adventure|Fantasy|Sci-Fi,417,775.0
3074,0.44442497098905764,0.8819539495968839,4.0948185877622905,Jeremiah Johnson (1972),Western,68762,11943.0
3262,0.021032546394579216,0.8290018266975288,3.6162800197987965,Twin Peaks: Fire Walk with Me (1992),Crime|Drama|Mystery|Thriller,105665,1923.0
8605,-0.3710488877977103,0.7030399979325038,3.063131313131313,Taxi 3 (2003),Action|Comedy,295721,2334.0
1703,-0.12863503887700634,0.6785292929396893,3.4013298933482865,For Richer or Poorer (1997),Comedy,119142,10371.0
1091,-1.9783641203070121,2.8157055996792963,2.8882915585462103,Weekend at Bernie's (1989),Comedy,98627,8491.0
1132,0.19748901480139827,0.882019133557578,3.8148146812615775,Manon of the Spring (Manon des sources) (1986),Drama,91480,4481.0
26184,0.33345337151763116,0.47186129622004935,4.2975857651539044,"Diamond Arm, The (Brilliantovaya ruka) (1968)",Action|Adventure|Comedy|Crime|Thriller,62759,20873.0
79684,-0.1363101839588474,0.2586398362296078,3.0638820638820636,Paper Man (2009),Comedy|Drama,437405,39414.0
177185,-0.2656301020736513,0.2586398362296078,2.5638820638820636,Maz Jobrani: Immigrant (2017),Comedy,7164714,468366.0
86066,-0.024806928863153912,0.21322145999044154,3.4745656006043815,Playing the Victim (Izobrazhaya zhertvu) (2006),Comedy,820096,64484.0
32298,-0.38317979961014614,0.31236750337880986,2.3642136265429983,Guess Who (2005),Comedy|Romance,372237,11638.0
2764,0.4476392996193019,0.6367592118446513,4.293905280508797,"Thomas Crown Affair, The (1968)",Crime|Drama|Romance|Thriller,63688,912.0
5088,-0.7771331729675097,0.6815297010190097,2.450631313131313,"Going Places (Valseuses, Les) (1974)",Comedy|Crime|Drama,72353,4031.0
8973,0.5922417660497843,1.0254463451573006,4.168454438695119,Bad Education (La mala educación) (2004),Drama|Thriller,275491,140.0
4921,0.7291469583222716,1.0493979572971395,4.285733159559162,Little Women (1933),Drama|Romance,24264,39938.0
32666,-0.19740094617605664,0.07971507742832395,1.1145777299623454,National Lampoon's Lady Killers (National Lampoon's Gold Diggers) (2003),Comedy,376717,44181.0
96417,0.10872490489925193,0.35819291503816547,3.8944463758039283,Premium Rush (2012),Action|Thriller,1547234,49526.0
5462,-0.03489684528963725,0.23906605052316435,3.444937526928048,"Crocodile Hunter: Collision Course, The (2002)",Adventure|Comedy,305396,17043.0
5048,-0.45648549772689334,1.785448486822625,3.3352391563823027,Snow Dogs (2002),Adventure|Children|Comedy,281373,11888.0
358,-1.80648192047302,1.576432304039742,2.4449785515235707,Higher Learning (1995),Drama,113305,16295.0
366,-1.3003368967023368,1.8695882652607734,2.8953886274657865,"Wes Craven's New Nightmare (Nightmare on Elm Street Part 7: Freddy's Finale, A) (1994)",Drama|Horror|Mystery|Thriller,111686,11596.0
71579,0.4940275716274061,0.29842907723839157,5.2463361565256434,"Education, An (2009)",Drama|Romance,1174732,24684.0
4007,1.1992710728434155,2.0053915560659163,4.188932488991054,Wall Street (1987),Drama,94291,10673.0
1831,-2.1812456757859975,6.855508189227027,3.272734913943818,Lost in Space (1998),Action|Adventure|Sci-Fi,120738,2157.0
1971,-0.7296276378272094,0.9822466236353591,2.8480939767916102,"Nightmare on Elm Street 4: The Dream Master, A (1988)",Horror|Thriller,95742,10131.0
2036,-0.416568816729559,0.6448919475008031,2.9449577523260637,Blank Check (1994),Children|Comedy,109287,13962.0
4238,-0.34451984469629326,3.5982017070484877,3.4951613055580317,Along Came a Spider (2001),Action|Crime|Mystery|Thriller,164334,2043.0
2732,0.7580095761586135,0.7694896514951823,4.5759900139413086,Jules and Jim (Jules et Jim) (1961),Drama|Romance,55032,1628.0
54995,0.5895019440054814,2.7550434207350825,3.804881015840929,Planet Terror (2007),Action|Horror|Sci-Fi,1077258,1992.0
66198,-0.020030554004378975,0.09908907828003066,3.3887621504786667,"International, The (2009)",Drama|Thriller,963178,4959.0
74647,1.189843268069936,0.438748176110073,6.302813852813852,Motherhood (2009),Comedy,1220220,22805.0
1286,-0.41032203362743574,0.7131280007625741,3.0155256629849827,Somewhere in Time (1980),Drama|Romance,81534,16633.0
26974,-0.8777560974752008,0.9035078696245247,2.6194110807811057,Gummo (1997),Drama,119237,18415.0
85881,-0.22904853506384432,1.241116207350128,3.4063586566247146,Win Win (2011),Comedy|Drama,1606392,55725.0
65088,-0.199076427376495,0.6873914072848959,3.301297633351278,Bedtime Stories (2008),Adventure|Children|Comedy,960731,10202.0
116799,-0.21527196937914173,0.43946021971711174,3.1010536734660374,Inherent Vice (2014),Comedy|Crime|Drama|Mystery|Romance,1791528,171274.0
40581,-0.5460898922798244,0.5404598506345484,2.5804919588341257,Just Friends (2005),Comedy|Romance,433400,10033.0
155509,-0.061169954171032936,0.7112082233462195,3.504900588528129,Mr. Right (2016),Action|Comedy|Romance,2091935,333385.0
142509,-0.43636832245800494,0.6815297010190097,2.950631313131313,Hardcore Henry (2015),Action|Adventure|Sci-Fi,3072482,325348.0
2734,0.05185790877170428,0.9114609855810187,3.647804459544806,"Mosquito Coast, The (1986)",Adventure|Drama|Thriller,91557,11120.0
31445,-0.06693653621740715,0.08917974377033226,2.8403290445053786,Employee of the Month (2004),Comedy|Drama,362590,11413.0
45662,-0.6745974613944862,0.44737265880849775,2.0829996375438276,"Omen, The (2006)",Horror|Thriller,466909,806.0
51698,-0.06693653621740715,0.08917974377033226,2.8403290445053786,"Last Mimzy, The (2007)",Adventure|Children|Sci-Fi,768212,2267.0
69606,-0.4285644676579963,0.35819291503816547,2.3944463758039283,Ghosts of Girlfriends Past (2009),Comedy|Fantasy|Romance,821640,12556.0
590,7.656303104887915,35.13841308710412,3.8087989280485433,Dances with Wolves (1990),Adventure|Drama|Western,99348,581.0
179,-0.7648394556934202,0.30671722744282753,1.0972785176606834,Mad Love (1995),Drama|Romance,113729,47608.0
189,-0.15140500080776512,0.30671722744282753,3.0972785176606834,Reckless (1995),Comedy|Fantasy,114241,58372.0
207,-2.446600981341957,2.6575799511054132,2.670296719369977,"Walk in the Clouds, A (1995)",Drama|Romance,114887,9560.0
489,-0.651150794180679,2.150632462471722,3.288137322351152,Made in America (1993),Comedy,107478,12121.0
1527,1.4336766585439435,18.1780845597453,3.669777502695378,"Fifth Element, The (1997)",Action|Adventure|Comedy|Sci-Fi,119116,18.0
7254,-0.5748200761290115,5.0292823596081435,3.476614439102387,The Butterfly Effect (2004),Drama|Sci-Fi|Thriller,289879,1954.0
85414,-1.8702097010994412,3.5373281328920747,3.06220221644382,Source Code (2011),Action|Drama|Mystery|Sci-Fi|Thriller,945513,45612.0
76175,-1.0304305681360724,1.1040656308800954,2.657603552437909,Clash of the Titans (2010),Action|Adventure|Drama|Fantasy,800320,18823.0
2354,-1.5837815651468403,1.9821031959589908,2.7918681689350118,"Rugrats Movie, The (1998)",Animation|Children|Comedy,134067,14444.0
2413,1.0449259155254198,2.037042369183039,4.103871379437479,Clue (1985),Comedy|Crime|Mystery|Thriller,88930,15196.0
2876,-0.45695516987929974,0.2951624303048108,2.0427609427609426,Thumbelina (1994),Animation|Children|Fantasy,111419,28032.0
59387,-0.21496630787969026,1.1234406773199532,3.3995627099034578,"Fall, The (2006)",Adventure|Drama|Fantasy,460791,14784.0
96821,1.4258683100470977,4.390786863589531,3.9156500438054995,"Perks of Being a Wallflower, The (2012)",Drama|Romance,1659337,84892.0
2942,-0.9426443968648843,1.6190430262170952,3.008685900048389,Flashdance (1983),Drama|Romance,85549,535.0
7022,-0.3347109673512445,5.212309201130908,3.526693605135794,Battle Royale (Batoru rowaiaru) (2000),Action|Drama|Horror|Thriller,266308,3176.0
1635,-0.8128333461453817,1.9955624711865505,3.1835886697838753,"Ice Storm, The (1997)",Drama,119349,68924.0
6550,-0.7428704321511341,1.2803421905599768,3.010696677674291,Johnny English (2003),Action|Comedy|Thriller,274166,9486.0
7142,-0.05963792383670931,0.1505421515636068,3.194754769894812,Honey (2003),Drama|Romance,322589,10028.0
32060,0.1223296522707604,0.2586398362296078,4.063882063882064,"Cat and the Canary, The (1927)",Horror|Mystery,17739,76804.0
139994,-0.1363101839588474,0.2586398362296078,3.0638820638820636,Fracchia contro Dracula (1985),Comedy|Horror,128221,30459.0
2817,-0.19267821800189391,0.13805604405120123,2.195256916996047,Aces: Iron Eagle III (1992),Action,103617,2038.0
147196,0.18841453112728762,0.21322145999044154,4.4745656006043815,The Girls (1961),Comedy|Romance,134614,20975.0
4864,0.9266910795800144,0.6815297010190097,4.950631313131312,Titanica (1992),Documentary|IMAX,105601,45929.0
1950,0.9074785341793637,2.410190139872027,3.9674264947299975,In the Heat of the Night (1967),Drama|Mystery,61811,10633.0
89939,-0.13692188778219105,0.3645872947131095,3.215355993563958,Gigi (1949),Comedy,41414,123723.0
98154,0.4099590542874732,0.3645872947131095,4.715355993563958,Lincoln (2012),Drama|War,443272,72976.0
1649,0.023958361654669066,0.43160858564778093,3.6464185558533786,"Fast, Cheap & Out of Control (1997)",Documentary,119107,25099.0
6523,-0.03797079131940874,0.07971507742832395,3.1145777299623454,Mr. Baseball (1992),Comedy|Romance,104926,18722.0
109673,-0.0703715526198308,0.35819291503816547,3.3944463758039283,300: Rise of an Empire (2014),Action|Drama|War|IMAX,1253863,53182.0
2149,0.46442675009145457,0.33435665533766995,4.979925109215727,House II: The Second Story (1987),Comedy|Fantasy|Horror,93220,37530.0
1396,-0.0943727864729304,8.625778489424341,3.579968306075741,Sneakers (1992),Action|Comedy|Crime|Drama|Sci-Fi,105435,2322.0
2336,-1.6889234965679312,3.612421415557362,3.1233768452817223,Elizabeth (1998),Drama,127536,4518.0
383,-1.9159366201714871,5.260879522766651,3.226723480522044,Wyatt Earp (1994),Western,111756,12160.0
3717,-1.634081671316082,7.7529331457960176,3.380139613011277,Gone in 60 Seconds (2000),Action|Crime,187078,9679.0
69951,0.25117017007514547,1.0185682176731732,3.8375004980599257,"Imaginarium of Doctor Parnassus, The (2009)",Drama|Fantasy,1054606,8054.0
91542,-0.2866490229762788,7.2717277660435276,3.551489432720726,Sherlock Holmes: A Game of Shadows (2011),Action|Adventure|Comedy|Crime|Mystery|Thriller,1515091,58574.0
1747,0.4264226133412173,5.39024427652434,3.6700191630070065,Wag the Dog (1997),Comedy,120885,586.0
2267,-0.43106784753695276,0.7656984808016236,3.0279357295336577,Mortal Thoughts (1991),Mystery|Thriller,102469,30815.0
2468,-1.5074047914168898,2.102478913342271,2.8739436165583414,Jumpin' Jack Flash (1986),Action|Comedy|Romance|Thriller,91306,10945.0
133419,0.02605168668213672,0.11136193545034909,3.824846177012914,Pitch Perfect 2 (2015),Comedy,2848292,254470.0
5146,-0.015250388207181914,1.3768613027368573,3.57983289305469,Vampire Hunter D: Bloodlust (Banpaia hantâ D) (2000),Animation|Fantasy|Horror|Sci-Fi,216651,15999.0
4658,0.06984555408233584,0.09709471643732787,4.310263929618769,Santa Sangre (1989),Drama|Horror|Mystery|Thriller,98253,19236.0
62644,0.3595514336150117,1.3332122539393865,3.86059715637099,"Wave, The (Welle, Die) (2008)",Drama,1063669,7735.0
103171,-0.17289123701098383,0.09709471643732787,1.8102639296187681,Schlussmacher (2013),Comedy,1978524,160085.0
142997,-0.07579652057365596,0.09709471643732787,2.810263929618768,Hotel Transylvania 2 (2015),Animation|Comedy,2510894,159824.0
68848,-0.015979832324497577,0.19495395435887075,3.508941877794337,"Brothers Bloom, The (2008)",Adventure|Comedy|Crime|Romance,844286,21755.0
109596,-0.1363101839588474,0.2586398362296078,3.0638820638820636,Wrinkles (Arrugas) (2011),Animation|Drama,1407052,85444.0
135436,0.22023785168405222,0.7112082233462195,3.9005762804247546,The Secret Life of Pets (2016),Animation|Comedy,2709768,328111.0
2534,-0.44954639649723943,0.7849007860968458,3.018166134779892,Avalanche (1978),Action,77189,166680.0
27776,0.02243466841810725,0.06012854450521054,3.964020873386432,Red Lights (Feux rouges) (2004),Drama,365190,25500.0
52715,0.2805560696435707,0.3263371856105132,4.450621321124919,Kickin It Old Skool (2007),Comedy,772178,13280.0
5573,-0.3851300722876231,0.6063178437557105,2.9557140752024536,Stealing Harvard (2002),Comedy|Crime,265808,12770.0
42732,0.18182254090128608,0.3282457942934966,4.144831011805698,Last Holiday (2006),Comedy,408985,17379.0
134214,-0.16119813674669958,0.5373271224889989,3.290909090909091,Youth (2015),Drama,3312830,310593.0
2241,-0.2739628958128016,0.23906605052316435,2.444937526928048,Class (1983),Comedy,85346,21500.0
3412,-0.20428656058388536,0.33435665533766995,2.979925109215727,"Bear, The (Ours, L') (1988)",Adventure|Children|Drama,95800,2383.0
316,-7.520398923907661,29.12783750850883,3.3327231228738463,Stargate (1994),Action|Adventure|Sci-Fi,111282,2164.0
4518,-1.6668892106686515,0.9923610421980342,1.911188566031806,The Lair of the White Worm (1988),Comedy|Horror,95488,11347.0
937,-0.23130584768142254,0.41635052582656074,3.0353535353535355,Love in the Afternoon (1957),Comedy|Romance,50658,18299.0
61,0.7792487324803969,0.8957132889608235,4.46088472048187,Eye for an Eye (1996),Drama|Thriller,116260,17182.0
502,-2.2395746966805805,3.3208499739709936,2.9165110559980016,"Next Karate Kid, The (1994)",Action|Children|Romance,110657,11231.0
60397,0.5564078836621216,1.4747988157786287,3.9681862338720535,Mamma Mia! (2008),Comedy|Musical|Romance,795421,11631.0
120466,0.6354539907260723,1.669305596360691,3.9715787490660195,Chappie (2015),Action|Thriller,1823672,198184.0
47566,-0.06038672189125983,0.08168341312313925,2.8516314385388877,Born to Kill (1947),Crime|Drama|Film-Noir,39211,33813.0
1231,-0.0633902349109225,3.306545012589911,3.5717379516475476,"Right Stuff, The (1983)",Drama,86197,9549.0
79242,-0.36911348484636713,0.3567276826176833,2.556188482354699,"Kids Are All Right, The (2010)",Comedy|Drama,842926,39781.0
140174,0.4323247626883226,0.46937952981492037,4.511964942788254,Room (2015),Drama,3170832,264644.0
174055,-0.21732048438932053,2.151277996039299,3.4898898433783545,Dunkirk (2017),Action|Drama|Thriller|War,5013056,374720.0
2067,1.6444684828282918,4.418867105825314,3.9630561692089605,Doctor Zhivago (1965),Drama|Romance|War,59113,907.0
523,-0.56610032807797,1.4517994023582796,3.2009789620232367,Ruby in Paradise (1993),Drama,108000,47889.0
4572,-0.0066666808679460565,0.32857212849163137,3.5706192358366273,Black Rain (1989),Action|Crime|Drama,96933,4105.0
91355,-0.39495002018845515,0.2586398362296078,2.0638820638820636,Asterix and the Vikings (Astérix et les Vikings) (2006),Adventure|Animation|Children|Comedy|Fantasy,371552,9642.0
167380,-0.2656301020736513,0.2586398362296078,2.5638820638820636,A Dog's Purpose (2017),Comedy|Drama,1753383,381289.0
3163,-0.3501308005992019,0.6691568183480137,3.067667317084548,Topsy-Turvy (1999),Comedy|Drama|Musical,151568,46435.0
4740,-0.004709990100925689,0.6429136487763588,3.5835830835830835,Maybe Baby (2000),Comedy|Romance,206926,13966.0
108727,-0.013799670816433227,0.8947511610094512,3.575486176228696,Nymphomaniac: Volume I (2013),Drama,1937390,110414.0
34520,-0.580483062993592,0.6705604184169753,2.725240544047994,"Dukes of Hazzard, The (2005)",Action|Adventure|Comedy,377818,6519.0
174045,0.019594256613862222,0.02967852232720984,4.2511258091753445,Goon: Last of the Enforcers (2017),Comedy,2417712,336890.0
152284,0.24516137856100476,0.6815297010190097,3.950631313131313,War and Peace (2016),Drama|Romance,3910804,378779.0
4857,0.638107872110293,0.8810259372524509,4.315187281969258,Fiddler on the Roof (1971),Drama|Musical,67093,14811.0
49910,-0.2472242077800314,0.4034955143524205,2.9782028798454876,Freedom Writers (2007),Drama,463998,1646.0
1334,0.13531757612989437,1.5728818267904445,3.6769407137717045,"Blob, The (1958)",Horror|Sci-Fi,51418,8851.0
7259,-0.09976003045717015,0.8769436055246469,3.4771503157396353,You Got Served (2004),Drama|Musical,365957,14114.0
3003,0.40080142469758206,0.40536541607612603,4.579650134921373,Train of Life (Train de vie) (1998),Comedy|Drama|Romance|War,170705,8056.0
3323,0.19811871665951905,0.40536541607612603,4.079650134921373,Chain of Fools (2000),Comedy|Crime,194368,20682.0
461,-0.40262267000529267,0.6168596512664174,2.9382117242087316,Go Fish (1994),Drama|Romance,109913,18620.0
4625,-0.609404359529316,0.2930236990071276,1.5111989459815547,Millennium (1989),Drama|Sci-Fi|Thriller,97883,4296.0
2932,-0.07580228502820839,0.5326107921718857,3.4485869935308138,Days of Heaven (1978),Drama,77405,16642.0
1966,-1.1981175515539724,1.586502676475526,2.8357149337737027,Metropolitan (1990),Comedy,100142,15389.0
88,0.2710065896199909,1.7817983029880393,3.743006322770586,Black Sheep (1996),Comedy,115697,13997.0
979,-0.15140500080776512,0.30671722744282753,3.0972785176606834,Nothing Personal (1995),Drama|War,114007,125587.0
31878,-0.5485671238176801,2.9146049862407097,3.4026958934406997,Kung Fu Hustle (Gong fu) (2004),Action|Comedy,373074,9470.0
47491,-0.3591493583111687,0.9697372846748596,3.2205517126923846,Adam's Apples (Adams æbler) (2005),Comedy|Drama,418455,1023.0
486,-0.4325458537966801,0.7312464034010397,2.999390484068904,Life with Mikey (1993),Comedy,107413,42580.0
903,2.356603031764372,9.041551255602041,3.851550541158488,Vertigo (1958),Drama|Mystery|Romance|Thriller,52357,426.0
3471,3.139157801601951,5.54369803281535,4.1571660881373,Close Encounters of the Third Kind (1977),Adventure|Drama|Sci-Fi,75860,840.0
4211,-0.2526920813346379,0.3962137292596238,2.9531419902918925,Reversal of Fortune (1990),Drama,100486,38718.0
4772,0.0990671395751738,0.20646533659176985,4.070733652312599,Dinner Rush (2000),Drama,229340,22617.0
5632,0.1496127884550929,0.775335975764095,3.7838741965301077,Bloody Sunday (2002),Drama,280491,4107.0
53123,0.5566286292650454,0.3999745738730376,4.982569125383517,Once (2006),Drama|Musical|Romance,907657,5723.0
1487,-0.5819174536659307,1.0416974934002343,3.032284867127504,Selena (1997),Drama|Musical,120094,16052.0
3334,0.9332584644196212,2.1663545165211193,4.021705831379026,Key Largo (1948),Crime|Drama|Film-Noir|Thriller,40506,11016.0
3426,-1.949604065252087,1.3512866114985014,2.1481329628380186,Jungle Fever (1991),Drama|Romance,102175,1713.0
5548,0.15761938337786963,0.32857212849163137,4.070619235836627,Down and Out in Beverly Hills (1986),Comedy,90966,9941.0
2567,-1.695837422689041,2.273801976533976,2.8450932985971953,EDtv (1999),Comedy,131369,11374.0
55052,0.7358516190029274,1.6287004952032973,4.042711998300653,Atonement (2007),Drama|Romance|War,783233,4347.0
55444,0.11916482361248402,0.16350522309619905,4.319722650231125,Control (2007),Drama,421082,5708.0
94661,-0.1363101839588474,0.2586398362296078,3.0638820638820636,Rocket Singh: Salesman of the Year (2009),Comedy|Drama,1434447,26815.0
6051,0.6106596328300105,0.6513702750186778,4.528409090909091,"Harder They Come, The (1973)",Action|Crime|Drama,70155,7514.0
159161,0.03443351777746714,0.02967852232720984,4.7511258091753445,Ali Wong: Baby Cobra (2016),(no genres listed),5066574,396292.0
179953,0.0047549954502573,0.02967852232720984,3.7511258091753445,A Bad Moms Christmas (2017),Comedy,6359956,431530.0
86721,-0.7771331729675097,0.6815297010190097,2.450631313131313,Idiots and Angels (2008),Animation|Drama|Fantasy,1013607,42521.0
1949,0.7443631623430707,0.8141747253879583,4.505163905179305,"Man for All Seasons, A (1966)",Drama,60665,874.0
7614,0.3333171248553747,0.4438728048816621,4.341838458938831,Oklahoma! (1955),Musical|Romance|Western,48445,13936.0
3955,-1.7565545489838195,0.9225035160615043,1.6867921760130091,"Ladies Man, The (2000)",Comedy,213790,16888.0
4770,-0.432276071786911,0.4945451598464583,2.716820924883727,"Glass House, The (2001)",Thriller,221218,2176.0
4808,-0.18426783159905416,0.12356151973114418,2.099604743083004,"Vanishing, The (1993)",Mystery|Thriller,108473,1644.0
31431,-0.15611627998773941,0.08917974377033226,1.8403290445053786,Boogeyman (2005),Drama|Horror|Mystery|Thriller,357507,8968.0
113345,-0.2804961757773878,0.15569545040039195,1.7893395841826332,Jupiter Ascending (2015),Action|Adventure|Sci-Fi,1617661,76757.0
318,15.23970654608037,65.8278999076297,3.822417411354751,"Shawshank Redemption, The (1994)",Crime|Drama,111161,278.0
1124,1.9741328644082725,1.1900152143286733,5.2498230616199155,On Golden Pond (1981),Drama,82846,11816.0
94070,0.3524062571900467,0.2885197427286932,4.812337662337662,"Best Exotic Marigold Hotel, The (2011)",Comedy|Drama,1412386,74534.0
68073,0.22132275597476128,0.28820758365585,4.358837377761681,Pirate Radio (2009),Comedy|Drama,1131729,18947.0
2060,-0.5574003199531928,2.819647604228958,3.393224699740069,BASEketball (1998),Comedy,131857,14013.0
3476,0.5531754204782413,3.422386137241902,3.752543517386766,Jacob's Ladder (1990),Horror|Mystery,99871,2291.0
3797,0.17721426460966114,0.45138271021953535,3.9835122203543256,"In Crowd, The (2000)",Thriller,163676,36047.0
3839,-0.7255511558294095,0.45138271021953535,1.9835122203543256,Phantasm IV: Oblivion (1998),Horror,138703,16146.0
3697,-1.031716495494639,2.649925586727942,3.2015711786816854,Predator 2 (1990),Action|Sci-Fi|Thriller,100403,169.0
4545,0.4231744823474159,1.5095447761740148,3.871241605072708,Short Circuit (1986),Comedy|Sci-Fi,91949,2605.0
52730,0.22550522403972753,0.08168341312313925,6.351631438538888,It's a Very Merry Muppet Christmas Movie (2002),Children|Comedy,329737,13352.0
1248,1.1932311767315429,2.539064220863274,4.060858282003536,Touch of Evil (1958),Crime|Film-Noir|Thriller,52311,1480.0
1271,0.7322887728526852,5.698704903844909,3.7194100021176375,Fried Green Tomatoes (1991),Comedy|Crime|Drama,101921,1633.0
7842,1.0423389941268244,0.6124219143394412,5.292904022378995,Dune (2000),Drama|Fantasy|Sci-Fi,142032,876.0
26812,-0.0041655287207111365,0.20646533659176985,3.5707336523125996,Barbarians at the Gate (1993),Drama,106356,27678.0
46723,-0.5653369504066288,2.6104084977668167,3.3743387913217773,Babel (2006),Drama|Thriller,449467,1164.0
2735,0.7879514349269227,2.9213753924158605,3.8606284282364713,"Golden Child, The (1986)",Action|Adventure|Comedy|Fantasy|Mystery,91129,10136.0
5283,-1.103888956702692,2.5640318004580074,3.160380516144337,National Lampoon's Van Wilder (2002),Comedy,283111,11452.0
1858,-1.2084012848040693,1.805971601286022,2.921794867881678,Mr. Nice Guy (Yat goh ho yan) (1997),Action|Comedy,117786,10622.0
1696,-0.22906733656271994,0.35522036249581196,2.9460492778249785,Bent (1997),Drama|War,118698,19601.0
1216,-0.05330660829406714,1.617390118202055,3.5579506798899088,"Big Blue, The (Grand bleu, Le) (1988)",Adventure|Drama|Romance,95250,175.0
2401,-0.2575736345701448,1.6282658816920383,3.4327201627578217,Pale Rider (1985),Western,89767,8879.0
6059,-0.6567956559628184,2.301869124840846,3.3055776405347217,"Recruit, The (2003)",Action|Thriller,292506,1647.0
6958,-1.3120574176945454,1.3710282480676539,2.633921210065806,"Haunted Mansion, The (2003)",Children|Comedy|Fantasy|Horror,338094,10756.0
2819,-0.0971861846044013,1.0763788911917422,3.500619151743897,Three Days of the Condor (3 Days of the Condor) (1975),Drama|Mystery|Romance|Thriller,73802,11963.0
3011,-0.5470174575373752,0.8469265627539739,2.9450237431185764,"They Shoot Horses, Don't They? (1969)",Drama,65088,28145.0
6215,-0.19840500125110863,0.4277315236306619,3.1270550369291286,Laurel Canyon (2002),Drama,298408,13819.0
193571,-0.17663247869921114,0.5992089150808684,3.296132971506106,Silver Spoon (2014),Comedy|Drama,3110014,297825.0
3068,0.11963628123991885,0.7735823879886737,3.7455613724210512,"Verdict, The (1982)",Drama|Mystery,84855,24226.0
49284,-0.022346664332241025,0.08917974377033226,3.3403290445053786,10 Items or Less (2006),Comedy|Drama|Romance,499603,2357.0
547,0.16304513686594493,0.7220570346920425,3.816715542521994,Surviving the Game (1994),Action|Adventure|Thriller,111323,17585.0
151763,-0.0365253215516977,0.14329164608742945,3.336007130124777,Death Note Rewrite: Genshisuru Kami (2007),Mystery,3355694,333040.0
102684,-0.0703715526198308,0.35819291503816547,3.3944463758039283,Only God Forgives (2013),Drama|Thriller,1602613,77987.0
4143,0.051108866161582965,0.19350923728126776,3.855024989868972,Valentine (2001),Horror|Mystery,242998,10984.0
7117,0.2605820283895583,0.2922376734321275,4.482587515970461,Leprechaun (1993),Comedy|Horror,107387,11811.0
71500,-0.1424003711196848,0.19350923728126776,2.855024989868972,Trick 'r Treat (2007),Comedy|Horror|Thriller,862856,23202.0
4809,-0.023963986110096768,0.026243169571654894,2.677757726144823,Silkwood (1983),Drama,86312,12502.0
46967,-0.15442987055121943,0.23906605052316435,2.944937526928048,Scoop (2006),Comedy|Fantasy|Mystery,457513,512.0
3634,-0.07580228502820839,0.5326107921718857,3.4485869935308138,Seven Days in May (1964),Thriller,58576,23518.0
134326,0.08180380113206685,0.21322145999044154,3.9745656006043815,The Taming of the Scoundrel (1980),Comedy,80439,10986.0
2826,-5.042790206773625,5.301904471598137,2.639781013481926,"13th Warrior, The (1999)",Action|Adventure|Fantasy,120657,1911.0
3671,2.9639409895376856,9.184674355308093,3.9136141618651163,Blazing Saddles (1974),Comedy|Western,71230,11072.0
1641,4.070868524665029,10.469036312002883,3.9797575391657585,"Full Monty, The (1997)",Comedy|Drama,119164,9427.0
2926,-0.03720553408067878,1.214879074307128,3.56028420414668,Hairspray (1988),Comedy|Drama,95270,11054.0
374,-2.0119398966721596,3.497204954541781,3.015609695299098,Richie Rich (1994),Children|Comedy,110989,11011.0
891,0.20276166514922397,1.3067172254390325,3.746077830711308,Halloween: The Curse of Michael Myers (Halloween 6: The Curse of Michael Myers) (1995),Horror|Thriller,113253,10987.0
38388,1.2546779863997115,1.180204461198616,4.654011313998012,Goal! The Dream Begins (Goal!) (2005),Drama,380389,9763.0
31685,-1.1598115368287734,7.216052120556104,3.4301824889594097,Hitch (2005),Comedy|Romance,386588,8488.0
8117,0.0772189641468363,0.28820758365585,3.8588373777616805,In China They Eat Dogs (I Kina spiser de hunde) (1999),Action|Comedy,180748,250.0
106839,0.0772189641468363,0.28820758365585,3.8588373777616805,Mandela: Long Walk to Freedom (2013),Drama,2304771,192136.0
2004,0.5684636699511871,1.6167182809708722,3.9425248774330193,Gremlins 2: The New Batch (1990),Comedy|Horror,99700,928.0
2279,-1.4070598987499958,1.108128532352506,2.321146732419077,Urban Legend (1998),Horror|Thriller,146336,9877.0
2968,1.5513800949702887,5.366039830156122,3.8800198959112877,Time Bandits (1981),Adventure|Comedy|Fantasy|Sci-Fi,81633,36819.0
3501,-0.5239145881390339,1.2530892503452917,3.1728107088547657,Murphy's Romance (1985),Comedy|Romance,89643,34322.0
47997,-0.2937326885651399,4.029779025986282,3.518018570939885,Idiocracy (2006),Adventure|Comedy|Sci-Fi|Thriller,387808,7512.0
3773,-1.2844406261203118,0.925495464061173,2.203068009026259,House Party (1990),Comedy,99800,16094.0
115210,-0.3292067519624261,1.090473991886035,3.2890158276015957,Fury (2014),Action|Drama|War,2713180,228150.0
3981,-1.9389015110821526,1.397564811051447,2.2035662673419782,Red Planet (2000),Action|Sci-Fi|Thriller,199753,8870.0
6893,0.025142055125246893,1.6753702698310378,3.605915955706675,"Italian Job, The (1969)",Action|Comedy|Crime,64505,10536.0
101612,0.31234691584979013,0.438748176110073,4.302813852813853,Admission (2013),Comedy|Romance,1814621,144340.0
6006,-0.7698600330512386,0.5835646140232511,2.271672086897458,Just Married (2003),Comedy|Romance,305711,12090.0
113252,-0.1363101839588474,0.2586398362296078,3.0638820638820636,Housebound (2014),Comedy|Horror|Thriller,3504048,253306.0
6203,-0.26170624002749454,0.13805604405120123,1.695256916996047,Life Stinks (1991),Comedy,102303,6524.0
79572,0.07689404120619749,0.05464477574879632,4.998070894622619,Ramona and Beezus (2010),Children|Comedy,493949,38843.0
64993,0.08180380113206685,0.21322145999044154,3.9745656006043815,5 Centimeters per Second (Byôsoku 5 senchimêtoru) (2007),Animation|Drama|Romance,983213,38142.0
84844,0.08180380113206685,0.21322145999044154,3.9745656006043815,Brother 2 (Brat 2) (2000),Crime|Drama,238883,20993.0
61255,0.019594256613862222,0.02967852232720984,4.2511258091753445,"Rocker, The (2008)",Comedy,1031969,10186.0
71838,0.06151002776564082,0.151088022682077,3.998022948604295,Law Abiding Citizen (2009),Drama|Thriller,1197624,22803.0
165551,0.16595767446051984,0.5133942447339824,3.914164904862579,Lion (2016),Drama,3741834,334543.0
7107,-0.02686805761501663,0.13978414288596877,3.398698035632709,Foul Play (1978),Comedy|Thriller,77578,15659.0
35957,0.3107105072409554,0.8863423262878739,3.9414627066235233,Red Eye (2005),Horror|Thriller,421239,11460.0
564,-0.8370629344871469,0.47511072114872316,1.8290820109743435,Chasers (1994),Comedy,109403,24405.0
32022,-0.007629603834498017,0.06012854450521054,3.464020873386432,Gunner Palace (2004),Documentary|War,424129,30856.0
51037,-0.3095265423801495,0.5517021523194332,3.0298698760377034,Unknown (2006),Drama|Mystery|Thriller,450340,9828.0
78039,-0.0703715526198308,0.35819291503816547,3.3944463758039283,Blue Valentine (2010),Drama|Romance,1120985,46705.0
93512,0.10872490489925193,0.35819291503816547,3.8944463758039283,"Jeff, Who Lives at Home (2012)",Comedy|Drama,1588334,82532.0
619,0.051108866161582965,0.19350923728126776,3.855024989868972,Ed (1996),Comedy,116165,32308.0
231,-5.464842855254916,30.025599140111392,3.408902969074393,Dumb & Dumber (Dumb and Dumber) (1994),Adventure|Comedy,109686,8467.0
552,-3.259194132876501,11.921922567005835,3.317530857276171,"Three Musketeers, The (1993)",Action|Adventure|Comedy|Romance,108333,10057.0
1219,2.0691471884794406,11.266215873585386,3.7745685566690836,Psycho (1960),Crime|Horror,54215,539.0
2654,0.14040751510637153,0.6637423711336335,3.80244826817536,"Wolf Man, The (1941)",Drama|Fantasy|Horror,34398,13666.0
1597,-1.5872002157646226,6.983171032381834,3.3636197679919553,Conspiracy Theory (1997),Drama|Mystery|Romance|Thriller,118883,8834.0
17,1.8430581570019215,14.659031975426462,3.716637594680112,Sense and Sensibility (1995),Drama|Romance,114388,4584.0
3952,-0.09864485268293742,0.16480613239071445,2.9923582284383006,"Contender, The (2000)",Drama|Thriller,208874,6521.0
6709,-1.0001820686842675,1.376863968113938,2.8644886951060533,Once Upon a Time in Mexico (2003),Action|Adventure|Crime|Thriller,285823,1428.0
99813,0.36072176540128653,2.35785082302864,3.7438966174642876,"Batman: The Dark Knight Returns, Part 2 (2013)",Action|Animation,2166834,142061.0
185135,0.4002968780091345,0.4831615380147207,4.4194040072344425,Sherlock - A Study in Pink (2010),Crime,1665071,500609.0
1991,-0.5716913977475095,0.8349042176429144,2.906170188329945,Child's Play (1988),Horror|Thriller,94862,10585.0
2403,1.3765117025915434,4.7004100849558315,3.883758369527826,First Blood (Rambo: First Blood) (1982),Action|Adventure|Drama|Thriller,83944,1368.0
30707,2.2794421255438313,7.051698777819622,3.9141563249959432,Million Dollar Baby (2004),Drama,405159,70.0
3451,1.4278962322563753,1.1605631730058343,4.821256792325597,Guess Who's Coming to Dinner (1967),Drama,61735,1879.0
56587,0.7492253521270795,1.2355879886203476,4.197280599071501,"Bucket List, The (2007)",Comedy|Drama,825232,7350.0
3066,0.6414890376887088,0.9539253781343879,4.263382066670866,Tora! Tora! Tora! (1970),Action|Drama|War,66473,11165.0
2702,-1.179578937929945,2.7093910512599506,3.1555422813149554,Summer of Sam (1999),Drama,162677,10279.0
2805,-2.16461581864714,3.5931228225020453,2.988476074956737,Mickey Blue Eyes (1999),Comedy|Romance,130121,10154.0
3298,-0.08155406697740891,3.3124986580339484,3.5662889852436552,Boiler Room (2000),Crime|Drama|Thriller,181984,14181.0
164280,0.06984555408233584,0.09709471643732787,4.310263929618769,Endless Poetry (2016),Drama|Fantasy,4451458,325385.0
175743,0.021298195863671907,0.09709471643732787,3.810263929618768,Self-criticism of a Bourgeois Dog (2017),Comedy,6354108,433410.0
6873,0.4853227840918194,3.011295280068195,3.752076541774563,Intolerable Cruelty (2003),Comedy|Romance,138524,11775.0
49772,-0.03706962190100377,0.17341455760589747,3.3771460573277445,"Painted Veil, The (2006)",Drama|Romance,446755,14202.0
35807,-0.1363101839588474,0.2586398362296078,3.0638820638820636,"Teahouse of the August Moon, The (1956)",Comedy,49830,43313.0
88069,-0.1363101839588474,0.2586398362296078,3.0638820638820636,Delhi Belly (2011),Comedy|Crime,1934231,67109.0
89898,-0.006990265844043497,0.2586398362296078,3.5638820638820636,Generation P (2011),Comedy|Drama|Sci-Fi,459748,63375.0
147410,-0.39495002018845515,0.2586398362296078,2.0638820638820636,A Perfect Day (2015),Comedy|Drama,3577624,321751.0
3687,0.18841453112728762,0.21322145999044154,4.4745656006043815,Light Years (Gandahar) (1988),Adventure|Animation|Fantasy|Sci-Fi,95525,22500.0
58156,-0.13742975603804866,0.8651647230005237,3.4320610098622573,Semi-Pro (2008),Comedy,839980,13260.0
4812,-1.2682169619810808,0.48206067083477044,0.960084718149234,SpaceCamp (1986),Adventure|Sci-Fi,91993,13766.0
6619,0.4135898401160379,0.875368623020448,4.063384147975851,Uptown Girls (2003),Comedy,263757,14926.0
9,-0.6614367777130818,2.2022559308981675,3.2905639909445643,Sudden Death (1995),Action,114576,9091.0
3141,-0.37632841482993856,0.13978414288596877,0.8986980356327088,"Two Jakes, The (1990)",Drama,100828,32669.0
5423,0.19811871665951905,0.40536541607612603,4.079650134921373,Gangster No. 1 (2000),Action|Crime|Thriller,210065,10394.0
2473,-0.5058450143974406,1.0485334270095574,3.108478105527802,Soul Man (1986),Comedy,91991,12278.0
4946,-0.2063636354123896,0.6485714255817956,3.2727272727272725,"Eye for an Eye, An (1981)",Action|Crime|Thriller,82350,42566.0
78088,-0.11601730509888172,0.5517021523194332,3.380619345597914,Buried (2010),Mystery|Thriller,1462758,26388.0
103624,0.10872490489925193,0.35819291503816547,3.8944463758039283,Fruitvale Station (2013),Drama,2334649,157354.0
5137,-0.24358226186168316,0.32055847448463937,2.8310406698564594,Scratch (2001),Documentary,143861,18984.0
1123,-0.023963986110096768,0.026243169571654894,2.677757726144823,"Perfect Candidate, A (1996)",Documentary,117320,124837.0
1406,-0.023963986110096768,0.026243169571654894,2.677757726144823,La Cérémonie (1995),Crime|Drama|Mystery|Thriller,112769,1802.0
4285,0.05476552260486791,0.026243169571654894,5.677757726144823,Frankie and Johnny (1991),Comedy|Romance,101912,3784.0
1967,1.8015853915969449,7.94663584194038,3.8176195413979155,Labyrinth (1986),Adventure|Fantasy|Musical,91369,13597.0
609,0.0008967140229985127,3.049155999767638,3.5912031768866752,Homeward Bound II: Lost in San Francisco (1996),Adventure|Children,116552,25059.0
84954,-0.39371588010724773,3.126337775617766,3.4649739206348396,"Adjustment Bureau, The (2011)",Romance|Sci-Fi|Thriller,1385826,38050.0
3254,-1.1502561576337922,3.1315432924179123,3.2235962198340555,Wayne's World 2 (1993),Comedy,108525,8873.0
111781,-0.08967015748738619,1.0089044355400463,3.5020303484547695,Mission: Impossible - Rogue Nation (2015),Action|Adventure|Thriller,2381249,177677.0
8951,-0.04850592820442616,0.3699705596879689,3.459801555635647,Vera Drake (2004),Drama,383694,11109.0
64716,0.7630099176327212,1.2316467501038186,4.210412952359953,Seven Pounds (2008),Drama,814314,11321.0
2861,-1.5728299686622427,1.4453791369231186,2.5027309593148868,For Love of the Game (1999),Comedy|Drama,126916,10390.0
6765,-0.5207284417978989,1.9844757374543216,3.32850807890887,Under the Tuscan Sun (2003),Comedy|Drama|Romance,328589,10934.0
2164,-0.17289123701098383,0.09709471643732787,1.8102639296187681,Surf Nazis Must Die (1987),Action|Comedy|Drama|Horror,94077,28070.0
4023,-2.2431265199643478,3.0679512393487416,2.859761055961666,"Family Man, The (2000)",Comedy|Drama|Romance,218967,5994.0
7930,0.06328291129212921,0.5081002912720255,3.7154571621839585,"People Under the Stairs, The (1991)",Horror|Mystery|Thriller,105121,13122.0
45431,-0.35102611303367925,0.9261987815422411,3.2119125730674507,Over the Hedge (2006),Adventure|Animation|Children|Comedy,327084,7518.0
4546,-0.09737903256033106,0.4450691563122716,3.372113806672392,"Vanishing, The (Spoorloos) (1988)",Drama|Thriller,96163,8740.0
90469,0.1020342928904025,0.134171078052734,4.351388132825258,Paranormal Activity 3 (2011),Horror,1778304,72571.0
27397,0.8451394222445783,0.907850749395825,4.521832398299671,Joint Security Area (Gongdong gyeongbi guyeok JSA) (2000),Crime|Drama|Mystery|Thriller|War,260991,2440.0
324,0.09050389528845118,0.2914026518628154,3.901489295687248,"Sum of Us, The (1994)",Comedy|Drama,111309,36614.0
48982,-0.1363101839588474,0.2586398362296078,3.0638820638820636,Flushed Away (2006),Animation|Comedy,424095,11619.0
99764,0.022249265457401166,0.05464477574879632,3.998070894622619,It's Such a Beautiful Day (2012),Animation|Comedy|Drama|Fantasy|Sci-Fi,2396224,147538.0
149902,1.2674559300895192,0.6815297010190097,5.450631313131312,Garm Wars: The Last Druid (2014),Action|Sci-Fi|Thriller,2504640,302026.0
95558,-0.03139417272041117,0.722780209751275,3.5474737944014367,Beasts of the Southern Wild (2012),Drama|Fantasy,2125435,84175.0
5680,-0.24214354470624422,0.6444314665992904,3.215161540926697,Auto Focus (2002),Crime|Drama,298744,14112.0
6217,0.40080142469758206,0.40536541607612603,4.579650134921373,"Safety of Objects, The (2001)",Drama,256359,24186.0
7264,0.19811871665951905,0.40536541607612603,4.079650134921373,An Amazing Couple (2002),Comedy|Romance,234940,44539.0
94780,-0.0703715526198308,0.35819291503816547,3.3944463758039283,Snow White and the Huntsman (2012),Action|Adventure|Drama,1735898,58595.0
538,1.1909646603177237,1.4789019909156125,4.396212395410275,Six Degrees of Separation (1993),Drama,108149,23210.0
505,-3.1860587575652213,1.9498954345514554,1.9569451864302196,North (1994),Comedy,110687,31586.0
2688,-0.8672936288925656,2.6068648555839578,3.258213045299053,"General's Daughter, The (1999)",Crime|Drama|Mystery|Thriller,144214,2275.0
49286,-1.0640056540108813,4.122697724289047,3.3328242820854297,"Holiday, The (2006)",Comedy|Romance,457939,1581.0
7451,1.6026384807284655,4.25394410411573,3.9676508725366157,Mean Girls (2004),Comedy,377092,10625.0
8533,2.469716557947304,5.0666756500866414,4.078352284140745,"Notebook, The (2004)",Drama|Romance,332280,11036.0
4571,-0.2717639444694751,6.047489111426279,3.5459707802379734,Bill & Ted's Excellent Adventure (1989),Adventure|Comedy|Sci-Fi,96928,1648.0
36529,-1.0511840272706536,6.771536310879247,3.4356734133595506,Lord of War (2005),Action|Crime|Drama|Thriller|War,399295,1830.0
2244,-0.2741684456098742,0.45138271021953535,2.9835122203543256,"Allnighter, The (1987)",Comedy|Romance,92537,37818.0
94677,-1.769496108117446,3.285676618091006,3.0523606231826683,"Dictator, The (2012)",Comedy,1645170,76493.0
5945,-0.26485522099007935,2.9712555073744618,3.5017699306003505,About Schmidt (2002),Comedy|Drama,257360,2755.0
2269,-0.28172023794107326,0.6547362324384373,3.160628584067639,Indecent Proposal (1993),Drama|Romance,107211,4478.0
2598,1.6402001526044343,3.495928375995512,4.0600835064568255,Pushing Tin (1999),Comedy,120797,12596.0
7327,0.09358598343784585,0.31031617642776943,3.892491768664304,Persona (1966),Drama,60827,797.0
66335,-0.027249162354992026,0.09709471643732787,3.310263929618768,Afro Samurai: Resurrection (2009),Animation,1265998,14711.0
1293,-0.13788733543309223,4.655034920918509,3.5612879736080236,Gandhi (1982),Drama,83987,783.0
2759,0.44354188526835747,0.8302048592466673,4.125165040303111,Dick (1999),Comedy,144168,16406.0
69278,0.9946709900731094,0.9526365415486304,4.635033420274146,Land of the Lost (2009),Action|Adventure|Comedy|Sci-Fi,457400,18162.0
4587,-0.6046971578658967,0.3771220945743656,1.9874571410879565,Earth Girls Are Easy (1988),Comedy|Musical|Sci-Fi,97257,2210.0
4912,-0.3261668144891051,0.6429136487763588,3.0835830835830835,Funny Girl (1968),Drama|Musical|Romance,62994,16085.0
32300,-0.3261668144891051,0.6429136487763588,3.0835830835830835,D.E.B.S. (2004),Action|Comedy,367631,540.0
86320,0.18655439439950045,0.21375940893959253,4.463639771279843,Melancholia (2011),Drama|Sci-Fi,1527186,62215.0
1600,0.06453961875973005,0.1826592983765944,3.9442424242424243,She's So Lovely (1997),Drama|Romance,120112,38295.0
65642,-0.43636832245800494,0.6815297010190097,2.950631313131313,"Timecrimes (Cronocrímenes, Los) (2007)",Sci-Fi|Thriller,480669,14139.0
27731,-0.10612115359454347,0.42723770512124515,3.3425200739228034,"Cat Returns, The (Neko no ongaeshi) (2002)",Adventure|Animation|Children|Fantasy,347618,15370.0
37240,0.09179778079133069,0.40834185248557453,3.8157152924594784,Why We Fight (2005),Documentary,436971,14286.0
72,0.21991498163535475,0.8496715199547799,3.8497326203208555,Kicking and Screaming (1995),Comedy|Drama,113537,28387.0
51082,-0.11152640810257329,0.08917974377033226,2.3403290445053786,Tyler Perry's Daddy's Little Girls (2007),Comedy|Romance,778661,16555.0
4480,-0.18665541215282233,0.5164036651691394,3.2294565592124256,"Blob, The (1988)",Horror|Sci-Fi,94761,9599.0
1211,-1.4968191830057587,1.8179654052377638,2.7675605394497214,"Wings of Desire (Himmel über Berlin, Der) (1987)",Drama|Fantasy|Romance,93191,144.0
6534,-3.5006624056202162,3.7516086263968274,2.6577993893829026,Hulk (2003),Action|Adventure|Sci-Fi,286716,1927.0
49278,-0.3172955992863473,3.072926642232872,3.4876539090490413,Déjà Vu (Deja Vu) (2006),Action|Sci-Fi|Thriller,453467,7551.0
5943,-1.287718641786289,2.553814696266033,3.086675700887066,Maid in Manhattan (2002),Comedy|Romance,252076,7303.0
81932,-0.22583259366694236,3.0486098740822856,3.5168318547278217,"Fighter, The (2010)",Drama,964517,45317.0
2720,-5.253392526282439,4.268445615008687,2.3601583680205325,Inspector Gadget (1999),Action|Adventure|Children|Comedy,141369,332.0
168492,0.6086948027071903,0.33321225745042204,5.417657024387369,Call Me by Your Name (2017),Drama|Romance,5726616,398818.0
50794,-0.3868066143226448,1.7097868061143704,3.3646781871850795,Smokin' Aces (2006),Action|Crime|Drama|Thriller,475394,7516.0
27904,2.769713603394835,2.371244837384816,4.758951108219071,"Scanner Darkly, A (2006)",Animation|Drama|Mystery|Sci-Fi|Thriller,405296,3509.0
26504,-0.08458057351008763,0.3145910539907577,3.3220502901353965,Cloak & Dagger (1984),Action|Adventure|Children|Crime|Mystery|Thriller,87065,48677.0
4537,-0.0066666808679460565,0.32857212849163137,3.5706192358366273,Running on Empty (1988),Drama,96018,18197.0
7766,-0.0066666808679460565,0.32857212849163137,3.5706192358366273,Throne of Blood (Kumonosu jô) (1957),Action|Drama|Thriller|War,50613,3777.0
1017,1.1387610885992097,1.194097327164066,4.544567609937621,Swiss Family Robinson (1960),Adventure|Children,54357,18444.0
48322,-0.9581616035239869,0.5721095258456322,1.916122078566073,Jackass Number Two (2006),Comedy|Documentary,493430,12094.0
159755,0.05412285569508955,0.3878714373653753,3.730447222571273,Popstar: Never Stop Never Stopping (2016),Comedy,3960412,341012.0
180265,0.03443351777746714,0.02967852232720984,4.7511258091753445,Jim & Andy: The Great Beyond (2017),Documentary,7214762,469019.0
117466,0.24516137856100476,0.6815297010190097,3.950631313131313,In the Heart of the Sea (2015),Action|Adventure|Drama,1390411,205775.0
151455,-0.09560347194850008,0.6815297010190097,3.450631313131313,Eddie the Eagle (2016),Comedy,1083452,319888.0
6291,0.13916242334666823,0.30180850563308664,4.052004191773644,Lilya 4-Ever (Lilja 4-ever) (2002),Crime|Drama,300140,12093.0
1969,-1.5622712198925215,0.9634392012202558,1.9693524655259762,"Nightmare on Elm Street 2: Freddy's Revenge, A (1985)",Horror,89686,10014.0
5421,0.19811871665951905,0.40536541607612603,4.079650134921373,"Dangerous Lives of Altar Boys, The (2002)",Drama,238924,16857.0
5772,0.40080142469758206,0.40536541607612603,4.579650134921373,My Dinner with André (1981),Drama,82783,25468.0
3392,0.06552874794398858,0.5589390985134304,3.708146815230525,She-Devil (1989),Comedy,98309,11157.0
2205,-0.012770448136836171,0.5816227791460838,3.56895250909229,Mr. & Mrs. Smith (1941),Comedy|Romance,33922,24197.0
102033,-0.0703715526198308,0.35819291503816547,3.3944463758039283,Pain & Gain (2013),Action|Comedy|Crime,1980209,134374.0
79274,0.051108866161582965,0.19350923728126776,3.855024989868972,Batman: Under the Red Hood (2010),Action|Animation,1569923,40662.0
131920,-0.43636832245800494,0.6815297010190097,2.950631313131313,The Road Within (2014),Comedy|Drama,2962876,228108.0
423,0.843403679221435,2.452179757192712,3.934849487916109,Blown Away (1994),Action|Thriller,109303,178.0
80489,1.0817027012109854,2.595835075204855,4.007616111914892,"Town, The (2010)",Crime|Drama|Thriller,840361,23168.0
1057,-0.146999643390042,3.0760256605718532,3.5431202687044303,Everyone Says I Love You (1996),Comedy|Musical|Romance,116242,9716.0
8907,-1.7831597941673518,1.149140671444569,2.039175836245181,Shark Tale (2004),Animation|Children|Comedy,307453,10555.0
8529,-0.15730050785211167,3.739015811866082,3.548839060781669,"Terminal, The (2004)",Comedy|Drama|Romance,362227,594.0
82167,0.3201595600170911,0.9216562081811088,3.9382832605562816,Love and Other Drugs (2010),Comedy|Drama|Romance,758752,43347.0
175,0.6730435960941731,2.2319749264707136,3.8924553081680884,Kids (1995),Drama,113540,9344.0
60941,-0.03758583636220159,0.40988390838273603,3.4992103547706006,"Midnight Meat Train, The (2008)",Horror|Mystery|Thriller,805570,10185.0
45950,0.38707286971770194,1.2130465159274648,3.9100006217245893,"Inconvenient Truth, An (2006)",Documentary,497116,1781.0
387,-1.1471116934969778,1.1929888839097722,2.629364763909531,"Low Down Dirty Shame, A (1994)",Action|Comedy,110399,26352.0
1982,-0.28553592110036474,1.8180552555549558,3.4338534017445688,Halloween (1978),Horror,77651,948.0
114762,-0.002638556926987155,0.009909334509698407,3.3246392496392496,Two Night Stand (2014),Comedy|Romance,2140619,286554.0
44773,0.1223296522707604,0.2586398362296078,4.063882063882064,"Dead Hate the Living!, The (2000)",Comedy|Horror,225481,28349.0
91386,-0.39495002018845515,0.2586398362296078,2.0638820638820636,Happy Feet Two (2011),Animation|Children|Comedy|IMAX,1402488,65759.0
58425,0.18841453112728762,0.21322145999044154,4.4745656006043815,Heima (2007),Documentary,1094594,14793.0
4889,-0.33861027981538105,0.8991900316547695,3.2143365446229177,Heist (2001),Crime|Drama,252503,11088.0
27368,0.0002916590688168048,0.0005379489491509954,4.1330777656078865,Asterix & Obelix: Mission Cleopatra (Astérix & Obélix: Mission Cléopâtre) (2002),Adventure|Comedy|Fantasy,250223,2899.0
58332,-0.045892042359385106,0.19404718623041875,3.3544096948040054,Diary of the Dead (2007),Horror|Sci-Fi,848557,13025.0
3161,-0.2739628958128016,0.23906605052316435,2.444937526928048,Onegin (1999),Drama|Romance,119079,30237.0
381,0.8237430387677842,1.877983526042705,4.029540754789327,When a Man Loves a Woman (1994),Drama|Romance,111693,10449.0
2490,-0.3427715681905883,10.140266188372943,3.557106076094389,Payback (1999),Action|Thriller,120784,2112.0
2206,0.5145936782523051,1.0098038086625318,4.100506771010808,Suspicion (1941),Film-Noir|Mystery|Thriller,34248,11462.0
2718,0.46452010528912435,1.4359135611737028,3.9144105312809123,Drop Dead Gorgeous (1999),Comedy,157503,10490.0
93721,0.2810415731363966,0.5711833108994144,4.082943027779295,Jiro Dreams of Sushi (2011),Documentary,1772925,80767.0
27869,0.23001048048067008,0.3145910539907577,4.3220502901353965,Tae Guk Gi: The Brotherhood of War (Taegukgi hwinalrimyeo) (2004),Action|Drama|War,386064,11658.0
6707,0.17449477771468522,0.34147461584216743,4.101912748631451,Cabin Fever (2002),Horror|Thriller,303816,11547.0
91974,-0.10250833778216231,0.4923639930908995,3.3827128393135006,Underworld: Awakening (2012),Action|Fantasy|Horror|IMAX,1496025,52520.0
72356,0.11222053382334207,0.2664507422001731,4.012077119553708,Partly Cloudy (2009),Animation|Children|Comedy|Fantasy,1425244,24480.0
3606,-0.006990265844043497,0.2586398362296078,3.5638820638820636,On the Town (1949),Comedy|Musical|Romance,41716,31516.0
26183,-0.5263676790468298,0.47186129622004935,2.4753955210032395,Asterix and Cleopatra (Astérix et Cléopâtre) (1968),Action|Adventure|Animation|Children|Comedy,62687,9929.0
146244,-0.1363101839588474,0.2586398362296078,3.0638820638820636,Dil To Pagal Hai (1997),Comedy|Drama|Romance,118983,13986.0
153408,-0.1363101839588474,0.2586398362296078,3.0638820638820636,Tears for Sale (2008),Comedy|Drama|Fantasy,380249,16403.0
126430,0.18841453112728762,0.21322145999044154,4.4745656006043815,The Pacific (2010),Action|Adventure|Drama|War,374463,189197.0
144606,0.019594256613862222,0.02967852232720984,4.2511258091753445,Confessions of a Dangerous Mind (2002),Comedy|Crime|Drama|Romance|Thriller,270288,4912.0
183959,0.03443351777746714,0.02967852232720984,4.7511258091753445,Tom Segura: Disgraceful (2018),Comedy,7379330,497520.0
52319,0.5080387643819126,1.623881490980444,3.903763672480297,Inglorious Bastards (Quel maledetto treno blindato) (1978),Action|Adventure|Drama|War,76584,22311.0
142456,-0.43636832245800494,0.6815297010190097,2.950631313131313,The Brand New Testament (2015),(no genres listed),3792960,330764.0
5969,-0.16264608228641841,0.30180850563308664,3.0520041917736442,My Girl 2 (1994),Comedy|Drama|Romance,110613,11317.0
8128,0.10204024925588197,1.1823890585116994,3.677209153076718,Au revoir les enfants (1987),Drama,92593,1786.0
6571,0.19811871665951905,0.40536541607612603,4.079650134921373,"Mondays in the Sun (Lunes al sol, Los) (2002)",Drama,319769,54580.0
7299,0.19811871665951905,0.40536541607612603,4.079650134921373,Monsieur Ibrahim (Monsieur Ibrahim et les fleurs du Coran) (2003),Drama,329388,337.0
3433,-0.8370629344871469,0.47511072114872316,1.8290820109743435,Death Wish 4: The Crackdown (1987),Action|Drama,92857,26263.0
33158,-0.3060915259777258,0.2826889810516,2.5081236040497563,xXx: State of the Union (2005),Action|Crime|Thriller,329774,11679.0
109487,0.9975729052191706,14.240069421728691,3.6609630264395587,Interstellar (2014),Sci-Fi|IMAX,816692,157336.0
2324,5.900355463353625,12.513619221034523,4.062423794939363,Life Is Beautiful (La Vita è bella) (1997),Comedy|Drama|Romance|War,118799,637.0
880,-3.454868583436523,6.564468027209339,3.064610757347819,"Island of Dr. Moreau, The (1996)",Sci-Fi|Thriller,116654,9306.0
8373,-0.7662359203109831,1.440253816992957,3.0588945867498354,"Stepford Wives, The (2004)",Comedy|Fantasy|Thriller,327162,9890.0
3499,1.4137696916698002,5.494507097148159,3.8482150997417293,Misery (1990),Drama|Horror|Thriller,100157,1700.0
59315,1.4574528026326887,14.79777120933213,3.6894004638337887,Iron Man (2008),Action|Adventure|Sci-Fi,371746,1726.0
71264,-0.9251588680668444,3.4356886753442217,3.3216300742431955,Cloudy with a Chance of Meatballs (2009),Animation|Children|Fantasy|IMAX,844471,22794.0
152081,-0.6493266610787992,6.799258530363852,3.4954094627983103,Zootopia (2016),Action|Adventure|Animation|Children|Comedy,2948356,269149.0
610,2.8619610141606793,6.35640041178211,4.041157789662524,Heavy Metal (1981),Action|Adventure|Animation|Horror|Sci-Fi,82509,11827.0
761,-0.8422938152476731,2.9199922372014586,3.3024515380030826,"Phantom, The (1996)",Action|Adventure,117331,9826.0
1881,-0.7255511558294095,0.45138271021953535,1.9835122203543256,Quest for Camelot (1998),Adventure|Animation|Children|Fantasy|Musical,120800,18937.0
2915,0.9019543716967311,6.941363605910989,3.7208481667023054,Risky Business (1983),Comedy,86200,9346.0
3316,-1.9447754688211334,1.8318114774174719,2.5292411775914383,Reindeer Games (2000),Action|Thriller,184858,2155.0
4343,-1.8529764677311995,4.1096060099865035,3.1400200121924464,Evolution (2001),Comedy|Sci-Fi,251075,9397.0
7444,0.6607893719261816,2.478201455677006,3.8575497913301406,13 Going on 30 (2004),Comedy|Fantasy|Romance,337563,10096.0
61240,0.2378922766816718,1.2609088882212878,3.779576391856788,Let the Right One In (Låt den rätte komma in) (2008),Drama|Fantasy|Horror|Romance,1139797,13310.0
8966,0.19026264834850792,0.20103223221729136,4.537337662337663,Kinsey (2004),Drama,362269,11184.0
136018,-0.1007200474506085,0.12677323876453772,2.7964192724570998,Black Mass (2015),Crime|Drama,1355683,261023.0
6218,-1.1640160920000149,6.454142282303154,3.41055730424463,Bend It Like Beckham (2002),Comedy|Drama|Romance,286499,455.0
7139,0.5423203641968066,0.7055793033941765,4.359526256389972,In America (2002),Drama|Romance,298845,10511.0
50740,-0.002638556926987155,0.009909334509698407,3.3246392496392496,Seven Up! (1964),Documentary,58578,51863.0
3468,0.23494983523123503,0.8095302336625636,3.8811389371351543,"Hustler, The (1961)",Drama,54997,990.0
146986,-0.1363101839588474,0.2586398362296078,3.0638820638820636,Le Maître d'école (1981),Comedy,82726,53179.0
5749,-0.05462217395069268,0.13805604405120123,3.195256916996047,Ghost Story (1981),Drama|Horror,82449,24634.0
5970,0.3547204180887236,0.9130987228372174,3.9793889006130425,My Girl (1991),Comedy|Drama|Romance,102492,4032.0
4736,-0.15689940192707857,0.3143157705820882,3.0917314593301435,Summer Catch (2001),Comedy|Drama|Romance,234829,26602.0
6332,0.17661168047871934,0.7861888792501158,3.81555190275753,"Lizzie McGuire Movie, The (2003)",Children|Comedy|Romance,306841,18736.0
5264,-0.6130355905978739,0.4537670384834418,2.2399171972564984,Clockstoppers (2002),Action|Adventure|Sci-Fi|Thriller,250305,15028.0
5999,-0.40992940745467,0.40536541607612603,2.579650134921373,Heavy Metal 2000 (2000),Action|Adventure|Animation|Fantasy|Sci-Fi,119273,16225.0
6285,0.19811871665951905,0.40536541607612603,4.079650134921373,Levity (2003),Drama,304328,21052.0
61026,0.1448733412691524,0.3189384367694263,4.04514515833513,Red Cliff (Chi bi) (2008),Action|Adventure|Drama|War,425637,12289.0
2445,-0.001342255243350869,0.0038383790292314305,3.2412158393753483,At First Sight (1999),Drama,132512,15556.0
33834,0.051108866161582965,0.19350923728126776,3.855024989868972,Land of the Dead (2005),Action|Horror|Thriller,418819,11683.0
91079,0.06081713895653343,0.6112902172041307,3.690398886827458,Like Crazy (2011),Drama|Romance,1758692,60420.0
4412,-0.513028946335966,0.23906605052316435,1.4449375269280482,"Thing with Two Heads, The (1972)",Comedy|Horror|Sci-Fi,69372,28650.0
1589,-0.15141641535606642,2.029431644295567,3.51629883449485,Cop Land (1997),Action|Crime|Drama|Thriller,118887,2142.0
2716,4.477557456937555,16.536290254437287,3.8616806719616226,Ghostbusters (a.k.a. Ghost Busters) (1984),Action|Comedy|Sci-Fi,87332,620.0
2947,-0.16418877193911474,9.911738349731115,3.574344007555819,Goldfinger (1964),Action|Adventure|Thriller,58150,658.0
3740,1.082484411763005,4.078200571276794,3.856340962844733,Big Trouble in Little China (1986),Action|Adventure|Comedy|Fantasy,90728,6978.0
6874,-0.24195926829767933,20.407048350040718,3.5790524390235574,Kill Bill: Vol. 1 (2003),Action|Crime|Thriller,266697,24.0
3681,3.643075597763445,6.9532659378094115,4.114846421991695,For a Few Dollars More (Per qualche dollaro in più) (1965),Action|Drama|Thriller|Western,59578,938.0
1059,1.5110531515910608,6.205056543565441,3.8344287334751206,William Shakespeare's Romeo + Juliet (1996),Drama|Romance,117509,454.0
85354,0.11274731785258256,1.2712219037255212,3.6796011733237806,Mesrine: Public Enemy #1 (L'ennemi public n°1) (2008),Action|Crime,411272,15362.0
1379,-0.7908401411405339,2.7367155153722793,3.301934903896103,Young Guns II (1990),Action|Western,100994,9086.0
82202,-0.41126698141059476,0.5716999073244073,2.871533460195154,"Tourist, The (2010)",Drama|Thriller,1243957,37710.0
2875,-0.10718131097638384,1.6604116600976873,3.5263580439897515,Sommersby (1993),Drama|Mystery|Romance,108185,1049.0
4577,0.5222877096922806,0.6852291092576304,4.353117967671669,Casualties of War (1989),Drama|War,97027,10142.0
171759,0.021298195863671907,0.09709471643732787,3.810263929618768,The Beguiled (2017),Drama|Thriller|Western,5592248,399019.0
2356,-0.10576219842594572,0.38352150742337915,3.315143074195999,Celebrity (1998),Comedy,120533,9466.0
3201,0.7343735552836475,1.024688143759716,4.307589145963826,Five Easy Pieces (1970),Drama,65724,26617.0
26429,-0.1363101839588474,0.2586398362296078,3.0638820638820636,Love at First Bite (1979),Comedy|Horror|Romance,79489,18966.0
91666,-0.1363101839588474,0.2586398362296078,3.0638820638820636,Last Holiday (1950),Comedy|Drama|Romance,42665,16939.0
2298,0.08343387010050854,0.13805604405120123,4.195256916996048,Strangeland (1998),Thriller,124102,27791.0
62439,-0.40193480468053777,0.7112082233462195,3.025765450148804,My Best Friend's Girl (2008),Comedy|Romance,1046163,13596.0
168266,0.12058685744855174,1.5770497385461741,3.667372663681194,T2: Trainspotting (2017),Crime|Drama,2763304,180863.0
80126,-1.048390124564965,0.3645872947131095,0.715355993563958,"American, The (2010)",Drama|Thriller,1440728,27579.0
7352,0.19811871665951905,0.40536541607612603,4.079650134921373,Wilbur Wants to Kill Himself (2002),Comedy|Drama|Romance,329767,156.0
5540,0.0022327832351204443,0.22156579793956038,3.600986382873302,Clash of the Titans (1981),Action|Adventure|Fantasy|Romance,82186,10323.0
183897,0.05899631390783108,0.5717200822209367,3.694099998037367,Isle of Dogs (2018),Animation|Comedy,5104604,399174.0
43871,-0.22070580830957157,0.6408818960897655,3.246530805836332,Firewall (2006),Crime|Drama|Thriller,408345,9754.0
45442,-0.2615016540925597,0.2826889810516,2.6658583403641765,Poseidon (2006),Action|Adventure|Thriller|IMAX,409182,503.0
33085,-0.5709648387776811,0.5517021523194332,2.555994080378019,"Amityville Horror, The (2005)",Horror|Thriller,384806,10065.0
3511,-0.18974411150036963,0.5171380999853783,3.2239972128135985,Ready to Rumble (2000),Comedy,217756,20697.0
26523,0.051108866161582965,0.19350923728126776,3.855024989868972,"Silent Night, Deadly Night (1984)",Horror|Thriller,88117,27414.0
131610,-0.39495002018845515,0.2586398362296078,2.0638820638820636,Willy/Milly (1986),Comedy|Fantasy,92216,46836.0
3099,0.22572051326637557,0.6568000966002332,3.934576082486533,Shampoo (1975),Comedy|Drama|Romance,73692,31121.0
1377,-3.275107530693744,10.730910827485106,3.2857059647862643,Batman Returns (1992),Action|Crime,103776,364.0
2099,0.011568611259360179,0.7647523776055967,3.606036355103523,Song of the South (1946),Adventure|Animation|Children|Musical,38969,13850.0
2273,-3.3222292204498376,6.670700570082839,3.0928760604130776,Rush Hour (1998),Action|Comedy|Crime|Thriller,120812,2109.0
310,-0.15140500080776512,0.30671722744282753,3.0972785176606834,Rent-a-Kid (1995),Comedy,114268,36357.0
485,-1.7062888578262707,9.9965393907735,3.4202211366955435,Last Action Hero (1993),Action|Adventure|Comedy|Fantasy,107362,9593.0
838,1.4895980249129805,4.346096504653922,3.933652981505601,Emma (1996),Comedy|Drama|Romance,116191,3573.0
4223,0.8368589385513535,4.0220658335501165,3.798976032919508,Enemy at the Gates (2001),Drama|War,215750,853.0
6539,2.921810961947026,21.350277719138187,3.7277602832159684,Pirates of the Caribbean: The Curse of the Black Pearl (2003),Action|Adventure|Comedy|Fantasy,325980,22.0
82499,-0.36889309963168626,0.2885197427286932,2.3123376623376624,How Do You Know (2010),Comedy|Drama|Romance,1341188,42888.0
95167,1.1784883033658247,5.730701059728425,3.7965537914584635,Brave (2012),Action|Adventure|Animation|Children,1217209,62177.0
742,0.1529358014878345,1.8239937700554043,3.6747557596853713,Thinner (1996),Horror|Thriller,117894,10280.0
4855,0.19093275871896676,2.416175137784399,3.669931822222372,Dirty Harry (1971),Action|Crime|Thriller,66999,984.0
4626,0.07926834137979741,0.3445213806429711,3.820991593283431,Miracle Mile (1989),Drama|Romance|Sci-Fi,97889,24739.0
7379,-0.16005482940809684,0.44305877277067846,3.2296594345549456,The Alamo (2004),Drama|War|Western,318974,10733.0
1513,-3.2113790832210842,5.656861357328667,3.023212822542777,Romy and Michele's High School Reunion (1997),Comedy,120032,9611.0
2297,0.5581251696907531,1.03530217654516,4.130003069783197,What Dreams May Come (1998),Adventure|Drama|Fantasy|Romance,120889,12159.0
2906,0.11630565072211618,0.2837020722107358,4.000866091983526,Random Hearts (1999),Drama|Romance,156934,12618.0
6793,-1.7332625357353204,1.0077525903012894,1.870980457218232,Beethoven (1992),Children|Comedy|Drama,103786,11806.0
54881,0.0336063074700482,0.20341857179096617,3.7561167569258505,"King of Kong, The (2007)",Documentary,923752,13958.0
6235,0.11916482361248402,0.16350522309619905,4.319722650231125,Europa Europa (Hitlerjunge Salomon) (1990),Drama|War,99776,8996.0
900,-0.12279575803894381,1.1992471283122281,3.48851505123208,"American in Paris, An (1951)",Musical|Romance,43278,2769.0
77688,-0.2656301020736513,0.2586398362296078,2.5638820638820636,Three Men and a Cradle (3 hommes et un couffin) (1985),Comedy,90206,4180.0
88812,-0.17691489727243198,0.6168327512677733,3.304097314282737,30 Minutes or Less (2011),Action|Comedy|Crime,1622547,62206.0
107951,-0.39495002018845515,0.2586398362296078,2.0638820638820636,Hunting Elephants (2013),Comedy|Crime,2295196,204810.0
140133,-0.39495002018845515,0.2586398362296078,2.0638820638820636,Hollywood Chainsaw Hookers (1988),Comedy|Horror,95312,27412.0
7650,0.014405848074907933,0.13805604405120123,3.695256916996047,"Witchfinder General (Conquerer Worm, The) (1968)",Horror,63285,31965.0
3102,-0.30409562031153986,0.48206067083477044,2.960084718149234,Jagged Edge (1985),Crime|Romance|Thriller,89360,12235.0
43917,-0.3738111841344721,0.5970047516336883,2.9647646873485707,Eight Below (2006),Action|Adventure|Drama|Romance,397313,9036.0
6429,0.22766540693091847,0.3645872947131095,4.215355993563958,Winchester '73 (1950),Western,43137,14551.0
4133,-0.004563991378543954,0.40536541607612603,3.579650134921373,Masters of the Universe (1987),Action|Adventure|Fantasy|Sci-Fi,93507,11649.0
698,0.053573913274570076,0.02236610755453587,5.986225895316805,Delta of Venus (1995),Drama,109593,38867.0
870,-0.8370629344871469,0.47511072114872316,1.8290820109743435,Gone Fishin' (1997),Comedy,119214,9054.0
27882,0.10403649324118444,0.1398436219335345,4.334857880297793,Riding Giants (2004),Documentary,389326,291.0
85342,-0.7978723376241739,0.9999999964889643,2.7930367504835587,Elite Squad: The Enemy Within (Tropa de Elite 2 - O Inimigo Agora É Outro) (2010),Action|Crime|Drama,1555149,47931.0
3938,0.051108866161582965,0.19350923728126776,3.855024989868972,"Slumber Party Massacre, The (1982)",Horror,84695,27475.0
7846,-0.1424003711196848,0.19350923728126776,2.855024989868972,Tremors 3: Back to Perfection (2001),Comedy|Horror|Sci-Fi,259685,10829.0
171765,0.11782974751602318,0.1767446212740347,4.257575757575758,Okja (2017),Action|Adventure|Drama|Sci-Fi,3967856,387426.0
1272,2.5373521838569566,4.173878416264086,4.19882142826176,Patton (1970),Drama|War,66206,11202.0
196,-10.34237597981692,8.12792105188657,2.318458741823041,Species (1995),Horror|Sci-Fi,114508,9348.0
437,-0.4146547287137766,1.7792645352466516,3.357860704623858,Cops and Robbersons (1994),Comedy,109480,26261.0
95510,1.7121749501365937,4.581029725231248,3.964662385000664,"Amazing Spider-Man, The (2012)",Action|Adventure|Sci-Fi|IMAX,948470,1930.0
162350,0.3442342253404359,1.483131529408842,3.8230086845827844,The Magnificent Seven (2016),Action|Western,2404435,333484.0
829,-0.4170777941447794,1.8717906870547318,3.368086209574505,Joe's Apartment (1996),Comedy|Fantasy|Musical,116707,11962.0
2369,-0.7279982798733127,3.4144924592881267,3.3777007477794974,Desperately Seeking Susan (1985),Comedy|Drama|Romance,89017,8130.0
456,0.42610237969397247,1.1777688372763824,3.9526968765999944,Fresh (1994),Crime|Drama|Thriller,109842,13815.0
60943,0.3055324761669436,0.20646533659176985,5.070733652312599,Frozen River (2008),Drama,978759,10183.0
1945,1.1651207942649133,1.756337214775643,4.254290123015586,On the Waterfront (1954),Crime|Drama,47296,654.0
1438,-2.3072098485157913,2.4818811362596875,2.661287678018679,Dante's Peak (1997),Action|Thriller,118928,9619.0
69712,0.19026264834850792,0.20103223221729136,4.537337662337663,My Sister's Keeper (2009),Drama,1078588,10024.0
92475,0.11839291230099977,0.09709471643732787,4.810263929618769,All Watched Over by Machines of Loving Grace (2011),Documentary,1955162,192695.0
2202,0.9930685278478832,0.7309229516094717,4.949559172509586,Lifeboat (1944),Drama|War,37017,13321.0
6591,1.2645074467773414,1.2472603117775116,4.604737106470052,"Magdalene Sisters, The (2002)",Drama,318411,8094.0
136359,-0.39495002018845515,0.2586398362296078,2.0638820638820636,Scooby-Doo Goes Hollywood (1979),Animation|Children|Comedy,191423,36972.0
140481,-0.2656301020736513,0.2586398362296078,2.5638820638820636,"Family Guy Presents: Something, Something, Something, Dark Side (2009)",Animation|Comedy|Sci-Fi,1329665,278604.0
6433,0.18841453112728762,0.21322145999044154,4.4745656006043815,"Man with the Movie Camera, The (Chelovek s kino-apparatom) (1929)",Documentary,19760,26317.0
172585,0.18841453112728762,0.21322145999044154,4.4745656006043815,Karlson Returns (1970),Adventure|Animation|Children,209074,72203.0
44694,-0.1628923721667526,0.30234645458223763,3.0521484416670597,Volver (2006),Comedy|Drama,441909,219.0
1957,1.5921863505133511,2.398666129663943,4.25468898541922,Chariots of Fire (1981),Drama,82158,9443.0
4440,0.602740881748012,0.8036545089973492,4.340909090909091,"Big Boss, The (Fists of Fury) (Tang shan da xiong) (1971)",Action|Thriller,67824,12481.0
3129,-0.013524409389037527,0.02236610755453587,2.9862258953168044,Sweet and Lowdown (1999),Comedy|Drama,158371,9684.0
2469,0.49389922887579707,0.38375740720932106,4.877918070012389,Peggy Sue Got Married (1986),Comedy|Drama,91738,10013.0
59985,0.06683307943809123,0.08917974377033226,4.340329044505379,Chaos Theory (2007),Comedy|Drama|Romance,460745,12912.0
62511,0.07335207371450807,0.2826889810516,3.850388867735337,"Synecdoche, New York (2008)",Comedy|Drama,383028,4960.0
184253,0.10872490489925193,0.35819291503816547,3.8944463758039283,The Cloverfield Paradox (2018),Horror|Mystery|Sci-Fi|Thriller,2548396,384521.0
441,-0.1556218897790385,5.637088983898138,3.563302308361652,Dazed and Confused (1993),Comedy,106677,9571.0
733,-4.462318157969246,23.072856538269722,3.3975078902139,"Rock, The (1996)",Action|Adventure|Thriller,117500,9802.0
2174,0.3434738820243074,14.572221824358454,3.614479544760553,Beetlejuice (1988),Comedy|Fantasy,94721,4011.0
2338,-3.673841466295425,2.415287501981283,2.0698307665763815,I Still Know What You Did Last Summer (1998),Horror|Mystery|Thriller,130018,3600.0
800,1.3444685520309396,2.7942442985052303,4.072065499727803,Lone Star (1996),Drama|Mystery|Western,116905,26748.0
290,0.9522955325204393,2.847140489530297,3.9253834647667514,Once Were Warriors (1994),Crime|Drama,110729,527.0
217,-1.3999532063273836,1.9012403750884441,2.8545723158906986,"Babysitter, The (1995)",Drama|Thriller,112438,37141.0
31433,-0.29595902426879744,1.2752503011994905,3.3588299265360884,"Wedding Date, The (2005)",Comedy|Romance,372532,6961.0
51662,-0.2762381755389274,11.735444657243292,3.56737030021074,300 (2007),Action|Fantasy|War|IMAX,416449,1271.0
111759,0.33446126288572214,6.932469851915793,3.6391547046701507,Edge of Tomorrow (2014),Action|Sci-Fi|IMAX,1631867,137113.0
2171,-0.28769285499891173,0.47374881777407124,2.9836403353887104,Next Stop Wonderland (1998),Comedy|Drama|Romance,119778,41469.0
30825,-0.7033597693921517,2.537446397755326,3.313717119478933,Meet the Fockers (2004),Comedy,290002,693.0
88744,-0.0044769341167599265,2.8448911954117393,3.5893354159214566,Rise of the Planet of the Apes (2011),Action|Drama|Sci-Fi|Thriller,1318514,61791.0
1643,-0.005470948830283706,1.7795799789368378,3.5878347987193395,"Mrs. Brown (a.k.a. Her Majesty, Mrs. Brown) (1997)",Drama|Romance,119280,17589.0
59501,-0.45573088897554437,1.8047659215563463,3.3383938569209937,"Chronicles of Narnia: Prince Caspian, The (2008)",Adventure|Children|Fantasy,499448,2454.0
4068,-0.008890940737244685,0.6909581318555861,3.578041537395584,Sugar & Spice (2001),Comedy,186589,16723.0
948,0.6827565969324791,0.6559899465759249,4.6317125369013175,Giant (1956),Drama|Romance|Western,49261,1712.0
158882,-0.39495002018845515,0.2586398362296078,2.0638820638820636,All Yours (2016),Comedy|Drama|Romance,5368354,387398.0
3563,-0.37711885540001283,0.34298704564107024,2.4913956830626005,"Crow: Salvation, The (2000)",Action|Horror,132910,9456.0
1833,-0.6094006750653596,1.8815827010393735,3.2670324551764542,Mercury Rising (1998),Action|Drama|Thriller,120749,8838.0
42191,0.08180380113206685,0.21322145999044154,3.9745656006043815,Luxo Jr. (1986),Animation|Children,91455,13925.0
1735,-0.23792377013022456,0.3062208181077386,2.8139411120484406,Great Expectations (1998),Drama|Romance,119223,9410.0
131023,0.16595767446051984,0.5133942447339824,3.914164904862579,That Sugar Film (2014),Documentary,3892434,305091.0
2561,0.08632920063700553,1.1237831470684814,3.6677292504409413,True Crime (1999),Crime|Thriller,139668,10354.0
27674,-0.4183934961026892,1.2254668631108858,3.249493497638307,11:14 (2003),Comedy|Crime|Drama|Mystery|Thriller,331811,9282.0
33880,-0.032823494239762996,0.7877638617543147,3.5492424242424243,Me and You and Everyone We Know (2005),Comedy|Drama,415978,1382.0
5387,0.4099590542874732,0.3645872947131095,4.715355993563958,Enough (2002),Drama|Thriller,278435,1957.0
7038,0.19811871665951905,0.40536541607612603,4.079650134921373,Things You Can Tell Just by Looking at Her (2000),Drama|Romance,210358,20067.0
3422,-0.360568883035298,0.4792355605980433,2.8385256855847025,She's Gotta Have It (1986),Comedy|Romance,91939,27995.0
6405,-0.045645752479050915,0.19350923728126776,3.355024989868972,Treasure Island (1950),Adventure|Children,43067,6646.0
74075,-0.4326642270415864,0.19350923728126776,1.355024989868972,Stan Helsing (2009),Comedy|Horror,1185266,23988.0
4345,-0.023963986110096768,0.026243169571654894,2.677757726144823,"Anniversary Party, The (2001)",Drama,254099,26475.0
3971,-0.03489684528963725,0.23906605052316435,3.444937526928048,"Private Eyes, The (1981)",Comedy|Mystery,81376,13762.0
3710,-0.20428656058388536,0.33435665533766995,2.979925109215727,Action Jackson (1988),Action|Comedy|Crime|Thriller,94612,10117.0
3273,-1.3928185721310786,2.9701039684718955,3.1219630247389976,Scream 3 (2000),Comedy|Horror|Mystery|Thriller,134084,4234.0
537,-1.2278596561324078,2.98358163163409,3.179370273564946,Sirens (1994),Drama,111201,12519.0
1037,-1.8554786824813565,4.306246591183591,3.160028359118167,"Lawnmower Man, The (1992)",Action|Horror|Sci-Fi|Thriller,104692,10163.0
5956,0.7166308250438223,8.919848983854699,3.6712502296818386,Gangs of New York (2002),Crime|Drama,217505,3131.0
69406,0.6422650321284534,1.295102602927834,4.086827353042521,"Proposal, The (2009)",Comedy|Romance,1041829,18240.0
3513,-0.2204099934331462,0.41275718741649303,3.0569147713607765,Rules of Engagement (2000),Drama|Thriller,160797,10479.0
8641,0.8798599543501788,6.7143406734556095,3.7219509902021377,Anchorman: The Legend of Ron Burgundy (2004),Comedy,357413,8699.0
102125,-0.636200154189253,2.978036696805848,3.377278360679466,Iron Man 3 (2013),Action|Sci-Fi|Thriller|IMAX,1300854,68721.0
91535,-0.3477928166877344,1.4791455952958557,3.355778203325188,"Bourne Legacy, The (2012)",Action|Adventure|Drama|Thriller|IMAX,1194173,49040.0
103384,-0.022873433151384105,0.11607637285507705,3.3938540607700816,"Lone Ranger, The (2013)",Action|Adventure|Western|IMAX,1210819,57201.0
54997,1.4306308385705153,2.573640746371354,4.146787311514512,3:10 to Yuma (2007),Action|Crime|Drama|Western,381849,5176.0
67534,-0.0041655287207111365,0.20646533659176985,3.5707336523125996,Big Stan (2007),Comedy,490086,13161.0
307,0.09658830173681932,6.27467328508464,3.606302450427333,Three Colors: Blue (Trois couleurs: Bleu) (1993),Drama,108394,108.0
1545,0.724287603397501,0.5978246885185722,4.8024475524475525,Ponette (1996),Drama,117359,38523.0
3326,-0.8481705088229802,0.6852291092576304,2.353117967671669,What Planet Are You From? (2000),Comedy|Sci-Fi,181151,10416.0
4361,0.00606849795263294,1.2800750681209903,3.595649826904786,Tootsie (1982),Comedy|Romance,84805,9576.0
62336,0.00817739465545167,1.807658277968048,3.595432841197029,FLCL (2000),Animation|Comedy|Fantasy|Sci-Fi,279077,225130.0
91094,-0.013302863565205908,0.4651969659851918,3.562312895022402,"Muppets, The (2011)",Children|Comedy|Musical,1204342,64328.0
149406,-0.21210670453250335,0.35573455266693566,2.9946591541448853,Kung Fu Panda 3 (2016),Action|Adventure|Animation,2267968,140300.0
1096,1.1033693238865805,1.5031917927385683,4.3249267520063635,Sophie's Choice (1982),Drama,84707,15764.0
27473,0.0072707775827112525,0.009909334509698407,4.324639249639249,American Psycho II: All American Girl (2002),Comedy|Crime|Horror|Mystery|Thriller,283877,10726.0
326,-0.2767010416025726,0.8240134440347011,3.2551123346720408,To Live (Huozhe) (1994),Drama,110081,31439.0
115111,-0.006990265844043497,0.2586398362296078,3.5638820638820636,Ward 13 (2003),Action|Animation|Comedy|Horror,379000,48585.0
766,0.2882899254521345,1.1310873028909556,3.8457876707634413,I Shot Andy Warhol (1996),Drama,116594,26890.0
7380,0.18805857154035555,1.2465669940126327,3.7417702740172727,Ella Enchanted (2004),Comedy|Fantasy|Romance,327679,14442.0
88345,-0.024806928863153912,0.21322145999044154,3.4745656006043815,Mike's New Car (2002),Animation|Comedy,323250,13931.0
100553,0.08180380113206685,0.21322145999044154,3.9745656006043815,Frozen Planet (2011),Documentary,2092588,134481.0
174551,0.18841453112728762,0.21322145999044154,4.4745656006043815,Obsession (1965),Comedy,862766,435041.0
4613,-0.7861562911463104,0.48206067083477044,1.960084718149234,K-9 (1989),Action|Comedy|Crime,97637,10345.0
1727,0.470389883993747,0.31815414961131966,5.069405865407898,"Horse Whisperer, The (1998)",Drama|Romance,119314,547.0
6551,0.19811871665951905,0.40536541607612603,4.079650134921373,"Anarchist Cookbook, The (2002)",Comedy|Romance,284850,20439.0
229,1.078428199755633,0.8720376275093157,4.827585314199825,Death and the Maiden (1994),Drama|Thriller,109579,10531.0
2983,0.10698511951294709,0.5906164816947626,3.772050530115046,"Ipcress File, The (1965)",Thriller,59319,15247.0
119167,-0.16986881101862467,0.2930236990071276,3.0111989459815547,Paradox (2010),Sci-Fi|Thriller,1343740,51239.0
31692,-0.2180795096027349,0.06012854450521054,-0.035979126613567836,Uncle Nino (2003),Comedy,327210,32588.0
4916,0.4073109448797687,0.8876374761049599,4.049779920323695,Midway (1976),Drama|War,74899,11422.0
66171,-0.0703715526198308,0.35819291503816547,3.3944463758039283,Push (2009),Sci-Fi|Thriller,465580,13455.0
7303,0.2131284648550348,0.2273370291787038,4.528409090909091,The Diary of Anne Frank (1959),Drama|War,52738,2576.0
5938,-0.023963986110096768,0.026243169571654894,2.677757726144823,Deathtrap (1982),Comedy|Crime|Mystery|Thriller,83806,17590.0
2872,1.8345172474323952,3.9626415018258077,4.053862211090952,Excalibur (1981),Adventure|Fantasy,82348,11527.0
2991,0.17470685096546498,3.791496282835744,3.6369876936381424,Live and Let Die (1973),Action|Adventure|Thriller,70328,253.0
4881,-0.1427360670138692,1.951748082643882,3.517776667578865,"Man Who Wasn't There, The (2001)",Crime|Drama,243133,10778.0
494,-1.9736348644746937,8.548184785370134,3.360025585927719,Executive Decision (1996),Action|Adventure|Thriller,116253,2320.0
113394,0.2081463858257001,0.2885197427286932,4.312337662337662,"Pretty One, The (2013)",Comedy|Drama,2140577,174337.0
1036,3.2304799636838326,25.539929746683722,3.717396516509911,Die Hard (1988),Action|Crime|Thriller,95016,562.0
74789,0.07104520238892573,4.013889008594957,3.608608933190927,Alice in Wonderland (2010),Adventure|Fantasy|IMAX,1014759,12155.0
141688,0.0772189641468363,0.28820758365585,3.8588373777616805,Legend (2015),Crime|Thriller,3569230,276907.0
160438,-0.15788277059131414,0.32043734024038484,3.0981988141577173,Jason Bourne (2016),Action,4196776,324668.0
173,-5.852293522915295,13.835008859182633,3.167902963303254,Judge Dredd (1995),Action|Crime|Sci-Fi,113492,9482.0
810,-3.8534358874613144,3.135628476205281,2.361989301239136,Kazaam (1996),Children|Comedy|Fantasy,116756,11511.0
2111,0.2876168601426152,1.5098254717387913,3.7814058506513817,"Man with Two Brains, The (1983)",Comedy,85894,11591.0
2402,-2.7624843604930125,3.017750546293793,2.675497323728494,Rambo: First Blood Part II (1985),Action|Adventure|Thriller,89880,1369.0
108156,0.019061420838093222,0.3700017716799569,3.642426197844949,Ride Along (2014),Action|Comedy,1408253,168530.0
100383,0.10298150665189443,0.6997906049831348,3.7380695499357968,Side Effects (2013),Crime|Drama|Mystery|Thriller,2053463,109421.0
111732,0.06984555408233584,0.09709471643732787,4.310263929618769,"Dance of Reality, The (Danza de la realidad, La) (2013)",Drama|Fantasy,2301592,137698.0
4215,-0.18359052845951646,0.4632365848517031,3.194587784554823,Revenge of the Nerds II: Nerds in Paradise (1987),Comedy,93857,16889.0
6564,-1.6522831598756957,1.3765444908868827,2.390596881013747,Lara Croft Tomb Raider: The Cradle of Life (2003),Action|Adventure|Comedy|Romance|Thriller,325703,1996.0
103341,-0.08188574992804631,1.8418101811012262,3.546449704828878,"World's End, The (2013)",Action|Comedy|Sci-Fi,1213663,107985.0
44004,0.05067256877106621,0.32227683788850825,3.748142136582067,Failure to Launch (2006),Comedy|Romance,427229,6877.0
58291,-0.2656301020736513,0.2586398362296078,2.5638820638820636,College Road Trip (2008),Comedy,997047,13493.0
3018,0.47832404210368945,0.8942601945597438,4.1257914942784755,Re-Animator (1985),Comedy|Horror|Sci-Fi,89885,1694.0
2495,0.1744357975288117,0.536850322694552,3.9158335440663246,"Fantastic Planet, The (Planète sauvage, La) (1973)",Animation|Sci-Fi,70544,16306.0
91261,-0.13141765885837467,0.21322145999044154,2.9745656006043815,Hipsters (Stilyagi) (2008),Drama|Musical|Romance,1239426,38336.0
134849,-0.024806928863153912,0.21322145999044154,3.4745656006043815,Duck Amuck (1953),Animation|Children|Comedy,45708,53210.0
813,-0.3140583611184368,0.895089777341066,3.2400410896552145,Larger Than Life (1996),Comedy,116823,34170.0
2970,-0.09676012905800102,0.13978414288596877,2.898698035632709,Fitzcarraldo (1982),Adventure|Drama,83946,9343.0
5131,0.40080142469758206,0.40536541607612603,4.579650134921373,How to Kill Your Neighbor's Dog (2000),Comedy|Drama,207524,13791.0
8916,-0.06693653621740715,0.08917974377033226,2.8403290445053786,Shall We Dance? (2004),Comedy|Romance,358135,4380.0
5319,0.19957892583522932,0.3840382360768807,4.1105941302791695,Nine Queens (Nueve reinas) (2000),Crime|Thriller,247586,18079.0
5127,-0.1424003711196848,0.19350923728126776,2.855024989868972,Dragonfly (2002),Drama|Fantasy|Mystery|Romance|Thriller,259288,10052.0
8241,0.14786348480221684,0.19350923728126776,4.355024989868972,Masterminds (1997),Action|Comedy|Thriller,119630,25224.0
278,-0.5386432159215553,0.33435665533766995,1.9799251092157268,Miami Rhapsody (1995),Comedy,113808,17402.0
2046,-0.66833661254214,3.213025183903705,3.382900571122098,Flight of the Navigator (1986),Adventure|Children|Sci-Fi,91059,10122.0
2993,0.26329636360064435,3.2496671595421387,3.6719316543514777,Thunderball (1965),Action|Adventure|Thriller,59800,660.0
2204,0.6013952039716989,0.41635052582656074,5.0353535353535355,Saboteur (1942),Mystery|Thriller,35279,31997.0
4020,-1.007131272287928,1.7219711797916522,3.0060379362073117,"Gift, The (2000)",Thriller,219699,2046.0
4,-1.203262820065449,2.9694350790546977,3.185693018480762,Waiting to Exhale (1995),Comedy|Drama|Romance,114885,31357.0
445,-0.9671298377202752,2.694912341072887,3.232036624825372,Fatal Instinct (1993),Comedy,106873,26141.0
73017,1.3892897385472067,7.336376575050452,3.78027910542987,Sherlock Holmes (2009),Action|Crime|Mystery|Thriller,988045,10528.0
2581,0.30539010553921275,6.146459929240176,3.640594618685234,Never Been Kissed (1999),Comedy|Romance,151738,11355.0
5608,-0.05314987767899169,1.8277243342253144,3.5618292801938063,"Das Experiment (Experiment, The) (2001)",Drama|Thriller,250258,575.0
1779,-0.3590997826004998,2.235895627211459,3.4303024068447017,Sphere (1998),Sci-Fi|Thriller,120184,10153.0
3505,0.9835583160409629,1.19769464231469,4.412118672459958,No Way Out (1987),Drama|Mystery|Thriller,93640,10083.0
51084,-0.1368622524859433,0.5453597861162794,3.3399513636065463,Music and Lyrics (2007),Comedy|Romance,758766,11172.0
4333,-0.8964441003811615,0.6858202709291756,2.2837968074435926,Throw Momma from the Train (1987),Comedy|Crime,94142,11896.0
7360,0.9245289811409443,1.1441225997468236,4.398977195975391,Dawn of the Dead (2004),Action|Drama|Horror|Thriller,363547,924.0
3653,0.12377547386510122,0.08962441193802237,4.971955517754214,"Endless Summer, The (1966)",Documentary,60371,21.0
5049,0.014504628299118581,0.0361525040813533,3.992115830737654,48 Hrs. (1982),Action|Comedy|Crime|Drama,83511,150.0
72489,0.05428518800140567,0.09908907828003066,4.138751385374612,Ninja Assassin (2009),Action|Crime|Drama|Thriller,1186367,22832.0
112788,0.506797477027874,0.46842669843728285,4.672823248916309,Sex Tape (2014),Comedy,1956620,225886.0
55,0.09050389528845118,0.2914026518628154,3.901489295687248,Georgia (1995),Drama,113158,97406.0
1340,-0.05462217395069268,0.13805604405120123,3.195256916996047,"Bride of Frankenstein, The (Bride of Frankenstein) (1935)",Drama|Horror|Sci-Fi,26138,229.0
5363,-0.39864935440339444,0.9050095373507536,3.1504172088341615,"New Guy, The (2002)",Comedy,241760,10985.0
6003,-0.010351295184234277,0.813894131812469,3.578190857935494,Confessions of a Dangerous Mind (2002),Comedy|Crime|Drama|Thriller,290538,4912.0
127198,-0.12034194139412177,1.0649759774261462,3.4779094139727467,Dope (2015),Comedy|Drama,3850214,308639.0
167732,-0.0247384694456217,0.3834462764071367,3.526392961876833,A Street Cat Named Bob (2016),Comedy|Drama,3606888,404378.0
1318,-0.31355033510296176,0.30180850563308664,2.5520041917736442,Blue Juice (1995),Comedy|Drama,112537,18762.0
3093,0.00025848336396554043,0.3143157705820882,3.5917314593301435,McCabe & Mrs. Miller (1971),Drama|Western,67411,29005.0
27821,0.1350697043227686,0.4034955143524205,3.9256580522192186,"Interpreter, The (2005)",Drama|Thriller,373926,179.0
55391,-1.015299257602308,0.9427778820592859,2.5139860139860137,10th & Wolf (2006),Crime|Drama|Thriller,360323,13197.0
5556,-0.4326642270415864,0.19350923728126776,1.355024989868972,FearDotCom (a.k.a. Fear.com) (a.k.a. Fear Dot Com) (2002),Crime|Horror|Thriller,295254,9544.0
31193,0.051108866161582965,0.19350923728126776,3.855024989868972,"Many Adventures of Winnie the Pooh, The (1977)",Animation|Children|Musical,76363,13716.0
113207,0.0910347132625383,0.19862119257281077,4.049242424242424,Get on Up (2014),Drama|Musical,2473602,239566.0
3926,-0.03489684528963725,0.23906605052316435,3.444937526928048,Voyage to the Bottom of the Sea (1961),Adventure|Sci-Fi,55608,2160.0
2424,1.2773735450639894,7.546013870589372,3.76018701259998,You've Got Mail (1998),Comedy|Romance,128853,9489.0
450,-0.7665125924827951,1.1744504634889237,2.938252707083649,With Honors (1994),Comedy|Drama,111732,16297.0
930,1.1291139310721177,1.8987910287029284,4.185557956426124,Notorious (1946),Film-Noir|Romance|Thriller,38787,303.0
100,-0.44287745188288635,1.925950204100891,3.3609563896710863,City Hall (1996),Drama|Thriller,115907,11062.0
44665,-1.0132111396984487,5.7157217846617066,3.4136416909426637,Lucky Number Slevin (2006),Crime|Drama|Mystery,425210,186.0
56757,-0.03851021017418721,2.6620707407609343,3.5764428298948627,Sweeney Todd: The Demon Barber of Fleet Street (2007),Drama|Horror|Musical|Thriller,408236,13885.0
65596,0.0772189641468363,0.28820758365585,3.8588373777616805,Mesrine: Killer Instinct (L'instinct de mort) (2008),Action|Crime|Drama|Thriller,1259014,13635.0
88094,-0.21098861950901368,0.28820758365585,2.8588373777616805,Upside Down: The Creation Records Story (2010),Documentary,1764726,64780.0
95441,-1.001000763454646,2.715313567534787,3.2222589374156043,Ted (2012),Comedy|Fantasy,1637725,72105.0
58998,1.7155757548840702,4.2230855295778555,3.9971466020531197,Forgetting Sarah Marshall (2008),Comedy|Romance,800039,9870.0
61160,-0.18802349062971913,0.46838121100950797,3.189476483857092,Star Wars: The Clone Wars (2008),Action|Adventure|Animation|Sci-Fi,1185834,12180.0
59129,-0.10739819701659606,0.20646533659176985,3.0707336523125996,Outpost (2008),Action|Horror,892899,9017.0
6567,-0.030061205998199537,0.3693233879778794,3.5095137420718814,Buffalo Soldiers (2001),Comedy|Crime|Drama|War,252299,9104.0
2574,-0.15837740818680587,0.27986369318150434,3.025,"Out-of-Towners, The (1999)",Comedy,129280,8970.0
2159,0.13710742144732682,0.5770307447046469,3.8285176112618586,Henry: Portrait of a Serial Killer (1986),Crime|Horror|Thriller,99763,10692.0
3959,-0.058324493523281645,1.1836484244230616,3.541633907231378,"Time Machine, The (1960)",Action|Adventure|Sci-Fi,54387,2134.0
8866,-0.0841944177550184,0.7420027270563895,3.477439942232202,Wimbledon (2004),Comedy|Romance,360201,11823.0
7209,0.2516495703855643,0.2586398362296078,4.563882063882064,"M. Hulot’s Holiday (Mr. Hulot's Holiday) (Vacances de Monsieur Hulot, Les) (1953)",Comedy,46487,778.0
118572,-0.1363101839588474,0.2586398362296078,3.0638820638820636,The Mule (2014),Comedy|Crime|Drama,2130270,253272.0
167854,-0.2656301020736513,0.2586398362296078,2.5638820638820636,"Dana Carvey: Straight White Male, 60 (2016)",Comedy,6217368,423122.0
4254,-1.1231090782540407,2.184486411075049,3.0767795121852175,Crocodile Dundee in Los Angeles (2001),Comedy|Drama,231402,9290.0
26236,-0.024806928863153912,0.21322145999044154,3.4745656006043815,"White Sun of the Desert, The (Beloe solntse pustyni) (1970)",Action|Adventure|Comedy|Drama|Romance|War,66565,20848.0
119153,0.03443351777746714,0.02967852232720984,4.7511258091753445,Bill Burr: You People Are All the Same (2012),Comedy,2290153,191489.0
4066,0.2064874035564436,0.5083038404064253,3.9971373881246737,I'm Gonna Git You Sucka (1988),Action|Comedy,95348,17006.0
6212,-0.386152071356153,0.4537670384834418,2.7399171972564984,Bringing Down the House (2003),Comedy,305669,10678.0
4160,0.19811871665951905,0.40536541607612603,4.079650134921373,"Widow of St. Pierre, The (Veuve de Saint-Pierre, La) (2000)",Drama|Romance,191636,48217.0
4313,-0.004563991378543954,0.40536541607612603,3.579650134921373,"Man Who Cried, The (2000)",Drama,206917,29572.0
6425,-0.36195221333842365,0.47511072114872316,2.8290820109743438,"6th Man, The (Sixth Man, The) (1997)",Comedy,120142,36807.0
30883,-0.492025888388692,0.2826889810516,1.8503888677353366,Fat Albert (2004),Comedy|Fantasy,396592,15045.0
757,-0.03166472438058909,0.12542919948815853,3.3384581105169335,Ashes of Time (Dung che sai duk) (1994),Drama,109688,40751.0
4248,-1.0939006860482834,0.5171380999853783,1.4756120627473432,Josie and the Pussycats (2001),Comedy,236348,19366.0
1256,3.0565591301939277,3.255986067567135,4.529659769433271,Duck Soup (1933),Comedy|Musical|War,23969,3063.0
3479,0.3794342886624933,4.160177592879013,3.682115362802861,Ladyhawke (1985),Adventure|Fantasy|Romance,89457,526.0
1279,-0.04417224077233828,0.8217159419026867,3.537152995256307,Night on Earth (1991),Comedy|Drama,102536,339.0
161,-3.9561440095982885,24.302555535061742,3.428121930361687,Crimson Tide (1995),Drama|Thriller|War,112740,8963.0
40819,1.016008486246223,6.33728520365313,3.751231445607684,Walk the Line (2005),Drama|Musical|Romance,358273,69.0
555,-2.9183126597895965,12.616615275334876,3.3596019933950045,True Romance (1993),Crime|Thriller,108399,319.0
88129,-0.8644751440263768,2.1845168195912485,3.1951807832698154,Drive (2011),Crime|Drama|Film-Noir|Thriller,780504,64690.0
90249,-0.05902184292612485,0.5955717785616967,3.4918079497021277,Real Steel (2011),Action|Drama|Sci-Fi|IMAX,433035,39254.0
134368,-0.5272355020104882,2.012666673573886,3.328950412438861,Spy (2015),Action|Comedy|Crime,3079380,238713.0
139642,0.15701504159065732,0.649722433605918,3.832573890320793,Southpaw (2015),Action|Drama,1798684,307081.0
1385,-4.7358778097329,4.684876501007922,2.580022718832046,Under Siege (1992),Action|Drama|Thriller,105690,8845.0
104863,-0.015979832324497577,0.19495395435887075,3.508941877794337,What If (2013),Comedy|Drama|Romance,1486834,212716.0
54281,-0.002638556926987155,0.009909334509698407,3.3246392496392496,Charlie Bartlett (2007),Comedy|Drama,423977,8669.0
987,-0.2008987565743642,0.2914026518628154,2.901489295687248,Bliss (1997),Drama|Romance,118742,63945.0
74698,-0.2517949257109191,0.6714775270165696,3.215922712988649,Tooth Fairy (2010),Comedy|Fantasy,808510,23023.0
6283,1.0784848366772697,2.579339943968845,4.00903344058973,Cowboy Bebop: The Movie (Cowboy Bebop: Tengoku no Tobira) (2001),Action|Animation|Sci-Fi|Thriller,275277,11299.0
3629,0.5256292396576167,0.7583710189525363,4.284012105820732,"Gold Rush, The (1925)",Adventure|Comedy|Romance,15864,962.0
156371,-0.09560347194850008,0.6815297010190097,3.450631313131313,Everybody Wants Some (2016),Comedy,2937696,295699.0
177615,0.18467293710521326,0.23611754101309415,4.373031995937024,Lady Bird (2017),Comedy,4925292,391713.0
180985,0.3913038056576573,0.6336018748128062,4.208495340591931,The Greatest Showman (2017),Drama,1485796,316029.0
3036,0.42363870539490806,0.8296825322179269,4.101512471050682,"Quest for Fire (Guerre du feu, La) (1981)",Adventure|Drama,82484,62204.0
147374,-0.0566620796506242,0.43631534509455705,3.4610441198791477,"Doctor Who: The Doctor, the Widow and the Wardrobe (2011)",Adventure|Drama,1998643,315623.0
58105,-0.11152640810257329,0.08917974377033226,2.3403290445053786,"Spiderwick Chronicles, The (2008)",Adventure|Children|Drama|Fantasy|IMAX,416236,8204.0
1066,0.5104196540889169,0.39772960058876644,4.874242424242424,Shall We Dance (1937),Comedy|Musical|Romance,29546,31530.0
2937,-0.09976627113830516,0.5588539617435405,3.4123896959189413,"Palm Beach Story, The (1942)",Comedy,35169,32255.0
2163,-0.2739628958128016,0.23906605052316435,2.444937526928048,Attack of the Killer Tomatoes! (1978),Comedy|Horror,80391,2182.0
1060,0.5141778758892073,5.357459539735053,3.68688328764836,Swingers (1996),Comedy|Drama,117802,10218.0
2959,5.058129333649133,32.84284379469133,3.744919181060502,Fight Club (1999),Action|Crime|Drama|Thriller,137523,550.0
4002,0.9292552654405343,3.8262088149921007,3.8337748910712426,"Planes, Trains & Automobiles (1987)",Comedy,93748,2609.0
39,-5.0537919501373265,25.031156406157415,3.389009032113,Clueless (1995),Comedy|Romance,112697,9603.0
719,-1.12458021242356,6.374657758307937,3.414494880913594,Multiplicity (1996),Comedy,117108,9304.0
981,-0.11646455648042647,0.8957132889608235,3.46088472048187,Dangerous Ground (1997),Drama,118927,52855.0
922,2.79774751287401,3.7633003091852695,4.334338337319592,Sunset Blvd. (a.k.a. Sunset Boulevard) (1950),Drama|Film-Noir|Romance,43014,599.0
64197,0.22132275597476128,0.28820758365585,4.358837377761681,Hunger (2008),Drama,986233,10360.0
2579,-0.23076690973650069,1.0604450555934575,3.3732958270070244,Following (1998),Crime|Mystery|Thriller,154506,11660.0
5064,0.03159323562418464,3.4286490028960452,3.6001235761472996,The Count of Monte Cristo (2002),Action|Adventure|Drama|Thriller,245844,11362.0
23,-0.635943142413333,3.549695523084098,3.4117548118229784,Assassins (1995),Action|Crime|Thriller,112401,9691.0
58803,0.06862247857847381,4.708680909724793,3.6054827007786296,21 (2008),Crime|Drama|Romance|Thriller,478087,8065.0
96811,0.592577017820842,1.120499123645173,4.119760033597104,End of Watch (2012),Crime|Drama|Thriller,1855199,77016.0
1254,1.0715939767311458,2.116182883675693,4.097289699597242,"Treasure of the Sierra Madre, The (1948)",Action|Adventure|Drama|Western,40897,3090.0
4105,0.2860140716129622,1.0554872747047641,3.861887319133552,"Evil Dead, The (1981)",Fantasy|Horror|Thriller,83907,764.0
31925,-0.1363101839588474,0.2586398362296078,3.0638820638820636,Royal Flash (1975),Adventure|Comedy|Romance,73639,54302.0
2784,-0.05462217395069268,0.13805604405120123,3.195256916996047,"Masque of the Red Death, The (1964)",Horror,58333,25319.0
5792,-0.040710642188667365,0.6513702750186778,3.528409090909091,Roger Dodger (2002),Comedy|Drama,299117,13441.0
133771,0.24516137856100476,0.6815297010190097,3.950631313131313,The Lobster (2015),Comedy|Romance|Sci-Fi,3464902,254320.0
162578,1.3744816564501692,1.7159226598667592,4.391925178986684,Kubo and the Two Strings (2016),Adventure|Animation|Children|Fantasy,4302938,313297.0
100843,0.3027317076117603,0.23611754101309415,4.873031995937024,Oh Boy (A Coffee in Berlin) (2012),Comedy|Drama,1954701,130739.0
25746,-0.13692188778219105,0.3645872947131095,3.215355993563958,"Hunchback of Notre Dame, The (1923)",Drama|Horror,14142,18987.0
25750,-0.5015091824953006,0.3645872947131095,2.215355993563958,Sherlock Jr. (1924),Comedy|Fantasy|Romance,15324,992.0
1685,-0.10278695985411283,0.19323948452573214,3.0589941972920696,"I Love You, I Love You Not (1996)",Drama|Romance,116592,45565.0
679,0.10698511951294709,0.5906164816947626,3.772050530115046,"Run of the Country, The (1995)",Drama,114307,221917.0
26870,0.051108866161582965,0.19350923728126776,3.855024989868972,Major League II (1994),Comedy,110442,11067.0
66783,-0.045645752479050915,0.19350923728126776,3.355024989868972,Friday the 13th (2009),Horror,758746,13207.0
5603,-0.023963986110096768,0.026243169571654894,2.677757726144823,"Lavender Hill Mob, The (1951)",Comedy|Crime,44829,32961.0
736,-8.337619424837811,23.243098471275065,3.2321953232441714,Twister (1996),Action|Adventure|Romance|Thriller,117998,664.0
176,0.915806397086708,1.63041669896462,4.152609911115533,Living in Oblivion (1995),Comedy,113677,9071.0
4252,-0.23130584768142254,0.41635052582656074,3.0353535353535355,"Circle, The (Dayereh) (2000)",Drama,255094,13898.0
380,1.1926138246289177,39.40692585497114,3.621173157408926,True Lies (1994),Action|Adventure|Comedy|Romance|Thriller,111503,36955.0
520,-5.111697872704959,13.77967405641626,3.219949817723323,Robin Hood: Men in Tights (1993),Comedy,107977,8005.0
8984,-2.166546490764084,4.972527277645529,3.1552058016573654,Ocean's Twelve (2004),Action|Comedy|Crime|Thriller,349903,163.0
63113,0.17994669610863429,5.066308400898116,3.626427397705561,Quantum of Solace (2008),Action|Adventure|Thriller,830515,10764.0
152077,0.025788274271578083,1.7488189157887513,3.6056551998622566,10 Cloverfield Lane (2016),Thriller,1179933,333371.0
3263,-1.240348451761318,4.311261815410031,3.3032094556589517,White Men Can't Jump (1992),Comedy|Drama,105812,10158.0
111362,-0.029620917117560788,2.1020884724147897,3.5768179061153633,X-Men: Days of Future Past (2014),Action|Adventure|Sci-Fi,1877832,127585.0
1614,-2.0596521849184155,4.830078378829538,3.1644869868815517,In & Out (1997),Comedy,119360,10806.0
1717,-1.286908478123435,4.226121684383786,3.286396212617211,Scream 2 (1997),Comedy|Horror|Mystery|Thriller,120082,4233.0
1754,0.5820512125503776,2.9815079400861317,3.786129504286076,Fallen (1998),Crime|Drama|Fantasy|Thriller,119099,9411.0
2315,-0.22305957944829122,0.6448919475008031,3.245022341488928,Bride of Chucky (Child's Play 4) (1998),Comedy|Horror|Thriller,144120,11932.0
6857,-0.048449973205094476,1.944311758733789,3.5659902614119905,Ninja Scroll (Jûbei ninpûchô) (1995),Action|Adventure|Animation|Fantasy,107692,14282.0
1287,3.8797683504532054,5.6952017058353785,4.272143672377547,Ben-Hur (1959),Action|Adventure|Drama,52618,665.0
44974,1.8471535890335922,2.378533403669807,4.3675025943611105,Hard Candy (2005),Drama|Thriller,424136,2652.0
44719,-0.027249162354992026,0.09709471643732787,3.310263929618768,Brainstorm (2001),Drama,263124,53961.0
174053,-0.5981590509331365,0.8764836553778804,2.9084559187786296,Black Mirror: White Christmas (2014),Drama|Horror|Mystery|Sci-Fi|Thriller,3973198,374430.0
5023,-0.0066666808679460565,0.32857212849163137,3.5706192358366273,"Waterdance, The (1992)",Drama,105789,61418.0
45221,-0.2825175402480223,0.5279279198804052,3.055764936547975,Stick It (2006),Comedy,430634,10115.0
1041,-0.2901871773587411,1.8488524353206146,3.433953797011653,Secrets & Lies (1996),Drama,117589,11159.0
791,0.07407407336439699,0.999999990419355,3.6649831649831652,"Last Klezmer: Leopold Kozlowski, His Life and Music, The (1994)",Documentary,113610,
1116,0.07407407336439699,0.999999990419355,3.6649831649831652,"Single Girl, A (Fille seule, La) (1995)",Drama,113057,102461.0
8581,0.4842352947980906,0.5434214601273273,4.4819951637421935,Pirates of Silicon Valley (1999),Documentary|Drama,168122,3293.0
1111,0.08788312463699653,0.610951060579208,3.734755513818447,Microcosmos (Microcosmos: Le peuple de l'herbe) (1996),Documentary,117040,9305.0
170411,-0.024806928863153912,0.21322145999044154,3.4745656006043815,Dave Chappelle: Deep in the Heart of Texas (2017),Comedy,6649108,444706.0
170357,0.019594256613862222,0.02967852232720984,4.2511258091753445,Dave Chappelle: The Age of Spin (2017),Comedy,6648926,444705.0
3964,0.010474914284726446,0.6036533452362739,3.608261623397131,"Adventures of Ichabod and Mr. Toad, The (1949)",Animation|Children,41094,13465.0
5425,0.40080142469758206,0.40536541607612603,4.579650134921373,Dark Blue World (Tmavomodrý svet) (2001),Drama|War,244479,15813.0
7354,-0.004563991378543954,0.40536541607612603,3.579650134921373,Mad Dog and Glory (1993),Comedy|Drama|Romance,107473,10433.0
27850,0.09179778079133069,0.40834185248557453,3.8157152924594784,"Yes Men, The (2003)",Documentary,379593,3396.0
49,-0.48363136218181546,0.5906164816947626,2.772050530115046,When Night Is Falling (1995),Drama|Romance,114916,8391.0
1677,-0.36195221333842365,0.47511072114872316,2.8290820109743438,Critical Care (1997),Comedy|Drama,118901,61337.0
5076,-0.045645752479050915,0.19350923728126776,3.355024989868972,"Adventures of Huck Finn, The (1993)",Adventure|Children|Comedy|Drama,106223,34723.0
4334,-0.023963986110096768,0.026243169571654894,2.677757726144823,Yi Yi (2000),Drama,244316,25538.0
162,3.1127553237431886,4.164488221571817,4.338361156596127,Crumb (1994),Documentary,109508,26564.0
7,-2.9446881087833163,15.009697291830008,3.3947233816618994,Sabrina (1995),Comedy|Romance,114319,11860.0
637,-1.9792243580456208,6.218812511751716,3.272645056689459,Sgt. Bilko (1996),Comedy,117608,9099.0
134130,0.42155674177307806,4.978915304871916,3.6755774807008557,The Martian (2015),Adventure|Drama|Sci-Fi,3659388,286217.0
2034,-2.0508598975586287,2.078079521914508,2.6040075426616984,"Black Hole, The (1979)",Children|Sci-Fi,78869,9570.0
7924,0.032320930967901305,0.2172684803953366,3.739669421487603,Stray Dog (Nora inu) (1949),Drama|Film-Noir|Thriller,41699,30368.0
2272,-0.5787599706562394,0.804290025110342,2.8713179576274883,One True Thing (1998),Drama,120776,53113.0
55274,-0.10739819701659606,0.20646533659176985,3.0707336523125996,Elizabeth: The Golden Age (2007),Drama,414055,4517.0
64997,0.10633791715788504,0.21637467110146827,4.082361794761004,War of the Worlds (2005),Action|Sci-Fi,449040,34812.0
514,-0.2932919475033844,3.056031103208753,3.4949375717725757,"Ref, The (1994)",Comedy,110955,10872.0
1431,-2.3347418758362313,2.6547084692105045,2.7114370498489397,Beverly Hills Ninja (1997),Action|Comedy,118708,9622.0
101072,-0.027249162354992026,0.09709471643732787,3.310263929618768,"Unintentional Kidnapping of Mrs. Elfriede Ott, The (Die Unabsichtliche Entführung der Frau Elfriede Ott) (2010)",Comedy,1663636,59255.0
2935,0.8987487588880834,1.4086326066966515,4.2289383077648015,"Lady Eve, The (1941)",Comedy|Romance,33804,3086.0
6385,-0.9942796112768205,2.4214874374195507,3.1803021243347067,Whale Rider (2002),Drama,298228,1088.0
8154,0.2414944758832444,0.4221450593258068,4.1629742390099045,"Dolce Vita, La (1960)",Drama,53779,439.0
80363,-0.29198280716024944,1.2268918584048905,3.3529233180310616,Resident Evil: Afterlife (2010),Action|Horror|Sci-Fi|Thriller|IMAX,1220634,35791.0
99122,-0.006990265844043497,0.2586398362296078,3.5638820638820636,I Bought a Vampire Motorcycle (1990),Comedy|Horror,97550,41153.0
128968,-0.39495002018845515,0.2586398362296078,2.0638820638820636,Stitch! The Movie (2003),Animation|Children|Comedy,348124,15567.0
143031,-0.39495002018845515,0.2586398362296078,2.0638820638820636,Jump In! (2007),Comedy|Drama|Romance,805559,13968.0
4909,-0.19267821800189391,0.13805604405120123,2.195256916996047,"Incredible Shrinking Woman, The (1981)",Comedy|Sci-Fi,82558,12472.0
5165,0.23129735490272538,0.331565281332469,4.288501293485927,Zombie (a.k.a. Zombie 2: The Dead Are Among Us) (Zombi 2) (1979),Horror,80057,7219.0
7561,0.014405848074907933,0.13805604405120123,3.695256916996047,Paperhouse (1988),Fantasy|Horror|Thriller,98061,41965.0
30803,1.3634974201188357,0.9598725384345367,5.011407506607673,3-Iron (Bin-jip) (2004),Drama|Romance,423866,1280.0
95761,-0.43636832245800494,0.6815297010190097,2.950631313131313,Killer Joe (2011),Crime|Thriller,1726669,73567.0
7773,0.2900666761632115,0.30180850563308664,4.552004191773644,"Bang, Bang, You're Dead (2002)",Drama,288439,16876.0
1432,2.481855688149407,1.9444713355254915,4.867274364495748,Metro (1997),Action|Comedy|Crime|Drama|Thriller,119664,8860.0
7728,-0.14455149161668907,0.42471583921832007,3.250560372380644,"Postman Always Rings Twice, The (1946)",Crime|Drama|Film-Noir|Thriller,38854,25736.0
2436,0.33737941364264395,0.5584210984429966,4.195075757575758,Tea with Mussolini (1999),Comedy|Drama|War,120857,10368.0
38798,-0.022346664332241025,0.08917974377033226,3.3403290445053786,In Her Shoes (2005),Comedy|Drama,388125,11931.0
7646,0.14786348480221684,0.19350923728126776,4.355024989868972,Rose Red (2002),Horror|Mystery|Thriller,259153,14980.0
648,-0.11429549160859054,27.599538106432927,3.58676788060449,Mission: Impossible (1996),Action|Adventure|Mystery|Thriller,117060,954.0
115713,-0.2261895963657195,4.845938043705302,3.5442329686958627,Ex Machina (2015),Drama|Sci-Fi|Thriller,470752,264660.0
3024,0.20950685452257467,1.3845377161633987,3.742228085022971,Piranha (1978),Horror|Sci-Fi,78087,24831.0
2717,0.061226644221781756,7.5078274156206755,3.599064132418755,Ghostbusters II (1989),Comedy|Fantasy|Sci-Fi,97428,2978.0
58047,-0.4089485154707144,2.4994125169424914,3.427291235633653,"Definitely, Maybe (2008)",Comedy|Drama|Romance,832266,8390.0
2918,6.3455912234506044,14.547867388452403,4.027096131525608,Ferris Bueller's Day Off (1986),Comedy,91042,9377.0
158238,0.06455744981572728,2.514899892863055,3.616579078807588,The Nice Guys (2016),Crime|Mystery|Thriller,3799694,290250.0
110553,0.17859054554296708,0.8044636228744142,3.8129086201169478,The Amazing Spider-Man 2 (2014),Action|Sci-Fi|IMAX,1872181,102382.0
2912,-0.1123071781838635,1.3950552824333313,3.510405343424639,"Limey, The (1999)",Crime|Drama|Thriller,165854,10388.0
238,0.050556574533420384,0.7698256030166077,3.656581854110667,Far From Home: The Adventures of Yellow Dog (1995),Adventure|Children,113028,27985.0
8874,2.6864161109626874,8.586742902557486,3.903765332379016,Shaun of the Dead (2004),Comedy|Horror,365748,747.0
59018,0.3055324761669436,0.20646533659176985,5.070733652312599,"Visitor, The (2007)",Drama|Romance,857191,12473.0
446,1.5993839902135634,1.5980072794442246,4.591770608116834,Farewell My Concubine (Ba wang bie ji) (1993),Drama|Romance,106332,10997.0
1365,-0.3083773181569941,1.069554820151008,3.3025860313080364,Ridicule (1996),Drama,117477,12709.0
2357,0.7894219947222932,0.7476293778213712,4.646809271052771,Central Station (Central do Brasil) (1998),Drama,140888,666.0
4437,0.06565856360512018,0.7040799819080186,3.6841635013344365,Suspiria (1977),Horror,76786,11906.0
34338,0.8711865225839266,0.7002970886223624,4.834933286836766,"Aristocrats, The (2005)",Comedy|Documentary,436078,15258.0
1498,-0.8233719121505935,0.591138808723503,2.198051948051948,Inventing the Abbotts (1997),Drama|Romance,119381,12723.0
8861,-0.4702013673347465,1.6068595336152476,3.298287764963538,Resident Evil: Apocalypse (2004),Action|Horror|Sci-Fi|Thriller,318627,1577.0
6402,-0.39495002018845515,0.2586398362296078,2.0638820638820636,Siam Sunset (1999),Comedy,178022,50285.0
66798,-0.006990265844043497,0.2586398362296078,3.5638820638820636,"Pink Panther 2, The (2009)",Adventure|Comedy|Mystery,838232,15159.0
92643,-0.39495002018845515,0.2586398362296078,2.0638820638820636,Monsieur Lazhar (2011),Children|Comedy|Drama,2011971,78480.0
4109,-0.5380604503207458,0.32071534242779565,1.9132205642310065,Flowers in the Attic (1987),Drama|Thriller,93036,15658.0
57504,0.10212061000597367,0.24761441972237935,4.003326954620216,"Girl Who Leapt Through Time, The (Toki o kakeru shôjo) (2006)",Animation|Comedy|Drama|Romance|Sci-Fi,808506,14069.0
107410,-0.024806928863153912,0.21322145999044154,3.4745656006043815,Guest from the Future (Gostya iz buduschego) (1985),Adventure|Drama|Sci-Fi,86723,20894.0
172825,0.08180380113206685,0.21322145999044154,3.9745656006043815,Adventures of Mowgli: The Kidnapping (1968),Adventure|Animation|Children,1259772,195065.0
167634,0.03443351777746714,0.02967852232720984,4.7511258091753445,Fist Fight (2017),Comedy,3401882,345922.0
158783,-0.09560347194850008,0.6815297010190097,3.450631313131313,The Handmaiden (2016),Drama|Romance|Thriller,4016934,290098.0
26776,0.12729171320030858,1.0290887948880876,3.7146027059135682,Porco Rosso (Crimson Pig) (Kurenai no buta) (1992),Adventure|Animation|Comedy|Fantasy|Romance,104652,11621.0
2070,0.15741636865500963,0.3143157705820882,4.091731459330143,Tender Mercies (1983),Drama|Romance|Western,86423,42121.0
5187,0.15969555211656775,0.3405589401537431,4.059831010986931,Hopscotch (1980),Comedy,80889,32030.0
2136,-1.3654191365579451,2.236314546971002,2.980342416195397,"Nutty Professor, The (1963)",Comedy|Sci-Fi,57372,18331.0
4522,-0.513028946335966,0.23906605052316435,1.4449375269280482,Masquerade (1988),Mystery|Romance|Thriller,95599,41963.0
2988,-0.07580228502820839,0.5326107921718857,3.4485869935308138,Melvin and Howard (1980),Drama,81150,38772.0
59421,-0.26840319393211554,1.1674033205838956,3.360994382599139,What Happens in Vegas... (2008),Comedy|Romance,1033643,9029.0
1358,-1.629936899420021,7.825059204747444,3.382612021612651,Sling Blade (1996),Drama,117666,12498.0
26444,-0.0668848276810887,0.28820758365585,3.3588373777616805,"Hitch Hikers Guide to the Galaxy, The (1981)",Adventure|Comedy|Sci-Fi,81874,64353.0
164909,-0.4373176335333071,1.9189085636583527,3.3630099393728803,La La Land (2016),Comedy|Drama|Romance,3783958,313369.0
56782,0.1938858242918761,4.278615868300704,3.636224171827743,There Will Be Blood (2007),Drama|Western,469494,7345.0
3169,-0.1422950423062333,0.44553138711493423,3.2715263348979517,The Falcon and the Snowman (1985),Crime|Drama|Thriller,87231,26578.0
31420,-0.02621276506782083,0.8034700882254581,3.5582846466989593,Assault on Precinct 13 (2005),Action|Crime|Drama|Thriller,398712,8978.0
79224,-0.12578500236834883,0.5450053241949766,3.3601131761092766,"Karate Kid, The (2010)",Action|Children|Drama,1155076,38575.0
140928,0.21791221620601273,0.7786244174563375,3.870777293498862,Joy (2015),Comedy|Drama,2446980,274479.0
3628,0.3589057052964126,0.591138808723503,4.198051948051948,Flying Tigers (1942),Action|Drama|Romance|War,34742,29372.0
8014,0.9748911290759199,1.4851795559854266,4.247322064779494,"Spring, Summer, Fall, Winter... and Spring (Bom yeoreum gaeul gyeoul geurigo bom) (2003)",Drama,374546,113.0
50658,-0.0075932241818363585,0.009909334509698407,2.8246392496392496,49 Up (2005),Documentary,473434,13365.0
106927,0.1223296522707604,0.2586398362296078,4.063882063882064,RoboGeisha (Robo-geisha) (2009),Action|Comedy|Sci-Fi,1381512,39260.0
5072,0.5727283677850107,1.3365160442164266,4.019432467237723,Metropolis (2001),Animation|Sci-Fi,293416,9606.0
170597,0.18841453112728762,0.21322145999044154,4.4745656006043815,A Plasticine Crow (1981),Animation,219251,129229.0
1422,0.17796505052323058,0.48206067083477044,3.960084718149234,Murder at 1600 (1997),Crime|Drama|Mystery|Thriller,119731,9415.0
3864,-0.9068419024368706,0.5308639134158237,1.8826711046390678,Godzilla 2000 (Gojira ni-sen mireniamu) (1999),Action|Adventure|Sci-Fi,188640,10643.0
33499,-0.2038584239995982,0.4537670384834418,3.1416511970767758,Monster-in-Law (2005),Comedy|Romance,369735,4379.0
453,0.043581853251844604,0.7472702881352626,3.649230496087127,For Love or Money (1993),Comedy|Romance,106941,9024.0
140956,-0.5909128752525663,0.79545963976307,2.848051948051948,Ready Player One,Action|Sci-Fi|Thriller,1677720,333339.0
189547,-0.9024280585364437,0.2930236990071276,0.5111989459815547,Iron Soldier (2010),Action|Sci-Fi,1665744,111196.0
3389,-0.36195221333842365,0.47511072114872316,2.8290820109743438,Let's Get Harry (1986),Action|Adventure,91400,32031.0
31221,-0.9432925411478573,0.5392846678151716,1.8417539647871837,Elektra (2005),Action|Adventure|Crime|Drama,357277,9947.0
3496,0.5630724464999985,0.7601478027749984,4.331649831649831,Madame Sousatzka (1988),Drama,95564,118098.0
7150,-0.25084168614030034,0.5217550315747643,3.110143844844844,Stuck on You (2003),Comedy,338466,1792.0
34271,0.022243207552925106,0.08917974377033226,3.8403290445053786,Hustle & Flow (2005),Crime|Drama,410097,10476.0
62081,-0.08178626596299834,0.7965773464901575,3.4882369946922434,Eagle Eye (2008),Action|Crime|Thriller|IMAX,1059786,13027.0
106782,-3.4170182554968247,10.226196469566021,3.2567654759623075,"Wolf of Wall Street, The (2013)",Comedy|Crime|Drama,993846,106646.0
247,1.3397426352634252,3.3360724350388575,3.9925018804396997,Heavenly Creatures (1994),Crime|Drama,110005,1024.0
1914,0.23969051432414856,0.8426099399056989,3.8753710975535576,Smoke Signals (1998),Comedy|Drama,120321,20862.0
314,0.46673922799915635,1.7306811389701333,3.8605943711663753,"Secret of Roan Inish, The (1994)",Children|Drama|Fantasy|Mystery,111112,14334.0
3916,2.612361727975604,4.98073600576225,4.115402202961876,Remember the Titans (2000),Drama,210945,10637.0
8970,0.17979078637227855,3.855538520208037,3.6375409130086345,Finding Neverland (2004),Drama,308644,866.0
627,-0.33114155104341714,1.3165566105052033,3.3393881548542805,"Last Supper, The (1995)",Drama|Thriller,113613,12520.0
2053,-4.122007177674018,3.268097166502206,2.3296224866048076,"Honey, I Blew Up the Kid (1992)",Children|Comedy|Sci-Fi,104437,11158.0
2097,-0.18416505230058886,1.4490126137043506,3.463812162587827,Something Wicked This Way Comes (1983),Children|Drama|Fantasy|Mystery|Thriller,86336,24808.0
3543,-0.10163139555487657,2.904554347555614,3.5559187332177613,Diner (1982),Comedy|Drama,83833,13776.0
1810,0.009393617841972735,2.452424865611039,3.594739429597013,Primary Colors (1998),Comedy|Drama,119942,9440.0
728,0.6481162255682309,2.5590310855939906,3.844175348289389,Cold Comfort Farm (1995),Comedy,112701,32513.0
83369,-0.015979832324497577,0.19495395435887075,3.508941877794337,"Way Back, The (2010)",Drama,1023114,49009.0
86911,0.29933627997975965,2.042429710317422,3.73746800476921,"Hangover Part II, The (2011)",Comedy,1411697,45243.0
4149,-0.5662039139885169,1.2807541668803455,3.148822757223624,Saving Silverman (Evil Woman) (2001),Comedy|Romance,239948,10878.0
27705,0.01718011209240966,0.009909334509698407,5.324639249639249,In Hell (2003),Action|Drama|Thriller,339135,19277.0
5065,-0.3129325078384963,1.1423679217232834,3.316975884375742,"Mothman Prophecies, The (2002)",Drama|Fantasy|Horror|Mystery|Thriller,265349,2637.0
691,-0.3577981585014428,0.6057184224449036,3.0002086181428225,Mrs. Winterbourne (1996),Comedy|Romance,117104,40001.0
127390,0.019594256613862222,0.02967852232720984,4.2511258091753445,Family Guy Presents: Blue Harvest (2007),Animation|Comedy,888817,278468.0
3251,0.17152473827267714,0.773275780071357,3.8127248294763185,Agnes of God (1985),Drama|Mystery,88683,24735.0
27022,-0.09560347194850008,0.6815297010190097,3.450631313131313,Thursday (1998),Action|Crime|Thriller,124901,9812.0
2940,-0.06981156304488766,0.8141747253879583,3.5051639051793053,Gilda (1946),Drama|Film-Noir|Mystery|Romance,38559,3767.0
59103,-0.15940474748971475,0.1631118346406384,2.6136363636363638,"Forbidden Kingdom, The (2008)",Action|Adventure|Comedy|Fantasy,865556,1729.0
1661,-0.15689940192707857,0.3143157705820882,3.0917314593301435,Switchback (1997),Crime|Mystery|Thriller,119210,10871.0
48593,-0.5684457187127078,0.4537670384834418,2.338183197436221,Man of the Year (2006),Comedy|Thriller,483726,9895.0
90647,0.12600778046905398,1.1412331082465612,3.7013228000439913,Puss in Boots (2011),Adventure|Animation|Comedy|Fantasy|IMAX,448694,58423.0
3158,0.19811871665951905,0.40536541607612603,4.079650134921373,"Emperor and the Assassin, The (Jing ke ci qin wang) (1999)",Drama,162866,10387.0
193583,0.12297197884122305,0.5992089150808684,3.796132971506106,No Game No Life: Zero (2017),Animation|Comedy|Fantasy,5914996,445030.0
2147,-0.7575942579946171,0.8296825322179269,2.6777956667064644,"Clan of the Cave Bear, The (1986)",Adventure|Drama|Fantasy,90848,13853.0
1236,0.041744286108915216,0.07971507742832395,4.114577729962345,Trust (1990),Comedy|Drama|Romance,103130,37291.0
31223,-0.11152640810257329,0.08917974377033226,2.3403290445053786,Racing Stripes (2005),Children|Comedy,376105,6439.0
1998,1.1531765882374374,0.5863609770698834,5.557575757575758,Exorcist II: The Heretic (1977),Horror,76009,11586.0
87,-0.7191243508651329,2.3086995953918774,3.279424499193264,Dunston Checks In (1996),Children|Comedy,116151,17414.0
92259,2.9508624373074217,4.91858433888461,4.190850503721499,Intouchables (2011),Comedy|Drama,1675434,77338.0
109374,-1.6072674181020306,7.157901470292283,3.366364589315609,"Grand Budapest Hotel, The (2014)",Comedy|Drama,2278388,120467.0
1374,2.790248969416592,9.864267228785666,3.873773383278843,Star Trek II: The Wrath of Khan (1982),Action|Adventure|Sci-Fi|Thriller,84726,154.0
7753,-0.0668848276810887,0.28820758365585,3.3588373777616805,Tuesdays with Morrie (1999),Drama,207805,26133.0
98585,0.04184007721816324,0.6464004986940155,3.6556368832030275,Hitchcock (2012),Drama,975645,112336.0
1845,2.0913315824208305,2.9631294003560997,4.296693854196682,Zero Effect (1998),Comedy|Mystery|Thriller,120906,16148.0
3662,0.17721426460966114,0.45138271021953535,3.9835122203543256,Puppet Master III: Toulon's Revenge (1991),Horror|Sci-Fi|Thriller,102728,26956.0
1233,1.1412545729708987,5.811666188149417,3.7872821336860545,"Boot, Das (Boat, The) (1981)",Action|Drama|War,82096,387.0
4359,-0.015435602787492578,0.6444509878946139,3.5669575366754325,"Seven Year Itch, The (1955)",Comedy,48605,10653.0
96567,0.19026264834850792,0.20103223221729136,4.537337662337663,"Words, The (2012)",Drama|Romance,1840417,83686.0
75805,0.3022626501364425,0.46842669843728285,4.236181128444142,"Bounty Hunter, The (2010)",Action|Comedy|Romance,1038919,27573.0
4427,-0.015210839384030922,0.4674352638668075,3.5583680300182183,"Lion in Winter, The (1968)",Drama,63227,18988.0
87834,-0.39495002018845515,0.2586398362296078,2.0638820638820636,My Life as McDull (Mak dau goo si) (2001),Animation|Comedy|Drama,312941,73884.0
119714,-0.006990265844043497,0.2586398362296078,3.5638820638820636,Corner Gas: The Movie (2014),Comedy,3788052,298533.0
170837,-0.1363101839588474,0.2586398362296078,3.0638820638820636,Life-Size (2000),Children|Comedy|Fantasy,200809,36968.0
6093,0.24570427541344975,0.4246740562701599,4.169480519480519,"Last Unicorn, The (1982)",Animation|Children|Fantasy,84237,10150.0
1596,0.18280815671393652,0.13978414288596877,4.898698035632709,Career Girls (1997),Drama,118818,49462.0
5472,-0.24317654850612358,0.5667101666703628,3.161806945212856,1776 (1972),Children|Drama|Musical,68156,14902.0
59604,0.05113155075582427,0.19404718623041875,3.8544096948040054,"Girl Next Door, The (2007)",Crime|Drama|Horror|Thriller,830558,15356.0
31702,-0.007629603834498017,0.06012854450521054,3.464020873386432,Turtles Can Fly (Lakposhtha hâm parvaz mikonand) (2004),Drama|War,424227,8340.0
97860,-0.5229119424342064,0.7463064569029816,2.89024257838261,Killing Them Softly (2012),Crime|Drama|Thriller,1764234,64689.0
1495,-0.40778397252540743,0.2709617185859615,2.085958595859586,Turbo: A Power Rangers Movie (1997),Action|Adventure|Children,120389,6499.0
6713,-0.4038614991040028,0.32055847448463937,2.3310406698564594,Millennium Actress (Sennen joyû) (2001),Animation|Drama|Romance,291350,33320.0
1594,-0.023963986110096768,0.026243169571654894,2.677757726144823,In the Company of Men (1997),Comedy|Drama,119361,14585.0
4009,-0.03489684528963725,0.23906605052316435,3.444937526928048,Talk Radio (1988),Drama,96219,10132.0
4010,-0.2739628958128016,0.23906605052316435,2.444937526928048,Brewster's Millions (1985),Comedy,88850,11064.0
37736,0.08463617997194492,0.23906605052316435,3.944937526928048,Oliver Twist (2005),Drama,380599,257.0
1620,-2.2221693554746693,1.900502813283853,2.421655701783603,Kiss the Girls (1997),Crime|Drama|Mystery|Thriller,119468,9437.0
171,-0.39601836828073644,2.5010395072664275,3.4325675824562416,Jeffrey (1995),Comedy|Drama,113464,17447.0
273,-1.5405498809907094,3.813569802941577,3.186943787900237,Mary Shelley's Frankenstein (Frankenstein) (1994),Drama|Horror|Sci-Fi,109836,3036.0
343,-0.41371885941165276,0.7813804001546245,3.061437326158166,"Baby-Sitters Club, The (1995)",Children,112435,48287.0
434,-4.163891533716395,24.715217975962158,3.422434285719585,Cliffhanger (1993),Action|Adventure|Thriller,106582,9350.0
86548,-0.08037335690299308,0.2885197427286932,3.3123376623376624,Water for Elephants (2011),Drama|Romance,1067583,55787.0
95449,-1.0887129707253551,1.3294562678795665,2.771993119749083,Magic Mike (2012),Drama|Romance,1915581,77930.0
4011,4.0448323762483485,13.09695013112639,3.899746823033866,Snatch (2000),Comedy|Crime|Thriller,208092,107.0
122886,-1.8669092979807462,6.903944128674417,3.3204970969552523,Star Wars: Episode VII - The Force Awakens (2015),Action|Adventure|Fantasy|Sci-Fi|IMAX,2488496,140607.0
5903,1.3498587692737638,6.33212173782883,3.804085467669119,Equilibrium (2002),Action|Sci-Fi|Thriller,238380,7299.0
27878,0.22132275597476128,0.28820758365585,4.358837377761681,Born into Brothels (2004),Documentary,388789,1392.0
3454,-0.2741684456098742,0.45138271021953535,2.9835122203543256,Whatever It Takes (2000),Comedy|Romance,202402,16222.0
132157,-0.28529817248001355,0.5950776578571216,3.111478938032281,Paul Blart: Mall Cop 2 (2015),Action|Comedy|Crime,3450650,256961.0
48326,-0.10739819701659606,0.20646533659176985,3.0707336523125996,All the King's Men (2006),Drama,405676,1717.0
1673,1.2881080639061542,5.447156601111288,3.827382568400699,Boogie Nights (1997),Drama,118749,4995.0
585,-2.8280950268664338,5.36134843801912,3.063412126374672,"Brady Bunch Movie, The (1995)",Comedy,112572,9066.0
115569,0.008607583851083556,2.2812507817361642,3.5946822770576707,Nightcrawler (2014),Crime|Drama|Thriller,2872718,242582.0
7004,-1.5623667275437407,2.7456780425668255,3.0218814396979727,Kindergarten Cop (1990),Action|Comedy|Crime|Thriller,99938,951.0
2429,-1.4507498214070844,0.8340432382758988,1.8514910909430253,Mighty Joe Young (1998),Action|Adventure|Drama|Fantasy|Thriller,120751,9822.0
1305,-0.09391363706141712,0.882019133557578,3.4844333541723813,"Paris, Texas (1984)",Drama|Romance,87884,655.0
130970,0.18841453112728762,0.21322145999044154,4.4745656006043815,George Carlin: Life Is Worth Losing (2005),Comedy,484855,13015.0
3117,0.23037761338146595,0.7420472942127501,3.9013712611483573,Ride with the Devil (1999),Drama|Romance|War,134154,22267.0
7076,0.6622212520621188,0.7798097311634248,4.440117847350394,Bullitt (1968),Action|Crime|Drama|Thriller,62765,916.0
1837,-1.5386432142292477,1.3343566536453624,2.4378116712456226,"Odd Couple II, The (1998)",Comedy,120773,27472.0
3516,0.10337500111916402,0.5979480829374239,3.7637919950758434,"Bell, Book and Candle (1958)",Comedy|Fantasy|Romance,51406,2006.0
2674,0.04239085949730214,0.02236610755453587,5.486225895316804,"Loss of Sexual Innocence, The (1999)",Drama|Fantasy,126859,15059.0
81831,0.3236866939152567,0.3881135418648161,4.424909090909091,"First Beautiful Thing, The (La prima cosa bella) (2010)",Comedy|Drama,1467273,36940.0
3652,-0.045645752479050915,0.19350923728126776,3.355024989868972,"City of the Living Dead (a.k.a. Gates of Hell, The) (Paura nella città dei morti viventi) (1980)",Horror,81318,24920.0
37475,-0.045645752479050915,0.19350923728126776,3.355024989868972,"Unfinished Life, An (2005)",Drama,350261,1947.0
6122,-0.023963986110096768,0.026243169571654894,2.677757726144823,Richard Pryor Live on the Sunset Strip (1982),Comedy|Documentary,84597,21923.0
3331,-0.2739628958128016,0.23906605052316435,2.444937526928048,My Tutor (1983),Drama,85980,2193.0
8383,-0.35834390097758373,0.15569545040039195,1.2893395841826334,Hope Springs (2003),Comedy|Romance,314431,21544.0
2921,1.6023985203353668,2.224251669762536,4.311330499205231,High Plains Drifter (1973),Western,68699,11901.0
277,2.1175469432142506,6.940641183296715,3.896002941360591,Miracle on 34th Street (1994),Drama,110527,10510.0
5451,0.3929993870624875,0.5317050530845417,4.330039525691699,Pumpkin (2002),Comedy|Drama|Romance,265591,9719.0
112556,-0.6799694483306982,4.012351587535194,3.421440031805921,Gone Girl (2014),Drama|Thriller,2267998,210577.0
58299,-0.3319378771150844,0.9640828699545789,3.2466047914968184,Horton Hears a Who! (2008),Adventure|Animation|Children|Comedy,451079,12222.0
73268,-0.33499149665825156,0.8463041156502272,3.1950803451149468,Daybreakers (2010),Action|Drama|Horror|Thriller,433362,19901.0
1963,0.11565718621978516,1.7952718530344636,3.655332306827223,Take the Money and Run (1969),Comedy|Crime,65063,11485.0
95067,0.02129669123187942,0.08168341312313925,3.8516314385388877,"Thousand Words, A (2012)",Comedy|Drama,763831,72358.0
428,0.5967190033326639,2.1160359993428983,3.8729076029939353,"Bronx Tale, A (1993)",Drama,106489,1607.0
4787,-0.21729754618042704,0.5350374650834012,3.1847738941027233,Little Man Tate (1991),Drama,102316,11521.0
7884,-0.10739819701659606,0.20646533659176985,3.0707336523125996,Highway 61 (1991),Comedy,102035,8468.0
194,1.1876303266090718,3.5023017320127234,3.93000903645449,Smoke (1995),Comedy|Drama,114478,10149.0
994,0.9549076108410968,1.8555448475086234,4.105532928820214,Big Night (1996),Comedy|Drama,115678,18203.0
2333,0.05066062985072041,1.130435480690458,3.635724235794474,Gods and Monsters (1998),Drama,120684,3033.0
92046,0.021298195863671907,0.09709471643732787,3.810263929618768,Contact High (2009),Comedy,780002,31337.0
170827,-0.11345680950393296,0.19495395435887075,3.008941877794337,The Mummy (2017),Action|Adventure|Fantasy|Horror|Thriller,2345759,282035.0
1381,-2.6045254688497117,1.8504969365320445,2.183435553703043,Grease 2 (1982),Comedy|Musical|Romance,84021,9037.0
4124,-0.4712128315324927,0.1925686328862928,1.143922660825575,Jaws: The Revenge (1987),Horror|Thriller,93300,580.0
5304,-0.04434039948371502,0.16350522309619905,3.3197226502311246,"Rome, Open City (a.k.a. Open City) (Roma, città aperta) (1945)",Drama|War,38890,307.0
80831,-0.09922232418869852,0.134171078052734,2.8513881328252584,Let Me In (2010),Drama|Horror|Mystery,1228987,41402.0
82041,0.03494875386403549,0.134171078052734,3.8513881328252584,"Loved Ones, The (2009)",Horror,1316536,46420.0
331,-0.2008987565743642,0.2914026518628154,2.901489295687248,Tom & Viv (1994),Drama,111454,46797.0
2262,-0.9782413987887013,1.0503851949772622,2.659592271644633,About Last Night... (1986),Comedy|Drama|Romance,90583,18169.0
3821,-1.8457645428160911,1.46715276357835,2.3328502243502216,Nutty Professor II: The Klumps (2000),Comedy,144528,12107.0
5912,0.08180380113206685,0.21322145999044154,3.9745656006043815,Hit the Bank (Vabank) (1981),Comedy|Crime,83271,22257.0
118896,-0.024806928863153912,0.21322145999044154,3.4745656006043815,Mommy (2014),Drama,3612616,265177.0
136445,0.18841453112728762,0.21322145999044154,4.4745656006043815,George Carlin: Back in Town (1996),Comedy,246641,34509.0
5501,-1.447349210484809,0.9685260543151016,2.096525740005527,"Master of Disguise, The (2002)",Comedy|Mystery,295427,13908.0
44840,0.0038386749523893968,0.31236750337880986,3.603198061147247,"Benchwarmers, The (2006)",Comedy,437863,9957.0
87483,1.0117010857491782,0.6288874374080782,5.199624777644452,Mr. Popper's Penguins (2011),Comedy,1396218,58224.0
131714,-0.09073944790647138,0.5133942447339824,3.414164904862579,Last Knights (2015),Action|Adventure,2493486,308504.0
97306,-0.032028900317892406,1.1398254103041252,3.5628092608576214,Seven Psychopaths (2012),Comedy|Crime,1931533,86838.0
5788,0.11291608527095214,0.13978414288596877,4.398698035632709,All or Nothing (2002),Drama,286261,12454.0
4888,0.40080142469758206,0.40536541607612603,4.579650134921373,Tape (2001),Drama,275719,23949.0
5668,-0.46311774234717784,0.7289942787802366,2.9556259949675523,White Oleander (2002),Drama,283139,10994.0
3090,0.9376011122286999,0.7821855791972531,4.789603028978044,Matewan (1987),Drama,93509,24276.0
3052,1.7292450979022245,11.126428306818477,3.746326898872003,Dogma (1999),Adventure|Comedy|Fantasy,120655,1832.0
532,-1.1710254924521601,2.7966606997613725,3.172186328955137,Serial Mom (1994),Comedy|Crime|Horror,111127,11592.0
80549,2.423364820493671,3.4090919275000413,4.3017625592316,Easy A (2010),Comedy|Romance,1282140,37735.0
1619,-0.3948150248707824,1.9076528340499659,3.3839453196066436,Seven Years in Tibet (1997),Adventure|Drama|War,120102,978.0
177593,1.4797942828821942,2.6378636823689736,4.151891181368459,"Three Billboards Outside Ebbing, Missouri (2017)",Crime|Drama,5027774,359940.0
1297,1.7453949742058725,2.3784214184571697,4.324755061459622,Real Genius (1985),Comedy,89886,14370.0
3608,-2.1172931122693814,3.337868976668341,2.9565842785604843,Pee-wee's Big Adventure (1985),Adventure|Comedy,89791,5683.0
3763,0.6433362393957301,2.481004076033282,3.850213880292718,F/X (1986),Action|Crime|Thriller,89118,9873.0
72641,0.921714577278248,5.42295242303086,3.760874546140414,"Blind Side, The  (2009)",Drama,878804,22881.0
33660,0.5680240243776983,3.2964998568844908,3.7632203449779853,Cinderella Man (2005),Drama|Romance,352248,921.0
391,0.2907787644571536,0.20103223221729136,5.037337662337663,Jason's Lyric (1994),Crime|Drama,110186,22067.0
112804,0.4727920254207371,0.39598618657616214,4.784869995224127,I Origins (2014),Drama|Sci-Fi,2884206,244267.0
1388,0.5929410918826066,2.2153546513923237,3.858559731636051,Jaws 2 (1978),Horror|Thriller,77766,579.0
106002,-1.2646889357502407,2.255257792675017,3.0301355332883624,Ender's Game (2013),Action|Adventure|Sci-Fi|IMAX,1731141,80274.0
4581,-0.0066666808679460565,0.32857212849163137,3.5706192358366273,Dad (1989),Drama,97142,21291.0
7493,-0.0066666808679460565,0.32857212849163137,3.5706192358366273,"Three Faces of Eve, The (1957)",Drama,51077,28285.0
5400,-1.0477817036970773,2.80531903225153,3.217410857142739,"Sum of All Fears, The (2002)",Drama|Thriller,164184,4614.0
88746,-0.39495002018845515,0.2586398362296078,2.0638820638820636,Terri (2011),Comedy,1687281,51993.0
124273,-0.2656301020736513,0.2586398362296078,2.5638820638820636,Kevin Smith: Too Fat For 40 (2010),Comedy,1705115,48132.0
86815,0.022249265457401166,0.05464477574879632,3.998070894622619,Soul Surfer (2011),Action|Drama,1596346,43959.0
120478,0.18841453112728762,0.21322145999044154,4.4745656006043815,The Salt of the Earth (2014),Documentary,3674140,265297.0
5899,-0.15689940192707857,0.3143157705820882,3.0917314593301435,Zulu (1964),Action|Drama|War,58777,14433.0
2863,-1.3257576031183222,3.251773486832504,3.1832061532700613,"Hard Day's Night, A (1964)",Adventure|Comedy|Musical,58182,704.0
1598,-0.09408819160630746,0.8804761372248492,3.4840485098797607,Desperate Measures (1998),Crime|Drama|Thriller,118966,9458.0
5615,-0.004563991378543954,0.40536541607612603,3.579650134921373,Invincible (2001),Drama,245171,68569.0
6264,-1.9498891154249107,1.0116832598318366,1.6635379532775123,"Core, The (2003)",Action|Drama|Sci-Fi|Thriller,298814,9341.0
174479,-0.17663247869921114,0.5992089150808684,3.296132971506106,Unedited Footage of a Bear (2014),Horror|Thriller,4289434,312174.0
26116,1.1999999992903227,0.9999999994086021,4.790909090909091,"Hush... Hush, Sweet Charlotte (1964)",Horror|Thriller,58213,10299.0
438,0.10640634862463819,1.0804290950723547,3.6893943585772226,"Cowboy Way, The (1994)",Action|Comedy|Drama,109493,19176.0
1840,-0.0906343842223713,1.4751107198907445,3.5294666628931894,He Got Game (1998),Drama,124718,9469.0
62437,-0.5660359070510614,0.3866977978863687,2.1271409749670616,W. (2008),Drama,1175491,10523.0
1887,-0.07782833003357072,0.07971507742832395,2.6145777299623454,Almost Heroes (1998),Adventure|Comedy|Western,119053,14342.0
8530,0.022243207552925106,0.08917974377033226,3.8403290445053786,Dear Frankie (2004),Drama|Romance,377752,8981.0
8835,-0.022346664332241025,0.08917974377033226,3.3403290445053786,Paparazzi (2004),Drama|Thriller,338325,15644.0
4329,-0.24126048070202685,0.8876374761049599,3.3191083984003638,Rio Bravo (1959),Western,53221,301.0
27311,0.051108866161582965,0.19350923728126776,3.855024989868972,Batman Beyond: Return of the Joker (2000),Action|Animation|Crime|Sci-Fi|Thriller,233298,16234.0
3038,-0.023963986110096768,0.026243169571654894,2.677757726144823,"Face in the Crowd, A (1957)",Drama,50371,21849.0
7151,-0.07959581339741886,0.9352247283503223,3.505800334709048,Girl with a Pearl Earring (2003),Drama|Romance,335119,3635.0
448,-0.3451727017903054,2.130435476415154,3.4288893040572863,Fearless (1993),Drama,106881,10443.0
1200,2.301830326261547,24.3944429976716,3.685267889201032,Aliens (1986),Action|Adventure|Horror|Sci-Fi,90605,679.0
1234,3.4506478134876954,9.863197043731823,3.94075993523351,"Sting, The (1973)",Comedy|Crime,70735,9277.0
2951,1.850016518948227,5.917969377928875,3.9035191097861537,"Fistful of Dollars, A (Per un pugno di dollari) (1964)",Action|Western,58461,391.0
6548,-0.4205713904588403,1.4888944733725127,3.308436828448341,Bad Boys II (2003),Action|Comedy|Crime|Thriller,172156,8961.0
58295,-0.5237716861936255,1.5088158388425383,3.243768192258777,"Bank Job, The (2008)",Action|Crime|Thriller,200465,8848.0
59429,-0.1873296123454645,0.43987632816130473,3.1650402719878556,American Pie Presents Beta House (American Pie 6: Beta House) (2007),Comedy,974959,8277.0
93840,1.2845134314733255,2.243467473829284,4.163466280374754,"Cabin in the Woods, The (2012)",Comedy|Horror|Sci-Fi|Thriller,1259521,22970.0
69,-1.1118386640083153,5.136342399556136,3.3744440312385366,Friday (1995),Comedy,113118,10634.0
96606,0.1611653687722956,0.31031617642776943,4.110267671011373,Samsara (2011),Documentary,770802,89708.0
928,1.512219066618219,2.561245816455613,4.181332336074566,Rebecca (1940),Drama|Mystery|Romance|Thriller,32976,223.0
6331,0.5924209270615306,1.7148009128854356,3.9363841385428624,Spellbound (2002),Documentary,334405,16636.0
2881,-0.5776782434200588,1.557798223585464,3.2200791370204147,Double Jeopardy (1999),Action|Crime|Drama|Thriller,150377,10398.0
120635,0.16595767446051984,0.5133942447339824,3.914164904862579,Taken 3 (2015),Action|Crime|Thriller,2446042,260346.0
2077,0.10943168014711835,0.6762191828939532,3.7527378040177513,"Journey of Natty Gann, The (1985)",Adventure|Children,89385,35144.0
2590,-0.31405728721812265,0.3143157705820882,2.5917314593301435,Hideous Kinky (1998),Drama,136244,10209.0
4035,-0.31405728721812265,0.3143157705820882,2.5917314593301435,"Claim, The (2000)",Romance|Western,218378,44853.0
6448,0.15741636865500963,0.3143157705820882,4.091731459330143,"Flight of the Phoenix, The (1965)",Action|Adventure|Drama,59183,10243.0
64034,-0.200412256608977,0.35969024451536424,3.033728962548906,"Boy in the Striped Pajamas, The (Boy in the Striped Pyjamas, The) (2008)",Drama|War,914798,14574.0
166,-0.815294823530796,0.40536541607612603,1.5796501349213732,"Doom Generation, The (1995)",Comedy|Crime|Drama,112887,13552.0
183911,1.3213898090029599,0.5992089150808684,5.796132971506106,The Clapper (2018),Comedy,5461956,422615.0
25788,0.09179778079133069,0.40834185248557453,3.8157152924594784,Scarface (1932),Crime|Drama,23427,877.0
3469,0.33737941364264395,0.5584210984429966,4.195075757575758,Inherit the Wind (1960),Drama,53946,1908.0
180031,0.18786205964073122,1.041488402502099,3.771287536976667,The Shape of Water (2017),Adventure|Drama|Fantasy,5580390,399055.0
89582,0.25917570876460366,0.3853231776323312,4.263528138528138,Cold Fish (Tsumetai nettaigyo) (2010),Drama|Thriller,1632547,68341.0
61705,-0.12015716356675968,0.2826889810516,3.1658583403641765,Lakeview Terrace (2008),Drama|Thriller,947802,13279.0
108928,-0.0703715526198308,0.35819291503816547,3.3944463758039283,"Monuments Men, The (2014)",Action|Drama|War,2177771,152760.0
129,-1.1410238693719796,0.5326107921718857,1.4485869935308138,Pie in the Sky (1996),Comedy|Romance,114131,110972.0
543,-0.9246034315709107,7.8941330800044165,3.4737836988995614,So I Married an Axe Murderer (1993),Comedy|Romance|Thriller,108174,10442.0
2143,-0.8576395027774302,2.215738089564982,3.2038419069235453,Legend (1985),Adventure|Fantasy|Romance,89469,11976.0
8528,0.094697100747826,4.924091863737824,3.6101404747598265,Dodgeball: A True Underdog Story (2004),Comedy,364725,9472.0
8965,-0.8849715019861653,1.1196666481828452,2.8005207164563704,"Polar Express, The (2004)",Adventure|Animation|Children|Fantasy|IMAX,338348,5255.0
1230,-0.18250580908292255,6.3327302259054274,3.5620896398078354,Annie Hall (1977),Comedy|Romance,75686,703.0
1261,-0.19670934567973714,5.701825758808121,3.5564097298270965,Evil Dead II (Dead by Dawn) (1987),Action|Comedy|Fantasy|Horror,92991,765.0
2194,3.7189361748284147,10.973897311735117,3.9297983723726153,"Untouchables, The (1987)",Action|Crime|Drama,94226,117.0
1020,1.7738764870410548,5.200815420816382,3.9319856997695157,Cool Runnings (1993),Comedy,106611,864.0
155168,0.0772189641468363,0.28820758365585,3.8588373777616805,Fraktus (2012),Comedy,1971571,140554.0
44761,0.8055943002007977,1.0126564709655728,4.386434842532107,Brick (2005),Crime|Drama|Film-Noir|Mystery,393109,9270.0
97923,-0.07328551158093013,1.7036723675843752,3.5478928907433036,Flight (2012),Drama,1907668,87502.0
3430,-0.7595850202344953,1.4492487102668647,3.066785788363853,Death Wish (1974),Action|Crime|Drama,71402,13939.0
166534,0.28503793574190023,0.5828253917242461,4.079971406637369,Split (2017),Drama|Horror|Thriller,4972582,381288.0
6214,0.24631653540868878,0.9361543664667737,3.854024389231455,Irreversible (Irréversible) (2002),Crime|Drama|Mystery|Thriller,290673,979.0
55768,-0.139054897996995,0.7669939704035695,3.409610536601254,Bee Movie (2007),Animation|Comedy,389790,5559.0
39292,0.8151328659600126,2.33586208727623,3.939873556919373,"Good Night, and Good Luck. (2005)",Crime|Drama,433383,3291.0
58303,-0.7016447944431625,1.4995088933992147,3.122992696727117,"Counterfeiters, The (Die Fälscher) (2007)",Crime|Drama|War,813547,7862.0
47725,-0.1363101839588474,0.2586398362296078,3.0638820638820636,Angel-A (2005),Comedy|Drama|Fantasy|Romance,473753,11227.0
182297,-0.1363101839588474,0.2586398362296078,3.0638820638820636,Porky in Wackyland (1938),Animation|Comedy|Fantasy,30604,128756.0
2790,-0.05462217395069268,0.13805604405120123,3.195256916996047,"Final Conflict, The (a.k.a. Omen III: The Final Conflict) (1981)",Horror|Thriller,82377,10768.0
96020,-0.1860050656098535,0.7505485824794405,3.343083607053822,Sidewalls (Medianeras) (2011),Drama,1235841,76696.0
2585,0.03341183385028694,0.30493804448471384,3.70047834425282,"Lovers of the Arctic Circle, The (Los Amantes del Círculo Polar) (1998)",Drama|Romance,133363,1414.0
170399,0.019594256613862222,0.02967852232720984,4.2511258091753445,CHiPS (2017),Action|Comedy|Drama,493405,417644.0
170813,0.7919115979374745,0.9870803524462437,4.393185821445678,Baywatch (2017),Action|Comedy,1469304,339846.0
95105,-0.15341808667787288,1.290040058267434,3.471984034516719,Madagascar 3: Europe's Most Wanted (2012),Adventure|Animation|Children|Comedy|IMAX,1277953,80321.0
6624,-1.8336958302047959,0.8591324545595678,1.4565515532872166,Agent Cody Banks (2003),Action|Adventure|Children|Fantasy,313911,10923.0
7054,0.04537175957436369,0.3645872947131095,3.715355993563958,Little Women (1949),Drama,41594,43436.0
97,0.0842573530033382,0.8137072685617006,3.694456590432194,"Hate (Haine, La) (1995)",Crime|Drama,113247,406.0
193585,0.12297197884122305,0.5992089150808684,3.796132971506106,Flint (2017),Drama,6397426,479308.0
8607,-0.15178448107035247,0.7289003269702139,3.3826714547685395,Tokyo Godfathers (2003),Adventure|Animation|Drama,388473,13398.0
65651,-0.609404359529316,0.2930236990071276,1.5111989459815547,Fire and Ice (2008),Adventure|Fantasy,1135493,16999.0
182823,-0.08444770347786179,0.39258587477010326,3.3758027691971493,Bright (2017),Action|Crime|Fantasy,5519340,400106.0
55241,-0.5352868943827124,0.3263371856105132,1.9506213211249182,Mr. Woodcock (2007),Comedy,419984,13257.0
2851,-1.7219314002452077,1.3230163064465426,2.289389682678892,Saturn 3 (1980),Adventure|Sci-Fi|Thriller,81454,
4260,-0.6476563735079833,0.41635052582656074,2.0353535353535355,"Visit, The (2000)",Drama,199129,70282.0
524,-0.8686599246925006,4.778297174603926,3.409116311399829,Rudy (1993),Drama,108002,14534.0
1006,0.15531222663506242,0.30671722744282753,4.097278517660683,"Chamber, The (1996)",Drama,115862,6346.0
74450,-0.21729524468518413,0.6531070374418027,3.2581990874518905,Valentine's Day (2010),Comedy|Romance,817230,32856.0
38061,0.7227225445332041,3.272060773585615,3.8117859616468017,Kiss Kiss Bang Bang (2005),Comedy|Crime|Mystery|Thriller,373469,5236.0
1690,-4.7092057478739475,6.663034900017538,2.8841432074133353,Alien: Resurrection (1997),Action|Horror|Sci-Fi,118583,8078.0
2328,-0.029550342167023458,0.6448919475008031,3.545086930651792,Vampires (1998),Horror|Western,120877,9945.0
8228,0.5904666844945159,2.995263015457261,3.78804259185621,"Maltese Falcon, The (a.k.a. Dangerous Female) (1931)",Mystery,22111,28257.0
2827,-3.021538003526452,1.7487038148453398,1.8630361498909542,"Astronaut's Wife, The (1999)",Horror|Sci-Fi|Thriller,138304,2900.0
1965,-1.6940666039709225,3.18575689075672,3.0591464165863407,Repo Man (1984),Comedy|Sci-Fi,87995,13820.0
2966,0.0467328130060331,2.0390751960231848,3.6138277224030033,"Straight Story, The (1999)",Adventure|Drama,166896,404.0
83803,0.07421057695023049,0.22313079450013995,3.923496876994278,Day & Night (2010),Animation|Children,1620446,40619.0
55814,0.5604128434778621,0.7922675945162768,4.298262070327649,"Diving Bell and the Butterfly, The (Scaphandre et le papillon, Le) (2007)",Drama,401383,2013.0
6464,-2.459243441052075,0.9035078696245247,0.8690252825543552,Good Burger (1997),Children|Comedy,119215,14817.0
5092,-0.3782123907701093,0.5413288172812079,2.8922350526976044,Big Fat Liar (2002),Children|Comedy,265298,11870.0
27826,-0.1363101839588474,0.2586398362296078,3.0638820638820636,Touch of Pink (2004),Comedy|Drama|Romance,374277,55177.0
533,-0.3915061728872355,2.046114590413741,3.3995678167099417,"Shadow, The (1994)",Action|Adventure|Fantasy|Mystery,111143,8850.0
3840,-0.6086470471068367,0.789426319069879,2.81990990782642,Pumpkinhead (1988),Horror,95925,26515.0
69988,-0.6476236388772845,0.6429136487763588,2.5835830835830835,Humpday (2009),Comedy,1334537,23720.0
88235,0.08391797603609802,0.571414375028607,3.737769197520684,"Guard, The (2011)",Comedy|Crime,1540133,67913.0
71205,-0.08428057153137222,0.02967852232720984,0.7511258091753445,Jennifer's Body (2009),Comedy|Horror|Sci-Fi|Thriller,1131734,19994.0
3985,0.02539375741047556,1.2996937532004071,3.610447353171216,"Eagle Has Landed, The (1976)",Drama|War,74452,11372.0
3357,0.6857498378106006,0.5308639134158237,4.882671104639067,East-West (Est-ouest) (1999),Drama|Romance,181530,28463.0
4142,-0.3324920824671184,0.4438728048816621,2.841838458938831,Left Behind: The Movie (2000),Action|Adventure|Drama|Thriller,190524,37302.0
1695,0.19811871665951905,0.40536541607612603,4.079650134921373,Artemisia (1997),Drama,123385,39177.0
39869,0.29596870703411793,0.40834185248557453,4.315715292459478,Manderlay (2005),Drama,342735,1951.0
6724,-0.007629603834498017,0.06012854450521054,3.464020873386432,Paper Moon (1973),Comedy|Crime|Drama,70510,11293.0
5523,-0.2584836188819675,0.3881135418648161,2.924909090909091,"Adventures of Pluto Nash, The (2002)",Action|Adventure|Comedy|Sci-Fi,180052,11692.0
84942,-0.0703715526198308,0.35819291503816547,3.3944463758039283,Drive Angry (2011),Action|Fantasy|Thriller,1502404,47327.0
1791,1.2713178278580737,0.9999999987420213,4.862226920366455,Twilight (1998),Crime|Drama|Thriller,119594,26269.0
1746,-0.17579316495053118,0.3236288627041105,3.047715373631604,Senseless (1998),Comedy,120820,12538.0
234,-2.7640347382791295,4.05821588927206,2.9098130591317064,Exit to Eden (1994),Comedy,109758,18395.0
312,-6.315797455907797,2.7315689464797956,1.2787589751131714,Stuart Saves His Family (1995),Comedy,114571,28033.0
1347,-0.8899976206037798,3.7358810071728126,3.3526794420270725,"Nightmare on Elm Street, A (1984)",Horror|Thriller,87800,377.0
1209,2.785046318632509,4.736715710469592,4.178879002735698,Once Upon a Time in the West (C'era una volta il West) (1968),Action|Drama|Western,64116,335.0
1356,0.06349607390749462,19.63681238650672,3.594142613369749,Star Trek: First Contact (1996),Action|Adventure|Sci-Fi|Thriller,117731,199.0
1081,0.6837303092113275,2.222020921796206,3.89861560370764,Victor/Victoria (1982),Comedy|Musical|Romance,84865,12614.0
3361,1.2050721231998667,6.373271561615371,3.7799912775928837,Bull Durham (1988),Comedy|Drama|Romance,94812,287.0
2358,0.20229980787105872,0.20646533659176985,4.570733652312599,Savior (1998),Drama|War,120070,2042.0
82848,0.06984555408233584,0.09709471643732787,4.310263929618769,One Week (1920),Comedy,11541,23282.0
160569,-0.17289123701098383,0.09709471643732787,1.8102639296187681,Ice Age: Collision Course (2016),Adventure|Animation|Children|Comedy,3416828,278154.0
168254,0.0046978349808388525,0.4896805912074311,3.600502762917318,Kong: Skull Island (2017),Action|Adventure|Fantasy,3731562,293167.0
3799,-2.659454966721502,1.2533578793667344,1.4690450882148198,Pokémon the Movie 2000 (2000),Animation|Children,210234,12599.0
54999,-0.21871543803618962,1.417294936863295,3.436590160990211,Shoot 'Em Up (2007),Action|Comedy|Crime,465602,4141.0
2020,-0.2256675745745852,4.5688793677877,3.5415167659189355,Dangerous Liaisons (1988),Drama|Romance,94947,859.0
86504,-0.024182818681568487,0.2142105468864044,3.478016336406239,Voices from the List (2004),Documentary,405455,167966.0
81910,-0.0075932241818363585,0.009909334509698407,2.8246392496392496,"Art of the Steal, The (2009)",Documentary,1326733,41999.0
132496,-0.2656301020736513,0.2586398362296078,2.5638820638820636,Danny Collins (2015),Comedy|Drama,1772288,256924.0
94833,-0.027892284561562508,0.8561351087668003,3.5583297885583915,"Pirates! Band of Misfits, The (2012)",Adventure|Animation|Children|Comedy,1430626,72197.0
175431,0.18841453112728762,0.21322145999044154,4.4745656006043815,Bobik Visiting Barbos (1977),Animation|Comedy,1070753,72199.0
110669,0.019594256613862222,0.02967852232720984,4.2511258091753445,"Honest Liar, An (2014)",Comedy|Documentary,2246565,262481.0
3537,0.24719891713632444,0.1826592983765944,4.944242424242424,Where the Money Is (2000),Comedy|Drama,149367,31776.0
50842,-0.43636832245800494,0.6815297010190097,2.950631313131313,"Boss of It All, The (Direktøren for det hele) (2006)",Comedy|Drama,469754,5206.0
5563,-0.15689940192707857,0.3143157705820882,3.0917314593301435,City by the Sea (2002),Crime|Drama,269095,13536.0
869,0.397470382560157,1.2708714540995907,3.9036632890445455,Kansas City (1996),Crime|Drama|Musical|Thriller,116745,22479.0
6856,0.22766540693091847,0.3645872947131095,4.215355993563958,Yankee Doodle Dandy (1942),Drama|Musical,35575,3087.0
77846,0.592252701644028,0.3645872947131095,5.215355993563958,12 Angry Men (1997),Crime|Drama,118528,12219.0
162982,0.4225764363816572,0.5992089150808684,4.296132971506106,Steins;Gate the Movie: The Burden of Déjà vu (2013),Animation|Drama|Sci-Fi,2967286,225745.0
184641,1.9205987240838283,0.5992089150808684,6.796132971506106,Fullmetal Alchemist 2018 (2017),Action|Adventure|Fantasy,5607028,426285.0
146662,0.2696667374920667,0.2930236990071276,4.511198945981555,Dragons: Gift of the Night Fury (2011),Adventure|Animation|Comedy,2065968,91417.0
1581,0.11315850781029951,0.47511072114872316,3.8290820109743438,Out to Sea (1997),Comedy,119848,18080.0
63540,-1.1177287069718296,0.5423932482867606,1.530174171176292,Beverly Hills Chihuahua (2008),Adventure|Children|Comedy,1014775,14405.0
66509,0.022243207552925106,0.08917974377033226,3.8403290445053786,Funny People (2009),Comedy|Drama,1201167,20829.0
2919,0.7744030412401418,1.4937338773870925,4.1093435007885555,"Year of Living Dangerously, The (1982)",Drama|Romance|War,86617,11541.0
7375,-0.22857610868969241,1.3753061963867141,3.42470893178073,"Prince & Me, The (2004)",Comedy|Romance,337697,11137.0
70183,0.31201343201993315,1.561669137624215,3.7907039286905446,"Ugly Truth, The (2009)",Comedy|Drama|Romance,1142988,20943.0
7438,1.3191071712081803,16.798011264111082,3.669436670779599,Kill Bill: Vol. 2 (2004),Action|Drama|Thriller,378194,393.0
7099,0.5686568008951765,3.1658642593755806,3.7705304373427295,Nausicaä of the Valley of the Wind (Kaze no tani no Naushika) (1984),Adventure|Animation|Drama|Fantasy|Sci-Fi,87544,81.0
47200,0.15754643262207557,1.5002727906450297,3.6959209484888977,Crank (2006),Action|Thriller,479884,1948.0
91485,0.0727348022415594,0.8020959490944075,3.6815900154589274,"Expendables 2, The (2012)",Action|Adventure,1764651,76163.0
1960,-0.4333353680751878,3.900425181846111,3.479809570248606,"Last Emperor, The (1987)",Drama,93389,746.0
635,-0.0041655287207111365,0.20646533659176985,3.5707336523125996,"Family Thing, A (1996)",Comedy|Drama,116275,41852.0
6997,-0.0041655287207111365,0.20646533659176985,3.5707336523125996,Hoffa (1992),Crime|Drama,104427,10410.0
47644,0.0032359831316628902,0.8148918525340593,3.5948801493036497,Invincible (2006),Drama,445990,11652.0
5449,0.3969033327343218,1.9605741702621344,3.7933514869961793,Mr. Deeds (2002),Comedy|Romance,280590,2022.0
4008,0.2601611267773426,1.4573069685833768,3.7694309345466332,Born on the Fourth of July (1989),Drama|War,96969,2604.0
2587,-0.14965946733541846,0.5770307447046469,3.331547750618598,Life (1999),Comedy|Crime|Drama,123964,6522.0
4661,-0.05462217395069268,0.13805604405120123,3.195256916996047,Sea of Love (1989),Crime|Drama|Thriller,98273,12150.0
7492,0.08343387010050854,0.13805604405120123,4.195256916996048,Martin (1977),Drama|Horror,77914,26517.0
885,-0.09812230815955444,0.18091300566917853,3.0485362095531587,Bogus (1996),Children|Drama|Fantasy,115725,3587.0
3598,-0.10735095123265678,0.5986049006018581,3.4115738547212104,Hamlet (2000),Crime|Drama|Romance|Thriller,171359,10688.0
5522,-0.039460836668181204,0.6444314665992904,3.529675525024391,Rollerball (1975),Action|Drama|Sci-Fi,73631,11484.0
7044,0.09179778079133069,0.40834185248557453,3.8157152924594784,Wild at Heart (1990),Crime|Drama|Mystery|Romance|Thriller,100935,483.0
7976,0.29596870703411793,0.40834185248557453,4.315715292459478,Ken Park (2002),Drama,209077,7090.0
3417,0.11315850781029951,0.47511072114872316,3.8290820109743438,"Crimson Pirate, The (1952)",Adventure|Comedy,44517,11570.0
63,0.08523840380525585,1.1609966673985517,3.664327392786089,Don't Be a Menace to South Central While Drinking Your Juice in the Hood (1996),Comedy|Crime,116126,10607.0
8799,-0.022346664332241025,0.08917974377033226,3.3403290445053786,Little Black Book (2004),Comedy|Romance,361841,14846.0
143367,-0.24946801013891354,0.35819291503816547,2.8944463758039283,Silence (2016),Drama|Thriller,490215,68730.0
92192,-0.20264845057719177,0.15569545040039195,2.2893395841826334,Apollo 18 (2011),Horror|Sci-Fi|Thriller,1772240,50357.0
4845,-0.6612364590066969,0.3236288627041105,1.547715373631604,Corky Romano (2001),Comedy|Crime,250310,17708.0
3639,0.13240822536938276,3.5864156939021368,3.627828465758613,"Man with the Golden Gun, The (1974)",Action|Adventure|Thriller,71807,682.0
46970,-1.0196076063550303,2.764076529824126,3.2220308795594557,Talladega Nights: The Ballad of Ricky Bobby (2006),Action|Comedy,415306,9718.0
7899,-1.256707244855378,0.6088395347746551,1.5268065268065265,Master of the Flying Guillotine (Du bi quan wang da po xue di zi) (1975),Action,72913,49636.0
34048,-2.717397103637563,5.439379257048283,3.091330559017535,War of the Worlds (2005),Action|Adventure|Sci-Fi|Thriller,407304,74.0
60069,1.1669134317020677,14.595505917223235,3.6708592782009934,WALL·E (2008),Adventure|Animation|Children|Romance|Sci-Fi,910970,10681.0
3101,-3.670334364392344,8.909740131492274,3.1789628040113147,Fatal Attraction (1987),Drama|Thriller,93010,10998.0
45672,-0.3010950006380298,1.6037055187969265,3.403159533955576,Click (2006),Adventure|Comedy|Drama|Fantasy|Romance,389860,9339.0
69526,-1.041653033255906,2.086855782462715,3.0917595847431003,Transformers: Revenge of the Fallen (2009),Action|Adventure|Sci-Fi|IMAX,1055369,8373.0
6947,-0.44640309523877664,3.9344298549032906,3.4774484087514343,Master and Commander: The Far Side of the World (2003),Adventure|Drama|War,311113,8619.0
7841,0.17765539725392274,0.43380236577047365,4.000439815662954,Children of Dune (2003),Fantasy|Sci-Fi,287839,192936.0
70336,-0.7549645229093173,1.0283346246230756,2.8567467814506875,G.I. Joe: The Rise of Cobra (2009),Action|Adventure|Sci-Fi|Thriller,1046173,14869.0
1104,1.9409133720538438,2.3938564467819035,4.401698465795393,"Streetcar Named Desire, A (1951)",Drama,44081,702.0
3695,-0.7181047945498146,0.27986369318150434,1.025,"Toxic Avenger Part III: The Last Temptation of Toxie, The (1989)",Comedy|Horror,98502,28169.0
89864,0.015806256254354334,2.4433761849194364,3.597378113711192,50/50 (2011),Comedy|Drama,1306980,40807.0
183611,-0.015979832324497577,0.19495395435887075,3.508941877794337,Game Night (2018),Action|Comedy|Crime|Horror,2704998,445571.0
30810,-1.6841502563676265,3.9661238857148606,3.166275291033706,"Life Aquatic with Steve Zissou, The (2004)",Adventure|Comedy|Fantasy,362270,421.0
2728,-0.4419639232888675,2.0713281679978377,3.377536854622615,Spartacus (1960),Action|Drama|Romance|War,54331,967.0
3707,-0.471405917344255,0.600525816204461,2.8059204948755183,9 1/2 Weeks (Nine 1/2 Weeks) (1986),Drama|Romance,91635,10068.0
46322,-0.1629544137869262,0.393498551924478,3.1767921570856568,Jet Li's Fearless (Huo Yuan Jia) (2006),Action|Drama,446059,7549.0
117109,-0.2656301020736513,0.2586398362296078,2.5638820638820636,Too Many Cooks (2014),Comedy,3534838,301566.0
4599,-0.05462217395069268,0.13805604405120123,3.195256916996047,Great Balls of Fire! (1989),Drama,97457,11465.0
166183,0.18841453112728762,0.21322145999044154,4.4745656006043815,Junior and Karlson (1968),Adventure|Animation|Children,756316,77304.0
779,-0.11811967961686434,0.1826592983765944,2.9442424242424243,'Til There Was You (1997),Drama|Romance,118523,32872.0
66511,0.42265479682751106,0.5133942447339824,4.414164904862579,Berlin Calling (2008),Comedy|Drama,1213019,30508.0
7302,0.04537175957436369,0.3645872947131095,3.715355993563958,"Thief of Bagdad, The (1924)",Action|Adventure|Fantasy,15400,28963.0
49389,0.22766540693091847,0.3645872947131095,4.215355993563958,The Great Train Robbery (1903),Crime|Western,439,5698.0
193579,0.12297197884122305,0.5992089150808684,3.796132971506106,Jon Stewart Has Left the Building (2015),Documentary,5342766,360617.0
8626,0.44372466244882736,0.3263371856105132,4.950621321124919,Dr. Terror's House of Horrors (1965),Horror|Sci-Fi,59125,26811.0
2498,-0.7521839360962846,0.4325752878044321,1.8520581733866177,My Favorite Martian (1999),Comedy|Sci-Fi,120764,9849.0
4224,-0.1893533712964846,0.3492046876816597,3.0486673112995857,Exit Wounds (2001),Action|Thriller,242445,10877.0
1625,0.5195782906554505,12.520061584939837,3.6324087502462654,"Game, The (1997)",Drama|Mystery|Thriller,119174,2649.0
3386,0.7284072117074116,4.632476611368971,3.74814835465837,JFK (1991),Drama|Mystery|Thriller,102138,820.0
72378,0.10031750891349878,3.188737555610813,3.622369036158264,2012 (2009),Action|Drama|Sci-Fi|Thriller,1190080,14161.0
509,0.17103092195292857,10.126581129343739,3.607798396368495,"Piano, The (1993)",Drama|Romance,107822,713.0
1094,-4.649058899425626,9.850855905736402,3.118964424992461,"Crying Game, The (1992)",Drama|Romance|Thriller,104036,11386.0
4273,0.1850446781451382,0.41635052582656074,4.0353535353535355,Under the Sand (2000),Drama,240913,4973.0
88810,1.076849841791123,3.559439919030761,3.8934425979458807,"Help, The (2011)",Drama,1454029,50014.0
63859,-0.5484225989214773,1.440948007221734,3.2103106264447963,Bolt (2008),Action|Adventure|Animation|Children|Comedy,397892,13053.0
27611,0.4719385242666934,2.9968484330574032,3.7483873667741197,Battlestar Galactica (2003),Drama|Sci-Fi|War,314979,206216.0
5574,-0.38933274196908085,4.04601817127543,3.4946829432528257,"Transporter, The (2002)",Action|Crime,293662,4108.0
68159,0.0772189641468363,0.28820758365585,3.8588373777616805,State of Play (2009),Crime|Drama|Thriller,473705,16995.0
71156,-0.18712891570242274,0.5788115373744456,3.2676105669175675,"Men Who Stare at Goats, The (2009)",Action|Comedy|Drama,1234548,10313.0
3526,-0.07979864267823478,2.372073179028513,3.5572682052130955,Parenthood (1989),Comedy|Drama,98067,1552.0
3633,-0.6060484190158901,2.185362141163452,3.3135873566297374,On Her Majesty's Secret Service (1969),Action|Adventure|Romance|Thriller,64757,668.0
94503,-0.24433341084177188,0.34032324935274705,2.8729639863461083,"Decoy Bride, The (2011)",Comedy|Romance,1657299,40161.0
459,-0.5203296215252295,0.7549744143302275,2.90170742837747,"Getaway, The (1994)",Action|Adventure|Crime|Drama|Romance|Thriller,109890,2087.0
4062,0.33378835684138564,0.701589042081263,4.066669595735681,Mystic Pizza (1988),Comedy|Drama|Romance,95690,11191.0
159817,-0.22206746077927597,1.5507897297776,3.447712720366243,Planet Earth (2006),Documentary,795176,192040.0
8645,-0.013641577418722128,1.0793163090574884,3.5782699995655767,"Maria Full of Grace (Maria, Llena eres de gracia) (2004)",Crime|Drama,390221,436.0
90576,-0.012547891436685561,0.009909334509698407,2.3246392496392496,What's Your Number? (2011),Comedy|Romance,770703,63492.0
3266,-0.7963143660587353,1.0005379484498602,2.795022870608831,Man Bites Dog (C'est arrivé près de chez vous) (1992),Comedy|Crime|Drama|Thriller,103905,10086.0
116718,-0.006990265844043497,0.2586398362296078,3.5638820638820636,Volga - Volga (1938),Comedy|Musical,30947,37133.0
140561,-0.1363101839588474,0.2586398362296078,3.0638820638820636,Jeff Ross Roasts Criminals: Live at Brazos County Jail (2015),Comedy|Documentary,4705522,343295.0
162082,0.24516137856100476,0.6815297010190097,3.950631313131313,Train to Busan (2016),Action|Thriller,5700672,396535.0
26313,0.04302401382796776,0.13978414288596877,3.898698035632709,California Split (1974),Comedy|Drama,71269,32044.0
27865,-0.7248859241798183,0.40834185248557453,1.8157152924594784,Azumi (2003),Action|Adventure|Drama|Thriller,384819,5889.0
2350,0.5775852579017541,0.8094673764863931,4.304446504126217,Heart Condition (1990),Comedy,99750,41817.0
6374,-0.06693653621740715,0.08917974377033226,2.8403290445053786,"In-Laws, The (2003)",Comedy,314786,5146.0
6951,0.1871264978957343,0.18790817992119196,4.586749176073103,"Cat in the Hat, The (2003)",Children|Comedy,312528,10588.0
43919,-1.2111498639733163,0.44737265880849775,0.883658569165068,Date Movie (2006),Comedy|Romance,466342,10073.0
51933,-0.06693653621740715,0.08917974377033226,2.8403290445053786,Pride (2007),Drama,475355,16385.0
70301,0.022243207552925106,0.08917974377033226,3.8403290445053786,Obsessed (2009),Crime|Drama|Thriller,1198138,17335.0
27478,-0.0703715526198308,0.35819291503816547,3.3944463758039283,Ali G Indahouse (2002),Comedy,284837,9298.0
48883,-0.18445931024165138,0.3840382360768807,3.1105941302791695,Death of a President (2006),Crime|Drama|Mystery|Thriller,853096,21173.0
5853,0.051108866161582965,0.19350923728126776,3.855024989868972,Scanners (1981),Horror|Sci-Fi|Thriller,81455,9538.0
3771,-0.03489684528963725,0.23906605052316435,3.444937526928048,The Golden Voyage of Sinbad (1973),Action|Adventure|Fantasy,71569,17897.0
4709,-0.03489684528963725,0.23906605052316435,3.444937526928048,Paint Your Wagon (1969),Comedy|Musical|Western,64782,20391.0
589,10.220262751802345,44.95109979229933,3.8182731109002814,Terminator 2: Judgment Day (1991),Action|Sci-Fi,103064,280.0
10,-2.1599483061411457,26.387443690533544,3.509053935424059,GoldenEye (1995),Action|Adventure|Thriller,113189,710.0
102,-1.9789546602052916,1.7050787679061539,2.430285489551683,Mr. Wrong (1996),Comedy,117102,47475.0
361,-0.35941581577293763,1.6859761816555248,3.3777294388572963,It Could Happen to You (1994),Comedy|Drama|Romance,110167,10660.0
848,0.009235494799401174,1.4393632642728902,3.597325466141556,"Spitfire Grill, The (1996)",Drama,117718,47907.0
8958,0.8885331494962543,2.141525735511022,4.005815685194883,Ray (2004),Drama,350258,1677.0
112852,0.9621045632378226,8.182818206895131,3.7084852778549426,Guardians of the Galaxy (2014),Action|Adventure|Sci-Fi,2015381,118340.0
55276,1.6442321258334316,2.7206162726174052,4.19526926561744,Michael Clayton (2007),Drama|Thriller,465538,4566.0
59784,-0.9556980502549752,6.832147941919337,3.4510265739642816,Kung Fu Panda (2008),Action|Animation|Children|Comedy|IMAX,441773,9502.0
63131,-0.041373476211014025,1.1922132998541062,3.556206008653527,Role Models (2008),Comedy,430922,15373.0
1346,-0.49151738974331993,1.1941948523626829,3.1793201540024665,Cat People (1982),Drama|Fantasy|Horror,83722,6217.0
1921,2.0482421519138105,6.804218073778086,3.89193444455072,Pi (1998),Drama|Sci-Fi|Thriller,138704,473.0
1970,-0.8076003892397046,1.55937736963757,3.0730098287007346,"Nightmare on Elm Street 3: Dream Warriors, A (1987)",Horror|Thriller,93629,10072.0
3745,-0.48841174542011884,4.141971792267685,3.4729914009982386,Titan A.E. (2000),Action|Adventure|Animation|Children|Sci-Fi,120913,7450.0
34162,-0.4246067702863987,5.714577478051537,3.5166066998894183,Wedding Crashers (2005),Comedy|Romance,396269,9522.0
87520,-0.6083866465624047,1.0201534601525066,2.9945413184844845,Transformers: Dark of the Moon (2011),Action|Adventure|Sci-Fi|War|IMAX,1399103,38356.0
1459,-0.7890103280072069,2.109586405281112,3.2168972343518014,Absolute Power (1997),Mystery|Thriller,118548,66.0
54259,2.338254208753325,3.045005703328344,4.358807228570211,Stardust (2007),Adventure|Comedy|Fantasy|Romance,486655,2270.0
8366,-0.14275638270704072,0.7259113585465528,3.394250943841558,Saved! (2004),Comedy|Drama,332375,13193.0
34542,-0.0075932241818363585,0.009909334509698407,2.8246392496392496,Grizzly Man (2005),Documentary,427312,501.0
40732,-0.3629416337055287,0.6914755017048646,3.06602913086614,"Descent, The (2005)",Adventure|Drama|Horror|Thriller,435625,9392.0
70492,-0.002638556926987155,0.009909334509698407,3.3246392496392496,Winds of the Wasteland (1936),Western,28510,40743.0
55069,-0.17719719353337188,0.5419457879649182,3.2639442957793565,"4 Months, 3 Weeks and 2 Days (4 luni, 3 saptamâni si 2 zile) (2007)",Drama,1032846,2009.0
102984,-0.2656301020736513,0.2586398362296078,2.5638820638820636,Inhuman Resources (Redd Inc.) (2012),Horror|Thriller,1857842,133463.0
6327,0.1394058473652305,1.1380560383737819,3.7134038035283687,"Decade Under the Influence, A (2003)",Documentary,342275,38868.0
4676,-0.4438526832368378,0.7226287262046828,2.9766895516887284,Troop Beverly Hills (1989),Comedy,98519,22102.0
141816,0.18841453112728762,0.21322145999044154,4.4745656006043815,12 Chairs (1976),Adventure|Comedy,75468,27934.0
110771,0.03443351777746714,0.02967852232720984,4.7511258091753445,"Other Woman, The (2014)",Comedy|Romance,2203939,193610.0
170817,0.019594256613862222,0.02967852232720984,4.2511258091753445,Snatched (2017),Action|Comedy,2334871,373569.0
1401,0.15741636865500963,0.3143157705820882,4.091731459330143,Ghosts of Mississippi (1996),Drama,116410,31908.0
3597,-0.7855309430912549,0.3143157705820882,1.0917314593301435,Whipped (2000),Comedy,174336,23531.0
5506,-0.15689940192707857,0.3143157705820882,3.0917314593301435,Blood Work (2002),Crime|Drama|Mystery|Thriller,309377,9573.0
2769,0.6040016357336914,0.9362293294919497,4.236051917252137,"Yards, The (2000)",Crime|Drama,138946,19457.0
43904,-2.9403057146468665,1.0704528428059146,0.8441223133247391,When a Stranger Calls (2006),Horror|Thriller,455857,10053.0
1755,1.1428571424703295,0.9999999996615384,4.733766233766234,Shooting Fish (1997),Comedy|Romance,120122,25719.0
1007,-0.5145842757320441,0.9874010863814792,3.069758888798379,"Apple Dumpling Gang, The (1975)",Children|Comedy|Western,72653,18660.0
2120,-0.2739628958128016,0.23906605052316435,2.444937526928048,Needful Things (1993),Drama|Horror,107665,10657.0
2641,-1.6748436964582905,7.686167574331733,3.3730054763624215,Superman II (1980),Action|Sci-Fi,81573,8536.0
114060,-2.0151606483167215,1.2882075623891838,2.026595460752093,The Drop (2014),Crime|Drama|Thriller,1600196,154400.0
8783,-1.1173393987861324,2.485064111580783,3.1412871300191654,"Village, The (2004)",Drama|Mystery|Thriller,368447,6947.0
5008,0.8403097687127128,1.1397740662095164,4.328169038845338,Witness for the Prosecution (1957),Drama|Mystery|Thriller,51201,37257.0
3031,-0.7984058134565215,0.9237954096084064,2.7266421708180255,Repossessed (1990),Comedy,100475,11510.0
6989,0.032320930967901305,0.2172684803953366,3.739669421487603,Gorky Park (1983),Crime|Drama|Thriller,85615,8289.0
4964,-0.08458057351008763,0.3145910539907577,3.3220502901353965,Baran (2001),Adventure|Drama|Romance,233841,43774.0
41828,-0.2656301020736513,0.2586398362296078,2.5638820638820636,Don't Look Now: We're Being Shot At (La grande vadrouille) (1966),Comedy|War,60474,8290.0
1354,0.21276675045565052,0.3792487724480652,4.151930683892064,Breaking the Waves (1996),Drama|Mystery,115751,145.0
3592,0.08180380113206685,0.21322145999044154,3.9745656006043815,"Time Masters (Maîtres du temps, Les) (1982)",Animation|Sci-Fi,84315,22501.0
143511,0.18841453112728762,0.21322145999044154,4.4745656006043815,Human (2015),Documentary,3327994,359364.0
128099,0.03443351777746714,0.02967852232720984,4.7511258091753445,Jim Jefferies: BARE (2014),Comedy,3958494,289333.0
184257,0.019594256613862222,0.02967852232720984,4.2511258091753445,Making a Murderer (2015),Crime|Documentary,5189670,502892.0
8860,-0.15926855211443208,0.4537670384834418,3.2399171972564984,Cellular (2004),Action|Crime|Drama|Mystery|Thriller,337921,9759.0
27879,0.29596870703411793,0.40834185248557453,4.315715292459478,DiG! (2004),Documentary,388888,1843.0
1502,-0.003926455456835575,0.08873082311084547,3.546657777564116,Kissed (1996),Drama|Romance,116783,21626.0
4932,-0.30782935133019834,0.12356151973114418,1.0996047430830038,Dressed to Kill (1980),Mystery|Thriller,80661,11033.0
62834,-0.023356961515060868,0.2930236990071276,3.5111989459815547,Babylon 5: The Legend of the Rangers: To Live and Die in Starlight (2002),Sci-Fi,280453,16068.0
113573,0.020316808873906814,0.03439295973193781,4.181634897360704,Sin City: A Dame to Kill For (2014),Action|Crime|Thriller,458481,189.0
7440,-0.06693653621740715,0.08917974377033226,2.8403290445053786,Paper Clips (2004),Documentary,380615,33823.0
104243,-0.24946801013891354,0.35819291503816547,2.8944463758039283,Riddick (2013),Action|Sci-Fi|Thriller|IMAX,1411250,87421.0
66427,-0.045645752479050915,0.19350923728126776,3.355024989868972,My Name Is Bruce (2007),Comedy|Horror,489235,1961.0
68597,0.10874245022359214,0.15569545040039195,4.289339584182633,Scorpio (1973),Action|Drama|Thriller,70653,42738.0
50,12.7117827407833,38.683539547887605,3.9195186982343713,"Usual Suspects, The (1995)",Crime|Mystery|Thriller,114814,629.0
1214,5.742352582061042,22.97565454253845,3.8408411470961874,Alien (1979),Horror|Sci-Fi,78748,348.0
2395,1.934823024230826,7.5522064526904575,3.8471021698921937,Rushmore (1998),Comedy|Drama,128445,11545.0
3168,0.12210153577706279,4.58116979470418,3.617562007358119,Easy Rider (1969),Adventure|Drama,64276,624.0
750,6.625488071922987,13.850080758244854,4.069280891591832,Dr. Strangelove or: How I Learned to Stop Worrying and Love the Bomb (1964),Comedy|War,57012,935.0
81784,-0.23222645244917603,0.29842907723839157,2.812746136420348,Morning Glory (2010),Comedy|Drama|Romance,1126618,38357.0
64839,-0.1570194576773984,3.7267108795149078,3.5487755681449538,"Wrestler, The (2008)",Drama,1125849,12163.0
5669,-0.0994264352965356,5.05487887998037,3.5712396907795823,Bowling for Columbine (2002),Documentary,310793,1430.0
53125,-0.2501959839022081,6.1058345895183885,3.549932549498731,Pirates of the Caribbean: At World's End (2007),Action|Adventure|Comedy|Fantasy,449088,285.0
86332,0.4047504799279042,4.310909803635883,3.684798895698449,Thor (2011),Action|Adventure|Drama|Fantasy|IMAX,800369,10195.0
143245,0.1438218109165883,0.08168341312313925,5.351631438538888,The Little Prince (2015),Animation|Fantasy,1754656,309809.0
7932,0.1409551711655696,0.2172684803953366,4.239669421487603,Dark Days (2000),Documentary,235327,14273.0
4890,-0.6604210841158086,2.332205237889193,3.307734577197109,Shallow Hal (2001),Comedy|Fantasy|Romance,256380,9889.0
2431,0.9939502794874635,2.7181499659397885,3.956580702829815,Patch Adams (1998),Comedy|Drama,129290,10312.0
5589,-0.18270690144882534,0.2085838445724787,2.7149692412850306,Indian Summer (1993),Comedy|Drama,107212,33506.0
163645,-0.5320788216488619,1.729385268039549,3.2832397522821735,Hacksaw Ridge (2016),Drama|War,2119532,324786.0
518,-0.9144999649241793,1.400606185209896,2.9379775427115282,"Road to Wellville, The (1994)",Comedy,111001,10467.0
951,1.1606970768917417,2.04585257573007,4.158250594720792,His Girl Friday (1940),Comedy|Romance,32599,3085.0
7320,-0.00942571914201305,0.31171784014278503,3.5606711066548193,Dirty Dancing: Havana Nights (2004),Romance,338096,10677.0
55267,0.22574342762826113,0.3252011413820596,4.2850746361740395,Dan in Real Life (2007),Comedy|Drama|Romance,480242,7211.0
84601,-0.035422798755795314,0.4923639930908995,3.5189647585597195,Unknown (2011),Drama|Mystery|Thriller,1401152,48138.0
6752,0.007298612380697842,0.061362407793274544,3.7098518221866237,"Fighting Temptations, The (2003)",Drama,191133,22309.0
1414,0.12258336219971508,1.457429954739794,3.6750183558525307,Mother (1996),Comedy,117091,27265.0
3061,-0.20064107933528244,1.2962964952706477,3.4361288534655023,Holiday Inn (1942),Comedy|Musical,34862,13485.0
120813,-0.2656301020736513,0.2586398362296078,2.5638820638820636,Patton Oswalt: My Weakness Is Strong (2009),Comedy,1503646,27317.0
127052,0.4400641015128519,0.47186129622004935,4.523522350437016,Operation 'Y' & Other Shurik's Adventures (1965),Comedy|Crime|Romance,59550,20875.0
134184,0.08180380113206685,0.21322145999044154,3.9745656006043815,Elections Day (2007),Comedy,1198196,20963.0
156387,0.23108522770297377,0.7159226607509475,3.913688687605448,Sing Street (2016),Drama,3544112,369557.0
3998,-0.4724738031312354,1.426565066873456,3.259712278297706,Proof of Life (2000),Drama,228750,11983.0
6669,-0.7855309430912549,0.3143157705820882,1.0917314593301435,Ikiru (1952),Drama,44741,3782.0
3467,0.04302401382796776,0.13978414288596877,3.898698035632709,Hud (1963),Drama|Western,57163,24748.0
4722,-0.2577625465350532,0.3182724234480879,2.781028851388133,All Over the Guy (2001),Comedy,250202,21055.0
4605,0.02243466841810725,0.06012854450521054,3.964020873386432,How to Get Ahead in Advertising (1989),Comedy|Fantasy,97531,14776.0
6938,0.041744286108915216,0.07971507742832395,4.114577729962345,Billabong Odyssey (2003),Documentary,379713,23995.0
3807,-0.001342255243350869,0.0038383790292314305,3.2412158393753483,Sinbad and the Eye of the Tiger (1977),Adventure|Fantasy,76716,11940.0
27618,-0.22285402965121862,0.4325752878044321,3.075729338541981,"Sound of Thunder, A (2005)",Action|Adventure|Drama|Sci-Fi|Thriller,318081,10077.0
1660,-0.03489684528963725,0.23906605052316435,3.444937526928048,Eve's Bayou (1997),Drama,119080,45153.0
527,19.36652951064331,38.49163697443812,4.094045123380363,Schindler's List (1993),Drama|War,108052,424.0
2012,-2.0545989074975846,13.11945390422325,3.434302045943889,Back to the Future Part III (1990),Adventure|Comedy|Sci-Fi|Western,99088,196.0
267,-2.533912432793441,3.64172397228539,2.8951088457292604,Major Payne (1995),Comedy,110443,11008.0
293,9.400681646540294,22.10791231756746,4.0161270631673895,Léon: The Professional (a.k.a. The Professional) (Léon) (1994),Action|Crime|Drama|Thriller,110413,101.0
2671,0.8117011608339725,6.371601071488444,3.7183026850350887,Notting Hill (1999),Comedy|Romance,125439,509.0
8368,1.5633938245899246,13.358719657154662,3.70794080238397,Harry Potter and the Prisoner of Azkaban (2004),Adventure|Fantasy|IMAX,304141,673.0
5988,-0.7250328930572887,0.6697610971357429,2.5083844471847576,Quicksilver (1986),Drama,91814,21332.0
6001,0.5228137181281948,1.1268188618285218,4.054882259835114,"King of Comedy, The (1983)",Comedy|Drama,85794,262.0
1639,-2.389398719450913,9.52850259385128,3.340145794586667,Chasing Amy (1997),Comedy|Drama|Romance,118842,2255.0
3429,1.128004662345777,1.708791088833495,4.251027621323367,Creature Comforts (1989),Animation|Comedy,99317,54825.0
76251,0.8565067535392044,4.391362359449302,3.7859526066636446,Kick-Ass (2010),Action|Comedy,1250777,23483.0
98124,0.3580036812173419,1.051028237650933,3.9315314152126573,"Batman: The Dark Knight Returns, Part 1 (2012)",Action|Animation|Sci-Fi,2313197,123025.0
122920,-0.8903064975969259,2.799833177637513,3.2729235392312717,Captain America: Civil War (2016),Action|Sci-Fi|Thriller,3498820,271110.0
64575,0.34311700802149064,1.0177918199183684,3.92802813756149,Doubt (2008),Drama|Mystery,918927,14359.0
8914,0.7891531850239487,3.1403686762445053,3.8422022562605167,Primer (2004),Drama|Sci-Fi,390384,14337.0
55080,-0.10739819701659606,0.20646533659176985,3.0707336523125996,"Brave One, The (2007)",Crime|Drama|Thriller,476964,4413.0
65982,-0.0041655287207111365,0.20646533659176985,3.5707336523125996,Outlander (2008),Action|Adventure|Sci-Fi,462465,10529.0
1343,-0.24182284412021715,2.5201745443324945,3.4949542910068216,Cape Fear (1991),Thriller,101540,1598.0
106100,2.2577863579054758,2.2985921073259172,4.573156593939147,Dallas Buyers Club (2013),Drama,790636,152532.0
8379,0.021298195863671907,0.09709471643732787,3.810263929618768,"Dresser, The (1983)",Drama,85461,42122.0
4340,-1.554229210753615,1.1481092512154925,2.237179723161059,"Animal, The (2001)",Comedy,255798,11090.0
176601,0.17897412203437318,0.19495395435887075,4.508941877794337,Black Mirror,(no genres listed),2492564,452830.0
27846,0.3541137548572266,1.8534977164525928,3.7819607181724706,"Corporation, The (2003)",Documentary,379225,11420.0
8604,-1.140063182355628,1.3025058129614429,2.7156245654884152,Taxi (1998),Action|Comedy,152930,2330.0
4969,0.09302330109318623,0.22192644006873136,4.010071859727338,And Then There Were None (1945),Crime|Mystery,37515,4886.0
92420,-0.13632151520210983,1.0496319505668736,3.461033552032357,Chronicle (2012),Action|Sci-Fi|Thriller,1706593,76726.0
95624,0.002316110327862049,0.009909334509698407,3.8246392496392496,"Firm, The (2009)",Drama,1313113,31218.0
106594,-0.2656301020736513,0.2586398362296078,2.5638820638820636,Red Flag (2012),Comedy|Drama|Romance,2147048,137312.0
26347,-0.024806928863153912,0.21322145999044154,3.4745656006043815,"Irony of Fate, or Enjoy Your Bath! (Ironiya sudby, ili S legkim parom!) (1975)",Comedy|Drama|Romance,73179,43430.0
71429,-0.43636832245800494,0.6815297010190097,2.950631313131313,World's Greatest Dad (2009),Comedy|Drama,1262981,20178.0
141408,-0.09560347194850008,0.6815297010190097,3.450631313131313,Scouts Guide to the Zombie Apocalypse (2015),Action|Comedy|Horror,1727776,273477.0
2290,-0.37632841482993856,0.13978414288596877,0.8986980356327088,Stardust Memories (1980),Comedy|Drama,81554,11337.0
4052,0.048205544207263064,0.8932841270018411,3.644873493443654,Antitrust (2001),Crime|Drama|Thriller,218817,9989.0
3682,-1.1519762477522124,1.3948833576769502,2.7650506121967755,Magnum Force (1973),Action|Crime|Drama|Thriller,70355,10648.0
161922,0.0031203290079379093,0.03439295973193781,3.681634897360704,The Edge of Seventeen (2016),Comedy,1878870,376660.0
7376,0.02876220182934194,0.2826889810516,3.692654131420917,Walking Tall (2004),Action,351977,11358.0
8327,-0.09437932412466836,0.12542919948815853,2.8384581105169335,Dolls (2002),Drama|Romance,330229,870.0
105351,-0.24946801013891354,0.35819291503816547,2.8944463758039283,Runner Runner (2013),Crime|Drama|Thriller,2364841,146238.0
110350,0.28782136241833467,0.35819291503816547,4.394446375803929,Free to Play (2014),Documentary,3203290,256561.0
2462,-0.03489684528963725,0.23906605052316435,3.444937526928048,Texas Chainsaw Massacre: The Next Generation (a.k.a. The Return of the Texas Chainsaw Massacre) (1994),Horror,110978,16780.0
4947,-0.2063636354123896,0.6485714255817956,3.2727272727272725,"Gauntlet, The (1977)",Action,76070,17689.0
1704,9.872503976794208,22.1424440207582,4.036772427744848,Good Will Hunting (1997),Drama|Romance,119217,489.0
45,-1.1400785688387953,5.068344131196291,3.3659680570472683,To Die For (1995),Comedy|Drama|Thriller,114681,577.0
569,-0.43084871263272895,0.9093319200257184,3.117101119205487,Little Big League (1994),Comedy|Drama,110363,31504.0
34319,0.25510550780616276,2.554264716275466,3.6907834328990425,"Island, The (2005)",Action|Sci-Fi|Thriller,399201,1635.0
6535,0.006848749307887467,1.3951097644981922,3.5958182023511935,"Legally Blonde 2: Red, White & Blonde (2003)",Comedy,333780,10327.0
92094,-0.0668848276810887,0.28820758365585,3.3588373777616805,Einstein and Eddington (2008),Drama,995036,15044.0
2788,0.8412116030478445,2.5517555616439047,3.9205690378461377,Monty Python's And Now for Something Completely Different (1971),Comedy,66765,9267.0
3190,-0.7255511558294095,0.45138271021953535,1.9835122203543256,Supernova (2000),Adventure|Sci-Fi|Thriller,134983,10384.0
160565,0.1846635174781579,0.08168341312313925,5.851631438538888,The Purge: Election Year (2016),Action|Horror|Sci-Fi,4094724,316727.0
26901,-0.10739819701659606,0.20646533659176985,3.0707336523125996,Last of the Dogmen (1995),Adventure|Western,113617,30718.0
1442,2.09995099732676,1.2085838349918336,5.3284393610710685,Prefontaine (1997),Drama,119937,26306.0
59306,-1.6889909477376694,0.5770307447046469,0.663871037499685,Prom Night (2008),Horror|Mystery|Thriller,926129,8617.0
7743,0.23001048048067008,0.3145910539907577,4.3220502901353965,Explorers (1985),Adventure|Children|Sci-Fi,89114,9872.0
8093,-0.08458057351008763,0.3145910539907577,3.3220502901353965,Shiri (Swiri) (1999),Action|Drama|Romance|Thriller,192657,10355.0
33672,0.3678146895951842,0.9038885327654291,3.9978339231888658,Lords of Dogtown (2005),Action|Comedy|Drama,355702,9787.0
103602,-0.39495002018845515,0.2586398362296078,2.0638820638820636,Craig Ferguson: I'm Here To Help (2013),Comedy|Documentary,2523852,178946.0
136355,-0.39495002018845515,0.2586398362296078,2.0638820638820636,Big Top Scooby-Doo! (2012),Animation|Children|Comedy,2235542,119321.0
938,0.13064169265457215,1.1755244409482444,3.702043907084575,Gigi (1958),Musical,51658,17281.0
160080,0.17954482139143124,1.0694011383843849,3.758801956314753,Ghostbusters (2016),Action|Comedy|Horror|Sci-Fi,1289401,43074.0
117887,-0.5583349752216108,1.2708773864321175,3.1515787659049694,Paddington (2014),Children|Comedy,1109624,116149.0
71304,-0.43636832245800494,0.6815297010190097,2.950631313131313,Thirst (Bakjwi) (2009),Drama|Horror,762073,22536.0
4168,-0.31355033510296176,0.30180850563308664,2.5520041917736442,Get Over It (2001),Comedy|Romance,192071,10050.0
2091,-1.755735280824838,1.0984940338301457,1.992597924208373,Return from Witch Mountain (1978),Children|Sci-Fi,78158,14822.0
3618,0.36495366633562615,1.0202706000320512,3.9486119065387495,Small Time Crooks (2000),Comedy|Crime,196216,10569.0
1611,0.19811871665951905,0.40536541607612603,4.079650134921373,My Own Private Idaho (1991),Drama|Romance,102494,468.0
4959,-0.28960353846715997,0.8030950166648925,3.2302997825985615,"Affair of the Necklace, The (2001)",Drama,242252,19076.0
3724,0.10698511951294709,0.5906164816947626,3.772050530115046,Coming Home (1978),Drama|War,77362,31657.0
106642,0.4109762504068376,0.6512166140452931,4.221999025568303,"Day of the Doctor, The (2013)",Adventure|Drama|Sci-Fi,2779318,253941.0
3014,-0.36195221333842365,0.47511072114872316,2.8290820109743438,Bustin' Loose (1981),Comedy,82121,31361.0
8959,-0.2739628958128016,0.23906605052316435,2.444937526928048,Birth (2004),Drama|Mystery,337876,10740.0
216,-1.2186425073699452,6.692514537254279,3.408818712085661,Billy Madison (1995),Comedy,112508,11017.0
759,-0.23130584768142254,0.41635052582656074,3.0353535353535355,Maya Lin: A Strong Clear Vision (1994),Documentary,110480,85778.0
72737,0.5629000537554705,1.42144988570632,3.9869132409082058,"Princess and the Frog, The (2009)",Animation|Children|Fantasy|Musical|Romance,780521,10198.0
81845,3.013418170197693,9.280738163490017,3.9156050490444403,"King's Speech, The (2010)",Drama,1504320,45269.0
122918,-0.4834881476460846,3.9331170539226066,3.467981616079963,Guardians of the Galaxy 2 (2017),Action|Adventure|Sci-Fi,3896198,283995.0
166015,-0.0668848276810887,0.28820758365585,3.3588373777616805,The African Doctor (2016),Comedy|Drama,5555502,393764.0
7069,0.13428849029762355,0.545840608886968,3.8369305266748417,"Macbeth (a.k.a. Tragedy of Macbeth, The) (1971)",Drama,67372,11316.0
6763,-1.4375975772389686,0.9866184254760281,2.133813277453803,Duplex (2003),Comedy|Crime,266489,7288.0
1667,-0.8001933147067338,0.7549744143302275,2.5310144779020765,Mad City (1997),Action|Drama,119592,9770.0
3646,-2.4535715608761,2.0644592239577677,2.402427607524611,Big Momma's House (2000),Comedy,208003,9600.0
4442,-0.7181047945498146,0.27986369318150434,1.025,"Last Dragon, The (1985)",Action|Comedy|Drama,89461,13938.0
1320,-0.03450212639415656,6.717364301265295,3.585772831381279,Alien³ (a.k.a. Alien 3) (1992),Action|Horror|Sci-Fi|Thriller,103644,8077.0
2553,0.128283315376619,0.6877111981320905,3.7774457006444746,Village of the Damned (1960),Horror|Sci-Fi|Thriller,54443,11773.0
175707,0.021298195863671907,0.09709471643732787,3.810263929618768,A German Life (2016),Documentary,5135434,411516.0
4496,-0.10576219842594572,0.38352150742337915,3.315143074195999,D.O.A. (1988),Film-Noir|Mystery|Thriller,94933,9748.0
8910,0.00011908770795746038,1.2855108876997883,3.591001729337203,I Heart Huckabees (2004),Comedy,356721,1599.0
81417,0.1020342928904025,0.134171078052734,4.351388132825258,Paranormal Activity 2 (2010),Horror|IMAX,1536044,41436.0
121469,-0.2656301020736513,0.2586398362296078,2.5638820638820636,Killer Movie (2008),Comedy|Horror|Mystery|Thriller,988083,14862.0
184791,-0.1363101839588474,0.2586398362296078,3.0638820638820636,Fred Armisen: Standup for Drummers (2018),Comedy,7924798,502616.0
3182,0.11344262054917745,0.8639799346119666,3.7222114695923727,"Mr. Death: The Rise and Fall of Fred A. Leuchter, Jr. (1999)",Documentary,192335,28216.0
3742,0.17930250977968587,0.9001508092826402,3.7901007240561833,Battleship Potemkin (1925),Drama|War,15648,643.0
6187,0.593970951275127,0.6482653983937774,4.5071556663808385,"Life of David Gale, The (2003)",Crime|Drama|Thriller,289992,11615.0
26150,0.08180380113206685,0.21322145999044154,3.9745656006043815,Andrei Rublev (Andrey Rublyov) (1969),Drama|War,60107,895.0
96616,0.019594256613862222,0.02967852232720984,4.2511258091753445,That's My Boy (2012),Comedy,1232200,87428.0
95690,-0.43636832245800494,0.6815297010190097,2.950631313131313,Some Guy Who Kills People (2011),Comedy|Thriller,1568341,80468.0
5284,-0.16264608228641841,0.30180850563308664,3.0520041917736442,Crush (2001),Comedy|Romance,245407,18435.0
2986,2.223739631932172,2.6906595855814937,4.417375450254057,RoboCop 2 (1990),Action|Crime|Sci-Fi|Thriller,100502,5549.0
952,0.528488848334274,0.851955518049927,4.211233552852775,Around the World in 80 Days (1956),Adventure|Comedy,48960,2897.0
50800,-0.045645752479050915,0.19350923728126776,3.355024989868972,"Messengers, The (2007)",Drama|Horror|Thriller,425430,9966.0
261,1.0333389156860835,8.155650025625558,3.717611305010881,Little Women (1994),Drama,110367,9587.0
1405,-4.907295901127567,6.10815206153668,2.787508021045582,Beavis and Butt-Head Do America (1996),Adventure|Animation|Comedy|Crime,115641,3179.0
1918,-3.4286804209626505,6.140967057461849,3.0325800217445718,Lethal Weapon 4 (1998),Action|Comedy|Crime|Thriller,122151,944.0
3462,2.212694921344965,5.863805496640791,3.968257030333848,Modern Times (1936),Comedy|Drama|Romance,27977,3082.0
106072,-0.6687157667992716,3.659006845640319,3.4081502727352353,Thor: The Dark World (2013),Action|Adventure|Fantasy|IMAX,1981115,76338.0
2719,1.3966855470259174,2.377547315129168,4.178357146364525,"Haunting, The (1999)",Horror|Thriller,171363,11618.0
2722,-4.749580240044366,4.615577948034484,2.561876477113251,Deep Blue Sea (1999),Action|Horror|Sci-Fi|Thriller,149261,8914.0
2793,-1.1769570549416724,1.6448919471623413,2.875386678040525,"American Werewolf in Paris, An (1997)",Comedy|Horror|Romance|Thriller,118604,9406.0
3393,-0.7255511558294095,0.45138271021953535,1.9835122203543256,Date with an Angel (1987),Comedy|Fantasy|Romance,92834,28370.0
38,-0.2998138155449746,0.5567941342718624,3.0524446978941557,It Takes Two (1995),Children|Comedy,113442,33689.0
5796,-1.625485164904691,1.1112948597858667,2.1282143338957247,Casino Royale (1967),Action|Adventure|Comedy,61452,12208.0
114818,-0.06480449266075564,0.43987632816130473,3.443584744241835,Stretch (2014),Action|Comedy|Crime,2494280,227300.0
140301,0.02129669123187942,0.08168341312313925,3.8516314385388877,The Escort (2015),Comedy|Romance,3793788,351964.0
56788,0.9635765837607091,1.2379911961476184,4.369247892315084,Charlie Wilson's War (2007),Comedy|Drama|War,472062,6538.0
1809,0.5361759884148657,0.8650749624430075,4.210712011687982,Fireworks (Hana-bi) (1997),Crime|Drama,119250,5910.0
2952,-1.1974379155303985,2.9201822236796673,3.1808532026770444,Sydney (Hard Eight) (1996),Crime|Drama|Thriller,119256,8052.0
418,-0.15837740818680587,0.27986369318150434,3.025,Being Human (1993),Drama,106379,46924.0
8143,0.06984555408233584,0.09709471643732787,4.310263929618769,Lola Montès (1955),Drama,48308,35987.0
48043,-0.6780082376559903,1.8779692624413813,3.2298764312080626,"Fountain, The (2006)",Drama|Fantasy|Romance,414993,1381.0
95858,-0.025171905577531354,0.2142105468864044,3.473398977875861,For the Birds (2000),Animation|Children|Comedy,248808,13930.0
41724,-0.012547891436685561,0.009909334509698407,2.3246392496392496,Wal-Mart: The High Cost of Low Price (2005),Documentary,473107,29595.0
48696,0.23398819311607524,0.41248060812906184,4.158179863170128,Little Children (2006),Drama|Romance,404203,1440.0
47122,-0.8354355865502742,1.5786738417735606,3.061708210750271,John Tucker Must Die (2006),Comedy|Romance,455967,9293.0
946,0.8998345207176974,0.763011273828686,4.770229176446557,To Be or Not to Be (1942),Comedy|Drama|War,35446,198.0
95175,0.18841453112728762,0.21322145999044154,4.4745656006043815,Front of the Class (2008),Drama,1292594,63193.0
5942,-0.3506244661158046,0.6359963660829204,3.039609610575125,"Hot Chick, The (2002)",Comedy,302640,11852.0
2889,0.13032857811775012,0.6486724259197582,3.7918249506097035,"Mystery, Alaska (1999)",Comedy|Drama,134618,15198.0
5410,-2.4310119247923443,1.026829912277479,1.2234167772108755,Silent Running (1972),Drama|Sci-Fi,67756,811.0
1447,0.12231643163131066,0.9379762082480116,3.7213137115761525,Gridlock'd (1997),Crime,119225,12489.0
1655,0.041744286108915216,0.07971507742832395,4.114577729962345,Phantoms (1998),Drama|Horror|Thriller,119891,9827.0
34532,-0.17677653488346046,0.3282457942934966,3.0523598148583577,"Skeleton Key, The (2005)",Drama|Horror|Mystery|Thriller,397101,9913.0
93563,-0.24946801013891354,0.35819291503816547,2.8944463758039283,Lockout (2012),Action|Sci-Fi|Thriller,1592525,81796.0
181,-1.0347946026062607,2.9432041387284786,3.239321313157014,Mighty Morphin Power Rangers: The Movie (1995),Action|Children,113820,9070.0
510,-0.15140500080776512,0.30671722744282753,3.0972785176606834,Poetic Justice (1993),Drama,107840,8291.0
2901,-1.2460504605187352,1.7991845585318882,2.898345087616679,Phantasm (1979),Horror|Sci-Fi,79714,9638.0
4148,-2.6449850534649095,3.5935412934031654,2.8548705045930145,Hannibal (2001),Horror|Thriller,212985,9740.0
3070,0.7094864978317215,4.048465376667774,3.7661573471793934,"Adventures of Buckaroo Banzai Across the 8th Dimension, The (1984)",Adventure|Comedy|Sci-Fi,86856,11379.0
3692,0.17721426460966114,0.45138271021953535,3.9835122203543256,Class of Nuke 'Em High (1986),Comedy|Horror,90849,26554.0
2378,-0.3798544764575233,2.877684961225916,3.4589090695114386,Police Academy (1984),Comedy|Crime,87928,9336.0
2311,0.30973724772715805,2.7326340868650507,3.7042565929460345,2010: The Year We Make Contact (1984),Sci-Fi,86837,4437.0
7706,0.20229980787105872,0.20646533659176985,4.570733652312599,Animal Crackers (1930),Comedy|Musical,20640,13913.0
249,1.0439986843304365,3.291663376849545,3.908073565160297,Immortal Beloved (1994),Drama|Romance,110116,13701.0
82,-1.0409928818742056,1.4203323797873098,2.8579870673823926,Antonia's Line (Antonia) (1995),Comedy|Drama,112379,880.0
2568,-0.2179844195219392,0.7065208621678578,3.282376914161917,"Mod Squad, The (1999)",Action|Crime,120757,16379.0
4282,0.06984555408233584,0.09709471643732787,4.310263929618769,Fellini Satyricon (1969),Drama|Fantasy,64940,11163.0
1760,-1.4678243456824713,0.665921936670139,1.3867102729182808,Spice World (1997),Comedy,120185,6116.0
2992,0.014405848074907933,0.13805604405120123,3.695256916996047,Rawhead Rex (1986),Horror|Thriller,91829,13511.0
130978,0.18841453112728762,0.21322145999044154,4.4745656006043815,Love and Pigeons (1985),Comedy|Romance,87650,32334.0
165483,0.019594256613862222,0.02967852232720984,4.2511258091753445,Joe Rogan: Triggered (2016),Comedy,6023444,421854.0
4225,0.6698508558966169,0.7196811866582142,4.521669639211067,"Dish, The (2001)",Comedy,205873,5257.0
4243,0.15741636865500963,0.3143157705820882,4.091731459330143,Brigham City (2001),Crime|Drama|Mystery,268200,26791.0
4439,0.19811871665951905,0.40536541607612603,4.079650134921373,Christiane F. (a.k.a. We Children from Bahnhof Zoo) (Christiane F. - Wir Kinder vom Bahnhof Zoo) (1981),Drama,82176,9589.0
4879,-0.20724669941660698,0.40536541607612603,3.079650134921373,High Heels and Low Lifes (2001),Action|Comedy|Crime|Drama,253126,10034.0
1671,0.11315850781029951,0.47511072114872316,3.8290820109743438,Deceiver (1997),Crime|Drama|Thriller,119527,14583.0
169034,-0.058914873758011514,0.1767446212740347,3.257575757575758,Lemonade (2016),(no genres listed),5662106,394269.0
1049,-1.0189799094680438,4.337478447713686,3.3559846015424277,"Ghost and the Darkness, The (1996)",Action|Adventure,116409,10586.0
48516,1.4139362410030247,13.916562819429567,3.692510057997671,"Departed, The (2006)",Crime|Drama|Thriller,407887,1422.0
91529,4.780767153195686,13.927809206783751,3.934162439818203,"Dark Knight Rises, The (2012)",Action|Adventure|Crime|IMAX,1345836,49026.0
3044,1.9483725201688518,3.0461106125204824,4.23053541050511,Dead Again (1991),Mystery|Romance|Thriller,101669,11498.0
3317,0.4448634375258399,2.6673430853075146,3.7576905746920635,Wonder Boys (2000),Comedy|Drama,185014,11004.0
288,-7.317446214040636,21.31373014809424,3.247588322409311,Natural Born Killers (1994),Action|Crime|Thriller,110632,241.0
3354,-3.7107773299539204,2.6916984800278745,2.212308420184823,Mission to Mars (2000),Sci-Fi,183523,2067.0
89745,0.3236557835368954,11.06970791946627,3.620147060500659,"Avengers, The (2012)",Action|Adventure|Sci-Fi|IMAX,848228,24428.0
86068,0.22550522403972753,0.08168341312313925,6.351631438538888,Films to Keep You Awake: The Christmas Tale (Películas para no dormir: Cuento de navidad) (2005),Horror|Thriller,450827,75725.0
8937,0.1452308937948942,1.0056637337170926,3.7353220680561314,Friday Night Lights (2004),Action|Drama,390022,13416.0
5628,-0.02409288021000232,1.10840541400863,3.5691725675165635,Wasabi (2001),Action|Comedy|Crime|Drama|Thriller,281364,2110.0
42738,-0.5193251468477937,1.1909188863998692,3.154838126901033,Underworld: Evolution (2006),Action|Fantasy|Horror,401855,834.0
4103,0.03726142533936217,0.243220300524523,3.744109400500869,Empire of the Sun (1987),Action|Adventure|Drama|War,92965,10110.0
5106,-0.2101800754003161,0.1505421515636068,2.1947547698948124,Crossroads (2002),Comedy|Musical|Romance,275022,17130.0
945,0.043756463608894645,0.4025488185648967,3.699607617872574,Top Hat (1935),Comedy|Musical|Romance,27125,3080.0
34312,-0.39495002018845515,0.2586398362296078,2.0638820638820636,"Calcium Kid, The (2004)",Comedy,330111,31063.0
4228,-1.0799561759400889,1.0774107829728763,2.5885465816345974,Heartbreakers (2001),Comedy|Crime|Romance,125022,10833.0
25825,0.29596870703411793,0.40834185248557453,4.315715292459478,Fury (1936),Drama|Film-Noir,27652,14615.0
49932,0.12284765615482086,0.5337710519737331,3.821059556545182,Inland Empire (2006),Drama|Mystery|Thriller,460829,1730.0
45106,-0.2577625465350532,0.3182724234480879,2.781028851388133,American Dreamz (2006),Comedy|Drama,465142,9310.0
50440,-0.23915498976031868,0.19350923728126776,2.355024989868972,Primeval (2007),Horror|Thriller,772193,4283.0
3480,0.05476552260486791,0.026243169571654894,5.677757726144823,Lucas (1986),Drama|Romance,91445,13346.0
2055,-0.03489684528963725,0.23906605052316435,3.444937526928048,Hot Lead and Cold Feet (1978),Action|Comedy|Western,77698,28736.0
4473,-0.03489684528963725,0.23906605052316435,3.444937526928048,Bat*21 (1988),Drama|War,94712,14911.0
356,21.67273384457825,64.36223430463363,3.927639691994174,Forrest Gump (1994),Comedy|Drama|Romance|War,109830,13.0
1916,0.1087440996479066,2.285128946993475,3.638496821041773,Buffalo '66 (a.k.a. Buffalo 66) (1998),Drama|Romance,118789,9464.0
240,-0.15140500080776512,0.30671722744282753,3.0972785176606834,Hideaway (1995),Thriller,113303,27303.0
289,-0.06339975649200491,1.8096503923001768,3.5558748341478057,Only You (1994),Comedy|Romance,110737,9058.0
1987,-0.670410719106596,0.5317050530845417,2.3300395256916997,Prom Night (1980),Horror,81383,36599.0
79091,1.5684349003658233,4.507176569458348,3.938895213972007,Despicable Me (2010),Animation|Children|Comedy|Crime,1323594,20352.0
6807,0.9902786834723292,2.8337645201822843,3.940366032874272,Monty Python's The Meaning of Life (1983),Comedy,85959,4543.0
3016,0.3119194362251421,1.1209442995110381,3.8691739755792773,Creepshow (1982),Horror,83767,16281.0
3551,0.34236451062591405,1.4899677103857116,3.8206889097866994,Marathon Man (1976),Crime|Drama|Thriller,74860,10518.0
8946,-0.04563984498552773,0.1708631568934715,3.323795654546781,Surviving Christmas (2004),Comedy,252028,15566.0
6867,0.18877539848202118,0.2288314441463057,4.415863017963476,"Station Agent, The (2003)",Comedy|Drama,340377,2056.0
889,-0.6458333320392158,0.9999999979962049,2.9450757575757573,1-900 (06) (1994),Drama|Romance,109001,101230.0
63072,0.6134620387257587,1.0799022271688465,4.15898092490656,"Road, The (2009)",Adventure|Drama|Thriller,898367,20766.0
143355,0.9302622536613459,2.868278444344664,3.9152368267659523,Wonder Woman (2017),Action|Adventure|Fantasy,451279,297762.0
74508,0.04327532020105063,0.13533853399785695,3.910665179014315,Persuasion (2007),Drama|Romance,844330,13949.0
113453,0.2712438269994265,0.28831835855681764,4.531687986700334,Let's Be Cops (2014),Comedy|Crime,1924435,193893.0
142196,-0.2656301020736513,0.2586398362296078,2.5638820638820636,Cornered! (2009),Comedy|Horror,1151911,32285.0
5460,-0.3261668144891051,0.6429136487763588,3.0835830835830835,"Powerpuff Girls, The (2002)",Action|Animation|Children|Comedy,289408,59387.0
102602,-0.024806928863153912,0.21322145999044154,3.4745656006043815,Mimino (1977),Comedy,76391,27861.0
108540,0.08180380113206685,0.21322145999044154,3.9745656006043815,Ernest & Célestine (Ernest et Célestine) (2012),Adventure|Animation|Children|Comedy|Drama|Romance,1816518,126319.0
3185,0.041219314732440476,0.7196811866582142,3.648183500045502,Snow Falling on Cedars (1999),Drama,120834,10219.0
7316,-0.1365751611880443,0.4216015845370063,3.26696542893726,Confessions of a Teenage Drama Queen (2004),Comedy,361467,11132.0
32289,0.8014463449351616,1.209365446291321,4.253608978187087,Ice Princess (2005),Children|Comedy|Drama,396652,13374.0
3492,0.04302401382796776,0.13978414288596877,3.898698035632709,"Son of the Sheik, The (1926)",Adventure|Comedy|Romance,17416,85689.0
5497,-0.04468035198077274,0.36190341231186507,3.4674497631968944,Our Man Flint (1965),Adventure|Comedy|Sci-Fi,59557,23728.0
83601,-0.001860136727787177,0.0005379489491509954,0.1330777656078861,Amer (2009),Drama|Horror,1426352,43950.0
34397,-0.3163806605221885,0.2930236990071276,2.5111989459815547,"Order, The (2001)",Action|Adventure|Drama|Thriller,193364,37632.0
4233,-0.18614961872863564,0.27322431470959174,2.9096021621077766,Tomcats (2001),Comedy,246989,10646.0
44731,-0.3952712697480581,0.2826889810516,2.192654131420917,Stay Alive (2006),Horror|Sci-Fi|Thriller,441796,10069.0
4803,-0.2063636354123896,0.6485714255817956,3.2727272727272725,Play Misty for Me (1971),Drama|Thriller,67588,15393.0
7486,0.09376447510756944,0.12542919948815853,4.3384581105169335,Happy Together (a.k.a. Buenos Aires Affair) (Chun gwong cha sit) (1997),Drama|Romance,118845,18329.0
90531,0.28782136241833467,0.35819291503816547,4.394446375803929,Shame (2011),Drama,1723811,76025.0
60037,0.051108866161582965,0.19350923728126776,3.855024989868972,"Happening, The (2008)",Drama|Sci-Fi|Thriller,949731,8645.0
1389,-0.513028946335966,0.23906605052316435,1.4449375269280482,Jaws 3-D (1983),Action|Horror,85750,17692.0
2902,-0.2739628958128016,0.23906605052316435,2.444937526928048,Psycho II (1983),Horror|Mystery|Thriller,86154,10576.0
2596,-0.713090398692088,2.066801319880917,3.2458878293912328,SLC Punk! (1998),Comedy|Drama,133189,6396.0
1923,-1.0347120842677007,15.8133174160499,3.52547613607461,There's Something About Mary (1998),Comedy|Romance,129387,544.0
3851,0.6013952039716989,0.41635052582656074,5.0353535353535355,I'm the One That I Want (2000),Comedy,251739,38548.0
25,-3.5910834308823336,17.10086897437305,3.380914883230882,Leaving Las Vegas (1995),Drama|Romance,113627,451.0
98203,-0.13497540610715547,0.31819826505590304,3.16672259798952,"Twilight Saga: Breaking Dawn - Part 2, The (2012)",Adventure|Drama|Fantasy|Romance|IMAX,1673434,50620.0
122904,3.0522855358155208,10.029137540409753,3.895250867409527,Deadpool (2016),Action|Adventure|Comedy|Sci-Fi,1431045,293660.0
1147,0.6953495644975265,1.3804614523451708,4.094617154119581,When We Were Kings (1996),Documentary,118147,10548.0
90600,0.0772189641468363,0.28820758365585,3.8588373777616805,Headhunters (Hodejegerne) (2011),Action|Crime|Thriller,1614989,70670.0
427,-1.939959561169182,2.3895305774295803,2.7790510718097923,Boxing Helena (1993),Drama|Mystery|Romance|Thriller,106471,18215.0
2672,-0.8832819445454188,1.3927992126014819,2.956731575188345,"Thirteenth Floor, The (1999)",Drama|Sci-Fi|Thriller,139809,1090.0
142536,0.06213839779344904,0.08168341312313925,4.351631438538888,Burnt (2015),Drama,2503944,295964.0
6565,0.7674800825292001,1.8762779609016735,3.9999530057885133,Seabiscuit (2003),Drama,329575,4464.0
2112,-0.4522779170056652,0.9990409894822411,3.138197018264243,Grand Canyon (1991),Crime|Drama,101969,13697.0
26606,-0.39938459397607895,0.3693233879778794,2.5095137420718814,"Chinese Ghost Story, A (Sinnui yauwan) (1987)",Action|Fantasy|Horror|Romance,93978,30421.0
5108,-1.2502390307155855,1.6094614179278919,2.8141032496574185,John Q (2002),Crime|Drama|Thriller,251160,8470.0
134170,-0.3578584101287907,1.3766613214150945,3.3309625052369216,Kung Fury (2015),Action|Comedy|Fantasy|Sci-Fi,3472226,251516.0
2316,0.05775726587687047,1.0047323803008592,3.6483943148446185,Practical Magic (1998),Drama|Fantasy|Mystery|Romance,120791,6435.0
7027,0.15074968778706357,0.6428878990737196,3.8253973866201556,Silverado (1985),Action|Western,90022,11509.0
59220,-0.002638556926987155,0.009909334509698407,3.3246392496392496,Outsourced (2006),Comedy|Romance,425326,7861.0
6593,0.2255320938946841,3.1448113852651205,3.6626247095154736,Freaky Friday (2003),Children|Comedy|Fantasy,322330,10330.0
129354,-0.2227916325535444,1.1599055183289655,3.3988316940582575,Focus (2015),Comedy|Crime|Drama|Romance,2381941,256591.0
27873,-0.1236501959762933,0.13805604405120123,2.695256916996047,Metallica: Some Kind of Monster (2004),Documentary,387412,11401.0
2114,-0.5765866091395442,1.0648938264833547,3.049459234782465,"Outsiders, The (1983)",Drama,86066,227.0
94150,0.3167468342872537,0.6429136487763588,4.0835830835830835,Hysteria (2011),Comedy|Romance,1435513,75802.0
3217,-0.19392196464507272,0.7152700905484801,3.3197919741618067,"Star Is Born, A (1937)",Drama,29606,22692.0
73,0.18421452524064566,1.1819761337702768,3.7467620899481124,"Misérables, Les (1995)",Drama|War,113828,48750.0
8254,-0.8087978973480988,0.8069589005071682,2.5886301683520996,Arizona Dream (1993),Comedy|Drama|Fantasy|Romance,106307,11044.0
58301,-0.7771331729675097,0.6815297010190097,2.450631313131313,Funny Games U.S. (2007),Drama|Thriller,808279,8461.0
26172,-0.15689940192707857,0.3143157705820882,3.0917314593301435,Point Blank (1967),Action|Crime|Drama|Thriller,62138,26039.0
3616,0.5610655390216523,1.048002013401202,4.126275943116522,Loser (2000),Comedy|Romance,217630,10642.0
4193,-0.11055568002628739,0.4438728048816621,3.341838458938831,"Fantasticks, The (1995)",Musical,113026,62127.0
32011,-0.6246442936756935,0.5217550315747643,2.393710681934695,Cursed (2005),Horror|Thriller,257516,10012.0
51412,-0.041609350790488865,0.6408818960897655,3.5259839447248074,Next (2007),Action|Sci-Fi|Thriller,435705,1738.0
4217,0.05636348838470273,0.3784405648687192,3.7398452611218564,4 Little Girls (1997),Documentary,118540,26580.0
2648,0.7643596273089952,1.857770385280882,4.002348326546077,Frankenstein (1931),Drama|Horror|Sci-Fi,21884,3035.0
2858,4.218929451001724,34.24379192555123,3.7141118442774683,American Beauty (1999),Drama|Romance,169547,14.0
3508,2.034354398089142,3.6813927750711746,4.143513640976371,"Outlaw Josey Wales, The (1976)",Action|Adventure|Drama|Thriller|Western,75029,10747.0
113,-0.2737042569591523,0.8700350172565475,3.2763191588599017,Before and After (1996),Drama|Mystery,115645,43566.0
237,-1.021642726883331,5.904189741675097,3.4178721846470848,Forget Paris (1995),Comedy|Romance,113097,10525.0
91104,-0.5772586118991344,1.2946137259222943,3.1450165437032513,"Twilight Saga: Breaking Dawn - Part 1, The (2011)",Adventure|Drama|Fantasy|Romance,1324999,50619.0
1556,-4.060719050334603,2.8409669034094907,2.16156507234229,Speed 2: Cruise Control (1997),Action|Romance|Thriller,120179,1639.0
2321,-0.6672170333352093,10.03958246513931,3.5244504472700746,Pleasantville (1998),Comedy|Drama|Fantasy,120789,2657.0
2539,-1.157924483221281,5.862492849381724,3.3933950788718055,Analyze This (1999),Comedy,122933,9535.0
8633,0.5905069714876152,0.8578356116104477,4.279277542271274,"Last Starfighter, The (1984)",Action|Adventure|Comedy|Sci-Fi,87597,11884.0
61350,-0.4803983795857947,0.3707650112319225,2.295214068367458,Babylon A.D. (2008),Action|Adventure|Sci-Fi|Thriller,364970,9381.0
51077,-1.1763950584798124,1.0746682211236984,2.4962502600657017,Ghost Rider (2007),Action|Fantasy|Thriller,259324,1250.0
3461,-0.7373083699006322,1.1949183783576447,2.973872493887271,Lord of the Flies (1963),Adventure|Drama|Thriller,57261,9960.0
173925,-0.015979832324497577,0.19495395435887075,3.508941877794337,Seven Sisters (2017),Sci-Fi|Thriller,1536537,406990.0
8795,0.23001048048067008,0.3145910539907577,4.3220502901353965,Musa the Warrior (Musa) (2001),Action|Adventure|Drama|War,275083,23305.0
131013,0.39389517712139,0.7270665346668905,4.132668556295371,Get Hard (2015),Comedy|Crime,2561572,257091.0
3719,-0.9690804632654639,0.6429136487763588,2.0835830835830835,Love's Labour's Lost (2000),Comedy|Romance,182295,51333.0
26662,0.4779663252017756,0.9863164732859815,4.075506416561979,Kiki's Delivery Service (Majo no takkyûbin) (1989),Adventure|Animation|Children|Drama|Fantasy,97814,16859.0
129514,0.18841453112728762,0.21322145999044154,4.4745656006043815,George Carlin: It's Bad for Ya! (2008),Comedy,963207,13643.0
1941,0.19811871665951905,0.40536541607612603,4.079650134921373,Hamlet (1948),Drama,40416,23383.0
5323,-2.423772564712385,0.8432734085426155,0.7166662413672538,Jason X (2002),Horror|Sci-Fi|Thriller,211443,11470.0
128842,-0.023356961515060868,0.2930236990071276,3.5111989459815547,Dragonheart 3: The Sorcerer's Curse (2015),Action|Adventure|Fantasy,3829170,300803.0
1126,-0.8402016697351106,1.0485334270095574,2.7895978040277694,Drop Dead Fred (1991),Comedy|Fantasy,101775,10379.0
31437,0.02243466841810725,0.06012854450521054,3.964020873386432,Nobody Knows (Dare mo shiranai) (2004),Drama,408664,2517.0
5710,-0.2584836188819675,0.3881135418648161,2.924909090909091,Banana Joe (1981),Comedy,82045,11340.0
4470,0.10872490489925193,0.35819291503816547,3.8944463758039283,Ariel (1988),Drama,94675,2.0
74685,0.051108866161582965,0.19350923728126776,3.855024989868972,"Crazies, The (2010)",Action|Drama|Horror|Sci-Fi|Thriller,455407,29427.0
77364,-0.045645752479050915,0.19350923728126776,3.355024989868972,"Losers, The (2010)",Action|Adventure|Drama|Mystery|Thriller,480255,34813.0
107069,0.0369909706254321,0.03222975658453489,4.738636363636363,Lone Survivor (2013),Action|Drama|Thriller|War,1091191,193756.0
1213,3.1582818830663006,19.63860355731084,3.7517291753845257,Goodfellas (1990),Crime|Drama,99685,769.0
2899,-0.09239897500299032,1.3351537035688255,3.5217043433538016,Gulliver's Travels (1939),Adventure|Animation|Children,31397,42518.0
795,-0.15140500080776512,0.30671722744282753,3.0972785176606834,Somebody to Love (1994),Drama,111237,44535.0
5267,-0.24692008059897708,2.1582793809796805,3.47650310493016,"Rookie, The (2002)",Drama,265662,14635.0
41863,0.3432031715952937,0.684286330270057,4.092458159498327,"Three Burials of Melquiades Estrada, The (2006)",Adventure|Crime|Drama,419294,8053.0
62374,-0.18551393471739505,1.6018097696763525,3.475093880995071,Body of Lies (2008),Action|Drama|Thriller,758774,12113.0
161131,0.6239895392987905,1.5229949289728637,4.000621249123315,War Dogs (2016),Comedy,2005151,308266.0
56152,0.3154206346335982,0.8832976733764368,3.948003470460541,Enchanted (2007),Adventure|Animation|Children|Comedy|Fantasy|Musical|Romance,461770,4523.0
95875,-0.07796477680166716,0.36810224954786386,3.3791071339869845,Total Recall (2012),Action|Sci-Fi|Thriller,1386703,64635.0
6858,-0.12609301103181456,0.16350522309619905,2.8197226502311246,Knife in the Water (Nóz w wodzie) (1962),Drama,56291,11502.0
6702,-0.7862848622875703,0.6987444499562044,2.465626647038728,Dickie Roberts: Former Child Star (2003),Comedy,325258,13778.0
80586,0.022249265457401166,0.05464477574879632,3.998070894622619,Flipped (2010),Comedy|Drama|Romance,817177,43949.0
136447,0.18841453112728762,0.21322145999044154,4.4745656006043815,George Carlin: You Are All Diseased (1999),Comedy,246645,34513.0
102720,0.0047549954502573,0.02967852232720984,3.7511258091753445,Epic (2013),Adventure|Animation|Fantasy,848537,116711.0
4082,-0.7771331729675097,0.6815297010190097,2.450631313131313,Barfly (1987),Comedy|Drama|Romance,92618,10937.0
5415,-0.463117463597421,1.098630402942339,3.1693683595065143,Divine Secrets of the Ya-Ya Sisterhood (2002),Comedy|Drama,279778,9583.0
8369,0.022243207552925106,0.08917974377033226,3.8403290445053786,Mindhunters (2004),Action|Crime|Horror|Mystery|Thriller,297284,16617.0
7845,0.051108866161582965,0.19350923728126776,3.855024989868972,Tremors II: Aftershocks (1996),Comedy|Horror|Sci-Fi,114720,11069.0
3974,-0.03489684528963725,0.23906605052316435,3.444937526928048,"Little Vampire, The (2000)",Adventure|Children,192255,24100.0
1103,1.0827829667583022,1.473386319574421,4.32580322720802,Rebel Without a Cause (1955),Drama,48545,221.0
3365,0.6013952039716989,0.41635052582656074,5.0353535353535355,"Searchers, The (1956)",Drama|Western,49730,3114.0
24,1.2733782209500824,4.204979157780085,3.893735376883438,Powder (1995),Drama|Sci-Fi,114168,12665.0
160,-6.569725867500275,12.018672152042733,3.044282493195993,Congo (1995),Action|Adventure|Mystery|Sci-Fi,112715,10329.0
818,-0.8887876893682094,2.243011817225801,3.1946616513982824,"Very Brady Sequel, A (1996)",Comedy,118073,12606.0
5893,0.10340115293447388,0.6952102761807408,3.739642728021773,"Last Seduction, The (1994)",Crime|Drama|Thriller,110308,25284.0
160872,0.22550522403972753,0.08168341312313925,6.351631438538888,Satanic (2016),Horror,4796122,400411.0
51884,0.002316110327862049,0.009909334509698407,3.8246392496392496,"Namesake, The (2006)",Drama|Romance,433416,16727.0
84189,0.03494875386403549,0.134171078052734,3.8513881328252584,I Spit on Your Grave (2010),Crime|Horror|Thriller,1242432,43947.0
95843,-0.39495002018845515,0.2586398362296078,2.0638820638820636,Goodbye Charlie (1964),Comedy|Fantasy|Romance,58154,52906.0
97836,0.1860330132159908,0.6465112735949832,3.878658153940177,Here Comes the Boom (2012),Action|Comedy,1648179,87826.0
3153,0.08343387010050854,0.13805604405120123,4.195256916996048,"7th Voyage of Sinbad, The (1958)",Action|Adventure|Fantasy,51337,15515.0
5027,-0.040710642188667365,0.6513702750186778,3.528409090909091,Another 48 Hrs. (1990),Action|Comedy|Crime|Drama|Thriller,99044,11595.0
71745,-1.3315630085240067,0.5737805378579528,1.2702256228099111,Where the Wild Things Are (2009),Adventure|Children|Drama|Fantasy|IMAX,386117,16523.0
91671,0.15886120482939198,0.05464477574879632,6.498070894622619,Alvin and the Chipmunks: Chipwrecked (2011),Animation|Comedy,1615918,55301.0
8033,-0.024806928863153912,0.21322145999044154,3.4745656006043815,How to Steal a Million (1966),Comedy|Crime|Romance,60522,3001.0
8197,-0.024806928863153912,0.21322145999044154,3.4745656006043815,Hiroshima Mon Amour (1959),Drama|Romance|War,52893,5544.0
26237,-0.024806928863153912,0.21322145999044154,3.4745656006043815,Zabriskie Point (1970),Drama|Romance,66601,2998.0
165959,0.18841453112728762,0.21322145999044154,4.4745656006043815,Alesha Popovich and Tugarin the Dragon (2004),Animation|Comedy|Drama,415481,33065.0
175293,0.18841453112728762,0.21322145999044154,4.4745656006043815,Gena the Crocodile (1969),Animation|Children,146970,79701.0
100194,0.03443351777746714,0.02967852232720984,4.7511258091753445,Jim Jefferies: Fully Functional (EPIX) (2012),Comedy,2274356,146837.0
893,0.660025721358001,0.48206067083477044,4.9600847181492345,Mother Night (1996),Drama,117093,20318.0
1078,-0.3635390929322774,1.1883175698955262,3.284981532365764,Bananas (1971),Comedy|War,66808,11302.0
4055,1.2166137512264243,0.5308639134158237,5.882671104639067,Panic (2000),Drama,194218,20637.0
3801,0.22766540693091847,0.3645872947131095,4.215355993563958,Anatomy of a Murder (1959),Drama|Mystery,52561,93.0
7698,-0.012193595213041971,0.4654939605813366,3.56471413190723,"China Syndrome, The (1979)",Drama|Thriller,78966,988.0
7013,-0.007629603834498017,0.06012854450521054,3.464020873386432,"Night of the Hunter, The (1955)",Drama|Film-Noir|Thriller,48424,3112.0
57910,-0.23915498976031868,0.19350923728126776,2.355024989868972,Teeth (2007),Comedy|Horror,780622,13121.0
160848,-0.058914873758011514,0.1767446212740347,3.257575757575758,The Red Turtle (2016),Animation,3666024,337703.0
70,-1.57859467848108,7.346881967949526,3.3760431538533937,From Dusk Till Dawn (1996),Action|Comedy|Horror|Thriller,116367,755.0
5957,-0.4983439626221773,3.5036673487383503,3.4486741373534606,Two Weeks Notice (2002),Comedy|Romance,313737,2642.0
6287,-1.060942989033369,3.4519631000350777,3.283564267604755,Anger Management (2003),Comedy,305224,9506.0
921,-0.3040787335937346,1.0966455832752025,3.313628319225696,My Favorite Year (1982),Comedy,84370,31044.0
1479,-0.6728664008149529,3.4276080267576767,3.3946012296944446,"Saint, The (1997)",Action|Romance|Sci-Fi|Thriller,120053,10003.0
3035,1.0716356872235222,1.0143228284245085,4.647412658799833,Mister Roberts (1955),Comedy|Drama|War,48380,37853.0
3219,-0.8581281761852382,2.314431939884668,3.220136392262355,Pacific Heights (1990),Mystery|Thriller,100318,2990.0
3693,-1.1454509345819912,1.2591122960199774,2.6811801189955187,"Toxic Avenger, The (1985)",Comedy|Horror,90190,15239.0
63082,-0.40725187449542527,10.277604572949427,3.551283916423656,Slumdog Millionaire (2008),Crime|Drama|Romance,1010048,12405.0
102407,-0.09424016846613628,1.717940495145584,3.536052610878244,"Great Gatsby, The (2013)",Drama,1343092,64682.0
6957,-0.9735844153755269,2.5773335550996275,3.213160384906661,Bad Santa (2003),Comedy|Crime,307987,10147.0
40278,0.02209779639327475,1.5119667937973011,3.6055243565908035,Jarhead (2005),Action|Drama|War,418763,25.0
56607,-0.10739819701659606,0.20646533659176985,3.0707336523125996,"Kite Runner, The (2007)",Drama,419887,7979.0
408,0.12148628499469848,0.27986369318150434,4.025,8 Seconds (1994),Drama,109021,18069.0
3259,-0.11071697139223594,0.8953966050083549,3.467257771736172,Far and Away (1992),Adventure|Drama|Romance,104231,11259.0
105250,0.06984555408233584,0.09709471643732787,4.310263929618769,"Century of the Self, The (2002)",Documentary,432232,51452.0
46948,0.029695301539767086,0.7425300652079495,3.630901143663818,Monster House (2006),Animation|Children|Fantasy|Mystery,385880,9297.0
113378,1.2660451558816392,0.8874673255175927,5.017491365522131,"Giver, The (2014)",Drama|Sci-Fi,435651,227156.0
149350,-0.39495002018845515,0.2586398362296078,2.0638820638820636,Lumberjack Man (2015),Comedy|Horror,3201722,356486.0
6012,-0.3610636597787424,0.8819796992995231,3.1815304396028274,"Guy Thing, A (2003)",Comedy|Romance,295289,9582.0
147328,0.18841453112728762,0.21322145999044154,4.4745656006043815,The Adventures of Sherlock Holmes and Dr. Watson: Bloody Signature (1979),Crime,80263,72093.0
1897,0.0733813169252284,0.20502540593113025,3.94882237776232,High Art (1998),Drama|Romance,139362,37636.0
5177,0.005990721983320733,0.2815639332160726,3.612185686653772,"Magnificent Ambersons, The (1942)",Drama|Romance,35015,965.0
3096,0.18280815671393652,0.13978414288596877,4.898698035632709,My Man Godfrey (1957),Comedy,50738,52470.0
1454,-0.04795877285546367,0.13108731247160058,3.225055432372505,SubUrbia (1997),Comedy|Drama,120238,28059.0
50802,-0.2577625465350532,0.3182724234480879,2.781028851388133,Because I Said So (2007),Comedy|Drama|Romance,490084,1257.0
2846,0.2097212581532135,0.4325752878044321,4.075729338541981,"Adventures of Milo and Otis, The (Koneko monogatari) (1986)",Adventure|Children|Comedy|Drama,97050,47951.0
5128,-0.17579316495053118,0.3236288627041105,3.047715373631604,Queen of the Damned (2002),Fantasy|Horror,238546,11979.0
2529,1.4874036313328478,7.549097985019112,3.7879397340779226,Planet of the Apes (1968),Action|Drama|Sci-Fi,63442,871.0
125,1.101940620003711,1.0308566662678456,4.659865286335581,Flirting With Disaster (1996),Comedy,116324,2074.0
3204,0.028065615805728104,1.6012534205402995,3.6084363701303013,"Boys from Brazil, The (1978)",Action|Mystery|Thriller,77269,16241.0
62,1.1549838892900564,19.61572274844192,3.6497896075284335,Mr. Holland's Opus (1995),Drama,113862,2054.0
106489,1.3008150692392644,2.3129089685966377,4.153324251601099,"Hobbit: The Desolation of Smaug, The (2013)",Adventure|Fantasy|IMAX,1170358,57158.0
3265,-1.1019302509891913,1.053129435239801,2.5445702325347845,Hard-Boiled (Lat sau san taam) (1992),Action|Crime|Drama|Thriller,104684,11782.0
7263,-0.17370273281753307,1.3486726967300713,3.4621137699697075,Miracle (2004),Drama,349825,14292.0
37731,0.41058198263794143,0.8575947890487008,4.06966897597484,Green Street Hooligans (a.k.a. Hooligans) (2005),Crime|Drama,385002,8923.0
1799,-0.6862016972380867,1.0130994391043966,2.9135800245296792,Suicide Kings (1997),Comedy|Crime|Drama|Mystery|Thriller,120241,10668.0
121,-0.056114223931199914,0.24082354437139974,3.357899382171227,"Boys of St. Vincent, The (1992)",Drama,106473,32119.0
1453,-0.43592499104044813,0.2897730276912027,2.0865420540122246,"Beautician and the Beast, The (1997)",Comedy|Romance,118691,17894.0
2505,-0.2074244684381649,2.843809895107865,3.517970154732312,8MM (1999),Drama|Mystery|Thriller,134273,8224.0
4654,-0.3293301533005676,0.6084358216731357,3.049635645839825,Road House (1989),Action|Drama,98206,10135.0
33781,-0.027249162354992026,0.09709471643732787,3.310263929618768,Quo Vadis (1951),Drama|Romance,43949,11620.0
1912,-2.8996611799911163,6.664011821287078,3.1557866364847706,Out of Sight (1998),Comedy|Crime|Drama|Romance|Thriller,120780,1389.0
2075,-0.22906733656271994,0.35522036249581196,2.9460492778249785,Mephisto (1981),Drama|War,82736,11911.0
40959,0.3260183408229713,0.24897538503286276,4.900349141699411,"Ice Harvest, The (2005)",Action|Comedy|Crime|Thriller,400525,9005.0
44788,0.10644776416241944,0.5074309307656052,3.800686930036502,This Film Is Not Yet Rated (2006),Documentary,493459,16070.0
4880,0.8221495779156689,2.2477727067558306,3.956670973969884,Life as a House (2001),Drama,264796,11457.0
5434,0.02762870537324901,0.2863425848848997,3.6873973774290816,"Sorry, Wrong Number (1948)",Drama|Film-Noir|Thriller,40823,21635.0
3267,0.0355033097044718,0.7631738669802499,3.637429695505986,"Mariachi, El (1992)",Action|Crime|Thriller|Western,104815,9367.0
58972,0.022249265457401166,0.05464477574879632,3.998070894622619,Nim's Island (2008),Adventure|Comedy|Fantasy,410377,10488.0
2551,-0.36410983333435476,1.2873451153756492,3.30807131183529,Dead Ringers (1988),Drama|Horror|Thriller,94964,9540.0
53466,-0.3261668144891051,0.6429136487763588,3.0835830835830835,Nancy Drew (2007),Adventure|Crime|Thriller,479500,14043.0
3906,-0.15689940192707857,0.3143157705820882,3.0917314593301435,Under Suspicion (2000),Crime|Thriller,164212,10562.0
3909,-0.8660964772084101,0.3645872947131095,1.215355993563958,Woman on Top (2000),Comedy|Romance,206420,14629.0
6380,-0.673736261919619,0.9698915506780178,2.8962579606372234,Capturing the Friedmans (2003),Documentary,342172,2260.0
3091,0.29596870703411793,0.40834185248557453,4.315715292459478,Kagemusha (1980),Drama|War,80979,11953.0
32770,0.02243466841810725,0.06012854450521054,3.964020873386432,Brothers (Brødre) (2004),Drama,386342,3875.0
103539,0.10872490489925193,0.35819291503816547,3.8944463758039283,The Spectacular Now (2013),Comedy|Drama|Romance,1714206,157386.0
480,6.6873949471698655,42.8206521965219,3.7470812789570123,Jurassic Park (1993),Action|Adventure|Sci-Fi|Thriller,107290,329.0
351,-1.9467007233256972,4.889112428023459,3.192738512509711,"Corrina, Corrina (1994)",Comedy|Drama|Romance,109484,10464.0
3591,-2.303177996317747,2.131647869996277,2.5104407693181665,Mr. Mom (1983),Comedy|Drama,85970,13105.0
8808,-0.8766731904956482,1.3473561425191907,2.940247277873892,"Princess Diaries 2: Royal Engagement, The (2004)",Comedy|Romance,368933,11130.0
6870,-2.0135162552060413,6.51530386329299,3.2818649852995083,Mystic River (2003),Crime|Drama|Mystery,327056,322.0
53129,0.013736396931802938,0.8765903683597158,3.606579348566047,Mr. Brooks (2007),Crime|Drama|Thriller,780571,3432.0
60074,-0.41108093923912753,3.7724965937553088,3.4819412153861284,Hancock (2008),Action|Adventure|Comedy|Crime|Fantasy,448157,8960.0
88140,1.6984550502164704,4.803305540896056,3.944510383967709,Captain America: The First Avenger (2011),Action|Adventure|Sci-Fi|Thriller|War,458339,1771.0
7569,0.3811298454157015,1.1456542128844802,3.9235835062164015,You Only Live Twice (1967),Action|Adventure|Sci-Fi|Thriller,62512,667.0
41566,0.7511868414618069,7.142662387496681,3.6960781162261447,"Chronicles of Narnia: The Lion, the Witch and the Wardrobe, The (2005)",Adventure|Children|Fantasy,363771,411.0
1592,-0.7040635492198402,1.2028484392579661,3.0055788645555737,Air Bud (1997),Children|Comedy,118570,20737.0
8810,-1.1077791986450114,1.0073592812785737,2.491222793048231,AVP: Alien vs. Predator (2004),Action|Horror|Sci-Fi|Thriller,370263,395.0
4067,-0.40701064698887035,0.3462284087378139,2.4153537733294623,Untamed Heart (1993),Drama|Romance,108451,26333.0
7700,0.11839291230099977,0.09709471643732787,4.810263929618769,"Wages of Fear, The (Salaire de la peur, Le) (1953)",Action|Adventure|Drama|Thriller,46268,204.0
4255,-0.033073905430133055,0.9917005375292418,3.5575583926100514,Freddy Got Fingered (2001),Comedy,240515,13166.0
52967,0.037412212064384505,0.16350522309619905,3.8197226502311246,Away from Her (2006),Drama,491747,1919.0
3576,-0.05874387346871812,1.5434214596280365,3.5528482792608744,"Hidden, The (1987)",Action|Horror|Sci-Fi,93185,12476.0
73822,-0.39495002018845515,0.2586398362296078,2.0638820638820636,Meantime (1984),Comedy|Drama,82727,57978.0
173253,-0.006990265844043497,0.2586398362296078,3.5638820638820636,Vir Das: Abroad Understanding (2017),Comedy,6822400,454361.0
25937,-0.14163187788311674,1.0075009434894684,3.4503316762690845,Easter Parade (1948),Musical|Romance,40308,29380.0
156,0.0023619584867967673,0.17950884499655528,3.604066985645933,Blue in the Face (1995),Comedy|Drama,112541,5894.0
55872,0.05638300447087127,0.9315929395293183,3.6514323109534144,August Rush (2007),Drama|Musical,426931,5123.0
7060,0.11138072241454365,0.4438728048816621,3.841838458938831,Jesus Christ Superstar (1973),Drama|Musical,70239,12545.0
7121,0.592252701644028,0.3645872947131095,5.215355993563958,Adam's Rib (1949),Comedy|Romance,41090,25431.0
181413,-0.47623693623964536,0.5992089150808684,2.796132971506106,Too Funny to Fail: The Life and Death of The Dana Carvey Show (2017),(no genres listed),7544820,482004.0
140359,0.12315488798850294,0.2930236990071276,4.011198945981555,Doctor Who: The Waters of Mars (2009),Adventure|Children|Sci-Fi,1413314,281979.0
2050,0.13113828741967554,0.5100277691091258,3.84802898782909,Herbie Goes Bananas (1980),Adventure|Children|Comedy,80861,12129.0
93363,-0.039476827596434644,0.5138883654385574,3.5140892400398367,John Carter (2012),Action|Adventure|Sci-Fi|IMAX,401729,49529.0
2812,0.11849315074353534,0.23698630148707067,4.090909090909091,In Too Deep (1999),Action|Thriller,160401,22314.0
219,-0.15140500080776512,0.30671722744282753,3.0972785176606834,"Cure, The (1995)",Drama,112757,6715.0
697,-0.5626513291221117,1.1203455597990357,3.0886967831073457,Feeling Minnesota (1996),Drama|Romance,116289,12656.0
1610,3.189654667226311,14.660738147291138,3.8084734887709857,"Hunt for Red October, The (1990)",Action|Adventure|Thriller,99810,1669.0
37741,-0.0034287294591938133,2.1074209883843493,3.589282112019684,Capote (2005),Crime|Drama,379725,398.0
42002,0.7036150300509812,0.8462076379277431,4.42240126672311,"Producers, The (2005)",Comedy|Musical,395251,9899.0
47099,0.5286715867547426,8.29193791502526,3.6546663925402054,"Pursuit of Happyness, The (2006)",Drama,454921,1402.0
71108,0.22132275597476128,0.28820758365585,4.358837377761681,"White Ribbon, The (Das weiße Band) (2009)",Drama|Mystery,1149362,37903.0
102903,0.6814926161780219,1.7500370329183728,3.980325202316494,Now You See Me (2013),Crime|Mystery|Thriller,1670345,75656.0
142488,0.6273109508639986,2.402611624683004,3.852004535723966,Spotlight (2015),Thriller,1895587,314365.0
1679,-0.2741684456098742,0.45138271021953535,2.9835122203543256,Chairman of the Board (1998),Comedy,118836,31535.0
1083,-0.16898223651268132,1.2924170562917254,3.4601600918224227,"Great Race, The (1965)",Comedy|Musical,59243,11575.0
65216,0.6176892963215979,0.9590035776522964,4.235003973050972,Defiance (2008),Drama|Thriller|War,1034303,13813.0
1099,-1.492042827566626,0.7771056393576178,1.6709090909090911,"Christmas Carol, A (1938)",Children|Drama|Fantasy,29992,25842.0
4686,-0.4382411013683102,0.27986369318150434,2.025,Weekend at Bernie's II (1993),Adventure|Comedy,108539,8494.0
7294,-0.19795899502083236,0.6120793589248991,3.267488619144544,Welcome to Mooseport (2004),Comedy,361925,16784.0
2408,-1.6298495626857616,1.723852797325596,2.6454399851859525,Cocoon: The Return (1988),Comedy|Sci-Fi,94890,11285.0
74228,-0.11345680950393296,0.19495395435887075,3.008941877794337,Triangle (2009),Drama|Horror|Mystery|Thriller,1187064,26466.0
4231,-0.1755167364923057,0.7339375445677574,3.351765123154077,Someone Like You (2001),Comedy|Romance,244970,12658.0
4069,-1.9696604219594835,3.332778157636009,2.9999125322432736,"Wedding Planner, The (2001)",Comedy|Romance,209475,2018.0
102747,-0.006990265844043497,0.2586398362296078,3.5638820638820636,"Rink, The (1916)",Comedy,7264,2077.0
140711,-1.6306833357243844,1.1302269960017557,2.1481163231792255,American Ultra (2015),Action|Comedy|Sci-Fi|Thriller,3316948,261392.0
5479,0.30736435870395623,0.8376949922656207,3.9578258822732866,K-19: The Widowmaker (2002),Action|Adventure|Drama|Thriller,267626,8665.0
6643,-0.13141765885837467,0.21322145999044154,2.9745656006043815,Tokyo Story (Tôkyô monogatari) (1953),Drama,46438,18148.0
26849,0.18841453112728762,0.21322145999044154,4.4745656006043815,"Stand, The (1994)",Adventure|Drama|Fantasy|Horror|Sci-Fi,108941,13519.0
27134,-0.024806928863153912,0.21322145999044154,3.4745656006043815,Dark Portals: The Chronicles of Vidocq  (Vidocq) (2001),Action|Crime|Fantasy,164961,9597.0
117444,-0.23802838885359545,0.21322145999044154,2.4745656006043815,Song of the Sea (2014),Animation|Children|Fantasy,1865505,110416.0
141818,0.08180380113206685,0.21322145999044154,3.9745656006043815,Ordinary Miracle (1978),Comedy|Drama|Fantasy|Romance,186408,27935.0
160271,0.2944341575020768,0.7112082233462195,4.004900588528129,Central Intelligence (2016),Action|Comedy,1489889,302699.0
165671,0.03443351777746714,0.02967852232720984,4.7511258091753445,Ice Guardians (2016),Documentary,4431208,413361.0
168418,-0.16293490310065387,1.0296785214430215,3.432670475936029,The Boss Baby (2017),Animation|Children|Comedy,3874544,295693.0
4951,-0.24743981887854335,1.042747458239056,3.353613073619911,Lord of the Flies (1990),Adventure|Drama|Thriller,100054,10847.0
3564,-2.6228330414096437,1.4837940340752986,1.823256046634523,"Flintstones in Viva Rock Vegas, The (2000)",Children|Comedy,158622,889.0
3106,-1.4462768355611408,0.8436614874106654,1.8766233766233764,Come See the Paradise (1990),Drama|Romance,99291,59820.0
110297,-0.0703715526198308,0.35819291503816547,3.3944463758039283,Muppets Most Wanted (2014),Adventure|Comedy|Crime,2281587,145220.0
2145,0.30648887706608663,4.35712340345355,3.6612511144614093,Pretty in Pink (1986),Comedy|Drama|Romance,91790,11522.0
2359,0.2185933995315164,3.73354736784664,3.649457537733161,Waking Ned Devine (a.k.a. Waking Ned) (1998),Comedy,166396,10162.0
95,-5.30983856552546,16.6983004095991,3.272922323676596,Broken Arrow (1996),Action|Adventure|Thriller,115759,9208.0
477,0.6200539061105576,4.218066713847198,3.737908640270182,What's Love Got to Do with It? (1993),Drama|Musical,108551,15765.0
1784,2.0503803942899435,14.845572055837133,3.7290230272786733,As Good as It Gets (1997),Comedy|Drama|Romance,119822,2898.0
5872,-2.0606527508941195,3.9228842233066414,3.06561886219131,Die Another Day (2002),Action|Adventure|Thriller,246460,36669.0
97024,-0.801672713724726,0.2885197427286932,0.8123376623376624,Rust and Bone (De rouille et d'os) (2012),Drama|Romance,2053425,97365.0
7318,-0.4558530284527612,1.3200214470239218,3.2455714984930637,"Passion of the Christ, The (2004)",Drama,335345,615.0
57528,-1.4450468407570791,1.9924644929250843,2.865653084647396,Rambo (Rambo 4) (2008),Action|Drama|Thriller|War,462499,7555.0
2123,-1.9921354082529692,2.331824368630119,2.7365842819513335,All Dogs Go to Heaven (1989),Animation|Children|Comedy|Drama|Fantasy,96787,11497.0
2133,-1.0389583338701798,2.202361976989477,3.1191617829164304,Adventures in Babysitting (1987),Adventure|Comedy,92513,14367.0
3868,0.18728818503680708,5.416794356486425,3.625484556158669,"Naked Gun: From the Files of Police Squad!, The (1988)",Action|Comedy|Crime|Romance,95705,37136.0
79185,-0.08538651493672694,0.8044636228744142,3.48476816357712,Knight and Day (2010),Action|Comedy|Romance,1013743,37834.0
33558,-0.0041655287207111365,0.20646533659176985,3.5707336523125996,"Snow Walker, The (2003)",Adventure|Drama,337721,14694.0
49822,-0.10866169558796103,1.0027597616374222,3.4825464503793935,"Good Shepherd, The (2006)",Drama|Thriller,343737,1247.0
50442,-0.7962202489589195,1.4942208922821538,3.058042596355641,Alpha Dog (2007),Crime|Drama,426883,7457.0
1687,-0.059965290188988746,1.9709045600778083,3.560483827604296,"Jackal, The (1997)",Action|Thriller,119395,4824.0
93326,0.23279596518757734,1.1922635006520823,3.786164556718666,This Means War (2012),Action|Comedy|Romance,1596350,59962.0
482,0.11560406447397961,0.9493090751052422,3.7126861469866004,Killing Zoe (1994),Crime|Drama|Thriller,110265,507.0
7163,-1.9185051469239516,2.3191197781345068,2.7636533514633292,Paycheck (2003),Action|Sci-Fi|Thriller,338337,9620.0
2009,0.06446208146514978,3.8276388820664033,3.607750303847744,Soylent Green (1973),Drama|Mystery|Sci-Fi|Thriller,70723,12101.0
968,-0.5292089660203876,2.248215731857815,3.3555184393264352,Night of the Living Dead (1968),Horror|Sci-Fi|Thriller,63350,10331.0
74668,-0.0075932241818363585,0.009909334509698407,2.8246392496392496,District 13: Ultimatum (Banlieue 13 - Ultimatum) (2009),Action|Sci-Fi,1247640,15357.0
4887,-1.871029371987648,1.1529537023942729,1.9680951235293178,"One, The (2001)",Action|Sci-Fi|Thriller,267804,10796.0
103075,0.03494875386403549,0.134171078052734,3.8513881328252584,"Purge, The (2013)",Crime|Horror|Thriller,2184339,158015.0
73160,0.2516495703855643,0.2586398362296078,4.563882063882064,Sorority Babes in the Slimeball Bowl-O-Rama (1988),Comedy|Horror,96142,27390.0
121007,-0.1363101839588474,0.2586398362296078,3.0638820638820636,Space Buddies (2009),Adventure|Children|Fantasy|Sci-Fi,1164647,14749.0
77427,0.18618359270379015,0.05464477574879632,6.998070894622619,"Human Centipede, The (First Sequence) (2009)",Horror,1467304,37169.0
126426,-0.024806928863153912,0.21322145999044154,3.4745656006043815,Solyaris (1968),Drama|Sci-Fi,1808482,321130.0
147326,0.18841453112728762,0.21322145999044154,4.4745656006043815,The Adventures of Sherlock Holmes and Doctor Watson: King of Blackmailers (1980),Crime|Mystery,459944,126846.0
4063,0.06453961875973005,0.1826592983765944,3.9442424242424243,Prelude to a Kiss (1992),Comedy|Drama|Romance,105165,2613.0
4187,0.15741636865500963,0.3143157705820882,4.091731459330143,Lilies of the Field (1963),Drama,57251,38805.0
57243,-0.024688019944010618,0.11154585132486813,3.3695828860275774,"Band's Visit, The (Bikur Ha-Tizmoret) (2007)",Comedy|Drama,1032856,5259.0
6290,-0.4014315236527926,0.5816227791460838,2.900716859713884,House of 1000 Corpses (2003),Horror,251736,2662.0
4533,0.051108866161582965,0.19350923728126776,3.855024989868972,"Return of the Living Dead, The (1985)",Comedy|Horror|Sci-Fi,89907,10925.0
2139,-0.47865949920103734,4.403760904555079,3.4822157468390413,"Secret of NIMH, The (1982)",Adventure|Animation|Children|Drama,84649,11704.0
2948,1.0881574119271067,6.817709652045911,3.7505165643075165,From Russia with Love (1963),Action|Adventure|Thriller,57076,657.0
2541,0.03891755792232153,4.389432114209325,3.59977528519339,Cruel Intentions (1999),Drama,139134,796.0
34405,2.0107347070811326,5.795705978862048,3.937844341664501,Serenity (2005),Action|Adventure|Sci-Fi,379786,16320.0
46965,-2.0374234054655305,1.6777106600411946,2.376502188698966,Snakes on a Plane (2006),Action|Comedy|Horror|Thriller,417148,326.0
2453,0.17721426460966114,0.45138271021953535,3.9835122203543256,"Boy Who Could Fly, The (1986)",Drama|Fantasy,90768,24086.0
2860,-1.5164329659633409,1.9106912623579833,2.7972523679009416,Blue Streak (1999),Comedy,181316,11001.0
29,-1.6379192146172517,7.467285227103255,3.3715630816429307,"City of Lost Children, The (Cité des enfants perdus, La) (1995)",Adventure|Drama|Fantasy|Mystery|Sci-Fi,112682,902.0
741,3.2107025217502345,3.985579585814546,4.396488920045548,Ghost in the Shell (Kôkaku kidôtai) (1995),Animation|Sci-Fi,113568,9323.0
5312,-1.0048218155244935,1.1202825071552829,2.693972997462427,Murder by Numbers (2002),Crime|Thriller,264935,11892.0
97304,1.5912652831759186,3.846603187223179,4.004589734772082,Argo (2012),Drama|Thriller,1024648,68734.0
174403,-0.027249162354992026,0.09709471643732787,3.310263929618768,The Putin Interviews (2017),(no genres listed),6840134,461805.0
5672,-1.256326720696083,0.38352150742337915,0.3151430741959991,Pokemon 4 Ever (a.k.a. Pokémon 4: The Movie) (2002),Adventure|Animation|Children|Fantasy,313487,12600.0
87430,0.5359590813847528,1.5220871251303092,3.9430302491107727,Green Lantern (2011),Action|Adventure|Sci-Fi,1133985,44912.0
4499,0.1130574531883981,1.7712817298328396,3.6547371377320363,Dirty Rotten Scoundrels (1988),Comedy,95031,10141.0
59258,0.03723331221754876,1.5774407055463995,3.6145127116896587,Baby Mama (2008),Comedy,871426,8780.0
70990,0.0072707775827112525,0.009909334509698407,4.324639249639249,If These Walls Could Talk (1996),Drama,116607,35203.0
53460,0.0437845572241676,0.8827619850672825,3.640508595605513,Surf's Up (2007),Animation|Children|Comedy,423294,9408.0
7419,-0.12609301103181456,0.16350522309619905,2.8197226502311246,After Hours (1985),Comedy|Thriller,88680,10843.0
8804,0.11916482361248402,0.16350522309619905,4.319722650231125,"Story of Women (Affaire de femmes, Une) (1988)",Drama,96336,41975.0
5888,0.18841453112728762,0.21322145999044154,4.4745656006043815,Brother (Brat) (1997),Crime|Drama,118767,20992.0
147250,0.18841453112728762,0.21322145999044154,4.4745656006043815,The Adventures of Sherlock Holmes and Doctor Watson,(no genres listed),229922,127605.0
74532,-0.09312759217861272,0.2231877596084776,3.1736478918989848,Cop Out (2010),Action|Comedy|Crime,1385867,23742.0
81782,0.030776300952305175,0.861736426664548,3.6266233766233764,Unstoppable (2010),Action|Drama|Thriller,477080,44048.0
390,-0.017581628068843835,0.7101503581186612,3.5661514774433716,Faster Pussycat! Kill! Kill! (1965),Action|Crime|Drama,59170,315.0
5498,0.40080142469758206,0.40536541607612603,4.579650134921373,Red Beard (Akahige) (1965),Drama,58888,3780.0
173235,-0.47623693623964536,0.5992089150808684,2.796132971506106,Tokyo Idols (2017),Documentary,6039532,433092.0
2165,0.008841698165498341,0.02236610755453587,3.9862258953168044,Your Friends and Neighbors (1998),Comedy|Drama,119517,77469.0
32019,-0.022346664332241025,0.08917974377033226,3.3403290445053786,Be Cool (2005),Comedy|Crime|Musical,377471,4551.0
109042,-0.4285644676579963,0.35819291503816547,2.3944463758039283,Knights of Badassdom (2013),Adventure|Comedy|Fantasy,1545660,74461.0
1439,-0.013978733598475934,0.3236288627041105,3.547715373631604,Meet Wally Sparks (1997),Comedy,119644,40506.0
2291,-1.3151944176754624,9.060077894680427,3.445745392212011,Edward Scissorhands (1990),Drama|Fantasy|Romance,99487,162.0
5181,-1.5709105189338413,0.7316768965633558,1.4439087874796432,Hangar 18 (1980),Action|Sci-Fi|Thriller,80836,54287.0
3911,-1.1619698066102078,6.933328772638541,3.4233171816380685,Best in Show (2000),Comedy,218839,13785.0
6377,6.840812570072694,21.436799975767713,3.910024470900768,Finding Nemo (2003),Adventure|Animation|Children|Comedy,266543,12.0
103335,1.6278942814596946,3.091416108528214,4.117494391726041,Despicable Me 2 (2013),Animation|Children|Comedy|IMAX,1690953,93456.0
4878,-0.6897950739834955,16.096075555696075,3.548054230319213,Donnie Darko (2001),Drama|Mystery|Sci-Fi|Thriller,246578,141.0
1221,4.5318327404223355,20.619575447080873,3.8106921195196004,"Godfather: Part II, The (1974)",Crime|Drama,71562,240.0
558,-0.11551192367868707,1.4746259063669882,3.5125760552693794,"Pagemaster, The (1994)",Action|Adventure|Animation|Children|Fantasy,110763,15139.0
3177,-0.34166103546921167,0.7116352973624607,3.110802164319709,Next Friday (2000),Comedy,195945,10471.0
4084,-0.9600043348955455,2.364688861517254,3.18493418633768,Beverly Hills Cop II (1987),Action|Comedy|Crime|Thriller,92644,96.0
137337,0.08974653223986225,0.20103223221729136,4.037337662337662,Amy (2015),Documentary,2870648,331781.0
1289,-0.09662858999128578,0.9621199782851173,3.490476096924789,Koyaanisqatsi (a.k.a. Koyaanisqatsi: Life Out of Balance) (1983),Documentary,85809,11314.0
2125,0.03692471178256501,1.2803797609963419,3.6197479658330676,Ever After: A Cinderella Story (1998),Comedy|Drama|Romance,120631,9454.0
56336,0.012225444837560457,0.009909334509698407,4.824639249639249,Wrong Turn 2: Dead End (2007),Action|Horror|Thriller,804555,13186.0
72591,-0.002638556926987155,0.009909334509698407,3.3246392496392496,"Patriot, The (1998)",Action|Thriller,120786,6058.0
128520,0.39389517712139,0.7270665346668905,4.132668556295371,The Wedding Ringer (2015),Comedy,884732,252838.0
464,0.2315328222381467,1.2021628267179203,3.783505981357172,Hard Target (1993),Action|Adventure|Crime|Thriller,107076,2019.0
81819,-0.03239551029139515,0.05464477574879632,2.998070894622619,Biutiful (2010),Drama,1164999,45958.0
528,0.05898443928561031,0.26753656390258956,3.8113815318539728,"Scout, The (1994)",Comedy|Drama,111094,35233.0
2749,0.06453961875973005,0.1826592983765944,3.9442424242424243,"Morning After, The (1986)",Drama|Mystery,91554,31924.0
91947,-0.43636832245800494,0.6815297010190097,2.950631313131313,"Revenant, The (2009)",Comedy|Horror,1336006,79896.0
8695,0.22766540693091847,0.3645872947131095,4.215355993563958,"Bachelor and the Bobby-Soxer, The (1947)",Comedy,39169,27437.0
77795,-0.16986881101862467,0.2930236990071276,3.0111989459815547,Cargo (2009),Sci-Fi,381940,34069.0
184053,-0.609404359529316,0.2930236990071276,1.5111989459815547,Battle Planet (2008),Action|Sci-Fi,1016024,17571.0
4945,-0.2063636354123896,0.6485714255817956,3.2727272727272725,"Enforcer, The (1976)",Crime,74483,10649.0
98239,-0.4285644676579963,0.35819291503816547,2.3944463758039283,Red Dawn (2012),Action|War,1234719,60747.0
1587,-3.4883465838776013,5.494038730660788,2.9559760744361534,Conan the Barbarian (1982),Action|Adventure|Fantasy,82198,9387.0
3253,0.017480169398635254,8.406240677213493,3.592988518571211,Wayne's World (1992),Comedy,105793,8872.0
21,-1.3296081401820006,17.676266751728743,3.515689127392079,Get Shorty (1995),Comedy|Crime|Thriller,113161,8012.0
710,-0.5962142406708897,1.0154961257309438,3.003792876909022,Celtic Pride (1996),Comedy,115851,23449.0
653,-5.078966371008056,12.090373341455239,3.1708255891371984,Dragonheart (1996),Action|Adventure|Fantasy,116136,8840.0
73499,-0.0668848276810887,0.28820758365585,3.3588373777616805,MacGyver: Lost Treasure of Atlantis (1994),Action|Adventure,110419,81895.0
99728,0.04184007721816324,0.6464004986940155,3.6556368832030275,Gangster Squad (2013),Action|Crime|Drama,1321870,82682.0
1409,0.43437407137051726,4.3886707608189734,3.6898853174350146,Michael (1996),Comedy|Drama|Fantasy|Romance,117038,2928.0
3064,-0.47519374331693043,1.0648876264975742,3.14467069777474,Poison Ivy: New Seduction (1997),Drama|Thriller,119908,18222.0
168248,0.07019272188773956,0.33854564639375473,3.798245155145758,John Wick: Chapter Two (2017),Action|Crime|Thriller,4425200,324552.0
1393,-0.40682445432880693,14.300454718315857,3.5624607329832587,Jerry Maguire (1996),Drama|Romance,116695,9390.0
1177,-0.2713766350523646,1.4836822011053814,3.4080015687657492,Enchanted April (1992),Drama|Romance,101811,26561.0
1801,0.22469168564738326,2.556015426987024,3.6788161055831945,"Man in the Iron Mask, The (1998)",Action|Adventure|Drama,120744,9313.0
87869,-0.6745433362166622,3.809495951535969,3.4138401702964596,Horrible Bosses (2011),Comedy|Crime,1499658,51540.0
4502,-0.5979878431990294,0.28829892200080265,1.516715267883403,Ernest Saves Christmas (1988),Children|Comedy,95107,26386.0
110501,0.31446555690624683,0.5935037329742509,4.120755053849125,The Raid 2: Berandal (2014),Action|Crime|Thriller,2265171,180299.0
45726,-0.15747625786921457,0.29259831556129845,3.0527096225795347,"You, Me and Dupree (2006)",Comedy,463034,1819.0
52458,-0.3431956852429392,1.0153785253125733,3.252911313048573,Disturbia (2007),Drama|Thriller,486822,8271.0
78467,0.012225444837560457,0.009909334509698407,4.824639249639249,Jonah Hex (2010),Action|Drama|Thriller|Western,1075747,20533.0
214,0.09050389528845118,0.2914026518628154,3.901489295687248,Before the Rain (Pred dozhdot) (1994),Drama|War,110882,19155.0
3599,-0.006990265844043497,0.2586398362296078,3.5638820638820636,Anchors Aweigh (1945),Comedy|Musical,37514,17889.0
64116,-0.006990265844043497,0.2586398362296078,3.5638820638820636,Igor (2008),Animation|Comedy,465502,14248.0
121097,-0.2656301020736513,0.2586398362296078,2.5638820638820636,To Grandmother's House We Go (1992),Adventure|Children|Comedy,105606,50327.0
4678,0.44454319468949016,0.9493780378749985,4.059155855585168,UHF (1989),Comedy,98546,11959.0
6461,0.3814790426916742,0.5125003591385,4.3352579208941675,"Unforgiven, The (1960)",Drama|Western,54428,6643.0
121374,0.03443351777746714,0.02967852232720984,4.7511258091753445,Bill Burr: Why Do I Do This? (2008),Comedy,1254947,32836.0
178323,0.0047549954502573,0.02967852232720984,3.7511258091753445,Gaga: Five Foot Two (2017),Documentary,7291268,472424.0
4792,-0.4110628723818792,0.8516610310352194,3.1082489040478696,13 Ghosts (1960),Horror,53559,29756.0
6483,-1.048390124564965,0.3645872947131095,0.715355993563958,From Justin to Kelly (2003),Musical|Romance,339034,31246.0
6368,0.5001396332769052,0.40834185248557453,4.815715292459478,Cinemania (2002),Documentary,281724,51230.0
3713,-0.07580228502820839,0.5326107921718857,3.4485869935308138,"Long Walk Home, The (1990)",Drama,100046,51763.0
1552,-5.578202318720777,9.668541885734248,3.0139655988452763,Con Air (1997),Action|Adventure|Thriller,118880,1701.0
1079,3.673449779622234,10.497161985975229,3.940856037000821,"Fish Called Wanda, A (1988)",Comedy|Crime,95159,623.0
1283,2.3304365747076274,2.7944984981581964,4.4248464060458055,High Noon (1952),Drama|Western,44706,288.0
2843,1.1218972309356006,2.0400959656162483,4.140832844420711,"Black Cat, White Cat (Crna macka, beli macor) (1998)",Comedy|Romance,118843,1075.0
166528,1.1856751243421946,3.111510113471771,3.9719700809436813,Rogue One: A Star Wars Story (2016),Action|Adventure|Fantasy|Sci-Fi,3748528,330459.0
66934,0.6813407779813199,2.1519644493590784,3.9075224895106544,Dr. Horrible's Sing-Along Blog (2008),Comedy|Drama|Musical|Sci-Fi,1227926,14301.0
1345,0.3248309300585206,6.938204919858412,3.637726810162207,Carrie (1976),Drama|Fantasy|Horror|Thriller,74285,7340.0
1648,-0.2741684456098742,0.45138271021953535,2.9835122203543256,"House of Yes, The (1997)",Comedy|Drama,119324,33344.0
1911,-1.3104223317905273,5.9803577460474955,3.371788030357721,Dr. Dolittle (1998),Comedy,118998,3050.0
3246,0.03426737563421123,1.7031310673626268,3.6110293131814,Malcolm X (1992),Drama,104797,1883.0
5093,-0.3843606086677517,1.0742915552698773,3.233128554720109,Collateral Damage (2002),Action|Thriller,233469,9884.0
550,0.10057100018274406,0.46252299155809873,3.808349092851375,Threesome (1994),Comedy|Romance,111418,10635.0
90746,0.08122945266392571,0.4558255804246443,3.769112017976617,"Adventures of Tintin, The (2011)",Action|Animation|Mystery|IMAX,983193,17578.0
56801,-0.8092965696757386,0.7873860394917449,2.5630821685545406,AVPR: Aliens vs. Predator - Requiem (2007),Action|Horror|Sci-Fi,758730,440.0
2922,-0.15962250217504012,1.4208213409414299,3.478563859615426,Hang 'Em High (1968),Crime|Drama|Western,61747,4929.0
113741,-0.11158330427299766,0.8764836553778804,3.46360117867553,Coherence (2013),Drama|Mystery|Sci-Fi|Thriller,2866360,220289.0
184471,-0.5190777249314551,0.4310714953719649,2.386752169135474,Tomb Raider (2018),Action|Adventure|Fantasy,1365519,338970.0
33779,-0.0013540636103403056,0.0009890868959628648,2.2219054008721906,Eddie Izzard: Dress to Kill (1999),Comedy,184424,13589.0
30822,0.17918398397429894,0.338155128803195,4.120796023597263,In Good Company (2004),Comedy|Drama,385267,1901.0
139640,-0.39495002018845515,0.2586398362296078,2.0638820638820636,Ooops! Noah is Gone... (2015),Animation,3411432,326215.0
2868,-0.05462217395069268,0.13805604405120123,3.195256916996047,Fright Night Part II (1988),Horror,97390,18086.0
87194,0.3249809730691615,0.29076231676189046,4.708595098808434,The Way (2010),Adventure|Comedy|Drama,1441912,59468.0
133716,0.08180380113206685,0.21322145999044154,3.9745656006043815,Bootleggers (1961),Comedy|Crime,55400,42279.0
1465,0.15741636865500963,0.3143157705820882,4.091731459330143,Rosewood (1997),Action|Drama,120036,25624.0
4406,0.48214572893535823,1.1276798404637567,4.018464600580237,"Man Who Shot Liberty Valance, The (1962)",Crime|Drama|Western,56217,11697.0
106144,0.0031203290079379093,0.03439295973193781,3.681634897360704,"Selfish Giant, The (2013)",Drama,2304426,194101.0
3165,-0.36195221333842365,0.47511072114872316,2.8290820109743438,Boiling Point (1993),Action|Drama,106455,22213.0
1327,-0.5586746988150169,0.4325752878044321,2.299400503697344,"Amityville Horror, The (1979)",Drama|Horror|Mystery|Thriller,78767,11449.0
7024,-0.045645752479050915,0.19350923728126776,3.355024989868972,"Salo, or The 120 Days of Sodom (Salò o le 120 giornate di Sodoma) (1976)",Drama,73650,5336.0
57536,0.051108866161582965,0.19350923728126776,3.855024989868972,Strange Wilderness (2008),Comedy,489282,14220.0
5723,-0.023963986110096768,0.026243169571654894,2.677757726144823,Continental Divide (1981),Comedy|Romance,82200,26560.0
492,0.5532044266348424,0.6932740965210722,4.388868266667834,Manhattan Murder Mystery (1993),Comedy|Mystery,107507,10440.0
1179,-1.2620113742459917,4.483514203300985,3.30943092065665,"Grifters, The (1990)",Crime|Drama|Film-Noir,99703,18129.0
352,-0.15140500080776512,0.30671722744282753,3.0972785176606834,Crooklyn (1994),Comedy|Drama,109504,34152.0
3869,-2.643898786313603,5.06222821126355,3.0686294393455995,"Naked Gun 2 1/2: The Smell of Fear, The (1991)",Comedy,102510,37137.0
122922,0.42977346644401326,3.7387603439493775,3.7058598839278347,Doctor Strange (2016),Action|Adventure|Sci-Fi,1211837,284052.0
338,-2.32866989226021,3.6622873628965094,2.955057869660723,Virtuosity (1995),Action|Sci-Fi|Thriller,114857,9271.0
798,-0.16888092312097475,3.177038529438502,3.537752378594739,Daylight (1996),Action|Adventure|Drama|Thriller,116040,11228.0
866,1.6007835953305984,4.524861752208513,3.9446842299062728,Bound (1996),Crime|Drama|Romance|Thriller,115736,9303.0
2870,0.7654834935686838,0.9264934313682585,4.417124871455108,Barefoot in the Park (1967),Comedy,61385,17887.0
3063,-0.24962732075778607,0.8023209462657026,3.279777589332766,Poison Ivy (1992),Drama|Thriller,105156,9264.0
3477,1.0627339625261083,1.7600871929906012,4.194705293028143,Empire Records (1995),Comedy|Drama,112950,13531.0
136016,0.02129669123187942,0.08168341312313925,3.8516314385388877,The Good Dinosaur (2015),Adventure|Animation|Children|Comedy|Fantasy,1979388,105864.0
5292,-0.39685549610029847,0.5431472147283939,2.860249915387497,Slap Shot (1977),Comedy,76723,11590.0
2943,0.7107631940084634,0.620190796073108,4.736948662132716,Indochine (1992),Drama|Romance,104507,2731.0
3385,0.18629451188045004,1.018051221058872,3.773900386461672,Volunteers (1985),Comedy,90274,19259.0
122898,0.7843669239083804,0.891257585877067,4.470976690150338,Justice League (2017),Action|Adventure|Sci-Fi,974015,141052.0
142602,-0.17289123701098383,0.09709471643732787,1.8102639296187681,"F*ck You, Goethe 2 (2015)",Comedy,3702996,329263.0
53000,-1.4348064099334272,3.1391987401872448,3.1338477422390016,28 Weeks Later (2007),Horror|Sci-Fi|Thriller,463854,1562.0
6944,0.8222452998935394,2.2479443770494125,3.9566856235886028,Father of the Bride (1991),Comedy,101862,11846.0
1337,0.15246189212610917,0.13805604405120123,4.695256916996048,"Body Snatcher, The (1945)",Drama|Horror|Thriller,37549,30346.0
65802,-0.46555996284600576,0.6577128849576861,2.88306228800518,Paul Blart: Mall Cop (2009),Action|Comedy|Crime,1114740,14560.0
7036,-0.3261668144891051,0.6429136487763588,3.0835830835830835,Teen Wolf (1985),Comedy|Fantasy,90142,11824.0
27815,0.03236809557508846,0.5751585101287388,3.647185917218839,"Chorus, The (Choristes, Les) (2004)",Drama,372824,5528.0
157312,-0.01008426571334762,0.02967852232720984,3.2511258091753445,The Boss (2016),Comedy,2702724,323676.0
5637,0.01906002771787099,0.16602731245762367,3.705709646526925,Flirting (1991),Drama,101898,21828.0
78893,-0.08063168307917713,0.24487519417072423,3.2616324430549124,"Last Airbender, The (2010)",Action|Adventure|Fantasy,938283,10196.0
2178,-0.728682169625969,0.9999999987420213,2.862226920366455,Frenzy (1972),Thriller,68611,573.0
1042,-0.9334978270693766,6.264982509095457,3.441906627500114,That Thing You Do! (1996),Comedy|Drama,117887,9591.0
1348,-0.8253174528274657,1.9225235715415452,3.161620490735675,"Nosferatu (Nosferatu, eine Symphonie des Grauens) (1922)",Horror,13442,653.0
195,-0.14994003176648527,1.0188875337216627,3.443748558657996,Something to Talk About (1995),Comedy|Drama|Romance,114496,18402.0
256,-1.0434650742130567,6.462029777722088,3.4294327266542535,Junior (1994),Comedy|Sci-Fi,110216,6280.0
678,0.21613863528995514,1.1700059332617203,3.775642030414285,Some Folks Call It a Sling Blade (1993),Drama|Thriller,108181,27768.0
3275,2.071552609161008,6.034330826241227,3.9342035951070606,"Boondock Saints, The (2000)",Action|Crime|Drama|Thriller,144117,8374.0
8361,-1.053839408069155,3.0693947907393233,3.247571240969195,"Day After Tomorrow, The (2004)",Action|Adventure|Drama|Sci-Fi|Thriller,319262,435.0
44199,0.646089155023762,5.7375994477736105,3.7035152707068923,Inside Man (2006),Crime|Drama|Thriller,454848,388.0
107846,-0.0668848276810887,0.28820758365585,3.3588373777616805,MacGyver: Trail to Doomsday (1994),Action|Adventure,110420,13632.0
911,1.368164783229481,2.493521872362452,4.139596791784653,Charade (1963),Comedy|Crime|Mystery|Romance|Thriller,56923,4808.0
933,1.4641568897424058,1.9655483147266022,4.3358192408008085,To Catch a Thief (1955),Crime|Mystery|Romance|Thriller,48728,381.0
1257,-0.586018110711513,4.020375996707197,3.445147074821173,Better Off Dead... (1985),Comedy|Romance,88794,13667.0
2016,0.1423174193200239,0.6904487607426997,3.797032162470457,"Apple Dumpling Gang Rides Again, The (1979)",Children|Comedy|Western,78790,22328.0
103141,0.5513941287352534,3.4782801539171957,3.7494340240184267,Monsters University (2013),Adventure|Animation|Comedy,1453405,62211.0
109723,-0.0195450153296902,0.08168341312313925,3.3516314385388877,"Bag Man, The (2014)",Crime|Drama|Thriller,2212008,242076.0
714,0.965443272560749,2.435441215149894,3.9873232053435173,Dead Man (1995),Drama|Mystery|Western,112817,922.0
6281,-0.9732947652677963,2.856959682231939,3.2502340819753175,Phone Booth (2002),Drama|Thriller,183649,1817.0
58293,-1.0152814342339282,2.2919965946447305,3.147940965822805,"10,000 BC (2008)",Adventure|Romance|Thriller,443649,7840.0
5810,-2.589304585564204,7.049931572777056,3.223628279906234,8 Mile (2002),Drama,298203,65.0
115203,0.021298195863671907,0.09709471643732787,3.810263929618768,"Culture High, The (2014)",Documentary,1778338,295538.0
2615,0.003796413184631864,0.6225875579465435,3.5970068889395455,My Science Project (1985),Adventure|Sci-Fi,89652,18252.0
3507,0.6205052817513784,1.6501629746409092,3.9669357569336428,"Odd Couple, The (1968)",Comedy,63374,11356.0
1185,0.04616349580473616,0.4549078749590144,3.6923878701210255,My Left Foot (1989),Drama,97937,10161.0
7889,-0.04434039948371502,0.16350522309619905,3.3197226502311246,Pat Garrett and Billy the Kid (1973),Western,70518,11577.0
1131,0.20538590642875715,1.6505656478636244,3.7153427398794268,Jean de Florette (1986),Drama|Mystery,91288,4480.0
6271,0.3809694885003682,0.2586398362296078,5.063882063882064,Day for Night (La Nuit Américaine) (1973),Comedy|Drama|Romance,70460,1675.0
42013,0.15109185410010234,0.5413288172812079,3.8700219873164023,"Ringer, The (2005)",Comedy,267891,9927.0
124404,-0.39495002018845515,0.2586398362296078,2.0638820638820636,"Snowflake, the White Gorilla (2011)",Adventure|Animation|Children|Comedy,1429433,85439.0
102666,0.08180380113206685,0.21322145999044154,3.9745656006043815,Ivan Vasilievich: Back to the Future (Ivan Vasilievich menyaet professiyu) (1973),Adventure|Comedy,70233,20803.0
148652,-0.41269083465965006,0.41449396629552526,2.595259290869757,The Ridiculous 6 (2015),Comedy|Western,2479478,347969.0
152970,0.16094525974583468,1.074115575789113,3.740748887830008,Hunt for the Wilderpeople (2016),Adventure|Comedy,4698684,371645.0
2330,-0.017973264126776037,0.3078071027877275,3.5325177673691304,Hands on a Hard Body (1996),Comedy|Documentary,116481,18603.0
85885,-0.28756214492097504,0.23611754101309415,2.3730319959370236,Room in Rome (Habitación en Roma) (2010),Drama|Romance,1263750,48650.0
47382,1.1488222983917091,0.7877638617543147,5.049242424242425,Step Up (2006),Drama|Romance,462590,9762.0
1936,0.22766540693091847,0.3645872947131095,4.215355993563958,Mrs. Miniver (1942),Drama|War,35093,27367.0
43560,0.22766540693091847,0.3645872947131095,4.215355993563958,Nanny McPhee (2005),Children|Comedy|Fantasy,396752,11283.0
52694,-0.13692188778219105,0.3645872947131095,3.215355993563958,Mr. Bean's Holiday (2007),Comedy,453451,1268.0
4275,-0.612612115492733,0.40536541607612603,2.079650134921373,Krull (1983),Action|Adventure|Fantasy|Sci-Fi,85811,849.0
4723,-0.5777930997441589,0.4717301316324356,2.3660708603201535,"Deep End, The (2001)",Drama,250323,24936.0
1602,-0.36195221333842365,0.47511072114872316,2.8290820109743438,Leave It to Beaver (1997),Comedy,119509,37244.0
43556,-0.06693653621740715,0.08917974377033226,2.8403290445053786,Annapolis (2006),Drama,417433,13275.0
95583,-0.24946801013891354,0.35819291503816547,2.8944463758039283,Savages (2012),Crime|Drama|Thriller,1615065,82525.0
1604,-0.045645752479050915,0.19350923728126776,3.355024989868972,Money Talks (1997),Action|Comedy,119695,9416.0
3302,-0.023963986110096768,0.026243169571654894,2.677757726144823,Beautiful People (1999),Comedy,159272,61416.0
345,4.096096971078793,6.549394097112977,4.216325260762785,"Adventures of Priscilla, Queen of the Desert, The (1994)",Comedy|Drama,109045,2759.0
1188,0.7813907274829942,3.558319479627892,3.8105045296988385,Strictly Ballroom (1992),Comedy|Romance,105488,10409.0
490,-1.0883360512485802,2.6749802431596192,3.184051487369161,Malice (1993),Thriller,107497,2246.0
115149,0.8306653505257446,1.7905745434275793,4.054819042926869,John Wick (2014),Action|Thriller,2911666,245891.0
3466,0.1978957674968379,1.5176322400917615,3.721306800096445,Heart and Souls (1993),Comedy|Fantasy,107091,12187.0
94777,-0.7617826170998765,1.8712390068399052,3.183808440315903,Men in Black III (M.III.B.) (M.I.B.³) (2012),Action|Comedy|Sci-Fi|IMAX,1409024,41154.0
1792,-2.91864649501387,3.774447157332116,2.8176444581418245,U.S. Marshals (1998),Action|Crime|Thriller,120873,11808.0
137857,-0.4511159867137118,2.3317712859691855,3.3974441531477493,The Jungle Book (2016),Adventure|Drama|Fantasy,3040964,278927.0
68554,-0.4162612521766694,2.2115016051541416,3.4026834747908263,Angels & Demons (2009),Crime|Drama|Mystery|Thriller,808151,13448.0
8677,-2.4981268623760977,0.7199079668529553,0.1208448918746714,Flash Gordon Conquers the Universe (1940),Action|Sci-Fi,32475,68064.0
50806,0.022134779347258864,0.009909334509698407,5.824639249639249,Norbit (2007),Comedy|Romance,477051,9757.0
51709,0.04847030923459581,0.20341857179096617,3.82918777317417,"Host, The (Gwoemul) (2006)",Comedy|Drama|Horror|Sci-Fi|Thriller,468492,1255.0
5812,-0.22180151678569696,1.7140655297696463,3.461508252415183,Far from Heaven (2002),Drama|Romance,297884,10712.0
287,-0.2008987565743642,0.2914026518628154,2.901489295687248,Nina Takes a Lover (1994),Comedy|Romance,110671,131957.0
8266,-0.2598194926327413,0.21777112147952518,2.397823934036399,Purple Rain (1984),Drama|Musical,87957,13763.0
111622,0.08391797603609802,0.571414375028607,3.737769197520684,Begin Again (2013),Comedy|Romance,1980929,198277.0
118985,-0.024806928863153912,0.21322145999044154,3.4745656006043815,Big Eyes (2014),Drama,1126590,87093.0
134095,0.18841453112728762,0.21322145999044154,4.4745656006043815,My Love (2006),Animation|Drama,874952,104522.0
87529,-0.4509604716699578,0.9251985598543742,3.103488885952288,Your Highness (2011),Action|Adventure|Comedy|Fantasy,1240982,38319.0
129737,-0.02492352687695254,0.02967852232720984,2.7511258091753445,Unfinished Business (2015),Comedy,2358925,239573.0
6950,0.05136734952554851,0.5078250078633559,3.692060764674969,"Missing, The (2003)",Adventure|Thriller|Western,338188,12146.0
49524,0.00025848336396554043,0.3143157705820882,3.5917314593301435,"Nativity Story, The (2006)",Drama,762121,2447.0
2130,0.37832370080178046,1.6723949337998758,3.8171258134999593,Atlantic City (1980),Crime|Drama|Romance,80388,23954.0
8571,-0.02686805761501663,0.13978414288596877,3.398698035632709,Bob & Carol & Ted & Alice (1969),Comedy|Drama,64100,26520.0
4735,-0.41187881620809424,1.1297385667732174,3.2263302154755373,Ghosts of Mars (2001),Horror|Sci-Fi|Thriller,228333,10016.0
4699,-0.004563991378543954,0.40536541607612603,3.579650134921373,Original Sin (2001),Drama|Romance|Thriller,218922,2057.0
165639,-0.17663247869921114,0.5992089150808684,3.296132971506106,While You Were Fighting: A Thor Mockumentary (2016),Comedy|Fantasy|Sci-Fi,6016776,413279.0
3627,0.5001396332769052,0.40834185248557453,4.815715292459478,Carnival of Souls (1962),Horror|Thriller,55830,16093.0
5784,-1.4833857869762315,1.114397065546708,2.259798454640049,Ghost Ship (2002),Horror,288477,9645.0
47810,-0.9658538402152445,0.35819291503816547,0.8944463758039283,"Wicker Man, The (2006)",Horror|Mystery|Thriller,450345,9708.0
95873,-0.0703715526198308,0.35819291503816547,3.3944463758039283,Ruby Sparks (2012),Comedy|Fantasy|Romance,1839492,103332.0
173941,-0.24946801013891354,0.35819291503816547,2.8944463758039283,Atomic Blonde (2017),Thriller,2406566,341013.0
5241,-0.023963986110096768,0.026243169571654894,2.677757726144823,Seems Like Old Times (1980),Comedy|Romance,81480,28124.0
1920,-3.7990514191199654,4.855568426534649,2.8084978291587763,Small Soldiers (1998),Animation|Children|Fantasy|War,122718,11551.0
3255,-0.5833518284826762,7.21726546702835,3.5100818259085607,"League of Their Own, A (1992)",Comedy|Drama,104694,11287.0
8636,0.43770167422308764,10.95339771031856,3.6308694471199088,Spider-Man 2 (2004),Action|Adventure|Sci-Fi|IMAX,316654,558.0
1173,0.040694488092034325,1.3858259664681087,3.620273880627779,"Cook the Thief His Wife & Her Lover, The (1989)",Comedy|Drama,97108,7452.0
1593,-0.2741684456098742,0.45138271021953535,2.9835122203543256,Picture Perfect (1997),Comedy|Romance,119896,9413.0
50189,0.018699532823646448,0.11136193545034909,3.758825827880528,American Pie Presents The Naked Mile (American Pie 5: The Naked Mile) (2006),Comedy|Romance,808146,8275.0
44204,-0.2114122281373181,0.6118307526678959,3.245368715216218,Tsotsi (2005),Crime|Drama,468565,868.0
89759,-0.17625960217174497,0.236100825131288,2.8443653121072474,"Separation, A (Jodaeiye Nader az Simin) (2011)",Drama,1832382,60243.0
828,-0.3231934532196665,1.5600178355445204,3.3837361690002483,"Adventures of Pinocchio, The (1996)",Adventure|Children,115472,18975.0
3004,-0.1221970245357906,0.5268562680205666,3.35897292168614,"Bachelor, The (1999)",Comedy|Romance,120596,2020.0
2533,-2.023408121972265,2.3748741246062446,2.738902619910234,Escape from the Planet of the Apes (1971),Action|Sci-Fi,67065,1687.0
33646,-0.7691131119823937,1.5913744673994787,3.107607939773225,"Longest Yard, The (2005)",Comedy|Drama,398165,9291.0
1631,-0.22906733656271994,0.35522036249581196,2.9460492778249785,"Assignment, The (1997)",Action|Thriller,118647,18355.0
6979,-0.36424551181357434,1.8354127436312746,3.3924548123946394,WarGames (1983),Drama|Sci-Fi|Thriller,86567,860.0
56379,0.0072707775827112525,0.009909334509698407,4.324639249639249,"Maxed Out: Hard Times, Easy Credit and the Era of Predatory Lenders (2006)",Documentary,762117,33003.0
3307,1.0399657396982247,2.324909810379133,4.03822353513204,City Lights (1931),Comedy|Drama|Romance,21749,901.0
95633,-0.2656301020736513,0.2586398362296078,2.5638820638820636,Spirit Camp (2009),Horror,1078933,40770.0
128852,-0.2656301020736513,0.2586398362296078,2.5638820638820636,Chris Rock: Bigger & Blacker (1999),Comedy,206636,17870.0
6731,0.20357075828769214,0.331565281332469,4.204877952394218,Day of the Dead (1985),Horror|Sci-Fi|Thriller,88993,8408.0
93270,-0.3040700593430759,0.3878714373653753,2.806963612973211,Project X (2012),Comedy,1636826,57214.0
4553,0.4225831539660813,0.6755699081160382,4.216430075324366,They Live (1988),Action|Sci-Fi|Thriller,96256,8337.0
6987,-0.44329918296359383,1.026838246919032,3.1591963218398758,"Cabinet of Dr. Caligari, The (Cabinet des Dr. Caligari., Das) (1920)",Crime|Fantasy|Horror,10323,234.0
4535,0.19776924342429625,0.5533818211052526,3.9482920693186414,"Man from Snowy River, The (1982)",Drama|Romance|Western,84296,24266.0
2314,1.2166137512264243,0.5308639134158237,5.882671104639067,Beloved (1998),Drama,120603,39437.0
3877,-0.9880485221303397,1.1361822873394551,2.7212876110284228,Supergirl (1984),Action|Adventure|Fantasy,88206,9651.0
4815,-0.0030774941830798708,0.6444314665992904,3.5861335727313084,Hearts in Atlantis (2001),Drama,252501,11313.0
6969,0.40080142469758206,0.40536541607612603,4.579650134921373,"Dernier Combat, Le (Last Battle, The) (1983)",Drama|Sci-Fi,85426,19184.0
193587,0.12297197884122305,0.5992089150808684,3.796132971506106,Bungo Stray Dogs: Dead Apple (2018),Action|Animation,8391976,483455.0
1767,0.09045252467161931,0.19323948452573214,4.05899419729207,Music From Another Room (1998),Drama|Romance,119734,39424.0
2744,0.0628552078632342,0.12356151973114418,4.099604743083004,Otello (1986),Drama,91699,198469.0
87234,-0.014076150858030996,0.03439295973193781,3.181634897360704,Submarine (2010),Comedy|Drama|Romance,1440292,49020.0
2327,-0.10711061701384794,0.38284644160012776,3.311134733947137,Tales from the Darkside: The Movie (1990),Fantasy|Horror|Thriller,100740,20701.0
5458,-0.06693653621740715,0.08917974377033226,2.8403290445053786,Like Mike (2002),Children|Comedy|Fantasy,308506,21972.0
51937,-0.2615016540925597,0.2826889810516,2.6658583403641765,"Hills Have Eyes II, The (2007)",Horror|Thriller,800069,9793.0
3767,-0.513028946335966,0.23906605052316435,1.4449375269280482,Missing in Action 2: The Beginning (1985),Action|War,89604,12764.0
2389,-3.9207267380497903,1.9412149182696898,1.5711807748169466,Psycho (1998),Crime|Horror|Thriller,155975,11252.0
1203,5.807442347823568,9.364451554227191,4.211067390003717,12 Angry Men (1957),Drama,50083,389.0
3079,-0.26297057206201163,0.5417797253147193,3.1055262687496747,Mansfield Park (1999),Comedy|Drama|Romance,178737,10399.0
77841,-0.36889309963168626,0.2885197427286932,2.3123376623376624,St Trinian's 2: The Legend of Fritton's Gold (2009),Adventure|Comedy,1210106,37565.0
1562,-7.73310745055019,8.112397885636547,2.637663508090466,Batman & Robin (1997),Action|Adventure|Fantasy|Thriller,118688,415.0
3802,-0.2741684456098742,0.45138271021953535,2.9835122203543256,Freejack (1992),Action|Sci-Fi,104299,9278.0
4005,1.3634057915623146,1.9539426834594968,4.288680731348602,"Living Daylights, The (1987)",Action|Adventure|Thriller,93428,708.0
1284,1.1836109971505409,1.3368921050016502,4.476254282732989,"Big Sleep, The (1946)",Crime|Film-Noir|Mystery,38355,910.0
6796,0.1224183339841515,2.864781652987021,3.63364125999308,Boyz N the Hood (1991),Crime|Drama,101507,650.0
2352,-0.25649828796943436,4.1730184877899354,3.529443202674966,"Big Chill, The (1983)",Comedy|Drama,85244,12560.0
8873,-0.1252952255184861,3.8211499878475803,3.5581191648614445,"Motorcycle Diaries, The (Diarios de motocicleta) (2004)",Adventure|Drama,318462,1653.0
3077,-0.0075932241818363585,0.009909334509698407,2.8246392496392496,42 Up (1998),Documentary,164312,20565.0
62293,0.59456881197189,0.3744966292228079,5.178557057743392,"Duchess, The (2008)",Drama|Romance,864761,12783.0
67408,-0.43024609734558455,0.23602139761172733,1.7679976866923799,Monsters vs. Aliens (2009),Animation|Sci-Fi|IMAX,892782,15512.0
7067,0.2516495703855643,0.2586398362296078,4.563882063882064,Juliet of the Spirits (Giulietta degli spiriti) (1965),Comedy|Drama|Fantasy|Romance,59229,19120.0
76301,-0.2656301020736513,0.2586398362296078,2.5638820638820636,"Emperor's New Groove 2: Kronk's New Groove, The (2005)",Animation|Children|Comedy|Romance,401398,13417.0
3979,-1.1170312837968226,2.64096564807895,3.167945890077851,Little Nicky (2000),Comedy,185431,9678.0
4649,0.273934145403675,1.0245579569461203,3.858277221278392,Wet Hot American Summer (2001),Comedy,243655,2171.0
127116,0.03443351777746714,0.02967852232720984,4.7511258091753445,Experimenter (2015),Drama,3726704,309299.0
2132,0.5273632647379554,0.6073751375949145,4.459175228417139,Who's Afraid of Virginia Woolf? (1966),Drama,61184,396.0
110718,-0.09073944790647138,0.5133942447339824,3.414164904862579,Fading Gigolo (2013),Comedy,2258345,214030.0
1844,-0.44811015192788006,0.9833382066520964,3.135206110086725,Live Flesh (Carne trémula) (1997),Drama|Romance,118819,267.0
91470,-0.43636832245800494,0.6815297010190097,2.950631313131313,Violet & Daisy (2011),Action|Drama,1634136,91550.0
990,-0.7936833946265711,1.0059746345645468,2.8019395012631945,Maximum Risk (1996),Action|Adventure|Thriller,117011,10861.0
3521,0.39393507610206746,0.40949025552544616,4.552922400838972,Mystery Train (1989),Comedy|Drama,97940,11305.0
179511,-0.023356961515060868,0.2930236990071276,3.5111989459815547,Emerald Green (2016),Adventure|Drama|Fantasy|Romance,4960934,337556.0
809,-1.2490079215996914,1.2071969770751596,2.5562743582858922,Fled (1996),Action|Adventure,116320,18550.0
6625,0.041744286108915216,0.07971507742832395,4.114577729962345,Camp Nowhere (1994),Adventure|Children|Comedy,109369,17745.0
45361,-0.23915498976031868,0.19350923728126776,2.355024989868972,"American Haunting, An (2005)",Drama|Horror|Mystery|Thriller,429573,10008.0
3384,-0.023963986110096768,0.026243169571654894,2.677757726144823,"Taking of Pelham One Two Three, The (1974)",Action|Crime,72251,8333.0
1995,-0.2739628958128016,0.23906605052316435,2.444937526928048,Poltergeist II: The Other Side (1986),Horror|Thriller,91778,11133.0
2450,-3.519926384682548,3.1916622710929152,2.488058574247995,Howard the Duck (1986),Adventure|Comedy|Sci-Fi,91225,10658.0
32,10.312023475485912,35.82266786637088,3.8787721700620117,Twelve Monkeys (a.k.a. 12 Monkeys) (1995),Mystery|Sci-Fi|Thriller,114746,63.0
60,-2.7117120007980704,7.8381980252250685,3.2449479411561533,"Indian in the Cupboard, The (1995)",Adventure|Children|Fantasy,113419,11359.0
371,-0.3441043873062506,4.920984039984179,3.5209831605442856,"Paper, The (1994)",Comedy|Drama,110771,12280.0
33493,-3.8232707971539517,9.665011379207725,3.195330581257366,Star Wars: Episode III - Revenge of the Sith (2005),Action|Adventure|Sci-Fi,121766,1895.0
113275,0.3524062571900467,0.2885197427286932,4.812337662337662,The Hundred-Foot Journey (2014),Comedy|Drama,2980648,228194.0
3081,2.665364873555292,6.643581294474403,3.9921030788222254,Sleepy Hollow (1999),Fantasy|Horror|Mystery|Romance,162661,2668.0
63433,-0.15012098839944624,0.5247377600398577,3.304821448982877,Farscape: The Peacekeeper Wars (2004),Action|Adventure|Sci-Fi,387736,13905.0
1014,-0.8959692957494592,1.0412915269486966,2.7304686930361495,Pollyanna (1960),Children|Comedy|Drama,54195,31102.0
4241,-1.43879472711458,0.8479924632906085,1.8942021160246896,Pokémon 3: The Movie (2001),Animation|Children,266860,10991.0
90866,0.6436468465775282,2.2654026379818815,3.875029377425097,Hugo (2011),Children|Drama|Mystery,970179,44826.0
3553,0.5981516739080701,0.6914390355287081,4.455991394876344,Gossip (2000),Drama|Thriller,176783,18041.0
6753,0.3385113443910695,1.1727536444987847,3.879555684316817,Secondhand Lions (2003),Children|Comedy|Drama,327137,13156.0
8341,0.24036923652678419,0.7747954403003298,3.901144830594925,Oliver Twist (1948),Adventure|Crime|Drama,40662,10949.0
6586,-0.4799042757776724,1.805931153929228,3.3251712333315595,American Wedding (American Pie 3) (2003),Comedy,328828,8273.0
127134,-0.006990265844043497,0.2586398362296078,3.5638820638820636,A Walk in the Woods (2015),Adventure|Comedy|Drama,1178665,232572.0
3746,-0.13975008689472673,0.766475168507503,3.4085808268808497,Butterfly (La lengua de las mariposas) (1999),Drama,188030,31023.0
142020,0.18841453112728762,0.21322145999044154,4.4745656006043815,Oscar (1967),Comedy,62083,2798.0
3684,-0.640530764108894,0.9049322522768508,2.883087303700944,"Fabulous Baker Boys, The (1989)",Drama|Romance,97322,10875.0
6808,0.13675984466219077,0.8753766370586062,3.747138808350173,Where Eagles Dare (1968),Action|Adventure|War,65207,11046.0
4205,0.0016542954181963908,0.16602731245762367,3.6008730865535945,Mermaids (1990),Comedy|Drama|Romance,100140,4587.0
1931,0.3407192620284837,0.4874246565018102,4.289928431608402,Mutiny on the Bounty (1935),Adventure|Drama,26752,12311.0
1937,0.11315850781029951,0.47511072114872316,3.8290820109743438,Going My Way (1944),Comedy|Drama|Musical,36872,17661.0
2152,-0.8750700989115439,0.9076860089531552,2.6268421225080107,Air Bud: Golden Receiver (1998),Children|Comedy,140796,21661.0
55292,-0.6376083960462605,0.29440947364444736,1.425189393939394,"Comebacks, The (2007)",Comedy,790804,10759.0
33639,-0.022346664332241025,0.08917974377033226,3.3403290445053786,Mad Hot Ballroom (2005),Children|Documentary,438205,14358.0
96411,0.10872490489925193,0.35819291503816547,3.8944463758039283,6 Days to Air: The Making of South Park (2011),Documentary,2076781,76360.0
2098,-0.2391834058735226,0.5734227058608343,3.173793752732073,Son of Flubber (1963),Children|Comedy,57518,19762.0
3525,0.28575445909315855,0.5734227058608343,4.089240350157324,Bachelor Party (1984),Comedy,86927,12309.0
3738,-0.07580228502820839,0.5326107921718857,3.4485869935308138,"Sugarland Express, The (1974)",Drama,72226,5121.0
382,-0.40389307931216617,2.43810834377232,3.425250710573437,Wolf (1994),Drama|Horror|Romance|Thriller,111742,10395.0
469,-0.9239737719073458,1.3210462881708325,2.8914833552774404,"House of the Spirits, The (1993)",Drama|Romance,107151,2259.0
32029,-0.681313963876017,1.347638266116155,3.0853476349855073,Hostage (2005),Action|Crime|Drama|Thriller,340163,2026.0
3896,-0.7380758593839597,0.693572999731976,2.5267444540659882,"Way of the Gun, The (2000)",Crime|Thriller,202677,1619.0
34150,-1.8748301635836184,3.254097219045767,3.014764606776747,Fantastic Four (2005),Action|Adventure|Sci-Fi,120667,9738.0
79695,-0.9183191136226618,1.9065802495708675,3.1092513616688153,"Expendables, The (2010)",Action|Adventure|Thriller,1320253,27578.0
2088,-2.8623382136423157,3.2702350514431076,2.715639219289555,Popeye (1980),Adventure|Comedy|Musical,81353,11335.0
2491,0.616049083392511,0.46129204472923374,4.9263951250420135,Simply Irresistible (1999),Comedy|Romance,145893,16172.0
6817,-0.0041655287207111365,0.20646533659176985,3.5707336523125996,"White Hunter, Black Heart (1990)",Adventure|Drama,100928,28761.0
786,-2.6650007205597888,12.793281470964244,3.382596569480691,Eraser (1996),Action|Drama|Thriller,116213,9268.0
1027,-2.6934484061835224,3.9794414959484374,2.9140682807286207,Robin Hood: Prince of Thieves (1991),Adventure|Drama,102798,8367.0
2195,0.5328824768364981,2.2699338978023023,3.8256659168027536,Dirty Work (1998),Comedy,120654,14577.0
3268,-3.696634117688915,2.373124545693742,2.0332015005524005,Stop! Or My Mom Will Shoot (1992),Action|Comedy,105477,9876.0
45666,-1.1144492784270408,1.1549821622035341,2.6260030387664,Nacho Libre (2006),Comedy,457510,9353.0
8376,-0.1416367744759925,4.062589663674221,3.556045423593033,Napoleon Dynamite (2004),Comedy,374900,8193.0
7010,-0.002638556926987155,0.009909334509698407,3.3246392496392496,"Lover, The (Amant, L') (1992)",Drama|Romance,101316,10995.0
45720,-0.4565926105886261,3.6321168724790986,3.465199311565735,"Devil Wears Prada, The (2006)",Comedy|Drama,458352,350.0
52287,0.36899119382694806,0.8486569699516426,4.025703368092691,Meet the Robinsons (2007),Action|Adventure|Animation|Children|Comedy|Sci-Fi,396555,1267.0
6270,0.11916482361248402,0.16350522309619905,4.319722650231125,Akira Kurosawa's Dreams (Dreams) (1990),Drama|Fantasy,100998,12516.0
6783,0.1223296522707604,0.2586398362296078,4.063882063882064,"Rules of the Game, The (La règle du jeu) (1939)",Comedy|Drama,31885,776.0
8814,0.1289830159757586,0.5710073396084177,3.81679588259939,Without a Paddle (2004),Comedy,364751,10762.0
60289,-0.03209375487825174,0.3132846119784041,3.4884662844284966,Kit Kittredge: An American Girl (2008),Children|Comedy|Drama|Mystery,846308,8359.0
118530,-0.2656301020736513,0.2586398362296078,2.5638820638820636,Fans (1999),Comedy,200215,42441.0
135777,-0.2656301020736513,0.2586398362296078,2.5638820638820636,Golmaal (2006),Children|Comedy,495034,19670.0
57522,0.022249265457401166,0.05464477574879632,3.998070894622619,First Sunday (2008),Comedy|Crime,486578,14423.0
173351,0.18841453112728762,0.21322145999044154,4.4745656006043815,Wow! A Talking Fish! (1983),Animation|Children|Comedy|Fantasy,1352408,165095.0
171251,0.019594256613862222,0.02967852232720984,4.2511258091753445,"Nobody Speak: Hulk Hogan, Gawker and Trials of a Free Press (2017)",Documentary,6333064,430830.0
5508,0.36800516539664846,0.7683548136119585,4.06986120896337,24 Hour Party People (2002),Comedy|Drama|Musical,274309,2750.0
75,-0.09812230815955444,0.18091300566917853,3.0485362095531587,Big Bully (1996),Comedy|Drama,115676,36929.0
71970,0.22766540693091847,0.3645872947131095,4.215355993563958,"Princess and the Pirate, The (1944)",Adventure|Comedy|Romance,37193,30506.0
38304,0.20212765886479045,0.9999999964889643,3.7930367504835587,No Direction Home: Bob Dylan (2005),Documentary,367555,19082.0
457,8.186178277760353,35.009691150449044,3.8247351547432857,"Fugitive, The (1993)",Thriller,106977,5503.0
265,3.4708944942830655,9.472827184538513,3.9573144339674164,Like Water for Chocolate (Como agua para chocolate) (1992),Drama|Fantasy|Romance,103994,18183.0
1895,-0.3221875023390765,1.0966582972018644,3.2971188527272055,Can't Hardly Wait (1998),Comedy|Drama|Romance,127723,15037.0
3788,-0.6859624662318757,1.398826896947081,3.1005249928273493,Blow-Up (Blowup) (1966),Drama|Mystery,60176,1052.0
640,-2.005360412874666,1.7184112496491593,2.423923939197536,Diabolique (1996),Drama|Thriller,116095,10988.0
662,-0.15140500080776512,0.30671722744282753,3.0972785176606834,Fear (1996),Thriller,116287,10543.0
835,0.15531222663506242,0.30671722744282753,4.097278517660683,Foxfire (1996),Drama,116353,18555.0
48783,0.3180622822024965,1.0686447023991048,3.888540550166267,Flags of Our Fathers (2006),Drama|War,418689,3683.0
2421,-2.7845660790959625,3.6861284923303597,2.835491561409036,"Karate Kid, Part II, The (1986)",Action|Adventure|Drama,91326,8856.0
1906,-0.2741684456098742,0.45138271021953535,2.9835122203543256,Mr. Jealousy (1997),Comedy|Romance,119717,53765.0
2806,-1.7895552479459447,1.5785169352149409,2.457215046820633,Teaching Mrs. Tingle (1999),Comedy|Thriller,133046,10342.0
3082,-0.39301195626871666,6.3574380339686805,3.5290898558384853,"World Is Not Enough, The (1999)",Action|Adventure|Thriller,143145,36643.0
97913,-0.3179930693915756,4.558800018475104,3.5211554127256064,Wreck-It Ralph (2012),Animation|Comedy,1772341,82690.0
1237,0.8915841229313735,1.4287974165418194,4.214919263806319,"Seventh Seal, The (Sjunde inseglet, Det) (1957)",Drama,50976,490.0
2530,-3.23697190596033,2.659544701980852,2.3737940322490862,Beneath the Planet of the Apes (1970),Action|Sci-Fi,65462,1685.0
203,-0.8946443004925821,2.2629655141202782,3.195567538017432,"To Wong Foo, Thanks for Everything! Julie Newmar (1995)",Comedy,114682,9090.0
27193,-1.121953480740041,1.0723633859103832,2.54466534976573,Taxi 2 (2000),Action|Comedy,183869,2332.0
782,-0.327747635995686,0.7789009715469548,3.170126927362992,"Fan, The (1996)",Drama|Thriller,116277,9566.0
167370,-0.1947154314121507,0.45528763147549334,3.1632334459961857,Assassin's Creed (2016),Action|Adventure|Sci-Fi,2094766,121856.0
172013,0.021298195863671907,0.09709471643732787,3.810263929618768,Stefan Zweig: Farewell to Europe (2016),Drama,3397160,391663.0
2634,-0.2975229521376353,0.38352150742337915,2.815143074195999,"Mummy, The (1959)",Horror,53085,18990.0
34072,0.64984797569902,1.4985558368145706,4.0245585817951826,"March of the Penguins (Marche de l'empereur, La) (2005)",Documentary,428803,1667.0
1515,-0.9000367657837622,2.0446684553272654,3.1507219478841333,Volcano (1997),Action|Drama|Thriller,120461,10357.0
6383,-4.4296061553905375,4.916540185752823,2.6899490686099394,"2 Fast 2 Furious (Fast and the Furious 2, The) (2003)",Action|Crime|Thriller,322259,584.0
31522,0.11916482361248402,0.16350522309619905,4.319722650231125,"Marriage of Maria Braun, The (Ehe der Maria Braun, Die) (1979)",Drama,79095,661.0
6183,-0.005898675299204381,0.010646389564417665,3.036855036855037,Pillow Talk (1959),Comedy|Musical|Romance,53172,4952.0
173535,0.08180380113206685,0.21322145999044154,3.9745656006043815,The Adventures of Sherlock Holmes and Doctor Watson: The Hunt for the Tiger (1980),(no genres listed),459945,406403.0
4339,0.15507501304324003,0.3366818781366241,4.051507130522946,Von Ryan's Express (1965),Action|Adventure|Drama|War,59885,21876.0
45732,-0.8308459581106626,0.560421281378695,2.108370890242095,My Super Ex-Girlfriend (2006),Comedy|Fantasy|Romance,465624,4474.0
30818,-0.1278866928449191,0.06012854450521054,1.4640208733864322,Beyond the Sea (2004),Drama|Musical,363473,6478.0
5279,0.09376447510756944,0.12542919948815853,4.3384581105169335,Impromptu (1991),Comedy|Romance,102103,17990.0
82053,-0.24946801013891354,0.35819291503816547,2.8944463758039283,Casino Jack (2010),Comedy|Crime,1194417,45324.0
87298,-0.0703715526198308,0.35819291503816547,3.3944463758039283,Everything Must Go (2010),Comedy|Drama,1531663,45658.0
6983,0.571730589667262,0.7350821867150512,4.3686868686868685,Jane Eyre (1944),Drama|Romance,36969,22744.0
2460,-0.03489684528963725,0.23906605052316435,3.444937526928048,"Texas Chainsaw Massacre 2, The (1986)",Horror,92076,16337.0
151,1.7447447743197455,9.556888836494428,3.773473187255715,Rob Roy (1995),Action|Drama|Romance|War,114287,11780.0
608,9.375842305603621,33.699484399945995,3.869128252790946,Fargo (1996),Comedy|Crime|Drama|Thriller,116282,275.0
141,-1.7934311815442496,20.704801800058284,3.504289996514321,"Birdcage, The (1996)",Comedy,115685,11000.0
5464,1.1240465285712142,7.195798463927749,3.747117819406146,Road to Perdition (2002),Crime|Drama,257044,4147.0
4558,-2.33787213226915,2.358387471261009,2.5996079748888676,Twins (1988),Comedy,96320,9493.0
414,-0.5992510391678849,1.2063571245497628,3.0941647794834526,"Air Up There, The (1994)",Comedy,109067,46094.0
724,-0.0778276911166246,2.167518529773649,3.555002735301256,"Craft, The (1996)",Drama|Fantasy|Horror|Thriller,115963,9100.0
103801,-0.023962786099186006,0.43987632816130473,3.536432901659828,Drinking Buddies (2013),Comedy|Drama|Romance,2265398,172533.0
112138,0.32465643722830445,3.1876182356940963,3.6927583128745347,22 Jump Street (2014),Action|Comedy|Crime,2294449,187017.0
112175,1.445994153033963,2.3591287256313,4.203844763864799,How to Train Your Dragon 2 (2014),Action|Adventure|Animation,1646971,82702.0
2160,-0.07727723712618653,2.60792031980575,3.561277343137003,Rosemary's Baby (1968),Drama|Horror|Thriller,63522,805.0
71464,-0.215852429345411,0.9843009608076011,3.371613938369254,"Serious Man, A (2009)",Comedy|Drama,1019452,12573.0
71135,0.13401589343920928,0.3406364146445039,3.9843370618412983,Pandorum (2009),Horror|Sci-Fi|Thriller,1188729,19898.0
433,-0.7907781608524452,2.3410236361396715,3.2531174733257537,Clean Slate (1994),Comedy,109443,18658.0
4516,0.12148628499469848,0.27986369318150434,4.025,Johnny Be Good (1988),Comedy,95409,20443.0
175781,0.021298195863671907,0.09709471643732787,3.810263929618768,Der Herr Karl (1961),Comedy,273646,28469.0
151739,0.9322847490190571,0.7270665346668905,4.873164159141861,Dirty Grandpa (2016),Comedy,1860213,291870.0
2594,0.22382893965876288,0.28706674282734324,4.370619542402893,Open Your Eyes (Abre los ojos) (1997),Drama|Romance|Sci-Fi|Thriller,125659,1902.0
6791,0.1621888374404518,0.3032893659821678,4.12567507887976,Babette's Feast (Babettes gæstebud) (1987),Drama,92603,11832.0
53280,-0.39495002018845515,0.2586398362296078,2.0638820638820636,"Breed, The (2006)",Horror|Thriller,455362,10063.0
70728,-0.0050731224169969944,0.05464477574879632,3.498070894622619,Bronson (2009),Action|Comedy|Drama|Thriller,1172570,18533.0
96373,0.08180380113206685,0.21322145999044154,3.9745656006043815,Broken (2012),Drama,1441940,109584.0
99437,-0.43636832245800494,0.6815297010190097,2.950631313131313,John Dies at the End (2012),Comedy|Fantasy|Horror,1783732,75761.0
26865,-0.7855309430912549,0.3143157705820882,1.0917314593301435,Fist of Legend (Jing wu ying xiong) (1994),Action|Drama,110200,17809.0
3992,0.40080142469758206,0.40536541607612603,4.579650134921373,Malèna (2000),Drama|Romance|War,213847,10867.0
5046,-0.004563991378543954,0.40536541607612603,3.579650134921373,Impostor (2002),Action|Drama|Sci-Fi|Thriller,160399,4965.0
175475,1.9205987240838283,0.5992089150808684,6.796132971506106,The Emoji Movie (2017),Animation|Children|Comedy,4877122,378236.0
177285,0.4225764363816572,0.5992089150808684,4.296132971506106,Sword Art Online The Movie: Ordinal Scale (2017),Action|Adventure|Animation|Fantasy|Sci-Fi,5544384,413594.0
2432,0.00962138905054738,0.8845145319137224,3.601786683874953,Stepmom (1998),Drama,120686,9441.0
42728,-0.06693653621740715,0.08917974377033226,2.8403290445053786,Tristan & Isolde (2006),Drama|Romance,375154,9044.0
341,-0.07580228502820839,0.5326107921718857,3.4485869935308138,Double Happiness (1994),Drama,109655,60855.0
592,-2.9483722131031933,43.342316423191264,3.5228838339220045,Batman (1989),Action|Crime|Thriller,96895,268.0
943,0.054598323162157514,0.7083456254590268,3.667987738958588,"Ghost and Mrs. Muir, The (1947)",Drama|Fantasy|Romance,39420,22292.0
1023,0.14589763134008848,2.3046107027854656,3.6542159353855785,Winnie the Pooh and the Blustery Day (1968),Animation|Children|Musical,63819,81310.0
70946,-1.5611270122427057,0.6088395347746551,1.0268065268065265,Troll 2 (1990),Fantasy|Horror,105643,26914.0
1909,0.04863673658111853,6.386523391048027,3.598524617166975,"X-Files: Fight the Future, The (1998)",Action|Crime|Mystery|Sci-Fi|Thriller,120902,846.0
84152,-0.8238967563234119,5.657159287663494,3.4452711983858815,Limitless (2011),Sci-Fi|Thriller,1219289,51876.0
109864,0.1438218109165883,0.08168341312313925,5.351631438538888,Veronica Mars (2014),Comedy|Crime|Drama,2771372,177494.0
334,-1.6754057664704851,1.8799863814689735,2.6997293552551733,Vanya on 42nd Street (1994),Drama,111590,32636.0
5747,0.23936572210547508,0.8717193432200252,3.8654994438331034,Gallipoli (1981),Drama|War,82432,11646.0
37739,0.1754940474872236,0.6099608509441903,3.8786227158336533,"Greatest Game Ever Played, The (2005)",Drama,388980,15487.0
953,2.7031733794871196,7.720468714441224,3.9410398251261474,It's a Wonderful Life (1946),Children|Drama|Fantasy|Romance,38650,1585.0
63876,-0.039741879558304855,1.1943818983504786,3.5576350772848127,Milk (2008),Drama,1013753,10139.0
8157,0.17376008798978107,0.2351507604885291,4.329839671566334,Jin Roh: The Wolf Brigade (Jin-Rô) (1998),Animation|Fantasy|Thriller,193253,823.0
3494,1.4247885957187518,1.6196313509774787,4.470608409435411,True Grit (1969),Adventure|Drama|Western,65126,17529.0
6296,-0.18600236935504144,0.6422833767979184,3.301313600702961,"Mighty Wind, A (2003)",Comedy|Musical,310281,13370.0
60030,-0.03213678516233152,0.134171078052734,3.3513881328252584,Spiral (2007),Drama|Horror|Thriller,491162,18467.0
8978,0.18471303416815715,0.34781957999994007,4.121968998945864,Christmas with the Kranks (2004),Children|Comedy,388419,13673.0
125974,-0.006990265844043497,0.2586398362296078,3.5638820638820636,Halloweentown High (2004),Adventure|Children|Comedy|Fantasy,414078,34560.0
5438,-0.05462217395069268,0.13805604405120123,3.195256916996047,Men at Work (1990),Action|Comedy,100135,10169.0
5650,-0.7649730200465291,1.6840986562950553,3.136676188823986,Strange Brew (1983),Comedy,86373,12921.0
100083,-0.8168959610080672,0.7112082233462195,2.442306003666104,Movie 43 (2013),Comedy,1333125,87818.0
156609,-0.289230798179471,0.3878714373653753,2.8452218081741796,Neighbors 2: Sorority Rising (2016),Comedy,4438848,325133.0
1043,0.27064959272543543,1.182659297134659,3.8197574104387844,To Gillian on Her 37th Birthday (1996),Drama|Romance,117924,30500.0
110730,-0.34020745804538494,0.8715871597721478,3.2005781248880645,Transcendence (2014),Drama|Sci-Fi|IMAX,2209764,157353.0
8600,0.22766540693091847,0.3645872947131095,4.215355993563958,Angels with Dirty Faces (1938),Crime|Drama|Film-Noir|Thriller,29870,13696.0
8609,-0.13692188778219105,0.3645872947131095,3.215355993563958,Our Hospitality (1923),Comedy,14341,701.0
3915,0.19811871665951905,0.40536541607612603,4.079650134921373,Girlfight (2000),Drama,210075,19348.0
6341,0.19811871665951905,0.40536541607612603,4.079650134921373,"Shape of Things, The (2003)",Drama,308878,22958.0
193567,0.4225764363816572,0.5992089150808684,4.296132971506106,anohana: The Flower We Saw That Day - The Movie (2013),Animation|Drama,2323836,255413.0
2670,-0.013524409389037527,0.02236610755453587,2.9862258953168044,Run Silent Run Deep (1958),War,52151,18784.0
52283,-0.06693653621740715,0.08917974377033226,2.8403290445053786,"Reaping, The (2007)",Horror|Thriller,444682,1683.0
26524,0.05636348838470273,0.3784405648687192,3.7398452611218564,"Times of Harvey Milk, The (1984)",Documentary,88275,33138.0
1440,-0.5386432159215553,0.33435665533766995,1.9799251092157268,Amos & Andrew (1993),Comedy,106266,31000.0
515,-0.999560368878685,5.839768997015242,3.4197447230394764,"Remains of the Day, The (1993)",Drama|Romance,107943,1245.0
145,-0.9633513826112112,7.441668101621252,3.4614554026424327,Bad Boys (1995),Action|Comedy|Crime|Drama|Thriller,112442,9737.0
4963,4.268009386808071,16.511248558629607,3.8494001051805338,Ocean's Eleven (2001),Crime|Thriller,240772,161.0
376,2.1105363582381447,5.795202780903406,3.955095891273156,"River Wild, The (1994)",Action|Thriller,110997,8987.0
27773,0.7383844825678463,4.421854116904864,3.7578943561499734,Old Boy (2003),Mystery|Thriller,364569,670.0
37386,-2.3311753117154304,2.651357068739511,2.7116705533311625,Aeon Flux (2005),Action|Sci-Fi,402022,8202.0
2372,-1.9782539933611523,1.5029232460960897,2.274638284332803,Fletch Lives (1989),Comedy,97366,14628.0
2550,-0.0518530719530588,0.8066030727153473,3.5266233552020587,"Haunting, The (1963)",Horror|Thriller,57129,11772.0
2710,-1.0502545378637316,9.125565219807976,3.475819832044988,"Blair Witch Project, The (1999)",Drama|Horror|Thriller,185937,2667.0
3594,1.2079709776372096,1.683019376855512,4.3086494771749555,Center Stage (2000),Drama|Musical,210616,10560.0
66097,1.0612187480934916,5.238141840478647,3.793503594916741,Coraline (2009),Animation|Fantasy|Thriller,327597,14836.0
272,4.5407892314154825,8.01211659992943,4.157649374176496,"Madness of King George, The (1994)",Comedy|Drama,110428,11318.0
27450,-0.10739819701659606,0.20646533659176985,3.0707336523125996,Blueberry (2004),Adventure|Western,276830,10046.0
4975,-1.6549447353282225,5.852793598830854,3.3081475843938413,Vanilla Sky (2001),Mystery|Romance|Sci-Fi|Thriller,259711,1903.0
2978,-0.23936782374772747,0.9715462218760995,3.3445308761026995,Three to Tango (1999),Comedy|Romance,144640,10563.0
3614,-0.33811265720339445,1.5480830220077164,3.3725017752827657,Honeymoon in Vegas (1992),Comedy|Romance,104438,12518.0
57532,-1.250712496160273,0.7417144224615446,1.9046637405631925,Meet the Spartans (2008),Comedy,1073498,7278.0
142222,-0.11158330427299766,0.8764836553778804,3.46360117867553,Demolition (2016),Drama,1172049,303991.0
3041,0.37984617658136693,0.6489477093284277,4.176235414002913,Meatballs Part II (1984),Comedy,87700,40771.0
123947,0.5317210039048266,0.438748176110073,4.802813852813853,Cake (2014),Drama,3442006,284276.0
735,-0.13872907807544138,1.2719151283702597,3.4818380727404503,Cemetery Man (Dellamorte Dellamore) (1994),Horror,109592,21588.0
50912,0.08306640441393459,0.665934992952927,3.7156455971641487,"Paris, I Love You (Paris, je t'aime) (2006)",Romance,401711,2266.0
178613,-0.024806928863153912,0.21322145999044154,3.4745656006043815,Dave Chappelle: Killin' Them Softly (2000),Comedy,251654,16275.0
73929,-0.23812193201788803,0.5813806746466431,3.1813290301982393,Legion (2010),Action|Fantasy|Horror|Thriller,1038686,22894.0
160289,0.03443351777746714,0.02967852232720984,4.7511258091753445,O.J.: Made in America (2016),Documentary,5275892,377462.0
112868,0.16595767446051984,0.5133942447339824,3.914164904862579,"Signal, The (2014)",Sci-Fi|Thriller,2910814,242095.0
5248,-0.1278866928449191,0.06012854450521054,1.4640208733864322,Smokey and the Bandit III (1983),Action|Comedy,86325,15120.0
2747,-0.10119387889929313,0.1488692351692779,2.911158981464205,"Little Shop of Horrors, The (1960)",Comedy|Horror,54033,24452.0
44397,0.08092694858480969,0.2826889810516,3.8771846587920775,"Hills Have Eyes, The (2006)",Drama|Horror|Thriller,454841,9792.0
1707,-1.359789278152609,0.7988276112048993,1.8886778972456773,Home Alone 3 (1997),Children|Comedy,119303,9714.0
90888,0.09376447510756944,0.12542919948815853,4.3384581105169335,Immortals (2011),Action|Drama|Fantasy,1253864,37958.0
2043,-0.03489684528963725,0.23906605052316435,3.444937526928048,Darby O'Gill and the Little People (1959),Adventure|Children|Fantasy,52722,18887.0
2660,-0.07580228502820839,0.5326107921718857,3.4485869935308138,"Thing from Another World, The (1951)",Horror|Sci-Fi,44121,10785.0
80839,-0.1248007253769958,0.15569545040039195,2.7893395841826334,Secretariat (2010),Adventure|Drama,1028576,39486.0
940,0.555069550622487,1.4814124305190448,3.965598501627756,"Adventures of Robin Hood, The (1938)",Action|Adventure|Romance,29843,10907.0
1617,6.291957191994721,17.681164618038377,3.9467655815825413,L.A. Confidential (1997),Crime|Film-Noir|Mystery|Thriller,119488,2118.0
2093,-0.6671780548950164,0.7191955643637001,2.6632364411406035,Return to Oz (1985),Adventure|Children|Fantasy,89908,13155.0
3247,-2.326676076232063,5.048047813336321,3.130002981801869,Sister Act (1992),Comedy|Crime,105417,2005.0
1883,1.8224754165220778,4.731115502075303,3.976119601141329,Bulworth (1998),Comedy|Drama|Romance,118798,9452.0
254,-0.15140500080776512,0.30671722744282753,3.0972785176606834,Jefferson in Paris (1995),Drama,113463,87729.0
378,-0.6787922643666848,1.9728553063808443,3.2468431768142993,Speechless (1994),Comedy|Romance,111256,15128.0
86880,-0.6960472683613452,3.0455415599375812,3.3623627865284633,Pirates of the Caribbean: On Stranger Tides (2011),Action|Adventure|Fantasy|IMAX,1298650,1865.0
639,-0.5570682673607368,0.73265127179067,2.830563359167974,Girl 6 (1996),Comedy|Drama,116414,61752.0
1726,-3.306796719597741,3.6547541305285853,2.686115881435522,"Postman, The (1997)",Action|Adventure|Drama|Sci-Fi,119925,9922.0
2795,1.5172634147516402,5.725114110834426,3.85592798579545,National Lampoon's Vacation (1983),Comedy,85995,11153.0
94015,-0.29511693912561493,0.7683428482645174,3.2068137098012874,Mirror Mirror (2012),Adventure|Comedy|Fantasy,1667353,62764.0
5889,0.18841453112728762,0.21322145999044154,4.4745656006043815,"Cruel Romance, A (Zhestokij Romans) (1984)",Drama|Romance,90368,66091.0
118166,-0.13141765885837467,0.21322145999044154,2.9745656006043815,Courier (1987),Comedy|Drama|Romance,91364,70966.0
5051,-0.17714688650975852,0.17950884499655528,2.604066985645933,Italian for Beginners (Italiensk for begyndere) (2000),Comedy|Drama|Romance,243862,112.0
85367,0.049272778941072064,0.02967852232720984,5.2511258091753445,Just Go with It (2011),Comedy|Romance,1564367,50546.0
136471,0.0047549954502573,0.02967852232720984,3.7511258091753445,Kevin Hart: Laugh at My Pain (2011),Comedy|Documentary,1999192,74510.0
4003,-0.11811967961686434,0.1826592983765944,2.9442424242424243,She's Having a Baby (1988),Comedy,96094,12714.0
487,-0.43421227670564533,0.8020619796380577,3.049539112367545,Lightning Jack (1994),Comedy|Western,110353,22317.0
128488,-0.6041336926404538,0.5133942447339824,2.414164904862579,Wild Card (2015),Action|Crime|Drama|Thriller,2231253,265208.0
6684,0.04302401382796776,0.13978414288596877,3.898698035632709,Death in Venice (Morte a Venezia) (1971),Drama|Romance,67445,6619.0
31114,0.022243207552925106,0.08917974377033226,3.8403290445053786,Imaginary Heroes (2004),Comedy|Drama,373024,25350.0
60538,0.051108866161582965,0.19350923728126776,3.855024989868972,Shrooms (2007),Horror|Thriller,492486,14456.0
2253,-1.958292413170234,3.3871240955403112,3.0127512325216057,Toys (1992),Comedy|Fantasy,105629,11597.0
2427,0.7387103302773925,9.189464408017093,3.6712957486595603,"Thin Red Line, The (1998)",Action|Drama|War,120863,8741.0
91658,-2.341132595574512,5.447084049238151,3.1611135205796863,"Girl with the Dragon Tattoo, The (2011)",Drama|Thriller,1568346,65754.0
534,0.45994168526565654,2.7117673312484025,3.7605186587970243,Shadowlands (1993),Drama|Romance,108101,10445.0
45186,0.030120650644977896,2.268588969851142,3.60418635313917,Mission: Impossible III (2006),Action|Adventure|Thriller,317919,956.0
95170,-0.06038672189125983,0.08168341312313925,2.8516314385388877,Beauty and the Beast: The Enchanted Christmas (1997),Animation|Children|Fantasy|Musical,118692,13313.0
62799,-0.0041655287207111365,0.20646533659176985,3.5707336523125996,"Express, The (2008)",Drama,469903,14325.0
64620,0.03747189602912604,1.2598340031655308,3.620652609448019,Frost/Nixon (2008),Drama,870111,11499.0
1446,1.6024556849063385,1.9980823738278672,4.392905898396262,Kolya (Kolja) (1996),Comedy|Drama,116790,784.0
3019,0.14424632285999023,2.161930712096185,3.657630157432139,Drugstore Cowboy (1989),Crime|Drama,97240,476.0
228,-0.6832152073176007,1.240823543744518,3.0402947745045075,Destiny Turns on the Radio (1995),Comedy,112854,62488.0
5528,-0.6232882140885676,2.369180585535792,3.3278273242029828,One Hour Photo (2002),Drama|Thriller,265459,9357.0
52885,0.16617153713282432,0.41603315320675416,3.9903280695457353,Paprika (Papurika) (2006),Animation|Mystery|Sci-Fi,851578,4977.0
85397,0.03494875386403549,0.134171078052734,3.8513881328252584,Red Riding Hood (2011),Fantasy|Horror|Mystery|Thriller,1486185,49730.0
49735,-0.006990265844043497,0.2586398362296078,3.5638820638820636,Another Gay Movie (2006),Comedy,443431,12795.0
121342,-0.006990265844043497,0.2586398362296078,3.5638820638820636,Carry on Cruising (1962),Comedy|Romance,55831,26190.0
126088,-0.39495002018845515,0.2586398362296078,2.0638820638820636,A Flintstones Christmas Carol (1994),Animation|Children|Comedy,193164,48874.0
213,-1.696124873059692,2.996577832291106,3.024888460714787,Burnt by the Sun (Utomlyonnye solntsem) (1994),Drama,111579,50797.0
69685,-0.6644713088344785,0.21322145999044154,0.4745656006043819,Daria: Is It College Yet? (2002),Animation|Comedy,285627,24232.0
127098,0.08180380113206685,0.21322145999044154,3.9745656006043815,Louis C.K.: Live at The Comedy Store (2015),Comedy,4368814,321594.0
134252,0.08180380113206685,0.21322145999044154,3.9745656006043815,That Munchhausen (1979),Comedy|Drama|Fantasy,80037,27937.0
56715,0.5899581147864374,0.4296267782943619,4.964096575005399,Wristcutters: A Love Story (2006),Drama|Fantasy|Romance,477139,13198.0
152270,0.3027317076117603,0.23611754101309415,4.873031995937024,The Wait (2015),Drama,3715122,330348.0
7089,0.04302401382796776,0.13978414288596877,3.898698035632709,Amarcord (1973),Comedy|Drama,71129,7857.0
2765,-0.004563991378543954,0.40536541607612603,3.579650134921373,"Acid House, The (1998)",Comedy|Drama,122515,12229.0
3879,-1.017977531568859,0.40536541607612603,1.0796501349213732,"Art of War, The (2000)",Action|Thriller,160009,11398.0
6062,-0.31662770969121606,1.13426574304634,3.3117613588786434,Lost in La Mancha (2002),Documentary,308514,21189.0
109848,1.3213898090029599,0.5992089150808684,5.796132971506106,Under the Skin (2013),Horror|Sci-Fi|Thriller,1441395,97370.0
159779,-0.023356961515060868,0.2930236990071276,3.5111989459815547,A Midsummer Night's Dream (2016),(no genres listed),5051278,398854.0
1686,0.11315850781029951,0.47511072114872316,3.8290820109743438,Red Corner (1997),Crime|Thriller,119994,9407.0
89840,-0.24946801013891354,0.35819291503816547,2.8944463758039283,Killer Elite (2011),Action|Thriller,1448755,49021.0
60979,-0.1424003711196848,0.19350923728126776,2.855024989868972,Batman: Gotham Knight (2008),Action|Animation|Crime,1117563,13851.0
3957,-0.2739628958128016,0.23906605052316435,2.444937526928048,Billy Jack (1971),Action|Drama,66832,21142.0
4492,-0.03489684528963725,0.23906605052316435,3.444937526928048,Critters (1986),Comedy|Sci-Fi,90887,3980.0
7619,0.08463617997194492,0.23906605052316435,3.944937526928048,"Miracle Worker, The (1962)",Drama,56241,1162.0
1408,0.14889578083704078,6.895838349789313,3.6125012126039953,"Last of the Mohicans, The (1992)",Action|Romance|War|Western,104691,9361.0
2390,0.6156497083884385,1.6258341361283004,3.969576074648603,Little Voice (1998),Comedy,147004,8545.0
303,-5.249061621965633,6.095969949466436,2.729838307181709,"Quick and the Dead, The (1995)",Action|Thriller|Western,114214,12106.0
426,0.0034809235870117694,0.8375811408586513,3.5950650149350825,Body Snatchers (1993),Horror|Sci-Fi|Thriller,106452,4722.0
7149,-0.41199299785512977,2.2801167580369515,3.4102196606845476,Something's Gotta Give (2003),Comedy|Drama|Romance,337741,6964.0
1281,0.39214186007774476,1.0903338063138508,3.9505621235922463,"Great Dictator, The (1940)",Comedy|Drama|War,32553,914.0
38038,2.547227963344644,2.7044385878059853,4.53277849583099,Wallace & Gromit in The Curse of the Were-Rabbit (2005),Adventure|Animation|Children|Comedy,312004,533.0
45722,-0.35177329224861037,7.595025063666403,3.5445928129113464,Pirates of the Caribbean: Dead Man's Chest (2006),Action|Adventure|Fantasy,383574,58.0
77561,-0.5466841635230137,6.180944171206575,3.5024623830307546,Iron Man 2 (2010),Action|Adventure|Sci-Fi|Thriller|IMAX,1228705,10138.0
1474,-1.853665592159505,1.6950287921358413,2.4973196482048334,Jungle2Jungle (a.k.a. Jungle 2 Jungle) (1997),Children|Comedy,119432,9446.0
111113,0.6265750912628898,1.5898327276175972,3.985022937214059,Neighbors (2014),Comedy,2004420,195589.0
6920,0.1409551711655696,0.2172684803953366,4.239669421487603,"Cercle Rouge, Le (Red Circle, The) (1970)",Crime|Thriller,65531,11657.0
1120,-0.40604408278272447,6.259482293343858,3.5260404542145674,"People vs. Larry Flynt, The (1996)",Comedy|Drama,117318,1630.0
1105,0.2123493141079093,0.474663172711797,4.038277511961723,Children of the Corn IV: The Gathering (1996),Horror,115885,25750.0
64278,0.06984555408233584,0.09709471643732787,4.310263929618769,"Pervert's Guide to Cinema, The (2006)",Documentary,828154,34283.0
3230,-0.0716509679077103,0.6695361330779002,3.4838932565607243,"Odessa File, The (1974)",Thriller,71935,21489.0
47978,0.0072707775827112525,0.009909334509698407,4.324639249639249,SherryBaby (2006),Drama,423169,13075.0
49274,-0.5041603179631664,0.35772891450963845,2.181572865867705,Happy Feet (2006),Adventure|Animation|Children|Comedy|IMAX,366548,9836.0
6566,-0.9815226804142614,0.4259497025063841,1.2865931713562406,Spy Kids 3-D: Game Over (2003),Action|Adventure|Children,338459,12279.0
118270,-0.39495002018845515,0.2586398362296078,2.0638820638820636,Hellbenders (2012),Comedy|Horror|Thriller,1865393,123107.0
4954,1.353405126659601,2.7424355030332612,4.084413906304994,Ocean's Eleven (a.k.a. Ocean's 11) (1960),Comedy|Crime,54135,299.0
134109,0.18841453112728762,0.21322145999044154,4.4745656006043815,Radio Day (2008),Comedy,1217565,25936.0
5881,-2.221891095803394,2.9302275949606127,2.832643384987616,Solaris (2002),Drama|Romance|Sci-Fi,307479,2103.0
158813,-0.02492352687695254,0.02967852232720984,2.7511258091753445,Alice Through the Looking Glass (2016),Adventure|Children|Fantasy,2567026,241259.0
1554,-2.7910690997029564,1.061956308408085,0.9626756338407105,"Pillow Book, The (1996)",Drama|Romance,114134,26422.0
718,0.6811858464320567,0.9362293294919497,4.318493481799415,"Visitors, The (Visiteurs, Les) (1993)",Comedy|Fantasy|Sci-Fi,108500,11687.0
65261,0.17726302665139693,0.7011540752072405,3.8437251735924916,Ponyo (Gake no ue no Ponyo) (2008),Adventure|Animation|Children|Fantasy,876563,12429.0
574,-0.48363136218181546,0.5906164816947626,2.772050530115046,Spanking the Monkey (1994),Comedy|Drama,111252,17600.0
179817,-0.3504123902301742,0.5565373256596883,2.961279461279461,Darkest Hour (2017),Drama|War,4555426,399404.0
2816,0.11315850781029951,0.47511072114872316,3.8290820109743438,Iron Eagle II (1988),Action|War,95382,11955.0
3432,-0.8370629344871469,0.47511072114872316,1.8290820109743435,Death Wish 3 (1985),Action|Drama,89003,24873.0
6872,-0.23915498976031868,0.19350923728126776,2.355024989868972,"House of the Dead, The (2003)",Action|Horror,317676,11059.0
3559,-0.07580228502820839,0.5326107921718857,3.4485869935308138,Limelight (1952),Comedy|Drama|Romance,44837,28971.0
1196,13.035892343650604,39.96589124055626,3.9170845354947517,Star Wars: Episode V - The Empire Strikes Back (1980),Action|Adventure|Sci-Fi,80684,1891.0
708,2.1733318058455566,9.34731716313953,3.823417710004197,"Truth About Cats & Dogs, The (1996)",Comedy|Romance,117979,8866.0
170,0.02287341113815064,4.851911151549585,3.595623400471591,Hackers (1995),Action|Adventure|Crime|Thriller,113243,10428.0
354,0.508969766442651,1.1047224937313969,4.051630918635722,Cobb (1994),Drama,109450,29973.0
1544,-2.116576462448826,8.289914154554959,3.3355896240258476,"Lost World: Jurassic Park, The (1997)",Action|Adventure|Sci-Fi|Thriller,119567,330.0
7373,-2.1606922732721725,3.5531146497137205,2.9827969171445146,Hellboy (2004),Action|Adventure|Fantasy|Horror,167190,1487.0
103819,0.1438218109165883,0.08168341312313925,5.351631438538888,Coffee Town (2013),Comedy,2234025,198062.0
1953,0.8047919272889618,6.224262841320048,3.7202082461353636,"French Connection, The (1971)",Action|Crime|Thriller,67116,1051.0
6708,-0.0444558305565739,4.914749304742475,3.5818636996184963,Matchstick Men (2003),Comedy|Crime|Drama,325805,7270.0
26422,0.021298195863671907,0.09709471643732787,3.810263929618768,Hair (1979),Comedy|Drama|Musical,79261,10654.0
4971,0.08599855528574385,0.38352150742337915,3.815143074195999,Moscow on the Hudson (1984),Comedy|Drama,87747,23111.0
1268,0.25337399450822207,1.511303832006396,3.7585616761419653,Pump Up the Volume (1990),Comedy|Drama,100436,8428.0
114678,0.0814971448549378,0.19495395435887075,4.008941877794337,Hector and the Search for Happiness (2014),Adventure|Comedy|Drama,1626146,254375.0
4616,-0.11320926202416276,0.957334499911709,3.4726544348462376,Lean on Me (1989),Drama,97722,14621.0
138204,-0.017676355361030932,0.7969410911482384,3.5687288374909083,7 Days in Hell (2015),Comedy,3895884,287689.0
4300,0.06180853270067166,0.6640052523057338,3.6839934942116908,Bread and Roses (2000),Drama,212826,37691.0
32243,-0.006990265844043497,0.2586398362296078,3.5638820638820636,Stealing Rembrandt (Rembrandt) (2003),Action|Comedy|Crime,345853,11196.0
54780,-0.004709990100925689,0.6429136487763588,3.5835830835830835,"Nanny Diaries, The (2007)",Comedy|Drama|Romance,489237,12435.0
5135,0.09108802587685044,0.6034816151569765,3.7418466233692254,Monsoon Wedding (2001),Comedy|Romance,265343,480.0
162344,0.049272778941072064,0.02967852232720984,5.2511258091753445,Tom Segura: Mostly Stories (2016),Comedy,4970632,376482.0
90403,0.6772230694411009,1.039722616057175,4.242258844181997,"Three Musketeers, The (2011)",Action|Adventure,1509767,52451.0
3812,0.33216790859129863,1.1303305164632924,3.884777038162805,Everything You Always Wanted to Know About Sex * But Were Afraid to Ask (1972),Comedy,68555,11624.0
4634,0.660025721358001,0.48206067083477044,4.9600847181492345,Penn & Teller Get Killed (1989),Adventure|Comedy,98073,37146.0
1162,-0.09676012905800102,0.13978414288596877,2.898698035632709,"Ruling Class, The (1972)",Comedy|Drama,69198,30892.0
2367,-0.8363595424219399,1.5793973404253812,3.061365624540658,King Kong (1976),Adventure|Fantasy|Romance|Sci-Fi|Thriller,74751,10730.0
147382,-0.0566620796506242,0.43631534509455705,3.4610441198791477,Doctor Who: Voyage Of The Damned (2007),Action|Sci-Fi,1061123,335209.0
2373,-0.8468162708996482,1.319495145595519,2.9491361569757415,Red Sonja (1985),Action|Adventure|Fantasy,89893,9626.0
91622,0.10872490489925193,0.35819291503816547,3.8944463758039283,Young Adult (2011),Comedy|Drama,1625346,57157.0
304,-0.048974333948822946,0.6410738827804975,3.514514879158631,Roommates (1995),Comedy|Drama,114296,161495.0
536,-0.15140500080776512,0.30671722744282753,3.0972785176606834,"Simple Twist of Fate, A (1994)",Drama,111194,43535.0
6044,-0.670410719106596,0.5317050530845417,2.3300395256916997,Blind Date (1984),Horror|Thriller,86978,80965.0
611,0.052068653824995315,0.592286671454051,3.678820327704557,Hellraiser: Bloodline (1996),Action|Horror|Sci-Fi,116514,8766.0
2936,0.5430629148107501,1.246758178070349,4.026489080968805,Sullivan's Travels (1941),Adventure|Comedy|Romance,34240,16305.0
3424,-0.0343739433067157,4.416779209481955,3.583126509603482,Do the Right Thing (1989),Drama,97216,925.0
2990,-2.0504300874865518,3.600330538453834,3.0213974681326135,Licence to Kill (1989),Action|Adventure|Thriller,97742,709.0
58025,-0.6475505203875347,2.6708823661322403,3.348460928983762,Jumper (2008),Action|Adventure|Drama|Sci-Fi|Thriller,489099,8247.0
167036,-0.040792465277397605,0.11136193545034909,3.2246038079375587,Sing (2016),Animation|Children|Comedy,3470600,335797.0
2908,1.0866535283577912,3.248705766300348,3.9253972245006046,Boys Don't Cry (1999),Drama,171804,226.0
8493,0.14658415906635244,0.8493532356654894,3.763492361227123,Memphis Belle (1990),Action|Drama|War,100133,12651.0
48738,-0.3929448115072596,4.539524903623066,3.5043483120060728,"Last King of Scotland, The (2006)",Drama|Thriller,455590,1523.0
612,-1.3241310346910804,1.3855414610307535,2.635231421252051,"Pallbearer, The (1996)",Comedy,117283,23570.0
55280,-0.15401639461881986,0.32528056890162027,3.117421248893537,Lars and the Real Girl (2007),Comedy|Drama,805564,6615.0
2146,-0.6067027769768862,1.9815398140183897,3.2847316562268443,St. Elmo's Fire (1985),Drama|Romance,90060,11557.0
141646,-0.006990265844043497,0.2586398362296078,3.5638820638820636,The Unauthorized Saved by the Bell Story (2014),Comedy|Drama,3816372,287241.0
163386,0.18841453112728762,0.21322145999044154,4.4745656006043815,Winnie the Pooh and the Day of Concern (1972),Animation,208558,36162.0
118930,0.03443351777746714,0.02967852232720984,4.7511258091753445,Bill Burr: I'm Sorry You Feel That Way (2014),Comedy,3823690,308571.0
3342,-1.2956613804389625,1.5112122332369367,2.7335434926544204,Birdy (1984),Drama|War,86969,11296.0
5358,-0.15689940192707857,0.3143157705820882,3.0917314593301435,Mountains of the Moon (1990),Adventure,100196,33796.0
2977,-0.37597798902104684,0.5308639134158237,2.882671104639068,Crazy in Alabama (1999),Comedy|Drama,142201,31306.0
27772,-0.27932225890187584,0.5580965319943773,3.090418149129345,Ju-on: The Grudge (2002),Horror,364385,11838.0
6041,0.19811871665951905,0.40536541607612603,4.079650134921373,Amen. (2002),Drama,280653,9045.0
2527,-0.5114043742848935,2.3847498523269683,3.376461284659777,Westworld (1973),Action|Sci-Fi|Thriller|Western,70909,2362.0
4785,0.09179778079133069,0.40834185248557453,3.8157152924594784,"Great Silence, The (Grande silenzio, Il) (1969)",Drama|Western,63032,9028.0
668,1.0695865015901347,0.8496715199547799,4.8497326203208555,Song of the Little Road (Pather Panchali) (1955),Drama,48473,5801.0
185029,-1.8940107923603717,1.1536525548012355,1.949157608213598,A Quiet Place (2018),Drama|Horror|Thriller,6644200,447332.0
6298,-0.06031745565164977,0.16889482119865623,3.2337788057791306,Malibu's Most Wanted (2003),Comedy|Crime,328099,13411.0
4789,-0.022346664332241025,0.08917974377033226,3.3403290445053786,Phantom of the Paradise (1974),Comedy|Fantasy|Horror|Musical|Thriller,71994,27327.0
3544,0.1300700947537846,0.33435665533766995,3.979925109215727,Shakes the Clown (1992),Comedy,102898,26291.0
105,-0.3140716325848385,5.2049845322400685,3.530568540300447,"Bridges of Madison County, The (1995)",Drama|Romance,112579,688.0
370,-5.6711633637792636,11.918078953786976,3.115063664329059,Naked Gun 33 1/3: The Final Insult (1994),Action|Comedy,110622,36593.0
64614,1.3807739520352975,7.491836216244268,3.7752129000395436,Gran Torino (2008),Crime|Drama,1205489,13223.0
913,4.8407491099626,7.587800374098461,4.228873833166527,"Maltese Falcon, The (1941)",Film-Noir|Mystery,33870,963.0
2707,-0.05298668188149107,2.4562614901666384,3.5693370058140728,Arlington Road (1999),Thriller,137363,1073.0
37729,0.05176175484612927,3.6242624468334954,3.6051911015541402,Corpse Bride (2005),Animation|Comedy|Fantasy|Musical|Romance,121164,3933.0
60684,1.954966299670241,7.3033815790131955,3.8585886963795186,Watchmen (2009),Action|Drama|Mystery|Sci-Fi|Thriller|IMAX,409459,13183.0
83349,0.08327159469603987,1.513304172440627,3.645935434067678,"Green Hornet, The (2011)",Action|Comedy|Crime|Fantasy|Thriller|IMAX,990407,40805.0
2518,-0.7868735762826516,1.664215350851949,3.1180895270949285,Night Shift (1982),Comedy,84412,14742.0
3203,-0.5874409744231003,1.791540381314668,3.2630119468927083,Dead Calm (1989),Thriller,97162,10493.0
81591,1.26198626731954,4.700426508573881,3.8593924434341425,Black Swan (2010),Drama|Thriller,947798,44214.0
115502,-0.0195450153296902,0.08168341312313925,3.3516314385388877,"Rewrite, The (2014)",Comedy|Romance,2509850,289727.0
2151,0.3979576391000778,1.233509736305237,3.9135313024630025,"Gods Must Be Crazy II, The (1989)",Comedy,97443,11937.0
85780,-0.25936008109262976,0.6564206081046815,3.1957964483589216,Family Guy Presents: It's a Trap (2010),Animation|Comedy|Sci-Fi,1701991,110639.0
96935,-0.39495002018845515,0.2586398362296078,2.0638820638820636,My Left Eye Sees Ghosts (Ngo joh aan gin diy gwai) (2002),Comedy|Fantasy|Romance,319901,45397.0
141830,0.4627732896324351,0.47186129622004935,4.571649179870793,Unbelievable Adventures of Italians in Russia (1974),Adventure|Comedy,70439,57778.0
2103,-0.10236547068132923,0.3546232377174621,3.302249297094658,Tall Tale (1995),Adventure|Children|Fantasy|Western,111359,41841.0
2280,-0.6832392190418469,0.6737363825732137,2.5768044103330787,Clay Pigeons (1998),Crime,118863,26618.0
101962,-0.024806928863153912,0.21322145999044154,3.4745656006043815,Wolf Children (Okami kodomo no ame to yuki) (2012),Animation|Fantasy,2140203,110420.0
82852,-0.3279249292497348,0.41779206419202597,2.8060092391517015,Little Fockers (2010),Comedy,970866,39451.0
155064,0.9266910795800144,0.6815297010190097,4.950631313131312,The Neon Demon (2016),Drama|Horror|Mystery,1974419,301365.0
159415,-0.05809018320862436,0.7159226607509475,3.509768785687166,Swiss Army Man (2016),Comedy|Drama|Romance,4034354,347031.0
4350,0.494087423693637,0.8137072685617006,4.198114461664817,Forgotten Silver (1996),Comedy|Documentary,116344,32458.0
4407,0.40080142469758206,0.40536541607612603,4.579650134921373,Salvador (1986),Drama|Thriller|War,91886,6106.0
5804,-0.03571416874582231,0.4854771579578596,3.517344005177658,"Santa Clause 2, The (2002)",Children|Comedy|Fantasy|Romance,304669,9021.0
5570,0.47779343422093834,0.9159416082935994,4.112550896341501,Thesis (Tesis) (1996),Drama|Horror|Thriller,117883,9299.0
34321,-0.28010921086729423,0.4074521672184202,2.9034438289630478,Bad News Bears (2005),Children|Comedy,408524,13341.0
298,0.05476552260486791,0.026243169571654894,5.677757726144823,Pushing Hands (Tui shou) (1992),Drama,105652,25296.0
133712,0.20413345340282724,0.47186129622004935,4.023522350437016,Office Romance (1977),Comedy|Romance,76727,31139.0
1573,-4.827826558450451,11.616154429903771,3.1752959387610744,Face/Off (1997),Action|Crime|Drama|Thriller,119094,754.0
2916,-0.986619670286239,14.23401966891821,3.5215948920225566,Total Recall (1990),Action|Adventure|Sci-Fi|Thriller,100802,861.0
58,2.5630692177071515,8.870364835003546,3.8798565316719515,"Postman, The (Postino, Il) (1994)",Comedy|Drama|Romance,110877,11010.0
1370,-0.5796133581908565,10.663980514520352,3.536556651179701,Die Hard 2 (1990),Action|Adventure|Thriller,99423,1573.0
52281,0.11616055103461634,4.145899913985817,3.6189272663220473,Grindhouse (2007),Action|Crime|Horror|Sci-Fi|Thriller,462322,253768.0
8983,-0.04316949816880535,1.468488248693722,3.5615118531666665,House of Flying Daggers (Shi mian mai fu) (2004),Action|Drama|Romance,385004,9550.0
40414,0.0626675507173801,0.29564508036210213,3.8028779511405064,Joyeux Noël (Merry Christmas) (2005),Drama|War,424205,11661.0
61236,-0.23881585587497073,0.4196867965822114,3.0218755691976456,Waltz with Bashir (Vals im Bashir) (2008),Animation|Documentary|Drama|War,1185616,8885.0
3362,0.2535817732946372,6.55132647056091,3.629616026738672,Dog Day Afternoon (1975),Crime|Drama,72890,968.0
6662,-0.565808862535274,1.4801200939194077,3.2086368247195325,"Pink Panther, The (1963)",Comedy|Crime,57413,936.0
4541,0.12148628499469848,0.27986369318150434,4.025,"Serpent and the Rainbow, The (1988)",Horror,96071,11503.0
8623,-0.043315405702139674,0.7681504404290458,3.534519868925509,Roxanne (1987),Comedy|Romance,93886,11584.0
4611,-0.0066666808679460565,0.32857212849163137,3.5706192358366273,Johnny Handsome (1989),Crime|Drama,97626,505.0
726,-0.2008987565743642,0.2914026518628154,2.901489295687248,Last Dance (1996),Drama,116827,46063.0
131104,-0.2656301020736513,0.2586398362296078,2.5638820638820636,The Brain (1969),Comedy|Crime,64146,33436.0
157296,-0.6462262403174315,3.1084450008852396,3.383015356217502,Finding Dory (2016),Adventure|Animation|Comedy,2277860,127380.0
160567,0.6605643848388401,0.9698480595758273,4.272009989464009,Mike & Dave Need Wedding Dates (2016),Comedy,2823054,316023.0
163527,-0.1363101839588474,0.2586398362296078,3.0638820638820636,Comedy Central Roast of David Hasselhoff (2010),Comedy,1694505,296193.0
4316,-0.26170624002749454,0.13805604405120123,1.695256916996047,Ice Castles (1978),Drama,77716,50541.0
94953,0.03443351777746714,0.02967852232720984,4.7511258091753445,Wanderlust (2012),Comedy,1655460,50647.0
63276,-0.43636832245800494,0.6815297010190097,2.950631313131313,Crows Zero (Kurôzu zero) (2007),Action,1016290,14943.0
188,-0.7733796014588747,1.3994386439671667,3.03827350035081,"Prophecy, The (1995)",Fantasy|Horror|Mystery,114194,11980.0
6986,-0.27557321123275186,0.2815639332160726,2.612185686653772,Ben-Hur: A Tale of the Christ (1925),Adventure|Drama|Romance,16641,31510.0
2126,0.024325451066213755,1.6048492879219405,3.606066558497659,Snake Eyes (1998),Action|Crime|Mystery|Thriller,120832,8688.0
3747,0.19811871665951905,0.40536541607612603,4.079650134921373,Jesus' Son (1999),Drama,186253,25636.0
5666,-0.5903689079398079,0.4945451598464583,2.3971477201111235,"Rules of Attraction, The (2002)",Comedy|Drama|Romance|Thriller,292644,1809.0
6881,0.19811871665951905,0.40536541607612603,4.079650134921373,Pieces of April (2003),Comedy|Drama,311648,1550.0
168218,-0.47623693623964536,0.5992089150808684,2.796132971506106,Kizumonogatari III: Cold Blood (2017),Animation|Fantasy|Mystery,5084198,362585.0
117192,0.12315488798850294,0.2930236990071276,4.011198945981555,Doctor Who: The Time of the Doctor (2013),Adventure|Drama,2986512,282848.0
8364,-0.4415553751911061,0.3806870189898499,2.4310182799148787,Baadasssss! (How to Get the Man's Foot Outta Your Ass) (2003),Drama,367790,28219.0
3672,0.09924261935687836,0.5100277691091258,3.7854918673140445,Benji (1974),Adventure|Children,71206,23069.0
99910,-0.0703715526198308,0.35819291503816547,3.3944463758039283,"Last Stand, The (2013)",Action|Crime|Thriller,1549920,76640.0
2400,-0.03489684528963725,0.23906605052316435,3.444937526928048,Prancer (1989),Children|Drama|Fantasy,98115,24951.0
6453,0.12499999929032259,0.9999999943225807,3.715909090909091,Man of Aran (1934),Documentary,25456,47684.0
3849,-0.07580228502820839,0.5326107921718857,3.4485869935308138,The Spiral Staircase (1945),Horror|Mystery|Thriller,38975,27452.0
2347,-0.03489684528963725,0.23906605052316435,3.444937526928048,"Pope of Greenwich Village, The (1984)",Drama,87932,32081.0
1024,0.1451213925812077,1.1482738850289758,3.7172913020464153,"Three Caballeros, The (1945)",Animation|Children|Musical,38166,15947.0
2058,2.7868645135940424,6.923903476218679,3.9934081325502695,"Negotiator, The (1998)",Action|Crime|Drama|Mystery|Thriller,120768,9631.0
11,-0.5764541990720518,13.786302613951088,3.5490955448689285,"American President, The (1995)",Comedy|Drama|Romance,112346,9087.0
204,-4.882678688141841,4.309036203394973,2.4577836174459273,Under Siege 2: Dark Territory (1995),Action,114781,3512.0
575,-0.23422584491163656,3.344278412932835,3.520871308167723,"Little Rascals, The (1994)",Children|Comedy,110366,10897.0
888,-0.5254857396374296,0.657394023457113,2.7915623964046326,Land Before Time III: The Time of the Great Giving (1995),Adventure|Animation|Children|Musical,113596,19004.0
8949,0.4572723296361675,4.333607535815414,3.6964267977750236,Sideways (2004),Comedy|Drama|Romance,375063,9675.0
3735,0.08117482022267258,3.113071463454193,3.616984566906228,Serpico (1973),Crime|Drama,70666,9040.0
8869,0.4966661285543933,0.2885197427286932,5.312337662337662,First Daughter (2004),Comedy|Romance,361620,13969.0
112006,0.163794441632856,0.583424615842274,3.8716556298537848,Tangled Ever After (2012),Action|Animation|Children,2112281,82881.0
3400,0.17721426460966114,0.45138271021953535,3.9835122203543256,We're Back! A Dinosaur's Story (1993),Adventure|Animation|Children|Fantasy,108526,18890.0
3550,0.2606481347101697,0.5894387542707366,4.033106236620434,The Hunger (1983),Horror,85701,11654.0
45447,-1.6676137649701095,4.819620401519047,3.244903881775917,"Da Vinci Code, The (2006)",Drama|Mystery|Thriller,382625,591.0
1859,0.032320930967901305,0.2172684803953366,3.739669421487603,Taste of Cherry (Ta'm e guilass) (1997),Drama,120265,30020.0
421,0.9946212010001215,2.2508069301302323,4.032804478596818,Black Beauty (1994),Adventure|Children|Drama,109279,14522.0
2121,-0.3852485957902307,0.4400982827404557,2.7155396316344045,Cujo (1983),Horror|Thriller,85382,10489.0
781,0.44490426058215643,0.9746603161468821,4.047380184695892,Stealing Beauty (1996),Drama,117737,14553.0
6305,0.44109720518581197,0.8079366896954894,4.136864251519585,Fahrenheit 451 (1966),Drama|Sci-Fi,60390,1714.0
7312,-2.510352307213658,0.7099986323432569,0.05519480519480524,"Follow Me, Boys! (1966)",Comedy|Drama,60420,40454.0
108981,0.08180380113206685,0.21322145999044154,3.9745656006043815,Nymphomaniac: Volume II (2013),Drama|Mystery,2382009,249397.0
134041,-0.024806928863153912,0.21322145999044154,3.4745656006043815,Afonya (1975),Comedy|Drama|Romance,72613,20870.0
34530,-0.03976278804055746,0.02967852232720984,2.2511258091753445,Deuce Bigalow: European Gigolo (2005),Comedy,367652,11453.0
171867,0.03443351777746714,0.02967852232720984,4.7511258091753445,Rough Night (2017),Comedy|Drama,4799050,397422.0
176329,0.019594256613862222,0.02967852232720984,4.2511258091753445,Ari Shaffir: Double Negative (2017),Comedy,6254796,466986.0
6324,-0.7763648873487805,0.4438728048816621,1.841838458938831,It Runs in the Family (2003),Comedy|Drama,311110,31459.0
5244,0.5001396332769052,0.40834185248557453,4.815715292459478,Shogun Assassin (1980),Action|Adventure,81506,15119.0
168366,-0.014076150858030996,0.03439295973193781,3.181634897360704,Beauty and the Beast (2017),Fantasy|Romance,2771200,321612.0
101025,-0.24946801013891354,0.35819291503816547,2.8944463758039283,Jack the Giant Slayer (2013),Adventure|Fantasy|IMAX,1351685,81005.0
5272,0.02852235303321302,0.026243169571654894,4.677757726144823,Time Out (L'emploi du temps) (2001),Drama,279065,35651.0
110,7.83211236562249,47.579818827934965,3.7555190570366648,Braveheart (1995),Action|Drama|War,112573,197.0
1860,-0.6476563735079833,0.41635052582656074,2.0353535353535355,Character (Karakter) (1997),Drama,119448,17139.0
150,2.967110998905398,46.047641241803014,3.6553447692389462,Apollo 13 (1995),Adventure|Drama|IMAX,112384,568.0
508,1.9753261842478196,12.367567948550036,3.7506273307817413,Philadelphia (1993),Drama,107818,9800.0
4131,-1.2021157721911377,0.5317050530845417,1.3300395256916997,Making Mr. Right (1987),Comedy|Romance|Sci-Fi,93477,32058.0
541,8.66543432597998,19.5007631217958,4.035272948459604,Blade Runner (1982),Action|Sci-Fi|Thriller,83658,78.0
2953,-1.8937916593802429,3.382967439144266,3.0311071733773973,Home Alone 2: Lost in New York (1992),Children|Comedy,104431,772.0
4728,-1.4045357330760855,2.058023394342911,2.908440788101227,Rat Race (2001),Comedy,250687,9896.0
69640,1.13699097507247,1.4557340797428364,4.371952133655831,Public Enemies (2009),Crime|Drama|Thriller,1152836,11322.0
1129,-0.3857578934936623,5.870867153244695,3.5252019503071335,Escape from New York (1981),Action|Adventure|Sci-Fi|Thriller,82340,1103.0
3418,2.28349563459756,7.624062297992651,3.890420761373639,Thelma & Louise (1991),Adventure|Crime|Drama,103074,1541.0
103372,0.02272326886044282,0.1457548951822869,3.7468096445887746,"Heat, The (2013)",Action|Comedy|Crime,2404463,136795.0
3178,1.2998212127075301,2.4707522440030933,4.116992277057116,"Hurricane, The (1999)",Drama,174856,10400.0
5955,-0.006804085647698291,0.21637467110146827,3.559463240001211,Antwone Fisher (2002),Drama,168786,13435.0
27801,-0.41203847177363756,1.2356165942880704,3.2574411902039833,Ong-Bak: The Thai Warrior (Ong Bak) (2003),Action|Thriller,368909,9316.0
413,-1.85335986886623,4.933614787778437,3.2152494683829507,Airheads (1994),Comedy,109068,13595.0
1033,0.26226744101395716,1.472383223641621,3.7690335335153407,"Fox and the Hound, The (1981)",Animation|Children|Drama,82406,10948.0
8371,-1.1464064867377401,2.0341350745871267,3.0273248427143495,"Chronicles of Riddick, The (2004)",Action|Sci-Fi|Thriller,296572,2789.0
369,0.09050389528845118,0.2914026518628154,3.901489295687248,Mrs. Parker and the Vicious Circle (1994),Drama,110588,23333.0
32596,-0.35647467039928804,0.855644587863296,3.1742937397976303,Sahara (2005),Action|Adventure|Comedy,318649,7364.0
26471,-0.13141765885837467,0.21322145999044154,2.9745656006043815,Eddie Murphy Delirious (1983),Comedy|Documentary,85474,15251.0
140265,0.18841453112728762,0.21322145999044154,4.4745656006043815,George Carlin: Jammin' in New York (1992),Comedy,246643,25161.0
141810,-0.024806928863153912,0.21322145999044154,3.4745656006043815,Autumn Marathon (1979),Comedy|Drama,79679,27924.0
121372,0.03443351777746714,0.02967852232720984,4.7511258091753445,Bill Burr: Let It Go (2010),Comedy,1717578,46967.0
4031,-0.15689940192707857,0.3143157705820882,3.0917314593301435,All the Pretty Horses (2000),Drama|Romance|Western,149624,21355.0
3223,-0.37632841482993856,0.13978414288596877,0.8986980356327088,"Zed & Two Noughts, A (1985)",Drama,90366,33078.0
1821,-0.5590024429014175,1.6367956494196232,3.2493866515626584,"Object of My Affection, The (1998)",Comedy|Romance,120772,17127.0
83,0.13636363600879753,0.9999999973978494,3.727272727272727,Once Upon a Time... When We Were Colored (1995),Drama|Romance,114039,146599.0
6186,-0.022346664332241025,0.08917974377033226,3.3403290445053786,Gods and Generals (2003),Action|Drama|War,279111,16072.0
36509,-0.21484741249220976,0.5217550315747643,3.1791307668098368,"Cave, The (2005)",Action|Adventure|Horror|Mystery|Sci-Fi|Thriller,402901,9042.0
260,13.537068997311703,48.50923145693295,3.8699707991806402,Star Wars: Episode IV - A New Hope (1977),Action|Adventure|Sci-Fi,76759,11.0
2459,0.5016818091166066,2.2327340871230175,3.815603026478932,"Texas Chainsaw Massacre, The (1974)",Horror,72271,30497.0
106,0.1850446781451382,0.41635052582656074,4.0353535353535355,Nobody Loves Me (Keiner liebt mich) (1994),Comedy|Drama,110251,11907.0
3358,1.6099843076788818,2.799286627501487,4.166050018551745,Defending Your Life (1991),Comedy|Drama|Fantasy|Romance,101698,12186.0
103339,0.1416483703192101,0.5258986062522244,3.8602544906405263,White House Down (2013),Action|Drama|Thriller|IMAX,2334879,117251.0
2001,0.4143592604167471,6.578799371538359,3.6538931153512064,Lethal Weapon 2 (1989),Action|Comedy|Crime|Drama,97733,942.0
157108,0.22132275597476128,0.28820758365585,4.358837377761681,Texas - Doc Snyder hält die Welt in Atem (1993),Comedy|Western,108317,1659.0
3238,-1.6323930582662802,0.9822466236353591,1.92901174355585,Eye of the Beholder (1999),Thriller,120662,18681.0
56171,0.0790147168557369,1.9062493177990427,3.632359449011759,"Golden Compass, The (2007)",Adventure|Children|Fantasy,385752,2268.0
61986,-0.0041655287207111365,0.20646533659176985,3.5707336523125996,Appaloosa (2008),Western,800308,12690.0
6242,-0.05639626195735586,1.3736726383392714,3.5498539949689567,Ringu (Ring) (1998),Horror|Mystery|Thriller,178868,2671.0
3347,0.031317957846392686,1.4352777196666344,3.6127292288637625,Never Cry Wolf (1983),Adventure|Drama,86005,14280.0
53993,-0.04192977863177441,0.9280508029948576,3.5457286131847408,Evan Almighty (2007),Comedy|Fantasy,413099,2698.0
2917,0.5453920505501594,2.0992442898394055,3.8507130847510282,Body Heat (1981),Crime|Thriller,82089,14412.0
74154,0.04172903596112108,0.03958785683690825,4.644995856278429,When in Rome (2010),Comedy|Romance,1185416,13477.0
111320,0.9704691800148996,0.438748176110073,5.802813852813853,Mom's Night Out (2014),Comedy,3014666,252680.0
2360,0.11074314193716035,0.6663155152754083,3.75711134704504,"Celebration, The (Festen) (1998)",Drama,154420,309.0
133879,-0.1363101839588474,0.2586398362296078,3.0638820638820636,Carry On Don't Lose Your Head (1966),Comedy,60330,5061.0
68,0.8375297918397823,1.1397841333053238,4.325723488974962,French Twist (Gazon maudit) (1995),Comedy|Romance,113149,4482.0
98604,0.08180380113206685,0.21322145999044154,3.9745656006043815,From Up on Poppy Hill (Kokuriko-zaka kara) (2011),Animation|Drama|Romance,1798188,83389.0
172637,0.18841453112728762,0.21322145999044154,4.4745656006043815,Priklyucheniya Kapitana Vrungelya (1979),Action|Adventure|Animation|Comedy,219263,74535.0
71,-0.48343827637005315,0.1826592983765944,0.9442424242424243,Fair Game (1995),Action,113010,11859.0
69516,0.9266910795800144,0.6815297010190097,4.950631313131312,"Limits of Control, The (2009)",Crime|Drama|Film-Noir,1135092,8284.0
152083,-0.09560347194850008,0.6815297010190097,3.450631313131313,Whiskey Tango Foxtrot (2016),Comedy|War,3553442,279641.0
567,-1.1050110486149756,1.0159865070589933,2.5032853469543763,Kika (1993),Comedy|Drama,107315,8223.0
3873,0.29561363194712476,1.0275226193288913,3.878604589174812,Cat Ballou (1965),Comedy|Western,59017,11694.0
26078,0.5278197525700671,0.9824763711205202,4.128143133462283,Advise and Consent (1962),Drama,55728,17185.0
7369,-0.8374187908962532,0.5580965319943773,2.090418149129345,Scooby-Doo 2: Monsters Unleashed (2004),Action|Adventure|Children|Comedy|Mystery,331632,11024.0
1730,0.19811871665951905,0.40536541607612603,4.079650134921373,Kundun (1997),Drama,119485,9746.0
2474,-0.16517575192225548,0.8843145162540806,3.4041251482209924,"Color of Money, The (1986)",Drama,90863,11873.0
4152,0.19811871665951905,0.40536541607612603,4.079650134921373,Vatel (2000),Drama,190861,7093.0
40697,-0.023356961515060868,0.2930236990071276,3.5111989459815547,Babylon 5,Sci-Fi,105946,
166203,-0.023356961515060868,0.2930236990071276,3.5111989459815547,Sapphire Blue (2014),Adventure|Children|Fantasy|Sci-Fi,3260022,279229.0
6785,-0.005898675299204381,0.010646389564417665,3.036855036855037,Seven Brides for Seven Brothers (1954),Comedy|Musical|Romance|Western,47472,16563.0
2028,11.091347251541748,33.63702581568238,3.9206453557119882,Saving Private Ryan (1998),Action|Drama|War,120815,857.0
2353,-0.22333546984577668,9.790597978441125,3.5680978723974572,Enemy of the State (1998),Action|Thriller,120660,9798.0
4021,1.4016584293715626,0.9472144392423845,5.070677949260383,Before Night Falls (2000),Drama,247196,5001.0
7445,0.21925987122413632,4.672637609662617,3.637833310063327,Man on Fire (2004),Action|Crime|Drama|Mystery|Thriller,328107,9509.0
3409,-1.448338603076171,4.516241353965604,3.2702135191800865,Final Destination (2000),Drama|Thriller,195714,9532.0
44191,5.948876261303066,14.091929240719836,4.013056843688978,V for Vendetta (2006),Action|Sci-Fi|Thriller|IMAX,434409,752.0
49651,-0.7488629166432121,1.901342431820348,3.1970489928486643,Rocky Balboa (2006),Action|Drama,479143,1246.0
86190,0.022648947590219962,1.5330261009375454,3.6056831039388553,Hanna (2011),Action|Adventure|Mystery|Thriller,993842,50456.0
114066,0.0772189641468363,0.28820758365585,3.8588373777616805,"20,000 Days on Earth (2014)",Documentary|Drama|Musical,2920540,246400.0
114180,1.0224075767040186,2.0670412565097327,4.085532782373473,"Maze Runner, The (2014)",Action|Mystery|Sci-Fi,1790864,198663.0
122896,-1.399861948482628,1.4840004947443988,2.647606205606659,Pirates of the Caribbean: Dead Men Tell No Tales (2017),(no genres listed),1790809,166426.0
26695,0.0990671395751738,0.20646533659176985,4.070733652312599,"Krays, The (1990)",Drama,99951,21344.0
132424,-0.11128569997742911,0.20103223221729136,3.0373376623376624,The Longest Ride (2015),Drama|Romance,2726560,228205.0
7063,-0.02993857723383278,0.5325949713734845,3.534696436184572,"Aguirre: The Wrath of God (Aguirre, der Zorn Gottes) (1972)",Adventure|Drama,68182,2000.0
142448,-0.07579652057365596,0.09709471643732787,2.810263929618768,Everest (2015),Adventure|Drama|Thriller,2719848,253412.0
2379,-1.8898196828053817,2.1690902425349075,2.719659178965896,Police Academy 2: Their First Assignment (1985),Comedy|Crime,89822,10157.0
158966,0.18397807102178737,1.1126011963909745,3.7562675963812855,Captain Fantastic (2016),Drama,3553976,334533.0
6022,-1.0356894501082623,0.5080809734881866,1.5524752503387096,American Me (1992),Drama,103671,13199.0
6636,-0.0066666808679460565,0.32857212849163137,3.5706192358366273,"Sure Thing, The (1985)",Comedy|Romance,90103,8992.0
4372,0.1841869138112141,0.1894181795062537,4.56329154274832,Crazy/Beautiful (2001),Drama|Romance,250224,10691.0
69394,-0.012547891436685561,0.009909334509698407,2.3246392496392496,"Stoning of Soraya M., The (2008)",Crime|Drama,1277737,33409.0
7381,-0.640906193149137,1.4705954501768,3.155095017723916,"Whole Ten Yards, The (2004)",Action|Comedy|Crime,327247,2122.0
74342,-0.2656301020736513,0.2586398362296078,2.5638820638820636,"Captain Newman, M.D. (1963)",Comedy|Drama|War,56903,33728.0
1241,-0.4054149108540266,1.066858392307378,3.210900915712377,Dead Alive (Braindead) (1992),Comedy|Fantasy|Horror,103873,763.0
2931,0.5532683615897567,0.536850322694552,4.621491244260139,Time of the Gypsies (Dom za vesanje) (1989),Comedy|Crime|Drama|Fantasy,97223,20123.0
65585,-0.19470121462091092,1.00555603424445,3.397283665780789,Bride Wars (2009),Comedy|Romance,901476,10521.0
142422,-0.13154150679086374,1.0694011383843849,3.46790425944838,The Night Before (2015),Comedy,3530002,296100.0
100882,-0.43636832245800494,0.6815297010190097,2.950631313131313,Journey to the West: Conquering the Demons (Daai wa sai you chi Chui mo chun kei) (2013),Adventure|Comedy|Fantasy|Romance|IMAX,2017561,170657.0
70159,-0.31921553513874584,0.3645872947131095,2.715355993563958,Orphan (2009),Drama|Horror|Mystery|Thriller,1148204,21208.0
6679,0.19811871665951905,0.40536541607612603,4.079650134921373,Revolution OS (2001),Documentary,308808,19433.0
5607,0.18641672759437838,0.12356151973114418,5.099604743083004,"Son of the Bride (Hijo de la novia, El) (2001)",Comedy|Drama,292542,19460.0
49220,-0.11152640810257329,0.08917974377033226,2.3403290445053786,For Your Consideration (2006),Comedy,470765,14799.0
49793,0.022243207552925106,0.08917974377033226,3.8403290445053786,We Are Marshall (2006),Drama,758794,11170.0
1080,1.6323349927893693,11.450189251810352,3.733468742709718,Monty Python's Life of Brian (1979),Comedy,79470,583.0
1224,1.0970093524012259,3.1039213267518297,3.9443360102534726,Henry V (1989),Action|Drama|Romance|War,97499,10705.0
910,3.356951716555728,6.1010987754664505,4.141129934743745,Some Like It Hot (1959),Comedy|Crime,53291,239.0
45517,0.8579313351838171,5.381019899518738,3.750345657062758,Cars (2006),Animation|Children|Comedy,317219,920.0
5782,1.3671219630337286,3.6308131451704617,3.967442365515142,"Professional, The (Le professionnel) (1981)",Action|Drama|Thriller,82949,1672.0
118900,-0.6793360560306134,0.6800038591875299,2.591891148801695,Wild (2014),Drama,2305051,228970.0
1972,-1.422919896038305,1.0809750597862187,2.2745790949888223,"Nightmare on Elm Street 5: The Dream Child, A (1989)",Horror,97981,10160.0
2263,-0.1526821606151757,0.7312464034010397,3.382111946875222,"Seventh Sign, The (1988)",Drama|Fantasy|Thriller,96073,11082.0
147,0.5788282026075819,1.4876274712919009,3.980003950864124,"Basketball Diaries, The (1995)",Drama,112461,10474.0
36527,-0.06140903834258941,0.5347111308852665,3.476063831860676,Proof (2005),Drama,377107,9777.0
51080,0.04185207569186509,0.7541512608068516,3.6464046895600677,Breach (2007),Drama|Thriller,401997,4169.0
5021,0.021298195863671907,0.09709471643732787,3.810263929618768,Murder by Death (1976),Comedy|Crime|Mystery|Thriller,74937,6037.0
1797,-0.2202256383972216,0.37758647005034784,3.0076635144246993,Everest (1998),Documentary|IMAX,120661,21736.0
104069,0.08143882441768942,0.2142105468864044,3.971090298610672,Louis C.K.: Oh My God (2013),Comedy,2510998,185574.0
5026,0.40130307770340673,1.3697519773880436,3.8838840851621708,"Brotherhood of the Wolf (Pacte des loups, Le) (2001)",Action|Mystery|Thriller,237534,6312.0
3604,0.7689292428447799,0.2586398362296078,6.563882063882064,Gypsy (1962),Musical,56048,39391.0
108078,-0.39495002018845515,0.2586398362296078,2.0638820638820636,Chinese Puzzle (Casse-tête chinois) (2013),Comedy|Romance,1937118,206408.0
149508,-0.39495002018845515,0.2586398362296078,2.0638820638820636,Spellbound (2011),Comedy|Romance,2132405,92499.0
116,-0.925925917054958,0.999999990419355,2.6649831649831652,Anne Frank Remembered (1995),Documentary,112373,51352.0
85316,-0.13141765885837467,0.21322145999044154,2.9745656006043815,Winnie the Pooh and Tigger Too (1974),Animation|Children,72410,72185.0
93443,0.14315842267671908,0.3878714373653753,3.9599963937770863,Goon (2011),Comedy|Drama,1456635,74387.0
5379,0.6703172121737363,0.4945451598464583,4.946330732042632,"Believer, The (2001)",Drama,247199,4012.0
2024,-0.48363136218181546,0.5906164816947626,2.772050530115046,"Rapture, The (1991)",Drama|Mystery,102757,1411.0
6862,0.022243207552925106,0.08917974377033226,3.8403290445053786,Out of Time (2003),Crime|Drama|Thriller,313443,2116.0
41769,-0.06693653621740715,0.08917974377033226,2.8403290445053786,Mozart and the Whale (2005),Comedy|Drama|Romance,392465,23478.0
50147,-0.23915498976031868,0.19350923728126776,2.355024989868972,Black Christmas (2006),Action|Horror|Thriller,454082,9656.0
2478,-2.0480217530062528,5.371288127260862,3.209618475979696,¡Three Amigos! (1986),Comedy|Western,92086,8388.0
546,-0.8473729122560578,4.833195057918781,3.4155855415589134,Super Mario Bros. (1993),Action|Adventure|Children|Comedy|Fantasy|Sci-Fi,108255,9607.0
7153,17.34796069642839,32.07499054690574,4.13176539049425,"Lord of the Rings: The Return of the King, The (2003)",Action|Adventure|Drama|Fantasy,167260,122.0
5902,2.895763186748032,5.8210700858059505,4.08837143787671,Adaptation (2002),Comedy|Drama|Romance,268126,2757.0
1680,1.0025444562067802,3.2894660251618024,3.8956833152172647,Sliding Doors (1998),Drama|Romance,120148,10215.0
1228,2.8648158424132566,5.239774876489593,4.137653161015505,Raging Bull (1980),Drama,81398,1578.0
57669,0.6584288495194709,6.171032093894258,3.6976058054134495,In Bruges (2008),Comedy|Crime|Drama|Thriller,780536,8321.0
85259,-0.06038672189125983,0.08168341312313925,2.8516314385388877,Winnie the Pooh and the Honey Tree (1966),Animation|Children,61199,36540.0
53953,-1.5197322880650956,2.705434939401362,3.029176015782409,1408 (2007),Drama|Horror|Thriller,450385,3021.0
805,-1.3055471561696774,8.50219938273379,3.4373550400806696,"Time to Kill, A (1996)",Drama|Thriller,117913,1645.0
1672,-0.5918571213564617,1.7304871216356452,3.2488914509297526,"Rainmaker, The (1997)",Drama,119978,11975.0
139644,0.021298195863671907,0.09709471643732787,3.810263929618768,Sicario (2015),Crime|Drama|Mystery,3397884,273481.0
198,-0.5006823541049616,4.613924149350026,3.4823935761545854,Strange Days (1995),Action|Crime|Drama|Mystery|Sci-Fi|Thriller,114558,281.0
8968,-0.03984922302377579,0.09908907828003066,3.188753538395423,After the Sunset (2004),Action|Adventure|Comedy|Crime|Thriller,367479,10589.0
58078,0.002316110327862049,0.009909334509698407,3.8246392496392496,"Air I Breathe, The (2007)",Crime|Drama|Romance|Thriller,485851,13641.0
48414,0.27745007056015286,0.6778142266332373,4.000239641461668,Open Season (2006),Adventure|Animation|Children|Comedy|IMAX,400717,7484.0
6750,-0.02338259151593943,0.061362407793274544,3.2098518221866237,Anything Else (2003),Comedy|Drama|Romance,313792,10739.0
14,0.9556894955034343,3.002927761619762,3.9091616668511575,Nixon (1995),Drama,113987,10858.0
86059,-0.1363101839588474,0.2586398362296078,3.0638820638820636,Hop (2011),Animation|Children|Comedy,1411704,50359.0
170993,-0.1363101839588474,0.2586398362296078,3.0638820638820636,Mini's First Time (2006),Comedy|Crime|Drama,425253,15314.0
182293,-0.1363101839588474,0.2586398362296078,3.0638820638820636,Hare-um Scare-um (1939),Animation|Children|Comedy,31405,152047.0
132046,0.16750261375389794,0.2129190023660631,4.377605496079717,Tomorrowland (2015),Action|Adventure|Children|Mystery|Sci-Fi,1964418,158852.0
7371,-0.41870812000421603,4.2700115847090885,3.4928512492152626,Dogville (2003),Drama|Mystery|Thriller,276919,553.0
141836,0.08180380113206685,0.21322145999044154,3.9745656006043815,It Can't Be! (1975),Comedy,73442,42275.0
89190,0.5859262290705096,0.6815297010190097,4.450631313131312,Conan the Barbarian (2011),Action|Adventure|Fantasy,816462,37430.0
159717,0.24516137856100476,0.6815297010190097,3.950631313131313,The Fundamentals of Caring (2016),Drama,2452386,318121.0
37830,0.5330685864094465,0.7987986073429312,4.258246992489327,Final Fantasy VII: Advent Children (2004),Action|Adventure|Animation|Fantasy|Sci-Fi,385700,647.0
2946,-0.07916477788292965,0.576484270139721,3.453585694619817,Help! (1965),Comedy|Musical,59260,14831.0
2084,0.11138072241454365,0.4438728048816621,3.841838458938831,Newsies (1992),Children|Musical,104990,15300.0
600,0.19811871665951905,0.40536541607612603,4.079650134921373,Love and a .45 (1994),Action|Comedy|Crime,110395,15477.0
3078,0.19811871665951905,0.40536541607612603,4.079650134921373,Liberty Heights (1999),Drama,165859,27141.0
5486,-0.40992940745467,0.40536541607612603,2.579650134921373,Who Is Cletis Tout? (2001),Comedy,246500,33152.0
1430,-0.17933810916469267,0.3866977978863687,3.127140974967062,Underworld (1996),Comedy|Thriller,120414,85242.0
27768,0.02243466841810725,0.06012854450521054,3.964020873386432,Intimate Strangers (Confidences trop intimes) (2004),Drama,363532,21200.0
78103,-0.42986169799119905,0.5373271224889989,2.790909090909091,Shake Hands with the Devil (2007),Drama|War,472562,30527.0
59727,-0.23915498976031868,0.19350923728126776,2.355024989868972,"Strangers, The (2008)",Horror|Thriller,482606,10665.0
3928,0.08463617997194492,0.23906605052316435,3.944937526928048,Abbott and Costello Meet Frankenstein (1948),Comedy|Horror,40068,3073.0
349,2.9593868969499915,24.929186145113913,3.709620824205287,Clear and Present Danger (1994),Action|Crime|Drama|Thriller,109444,9331.0
6238,1.1601589191709187,1.5803253120426453,4.325035735803083,Green Card (1990),Comedy|Drama|Romance,99699,12157.0
344,-7.728446409272858,35.71342429952442,3.374507371923668,Ace Ventura: Pet Detective (1994),Comedy,109040,3049.0
7458,0.4742001190678859,6.265276924155765,3.6665961075898075,Troy (2004),Action|Adventure|Drama|War,332452,652.0
81788,0.2881558354128525,0.37738732742618225,4.354463705681407,"Next Three Days, The (2010)",Crime|Drama|Romance|Thriller,1458175,43539.0
1285,-4.0414863301438615,8.268766392209882,3.102143761421563,Heathers (1989),Comedy,97493,2640.0
1658,0.29448523208786775,1.2424468832638396,3.8279294706570535,"Life Less Ordinary, A (1997)",Romance|Thriller,119535,8067.0
55820,3.836509613179461,8.269910482665637,4.054820958059416,No Country for Old Men (2007),Crime|Drama,477348,6977.0
52241,-0.21063086531248099,0.20646533659176985,2.5707336523125996,"Lookout, The (2007)",Crime|Drama|Thriller,427470,8270.0
424,0.3439973072725693,0.4692008975003643,4.324064779879831,Blue Chips (1994),Drama,109305,19819.0
1184,-0.32614674048850756,1.473157942281081,3.3695161695340126,Mediterraneo (1991),Comedy|Drama,102426,38251.0
7235,-0.09401261570324965,0.5081002912720255,3.405881415628902,Ichi the Killer (Koroshiya 1) (2001),Action|Comedy|Crime|Drama|Horror|Thriller,296042,9696.0
27721,-0.08533589983097713,0.5254422732344962,3.42850133618911,"Very Long Engagement, A (Un long dimanche de fiançailles) (2004)",Drama|Mystery|Romance|War,344510,2841.0
4800,-0.1236501959762933,0.13805604405120123,2.695256916996047,King Solomon's Mines (1937),Action|Adventure|Drama|Romance|Thriller,29081,43860.0
1693,0.17592596421259787,1.7509025147486261,3.6913863948884362,Amistad (1997),Drama|Mystery,118607,11831.0
5011,-0.0022020328917471865,0.5848742610726814,3.587144122883812,Charlotte Gray (2001),Drama|Romance,245046,12660.0
7439,-0.48437579915792134,0.9680784725330118,3.0905614301553763,"Punisher, The (2004)",Action|Crime|Thriller,330793,7220.0
70565,0.5595809290144521,0.5069718079623582,4.694680385931476,"Goods: Live Hard, Sell Hard, The (2009)",Comedy,1092633,19905.0
31610,-0.007629603834498017,0.06012854450521054,3.464020873386432,Purple Butterfly (Zi hudie) (2003),Drama,363290,34561.0
342,1.9850022764322626,8.853000616733599,3.81512711170989,Muriel's Wedding (1994),Comedy,110598,236.0
454,5.271897005754083,17.93722775563895,3.884817217492183,"Firm, The (1993)",Drama|Thriller,106918,37233.0
2411,-2.622260170873358,3.014802518350418,2.721114086124447,Rocky IV (1985),Action|Drama,89927,1374.0
3785,-2.6083577123158848,6.8068915814460365,3.2077154288525884,Scary Movie (2000),Comedy|Horror,175142,4247.0
5944,-0.8373690362587172,1.1720807970846765,2.87647964343285,Star Trek: Nemesis (2002),Action|Drama|Sci-Fi|Thriller,253754,201.0
97752,-0.11379665481024709,2.9220827704835926,3.5519654114350785,Cloud Atlas (2012),Drama|Sci-Fi|IMAX,1371111,83542.0
379,-2.4350826437680695,3.5178821426049693,2.898707776295149,Timecop (1994),Action|Sci-Fi|Thriller,111438,8831.0
832,0.10234616825474208,4.844065822534243,3.6120372448203435,Ransom (1996),Crime|Thriller,117438,3595.0
965,0.05946663417992498,1.9231031631571034,3.621831318753748,"39 Steps, The (1935)",Drama|Mystery|Thriller,26029,260.0
3770,-0.5481313414226758,0.6904487607426997,2.7970321624704564,Dreamscape (1984),Horror|Sci-Fi|Thriller,87175,24099.0
68791,0.9485534371141062,2.920486051487643,3.915702094673286,Terminator Salvation (2009),Action|Adventure|Sci-Fi|Thriller,438488,534.0
103228,0.10419299715287408,1.0800607151842148,3.6873786649691964,Pacific Rim (2013),Action|Adventure|Sci-Fi|IMAX,1663662,68726.0
8370,0.7490409422817157,1.566761393597005,4.06899142389411,"Blind Swordsman: Zatoichi, The (Zatôichi) (2003)",Action|Comedy|Crime|Drama,363226,246.0
61024,0.5478611229342584,3.335064926598099,3.7551820915829035,Pineapple Express (2008),Action|Comedy|Crime,910936,10189.0
1678,0.959932541925975,1.9407775158433178,4.085521448116279,"Joy Luck Club, The (1993)",Drama|Romance,107282,19931.0
3100,1.119056819547585,2.6264605896108137,4.01697937879923,"River Runs Through It, A (1992)",Drama,105265,293.0
3360,0.06440000368081689,2.563655258039307,3.616029474579581,Hoosiers (a.k.a. Best Shot) (1986),Drama|Romance,91217,5693.0
4980,-0.5521186597389475,1.9820902734648875,3.312355350380517,Bill & Ted's Bogus Journey (1991),Adventure|Comedy|Fantasy|Sci-Fi,101452,1649.0
1753,-0.8784222091214371,1.8823895859554058,3.1242563768931477,Half Baked (1998),Comedy,120693,9490.0
6666,0.3648282685647129,0.6590239186491034,4.144497903455613,"Discreet Charm of the Bourgeoisie, The (Charme discret de la bourgeoisie, Le) (1972)",Comedy|Drama|Fantasy,68361,4593.0
5712,-0.040494977045052866,0.6124853940796802,3.5247932660478294,Blow Out (1981),Mystery|Thriller,82085,11644.0
2476,-0.18760641548903428,2.1317942004916217,3.502905091533462,Heartbreak Ridge (1986),Action|War,91187,10015.0
3643,0.3589057052964126,0.591138808723503,4.198051948051948,"Fighting Seabees, The (1944)",Action|Drama|War,36824,22994.0
27808,-0.17524838443892965,0.6487209928423124,3.3207646276151026,Spanglish (2004),Comedy|Drama|Romance,371246,2539.0
118696,0.11803932263977884,1.3708775312724253,3.677014027307178,The Hobbit: The Battle of the Five Armies (2014),Adventure|Fantasy,2310332,122917.0
6338,-1.424064513754982,1.1969512240189921,2.4011659458430676,Daddy Day Care (2003),Children|Comedy,317303,10708.0
971,1.1532662883858071,2.184582636518699,4.118820587186304,Cat on a Hot Tin Roof (1958),Drama,51459,261.0
128087,-0.39495002018845515,0.2586398362296078,2.0638820638820636,Trinity and Sartana Are Coming (1972),Comedy|Western,69409,102959.0
27317,0.20357075828769214,0.331565281332469,4.204877952394218,Audition (Ôdishon) (1999),Drama|Horror|Mystery|Romance|Thriller,235198,11075.0
1958,1.3394507002693132,1.9329368056523304,4.283870545392479,Terms of Endearment (1983),Comedy|Drama,86425,11050.0
7050,0.3167468342872537,0.6429136487763588,4.0835830835830835,Follow the Fleet (1936),Comedy|Musical|Romance,27630,28292.0
126090,0.08180380113206685,0.21322145999044154,3.9745656006043815,Hedgehog in the Fog (1975),Animation,73099,36129.0
148956,0.6203597468479768,0.7112082233462195,4.463170865286779,How to Be Single (2016),Comedy|Romance,1292566,259694.0
165645,-0.08428057153137222,0.02967852232720984,0.7511258091753445,Bad Santa 2 (2016),Comedy,1798603,338964.0
373,-1.383748668480209,2.275830288871324,2.982889821965067,Red Rock West (1992),Thriller,105226,10427.0
4056,-0.04983033076159735,0.7196811866582142,3.521669639211068,"Pledge, The (2001)",Crime|Drama|Mystery|Thriller,237572,5955.0
1264,-1.0464839834843227,1.6982052400709866,2.9746796983766672,Diva (1981),Action|Drama|Mystery|Romance|Thriller,82269,4485.0
6192,0.603484132735645,0.40536541607612603,5.079650134921373,Open Hearts (Elsker dig for evigt) (2002),Romance,315543,102.0
4813,0.1130538550975652,0.1228373617887007,4.511263073209975,When Worlds Collide (1951),Sci-Fi,44207,16380.0
27790,-0.022346664332241025,0.08917974377033226,3.3403290445053786,Millions (2004),Children|Comedy|Crime|Drama|Fantasy,366777,13373.0
33815,-0.022346664332241025,0.08917974377033226,3.3403290445053786,"Perfect Man, The (2005)",Comedy|Drama|Romance,380623,15648.0
123,0.09376447510756944,0.12542919948815853,4.3384581105169335,Chungking Express (Chung Hing sam lam) (1994),Drama|Mystery|Romance,109424,11104.0
1992,-0.045645752479050915,0.19350923728126776,3.355024989868972,Child's Play 2 (1990),Horror|Thriller,99253,11186.0
1086,1.6168038690765172,5.8147432873184774,3.8689615842328537,Dial M for Murder (1954),Crime|Mystery|Thriller,46912,521.0
270,-0.3523037573821293,0.5981198793056429,3.0018904517173643,Love Affair (1994),Drama|Romance,110391,43742.0
5377,-0.5144958209534105,7.129757022468221,3.5187473300900245,About a Boy (2002),Comedy|Drama|Romance,276751,245.0
97938,0.15733621502553755,4.302512529985398,3.627477541071413,Life of Pi (2012),Adventure|Drama|IMAX,454876,87827.0
27831,-0.6827796394923955,3.306562629303827,3.3844168159884886,Layer Cake (2004),Crime|Drama|Thriller,375912,4836.0
2065,-0.7049224254327019,1.4289051445085357,3.097578635670821,"Purple Rose of Cairo, The (1985)",Comedy|Drama|Fantasy|Romance,89853,10849.0
2416,1.4811177833783007,2.835416752075369,4.113272437423921,Back to School (1986),Comedy,90685,15596.0
3822,0.4298556180754969,0.537826954879976,4.3901543019852545,"Girl on the Bridge, The (Fille sur le pont, La) (1999)",Drama|Romance,144201,10401.0
3250,-0.5021111146186064,1.4602028501215902,3.247045144487677,Alive (1993),Drama,106246,7305.0
47629,-0.47107568793499627,1.761509739254318,3.323481850833534,The Queen (2006),Drama,436697,1165.0
56145,1.4104945392787227,1.2544427036902965,4.715308423879306,"Mist, The (2007)",Horror|Sci-Fi,884328,5876.0
61167,0.20229980787105872,0.20646533659176985,4.570733652312599,Henry Poole is Here (2008),Drama|Mystery,1029120,13107.0
199,0.18470932044019983,0.24082354437139974,4.357899382171227,"Umbrellas of Cherbourg, The (Parapluies de Cherbourg, Les) (1964)",Drama|Musical|Romance,58450,5967.0
53894,0.44625328787919666,0.9523396960631898,4.059495341932682,Sicko (2007),Documentary|Drama,386032,2359.0
26326,0.11839291230099977,0.09709471643732787,4.810263929618769,"Holy Mountain, The (Montaña sagrada, La) (1973)",Drama,71615,8327.0
55112,-0.0075932241818363585,0.009909334509698407,2.8246392496392496,Shanghai Kiss (2007),Comedy|Drama|Romance,469184,15361.0
5414,-0.20117517348298358,0.2548716450745423,2.8015895358673917,Bad Company (2002),Action|Comedy|Crime,280486,3132.0
48520,0.2358167096623046,0.5710073396084177,4.003892766082201,Employee of the Month (2006),Comedy,424993,9794.0
171751,0.2516495703855643,0.2586398362296078,4.563882063882064,Munna bhai M.B.B.S. (2003),Comedy,374887,19625.0
7308,-0.1236501959762933,0.13805604405120123,2.695256916996047,King Solomon's Mines (1985),Adventure|Comedy,89421,9838.0
1684,-0.06014472977729621,0.7170225884712904,3.507027870506361,Mrs. Dalloway (1997),Drama|Romance,119723,38904.0
40148,1.2674559300895192,0.6815297010190097,5.450631313131312,Revolver (2005),Crime|Drama|Thriller,365686,10851.0
5159,-0.457036411945667,0.7190835299146072,2.955327280267508,Ferngully: The Last Rainforest (1992),Animation|Children|Comedy|Musical,104254,13225.0
242,-0.26899286950809975,1.1214803951105863,3.3510539220797018,Farinelli: il castrato (1994),Drama|Musical,109771,10954.0
7243,0.04537175957436369,0.3645872947131095,3.715355993563958,Intolerance: Love's Struggle Throughout the Ages (1916),Drama,6864,3059.0
4640,0.29289293386029824,0.8137072685617006,3.950857865089285,Brother (2000),Action|Crime|Thriller,222851,327.0
6971,0.19811871665951905,0.40536541607612603,4.079650134921373,Europa (Zentropa) (1991),Drama|Thriller,101829,9065.0
164917,-0.47623693623964536,0.5992089150808684,2.796132971506106,13th (2016),Documentary,5895028,407806.0
7844,0.09179778079133069,0.40834185248557453,3.8157152924594784,"Legend, The (Legend of Fong Sai-Yuk, The) (Fong Sai Yuk) (1993)",Action|Comedy,106936,17653.0
147384,0.014983743393090512,0.43631534509455705,3.6252506366776527,Doctor Who: The Runaway Bride (2007),Sci-Fi,827573,282758.0
71823,-0.2225847620926068,0.7004699609744629,3.273144198060643,"New York, I Love You (2009)",Drama|Romance,808399,12572.0
8142,0.051108866161582965,0.19350923728126776,3.855024989868972,Dead or Alive: Hanzaisha (1999),Action|Crime,221111,11315.0
1983,-0.2739628958128016,0.23906605052316435,2.444937526928048,Halloween II (1981),Horror,82495,11281.0
902,2.3102984259605766,3.816807006797104,4.196205198845991,Breakfast at Tiffany's (1961),Drama|Romance,54698,164.0
2762,5.914120698914101,27.11901063276072,3.808989343872657,"Sixth Sense, The (1999)",Drama|Horror|Mystery,167404,745.0
135,-0.4783776676671744,5.937641687798273,3.5103421431509885,Down Periscope (1996),Comedy,116130,9101.0
248,-2.6437372764313505,6.129962142223125,3.1596279157414155,Houseguest (1994),Comedy,110066,17207.0
30812,-0.4458468086798467,4.167944182230186,3.4839386543613338,"Aviator, The (2004)",Drama,338751,2567.0
1095,0.6350589098658419,3.144090723801152,3.7928940098105617,Glengarry Glen Ross (1992),Drama,104348,9504.0
7154,0.08277185055154489,0.9382649352258337,3.6791270850427225,Mona Lisa Smile (2003),Drama|Romance,304415,11820.0
66203,0.11802151186005266,0.4172873433359337,3.8737394085423777,He's Just Not That Into You (2009),Comedy|Drama|Romance,1001508,10184.0
134853,2.3283386694741406,7.734470653757245,3.8919430948771687,Inside Out (2015),Adventure|Animation|Children|Comedy|Drama|Fantasy,2096673,150540.0
80463,-1.2130457816975482,9.146457340531429,3.4582844323626523,"Social Network, The (2010)",Drama,1285016,37799.0
86628,0.05241203528368238,0.5014290436462915,3.695434418964587,Kill the Irishman (2011),Action|Crime,1416801,51209.0
3146,-3.4027889219304153,3.185327561162025,2.5226393897267547,Deuce Bigalow: Male Gigolo (1999),Comedy,205000,10402.0
3355,0.19959237398616503,1.9096934054843842,3.6954244929170583,"Ninth Gate, The (1999)",Fantasy|Horror|Mystery|Thriller,142688,622.0
81229,-0.49385977882898596,2.5714464239460275,3.3988538436249063,Red (2010),Action|Comedy,1245526,39514.0
106916,-0.8367803542909935,1.4583732280795343,3.017132544425917,American Hustle (2013),Crime|Drama,1800241,168672.0
34437,-1.1458007698913966,2.6480288087796806,3.15820958020421,Broken Flowers (2005),Comedy|Drama,412019,308.0
2890,-4.343149337062073,8.899962357344569,3.102912719387592,Three Kings (1999),Action|Adventure|Comedy|Drama|War,120188,6415.0
3142,0.9170770386109568,1.5168499941692843,4.195502189855043,U2: Rattle and Hum (1988),Documentary|Musical,96328,18161.0
3946,-0.6536533720330698,0.8450493991073424,2.817400024192342,Get Carter (2000),Action|Drama|Thriller,208988,10461.0
2731,0.9972292559610411,1.4760973638284873,4.266494103387246,"400 Blows, The (Les quatre cents coups) (1959)",Crime|Drama,53198,147.0
151759,-0.027249162354992026,0.09709471643732787,3.310263929618768,Requiem for the American Dream (2015),Documentary,3270538,333377.0
522,0.9896903602413979,1.8286095395566804,4.132134726471144,Romper Stomper (1992),Action|Drama,105275,10412.0
7256,0.2509445977351481,1.6015808930093234,3.7475946500528634,Touching the Void (2003),Adventure|Documentary,379557,11194.0
112450,0.7510950919598631,0.438748176110073,5.302813852813853,They Came Together (2014),Comedy|Romance,2398249,180296.0
1606,-0.4643176840197529,0.8297339588661853,3.031310825635926,Kull the Conqueror (1997),Action|Adventure,119484,17832.0
85022,0.019594256613862222,0.02967852232720984,4.2511258091753445,Hall Pass (2011),Comedy,480687,48988.0
6251,-0.31355033510296176,0.30180850563308664,2.5520041917736442,Piglet's Big Movie (2003),Animation|Children,323642,13691.0
34534,0.3433364557753957,0.5970047516336883,4.1660074545919,Four Brothers (2005),Action|Crime|Drama,430105,8292.0
95949,0.12962992298284862,0.3881135418648161,3.924909090909091,"Immature, The (Immaturi) (2011)",Comedy,1630637,56909.0
6220,-0.23915498976031868,0.19350923728126776,2.355024989868972,Willard (2003),Drama|Horror|Thriller,310357,10929.0
3914,0.0022791834615581243,0.026243169571654894,3.677757726144823,"Broken Hearts Club, The (2000)",Drama,222850,22597.0
4116,-0.023963986110096768,0.026243169571654894,2.677757726144823,Hollywood Shuffle (1987),Comedy,93200,34101.0
499,-0.20428656058388536,0.33435665533766995,2.979925109215727,Mr. Wonderful (1993),Comedy|Romance,107613,31911.0
1954,3.4759914229806523,8.629986690539143,3.993689714753077,Rocky (1976),Drama,75148,1366.0
3448,1.4776847196076355,5.8441895729314375,3.8437559058809794,"Good Morning, Vietnam (1987)",Comedy|Drama|War,93105,801.0
5060,3.7008932047500913,7.6893574504603714,4.072209801481274,M*A*S*H (a.k.a. MASH) (1970),Comedy|Drama|War,66026,651.0
3160,1.9338768604045276,5.838981532264882,3.922110148785086,Magnolia (1999),Drama,175880,334.0
337,2.6162161934779116,14.687632085158569,3.7690328468902554,What's Eating Gilbert Grape (1993),Drama,108550,1587.0
466,-2.4404867301944613,10.446168339524448,3.3572840285060126,Hot Shots! Part Deux (1993),Action|Comedy|War,107144,9255.0
72998,-0.09294809312800159,13.76351198540332,3.5841558659163293,Avatar (2009),Action|Adventure|Sci-Fi|IMAX,499549,19995.0
71057,-0.22931349780726404,1.318466979749706,3.416984752014539,9 (2009),Adventure|Animation|Sci-Fi,472033,12244.0
37733,0.22641235494391998,3.581587665123196,3.6541247304838747,"History of Violence, A (2005)",Action|Crime|Drama|Thriller,399146,59.0
53464,-3.260874226959912,2.391808560882904,2.2275582440686543,Fantastic Four: Rise of the Silver Surfer (2007),Action|Adventure|Sci-Fi,486576,1979.0
3113,-0.905310215694551,2.7396756575052352,3.2604647869585524,End of Days (1999),Action|Fantasy|Horror|Mystery|Thriller,146675,9946.0
46972,-0.009506311671763301,1.477389865522185,3.584474559379119,Night at the Museum (2006),Action|Comedy|Fantasy|IMAX,477347,1593.0
130450,0.02129669123187942,0.08168341312313925,3.8516314385388877,Pan (2015),Adventure|Children|Fantasy,3332064,266647.0
139717,0.22550522403972753,0.08168341312313925,6.351631438538888,10 Cent Pistol (2015),Crime|Thriller,2134170,346592.0
60753,-0.0041655287207111365,0.20646533659176985,3.5707336523125996,Felon (2008),Crime|Drama,1117385,13012.0
65230,0.7154076061636039,3.0904194944219174,3.8224011609840063,Marley & Me (2008),Comedy|Drama,822832,14306.0
4509,0.4013499781762028,0.27986369318150434,5.025,"Great Outdoors, The (1988)",Comedy,95253,2617.0
2124,1.0452279172958947,5.491978443989364,3.7812281039853044,"Addams Family, The (1991)",Children|Comedy|Fantasy,101272,2907.0
909,1.7265314815112047,2.44569477995148,4.296856331613206,"Apartment, The (1960)",Comedy|Drama|Romance,53604,284.0
2334,-1.3631507609353068,1.7355651557324594,2.8054872607732944,"Siege, The (1998)",Action|Thriller,133952,9882.0
62155,0.23919879660246823,1.3853954519273477,3.7635665052738467,Nick and Norah's Infinite Playlist (2008),Comedy|Drama|Romance,981227,12182.0
6395,0.014405848074907933,0.13805604405120123,3.695256916996047,"Crazies, The (a.k.a. Code Name: Trixie) (1973)",Action|Drama|Horror|Sci-Fi|Thriller,69895,29425.0
95377,0.08180380113206685,0.21322145999044154,3.9745656006043815,One Man Band (2005),Animation|Comedy|Musical,479113,13933.0
3103,-0.30077897799345876,0.1826592983765944,1.944242424242424,Stanley & Iris (1990),Drama|Romance,100680,36094.0
138210,0.42265479682751106,0.5133942447339824,4.414164904862579,13 Hours (2016),Drama,4172430,300671.0
3286,-0.3742634879724023,0.786048313682657,3.1147761593098,Snow Day (2000),Comedy,184907,15489.0
51939,-0.31921553513874584,0.3645872947131095,2.715355993563958,TMNT (Teenage Mutant Ninja Turtles) (2007),Action|Adventure|Animation|Children|Comedy|Fantasy,453556,1273.0
72731,-0.11467868022926594,0.4537670384834418,3.338183197436221,"Lovely Bones, The (2009)",Crime|Drama|Fantasy|Horror|Thriller,380510,7980.0
1437,-0.004563991378543954,0.40536541607612603,3.579650134921373,"Cement Garden, The (1993)",Drama,106535,14832.0
180987,1.3213898090029599,0.5992089150808684,5.796132971506106,Ferdinand (2017),Animation|Children|Comedy,3411444,364689.0
1312,-1.0742478438765781,0.5906164816947626,1.772050530115046,Female Perversions (1996),Drama,116293,41801.0
42,0.1341394646465156,0.2709617185859615,4.085958595859585,Dead Presidents (1995),Action|Crime|Drama,112819,11443.0
7016,-0.24946801013891354,0.35819291503816547,2.8944463758039283,Over the Top (1987),Action|Drama,93692,1825.0
5569,0.051108866161582965,0.19350923728126776,3.855024989868972,"Last House on the Left, The (1972)",Crime|Horror|Thriller,68833,15516.0
2944,0.6050463382799358,5.326938274292209,3.7044914729689484,"Dirty Dozen, The (1967)",Action|Drama|War,61578,1654.0
892,0.06286755122992191,3.222322117531938,3.6104191054069816,Twelfth Night (1996),Comedy|Drama|Romance,117991,44705.0
79,-1.5066840044505936,4.56343405509381,3.2607445730787523,"Juror, The (1996)",Drama|Thriller,116731,9623.0
201,-0.15140500080776512,0.30671722744282753,3.0972785176606834,Three Wishes (1995),Drama|Fantasy,114663,47939.0
765,-1.3429077475674778,4.839380396566914,3.313413288239777,Jack (1996),Comedy|Drama,116669,7095.0
778,2.797523962040969,15.78144338102105,3.768175763829852,Trainspotting (1996),Comedy|Crime|Drama,117951,627.0
67255,0.7884604705236182,4.064871028052086,3.7848784604370223,"Girl with the Dragon Tattoo, The (Män som hatar kvinnor) (2009)",Crime|Drama|Mystery|Thriller,1132620,15472.0
2266,-0.11760878917009038,0.9719496725970025,3.469906129041893,"Butcher's Wife, The (1991)",Comedy|Romance,101523,20096.0
64032,0.31854296362927065,0.3700017716799569,4.451831897259335,Four Christmases (2008),Comedy,369436,12193.0
7064,0.03204693806321408,0.7753650123897139,3.6322405123056325,Beauty and the Beast (La belle et la bête) (1946),Drama|Fantasy,38348,648.0
3556,1.5977008167652178,3.469645884000626,4.051388595210265,"Virgin Suicides, The (1999)",Drama|Romance,159097,1443.0
1262,2.4954107681840987,5.030837553762147,4.086932017810793,"Great Escape, The (1963)",Action|Adventure|Drama|War,57115,5925.0
54001,1.9144284153794882,6.834042125865027,3.8710402900033847,Harry Potter and the Order of the Phoenix (2007),Adventure|Drama|Fantasy|IMAX,373889,675.0
6371,-1.256326720696083,0.38352150742337915,0.3151430741959991,Pokémon Heroes (2003),Animation|Children,347791,33875.0
7007,0.002962706473306209,0.7417144224615446,3.5949034941235705,"Last Boy Scout, The (1991)",Action|Comedy|Crime|Drama|Thriller,102266,9319.0
70521,-0.0075932241818363585,0.009909334509698407,2.8246392496392496,Lost in Austen (2008),Drama|Fantasy|Romance|Sci-Fi,1117666,19422.0
72701,-0.1363101839588474,0.2586398362296078,3.0638820638820636,Planet 51 (2009),Adventure|Animation|Children|Comedy|Sci-Fi,762125,16866.0
84246,-0.2656301020736513,0.2586398362296078,2.5638820638820636,It Happened on Fifth Avenue (1947),Comedy|Romance,39502,52844.0
111146,-0.2656301020736513,0.2586398362296078,2.5638820638820636,Alpha and Omega 3: The Great Wolf Games (2014),Action|Adventure|Animation|Children|Comedy,3600760,258096.0
136503,-0.39495002018845515,0.2586398362296078,2.0638820638820636,Tom and Jerry: Shiver Me Whiskers (2006),Animation|Children|Comedy,808508,60293.0
79333,-0.024806928863153912,0.21322145999044154,3.4745656006043815,Watch Out for the Automobile (Beregis avtomobilya) (1966),Comedy|Crime|Romance,60161,39768.0
84156,0.08180380113206685,0.21322145999044154,3.9745656006043815,Happy People: A Year in the Taiga (2010),Documentary,1683876,89704.0
104925,0.049272778941072064,0.02967852232720984,5.2511258091753445,"Family, The (2013)",Action|Comedy|Crime,2404311,112205.0
95088,0.14368743649811197,1.4245380600254907,3.69177507724542,Safety Not Guaranteed (2012),Comedy|Drama,1862079,84332.0
98607,-0.43636832245800494,0.6815297010190097,2.950631313131313,Redline (2009),Action|Animation|Sci-Fi,1483797,71883.0
6246,0.15741636865500963,0.3143157705820882,4.091731459330143,Talent for the Game (1991),Drama,103036,41164.0
2162,-1.169811625244044,1.1871488096341163,2.605513144124134,"NeverEnding Story II: The Next Chapter, The (1990)",Adventure|Children|Fantasy,100240,34636.0
4920,0.4099590542874732,0.3645872947131095,4.715355993563958,"Now, Voyager (1942)",Drama|Romance,35140,32847.0
50005,-0.022346664332241025,0.08917974377033226,3.3403290445053786,Curse of the Golden Flower (Man cheng jin dai huang jin jia) (2006),Action|Drama,473444,1494.0
5820,-0.08330302461936347,0.32055847448463937,3.3310406698564594,Standing in the Shadows of Motown (2002),Documentary|Musical,314725,30192.0
6196,0.051108866161582965,0.19350923728126776,3.855024989868972,Cradle 2 the Grave (2003),Action|Crime|Drama|Thriller,306685,10623.0
6868,0.14786348480221684,0.19350923728126776,4.355024989868972,Wonderland (2003),Crime|Drama|Mystery|Thriller,335563,4997.0
8906,0.051108866161582965,0.19350923728126776,3.855024989868972,Cannibal Holocaust (1980),Horror,78935,8689.0
132153,-0.39495002018845515,0.2586398362296078,2.0638820638820636,Buzzard (2015),Comedy|Drama|Horror,2656588,253303.0
5746,-1.5611270122427057,0.6088395347746551,1.0268065268065265,Galaxy of Terror (Quest) (1981),Action|Horror|Mystery|Sci-Fi,82431,28893.0
276,-1.7359441630371901,4.174738686996433,3.1750880555843297,Milk Money (1994),Comedy|Romance,110516,8986.0
6502,1.2217940103106424,9.48508411099269,3.7197212338498846,28 Days Later (2002),Action|Horror|Sci-Fi,289043,170.0
2302,1.7099800817117508,10.36443388689655,3.755894472684127,My Cousin Vinny (1992),Comedy,104952,10377.0
2605,-1.1552779160481057,10.208901280257184,3.4777453052740706,Entrapment (1999),Crime|Thriller,137494,1844.0
135887,0.014083240134621644,2.7076120996641246,3.596110441625602,Minions (2015),Adventure|Animation|Children|Comedy,2293640,211672.0
3107,0.08630580985723835,2.8927025625353204,3.6207447922960996,Backdraft (1991),Action|Drama,101393,2924.0
48879,-0.10739819701659606,0.20646533659176985,3.0707336523125996,Catch a Fire (2006),Drama|Thriller,437232,1123.0
3968,-2.637813231227817,3.757771393771063,2.8889469556923784,Bedazzled (2000),Comedy,230030,1636.0
3274,-0.7569217449228444,2.1924856687056256,3.2456745674972654,Single White Female (1992),Drama|Thriller,105414,9605.0
117881,0.293906084767802,1.240485244053568,3.827837410836055,Still Alice (2014),Drama,3316960,284293.0
8253,0.06984555408233584,0.09709471643732787,4.310263929618769,Lupin III: The Castle Of Cagliostro (Rupan sansei: Kariosutoro no shiro) (1979),Action|Adventure|Animation|Comedy|Crime|Mystery,79833,15371.0
3917,0.1600618746608491,0.9541528392790125,3.7586619582398604,Hellraiser (1987),Horror,93177,9003.0
59731,-0.002638556926987155,0.009909334509698407,3.3246392496392496,"Bigger, Stronger, Faster* (2008)",Documentary,1151309,13636.0
126577,-0.1363101839588474,0.2586398362296078,3.0638820638820636,"Daddy, I'm A Zombie (2012)",Animation|Comedy|Fantasy,2243469,89247.0
132800,-0.2656301020736513,0.2586398362296078,2.5638820638820636,Welcome to Me (2014),Comedy|Drama,2788716,284537.0
144222,0.1223296522707604,0.2586398362296078,4.063882063882064,Bros Before Hos (2013),Comedy,2947832,230211.0
2419,0.014405848074907933,0.13805604405120123,3.695256916996047,Extremities (1986),Drama|Thriller,91024,44326.0
106766,0.022249265457401166,0.05464477574879632,3.998070894622619,Inside Llewyn Davis (2013),Drama,2042568,86829.0
33124,-0.13141765885837467,0.21322145999044154,2.9745656006043815,Before the Fall (NaPolA - Elite für den Führer) (2004),Drama|War,384369,9393.0
110773,-0.08428057153137222,0.02967852232720984,0.7511258091753445,"Haunted House 2, A (2014)",Comedy|Horror,2828996,184345.0
2166,0.0016319836010427607,0.7798879273487278,3.5930016782460825,Return to Paradise (1998),Crime|Drama|Romance|Thriller,124595,10278.0
130490,0.6168209540939058,0.8372251514194016,4.327653505536589,Insurgent (2015),Action|Sci-Fi|Thriller,2908446,262500.0
39307,-0.31405728721812265,0.3143157705820882,2.5917314593301435,Dreamer: Inspired by a True Story (2005),Children|Drama,418647,12920.0
3130,-0.3010466896418864,0.47414079822363875,2.955978094104443,Bonfire of the Vanities (1990),Comedy|Crime|Drama,99165,9586.0
6330,-0.004563991378543954,0.40536541607612603,3.579650134921373,People I Know (2002),Crime|Drama,274711,11458.0
166291,-0.7758413937800795,0.5992089150808684,2.296132971506106,A Silent Voice (2016),Animation|Drama|Romance,5323662,378064.0
25841,0.02243466841810725,0.06012854450521054,3.964020873386432,Stage Door (1937),Drama,29604,43864.0
118198,-0.42986169799119905,0.5373271224889989,2.790909090909091,The Green Prince (2014),Documentary|Drama|Thriller,2304915,250798.0
93766,-0.24946801013891354,0.35819291503816547,2.8944463758039283,Wrath of the Titans (2012),Action|Adventure|Fantasy|IMAX,1646987,57165.0
26366,0.24558377081906232,0.3784405648687192,4.2398452611218564,Harlan County U.S.A. (1976),Documentary,74605,33324.0
2974,-0.1424003711196848,0.19350923728126776,2.855024989868972,Bats (1999),Horror|Thriller,200469,10496.0
4771,-0.1424003711196848,0.19350923728126776,2.855024989868972,Hardball (2001),Drama,180734,20857.0
2624,-0.023963986110096768,0.026243169571654894,2.677757726144823,After Life (Wandafuru raifu) (1998),Drama|Fantasy,165078,17962.0
1984,-0.15442987055121943,0.23906605052316435,2.944937526928048,Halloween III: Season of the Witch (1982),Horror,85636,10676.0
43460,-0.03489684528963725,0.23906605052316435,3.444937526928048,Tristram Shandy: A Cock and Bull Story (2005),Comedy|Drama,423409,8435.0
1092,-4.129718085212083,7.730575075854281,3.05670328543016,Basic Instinct (1992),Crime|Mystery|Thriller,103772,402.0
2115,4.6781727280287715,18.847388907251442,3.8391223978584086,Indiana Jones and the Temple of Doom (1984),Action|Adventure|Fantasy,87469,87.0
999,-1.3403355590227006,2.367978732160858,3.0248839231916422,2 Days in the Valley (1996),Crime|Film-Noir,115438,9401.0
105211,-0.22463322826733967,0.2885197427286932,2.8123376623376624,Enough Said (2013),Comedy|Drama|Romance,2390361,209263.0
71899,0.020256224939862403,0.7375298687775794,3.6183740462924385,Mary and Max (2009),Animation|Comedy|Drama,978762,24238.0
2548,-0.5133234353701929,0.6448919475008031,2.7949254577446316,"Rage: Carrie 2, The (1999)",Horror,144814,7341.0
3984,0.20565392064730173,3.57864007510136,3.6483761499961873,Diamonds Are Forever (1971),Action|Adventure|Thriller,66995,681.0
101525,0.25831266009865717,0.7953259723867447,3.915697503543812,"Place Beyond the Pines, The (2012)",Crime|Drama,1817273,97367.0
46862,0.06984555408233584,0.09709471643732787,4.310263929618769,Orchestra Rehearsal (Prova d'orchestra) (1978),Drama,79759,47850.0
175303,0.10666590962455377,1.1792239127074473,3.6813634214862696,It (2017),Horror,1396484,346364.0
365,1.283326469475455,1.438152572463923,4.483252847786561,Little Buddha (1993),Drama,107426,1689.0
54004,0.17423673483392307,0.6804697529266738,3.8469626981187246,I Now Pronounce You Chuck and Larry (2007),Comedy|Romance,762107,3563.0
72226,-0.7953575114464958,1.952323971616298,3.183518963548194,Fantastic Mr. Fox (2009),Adventure|Animation|Children|Comedy|Crime,432283,10315.0
116817,-0.2656301020736513,0.2586398362296078,2.5638820638820636,Rudderless (2014),Comedy|Drama,1798243,244403.0
6049,0.0023619584867967673,0.17950884499655528,3.604066985645933,Ethan Frome (1993),Drama,106833,61807.0
78174,-0.05460204920416238,0.02967852232720984,1.7511258091753445,Sex and the City 2 (2010),Comedy|Drama|Romance,1261945,37786.0
134861,-0.02492352687695254,0.02967852232720984,2.7511258091753445,Trevor Noah: African American (2013),(no genres listed),3043546,250556.0
77866,-0.4026065689463024,0.3848154439683154,2.5446762141967625,Robin Hood (2010),Action|Adventure|Drama|Romance|War,955308,20662.0
3737,0.15741636865500963,0.3143157705820882,4.091731459330143,Lonely Are the Brave (1962),Drama|Western,56195,43002.0
7045,-0.3324920824671184,0.4438728048816621,2.841838458938831,"Witches, The (1990)",Children|Fantasy,100944,10166.0
8582,0.29596870703411793,0.40834185248557453,4.315715292459478,Manufacturing Consent: Noam Chomsky and the Media (1992),Documentary|War,104810,36947.0
7056,0.02243466841810725,0.06012854450521054,3.964020873386432,"Public Enemy, The (1931)",Action|Crime|Drama,22286,17687.0
8535,0.11269005350015045,0.39772960058876644,3.874242424242424,De-Lovely (2004),Drama|Musical,352277,15237.0
2593,0.27131782911605234,0.9999999987420213,3.862226920366455,"Monster, The (Mostro, Il) (1994)",Comedy,110570,22826.0
51498,0.051108866161582965,0.19350923728126776,3.855024989868972,2001 Maniacs (2005),Comedy|Horror,264323,10845.0
102007,0.2518747061306659,0.20020809974488832,4.848973607038123,"Invincible Iron Man, The (2007)",Animation,903135,13647.0
2000,2.898226851438599,13.555378871113042,3.8047154978708924,Lethal Weapon (1987),Action|Comedy|Crime|Drama,93409,941.0
357,-3.2105929726388225,18.175289684816462,3.4142630495906445,Four Weddings and a Funeral (1994),Comedy|Romance,109831,712.0
1004,0.37821412852183295,1.8520370828099295,3.795124293742936,"Glimmer Man, The (1996)",Action|Thriller,116421,9625.0
45730,-1.2087741991621397,0.8398132582527991,2.1515722058532982,Lady in the Water (2006),Drama|Fantasy|Mystery,452637,9697.0
49824,-0.2720218643114082,0.9516657466997582,3.305071479064027,Dreamgirls (2006),Drama|Musical,443489,1125.0
6016,2.7703192954419187,12.212445423664647,3.8177530356995204,City of God (Cidade de Deus) (2002),Action|Adventure|Crime|Drama|Thriller,317248,598.0
2144,0.9269873086219972,7.109953272924287,3.7212879095930473,Sixteen Candles (1984),Comedy|Romance,88128,15144.0
117529,-0.46932593793988264,1.1446148254427095,3.1808795093349063,Jurassic World (2015),Action|Adventure|Drama|Sci-Fi|Thriller,369610,135397.0
5617,-0.37181720719833894,3.3386353096502717,3.479541069932494,Secretary (2002),Comedy|Drama|Romance,274812,11013.0
529,1.0877126414355536,4.9726489179964,3.8096481692902406,Searching for Bobby Fischer (1993),Drama,108065,14291.0
3950,0.39663589597687093,0.6118307526678959,4.239186239854833,Tigerland (2000),Drama,170691,10687.0
175661,-0.23780068829625284,0.2920486707961986,2.776658891968113,The Hitman's Bodyguard (2017),Action|Comedy,1959563,390043.0
5878,-0.07455662556023594,0.8558641891859408,3.503796408193448,Talk to Her (Hable con Ella) (2002),Drama|Romance,287467,64.0
5644,-0.0066666808679460565,0.32857212849163137,3.5706192358366273,"Pride of the Yankees, The (1942)",Drama,35211,19140.0
8781,-0.0730023223065098,0.6549307100021783,3.4794433721824993,"Manchurian Candidate, The (2004)",Thriller,368008,14462.0
68952,0.06575884953267172,0.29259831556129845,3.815650130195407,Drag Me to Hell (2009),Comedy|Horror,1127180,16871.0
69904,0.0072707775827112525,0.009909334509698407,4.324639249639249,Open Water 2: Adrift (2006),Drama|Thriller,470055,9592.0
6952,0.19832708278588904,1.5681595111502284,3.717380334029262,Gothika (2003),Horror|Thriller,348836,4970.0
1187,-0.30066502771266934,0.850256613606356,3.2372922852280372,Passion Fish (1992),Drama,105107,41768.0
905,1.7184682300071725,2.1972881624546226,4.372995054585083,It Happened One Night (1934),Comedy|Romance,25316,3078.0
26645,-0.1363101839588474,0.2586398362296078,3.0638820638820636,Life Is a Long Quiet River (La vie est un long fleuve tranquille) (1988),Comedy,96386,4271.0
49013,-0.006990265844043497,0.2586398362296078,3.5638820638820636,"Santa Clause 3: The Escape Clause, The (2006)",Comedy|Fantasy,452681,13767.0
78142,-0.2656301020736513,0.2586398362296078,2.5638820638820636,Baarìa (2009),Comedy|Drama|War,1081935,25846.0
6777,-0.13141765885837467,0.21322145999044154,2.9745656006043815,Judgment at Nuremberg (1961),Drama,55031,821.0
110586,-0.024806928863153912,0.21322145999044154,3.4745656006043815,Calvary (2014),Comedy|Drama,2234003,157832.0
4836,0.00025848336396554043,0.3143157705820882,3.5917314593301435,"Competition, The (1980)",Drama|Romance,80556,42158.0
5643,-0.13614387081977153,0.5120196589713792,3.32501330266284,Powaqqatsi (1988),Documentary,95895,24348.0
6688,-0.004563991378543954,0.40536541607612603,3.579650134921373,Autumn Spring (Babí léto) (2001),Comedy|Drama,286476,15920.0
55854,-0.013705151731700987,0.050140799018418225,3.3175757575757574,"Fugitive, The (1947)",Drama,39402,37368.0
32213,-0.19835914397733057,0.5517021523194332,3.231368815158125,Cube Zero (2004),Horror|Mystery|Sci-Fi|Thriller,377713,438.0
86835,-0.0703715526198308,0.35819291503816547,3.3944463758039283,Priest (2011),Action|Horror|Sci-Fi|Thriller,822847,38321.0
294,0.03908581583882105,0.3713152504688004,3.6961722488038276,"Perez Family, The (1995)",Comedy|Romance,114113,63020.0
1964,-1.8044844533961986,1.5326107909139068,2.413516589111442,Klute (1971),Drama|Mystery,67309,466.0
3617,-2.5442273763633185,6.632874973588948,3.2073307200677847,Road Trip (2000),Comedy,215129,9285.0
26409,-1.256707244855378,0.6088395347746551,1.5268065268065265,"Clonus Horror, The (1979)",Horror|Sci-Fi,78062,98851.0
1449,1.1540458508247131,2.484084210215622,4.055485068679402,Waiting for Guffman (1996),Comedy,118111,16448.0
1885,-0.872248170161749,1.7370848228567122,3.088775770368475,"Opposite of Sex, The (1998)",Comedy|Drama|Romance,120777,9844.0
8972,-0.2215503317096791,3.8548841464315906,3.5334364605280286,National Treasure (2004),Action|Adventure|Drama|Mystery|Thriller,368891,2059.0
118,0.17721426460966114,0.45138271021953535,3.9835122203543256,If Lucy Fell (1996),Comedy|Romance,116606,10324.0
1373,-1.0915621766850963,4.319568680280437,3.3382074307483753,Star Trek V: The Final Frontier (1989),Action|Sci-Fi,98382,172.0
2642,-3.853464943308917,3.598845292692985,2.5201587168563617,Superman III (1983),Action|Adventure|Sci-Fi,86393,9531.0
4903,0.05564049803071287,0.7052692764950902,3.6698016499430306,In the Bedroom (2001),Drama,247425,1999.0
7025,-1.4823981892101445,1.2064653309143505,2.3621972902254598,"Midnight Clear, A (1992)",Drama|War,102443,23908.0
27408,-0.10739819701659606,0.20646533659176985,3.0707336523125996,Ripley's Game (2002),Drama|Thriller,265651,10955.0
3186,0.43801939645756954,2.293091875269321,3.7819260323502726,"Girl, Interrupted (1999)",Drama,172493,3558.0
4679,-0.6079622973362078,0.8379602251758816,2.8653826529345428,Uncle Buck (1989),Comedy,98554,2616.0
1390,-0.8513652675192821,0.8646075713903805,2.606225061193509,My Fellow Americans (1996),Comedy,117119,17795.0
2925,-1.7902542731440292,1.3103161751697907,2.224632533335459,"Conformist, The (Conformista, Il) (1970)",Drama,65571,8416.0
175485,1.099951213773312,0.6963036315181963,5.170609618069945,Death Note (2017),Horror|Thriller,1241317,351460.0
45728,0.5316174377244701,0.568622875250002,4.525830039157502,Clerks II (2006),Comedy,424345,2295.0
102217,-0.0013540636103403056,0.0009890868959628648,2.2219054008721906,Bill Hicks: Revelations (1993),Comedy,152183,25117.0
4128,0.598928057839867,1.6949917877210747,3.944260689529594,"Lost Boys, The (1987)",Comedy|Horror|Thriller,93437,1547.0
47999,0.09706063784665744,0.3040200798698997,3.9101664172284343,Jesus Camp (2006),Documentary|Drama,486358,1776.0
86293,-0.23248756985109578,0.3977807718750737,3.0064475324602316,Arthur (2011),Comedy,1334512,49012.0
2010,0.36985749266142054,2.830359820421184,3.721584169742842,Metropolis (1927),Drama|Sci-Fi,17136,19.0
722,0.09050389528845118,0.2914026518628154,3.901489295687248,"Haunted World of Edward D. Wood Jr., The (1996)",Documentary,113270,73183.0
128594,-0.1363101839588474,0.2586398362296078,3.0638820638820636,Boy Meets Girl (2015),Comedy|Drama|Romance,3007302,263105.0
1981,-1.0995201204387646,0.6689199574670249,1.9471845941811448,Friday the 13th Part VIII: Jason Takes Manhattan (1989),Horror,97388,10283.0
9010,-0.6953293718354429,0.8947511610094512,2.813788700195121,Love Me If You Dare (Jeux d'enfants) (2003),Drama|Romance,364517,8424.0
5873,0.30975792243802824,1.1635539915398763,3.8571261506160384,The Emperor's Club (2002),Drama,283530,17187.0
3224,0.18280815671393652,0.13978414288596877,4.898698035632709,Woman in the Dunes (Suna no onna) (1964),Drama,58625,16672.0
6412,0.22766540693091847,0.3645872947131095,4.215355993563958,Destry Rides Again (1939),Comedy|Western,31225,43828.0
6645,0.485437604669527,0.6444314665992904,4.344189509122086,THX 1138 (1971),Action|Adventure|Drama|Sci-Fi,66434,636.0
5493,-0.009783506691135495,0.1228373617887007,3.5112630732099754,In Like Flint (1967),Action|Adventure|Comedy,61810,24130.0
46572,0.09179778079133069,0.40834185248557453,3.8157152924594784,Edmond (2005),Drama|Thriller,443496,18191.0
3329,0.10698511951294709,0.5906164816947626,3.772050530115046,The Year My Voice Broke (1987),Drama|Romance,94347,19958.0
56915,-0.023356961515060868,0.2930236990071276,3.5111989459815547,"Water Horse: Legend of the Deep, The (2007)",Adventure|Children|Fantasy,760329,54318.0
6013,-0.06693653621740715,0.08917974377033226,2.8403290445053786,Kangaroo Jack (2003),Action|Comedy,257568,10628.0
2348,-0.5641407363463226,0.32055847448463937,1.8310406698564592,Sid and Nancy (1986),Drama,91954,14924.0
1503,0.051108866161582965,0.19350923728126776,3.855024989868972,8 Heads in a Duffel Bag (1997),Comedy,118541,13982.0
80846,0.051108866161582965,0.19350923728126776,3.855024989868972,Devil (2010),Horror|Mystery|Thriller,1314655,44040.0
1571,-0.023963986110096768,0.026243169571654894,2.677757726144823,When the Cat's Away (Chacun cherche son chat) (1996),Comedy|Romance,115856,11956.0
4953,-0.15442987055121943,0.23906605052316435,2.944937526928048,"People That Time Forgot, The (1977)",Adventure|Sci-Fi,76535,27591.0
281,1.3813250872787244,3.735726090983976,3.9606698960742492,Nobody's Fool (1994),Comedy|Drama|Romance,110684,11593.0
95543,-0.5048671823607389,1.032125732761004,3.1017563003763073,Ice Age 4: Continental Drift (2012),Adventure|Animation|Comedy,1667889,57800.0
1193,5.724073053590421,22.18051383042544,3.8489767397179566,One Flew Over the Cuckoo's Nest (1975),Drama,73486,510.0
3174,0.014509768068996225,4.042495546415635,3.594498400508173,Man on the Moon (1999),Comedy|Drama,125664,1850.0
52604,0.12766721748217538,1.2775649911426665,3.690839206689728,Fracture (2007),Crime|Drama|Mystery|Thriller,488120,6145.0
68319,-1.0667175605217016,2.672184586194931,3.1917160239209084,X-Men Origins: Wolverine (2009),Action|Sci-Fi|Thriller,458525,2080.0
1011,-1.651052176529766,2.367186116829822,2.8934344965831977,Herbie Rides Again (1974),Children|Comedy|Fantasy|Romance,71607,10869.0
2661,-0.2975229521376353,0.38352150742337915,2.815143074195999,It Came from Outer Space (1953),Sci-Fi,45920,19483.0
1428,0.481373388428904,0.35522036249581196,4.9460492778249785,Angel Baby (1995),Drama,112362,2892.0
4388,-2.0708890633751604,2.9209131519636884,2.881922224256472,Scary Movie 2 (2001),Comedy,257106,4248.0
42725,0.3252394703079697,0.48182759583808543,4.265921217896653,Grandma's Boy (2006),Comedy,456554,9900.0
131826,0.012603990769818725,0.28831835855681764,3.634624624088831,Iliza Shlesinger: Freezing Hot (2015),Comedy,4073952,320996.0
1366,0.07407407336439699,0.999999990419355,3.6649831649831652,"Crucible, The (1996)",Drama,115988,20539.0
108689,-0.09073944790647138,0.5133942447339824,3.414164904862579,"I, Frankenstein (2014)",Action|Fantasy|Sci-Fi|IMAX,1418377,100241.0
112623,0.20085929939434055,1.1979968426744418,3.7585717192562047,Dawn of the Planet of the Apes (2014),Sci-Fi,2103281,119450.0
3503,0.38092687337345554,0.5451495589620948,4.289665729543631,Solaris (Solyaris) (1972),Drama|Mystery|Sci-Fi,69293,593.0
4146,-0.10971063467067929,0.5289269358072702,3.3834879383008682,"Million Dollar Hotel, The (2001)",Drama|Mystery|Romance,120753,318.0
4911,-0.004563991378543954,0.40536541607612603,3.579650134921373,Jabberwocky (1977),Adventure|Comedy|Fantasy,76221,11834.0
85056,-0.11732455279663062,0.5138883654385574,3.3626016204791958,I Am Number Four (2011),Action|Sci-Fi|Thriller|IMAX,1464540,46529.0
6715,0.051108866161582965,0.19350923728126776,3.855024989868972,Children of the Night (1991),Horror,103957,61054.0
2073,0.10610610864368782,0.36059982490932485,3.8851580098329115,Fandango (1985),Comedy,89126,20348.0
2406,0.7156051178338487,9.543354318537249,3.6658937445170827,Romancing the Stone (1984),Action|Adventure|Comedy|Romance,88011,9326.0
5459,-4.510479035053696,8.445081268507453,3.056813693642315,Men in Black II (a.k.a. MIIB) (a.k.a. MIB 2) (2002),Action|Comedy|Sci-Fi,120912,608.0
2883,0.17721426460966114,0.45138271021953535,3.9835122203543256,Mumford (1999),Comedy|Drama,140397,24071.0
3225,0.17721426460966114,0.45138271021953535,3.9835122203543256,Down to You (2000),Comedy|Romance,186975,10472.0
34536,-0.26429759894367466,0.5207811071738581,3.0834068115388806,The Great Raid (2005),Action|Drama|War,326905,13922.0
55116,-0.0041655287207111365,0.20646533659176985,3.5707336523125996,"Hunting Party, The (2007)",Action|Adventure|Comedy|Drama|Thriller,455782,5353.0
65682,-0.18766332724583326,0.7880090734530016,3.3527604025653064,Underworld: Rise of the Lycans (2009),Action|Fantasy|Horror|Thriller,834001,12437.0
47423,0.34695448108208427,0.3645374553134904,4.542675434874252,Half Nelson (2006),Drama,468489,7859.0
72395,0.08974653223986225,0.20103223221729136,4.037337662337662,Precious (2009),Drama,929632,25793.0
7162,0.0456262199831969,1.3745848014416375,3.6241018193135845,Cold Mountain (2003),Drama|Romance|War,159365,2289.0
73023,0.2250268500039313,0.3744966292228079,4.1917872629528,Crazy Heart (2009),Drama|Romance,1263670,25196.0
2792,2.470036264814809,2.951736638893676,4.427716898309073,Airplane II: The Sequel (1982),Comedy,83530,2665.0
3315,-0.2656301020736513,0.2586398362296078,2.5638820638820636,Happy Go Lovely (1951),Musical,43618,127602.0
3768,-0.26170624002749454,0.13805604405120123,1.695256916996047,Braddock: Missing in Action III (1988),Action|War,94792,27352.0
99145,0.21143372411491546,0.6013350018552577,3.942516303964365,"Impossible, The (Imposible, Lo) (2012)",Drama|Thriller,1649419,80278.0
141820,-0.024806928863153912,0.21322145999044154,3.4745656006043815,Old Men: Robbers (1971),Comedy,67789,46010.0
145994,0.18841453112728762,0.21322145999044154,4.4745656006043815,Formula of Love (1984),Comedy,216755,27940.0
59143,0.019594256613862222,0.02967852232720984,4.2511258091753445,Super High Me (2007),Comedy|Documentary,1111833,14236.0
173145,-0.4056209154275221,0.23611754101309415,1.8730319959370236,War for the Planet of the Apes (2017),Action|Adventure|Drama|Sci-Fi,3450958,281338.0
2818,-1.7439048369240173,1.0059746345645468,1.8573615669410575,Iron Eagle IV (1995),Action|War,113438,28737.0
6250,-0.5743371329983774,1.082566065735257,3.0603759888869995,Dreamcatcher (2003),Drama|Horror|Sci-Fi|Thriller,285531,6171.0
31297,0.04537175957436369,0.3645872947131095,3.715355993563958,Gold Diggers of 1935 (1935),Comedy|Musical,26421,43892.0
4628,0.4293237777307951,0.43160858564778093,4.585615387324495,New York Stories (1989),Comedy|Drama,97965,9686.0
2557,0.29596870703411793,0.40834185248557453,4.315715292459478,I Stand Alone (Seul contre tous) (1998),Drama|Thriller,157016,1567.0
49263,-0.31654407169424387,0.40834185248557453,2.8157152924594784,Fuck (2005),Comedy|Documentary,486585,21710.0
8833,-0.002341355611769594,0.02236610755453587,3.4862258953168044,Vanity Fair (2004),Drama|Romance,241025,11632.0
5584,0.0018867473947532392,0.07971507742832395,3.6145777299623454,Ernest Goes to Jail (1990),Comedy,99512,18943.0
27434,-0.06693653621740715,0.08917974377033226,2.8403290445053786,Darkness (2002),Horror|Mystery,273517,11056.0
3733,0.0024961237858805614,0.0038383790292314305,4.241215839375348,"Paper Chase, The (1973)",Drama,70509,14328.0
1805,-3.3570743827569376,5.8782725246694305,3.0198102912756517,Wild Things (1998),Crime|Drama|Mystery|Thriller,120890,617.0
8908,0.7758175664003389,0.9141956310190658,4.439543168864074,Ladder 49 (2004),Action|Drama|Thriller,349710,11128.0
2011,1.0264283523736832,11.87556018213335,3.677341085411374,Back to the Future Part II (1989),Adventure|Comedy|Sci-Fi,96874,165.0
68358,1.1849867629801967,9.322916188549074,3.718013822842181,Star Trek (2009),Action|Adventure|Sci-Fi|IMAX,796366,13475.0
7018,0.7267527591796945,0.9310954827295697,4.371444248322989,Presumed Innocent (1990),Crime|Drama|Thriller,100404,11092.0
1702,-0.43430707365655014,1.4808187363476273,3.2976206127204986,Flubber (1997),Children|Comedy|Fantasy,119137,9574.0
2243,-2.3229615604764877,3.2295574059133147,2.871627384931935,Broadcast News (1987),Comedy|Drama|Romance,92699,12626.0
3005,-2.4231970152214832,5.225042676470005,3.127143115152779,"Bone Collector, The (1999)",Thriller,145681,9481.0
3048,-0.30906529089951146,0.6904487607426997,3.143279507843351,Under the Rainbow (1981),Comedy,83254,47941.0
3515,0.32993100398379943,0.7976111189573494,4.004558043565481,Me Myself I (2000),Comedy|Romance,183503,49721.0
115877,0.06225878580237665,0.29490487311358077,3.8020238993727613,"Simpsons: The Longest Daycare, The (2012)",Animation|Comedy,2175842,116440.0
132660,-0.06051665043411534,0.17290471552604378,3.2409090909090907,Man Up (2015),Comedy|Romance,3064298,332340.0
8981,-0.099155182877378,0.8535377510505096,3.474739439648393,Closer (2004),Drama|Romance,376541,2288.0
111659,-0.01195837858628862,0.6968508428304627,3.573748490890705,Maleficent (2014),Action|Adventure|Children|IMAX,1587310,102651.0
138208,-0.027249162354992026,0.09709471643732787,3.310263929618768,The Walk (2015),Adventure|Drama|Thriller,3488710,285783.0
7983,0.469520062709123,0.38352150742337915,4.8151430741959995,Broadway Danny Rose (1984),Comedy,87003,12762.0
48877,-1.0163448315657355,1.9051646786675025,3.0574408595556832,Saw III (2006),Crime|Horror|Thriller,489270,214.0
942,0.3589057052964126,0.591138808723503,4.198051948051948,Laura (1944),Crime|Film-Noir|Mystery,37008,1939.0
7015,-0.0066666808679460565,0.32857212849163137,3.5706192358366273,Only the Lonely (1991),Comedy|Romance,102598,2611.0
4141,0.002316110327862049,0.009909334509698407,3.8246392496392496,Head Over Heels (2001),Comedy|Romance,192111,24940.0
34332,-1.0504432349421355,0.5530493098740552,1.6915427664463574,Sky High (2005),Action|Adventure|Children|Comedy,405325,11459.0
5294,0.014405848074907933,0.13805604405120123,3.695256916996047,Frailty (2001),Crime|Drama|Thriller,264616,12149.0
120625,0.08180380113206685,0.21322145999044154,3.9745656006043815,The Fool (2014),Drama,3560686,285700.0
172587,0.18841453112728762,0.21322145999044154,4.4745656006043815,Vacations in Prostokvashino (1980),Animation,1315584,77759.0
128975,-0.25955227585226115,0.3878714373653753,2.9217381985761177,Hot Tub Time Machine 2 (2015),Comedy|Sci-Fi,2637294,243938.0
165947,0.019594256613862222,0.02967852232720984,4.2511258091753445,The True Memoirs of an International Assassin (2016),Action|Comedy,1542768,339396.0
3372,0.2644014881679567,0.9049322522768508,3.883087303700944,"Bridge at Remagen, The (1969)",Action|War,64110,15873.0
5646,0.2918831917670885,0.5307946155642845,4.140807645280803,Valmont (1989),Drama|Romance,98575,37606.0
158035,0.12297197884122305,0.5992089150808684,3.796132971506106,Gintama: The Final Chapter - Be Forever Yorozuya (2013),Action|Animation|Comedy,2374144,245917.0
99,1.0695865015901347,0.8496715199547799,4.8497326203208555,Heidi Fleiss: Hollywood Madam (1995),Documentary,113283,63076.0
48161,-0.022346664332241025,0.08917974377033226,3.3403290445053786,Gridiron Gang (2006),Drama,421206,9766.0
134881,-0.059717898165793315,0.05464477574879632,2.498070894622619,Love & Mercy (2014),Drama,903657,271714.0
1090,1.1867720046611312,11.17338501704765,3.697123277822943,Platoon (1986),Drama|War,91763,792.0
1445,-1.4252797607899617,1.3351537035688255,2.5234067074904387,McHale's Navy (1997),Comedy|War,119640,14908.0
3033,-1.4489288471235362,9.607996482327437,3.440104617802899,Spaceballs (1987),Comedy|Sci-Fi,94012,957.0
1371,-1.6400869174813428,6.694827137109709,3.3459308586272933,Star Trek: The Motion Picture (1979),Adventure|Sci-Fi,79945,152.0
302,-0.8236655310217726,1.195944567824215,2.902193615976779,"Queen Margot (Reine Margot, La) (1994)",Drama|Romance,110963,10452.0
313,-0.15140500080776512,0.30671722744282753,3.0972785176606834,"Swan Princess, The (1994)",Animation|Children,111333,22586.0
2446,-0.650146434630921,0.9822466236353591,2.9290117435558503,In Dreams (1999),Horror|Thriller,120710,28902.0
3248,-3.140600885493638,2.5257677689391294,2.3474848441847964,Sister Act 2: Back in the Habit (1993),Comedy,108147,6279.0
117572,0.06213839779344904,0.08168341312313925,4.351631438538888,Hit by Lightning (2014),Comedy|Crime|Romance,2402619,294538.0
47610,2.726145109872899,5.816875329586518,4.059570520870782,"Illusionist, The (2006)",Drama|Fantasy|Mystery|Romance,443543,1491.0
55094,-0.471951748755305,0.8352277080118475,3.025851509332055,In the Valley of Elah (2007),Drama|Mystery,478134,6973.0
88911,0.021298195863671907,0.09709471643732787,3.810263929618768,My Afternoons with Margueritte (La tête en friche) (2010),Comedy,1455151,39413.0
90522,-0.37888501134823044,0.5099324072242897,2.847898829194971,Johnny English Reborn (2011),Adventure|Comedy|Thriller,1634122,58233.0
1202,0.1474707210392019,0.3246179496000734,4.045199191690285,Withnail & I (1987),Comedy,94336,13446.0
65188,0.038560974724897404,0.20341857179096617,3.780473762341957,Dear Zachary: A Letter to a Son About His Father (2008),Documentary,1152758,15584.0
901,-0.014590684963264988,1.7820296222308156,3.582721412780037,Funny Face (1957),Comedy|Musical,50419,13320.0
128089,-0.2656301020736513,0.2586398362296078,2.5638820638820636,Kevin Hart: I'm a Grown Little Man (2009),Comedy,1420554,27866.0
177765,0.14882977946488163,1.7612362149789755,3.6754121111167795,Coco (2017),Adventure|Animation|Children,2380307,354912.0
4850,0.15246189212610917,0.13805604405120123,4.695256916996048,Spriggan (Supurigan) (1998),Action|Animation|Sci-Fi,164917,16767.0
127184,-0.09073944790647138,0.5133942447339824,3.414164904862579,Eden (2014),Drama,3090634,283330.0
149830,-0.43636832245800494,0.6815297010190097,2.950631313131313,Pride and Prejudice and Zombies (2016),Comedy|Horror|Romance|Thriller,1374989,58431.0
161634,0.9266910795800144,0.6815297010190097,4.950631313131312,Don't Breathe (2016),Thriller,4160708,300669.0
1836,0.18280815671393652,0.13978414288596877,4.898698035632709,"Last Days of Disco, The (1998)",Comedy|Drama,120728,16980.0
2361,0.15086368936373915,1.1753268495172122,3.7192680145784593,Pink Flamingos (1972),Comedy,69089,692.0
2696,0.19811871665951905,0.40536541607612603,4.079650134921373,"Dinner Game, The (Dîner de cons, Le) (1998)",Comedy,119038,9421.0
3895,-0.815294823530796,0.40536541607612603,1.5796501349213732,"Watcher, The (2000)",Crime|Thriller,204626,10685.0
4978,0.3768374385874853,0.43160858564778093,4.464009050266729,Lantana (2001),Drama|Mystery|Thriller,259393,9523.0
170907,-0.17663247869921114,0.5992089150808684,3.296132971506106,Betting on Zero (2016),Documentary,3762912,385805.0
45210,0.1453992291888365,0.3050550886061359,4.067541786509081,United 93 (2006),Crime|Drama,475276,9829.0
3214,-0.1891456723185907,1.312673516386805,3.4468171518569317,American Flyers (1985),Drama,88707,14040.0
56156,-0.2663657381994202,0.6526023886826129,3.1827497846933657,Hitman (2007),Action|Crime|Thriller,465494,1620.0
60937,-0.8485590304079675,0.5121269973745273,1.93397822267095,"Mummy: Tomb of the Dragon Emperor, The (2008)",Action|Adventure|Fantasy|Thriller,859163,1735.0
30846,-0.037693876087103284,0.06012854450521054,2.964020873386432,"Assassination of Richard Nixon, The (2004)",Crime|Drama|Thriller,364961,842.0
2566,-0.13682225393944591,0.2709617185859615,3.085958595859586,Doug's 1st Movie (1999),Animation|Children,187819,16508.0
2766,-0.08330302461936347,0.32055847448463937,3.3310406698564594,"Adventures of Sebastian Cole, The (1998)",Comedy|Drama,168449,67323.0
3176,-3.2556472448999028,7.617749082285638,3.163532550971512,"Talented Mr. Ripley, The (1999)",Drama|Mystery|Thriller,134119,1213.0
66,0.03129594982782316,2.430278742568026,3.6037866054425693,Lawnmower Man 2: Beyond Cyberspace (1996),Action|Sci-Fi|Thriller,116839,11525.0
405,-1.6331773858198018,1.1661452107498087,2.190416793067641,Highlander III: The Sorcerer (a.k.a. Highlander: The Final Dimension) (1994),Action|Fantasy,110027,8011.0
700,0.285382321388847,0.6410738827804975,4.036072010588602,Angus (1995),Comedy,112368,25969.0
6888,-2.094726303508656,1.9959620409441654,2.5414270564121964,Scary Movie 3 (2003),Comedy|Horror,306047,4256.0
915,1.3255994871894803,3.45007286259525,3.9751327116799064,Sabrina (1954),Comedy|Romance,47437,6620.0
2465,-0.7255511558294095,0.45138271021953535,1.9835122203543256,Deadly Friend (1986),Horror,90917,33278.0
4085,-0.541037482789066,6.978128328199387,3.513375767166294,Beverly Hills Cop (1984),Action|Comedy|Crime|Drama,86960,90.0
93510,0.13639839350622746,3.8888805179207857,3.625983039022867,21 Jump Street (2012),Action|Comedy|Crime,1232829,64688.0
105213,-0.2246633132037343,1.1214060291803143,3.3905683513752125,Don Jon (2013),Comedy|Drama|Romance,2229499,138697.0
105844,0.8329441490824128,2.4636487258115274,3.9290028054698145,12 Years a Slave (2013),Drama,2024544,76203.0
108190,0.604341787739478,2.336908889918685,3.8495164291526054,Divergent (2014),Adventure|Romance|Sci-Fi|IMAX,1840309,157350.0
187541,-0.7738766934429061,1.208588439831146,2.950594598449585,Incredibles 2 (2018),Action|Adventure|Animation|Children,3606756,260513.0
93114,0.021298195863671907,0.09709471643732787,3.810263929618768,Ro.Go.Pa.G. (1963),Comedy|Drama,56171,59045.0
82461,-2.2477295965948403,2.04902328300889,2.4939329778343,Tron: Legacy (2010),Action|Adventure|Sci-Fi|IMAX,1104001,20526.0
4079,0.15761938337786963,0.32857212849163137,4.070619235836627,Amazon Women on the Moon (1987),Comedy|Sci-Fi,92546,5709.0
7137,-0.11885530063786759,0.4863753555322912,3.346539594622027,"Cooler, The (2003)",Comedy|Drama|Romance,318374,10744.0
44937,-0.04434039948371502,0.16350522309619905,3.3197226502311246,"Child, The (L'enfant) (2005)",Crime|Drama,456396,11490.0
118862,-0.1363101839588474,0.2586398362296078,3.0638820638820636,Closer to the Moon (2013),Comedy|Drama,2017486,137347.0
74727,0.08180380113206685,0.21322145999044154,3.9745656006043815,Gentlemen of Fortune (Dzhentlmeny udachi) (1972),Comedy|Crime|Drama|Mystery,68519,20871.0
5256,-0.15689940192707857,0.3143157705820882,3.0917314593301435,Stolen Summer (2002),Drama,286162,39541.0
180297,-0.47623693623964536,0.5992089150808684,2.796132971506106,The Disaster Artist (2017),Comedy|Drama,3521126,371638.0
64231,-0.42763231222093534,0.7359024855680285,3.00980993632361,Punisher: War Zone (2008),Action|Crime|Drama|Thriller,450314,13056.0
4748,-0.045645752479050915,0.19350923728126776,3.355024989868972,3 Ninjas (1992),Action|Children|Comedy,103596,16314.0
2949,0.2517752262148424,5.026384217365567,3.6409998152403085,Dr. No (1962),Action|Adventure|Thriller,55928,646.0
46,0.9454000527332342,2.783812894793738,3.930515267208264,How to Make an American Quilt (1995),Drama|Romance,113347,11861.0
186,2.0548254115242477,10.500256962174749,3.786601960038521,Nine Months (1995),Comedy|Romance,113986,11472.0
282,0.7867698993767737,10.428188550247294,3.6663555498588685,Nell (1994),Drama,110638,1945.0
802,0.25062099013719524,8.379661123668294,3.6208173397557317,Phenomenon (1996),Drama|Romance,117333,9294.0
1101,2.1983547054668953,13.069275014082343,3.7591169450630613,Top Gun (1986),Action|Romance,92099,744.0
27716,0.22132275597476128,0.28820758365585,4.358837377761681,"Green Butchers, The (Grønne slagtere, De) (2003)",Comedy|Crime|Drama|Romance,342492,4972.0
36519,0.14202660027807065,1.6892828036382086,3.6749841788530326,Transporter 2 (2005),Action|Crime|Thriller,388482,9335.0
176101,0.03183188453617149,1.4067756122713595,3.613536640220083,Kingsman: The Golden Circle (2017),Action|Adventure|Comedy,4649466,343668.0
1376,-0.7225511225249257,7.623732378308629,3.496132531781601,Star Trek IV: The Voyage Home (1986),Adventure|Comedy|Sci-Fi,92007,168.0
2995,-1.4111503191492927,1.8686714036312493,2.8357467245309733,House on Haunted Hill (1999),Horror|Thriller,185371,11377.0
31696,-1.329833528279998,3.842069999352666,3.2447848587883703,Constantine (2005),Action|Fantasy|Horror|Thriller,360486,561.0
41569,-1.2724860282834407,3.5760524742197672,3.235073700501103,King Kong (2005),Action|Adventure|Drama|Fantasy|Thriller,360717,254.0
605,2.307649477944691,1.9809915114439727,4.7558052878961306,One Fine Day (1996),Drama|Romance,117247,7300.0
1976,-1.3450830038051809,0.8107276065973281,1.9318031312013981,Friday the 13th Part 3: 3D (1982),Horror,83972,9728.0
2504,0.025876943123653354,0.2085838445724787,3.7149692412850306,200 Cigarettes (1999),Comedy|Drama,137338,15256.0
4974,-1.340182951765831,1.9515837426883094,2.904193516039766,Not Another Teen Movie (2001),Comedy,277371,11397.0
5882,-0.0760011465821453,0.38831188580669146,3.395187174171317,Treasure Planet (2002),Adventure|Animation|Children|Sci-Fi|IMAX,133240,9016.0
97225,-0.541118093381942,0.7139274677051011,2.832963616249949,Hotel Transylvania (2012),Animation|Children|Comedy,837562,76492.0
174141,0.06984555408233584,0.09709471643732787,4.310263929618769,Belladonna of Sadness (1973),Animation|Drama|Fantasy,71203,64847.0
92509,0.09297282779475362,0.438748176110073,3.802813852813853,"Vow, The (2012)",Drama|Romance,1606389,72570.0
103688,0.03494875386403549,0.134171078052734,3.8513881328252584,"Conjuring, The (2013)",Horror|Thriller,1457767,138843.0
26265,-0.2656301020736513,0.2586398362296078,2.5638820638820636,Dr. Phibes Rises Again (1972),Adventure|Comedy|Horror|Romance,68503,18250.0
96608,-0.39495002018845515,0.2586398362296078,2.0638820638820636,Runaway Brain (1995) ,Animation|Comedy|Sci-Fi,114308,67166.0
99117,-0.4119225530490836,1.3280409746139927,3.280736015738114,This Is 40 (2012),Drama,1758830,89492.0
132584,-0.006990265844043497,0.2586398362296078,3.5638820638820636,The Even Stevens Movie (2003),Children|Comedy,327698,50794.0
2325,-0.2753410815826774,2.0842316362232047,3.458802334252418,Orgazmo (1997),Comedy,124819,8675.0
6169,-0.3261668144891051,0.6429136487763588,3.0835830835830835,"Black Stallion Returns, The (1983)",Adventure|Children,85248,24883.0
131237,0.18841453112728762,0.21322145999044154,4.4745656006043815,What Men Talk About (2010),Comedy,1595366,35428.0
4719,-1.2122615119829003,1.0071488595886944,2.387252351946023,Osmosis Jones (2001),Action|Animation|Comedy|Crime|Drama|Romance|Thriller,181739,12610.0
51562,-0.023356961515060868,0.2930236990071276,3.5111989459815547,Babylon 5: The Gathering (1993),Sci-Fi,106336,10942.0
275,-1.0889347505680271,1.5395823914835869,2.883616803993093,Mixed Nuts (1994),Comedy,110538,24070.0
5456,-0.1176858687477327,0.07971507742832395,2.1145777299623454,Wagons East (1994),Comedy|Western,111653,30114.0
7448,-0.10017499436581175,0.16889482119865623,2.997788510568829,Envy (2004),Comedy,326856,10710.0
4711,0.07697621262295622,0.32055847448463937,3.8310406698564594,Theremin: An Electronic Odyssey (1993),Documentary,108323,70042.0
2997,7.102062274841393,13.453693701951623,4.118798489328437,Being John Malkovich (1999),Comedy|Drama|Fantasy,120601,492.0
7991,-1.5611270122427057,0.6088395347746551,1.0268065268065265,Death Race 2000 (1975),Action|Sci-Fi,72856,13282.0
51540,0.15276047337886464,4.027163286130645,3.6288416162439745,Zodiac (2007),Crime|Drama|Thriller,443706,1949.0
2248,1.6543448294010275,6.016457717247644,3.8658789996410086,Say Anything... (1989),Comedy|Drama|Romance,98258,2028.0
134393,0.2482639107813053,1.4045445281054754,3.7676666844302993,Trainwreck (2015),Comedy|Romance,3152624,271718.0
5009,-0.37668012766967873,0.8156605239708745,3.129099163127016,Ali (2001),Drama,248667,8489.0
52722,-3.552029436213453,5.125158477756143,2.8978516075883847,Spider-Man 3 (2007),Action|Adventure|Sci-Fi|Thriller|IMAX,413300,559.0
27706,-1.6320502709941882,2.4204782254938513,2.916641397110193,Lemony Snicket's A Series of Unfortunate Events (2004),Adventure|Children|Comedy|Fantasy,339291,11774.0
535,0.32020943160981147,1.526277904606562,3.800706684547422,Short Cuts (1993),Drama,108122,695.0
98279,-0.39495002018845515,0.2586398362296078,2.0638820638820636,"Fantastic Fear of Everything, A (2012)",Comedy,2006040,101519.0
131130,-0.39495002018845515,0.2586398362296078,2.0638820638820636,Tom and Jerry: A Nutcracker Tale (2007),Animation|Comedy,1114698,24696.0
149144,-0.09560347194850008,0.6815297010190097,3.450631313131313,Parasyte: Part 1 (2014),Horror|Sci-Fi,3345472,282069.0
32017,-0.7207193489878159,0.9615920463467977,2.8414027366022783,"Pacifier, The (2005)",Action|Comedy,395699,10022.0
63853,-0.5015091824953006,0.3645872947131095,2.215355993563958,Australia (2008),Adventure|Drama|War|Western,455824,6972.0
5139,-0.25587579914029995,0.3979875008764119,2.94798488204114,"Bad News Bears, The (1976)",Comedy,74174,23479.0
3194,0.10564286426959622,0.594454860723994,3.7686229448103483,"Way We Were, The (1973)",Drama|Romance,70903,10236.0
616,1.4111928012246295,6.581087103545749,3.8053406550292967,"Aristocats, The (1970)",Animation|Children,65421,10112.0
628,-1.0452354426215307,5.821652473773844,3.411366349852278,Primal Fear (1996),Crime|Drama|Mystery|Thriller,117381,1592.0
7155,-0.18215220837337448,1.442222811244247,3.464609460260324,Calendar Girls (2003),Comedy,337909,8696.0
27689,-0.3550924113369387,0.28820758365585,2.3588373777616805,"Crimson Rivers 2: Angels of the Apocalypse (Rivières pourpres II - Les anges de l'apocalypse, Les) (2004)",Action|Crime|Thriller,337103,60672.0
117176,1.0238860992358378,2.9101076077972987,3.9427469736363316,The Theory of Everything (2014),Drama|Romance,2980516,266856.0
2423,0.9699542888321808,3.3365217886726515,3.8816173045119915,Christmas Vacation (National Lampoon's Christmas Vacation) (1989),Comedy,97958,5825.0
4701,-0.5837463715228205,2.2720242528207613,3.3339812122572288,Rush Hour 2 (2001),Action|Comedy,266915,5175.0
7573,-0.033327684790806944,0.23737886352353121,3.4505103869296896,Never Say Never Again (1983),Action|Adventure|Thriller,86006,36670.0
64030,-0.15040087056373974,0.5646582516299353,3.3245517497569965,Transporter 3 (2008),Action|Adventure|Crime|Thriller,1129442,13387.0
4207,-0.15837740818680587,0.27986369318150434,3.025,Navy Seals (1990),Action|Adventure|War,100232,12773.0
3554,-0.10542551678109999,0.20314881903543056,3.0719520165747674,Love and Basketball (2000),Drama|Romance,199725,14736.0
4677,0.14970468931102549,0.37886988084058293,3.9860439297589934,Turner & Hooch (1989),Comedy|Crime,98536,6951.0
55232,-0.8045314493862576,1.241045409821664,2.942639943769771,Resident Evil: Extinction (2007),Action|Horror|Sci-Fi|Thriller,432021,7737.0
114074,0.42107182074904204,0.7969410911482384,4.119269123320469,The Skeleton Twins (2014),Drama,1571249,244772.0
7297,0.3097565684432102,0.9015534850059665,3.934490002740584,Kitchen Stories (Salmer fra kjøkkenet) (2003),Comedy|Drama,323872,11083.0
48649,-0.2656301020736513,0.2586398362296078,2.5638820638820636,Chapayev (1934),Drama|War,24966,46774.0
81087,-0.2656301020736513,0.2586398362296078,2.5638820638820636,Luck by Chance (2009),Drama,886539,16344.0
2456,-1.0126571313333061,0.9079860079901892,2.4756307469456145,"Fly II, The (1989)",Horror|Sci-Fi,97368,10344.0
26082,0.47533270441375136,0.621563312476016,4.355646479478969,Harakiri (Seppuku) (1962),Drama,56058,14537.0
170777,0.18841453112728762,0.21322145999044154,4.4745656006043815,There Once Was a Dog (1982),Animation|Children|Comedy,216434,72215.0
4265,-0.0290073823397608,0.9628871961638839,3.560783669722346,Driven (2001),Action|Thriller,132245,10477.0
37727,-0.5282939591118723,0.9615920463467977,3.041513990233161,Flightplan (2005),Action|Drama|Thriller,408790,9315.0
3134,0.23757367931880444,0.16602731245762367,5.02184039854826,Grand Illusion (La grande illusion) (1937),Drama|War,28950,777.0
7934,0.234700283669326,1.3878417871966462,3.7600207906968643,Zelig (1983),Comedy,86637,11030.0
2017,-0.11055568002628739,0.4438728048816621,3.341838458938831,Babes in Toyland (1961),Children|Fantasy|Musical,54649,32611.0
1392,0.0072664682693430495,0.0926078851279645,3.6693739890039163,Citizen Ruth (1996),Comedy|Drama,115906,13891.0
2382,-0.42548470811125577,0.8094673764863931,3.065273691051308,Police Academy 5: Assignment: Miami Beach (1988),Comedy|Crime,95882,11825.0
58315,-0.4285644676579963,0.35819291503816547,2.3944463758039283,"Love Guru, The (2008)",Comedy,811138,12177.0
101076,-0.24946801013891354,0.35819291503816547,2.8944463758039283,G.I. Joe: Retaliation (2013),Action|Adventure|Sci-Fi|Thriller|IMAX,1583421,72559.0
2448,0.051108866161582965,0.19350923728126776,3.855024989868972,Virus (1999),Horror|Sci-Fi,120458,9423.0
1526,-0.17579316495053118,0.3236288627041105,3.047715373631604,Fathers' Day (1997),Comedy,119109,12499.0
131098,-0.39495002018845515,0.2586398362296078,2.0638820638820636,Saving Santa (2013),Animation|Children|Comedy,2204315,238302.0
3809,-2.4133659745641216,6.2853515429145,3.206942345678314,What About Bob? (1991),Comedy,103241,10276.0
5919,-1.5611270122427057,0.6088395347746551,1.0268065268065265,Android (1982),Sci-Fi,83557,38849.0
215,1.1497339443887988,4.260205617928389,3.860786661970527,Before Sunrise (1995),Drama|Romance,112471,76.0
2186,1.3471306649670107,1.9021839579323472,4.299111186373783,Strangers on a Train (1951),Crime|Drama|Film-Noir|Thriller,44079,845.0
410,-4.737699946673214,17.47247733489166,3.3197569322388225,Addams Family Values (1993),Children|Comedy|Fantasy,106220,2758.0
174,-0.5454636943242929,1.9039921700991282,3.3044248800544347,Jury Duty (1995),Comedy,113500,19326.0
996,-0.8677703240336527,1.5333002818298866,3.0249597238366284,Last Man Standing (1996),Action|Crime|Drama|Thriller,116830,9333.0
1584,1.2546402740736378,11.561886047952953,3.699424282018051,Contact (1997),Drama|Sci-Fi,118884,686.0
1674,0.8713849569974249,6.1395390369761405,3.7328391204682156,Witness (1985),Drama|Romance|Thriller,90329,9281.0
3156,-0.33795830604323546,1.4863556112079424,3.363535302634708,Bicentennial Man (1999),Drama|Romance|Sci-Fi,182789,2277.0
6373,-0.23745918328759066,8.98623459813639,3.564484320812744,Bruce Almighty (2003),Comedy|Drama|Fantasy|Romance,315327,310.0
7843,0.22132275597476128,0.28820758365585,4.358837377761681,Lammbock (2001),Comedy,258760,1583.0
69122,2.1767632411379365,10.033007709959675,3.8078692791263373,"Hangover, The (2009)",Comedy|Crime,1119646,18785.0
2287,0.19162011268456908,0.5894387542707366,3.9159981884551875,Them! (1954),Horror|Sci-Fi|Thriller,47573,11071.0
88405,-1.337172828426623,2.63090080710158,3.0826524417731,Friends with Benefits (2011),Comedy|Romance,1632708,50544.0
173307,0.22550522403972753,0.08168341312313925,6.351631438538888,The Gracefield Incident (2015),Action|Horror|Sci-Fi,4464394,327253.0
54962,-0.10739819701659606,0.20646533659176985,3.0707336523125996,"Nines, The (2007)",Drama|Mystery,810988,12994.0
3363,0.8130616971582009,6.61689864129562,3.7137856439945405,American Graffiti (1973),Comedy|Drama,69704,838.0
85774,0.6138466743541858,0.44932228512172956,4.957070295639641,Senna (2010),Documentary,1424432,58496.0
8879,0.23769284593475948,0.3460701014701906,4.2777434777139085,Murder on the Orient Express (1974),Crime|Mystery|Thriller,71877,4176.0
42718,-0.0075932241818363585,0.009909334509698407,2.8246392496392496,District 13 (Banlieue 13) (2004),Action|Crime|Sci-Fi,414852,10045.0
54121,0.002316110327862049,0.009909334509698407,3.8246392496392496,Broken Arrow (1950),Drama|Romance|Western,42286,37292.0
58839,-0.03510873027461941,0.338155128803195,3.4870847591626615,Leatherheads (2008),Comedy|Drama|Romance,379865,4942.0
58154,0.10157239589910391,0.5280925178093085,3.783247350728521,"Other Boleyn Girl, The (2008)",Drama|Romance,467200,12184.0
5296,-1.8720205241824477,1.5535142775274213,2.385886033662419,"Sweetest Thing, The (2002)",Comedy|Romance,253867,11812.0
69140,-0.0050731224169969944,0.05464477574879632,3.498070894622619,Sweeney Todd (2006),Crime|Drama|Horror|Thriller,479760,37924.0
1178,0.04802745909252462,0.5937804825831429,3.6717932905439277,Paths of Glory (1957),Drama|War,50825,975.0
55245,-0.03250301843994001,0.1188582660975421,3.317448779673639,Good Luck Chuck (2007),Comedy|Romance,452625,10030.0
161966,-0.09560347194850008,0.6815297010190097,3.450631313131313,Elle (2016),Thriller,3716530,337674.0
167790,0.24516137856100476,0.6815297010190097,3.950631313131313,The Good Boy (2016),Children|Comedy|Drama,5358714,417427.0
5684,-0.20724669941660698,0.40536541607612603,3.079650134921373,Naqoyqatsi (2002),Documentary,145937,21925.0
2799,-0.8803154127804511,0.7211053771446698,2.3701230023817823,Problem Child 2 (1991),Comedy,102719,28597.0
3524,-0.1260248980632231,1.0485334270095574,3.470717502527737,Arthur (1981),Comedy|Romance,82031,13665.0
36708,0.18042072909212212,0.9258267033922046,3.7857843612281097,Family Guy Presents Stewie Griffin: The Untold Story (2005),Adventure|Animation|Comedy,385690,65215.0
2514,-0.2202287011532555,0.27322431470959174,2.784872844144834,Pet Sematary II (1992),Comedy|Horror,105128,10906.0
37477,-0.06693653621740715,0.08917974377033226,2.8403290445053786,"Man, The (2005)",Action|Comedy|Crime,399327,9074.0
2282,-0.7862475903371104,0.7998720332499398,2.6079423691667043,Pecker (1998),Comedy|Drama,126604,11855.0
172,-3.8958477234207995,8.083246872703201,3.1089433926230567,Johnny Mnemonic (1995),Action|Sci-Fi|Thriller,113481,9886.0
122924,0.06937760682176843,1.1659242284047726,3.6504134781853477,X-Men: Apocalypse (2016),Action|Adventure|Fantasy|Sci-Fi,3385516,246655.0
102445,0.038029642110201184,2.8465908170470913,3.6042688059346775,Star Trek Into Darkness (2013),Action|Adventure|Sci-Fi|IMAX,1408101,54138.0
116823,-0.11456284549288595,3.8257165607164225,3.560963630058893,The Hunger Games: Mockingjay - Part 1 (2014),Adventure|Sci-Fi|Thriller,1951265,131631.0
1891,-0.2741684456098742,0.45138271021953535,2.9835122203543256,"Ugly, The (1997)",Horror|Thriller,120401,40961.0
2900,-0.2741684456098742,0.45138271021953535,2.9835122203543256,Monkey Shines (1988),Horror|Sci-Fi,95652,29787.0
3837,-0.5040612416776997,0.5894387542707366,2.7357545256119167,Phantasm II (1988),Action|Fantasy|Horror|Sci-Fi|Thriller,95863,15158.0
139915,0.06213839779344904,0.08168341312313925,4.351631438538888,How to Make Love Like an Englishman (2014),Comedy|Romance,1725986,253344.0
1429,-0.42162674870654426,5.933290456914543,3.5198478894108245,First Strike (Police Story 4: First Strike) (Ging chaat goo si 4: Ji gaan daan yam mo) (1996),Action|Adventure|Comedy|Thriller,116704,9404.0
562,0.8241966928404776,2.7959870447474287,3.885687528594924,Welcome to the Dollhouse (1995),Comedy|Drama,114906,11446.0
1999,-1.4639308737208792,1.026435156199738,2.1646807852254466,"Exorcist III, The (1990)",Horror,99528,11587.0
6104,0.16135155418730024,0.35044880208226853,4.051323146339141,Monty Python Live at the Hollywood Bowl (1982),Comedy,84352,11949.0
2381,-0.4795485035238325,0.8708297842796677,3.0402291392346026,Police Academy 4: Citizens on Patrol (1987),Comedy|Crime,93756,10587.0
42761,-0.2656301020736513,0.2586398362296078,2.5638820638820636,Casper Meets Wendy (1998),Adventure|Children|Comedy|Fantasy,140883,39345.0
4732,-2.6442814107486154,1.146688017933032,1.2848926597658776,Bubble Boy (2001),Comedy,258470,9683.0
2969,0.24719891713632444,0.1826592983765944,4.944242424242424,"Man and a Woman, A (Un homme et une femme) (1966)",Drama|Romance,61138,42726.0
3055,-0.15689940192707857,0.3143157705820882,3.0917314593301435,Felicia's Journey (1999),Thriller,165773,47692.0
1948,-0.09537679875487537,0.1439089823352889,2.9281513032634243,Tom Jones (1963),Adventure|Comedy|Romance,57590,5769.0
5665,0.6320980284856084,0.24396766011725238,6.181818181818182,Knockaround Guys (2002),Action|Comedy|Crime,211465,7501.0
27075,-0.0005152643549096883,0.0005379489491509954,2.633077765607886,Addams Family Reunion (1998),Children|Comedy|Fantasy,146402,11508.0
95307,-0.45254038981437555,0.3881135418648161,2.424909090909091,Rock of Ages (2012),Comedy|Drama|Musical|IMAX,1336608,80585.0
27320,0.09376447510756944,0.12542919948815853,4.3384581105169335,"Nine Lives of Tomas Katz, The (2000)",Comedy|Drama|Fantasy,235618,16171.0
88954,-0.0703715526198308,0.35819291503816547,3.3944463758039283,"Very Harold & Kumar 3D Christmas, A (2011)",Comedy,1268799,55465.0
40723,0.14786348480221684,0.19350923728126776,4.355024989868972,Wolf Creek (2005),Crime|Horror|Thriller,416315,9885.0
60291,0.14786348480221684,0.19350923728126776,4.355024989868972,Gonzo: The Life and Work of Dr. Hunter S. Thompson (2008),Documentary,479468,13003.0
1676,0.25420986513694727,11.015921917661984,3.613985676512822,Starship Troopers (1997),Action|Sci-Fi,120201,563.0
252,1.2589447341721571,8.447430535095835,3.7399419511311103,I.Q. (1994),Comedy|Romance,110099,11777.0
55290,0.866843460076829,2.1801922656788086,3.9885086392255027,Gone Baby Gone (2007),Crime|Drama|Mystery,452623,4771.0
1862,-2.1327753908424376,2.2899532352131096,2.659547105849184,Species II (1998),Horror|Sci-Fi,120841,10216.0
3701,-1.4696000979570978,1.7869879659811323,2.7685196143519697,Alien Nation (1988),Crime|Drama|Sci-Fi|Thriller,94631,10128.0
102716,-0.04907486138795138,0.43987632816130473,3.4793439571518694,"Fast & Furious 6 (Fast and the Furious 6, The) (2013)",Action|Crime|Thriller|IMAX,1905041,82992.0
2500,-0.5943573813560497,0.3690434369518366,1.9803740648286285,Jawbreaker (1999),Comedy,155776,18892.0
3221,-0.4137858080994796,0.6877111981320905,2.9892236607119766,"Draughtsman's Contract, The (1982)",Drama,83851,10831.0
2289,0.9104537373642723,4.495508411646007,3.7934342902849085,"Player, The (1992)",Comedy|Crime|Drama,105151,10403.0
5690,1.5041655695967846,1.6865696031450392,4.482758183168245,Grave of the Fireflies (Hotaru no haka) (1988),Animation|Drama|War,95327,12477.0
2340,-2.2554228894827224,2.8055126115233944,2.7869836762740707,Meet Joe Black (1998),Romance,119643,297.0
4744,-1.171019069713507,0.6684374262059005,1.8390337113985562,Jeepers Creepers (2001),Horror,263488,8922.0
109483,0.4618642937803922,0.8266196134754483,4.149647700846647,That Awkward Moment (2014),Comedy|Romance,1800246,225565.0
136341,-0.39495002018845515,0.2586398362296078,2.0638820638820636,Scooby-Doo! and the Samurai Sword (2009),Animation|Children|Comedy,1421378,16390.0
1411,1.6111210614634979,3.3316740714145436,4.074486123634701,Hamlet (1996),Crime|Drama|Romance,116477,10549.0
65577,0.04957165333179933,0.05464477574879632,4.498070894622619,"Tale of Despereaux, The (2008)",Adventure|Animation|Children|Comedy|Fantasy,420238,10199.0
166461,-1.414798576837349,2.4951129679410458,3.0238812268341295,Moana (2016),Adventure|Animation|Children|Comedy|Fantasy,3521164,277834.0
114795,-0.09073944790647138,0.5133942447339824,3.414164904862579,Dracula Untold (2014),Action|Drama|Fantasy,829150,49017.0
143458,0.030776300952305175,0.861736426664548,3.6266233766233764,The Great Hypnotist (2014),Drama|Mystery|Thriller,3720058,273197.0
27416,0.2051744595711775,0.5528911752654888,3.962002840909091,Jalla! Jalla! (2000),Comedy|Drama|Romance,269389,10978.0
2745,0.22697419861808674,1.3605464456337506,3.7577348537093904,"Mission, The (1986)",Drama,91530,11416.0
8362,-0.055170158572004024,0.8769436055246469,3.5279972249413842,Raising Helen (2004),Comedy|Drama|Romance,350028,4599.0
2976,-0.07584417915328254,0.6444314665992904,3.473217477317474,Bringing Out the Dead (1999),Drama,163988,8649.0
2815,0.16673242108486958,0.49747682870325904,3.9260652458590215,Iron Eagle (1986),Action|War,91278,11037.0
4749,-0.3431989224018131,0.29440947364444736,2.425189393939394,3 Ninjas Kick Back (1994),Action|Children|Comedy,109015,18885.0
111364,-0.0703715526198308,0.35819291503816547,3.3944463758039283,Godzilla (2014),Action|Adventure|Sci-Fi|IMAX,831387,124905.0
3929,-0.04762975986631094,0.08382837736470723,3.0227272727272725,"Bank Dick, The (1940)",Comedy,32234,911.0
1278,2.978208962538264,8.441572008770303,3.943711739449443,Young Frankenstein (1974),Comedy|Fantasy,72431,3034.0
2528,-1.969193933477892,3.9409809067105632,3.091238074963589,Logan's Run (1976),Action|Adventure|Sci-Fi,74812,10803.0
3949,3.936544221859562,13.272547481636158,3.887502056751266,Requiem for a Dream (2000),Drama,180093,641.0
153,-9.541544266044706,33.35164068720995,3.30481988901553,Batman Forever (1995),Action|Adventure|Comedy|Crime,112462,414.0
80219,0.17972693641806683,0.9740808140280172,3.7754183573167315,Machete (2010),Action|Adventure|Comedy|Crime|Thriller,985694,23631.0
420,-8.457724833230207,13.369345956457035,2.958288403197337,Beverly Hills Cop III (1994),Action|Comedy|Crime|Thriller,109254,306.0
785,1.3182645614903452,9.042701995937557,3.7366912434208706,Kingpin (1996),Comedy,116778,11543.0
79134,-0.07496586138542163,0.5241996262373109,3.4478989519596905,Grown Ups (2010),Comedy,1375670,38365.0
851,-1.6520096438015939,0.9373882882012416,1.8285554701148283,Basquiat (1996),Drama,115632,549.0
3980,-0.18144004521560542,1.5300648035837772,3.472325848689134,Men of Honor (2000),Drama,203019,11978.0
144,0.7725103747153015,2.0258341484589515,3.9722386164790633,"Brothers McMullen, The (1995)",Comedy,112585,16388.0
8974,-0.07577383597941466,0.09763266538647886,2.814797574548619,"SpongeBob SquarePants Movie, The (2004)",Adventure|Animation|Children|Comedy,345950,11836.0
6058,-0.7743325239603704,1.6265244441570934,3.114843374994413,Final Destination 2 (2003),Horror|Thriller,309593,9358.0
83134,0.2827560412454346,0.8246866293463093,3.933773921238112,Tucker & Dale vs Evil (2010),Comedy|Horror,1465522,46838.0
1962,0.3594014236010962,3.737184814266044,3.6870781169174234,Driving Miss Daisy (1989),Drama,97239,403.0
105037,0.46134945128499577,0.7969410911482384,4.169809409150029,"To Do List, The (2013)",Comedy,1758795,129139.0
74324,0.08180380113206685,0.21322145999044154,3.9745656006043815,Temple Grandin (2010),Drama,1278469,33602.0
95654,0.2337862907016513,0.5778087547035511,3.9955175167914523,Geri's Game (1997),Animation|Children,131409,13929.0
152591,-0.024806928863153912,0.21322145999044154,3.4745656006043815,Ip Man 3 (2015),Action,2888046,365222.0
78209,-0.20905441308797834,0.861866625104023,3.3483490392737854,Get Him to the Greek (2010),Comedy,1226229,32823.0
103984,-0.029885592986864495,0.9015077865987986,3.557758414418967,"Great Beauty, The (Grande Bellezza, La) (2013)",Comedy|Drama,2358891,179144.0
4337,0.15741636865500963,0.3143157705820882,4.091731459330143,"Sand Pebbles, The (1966)",Drama|Romance|War,60934,5923.0
2295,0.19811871665951905,0.40536541607612603,4.079650134921373,"Impostors, The (1998)",Comedy,120823,28134.0
59014,-1.5974906875487027,0.7463064569029816,1.450379992208859,Superhero Movie (2008),Action|Comedy|Sci-Fi,426592,11918.0
6615,-0.8169978325141709,0.6408818960897655,2.3161066078011308,Freddy vs. Jason (2003),Action|Horror|Thriller,329101,6466.0
45208,-0.06693653621740715,0.08917974377033226,2.8403290445053786,RV (2006),Adventure|Children|Comedy,449089,9530.0
70361,-0.29642101031571333,0.5138883654385574,3.014089240039837,12 Rounds (2009),Action|Thriller,1160368,17134.0
1734,1.230891674364064,1.3256550041111037,4.519424934433114,My Life in Pink (Ma vie en rose) (1997),Comedy|Drama,119590,27103.0
745,5.864560648146787,8.82185575460662,4.255685393228976,Wallace & Gromit: A Close Shave (1995),Animation|Children|Comedy,112691,532.0
2002,-2.131508916916685,6.825609308946092,3.278627971313952,Lethal Weapon 3 (1992),Action|Comedy|Crime|Drama,104714,943.0
3308,-0.6334511362220632,1.3690642569659504,3.1282199709507004,"Flamingo Kid, The (1984)",Comedy|Drama,87265,25010.0
3705,-0.967470263006683,1.3768781742807084,2.888254142142765,Bird on a Wire (1990),Action|Comedy|Romance,99141,1727.0
4621,-1.175441165151733,1.0839159080664527,2.5064696464797276,Look Who's Talking (1989),Comedy|Romance,97778,9494.0
3271,0.8650923652109419,3.097618658393296,3.8701856774143053,Of Mice and Men (1992),Drama,105046,9609.0
2301,1.4592862529587138,2.145602870366598,4.271037866421672,History of the World: Part I (1981),Comedy|Musical,82517,10156.0
3901,-0.23679709480563438,0.996504224799629,3.3532813027747777,Duets (2000),Comedy|Drama,134630,18074.0
26871,0.0072707775827112525,0.009909334509698407,4.324639249639249,My Father the Hero (1994),Comedy|Romance,110612,10486.0
949,-0.05261628250758211,0.3621264156690098,3.445610984416704,East of Eden (1955),Drama,48028,220.0
99853,-0.1363101839588474,0.2586398362296078,3.0638820638820636,Codependent Lesbian Space Alien Seeks Same (2011),Comedy|Romance|Sci-Fi,1762248,105538.0
130087,-0.01008426571334762,0.02967852232720984,3.2511258091753445,The Cobbler (2015),Comedy|Drama|Fantasy,3203616,238215.0
183227,0.0047549954502573,0.02967852232720984,3.7511258091753445,Dave Chappelle: The Bird Revelation (2017),Comedy,7808620,494368.0
67695,-1.0266011831064232,1.039722616057175,2.6035292193434523,Observe and Report (2009),Action|Comedy,1197628,16991.0
7255,-0.7219450847252789,1.2719578522643014,3.0233233934427055,Win a Date with Tad Hamilton! (2004),Comedy|Romance,335559,13476.0
927,0.0013833303031256562,0.0041248394493201375,3.9262749445676275,"Women, The (1939)",Comedy,32143,22490.0
1867,-0.36195221333842365,0.47511072114872316,2.8290820109743438,Tarzan and the Lost City (1998),Action|Adventure,120856,38618.0
26686,-0.4285644676579963,0.35819291503816547,2.3944463758039283,Ghost Dad (1990),Comedy|Fantasy,99654,10485.0
475,3.906865523704403,6.114059597225125,4.22990605545905,In the Name of the Father (1993),Drama,107207,7984.0
1719,1.8653535781243458,3.2097219829923347,4.172066458434526,"Sweet Hereafter, The (1997)",Drama,120255,10217.0
1246,3.2536157367242717,11.405392173148538,3.876179048077612,Dead Poets Society (1989),Drama,97165,207.0
32587,3.9118672307722804,10.472365668813286,3.9644509776693884,Sin City (2005),Action|Crime|Film-Noir|Mystery|Thriller,401792,187.0
81847,0.781952506908809,4.729400368928969,3.7562477059364947,Tangled (2010),Animation|Children|Comedy|Fantasy|Musical|Romance|IMAX,398286,38757.0
3394,-1.7452108490621163,1.558175049551755,2.470873925691828,Blind Date (1987),Comedy|Romance,92666,918.0
3395,0.17721426460966114,0.45138271021953535,3.9835122203543256,Nadine (1987),Comedy,93596,61178.0
135133,0.11958603178123793,0.9338173790079969,3.718970566813807,The Hunger Games: Mockingjay - Part 2 (2015),Adventure|Sci-Fi,1951266,131634.0
86882,1.3041764209030156,3.566330282327357,3.956600520938931,Midnight in Paris (2011),Comedy|Fantasy|Romance,1605783,59436.0
1361,1.2064732556995093,1.9759874892640952,4.20147634513236,Paradise Lost: The Child Murders at Robin Hood Hills (1996),Documentary,117293,17204.0
2501,0.13562316867211247,3.7212869790605385,3.6273543232803798,October Sky (1999),Drama,132477,13466.0
18,0.015313174821927011,3.9397292857049537,3.5947959505665525,Four Rooms (1995),Comedy,113101,5.0
51931,0.45812796000389056,0.2902119759876236,5.169506798480704,Reign Over Me (2007),Drama,490204,2355.0
8235,0.021298195863671907,0.09709471643732787,3.810263929618768,Safety Last! (1923),Action|Comedy|Romance,14429,22596.0
3148,0.5806570739215048,3.1080777709280065,3.777731016458313,"Cider House Rules, The (1999)",Drama,124315,1715.0
3769,0.3240088600067753,0.8302048592466673,3.9811848841642434,Thunderbolt and Lightfoot (1974),Action,72288,8348.0
1762,-1.2311970993799621,1.2221672928351295,2.5835207353232645,Deep Rising (1998),Action|Horror|Sci-Fi,118956,9457.0
1292,0.046524798172705224,1.810142766579663,3.6166113719841992,Being There (1979),Comedy|Drama,78841,10322.0
58162,0.0072707775827112525,0.009909334509698407,4.324639249639249,Run Fatboy Run (2007),Comedy|Romance,425413,7942.0
100810,0.03494875386403549,0.134171078052734,3.8513881328252584,Dark Skies (2013),Horror|Sci-Fi|Thriller,2387433,145135.0
947,0.6930975633291085,0.3984239791155766,5.330507106238514,My Man Godfrey (1936),Comedy|Romance,28010,13562.0
69720,-0.2656301020736513,0.2586398362296078,2.5638820638820636,Hood of Horror (2006),Comedy|Drama|Horror,475298,15423.0
145491,-0.006990265844043497,0.2586398362296078,3.5638820638820636,Our Lips Are Sealed (2000),Children|Comedy|Drama,270560,34729.0
2117,-0.12348817354051478,1.2642419454198013,3.493231447806125,1984 (Nineteen Eighty-Four) (1984),Drama|Sci-Fi,87803,9314.0
5380,0.20767941538278534,1.2307984839260981,3.7596446053698442,"Importance of Being Earnest, The (2002)",Comedy|Drama|Romance,278500,9026.0
4941,-0.7234678180305669,1.2873451153756492,3.028924733032021,Flash Gordon (1980),Action|Adventure|Sci-Fi,80745,3604.0
8796,-0.687479137778308,1.0406432493651252,2.9302800634323596,"Funny Thing Happened on the Way to the Forum, A (1966)",Comedy|Musical,60438,17768.0
66371,0.0187103046338975,0.7170912243473193,3.6170010356974647,Departures (Okuribito) (2008),Drama,1069238,16804.0
86347,-3.0435795999101494,1.5980369033673592,1.686335051663336,Louis C.K.: Chewed Up (2008),Comedy,1190722,30969.0
172577,0.18841453112728762,0.21322145999044154,4.4745656006043815,Last Year's Snow Was Falling (1983),Animation|Children|Comedy|Fantasy,219233,145760.0
183197,0.0047549954502573,0.02967852232720984,3.7511258091753445,Dave Chappelle: Equanimity (2017),Comedy,7807952,488223.0
3831,0.1855266763366111,0.8889269898527302,3.799617655790609,Saving Grace (2000),Comedy,195234,2360.0
4795,0.14763286196387412,0.4371531323707889,3.9286233860422968,Father Goose (1964),Adventure|Comedy|Romance|War,58092,30295.0
1929,0.22766540693091847,0.3645872947131095,4.215355993563958,Grand Hotel (1932),Drama|Romance,22958,33680.0
8918,-0.022346664332241025,0.08917974377033226,3.3403290445053786,Eulogy (2004),Comedy|Crime|Drama,349416,16358.0
44929,0.3474424106374462,0.5775474733581485,4.19249151774795,Candy (2006),Drama|Romance,424880,4441.0
2859,0.9116419894874981,0.958091861260425,4.542427443531542,Stop Making Sense (1984),Documentary|Musical,88178,24128.0
2066,-0.07580228502820839,0.5326107921718857,3.4485869935308138,Out of the Past (1947),Film-Noir,39689,678.0
1258,0.014758813800027984,14.494691395304335,3.5919273129186196,"Shining, The (1980)",Horror,81505,694.0
3729,0.5312044497677845,0.9310517431585583,4.161451441182442,Shaft (1971),Action|Crime|Drama|Thriller,67741,482.0
4121,0.20321953402759965,0.9018154578695698,3.816254012926375,Innerspace (1987),Action|Adventure|Comedy|Sci-Fi,93260,2614.0
8644,-1.4057063570581925,5.351652585412829,3.328241375727098,"I, Robot (2004)",Action|Adventure|Sci-Fi|Thriller,343818,2048.0
69644,-0.15347484797843008,1.561526540515411,3.492623955180451,Ice Age: Dawn of the Dinosaurs (2009),Action|Adventure|Animation|Children|Comedy|Romance,1080016,8355.0
5673,0.5847455871065561,3.6223087462498627,3.752338065651218,Punch-Drunk Love (2002),Comedy|Drama|Romance,272338,8051.0
31101,-0.0041655287207111365,0.20646533659176985,3.5707336523125996,Stander (2003),Action|Crime|Drama,326208,18927.0
1204,4.92088411027736,5.512732489500917,4.483548833477637,Lawrence of Arabia (1962),Adventure|Drama|War,56172,947.0
74,0.3414057678015396,0.8010916014686321,4.017084783146588,Bed of Roses (1996),Drama|Romance,115644,20927.0
934,-1.5353925730070088,2.386306263157238,2.9474910197619346,Father of the Bride (1950),Comedy,42451,20758.0
5582,-0.5341790227602106,0.6297735378429701,2.742700980117677,Captain Ron (1992),Adventure|Comedy,103924,14361.0
185031,0.0814971448549378,0.19495395435887075,4.008941877794337,Alpha (2018),Adventure|Thriller,4244998,399360.0
92494,-0.0013540636103403056,0.0009890868959628648,2.2219054008721906,Dylan Moran: Monster (2004),Comedy|Documentary,439553,13976.0
8183,-0.12609301103181456,0.16350522309619905,2.8197226502311246,Educating Rita (1983),Comedy|Drama,85478,38291.0
83177,-2.510352307213658,0.7099986323432569,0.05519480519480524,Yogi Bear (2010),Children|Comedy,1302067,41515.0
130520,-0.0025292683797546733,0.9599868299080668,3.588274400201931,Home (2015),Adventure|Animation|Children|Comedy|Fantasy|Sci-Fi,2224026,228161.0
5034,0.05712748109166468,0.20575201456821018,3.86856120144396,"Truly, Madly, Deeply (1991)",Drama|Romance,103129,18317.0
27482,-0.6858363325969185,1.039722616057175,2.931275144311161,Cube 2: Hypercube (2002),Horror|Mystery|Sci-Fi,285492,437.0
71520,-1.190542704929691,1.4043099107702848,2.7431313348746977,"Invention of Lying, The (2009)",Comedy,1058017,23082.0
1713,1.1301283782951608,1.5277296661393112,4.330652779431603,Mouse Hunt (1997),Children|Comedy,119715,6283.0
4373,-0.12777426734577502,0.6373820421629298,3.3904417747729503,Pootie Tang (2001),Comedy,258038,10615.0
8948,-0.5015091824953006,0.3645872947131095,2.215355993563958,Alfie (2004),Comedy|Drama|Romance,375173,8849.0
109578,-0.24700403131904194,0.9574018301190339,3.3329149827420617,Non-Stop (2014),Action|Mystery|Thriller,2024469,225574.0
80615,-0.03166472438058909,0.12542919948815853,3.3384581105169335,Legend of the Guardians: The Owls of Ga'Hoole (2010),Adventure|Animation|Fantasy|IMAX,1219342,41216.0
90439,-0.0703715526198308,0.35819291503816547,3.3944463758039283,Margin Call (2011),Drama|Thriller,1615147,50839.0
2377,-0.0051806342725822995,0.0038383790292314305,2.2412158393753483,Lifeforce (1985),Horror|Sci-Fi,89489,11954.0
2095,0.08463617997194492,0.23906605052316435,3.944937526928048,"Shaggy D.A., The (1976)",Children|Comedy,75200,15943.0
104,-2.569807529443302,17.916656306774662,3.447477890050948,Happy Gilmore (1996),Comedy,116483,9614.0
180,-1.0085213945558487,4.850427336896065,3.3829848556805238,Mallrats (1995),Comedy|Romance,113749,2293.0
468,-0.7038083993965085,3.8255447460778833,3.406933096348294,"Englishman Who Went Up a Hill But Came Down a Mountain, The (1995)",Comedy|Romance,112966,10612.0
51705,0.4132233961465801,0.8998099599328239,4.050143167599495,Priceless (Hors de prix) (2006),Comedy|Romance,482088,6691.0
31658,0.6461103785318183,3.735625001093156,3.7638682017252854,Howl's Moving Castle (Hauru no ugoku shiro) (2004),Adventure|Animation|Fantasy|Romance,347149,4935.0
2118,0.46064061757512076,2.9023862444260025,3.749620088957602,"Dead Zone, The (1983)",Thriller,85407,11336.0
40815,1.3266489270736346,9.077824139417565,3.7370508212068922,Harry Potter and the Goblet of Fire (2005),Adventure|Fantasy|Thriller|IMAX,330373,674.0
6790,0.032320930967901305,0.2172684803953366,3.739669421487603,Avalon (2001),Drama|Fantasy|Sci-Fi,267287,10881.0
47894,0.0990671395751738,0.20646533659176985,4.070733652312599,"Wind That Shakes the Barley, The (2006)",Drama|War,460989,1116.0
165969,0.06984555408233584,0.09709471643732787,4.310263929618769,HyperNormalisation (2016),Documentary,6156350,419546.0
2265,-0.37612519803902533,0.8586322285721023,3.152857518276512,Nothing But Trouble (1991),Adventure|Comedy,102558,11933.0
1416,-0.2515345979965712,2.0449209385342186,3.467904532025328,Evita (1996),Drama|Musical,116250,8818.0
932,1.0349453171802712,1.3343156901753586,4.3665466141733615,"Affair to Remember, An (1957)",Drama|Romance,50105,8356.0
52975,0.4935761031237226,1.4068629662684915,3.9417436177662903,Hairspray (2007),Comedy|Drama|Musical,427327,2976.0
56251,0.4399034540063318,1.0206895667657898,4.021895620339614,Futurama: Bender's Big Score (2007),Animation|Comedy|Sci-Fi,471711,7249.0
59126,0.10382972714142101,0.09908907828003066,4.638751385374612,Religulous (2008),Comedy|Documentary,815241,13007.0
27619,-0.2656301020736513,0.2586398362296078,2.5638820638820636,"Lion King 1½, The (2004)",Adventure|Animation|Children|Comedy,318403,11430.0
90717,-0.5150981122125649,0.6168327512677733,2.7558397610885095,Tower Heist (2011),Action|Comedy|Crime,471042,59108.0
147330,0.18841453112728762,0.21322145999044154,4.4745656006043815,Sherlock Holmes and Dr. Watson: Acquaintance (1979),Crime,79902,72095.0
167746,0.017876428401009156,1.0694011383843849,3.607625389180492,The Lego Batman Movie (2017),Action|Animation|Comedy,4116284,324849.0
656,-0.05801617858796404,2.155061003941417,3.563988192390739,Eddie (1996),Comedy,116168,11107.0
46337,-0.09073944790647138,0.5133942447339824,3.414164904862579,Garfield: A Tail of Two Kitties (2006),Animation|Children|Comedy,455499,9513.0
4467,-0.08937358563121733,1.2704490593039786,3.5205610631966056,"Adventures of Baron Munchausen, The (1988)",Adventure|Comedy|Fantasy,96764,14506.0
5435,-0.15689940192707857,0.3143157705820882,3.0917314593301435,Hombre (1967),Western,61770,27945.0
5809,-0.20724669941660698,0.40536541607612603,3.079650134921373,Femme Fatale (2002),Crime|Thriller,280665,9280.0
3470,0.10698511951294709,0.5906164816947626,3.772050530115046,Dersu Uzala (1975),Adventure|Drama,71411,9764.0
7811,-0.023356961515060868,0.2930236990071276,3.5111989459815547,Babylon 5: The River of Souls (1998),Drama|Sci-Fi,146247,10921.0
147380,0.12315488798850294,0.2930236990071276,4.011198945981555,Doctor Who: The Next Doctor (2008),Adventure|Children|Drama|Sci-Fi,1321969,317190.0
92439,-0.014076150858030996,0.03439295973193781,3.181634897360704,"Art of Getting By, The (2011)",Drama|Romance,1645080,64678.0
31427,-0.5686449161420588,0.8799479466129299,2.944683460937602,Hide and Seek (2005),Horror|Mystery|Thriller,382077,11096.0
31867,-0.022346664332241025,0.08917974377033226,3.3403290445053786,Man of the House (2005),Action|Comedy,331933,13498.0
917,0.1341394646465156,0.2709617185859615,4.085958595859585,"Little Princess, The (1939)",Children|Drama,31580,26531.0
8831,0.051108866161582965,0.19350923728126776,3.855024989868972,Suspect Zero (2004),Crime|Thriller,324127,8080.0
37382,0.051108866161582965,0.19350923728126776,3.855024989868972,Domino (2005),Crime|Drama|Thriller,421054,9923.0
58870,-0.045645752479050915,0.19350923728126776,3.355024989868972,Zebraman (2004),Comedy,388556,36223.0
3368,-0.03489684528963725,0.23906605052316435,3.444937526928048,"Big Country, The (1958)",Romance|Western,51411,12501.0
5544,0.08463617997194492,0.23906605052316435,3.944937526928048,Time After Time (1979),Sci-Fi|Thriller,80025,24750.0
133867,-0.2656301020736513,0.2586398362296078,2.5638820638820636,Barely Lethal (2015),Action|Adventure|Comedy,1731701,248574.0
2973,-1.4327408106071529,1.6427541589636174,2.718751316850529,Crimes and Misdemeanors (1989),Comedy|Crime|Drama,97123,11562.0
991,-0.7268617616258763,1.6677860001053186,3.1550847335994745,Michael Collins (1996),Drama,117039,1770.0
2110,-0.6307014760013618,2.005935687373431,3.2764914951848723,Dead Men Don't Wear Plaid (1982),Comedy|Crime|Thriller,83798,9442.0
6428,-0.0041655287207111365,0.20646533659176985,3.5707336523125996,Two Mules for Sister Sara (1970),Comedy|War|Western,65134,11916.0
82767,0.08974653223986225,0.20103223221729136,4.037337662337662,Rabbit Hole (2010),Drama,935075,27585.0
114335,0.021298195863671907,0.09709471643732787,3.810263929618768,La cravate (1957),(no genres listed),121731,32891.0
135518,-0.11345680950393296,0.19495395435887075,3.008941877794337,Self/less (2015),Action|Mystery|Sci-Fi|Thriller,2140379,238615.0
187595,-0.015979832324497577,0.19495395435887075,3.508941877794337,Solo: A Star Wars Story (2018),Action|Adventure|Children|Sci-Fi,3778644,348350.0
3088,1.0392536868892888,0.764000360724649,4.951188143530956,Harvey (1950),Comedy|Fantasy,42546,11787.0
6025,-0.1292084590048465,0.4082872059199553,3.274444462257029,CB4 - The Movie (1993),Comedy,106500,15278.0
55282,0.13568048735425264,2.1367079075673403,3.6544088733892925,30 Days of Night (2007),Horror|Thriller,389722,4513.0
182299,-0.1363101839588474,0.2586398362296078,3.0638820638820636,Porky's Hare Hunt (1938),Animation|Children|Comedy,30608,188763.0
4214,-0.04567730950071394,0.5571087432539688,3.5089191561722544,Revenge of the Nerds (1984),Comedy,88000,14052.0
91126,-0.0050731224169969944,0.05464477574879632,3.498070894622619,War Horse (2011),Drama|War,1568911,57212.0
128914,0.049272778941072064,0.02967852232720984,5.2511258091753445,Tom Segura: Completely Normal (2014),Comedy,3500822,259395.0
4234,-0.3641461013436855,0.7196811866582142,3.084926569628285,"Tailor of Panama, The (2001)",Drama|Thriller,236784,2575.0
5107,0.277706755280958,0.7993962640865382,3.938304704020056,Hart's War (2002),Drama|War,251114,10592.0
42015,-0.10905811097685573,0.6036533452362739,3.410245616023236,Casanova (2005),Action|Adventure|Comedy|Drama|Romance,402894,9681.0
48412,-0.15926855211443208,0.4537670384834418,3.2399171972564984,"Guardian, The (2006)",Action|Adventure|Drama,406816,4643.0
5083,0.19811871665951905,0.40536541607612603,4.079650134921373,Rare Birds (2001),Comedy|Drama,295552,74692.0
27592,0.046152028312279776,0.6018510897668423,3.667592558127135,Sympathy for Mr. Vengeance (Boksuneun naui geot) (2002),Crime|Drama,310775,4689.0
48596,-0.06693653621740715,0.08917974377033226,2.8403290445053786,"Marine, The (2006)",Action|Drama|Thriller,419946,8975.0
80969,-0.03166472438058909,0.12542919948815853,3.3384581105169335,Never Let Me Go (2010),Drama|Romance|Sci-Fi,1334260,42188.0
2182,1.2713178278580737,0.9999999987420213,4.862226920366455,"Wrong Man, The (1956)",Drama|Film-Noir|Thriller,51207,22527.0
77455,-1.2750958189468704,2.408995311848719,3.0616030301312755,Exit Through the Gift Shop (2010),Comedy|Documentary,1587707,39452.0
7482,0.13506826365585334,0.9724656239685189,3.729801675209043,Enter the Dragon (1973),Action|Crime,70034,9461.0
2184,-0.15350256773867665,1.045811111983124,3.4441306086575523,"Trouble with Harry, The (1955)",Comedy|Mystery,48750,11219.0
122892,0.5015173321700319,4.52832743651754,3.701660210213246,Avengers: Age of Ultron (2015),Action|Adventure|Sci-Fi,2395427,99861.0
407,-0.4311988125904329,0.983993502391421,3.15269602187715,In the Mouth of Madness (1995),Horror|Thriller,113409,2654.0
788,-12.083298389770222,18.907419758155523,2.9518320225239023,"Nutty Professor, The (1996)",Comedy|Fantasy|Romance|Sci-Fi,117218,9327.0
2643,-2.7396246347157454,2.301741769230878,2.4006693032237916,Superman IV: The Quest for Peace (1987),Action|Adventure|Sci-Fi,94074,11411.0
2733,-0.6361206589482978,0.9264934313682585,2.904319593983175,Vibes (1988),Adventure|Comedy|Romance,96378,21185.0
106540,-0.07508422578805171,0.7281946867181224,3.487798992528057,Delivery Man (2013),Comedy,2387559,146239.0
61323,1.2826088550175232,4.621634585940624,3.8684318658422976,Burn After Reading (2008),Comedy|Crime|Drama,887883,4944.0
2730,0.9617077842965513,0.6226338964714626,5.135488963201073,Barry Lyndon (1975),Drama|Romance|War,72684,3175.0
59725,-0.4450430757686351,1.1595806323466848,3.2071125153591997,Sex and the City (2008),Comedy|Romance,1000774,4564.0
42632,-0.6594958379382962,1.404462607495342,3.1213374309598008,Lady Vengeance (Sympathy for Lady Vengeance) (Chinjeolhan geumjassi) (2005),Crime|Drama|Mystery|Thriller,451094,4550.0
56339,0.45752651477809303,0.80707191702724,4.157805925163145,"Orphanage, The (Orfanato, El) (2007)",Drama|Horror|Mystery|Thriller,464141,6537.0
69524,0.07523063079645378,0.16818356112696517,4.038221719398749,Raiders of the Lost Ark: The Adaptation (1989),Action|Adventure|Thriller,772251,62128.0
6484,-0.5785733493085794,0.8230508371838605,2.887947228567491,Hollywood Homicide (2003),Action|Crime|Drama,329717,11375.0
6604,-0.1363101839588474,0.2586398362296078,3.0638820638820636,Hawks and Sparrows (Uccellacci e Uccellini) (1966),Comedy,61132,33954.0
79139,0.07399859772817288,1.2419159718604316,3.6504933135174213,"Sorcerer's Apprentice, The (2010)",Action|Adventure|Children|Comedy|Fantasy,963966,27022.0
116977,-0.02492352687695254,0.02967852232720984,2.7511258091753445,Dumb and Dumber To (2014),Comedy,2096672,100042.0
155812,0.019594256613862222,0.02967852232720984,4.2511258091753445,Get a Job (2016),Comedy,1468846,186759.0
69306,0.05301950850523028,0.9509161704348802,3.646665329107231,"Taking of Pelham 1 2 3, The (2009)",Crime|Drama|Thriller,1111422,18487.0
78218,0.5859262290705096,0.6815297010190097,4.450631313131312,Unthinkable (2010),Drama|Thriller,914863,38199.0
5530,-1.6731198320170515,1.3837518768409134,2.381790707751583,Simone (S1m0ne) (2002),Comedy|Drama|Fantasy|Sci-Fi,258153,9296.0
26131,0.036581567009806956,0.9824763711205202,3.6281431334622827,"Battle of Algiers, The (La battaglia di Algeri) (1966)",Drama|War,58946,17295.0
7164,-1.2830044916628056,0.7512850925994783,1.883162585220344,Peter Pan (2003),Action|Adventure|Children|Fantasy,316396,10601.0
4178,0.26097392452275325,0.5289269358072702,4.084311689369017,Of Mice and Men (1939),Drama,31742,51802.0
4811,0.19811871665951905,0.40536541607612603,4.079650134921373,Quadrophenia (1979),Drama|Musical,79766,10373.0
8836,0.17010669235514195,0.2826889810516,4.192654131420917,Wicker Park (2004),Drama|Romance|Thriller,324554,11208.0
5833,0.14786348480221684,0.19350923728126776,4.355024989868972,Dog Soldiers (2002),Action|Horror,280609,11880.0
3345,-0.03489684528963725,0.23906605052316435,3.444937526928048,"Charlie, the Lonesome Cougar (1967)",Adventure|Children,62793,57855.0
1009,-0.8916631775144513,2.0445745695152624,3.1547972509159665,Escape to Witch Mountain (1975),Adventure|Children|Fantasy,72951,14821.0
2599,-0.17639464808711905,10.086600535538265,3.5734210732696865,Election (1999),Comedy,126886,9451.0
54503,1.132654146081912,6.61303681119318,3.762185038468431,Superbad (2007),Comedy,829482,8363.0
1387,2.0280379123507988,10.374619619958576,3.7863897915652656,Jaws (1975),Action|Horror,73195,578.0
2021,-2.570004854372878,6.717751043318988,3.2083398593611565,Dune (1984),Adventure|Sci-Fi,87182,841.0
2690,0.3236666992392425,2.2296067466072005,3.7360767083518382,"Ideal Husband, An (1999)",Comedy|Romance,122541,24137.0
2713,-1.390018351946111,1.1495410868884983,2.381714945697178,Lake Placid (1999),Horror|Thriller,139414,9825.0
143969,0.011781700094229436,0.33321225745042204,3.6262670341743752,Er ist wieder da (2015),Comedy,4176826,318917.0
156607,-0.17289123701098383,0.09709471643732787,1.8102639296187681,The Huntsman Winter's War (2016),Action|Adventure|Drama|Fantasy,2381991,290595.0
190183,0.06984555408233584,0.09709471643732787,4.310263929618769,The Darkest Minds (2018),Sci-Fi|Thriller,4073790,445651.0
7000,0.4148978887584303,0.5215775514745804,4.386376395024174,Hudson Hawk (1991),Action|Adventure|Comedy,102070,9292.0
7040,-0.48928370584932485,0.38352150742337915,2.315143074195999,To Live and Die in L.A. (1985),Action|Crime|Drama|Thriller,90180,9846.0
91077,0.35176147494915094,0.6568626122934189,4.126426668505697,"Descendants, The (2011)",Comedy|Drama,1033575,65057.0
121338,-0.2656301020736513,0.2586398362296078,2.5638820638820636,Carry on Cabby (1963),Adventure|Comedy|Romance,56912,19254.0
617,-0.08857200892202143,1.3018084960524416,3.5228714270049113,"Flower of My Secret, The (La flor de mi secreto) (1995)",Comedy|Drama,113083,4307.0
26587,0.18841453112728762,0.21322145999044154,4.4745656006043815,"Decalogue, The (Dekalog) (1989)",Crime|Drama|Romance,92337,
65130,-0.7961882613427055,1.4342305375969353,3.035776397474237,Revolutionary Road (2008),Drama|Romance,959337,4148.0
7762,-0.27557321123275186,0.2815639332160726,2.612185686653772,"Tinker, Tailor, Soldier, Spy (1979)",Drama|Thriller,80297,140207.0
1107,-0.24091857790400817,0.8544927761199342,3.3089657150996814,Loser (1991),Comedy,102336,
3993,-0.01555517942337871,0.40949025552544616,3.5529224008389724,Quills (2000),Drama|Romance,180073,10876.0
3688,-0.8487497952437992,0.6424099906555988,2.269712646909793,Porky's (1982),Comedy,84522,10246.0
148888,-0.24946801013891354,0.35819291503816547,2.8944463758039283,Zoolander 2 (2016),Comedy,1608290,329833.0
3696,0.14786348480221684,0.19350923728126776,4.355024989868972,Night of the Creeps (1986),Comedy|Horror|Sci-Fi|Thriller,91630,15762.0
6794,-0.23915498976031868,0.19350923728126776,2.355024989868972,Beethoven's 2nd (1993),Children|Comedy,106375,10438.0
963,-0.03489684528963725,0.23906605052316435,3.444937526928048,"Inspector General, The (1949)",Musical,41509,40206.0
127323,-0.35834390097758373,0.15569545040039195,1.2893395841826334,Vice (2015),Action|Adventure|Sci-Fi|Thriller,3480796,307663.0
954,2.0128442159212816,3.471114652374302,4.170793196593834,Mr. Smith Goes to Washington (1939),Drama,31679,3083.0
36,2.1052422757169924,15.738437727892334,3.724673465246322,Dead Man Walking (1995),Crime|Drama,112818,687.0
208,-6.008989881965997,22.218238111440566,3.3204560580526348,Waterworld (1995),Action|Adventure|Sci-Fi,114898,9804.0
315,-0.03742722110044355,10.747734594537942,3.5874267550948566,"Specialist, The (1994)",Action|Drama|Thriller,111255,2636.0
187,-0.3241462483975177,0.6304334892354014,3.0767450213723553,Party Girl (1995),Comedy,114095,36196.0
6942,3.5388892542922252,8.088533515828132,4.028428357827762,Love Actually (2003),Comedy|Drama|Romance,314331,508.0
1359,-0.4649676152145419,5.339423478964491,3.5038271021800913,Jingle All the Way (1996),Children|Comedy,116705,9279.0
1882,-11.225265313252184,7.365548360550207,2.066886063190669,Godzilla (1998),Action|Sci-Fi|Thriller,120685,929.0
2558,-1.2921459771787331,0.8567481262956613,2.0827108964576944,Forces of Nature (1999),Comedy|Romance,141098,1641.0
3712,0.17721426460966114,0.45138271021953535,3.9835122203543256,Soapdish (1991),Comedy,102951,25562.0
81564,0.374219756623685,1.849743788462344,3.793218058755263,Megamind (2010),Action|Animation|Children|Comedy|Sci-Fi|IMAX,1001526,38055.0
108945,0.02129669123187942,0.08168341312313925,3.8516314385388877,RoboCop (2014),Action|Crime|Sci-Fi|IMAX,1234721,97020.0
138036,1.1446070017411056,2.557263694878037,4.038499616686173,The Man from U.N.C.L.E. (2015),Action|Adventure|Comedy,1638355,203801.0
1217,0.9346135216427348,1.4774897882772449,4.223477606142279,Ran (1985),Drama|War,89881,11645.0
2454,0.01769733826107952,1.570919041762258,3.6021746862648047,"Fly, The (1958)",Horror|Mystery|Sci-Fi,51622,11815.0
65514,-0.562121170827925,1.456025137399167,3.204843523502736,Ip Man (2008),Action|Drama|War,1220719,14756.0
1277,1.8324287755146749,2.8691932177050203,4.229565548134505,Cyrano de Bergerac (1990),Comedy|Drama|Romance,99334,11673.0
4380,0.38730600747604893,0.3145910539907577,4.8220502901353965,"Princess and the Warrior, The (Krieger und die Kaiserin, Der) (2000)",Drama|Romance,203632,9301.0
3444,-2.0652455540525247,1.461708736867978,2.1780109519284396,Bloodsport (1988),Action,92675,11690.0
7624,-1.2206388834000952,0.957334499911709,2.315870028269366,School Ties (1992),Drama,105327,14684.0
8838,0.11916482361248402,0.16350522309619905,4.319722650231125,Alice Doesn't Live Here Anymore (1974),Drama|Romance,71115,16153.0
56060,0.08180380113206685,0.21322145999044154,3.9745656006043815,I Served the King of England (Obsluhoval jsem anglického krále) (2006),Comedy|Drama|Romance|War,284363,12555.0
58554,-0.45124984884403696,0.21322145999044154,1.4745656006043815,"Class, The (Klass) (2007)",Drama,988108,28205.0
47640,0.10778559149197522,0.31236750337880986,3.9359692854750508,Beerfest (2006),Comedy,486551,9988.0
393,-1.891784191059064,1.5360038068970925,2.3592818107132887,Street Fighter (1994),Action|Adventure|Fantasy,111301,11667.0
36535,0.42079047811830744,0.23611754101309415,5.373031995937024,Everything Is Illuminated (2005),Comedy|Drama,404030,340.0
2511,-1.5458740116540537,1.1397841416279901,2.2346224439953755,"Long Goodbye, The (1973)",Crime|Film-Noir,70334,1847.0
93008,0.592252701644028,0.3645872947131095,5.215355993563958,"Very Potter Sequel, A (2010)",Comedy|Musical,2040264,59017.0
2208,0.11443718540069085,0.12696220123802082,4.49225755749838,"Lady Vanishes, The (1938)",Drama|Mystery|Thriller,30341,940.0
3402,0.10698511951294709,0.5906164816947626,3.772050530115046,Turtle Diary (1985),Comedy|Drama|Romance,90219,123047.0
82169,0.20036324804472277,0.27840187605369193,4.31059981600349,"Chronicles of Narnia: The Voyage of the Dawn Treader, The (2010)",Adventure|Children|Fantasy,980970,10140.0
1993,-0.045645752479050915,0.19350923728126776,3.355024989868972,Child's Play 3 (1991),Comedy|Horror|Thriller,103956,11187.0
3046,-0.023963986110096768,0.026243169571654894,2.677757726144823,"Incredibly True Adventure of Two Girls in Love, The (1995)",Comedy|Romance,113416,29371.0
5745,-0.023963986110096768,0.026243169571654894,2.677757726144823,"Four Seasons, The (1981)",Comedy|Drama,82405,25113.0
2057,-0.03489684528963725,0.23906605052316435,3.444937526928048,"Incredible Journey, The (1963)",Adventure|Children,57180,37969.0
3846,0.08463617997194492,0.23906605052316435,3.944937526928048,Easy Money (1983),Comedy,85470,18391.0
3053,0.006671979421632515,1.6487867337335458,3.5949556903176902,"Messenger: The Story of Joan of Arc, The (1999)",Drama|War,151137,10047.0
89,-0.5206302713963602,2.4489799836268498,3.378318430766036,Nick of Time (1995),Action|Thriller,113972,2086.0
46530,-1.8221983796446641,2.1322547692982265,2.7363215407335595,Superman Returns (2006),Action|Adventure|Sci-Fi|IMAX,348150,1452.0
56367,4.423559455973866,10.623457626599032,4.00730454439103,Juno (2007),Comedy|Drama|Romance,467406,7326.0
84374,-0.540921864373952,2.2221416906371965,3.3474854304588684,No Strings Attached (2011),Comedy|Romance,1411238,41630.0
3668,0.8200747435016318,3.284326460147728,3.840602522257187,Romeo and Juliet (1968),Drama|Romance,63518,6003.0
48304,0.6249797843393191,2.428616275040262,3.8482489559023607,Apocalypto (2006),Adventure|Drama|Thriller,472043,1579.0
2706,0.10262301881670718,14.13634067357582,3.598168608855523,American Pie (1999),Comedy|Romance,163651,2105.0
422,0.39361507255028105,1.0332350447042131,3.971863138652373,Blink (1994),Thriller,109297,26203.0
2555,-1.16735459616692,0.800587397901195,2.1327864684106164,Baby Geniuses (1999),Comedy,118665,22345.0
3825,-2.6769628973590702,3.295366686396334,2.7785676575839644,Coyote Ugly (2000),Comedy|Drama|Romance,200550,6282.0
2376,-0.6919992417183625,2.817461824966116,3.345298223856195,"View to a Kill, A (1985)",Action|Adventure|Thriller,90264,707.0
107449,0.1438218109165883,0.08168341312313925,5.351631438538888,"Muppet Christmas: Letters to Santa, A (2008)",Children|Comedy,1292569,27190.0
6721,-0.37098973828959025,1.0190573860688645,3.226857229491622,Once Upon a Time in China (Wong Fei Hung) (1991),Action|Adventure|Drama,103285,10617.0
3836,2.603478623397296,3.712344533275514,4.292212162340386,Kelly's Heroes (1970),Action|Comedy|War,65938,11589.0
27788,-0.49648765298080527,1.3205703254152115,3.214944522096975,"Jacket, The (2005)",Drama|Mystery|Sci-Fi|Thriller,366627,9667.0
48385,-1.4971057481213015,7.230085960333024,3.3838429845951428,Borat: Cultural Learnings of America for Make Benefit Glorious Nation of Kazakhstan (2006),Comedy,443453,496.0
69849,0.0990671395751738,0.20646533659176985,4.070733652312599,Roots (1977),Drama|War,75572,67479.0
1476,-2.240485796542861,3.53928585330604,2.957875792835688,Private Parts (1997),Comedy|Drama,119951,9403.0
2310,-0.08078378453767818,1.0031901045946983,3.510382195590166,"Mighty, The (1998)",Drama,119670,9821.0
145839,0.08974653223986225,0.20103223221729136,4.037337662337662,Concussion (2015),Drama,3322364,321741.0
142961,-0.027249162354992026,0.09709471643732787,3.310263929618768,Life Eternal (2015),Comedy|Crime|Thriller,3642618,277967.0
64285,-0.0008595201623588732,0.0009890868959628648,2.7219054008721906,Wallace and Gromit in 'A Matter of Loaf and Death' (2008),Animation|Comedy,1118511,14447.0
4585,-0.0066666808679460565,0.32857212849163137,3.5706192358366273,"Dream Team, The (1989)",Comedy,97235,14550.0
47518,0.4764850842760317,1.3743428104316,3.937609405167944,Accepted (2006),Comedy,384793,9788.0
6303,0.5936349500682855,1.3130320428590456,4.043019116172208,"Andromeda Strain, The (1971)",Mystery|Sci-Fi,66769,10514.0
3910,1.8180225656168345,2.5442074421537613,4.305482335014459,Dancer in the Dark (2000),Drama|Musical,168629,16.0
40339,-0.24783659206142067,0.34781957999994007,2.878365558824257,Chicken Little (2005),Action|Adventure|Animation|Children|Comedy|Sci-Fi,371606,9982.0
105746,-0.2656301020736513,0.2586398362296078,2.5638820638820636,UnHung Hero (2013),Documentary,2708946,173495.0
6638,-0.19267821800189391,0.13805604405120123,2.195256916996047,Valley Girl (1983),Comedy|Romance,86525,19053.0
67923,0.08391797603609802,0.571414375028607,3.737769197520684,"Fast & Furious (Fast and the Furious 4, The) (2009)",Action|Crime|Drama|Thriller,1013752,13804.0
5391,0.18187080348335205,0.17950884499655528,4.604066985645932,Thirteen Conversations About One Thing (a.k.a. 13 Conversations) (2001),Drama,268690,17734.0
44613,1.1488222983917091,0.7877638617543147,5.049242424242425,Take the Lead (2006),Drama,446046,12763.0
2457,0.059944288605739415,1.2600115072455689,3.638483488651521,Running Scared (1986),Action|Comedy,91875,15698.0
79008,0.4354385573402173,0.5522401012685842,4.37940408853774,South Park: Imaginationland (2008),Animation|Comedy|Fantasy,1308667,16023.0
147378,0.12315488798850294,0.2930236990071276,4.011198945981555,Doctor Who: Planet of the Dead (2009),Adventure|Children|Drama|Sci-Fi,1337072,282963.0
517,0.7224086936055383,0.7460724397346847,4.559191331521595,Rising Sun (1993),Action|Drama|Mystery,107969,7007.0
3406,-0.36195221333842365,0.47511072114872316,2.8290820109743438,Captain Horatio Hornblower R.N. (1951),Action|Adventure|Drama|War,43379,23928.0
6306,0.05249894067071252,0.06012854450521054,4.464020873386432,I Am Trying to Break Your Heart (2002),Documentary,327920,14308.0
