movieId,num,den,pred,title,genres,imdbId,tmdbId
1223,7.630199210055025,6.718232734729492,4.7809061172123,"Grand Day Out with Wallace and Gromit, A (1989)",Adventure|Animation|Children|Comedy|Sci-Fi,104361,530
3508,5.784421709934971,5.775536067209567,4.646699613533395,"Outlaw Josey Wales, The (1976)",Action|Adventure|Drama|Thriller|Western,75029,10747
318,39.803877789933956,41.984042751393716,4.593232848784898,"Shawshank Redemption, The (1994)",Crime|Drama,111161,278
3836,4.496972997090519,4.811544276623579,4.579782651767234,Kelly's Heroes (1970),Action|Comedy|War,65938,11589
1204,7.595595599998593,8.509239695121728,4.537790359371371,Lawrence of Arabia (1962),Adventure|Drama|War,56172,947
1201,16.565746104767957,18.607654001737487,4.535426404503875,"Good, the Bad and the Ugly, The (Buono, il brutto, il cattivo, Il) (1966)",Action|Adventure|Western,60196,429
2300,5.920662596082481,6.818952287020658,4.5134268945689096,"Producers, The (1968)",Comedy,63462,30197
1945,5.233463268595351,6.027539369842642,4.513419808304431,On the Waterfront (1954),Crime|Drama,47296,654
750,15.140986040577333,17.92544573259589,4.489825653026844,Dr. Strangelove or: How I Learned to Stop Worrying and Love the Bomb (1964),Comedy|War,57012,935
904,14.795058450751785,17.60844454269136,4.4853864206375444,Rear Window (1954),Mystery|Thriller,47396,567
50,29.126673795418533,34.857549269277776,4.4807528212939856,"Usual Suspects, The (1995)",Crime|Mystery|Thriller,114814,629
3213,3.8509254833030537,4.621869730244955,4.478357566908827,Batman: Mask of the Phantasm (1993),Animation|Children,106364,14919
296,37.89290714189882,45.778979545689175,4.472897222626277,Pulp Fiction (1994),Comedy|Crime|Drama|Thriller,110912,680
2959,37.34543581960824,45.422662823100424,4.46733754940441,Fight Club (1999),Action|Crime|Drama|Thriller,137523,550
1283,4.486488646650458,5.474340910344738,4.464709780374406,High Noon (1952),Drama|Western,44706,288
745,9.144227149414053,11.30506403656362,4.454022373371565,Wallace & Gromit: A Close Shave (1995),Animation|Children|Comedy,112691,532
858,32.89606553178485,40.6752599710216,4.4539100173490915,"Godfather, The (1972)",Crime|Drama,68646,238
1244,5.458162753244997,6.774391993434237,4.450866356228126,Manhattan (1979),Comedy|Drama|Romance,79522,696
3275,14.030677346766572,17.43705273146711,4.449808541104784,"Boondock Saints, The (2000)",Action|Crime|Drama|Thriller,144117,8374
1196,40.645459588297115,50.77658590691504,4.445637692228235,Star Wars: Episode V - The Empire Strikes Back (1980),Action|Adventure|Sci-Fi,80684,1891
1197,25.00284101139553,31.56558370639485,4.437253096761706,"Princess Bride, The (1987)",Action|Adventure|Comedy|Fantasy|Romance,93779,2493
27773,7.848306347629409,9.91324119165146,4.436860534212631,Old Boy (2003),Mystery|Thriller,364569,670
1213,22.924326730497206,29.168916421401605,4.431077558633496,Goodfellas (1990),Crime|Drama,99685,769
741,7.3298681061659785,9.34836254713813,4.429241634353479,Ghost in the Shell (Kôkaku kidôtai) (1995),Animation|Sci-Fi,113568,9323
2324,12.236836259512653,15.636405509105657,4.427747510013575,Life Is Beautiful (La Vita è bella) (1997),Comedy|Drama|Romance|War,118799,637
3424,4.32743485464263,5.533696603626225,4.427176348718049,Do the Right Thing (1989),Drama,97216,925
1267,5.9845007246386785,7.6935326339464645,4.423022414921171,"Manchurian Candidate, The (1962)",Crime|Thriller|War,56218,982
1266,10.347345417095573,13.311010827432762,4.4225135721206215,Unforgiven (1992),Drama|Western,105695,33
34405,11.893677396577438,15.360421892259613,4.4194679275813025,Serenity (2005),Action|Adventure|Sci-Fi,379786,16320
3328,4.103336448264376,5.304612555059726,4.41870236087813,Ghost Dog: The Way of the Samurai (1999),Crime|Drama,165798,4816
1090,11.632060631323991,15.099126298026865,4.415540955433693,Platoon (1986),Drama|War,91763,792
720,5.567350048674057,7.286434930730295,4.409231694783827,Wallace & Gromit: The Best of Aardman Animation (1996),Adventure|Animation|Comedy,118114,503475
260,39.392844912135885,51.647725493888,4.407883051498218,Star Wars: Episode IV - A New Hope (1977),Action|Adventure|Sci-Fi,76759,11
1221,24.201053808998267,31.78944512314628,4.406453378119517,"Godfather: Part II, The (1974)",Crime|Drama,71562,240
1148,10.526417757635,13.866989461794947,4.404260230113187,Wallace & Gromit: The Wrong Trousers (1993),Animation|Children|Comedy|Crime,108598,531
7153,29.720565094735438,39.53890414993193,4.396840300705765,"Lord of the Rings: The Return of the King, The (2003)",Action|Adventure|Drama|Fantasy,167260,122
1272,4.025433075682498,5.3799699870953015,4.393387086583959,Patton (1970),Drama|War,66206,11202
3435,3.9630417414116828,5.31285394571107,4.3910957797652,Double Indemnity (1944),Crime|Drama|Film-Noir,36775,996
48516,19.9158318299923,26.763420517580194,4.389305002176093,"Departed, The (2006)",Crime|Drama|Thriller,407887,1422
1252,8.689488044825643,11.741549511635142,4.38522437110692,Chinatown (1974),Crime|Film-Noir|Mystery|Thriller,71315,829
2288,8.756306490972351,11.86517308557459,4.383145109845134,"Thing, The (1982)",Action|Horror|Sci-Fi|Thriller,84787,1091
1242,6.5745208038886895,8.912337783224451,4.382848777726426,Glory (1989),Drama|War,97441,9665
4226,25.80257991993273,34.98362451413175,4.382722922106847,Memento (2000),Mystery|Thriller,209144,77
930,4.157658574412117,5.654762962206588,4.38041011807201,Notorious (1946),Film-Noir|Romance|Thriller,38787,303
1136,25.16631525693475,34.353284338662306,4.377735045899074,Monty Python and the Holy Grail (1975),Adventure|Comedy|Fantasy,71853,762
1248,3.5576761113034716,4.9032718168600855,4.370733014390283,Touch of Evil (1958),Crime|Film-Noir|Thriller,52311,1480
922,5.807067449470593,8.023439387576804,4.368924061522581,Sunset Blvd. (a.k.a. Sunset Boulevard) (1950),Drama|Film-Noir|Romance,43014,599
7387,4.465320713977203,6.1932996341922,4.366153371560313,Dawn of the Dead (1978),Action|Drama|Horror,77402,923
1199,10.255220541199334,14.231279145485,4.365772537965885,Brazil (1985),Fantasy|Sci-Fi,88846,68
1089,24.791172477128217,34.45125184899453,4.364762768555955,Reservoir Dogs (1992),Crime|Mystery|Thriller,105236,500
1617,18.821434725416456,26.21082559751044,4.363239930665963,L.A. Confidential (1997),Crime|Film-Noir|Mystery|Thriller,119488,2118
112552,5.507166325796419,7.678133663571753,4.362414447124413,Whiplash (2014),Drama,2582802,244786
913,8.466009256523211,11.836546142726851,4.3604044397342125,"Maltese Falcon, The (1941)",Film-Noir|Mystery,33870,963
1222,18.897934783792884,26.468797616988578,4.359131541003453,Full Metal Jacket (1987),Drama|War,93058,600
1237,3.440201936366148,4.820317721679126,4.35884893941807,"Seventh Seal, The (Sjunde inseglet, Det) (1957)",Drama,50976,490
1215,9.624222977178249,13.573667405984532,4.35419754266944,Army of Darkness (1993),Action|Adventure|Comedy|Fantasy|Horror,106308,766
1250,6.54958021860132,9.255268963381141,4.352820844772641,"Bridge on the River Kwai, The (1957)",Adventure|Drama|War,50212,826
57669,8.982701464713665,12.700751729057679,4.35241869910296,In Bruges (2008),Comedy|Crime|Drama|Thriller,780536,8321
1256,4.688022068651301,6.6292591816443345,4.352332519116994,Duck Soup (1933),Comedy|Musical|War,23969,3063
3556,4.2898999167304765,6.0736872776269175,4.3514701624016405,"Virgin Suicides, The (1999)",Drama|Romance,159097,1443
909,4.513341186710026,6.394855116897228,4.35093810597045,"Apartment, The (1960)",Comedy|Drama|Romance,53604,284
2858,31.122747660619744,44.49645580484806,4.344604569528326,American Beauty (1999),Drama|Romance,169547,14
2160,4.979403836750806,7.1258587655669725,4.343940665803964,Rosemary's Baby (1968),Drama|Horror|Thriller,63522,805
4235,3.8923268365952914,5.574024924586909,4.343458515569833,Amores Perros (Love's a Bitch) (2000),Drama|Thriller,245712,55
2067,2.3956883839636656,3.4543110373747816,4.338696893951588,Doctor Zhivago (1965),Drama|Romance|War,59113,907
1235,4.528908084662864,6.535960029425718,4.338082815446912,Harold and Maude (1971),Comedy|Drama|Romance,67185,343
79132,17.267259582613715,25.011089193923958,4.335545413874641,Inception (2010),Action|Crime|Drama|Mystery|Sci-Fi|Thriller|IMAX,1375666,27205
101,4.823627204388964,6.99099696794745,4.335138204420465,Bottle Rocket (1996),Adventure|Comedy|Crime|Romance,115734,13685
954,3.134885752585399,4.548526837339458,4.33437016508217,Mr. Smith Goes to Washington (1939),Drama,31679,3083
2502,17.331317976097186,25.27243696611517,4.330940715296724,Office Space (1999),Comedy|Crime,151804,1542
2398,4.044320107590707,5.912805106069073,4.3291546489817625,Miracle on 34th Street (1947),Comedy|Drama,39628,11881
898,3.29529169299152,4.822949019430517,4.328413590204515,"Philadelphia Story, The (1940)",Comedy|Drama|Romance,32904,981
1228,7.583919550582513,11.120152574641859,4.327159025306808,Raging Bull (1980),Drama,81398,1578
2019,8.959970638729317,13.233431396000046,4.322232088782817,Seven Samurai (Shichinin no samurai) (1954),Action|Adventure|Drama,47478,346
955,2.9740002960269747,4.4021759664941404,4.320736197615652,Bringing Up Baby (1938),Comedy|Romance,29947,900
1288,9.984932088282934,14.783223524139535,4.320584441204077,This Is Spinal Tap (1984),Comedy,88258,11031
93840,4.525318870938577,6.700746820730507,4.320506638634052,"Cabin in the Woods, The (2012)",Comedy|Horror|Sci-Fi|Thriller,1259521,22970
8874,15.70079696984045,23.346945085296742,4.317660250678187,Shaun of the Dead (2004),Comedy|Horror,365748,747
1208,17.814514118178213,26.50501879608066,4.317279789204535,Apocalypse Now (1979),Action|Drama|War,78788,28
2951,8.0357584041719,11.962894588776985,4.31688481616449,"Fistful of Dollars, A (Per un pugno di dollari) (1964)",Action|Western,58461,391
78499,9.405613786408853,14.071576946224921,4.313573448671329,Toy Story 3 (2010),Adventure|Animation|Children|Comedy|Fantasy|IMAX,435761,10193
7361,18.94765882079046,28.37160499082287,4.31300007346793,Eternal Sunshine of the Spotless Mind (2004),Drama|Romance|Sci-Fi,338013,38
1210,33.31626659046645,49.99485585585958,4.31155516932739,Star Wars: Episode VI - Return of the Jedi (1983),Action|Adventure|Sci-Fi,86190,1892
1261,6.098939323470594,9.207327276634802,4.307561841299753,Evil Dead II (Dead by Dawn) (1987),Action|Comedy|Fantasy|Horror,92991,765
1304,8.025205510334153,12.140254699592822,4.306202186734945,Butch Cassidy and the Sundance Kid (1969),Action|Western,64115,642
933,4.090105080122393,6.19732339061115,4.3051404720350686,To Catch a Thief (1955),Crime|Mystery|Romance|Thriller,48728,381
2973,3.3447462425273344,5.10892103365075,4.299848564956371,Crimes and Misdemeanors (1989),Comedy|Crime|Drama,97123,11562
7482,3.6534631369780217,5.58864014939119,4.298891426023997,Enter the Dragon (1973),Action|Crime,70034,9461
4878,16.55790279779581,25.3525844403898,4.298266388290894,Donnie Darko (2001),Drama|Mystery|Sci-Fi|Thriller,246578,141
2329,20.74704362616048,31.791642759466658,4.297755531222206,American History X (1998),Crime|Drama,120586,73
82459,5.937096332563825,9.11308046495634,4.29665292412334,True Grit (2010),Western,1403865,44264
356,33.27427891018972,51.097135860585205,4.29635783389754,Forrest Gump (1994),Comedy|Drama|Romance|War,109830,13
97913,3.292928253314512,5.06248882929257,4.29561756072553,Wreck-It Ralph (2012),Animation|Comedy,1772341,82690
1233,4.6671658291187,7.19299889561101,4.2940096007426165,"Boot, Das (Boat, The) (1981)",Action|Drama|War,82096,387
5995,6.275644933523844,9.694635846809103,4.292492906007537,"Pianist, The (2002)",Drama|War,253474,423
916,3.7351756663464384,5.800672441975998,4.28908232875188,Roman Holiday (1953),Comedy|Drama|Romance,46250,804
866,3.986437054231782,6.206520398826625,4.2874594148381,Bound (1996),Crime|Drama|Romance|Thriller,115736,9303
168252,4.57563796055468,7.128388947468073,4.287050692315789,Logan (2017),Action|Sci-Fi,3315342,263115
3703,9.421940981268301,14.678733083527355,4.287038234727596,"Road Warrior, The (Mad Max 2) (1981)",Action|Adventure|Sci-Fi|Thriller,82694,8810
1200,21.115502248734725,32.98786565886585,4.28526034453225,Aliens (1986),Action|Adventure|Horror|Sci-Fi,90605,679
6283,5.962645179844079,9.326649380077361,4.284473898478331,Cowboy Bebop: The Movie (Cowboy Bebop: Tengoku no Tobira) (2001),Action|Animation|Sci-Fi|Thriller,275277,11299
593,27.946934900384232,43.73250207451434,4.284203945913696,"Silence of the Lambs, The (1991)",Crime|Horror|Thriller,102926,274
1247,10.677936201209786,16.766252795422343,4.282032014784902,"Graduate, The (1967)",Comedy|Drama|Romance,61722,37247
928,3.477660790461214,5.502126031466017,4.27721881472594,Rebecca (1940),Drama|Mystery|Romance|Thriller,32976,223
6016,8.719008093707732,13.796278031853912,4.277143875886167,City of God (Cidade de Deus) (2002),Action|Adventure|Crime|Drama|Thriller,317248,598
142488,4.003396428238587,6.357262828593089,4.274897059700673,Spotlight (2015),Thriller,1895587,314365
8958,4.345926755904356,6.921849585523264,4.273017483143857,Ray (2004),Drama,350258,1677
2804,9.986461931256951,15.92245061969824,4.272355027177924,"Christmas Story, A (1983)",Children|Comedy,85334,850
1193,16.507049560812025,26.365670496988105,4.271242426268529,One Flew Over the Cuckoo's Nest (1975),Drama,73486,510
44761,3.6913166519837075,5.913855076576088,4.269342299157826,Brick (2005),Crime|Drama|Film-Noir|Mystery,393109,9270
1230,7.24720350740639,11.638683356742048,4.267843655894961,Annie Hall (1977),Comedy|Romance,75686,703
1086,4.105882541458571,6.68242981495886,4.259590777907758,Dial M for Murder (1954),Crime|Mystery|Thriller,46912,521
56782,5.110569565255693,8.33308889010691,4.258447554199679,There Will Be Blood (2007),Drama|Western,469494,7345
3535,11.849854543213256,19.333174507435547,4.258089804764287,American Psycho (2000),Crime|Horror|Mystery|Thriller,144084,1359
1269,2.2052814851989306,3.6012315431015463,4.257529822152975,Arsenic and Old Lace (1944),Comedy|Mystery|Thriller,36613,212
293,18.36182893677936,30.066064588479954,4.255877344365077,Léon: The Professional (a.k.a. The Professional) (Léon) (1994),Action|Crime|Drama|Thriller,110413,101
1291,24.378663359553535,39.93196225852937,4.255666293588262,Indiana Jones and the Last Crusade (1989),Action|Adventure,97576,89
7022,5.314320573391512,8.721783194038656,4.254477051313761,Battle Royale (Batoru rowaiaru) (2000),Action|Drama|Horror|Thriller,266308,3176
6350,3.6779561565937895,6.053390590780953,4.252747318987098,Laputa: Castle in the Sky (Tenkû no shiro Rapyuta) (1986),Action|Adventure|Animation|Children|Fantasy|Sci-Fi,92067,10515
1276,7.793970015852743,12.852736147800268,4.251566752927616,Cool Hand Luke (1967),Drama,61512,903
1673,7.064890742910761,11.65319736117351,4.251423238668863,Boogie Nights (1997),Drama,118749,4995
16,11.137546508099465,18.42055576745615,4.2497872334306805,Casino (1995),Crime|Drama,112641,524
527,21.323425010266988,35.2705150834497,4.249729280193099,Schindler's List (1993),Drama|War,108052,424
912,11.222695445482993,18.571533702441045,4.249456822452614,Casablanca (1942),Drama|Romance,34583,289
1263,6.415647449664945,10.618807794384324,4.24933898801856,"Deer Hunter, The (1978)",Drama|War,77416,11778
4499,2.8122120926738945,4.66240359239385,4.248329041414298,Dirty Rotten Scoundrels (1988),Comedy,95031,10141
4993,26.456081035284384,44.05120214024785,4.24573696474979,"Lord of the Rings: The Fellowship of the Ring, The (2001)",Adventure|Fantasy,120737,120
1845,3.335217087598148,5.555078966494076,4.2455517631357145,Zero Effect (1998),Comedy|Mystery|Thriller,120906,16148
903,7.936635781986196,13.23690295830834,4.2447452872287945,Vertigo (1958),Drama|Mystery|Romance|Thriller,52357,426
54503,9.74999294756289,16.32504820395895,4.242402549797525,Superbad (2007),Comedy,829482,8363
92259,2.6530045614525424,4.444340554745244,4.242101135915663,Intouchables (2011),Comedy|Drama,1675434,77338
3972,3.572513470327276,5.997235830762472,4.2408545355855125,"Legend of Drunken Master, The (Jui kuen II) (1994)",Action|Comedy,111512,12207
1080,13.52520851018443,22.746339824422265,4.239771588945324,Monty Python's Life of Brian (1979),Comedy,79470,583
2761,6.9578244212381275,11.706978320679777,4.239492605912033,"Iron Giant, The (1999)",Adventure|Animation|Children|Drama|Sci-Fi,129167,10386
778,17.419421496309607,29.335613283922182,4.23895903144766,Trainspotting (1996),Comedy|Crime|Drama,117951,627
80489,4.429525411529044,7.468357728108505,4.2382668939484125,"Town, The (2010)",Crime|Drama|Thriller,840361,23168
3000,7.312655309891878,12.332657053822249,4.2381117538786075,Princess Mononoke (Mononoke-hime) (1997),Action|Adventure|Animation|Drama|Fantasy,119698,128
3683,3.9734208669745192,6.721224688801946,4.236336330552896,Blood Simple (1984),Crime|Drama|Film-Noir,86979,11368
4973,14.823851336496825,25.13229651223351,4.2349940077365416,"Amelie (Fabuleux destin d'Amélie Poulain, Le) (2001)",Comedy|Romance,211915,194
1270,25.27158469536933,42.97386466140482,4.233229975939242,Back to the Future (1985),Adventure|Comedy|Sci-Fi,88763,105
969,2.9887187669491158,5.10289834274763,4.230851613843612,"African Queen, The (1951)",Adventure|Comedy|Romance|War,43265,488
3681,5.573215918699566,9.550046686572013,4.2287411950110005,For a Few Dollars More (Per qualche dollaro in più) (1965),Action|Drama|Thriller|Western,59578,938
54997,5.92980584676397,10.171015542247241,4.228171437059969,3:10 to Yuma (2007),Action|Crime|Drama|Western,381849,5176
1231,3.199279761293484,5.488314343743583,4.228086935245756,"Right Stuff, The (1983)",Drama,86197,9549
81932,4.37766215971169,7.541448543968312,4.225641492993029,"Fighter, The (2010)",Drama,964517,45317
2028,26.135834666840818,45.38184591880223,4.221070744021179,Saving Private Ryan (1998),Action|Drama|War,120815,857
1274,6.587932635389006,11.474103291145028,4.21931788400747,Akira (1988),Action|Adventure|Animation|Sci-Fi,94625,149
589,24.845772340167986,43.33391083481307,4.218517613076893,Terminator 2: Judgment Day (1991),Action|Sci-Fi,103064,280
51255,10.23965112797865,17.952265299140677,4.215543377873765,Hot Fuzz (2007),Action|Comedy|Crime|Mystery,425112,4638
1287,4.306460411812149,7.572283198697139,4.213874811739685,Ben-Hur (1959),Action|Adventure|Drama,52618,665
69481,6.277564646270914,11.100039939975542,4.210705568962398,"Hurt Locker, The (2008)",Action|Drama|Thriller|War,887912,12162
38061,9.10050405086305,16.101671963732286,4.210351259797255,Kiss Kiss Bang Bang (2005),Comedy|Crime|Mystery|Thriller,373469,5236
5291,2.9608841725955837,5.2717093159493205,4.2068166156612214,Rashomon (Rashômon) (1950),Crime|Drama|Mystery,42876,548
1967,8.699461249873496,15.495609894400406,4.206575829520721,Labyrinth (1986),Adventure|Fantasy|Musical,91369,13597
166528,5.004719763297875,8.919122138768603,4.206283688279386,Rogue One: A Star Wars Story (2016),Action|Adventure|Fantasy|Sci-Fi,3748528,330459
541,17.418602908920377,31.06161421321022,4.2059371157056855,Blade Runner (1982),Action|Sci-Fi|Thriller,83658,78
1704,18.201440592334222,32.4776095817102,4.205591699651535,Good Will Hunting (1997),Drama|Romance,119217,489
910,5.536238209151728,9.885892480631838,4.205175235445312,Some Like It Hot (1959),Comedy|Crime,53291,239
3396,5.370204667408466,9.619571261150051,4.203419445843358,"Muppet Movie, The (1979)",Adventure|Children|Comedy|Musical,79588,11176
6711,10.822821002382826,19.412719040241214,4.202673116586384,Lost in Translation (2003),Comedy|Drama|Romance,335266,153
1921,7.1129322820381935,12.848334819542446,4.198768573159892,Pi (1998),Drama|Sci-Fi|Thriller,138704,473
1249,6.21337417750098,11.259170448851691,4.197011327043948,"Femme Nikita, La (Nikita) (1990)",Action|Crime|Romance|Thriller,100263,9322
1203,6.477563072915418,11.77410278273103,4.195314677149016,12 Angry Men (1957),Drama,50083,389
2968,5.566548518720527,10.137006461398483,4.194292633070214,Time Bandits (1981),Adventure|Comedy|Fantasy|Sci-Fi,81633,36819
1234,8.569286751191441,15.62516802689855,4.193589709652926,"Sting, The (1973)",Comedy|Crime,70735,9277
6787,3.9597073679031576,7.249625419931372,4.191355968301676,All the President's Men (1976),Drama|Thriller,74119,891
5026,3.9345540304093736,7.219430027477137,4.190156320462002,"Brotherhood of the Wolf (Pacte des loups, Le) (2001)",Action|Mystery|Thriller,237534,6312
3740,6.514988098481666,11.955122707901342,4.1901149233975605,Big Trouble in Little China (1986),Action|Adventure|Comedy|Fantasy,90728,6978
3020,3.138160672952914,5.762845151159127,4.189711776425998,Falling Down (1993),Action|Drama,106856,37094
923,10.440344081379177,19.19578939928791,4.189048458509543,Citizen Kane (1941),Drama|Mystery,33467,15
2788,4.217300479123907,7.768900915193097,4.188005121427775,Monty Python's And Now for Something Completely Different (1971),Comedy,66765,9267
58559,16.285289002056786,30.040144610744907,4.187278802437161,"Dark Knight, The (2008)",Action|Crime|Drama|IMAX,468569,155
5013,3.140447208021815,5.794048900133098,4.187173744849366,Gosford Park (2001),Comedy|Drama|Mystery,280707,5279
1884,6.1417287350332135,11.34162021501296,4.186682526008302,Fear and Loathing in Las Vegas (1998),Adventure|Comedy|Drama,120669,1878
4995,17.21478197035664,31.84311457049712,4.185773653841,"Beautiful Mind, A (2001)",Drama|Romance,268978,453
4002,3.981361855122931,7.392471656337189,4.183731000378919,"Planes, Trains & Automobiles (1987)",Comedy,93748,2609
96737,3.1593417466440474,5.875805375239111,4.18284778727007,Dredd (2012),Action|Sci-Fi,1343727,49049
2912,2.376482066903536,4.4244879195890485,4.182281421052678,"Limey, The (1999)",Crime|Drama|Thriller,165854,10388
55820,8.287944087741796,15.480419244186152,4.180543660891908,No Country for Old Men (2007),Crime|Drama,477348,6977
3148,4.350929288826903,8.141057273850905,4.179604005565401,"Cider House Rules, The (1999)",Drama,124315,1715
112175,1.9821961983910628,3.7122103157457382,4.179127713511736,How to Train Your Dragon 2 (2014),Action|Adventure|Animation,1646971,82702
6874,18.76465352913285,35.182154945717635,4.178518414828672,Kill Bill: Vol. 1 (2003),Action|Crime|Thriller,266697,24
3462,2.688248374324643,5.040283053455571,4.178513844625865,Modern Times (1936),Comedy|Drama|Romance,27977,3082
119145,4.606329319524783,8.684815471596712,4.17555008260041,Kingsman: The Secret Service (2015),Action|Adventure|Comedy|Crime,2802144,207703
148626,3.5615520899157547,6.721833026125893,4.175009554363763,"Big Short, The (2015)",Drama,1596363,318846
122926,3.148853799327152,5.944702528995239,4.1748519273692635,Untitled Spider-Man Reboot (2017),Action|Adventure|Fantasy,2250912,202249
3362,5.717814343059782,10.83437953818789,4.172908522654529,Dog Day Afternoon (1975),Crime|Drama,72890,968
1188,3.3520149803878634,6.360757092276494,4.172144856079942,Strictly Ballroom (1992),Comedy|Romance,105488,10409
4361,3.6361567703518936,6.920130056174482,4.170607519712634,Tootsie (1982),Comedy|Romance,84805,9576
5952,21.59601992075879,41.14244151889545,4.170069842138394,"Lord of the Rings: The Two Towers, The (2002)",Adventure|Fantasy,167261,121
1278,10.545204431179581,20.098371059654813,4.169840821574162,Young Frankenstein (1974),Comedy|Fantasy,72431,3034
608,17.559110943418027,33.488669770408144,4.169491176802695,Fargo (1996),Comedy|Crime|Drama|Thriller,116282,275
3252,3.855419864350277,7.353879502356984,4.169431417245989,Scent of a Woman (1992),Drama,105323,9475
353,9.175611607928664,17.538919482206207,4.168318437721568,"Crow, The (1994)",Action|Crime|Fantasy|Thriller,109506,9495
122886,7.280259184777677,13.916130411378987,4.168313808042033,Star Wars: Episode VII - The Force Awakens (2015),Action|Adventure|Fantasy|Sci-Fi|IMAX,2488496,140607
2542,11.989426017655514,22.946754733057993,4.167650227631617,"Lock, Stock & Two Smoking Barrels (1998)",Comedy|Crime|Thriller,120735,100
3317,4.467834690664295,8.611057394054788,4.164009785618926,Wonder Boys (2000),Comedy|Drama,185014,11004
1394,7.755135458114797,15.000892198667728,4.162139536578181,Raising Arizona (1987),Comedy,93822,378
45728,3.485410027616155,6.761046141201645,4.160674635345152,Clerks II (2006),Comedy,424345,2295
348,3.18483654086625,6.252347561383325,4.154543726314218,Bullets Over Broadway (1994),Comedy,109348,11382
1253,2.3142900412916547,4.590735359577189,4.149283038996644,"Day the Earth Stood Still, The (1951)",Drama|Sci-Fi|Thriller,43456,828
5690,2.16740329232095,4.311693579988822,4.147841443592288,Grave of the Fireflies (Hotaru no haka) (1988),Animation|Drama|War,95327,12477
33794,15.354140006236863,30.598255987926414,4.146959154570056,Batman Begins (2005),Action|Crime|IMAX,372784,272
57640,3.4902677539215774,6.956026525561148,4.146922926701387,Hellboy II: The Golden Army (2008),Action|Adventure|Fantasy|Sci-Fi,411477,11253
1954,11.665046310546202,23.2844393838651,4.146141606715732,Rocky (1976),Drama,75148,1366
2289,4.736949913118595,9.480377114848718,4.144819622061408,"Player, The (1992)",Comedy|Crime|Drama,105151,10403
7090,8.049769389750736,16.13020888745274,4.144210555392122,Hero (Ying xiong) (2002),Action|Adventure|Drama,299977,79
115569,2.7786419820286183,5.578266425699693,4.143280467834062,Nightcrawler (2014),Crime|Drama|Thriller,2872718,242582
106782,5.883866591596728,11.853483457073686,4.141544156719767,"Wolf of Wall Street, The (2013)",Comedy|Crime|Drama,993846,106646
66934,4.226694572622288,8.520006166606578,4.1412517853151725,Dr. Horrible's Sing-Along Blog (2008),Comedy|Drama|Musical|Sci-Fi,1227926,14301
1079,10.244013022634475,20.76212366463472,4.138560361376405,"Fish Called Wanda, A (1988)",Comedy|Crime,95159,623
88163,3.7682432780080632,7.6516770208778215,4.137634087495476,"Crazy, Stupid, Love. (2011)",Comedy|Drama|Romance,1570728,50646
3147,14.3176901455192,29.12645168241169,4.136731283470599,"Green Mile, The (1999)",Crime|Drama,120689,497
2944,4.94882951125488,10.08150391749669,4.136043311583719,"Dirty Dozen, The (1967)",Action|Drama|War,61578,1654
899,4.967021678710183,10.120466974405904,4.135951013808836,Singin' in the Rain (1952),Comedy|Musical|Romance,45152,872
46578,9.414644958098583,19.19448579864845,4.135648223203823,Little Miss Sunshine (2006),Adventure|Comedy|Drama,449059,773
60069,11.016492345005455,22.47161291819112,4.13540166135741,WALL·E (2008),Adventure|Animation|Children|Romance|Sci-Fi,910970,10681
5618,9.033516178650563,18.442354817807885,4.134985706893474,Spirited Away (Sen to Chihiro no kamikakushi) (2001),Adventure|Animation|Fantasy,245429,129
1262,5.151314448000282,10.531711226625273,4.134285407764493,"Great Escape, The (1963)",Action|Adventure|Drama|War,57115,5925
1246,10.268389503448116,21.007740434216355,4.133952031374043,Dead Poets Society (1989),Drama,97165,207
31658,4.513499594059559,9.26025300715458,4.132566883146749,Howl's Moving Castle (Hauru no ugoku shiro) (2004),Adventure|Animation|Fantasy|Romance,347149,4935
8949,5.053690095724355,10.384761219824803,4.131806048165636,Sideways (2004),Comedy|Drama|Romance,375063,9675
553,5.583111109817341,11.473491861558946,4.131770832611409,Tombstone (1993),Action|Drama|Western,108358,11969
89492,4.013809914254369,8.27384211371425,4.130281670185876,Moneyball (2011),Drama,1210166,60308
48780,12.458800876050441,25.690808068767318,4.13011296477945,"Prestige, The (2006)",Drama|Mystery|Sci-Fi|Thriller,482571,1124
112852,8.298116057599842,17.122511739080377,4.129793200606416,Guardians of the Galaxy (2014),Action|Adventure|Sci-Fi,2015381,118340
80463,6.246304352414952,12.903416197799848,4.12924269733777,"Social Network, The (2010)",Drama,1285016,37799
5971,3.855679077865608,7.977448604781607,4.1284835635907875,My Neighbor Totoro (Tonari no Totoro) (1988),Animation|Children|Drama|Fantasy,96283,8392
106920,2.892225603860459,6.011778601066484,4.126254376860114,Her (2013),Drama|Romance|Sci-Fi,1798709,152601
55765,5.647622126537284,11.744412610362327,4.126038609012572,American Gangster (2007),Crime|Drama|Thriller,765429,4982
441,6.794162480232746,14.14181193181616,4.125592088904797,Dazed and Confused (1993),Comedy,106677,9571
68157,10.140597349396753,21.133637809926682,4.124993345776922,Inglourious Basterds (2009),Action|Drama|War,361748,16869
1259,9.670278432188367,20.159355802552586,4.124853104248108,Stand by Me (1986),Adventure|Drama,92005,235
3949,10.978923806444747,22.894128201973572,4.124713218661411,Requiem for a Dream (2000),Drama,180093,641
2076,5.0307415814709024,10.506195319202309,4.123996962969983,Blue Velvet (1986),Drama|Mystery|Thriller,90756,793
6502,7.571429072761395,15.943766055209737,4.120044612848758,28 Days Later (2002),Action|Horror|Sci-Fi,289043,170
1653,12.860430142166859,27.090974554409947,4.1198739899940175,Gattaca (1997),Drama|Sci-Fi|Thriller,119177,782
44191,13.20949931896659,27.96188572921788,4.117572163268566,V for Vendetta (2006),Action|Sci-Fi|Thriller|IMAX,434409,752
110,19.255275186781144,40.760149784559864,4.117565705324773,Braveheart (1995),Action|Drama|War,112573,197
86833,2.6410162104014394,5.608302182989041,4.116073101654767,Bridesmaids (2011),Comedy,1478338,55721
2716,17.201681919449545,36.564057166036164,4.115614592889196,Ghostbusters (a.k.a. Ghost Busters) (1984),Action|Comedy|Sci-Fi,87332,620
97921,4.2195655217707895,8.986304099819844,4.114716405010973,Silver Linings Playbook (2012),Comedy|Drama,1045658,82693
76093,4.899541943518659,10.447670677284636,4.114121465839127,How to Train Your Dragon (2010),Adventure|Animation|Children|Fantasy|IMAX,892769,10191
2010,2.843757772656295,6.077622955798014,4.113067464402891,Metropolis (1927),Drama|Sci-Fi,17136,19
112556,4.3160311247742635,9.245210859226619,4.112000903139772,Gone Girl (2014),Drama|Thriller,2267998,210577
953,5.229621622631003,11.231612681036395,4.110777520647593,It's a Wonderful Life (1946),Children|Drama|Fantasy|Romance,38650,1585
1212,3.120176242667612,6.709814443608709,4.110177991436122,"Third Man, The (1949)",Film-Noir|Mystery|Thriller,41959,1092
55290,4.1222512732755225,8.875008042433478,4.109639833788405,Gone Baby Gone (2007),Crime|Drama|Mystery,452623,4771
1387,11.586255117089546,24.963206778241936,4.10929455476579,Jaws (1975),Action|Horror,73195,578
2580,5.211404365576602,11.237455523008995,4.108914307289197,Go (1999),Comedy|Crime,139239,9430
36708,2.552209203839491,5.521968615267484,4.107353113468978,Family Guy Presents Stewie Griffin: The Untold Story (2005),Adventure|Animation|Comedy,385690,65215
81834,4.958109038263517,10.798128743332558,4.104324974786083,Harry Potter and the Deathly Hallows: Part 1 (2010),Action|Adventure|Fantasy|IMAX,926084,12444
67255,3.105818684927356,6.77032867907018,4.10390094291715,"Girl with the Dragon Tattoo, The (Män som hatar kvinnor) (2009)",Crime|Drama|Mystery|Thriller,1132620,15472
83134,2.011631609610092,4.394674300080928,4.102904234283207,Tucker & Dale vs Evil (2010),Comedy|Horror,1465522,46838
48738,2.7183631742118526,5.940607147456557,4.102751339478694,"Last King of Scotland, The (2006)",Drama|Thriller,455590,1523
1243,1.910052404166712,4.181614700045934,4.101935068971281,Rosencrantz and Guildenstern Are Dead (1990),Comedy|Drama,100519,18971
32,15.688352900491566,34.35339316573425,4.101836774113346,Twelve Monkeys (a.k.a. 12 Monkeys) (1995),Mystery|Sci-Fi|Thriller,114746,63
1028,8.561336980877702,18.74948550505956,4.101778434401028,Mary Poppins (1964),Children|Comedy|Fantasy|Musical,58331,433
1265,17.533470368160966,38.414485386265945,4.101589893632752,Groundhog Day (1993),Comedy|Fantasy|Romance,107048,137
1953,5.330555615164576,11.682270080202557,4.101455753836446,"French Connection, The (1971)",Action|Crime|Thriller,67116,1051
94959,4.036395425945735,8.860833038124715,4.100693513201228,Moonrise Kingdom (2012),Comedy|Drama|Romance,1748122,83666
33660,2.716710789030334,5.963835555684282,4.10069201516127,Cinderella Man (2005),Drama|Romance,352248,921
1227,3.2234758156256222,7.092597287592888,4.099645766239462,Once Upon a Time in America (1984),Crime|Drama,87843,311
2474,2.3476136430660834,5.171489237132997,4.099114316514035,"Color of Money, The (1986)",Drama,90863,11873
5060,4.5203729080909545,9.958246862443994,4.099093846584696,M*A*S*H (a.k.a. MASH) (1970),Comedy|Drama|War,66026,651
31878,2.667463712640401,5.87744434345297,4.099008762611158,Kung Fu Hustle (Gong fu) (2004),Action|Comedy,373074,9470
55276,2.66969432024848,5.8874212645450665,4.098618542119479,Michael Clayton (2007),Drama|Thriller,465538,4566
104841,3.834346637029458,8.476979392448325,4.097485875200147,Gravity (2013),Action|Sci-Fi|IMAX,1454468,49047
8366,2.7428854973227383,6.076866531927599,4.0965263205641875,Saved! (2004),Comedy|Drama,332375,13193
1036,16.648508171914372,36.927866875162394,4.0959998881045045,Die Hard (1988),Action|Crime|Thriller,95016,562
4963,16.450656392054626,36.53201998621213,4.0954691558048495,Ocean's Eleven (2001),Crime|Thriller,240772,161
1610,11.55614002555424,25.69669417421194,4.09487437393932,"Hunt for Red October, The (1990)",Action|Adventure|Thriller,99810,1669
2762,21.33283237908899,47.446006531173,4.094784630391245,"Sixth Sense, The (1999)",Drama|Horror|Mystery,167404,745
4306,19.097613539944607,42.480484903835055,4.094723321773367,Shrek (2001),Adventure|Animation|Children|Comedy|Fantasy|Romance,126029,808
5225,2.7624264772018075,6.151196777528922,4.094248862712675,And Your Mother Too (Y tu mamá también) (2001),Drama|Romance,245574,1391
2083,3.2380696909558613,7.2810431428510025,4.089887297667998,"Muppet Christmas Carol, The (1992)",Children|Comedy|Musical,104940,10437
2366,2.5308660758072334,5.690959329216748,4.089878162238565,King Kong (1933),Action|Adventure|Fantasy|Horror,24216,244
1206,13.378606879028458,30.133239664497257,4.089142972478361,"Clockwork Orange, A (1971)",Crime|Drama|Sci-Fi|Thriller,66921,185
2791,10.283508355380501,23.196967204588116,4.088473893275001,Airplane! (1980),Comedy,80339,813
58998,4.6504094929628,10.49686842344148,4.088189521442381,Forgetting Sarah Marshall (2008),Comedy|Romance,800039,9870
97304,3.8797177474520996,8.763609940777867,4.087868956565433,Argo (2012),Drama|Thriller,1024648,68734
55118,3.4144974090430678,7.735570469133507,4.086563379705066,Eastern Promises (2007),Crime|Drama|Thriller,765443,2252
5954,3.6794287697984824,8.342326905088004,4.086216690165398,25th Hour (2002),Crime|Drama,307901,1429
2231,5.7779235066432495,13.11142846497981,4.085839671125825,Rounders (1998),Drama,128442,10220
111,8.42866881038726,19.155959023556033,4.0851637125463975,Taxi Driver (1976),Crime|Drama|Thriller,75314,103
49272,9.596886177850601,21.87809209615589,4.083814062100795,Casino Royale (2006),Action|Adventure|Thriller,381061,36557
8636,10.932579358513392,24.93746273260777,4.083561100172455,Spider-Man 2 (2004),Action|Adventure|Sci-Fi|IMAX,316654,558
96588,2.4276680979453937,5.554646263569457,4.082213002654959,Pitch Perfect (2012),Comedy|Musical,1981677,114150
32587,11.368427347062815,26.02277756790149,4.082025759556681,Sin City (2005),Action|Crime|Film-Noir|Mystery|Thriller,401792,187
364,14.964250390175994,34.25414892001754,4.082020778154481,"Lion King, The (1994)",Adventure|Animation|Children|Drama|Musical|IMAX,110357,8587
1258,10.677143226758144,24.482343380413305,4.081277336272012,"Shining, The (1980)",Horror,81505,694
63082,6.465634765980624,14.838562620449167,4.080893139534068,Slumdog Millionaire (2008),Crime|Drama|Romance,1010048,12405
1952,1.7809261051148686,4.08794399386592,4.080814438245852,Midnight Cowboy (1969),Drama,64665,3116
27801,2.4994468930287645,5.761840537398594,4.078954354016803,Ong-Bak: The Thai Warrior (Ong Bak) (2003),Action|Thriller,368909,9316
48774,7.5018700244119625,17.300701146292013,4.078777796807539,Children of Men (2006),Action|Adventure|Drama|Sci-Fi|Thriller,206634,9693
44195,5.041487298256673,11.642250161314728,4.078195007633946,Thank You for Smoking (2006),Comedy|Drama,427944,9388
914,2.7065625617919853,6.2519276644862165,4.078077708126015,My Fair Lady (1964),Comedy|Drama|Musical|Romance,58385,11113
1285,4.428228380575848,10.234266245677865,4.077847702966923,Heathers (1989),Comedy,97493,2640
1214,16.146878778347933,37.333021558381816,4.077670572235055,Alien (1979),Horror|Sci-Fi,78748,348
106100,2.285511155242377,5.291880668548623,4.0770513623976825,Dallas Buyers Club (2013),Drama,790636,152532
98961,2.150750121162336,4.998744655583518,4.075419252889646,Zero Dark Thirty (2012),Action|Drama|Thriller,1790885,97630
81591,4.039296603604525,9.388881521854474,4.0753825221041335,Black Swan (2010),Drama|Thriller,947798,44214
106916,2.598103677488077,6.047928284693093,4.074746947691906,American Hustle (2013),Crime|Drama,1800241,168672
1240,17.000909406097414,39.620078328997735,4.074259608499206,"Terminator, The (1984)",Action|Sci-Fi|Thriller,88247,218
1357,2.1427912302631533,4.9942367493621465,4.074213998223166,Shine (1996),Drama|Romance,117631,7863
134853,4.276888282577211,9.98108133579025,4.073660739449567,Inside Out (2015),Adventure|Animation|Children|Comedy|Drama|Fantasy,2096673,150540
38038,4.528364682931874,10.573817374173489,4.073423297734434,Wallace & Gromit in The Curse of the Were-Rabbit (2005),Adventure|Animation|Children|Comedy,312004,533
5110,4.031251219830136,9.413505029382211,4.073402501115612,Super Troopers (2001),Comedy|Crime|Mystery,247745,39939
6377,14.627147717058515,34.194051187679534,4.07293006241122,Finding Nemo (2003),Adventure|Animation|Children|Comedy,266543,12
4848,5.199045809704765,12.18796653053995,4.071733300518479,Mulholland Drive (2001),Crime|Drama|Film-Noir|Mystery|Thriller,166924,1018
40278,3.0525733073686436,7.157291229681841,4.071659637659774,Jarhead (2005),Action|Drama|War,418763,25
6807,5.744585578681004,13.53765037878451,4.069502663722372,Monty Python's The Meaning of Life (1983),Comedy,85959,4543
4033,2.6461104399904385,6.236150715502033,4.069479132592622,Thirteen Days (2000),Drama|Thriller|War,146309,11973
8970,3.9267518401013577,9.269684570148307,4.0687734841112135,Finding Neverland (2004),Drama,308644,866
99114,6.6740588489305015,15.831214275913133,4.066737191642358,Django Unchained (2012),Action|Drama|Western,1853728,68718
1073,11.49951385857766,27.324770232133474,4.06600704090125,Willy Wonka & the Chocolate Factory (1971),Children|Comedy|Fantasy|Musical,67992,252
5989,13.72921812219146,32.663615916308444,4.065482718821109,Catch Me If You Can (2002),Crime|Drama,264464,640
8914,2.693380747348242,6.420169079993212,4.064679887772431,Primer (2004),Drama|Sci-Fi,390384,14337
54259,4.308717916616722,10.293711962505641,4.063738914578378,Stardust (2007),Adventure|Comedy|Fantasy|Romance,486655,2270
3671,7.648713936814627,18.275988885010076,4.0636728995398785,Blazing Saddles (1974),Comedy|Western,71230,11072
109487,6.164892535448165,14.736438313964877,4.063504718073547,Interstellar (2014),Sci-Fi|IMAX,816692,157336
30749,4.5363269645396995,10.85124022832468,4.063208117325067,Hotel Rwanda (2004),Drama|War,395169,205
2997,12.821878050177705,30.838014640952622,4.060942843826638,Being John Malkovich (1999),Comedy|Drama|Fantasy,120601,492
908,5.743366537509224,13.814940772066043,4.06089713867211,North by Northwest (1959),Action|Adventure|Mystery|Romance|Thriller,53125,213
51662,8.67437986328369,20.987532396493464,4.058472359299032,300 (2007),Action|Fantasy|War|IMAX,416449,1271
1207,5.756894572210674,13.932417010380478,4.058362686370377,To Kill a Mockingbird (1962),Drama,56592,595
68358,7.021458824616214,16.998256685650357,4.058230615100708,Star Trek (2009),Action|Adventure|Sci-Fi|IMAX,796366,13475
1408,4.448018401249379,10.797830253387067,4.057097566864606,"Last of the Mohicans, The (1992)",Action|Romance|War|Western,104691,9361
1060,4.657548912694551,11.32046755338632,4.056588510912432,Swingers (1996),Comedy|Drama,117802,10218
4262,8.55448901096492,20.917110189610735,4.054132153144873,Scarface (1983),Action|Crime|Drama,86250,111
86882,2.261223337640213,5.530715403785629,4.054009470658218,Midnight in Paris (2011),Comedy|Fantasy|Romance,1605783,59436
1220,9.489204128009009,23.219363782785763,4.053837592055178,"Blues Brothers, The (1980)",Action|Comedy|Musical,80455,525
5617,3.2386005624995353,7.930956797271143,4.0535105269827305,Secretary (2002),Comedy|Drama|Romance,274812,11013
68954,8.962797696196942,21.956177092478097,4.053374307107477,Up (2009),Adventure|Animation|Children|Drama,1049413,14160
50872,7.230462558053853,17.715267991542746,4.05330990841614,Ratatouille (2007),Animation|Children|Drama,382932,2062
67087,2.213597070909871,5.438072629125006,4.0522166599031575,"I Love You, Man (2009)",Comedy,1155056,16538
2110,1.9442377734645895,4.786819287654083,4.051326062891767,Dead Men Don't Wear Plaid (1982),Comedy|Crime|Thriller,83798,9442
44199,5.8673074505440415,14.446987247572812,4.0512879756910545,Inside Man (2006),Crime|Drama|Thriller,454848,388
64614,5.490180517417047,13.556323531902708,4.050151632984912,Gran Torino (2008),Crime|Drama,1205489,13223
5903,6.900872111983555,17.048545779787073,4.049939023059619,Equilibrium (2002),Action|Sci-Fi|Thriller,238380,7299
1225,5.9725329348137475,14.763805947603748,4.049700103110506,Amadeus (1984),Drama,86879,279
73017,6.9288438037552895,17.17293473844972,4.048635915120821,Sherlock Holmes (2009),Action|Crime|Mystery|Thriller,988045,10528
2872,2.7781119889362067,6.886945478159135,4.048549351743786,Excalibur (1981),Adventure|Fantasy,82348,11527
8873,3.9548985594302737,9.81225258125478,4.048218399138609,"Motorcycle Diaries, The (Diarios de motocicleta) (2004)",Adventure|Drama,318462,1653
106918,2.487986800450833,6.188679727838003,4.047183451404399,"Secret Life of Walter Mitty, The (2013)",Adventure|Comedy|Drama,359950,116745
7438,12.81973682207718,32.14306787859439,4.043994919759079,Kill Bill: Vol. 2 (2004),Action|Drama|Thriller,378194,393
1219,7.172011714306781,18.016424018276194,4.043243135473955,Psycho (1960),Crime|Horror,54215,539
1296,1.843127113021961,4.64190987992752,4.042223440091974,"Room with a View, A (1986)",Drama|Romance,91867,11257
3034,3.7897479590010374,9.544714044867709,4.0422132652831975,Robin Hood (1973),Adventure|Animation|Children|Comedy|Musical,70608,11886
71535,5.431571055007332,13.696139301099896,4.041738058346134,Zombieland (2009),Action|Comedy|Horror,1156398,19908
1129,5.373680945749485,13.570225255224294,4.0411518099117965,Escape from New York (1981),Action|Adventure|Sci-Fi|Thriller,82340,1103
139385,3.943055705173116,9.96017817492466,4.041043295648348,The Revenant (2015),Adventure|Drama,1663202,281957
5064,3.4218013220401473,8.694006429344054,4.038742886594384,The Count of Monte Cristo (2002),Action|Adventure|Drama|Thriller,245844,11362
180,4.698852307872972,11.950392595907656,4.038357737800434,Mallrats (1995),Comedy|Romance,113749,2293
3360,3.44275106091787,8.840358848915159,4.034596915088505,Hoosiers (a.k.a. Best Shot) (1986),Drama|Romance,91217,5693
1299,2.129598915405341,5.47019570375212,4.0344706754758795,"Killing Fields, The (1984)",Drama|War,87553,625
1084,2.2521069982548987,5.791983809389843,4.033992938258506,Bonnie and Clyde (1967),Crime|Drama,61418,475
6,8.672207373721804,22.31119071436767,4.033854439695556,Heat (1995),Action|Crime|Thriller,113277,949
64839,4.365797905887125,11.253009387258233,4.033128399180003,"Wrestler, The (2008)",Drama,1125849,12163
81845,4.865560388432557,12.570509737607702,4.03222276220662,"King's Speech, The (2010)",Drama,1504320,45269
2947,5.896423397576581,15.242289812696974,4.032007563631105,Goldfinger (1964),Action|Adventure|Thriller,58150,658
134130,5.466845150850802,14.1902373686001,4.030415223966693,The Martian (2015),Adventure|Drama|Sci-Fi,3659388,286217
1343,2.8362071556429465,7.3691463936637085,4.030037179503686,Cape Fear (1991),Thriller,101540,1598
108932,3.4135735689426845,8.891611159978671,4.029070699271752,The Lego Movie (2014),Action|Adventure|Animation|Children|Comedy|Fantasy,1490017,137106
1022,3.6341780735855167,9.51591595861904,4.027066480267924,Cinderella (1950),Animation|Children|Fantasy|Musical|Romance,42332,11224
4873,2.5030222599283585,6.561981190822465,4.026604303598213,Waking Life (2001),Animation|Drama|Fantasy,243017,9081
109374,4.785683476839299,12.558575547475463,4.026230232232348,"Grand Budapest Hotel, The (2014)",Comedy|Drama,2278388,120467
88125,4.2847433719174415,11.296650259874083,4.024454522745974,Harry Potter and the Deathly Hallows: Part 2 (2011),Action|Adventure|Drama|Fantasy|Mystery|IMAX,1201607,12445
122882,5.215197709968546,13.78805160071491,4.023401630782128,Mad Max: Fury Road (2015),Action|Adventure|Sci-Fi|Thriller,1392190,76341
5418,11.726680105847874,31.03298183255773,4.0230392458230435,"Bourne Identity, The (2002)",Action|Mystery|Thriller,258463,2501
1,14.53170115059683,38.63215814809025,4.0213168423561045,Toy Story (1995),Adventure|Animation|Children|Comedy|Fantasy,114709,862
4327,1.986912006432544,5.2929247632035175,4.020551404471844,"Magnificent Seven, The (1960)",Adventure|Western,54047,966
68237,3.6246682832385115,9.682479875394398,4.019514550595957,Moon (2009),Drama|Mystery|Sci-Fi|Thriller,1182345,17431
59315,9.139265301309816,24.479333391117216,4.018507442439615,Iron Man (2008),Action|Adventure|Sci-Fi,371746,1726
2064,3.0971082542059563,8.296047819281274,4.0184845821296165,Roger & Me (1989),Documentary,98213,1779
6539,14.944761095917077,40.165895496949894,4.017237165612753,Pirates of the Caribbean: The Curse of the Black Pearl (2003),Action|Adventure|Comedy|Fantasy,325980,22
3298,2.4372689874486615,6.552228788901381,4.01713679575694,Boiler Room (2000),Crime|Drama|Thriller,181984,14181
431,3.8947208440910677,10.481076026986278,4.016756769877123,Carlito's Way (1993),Crime|Drama,106519,6075
924,9.513779562568446,25.62509278391771,4.016429377877417,2001: A Space Odyssey (1968),Adventure|Drama|Sci-Fi,62622,62
115149,3.320441525715647,8.95104022327233,4.016117187283779,John Wick (2014),Action|Thriller,2911666,245891
1566,2.4594083077455817,6.6349520447144466,4.015835851419106,Hercules (1997),Adventure|Animation|Children|Comedy|Musical,119282,11970
3499,4.966027578750666,13.423345730676981,4.0151157940978255,Misery (1990),Drama|Horror|Thriller,100157,1700
53894,1.915167845573964,5.181869861633673,4.014751327726596,Sicko (2007),Documentary|Drama,386032,2359
1968,10.125664022014151,27.515303080950577,4.013162457681089,"Breakfast Club, The (1985)",Comedy|Drama,88847,2108
54286,7.38843679124847,20.11593605637347,4.012453988174185,"Bourne Ultimatum, The (2007)",Action|Crime|Thriller,440963,2503
2948,4.568738476012029,12.439015385173839,4.012452266919214,From Russia with Love (1963),Action|Adventure|Thriller,57076,657
64969,3.308504066561807,9.023986711577761,4.0117956622108535,Yes Man (2008),Comedy,1068680,10201
4128,2.7075996317652904,7.389455435964369,4.011575201173647,"Lost Boys, The (1987)",Comedy|Horror|Thriller,93437,1547
115713,3.412760881911076,9.317052041599347,4.011453171100072,Ex Machina (2015),Drama|Sci-Fi|Thriller,470752,264660
2871,3.4958060256088155,9.556236152800656,4.010975362295909,Deliverance (1972),Adventure|Drama|Thriller,68473,10669
2078,5.462499866511725,14.943588321108228,4.0107026438176065,"Jungle Book, The (1967)",Animation|Children|Comedy|Musical,61852,9325
4776,6.529694878606746,17.865409467474123,4.010654984995577,Training Day (2001),Crime|Drama|Thriller,139654,2034
2268,6.906600735171639,18.956800327149423,4.0094949464062255,"Few Good Men, A (1992)",Crime|Drama|Thriller,104257,881
1257,3.440261476670677,9.506900383437024,4.007031192819341,Better Off Dead... (1985),Comedy|Romance,88794,13667
2248,3.6404647873725717,10.065443219171634,4.006840785842369,Say Anything... (1989),Comedy|Drama|Romance,98258,2028
105504,1.9770715417022462,5.470716957410255,4.006552895061451,Captain Phillips (2013),Adventure|Drama|Thriller|IMAX,1535109,109424
7451,3.6404436664784225,10.095561190718986,4.005759699574632,Mean Girls (2004),Comedy,377092,10625
2529,6.986157166589972,19.403222283307194,4.0052126624366275,Planet of the Apes (1968),Action|Drama|Sci-Fi,63442,871
50068,1.8549360302756894,5.156865710933278,4.004863437819037,Letters from Iwo Jima (2006),Drama|War,498380,1251
3168,2.680249240474658,7.456135106773332,4.004630216599269,Easy Rider (1969),Adventure|Drama,64276,624
4865,2.0081235055760636,5.593049513806951,4.00420033361726,From Hell (2001),Crime|Horror|Mystery|Thriller,120681,768
2700,9.943033707571434,27.77476052119367,4.003149376016291,"South Park: Bigger, Longer and Uncut (1999)",Animation|Comedy|Musical,158983,9473
2020,2.0643955148464066,5.779747648895225,4.00233867644317,Dangerous Liaisons (1988),Drama|Romance,94947,859
8368,8.757009048496153,24.581153841463237,4.001410177121215,Harry Potter and the Prisoner of Azkaban (2004),Adventure|Fantasy|IMAX,304141,673
1732,11.923455329865202,33.63799472469169,3.999625195587688,"Big Lebowski, The (1998)",Comedy|Crime,118715,115
1275,5.764002696324389,16.26353425591542,3.9995739444979934,Highlander (1986),Action|Adventure|Fantasy,91203,8009
56367,4.708557320956917,13.292748999119052,3.9993812464090914,Juno (2007),Comedy|Drama|Romance,467406,7326
6618,2.1265929567829707,6.010909832103172,3.998950094745569,Shaolin Soccer (Siu lam juk kau) (2001),Action|Comedy,286112,11770
112183,2.461932005079184,6.972074324336564,3.998274515661042,Birdman: Or (The Unexpected Virtue of Ignorance) (2014),Comedy|Drama,2562232,194662
1031,2.395523523693749,6.800761151108886,3.997404681646471,Bedknobs and Broomsticks (1971),Adventure|Children|Musical,66817,12335
103341,2.50142223395064,7.104428348513778,3.99725462692166,"World's End, The (2013)",Action|Comedy|Sci-Fi,1213663,107985
2918,11.961343266737341,34.05194975165472,3.9964287802227325,Ferris Bueller's Day Off (1986),Comedy,91042,9377
2692,6.884140570677655,19.651978519915556,3.995463943737275,Run Lola Run (Lola rennt) (1998),Action|Crime,130827,104
480,15.103157748566982,43.295744012164896,3.993998289069765,Jurassic Park (1993),Action|Adventure|Sci-Fi|Thriller,107290,329
4027,8.726157804904124,25.040528746377074,3.9936426480768685,"O Brother, Where Art Thou? (2000)",Adventure|Comedy|Crime,190590,134
2600,3.044756827534525,8.75221887728774,3.9930452409344426,eXistenZ (1999),Action|Sci-Fi|Thriller,120907,1946
111362,3.86717289441931,11.12016477978736,3.9929234524162878,X-Men: Days of Future Past (2014),Action|Adventure|Sci-Fi,1877832,127585
37741,2.671195304719091,7.685964516068841,3.9927032223198675,Capote (2005),Crime|Drama,379725,398
1682,12.121067891399926,34.9085016500437,3.9923852320915283,"Truman Show, The (1998)",Comedy|Drama|Sci-Fi,120382,37165
3967,3.724096658569674,10.795028701817026,3.9901438203792448,Billy Elliot (2000),Drama,249462,71
98809,4.258224769736619,12.368188628091731,3.9894497349357647,"Hobbit: An Unexpected Journey, The (2012)",Adventure|Fantasy|IMAX,903624,49051
1527,12.218790774904898,35.56135608786801,3.9887587167288245,"Fifth Element, The (1997)",Action|Adventure|Comedy|Sci-Fi,119116,18
4855,2.6308084033937567,7.683978363813421,3.987537067095637,Dirty Harry (1971),Action|Crime|Thriller,66999,984
5902,4.023578157909347,11.767827976393972,3.9870746683960183,Adaptation (2002),Comedy|Drama|Romance,268126,2757
47997,1.7693163198217232,5.175196842059521,3.9870450933807464,Idiocracy (2006),Adventure|Comedy|Sci-Fi|Thriller,387808,7512
69844,4.07822109313754,11.958164405911388,3.9862019896861733,Harry Potter and the Half-Blood Prince (2009),Adventure|Fantasy|Mystery|Romance|IMAX,417741,767
457,10.501457331267737,30.91471299695454,3.9848525238336605,"Fugitive, The (1993)",Thriller,106977,5503
1345,3.1010877169743067,9.129293146329312,3.9848466665705553,Carrie (1976),Drama|Fantasy|Horror|Thriller,74285,7340
1961,8.389576701614516,24.706777478755743,3.98472707826326,Rain Man (1988),Drama,95953,380
88744,3.1610873164259536,9.326214711919313,3.984107698390962,Rise of the Planet of the Apes (2011),Action|Drama|Sci-Fi|Thriller,1318514,61791
3037,2.175505661532219,6.451888364095118,3.9823502188307085,Little Big Man (1970),Western,65988,11040
2194,7.4849371100406765,22.240911630093116,3.9817004078726925,"Untouchables, The (1987)",Action|Crime|Drama,94226,117
163,5.734952737635168,17.098972404180362,3.980558778936317,Desperado (1995),Action|Romance|Western,112851,8068
91529,6.134081351431185,18.46962339449455,3.9772785667984163,"Dark Knight Rises, The (2012)",Action|Adventure|Crime|IMAX,1345836,49026
3471,6.474549127177461,19.504199818799837,3.9771179383969137,Close Encounters of the Third Kind (1977),Adventure|Drama|Sci-Fi,75860,840
1175,1.930589606498065,5.827048978073392,3.9764763835108456,Delicatessen (1991),Comedy|Drama|Romance,101700,892
1429,1.9233501398465984,5.8199138309211875,3.9756386591025916,First Strike (Police Story 4: First Strike) (Ging chaat goo si 4: Ji gaan daan yam mo) (1996),Action|Adventure|Comedy|Thriller,116704,9404
1374,5.519561370301042,16.71066202126515,3.9754630481449436,Star Trek II: The Wrath of Khan (1982),Action|Adventure|Sci-Fi|Thriller,84726,154
2000,8.238883492159387,24.955286074073246,3.9753071014168153,Lethal Weapon (1987),Action|Comedy|Crime|Drama,93409,941
8961,10.912144173283274,33.37233329103971,3.9721430374823266,"Incredibles, The (2004)",Action|Adventure|Animation|Children|Comedy,317705,9806
1663,3.5397438217279724,10.896293457049547,3.9700188678853707,Stripes (1981),Comedy|War,83131,10890
62849,1.7097206483339238,5.279559998651255,3.9689989443947087,RocknRolla (2008),Action|Crime,1032755,13809
2949,4.042947995214461,12.506268348200496,3.968434992707392,Dr. No (1962),Action|Adventure|Thriller,55928,646
89745,5.478062045374282,17.00204617497744,3.9673614341638794,"Avengers, The (2012)",Action|Adventure|Sci-Fi|IMAX,848228,24428
3160,4.8509415514270735,15.174326609223229,3.9648421141686785,Magnolia (1999),Drama,175880,334
51935,2.159558883840818,6.756455040705112,3.964790230528849,Shooter (2007),Action|Drama|Thriller,822854,7485
115617,2.9046998128644157,9.099714664477688,3.9643690458136023,Big Hero 6 (2014),Action|Animation|Comedy,2245084,177572
60684,4.924587375819747,15.517668981895852,3.962514822235887,Watchmen (2009),Action|Drama|Mystery|Sci-Fi|Thriller|IMAX,409459,13183
70286,5.274140410502429,16.62046928388017,3.9624892792674964,District 9 (2009),Mystery|Sci-Fi|Thriller,1136608,17654
30812,3.1742233091134264,10.01304396059054,3.962170084511219,"Aviator, The (2004)",Drama,338751,2567
1302,5.007457855018809,15.80599571683633,3.9619687618618435,Field of Dreams (1989),Children|Drama|Fantasy,97351,2323
4886,9.92305128445174,31.368454378273807,3.9614998273907642,"Monsters, Inc. (2001)",Adventure|Animation|Children|Comedy|Fantasy,198781,585
2139,2.532283556397767,8.014150048306721,3.9611378099980867,"Secret of NIMH, The (1982)",Adventure|Animation|Children|Drama,84649,11704
111759,4.8661676350735545,15.42963894278503,3.9605392027766553,Edge of Tomorrow (2014),Action|Sci-Fi|IMAX,1631867,137113
3421,6.60293746589768,20.97768623539484,3.9599213204348036,Animal House (1978),Comedy,77975,8469
6620,1.8671544391431278,6.00049726714262,3.9563278561671615,American Splendor (2003),Comedy|Drama,305206,2771
97938,2.8660893259498956,9.214675994731786,3.956196536331583,Life of Pi (2012),Adventure|Drama|IMAX,454876,87827
4448,2.632115264877047,8.510083137543711,3.9544549732445877,"Score, The (2001)",Action|Drama,227445,11371
110102,3.36652510901161,10.8932778955495,3.9542073673845586,Captain America: The Winter Soldier (2014),Action|Adventure|Sci-Fi|IMAX,1843866,100402
8950,3.790633589804768,12.265624148956043,3.9542065728720313,The Machinist (2004),Drama|Mystery|Thriller,361862,4553
3039,4.230867322961734,13.701121072566794,3.9539584312102622,Trading Places (1983),Comedy,86465,1621
3114,8.539717469546792,27.748429218369488,3.9529162660939123,Toy Story 2 (1999),Adventure|Animation|Children|Comedy|Fantasy,120363,863
1912,2.740833994215853,8.908750085967654,3.9528176573899008,Out of Sight (1998),Comedy|Crime|Drama|Romance|Thriller,120780,1389
3104,2.1502658522760707,6.992096925075381,3.952689284826875,Midnight Run (1988),Action|Comedy|Crime|Thriller,95631,9013
1035,4.242126982807664,13.824712447091438,3.9520122785215555,"Sound of Music, The (1965)",Musical|Romance,59742,15121
87232,4.0900364724392615,13.349233908735089,3.951548622660477,X-Men: First Class (2011),Action|Adventure|Sci-Fi|Thriller|War,1270798,49538
508,3.721702989005404,12.191813336235796,3.950423730051832,Philadelphia (1993),Drama,107818,9800
2117,1.3973433891429243,4.579825548231755,3.9502696551104197,1984 (Nineteen Eighty-Four) (1984),Drama|Sci-Fi,87803,9314
69757,3.3454566082142256,10.992467329663778,3.9495020905763623,(500) Days of Summer (2009),Comedy|Drama|Romance,1022603,19913
61132,3.20207069225609,10.566666180435691,3.9481963568745737,Tropic Thunder (2008),Action|Adventure|Comedy|War,942385,7446
7143,6.218197145220965,20.530773697646747,3.948033307418638,"Last Samurai, The (2003)",Action|Adventure|Drama|War,325710,616
1997,5.120457197343829,16.910240720055246,3.9479634194767166,"Exorcist, The (1973)",Horror|Mystery,70047,9552
7147,5.854745757319669,19.348574890655765,3.9477544005549037,Big Fish (2003),Drama|Fantasy|Romance,319061,587
128360,1.8235259167242666,6.062033314422005,3.9459721769231346,The Hateful Eight (2015),Western,3460252,273248
8784,4.713166996272656,15.706238719771603,3.945243746745269,Garden State (2004),Comedy|Drama|Romance,333766,401
6708,3.071737988974188,10.292731448365984,3.943598853368518,Matchstick Men (2003),Comedy|Crime|Drama,325805,7270
4881,1.4211812677358475,4.770409998327609,3.9430771865072236,"Man Who Wasn't There, The (2001)",Crime|Drama,243133,10778
1097,10.502826676063219,35.46534989161307,3.9413046080120426,E.T. the Extra-Terrestrial (1982),Children|Drama|Sci-Fi,83866,601
5673,3.089819019761672,10.445562277201812,3.9409633392657355,Punch-Drunk Love (2002),Comedy|Drama|Romance,272338,8051
1183,2.913194524669757,9.89014886897061,3.9397164349124134,"English Patient, The (1996)",Drama|Romance|War,116209,409
69122,5.740231163273877,19.494982684742837,3.939607864687569,"Hangover, The (2009)",Comedy|Crime,1119646,18785
590,6.9039829000537285,23.456745127142973,3.9394895344290717,Dances with Wolves (1990),Adventure|Drama|Western,99348,581
7360,2.126970833840589,7.266414816032086,3.9378738032987575,Dawn of the Dead (2004),Action|Drama|Horror|Thriller,363547,924
26662,1.2774712592736586,4.366197309943003,3.9377433419358834,Kiki's Delivery Service (Majo no takkyûbin) (1989),Adventure|Animation|Children|Drama|Fantasy,97814,16859
1356,5.689208371277142,19.476360639362312,3.937269666446542,Star Trek: First Contact (1996),Action|Adventure|Sci-Fi|Thriller,117731,199
1350,2.0105838046911404,6.897047008359718,3.9366749643254537,"Omen, The (1976)",Horror|Mystery|Thriller,75005,794
1307,6.231945500693603,21.39021686193627,3.9365068736596864,When Harry Met Sally... (1989),Comedy|Romance,98635,639
3916,3.8393708740104247,13.22365504713626,3.9355023926867703,Remember the Titans (2000),Drama,210945,10637
1339,2.6024320172201816,8.973907256323223,3.9351611368650774,Dracula (Bram Stoker's Dracula) (1992),Fantasy|Horror|Romance|Thriller,103874,6114
2391,1.6113287771525768,5.562557952757184,3.934835303818454,"Simple Plan, A (1998)",Crime|Drama|Thriller,120324,10223
72226,1.5712847424385763,5.4244289714187195,3.9348294675721096,Fantastic Mr. Fox (2009),Adventure|Animation|Children|Comedy|Crime,432283,10315
17,2.3206747611185192,8.013571473793409,3.9347543237303104,Sense and Sensibility (1995),Drama|Romance,114388,4584
8641,4.8070745142317985,16.61722269062444,3.934443940886163,Anchorman: The Legend of Ron Burgundy (2004),Comedy,357413,8699
48304,2.1776338362803727,7.531116069625259,3.934312795490821,Apocalypto (2006),Adventure|Drama|Thriller,472043,1579
6659,1.8424752336318422,6.386999819425115,3.9336339687710047,Tremors (1990),Comedy|Horror|Sci-Fi,100814,9362
3271,1.6141647224091926,5.607278140599059,3.93303080456202,Of Mice and Men (1992),Drama,105046,9609
2427,2.5449359409385797,8.861484338937334,3.932351963623832,"Thin Red Line, The (1998)",Action|Drama|War,120863,8741
2403,3.783363035596397,13.192623072380707,3.9319399489760185,First Blood (Rambo: First Blood) (1982),Action|Adventure|Drama|Thriller,83944,1368
1358,3.2210527354502676,11.25513450649164,3.9313464485192506,Sling Blade (1996),Drama,117666,12498
1748,5.168669602452233,18.07897576583918,3.9310552139332686,Dark City (1998),Adventure|Film-Noir|Sci-Fi|Thriller,118929,2666
3552,5.400595281620184,18.95409716355632,3.930091506206135,Caddyshack (1980),Comedy,80487,11977
919,7.604961711039962,26.72167645757786,3.9297602539584995,"Wizard of Oz, The (1939)",Adventure|Children|Fantasy|Musical,32138,630
1641,3.821220855097952,13.428424449616758,3.929723383580283,"Full Monty, The (1997)",Comedy|Drama,119164,9427
2728,1.3438904626043802,4.737976579437298,3.9288035068743916,Spartacus (1960),Action|Drama|Romance|War,54331,967
112623,1.7868439707346786,6.314523168064478,3.9281349433131876,Dawn of the Planet of the Apes (2014),Sci-Fi,2103281,119450
2118,1.8734424165458685,6.642101984020453,3.9272169014826286,"Dead Zone, The (1983)",Thriller,85407,11336
44665,4.109022437384019,14.575922845295867,3.9270660588295963,Lucky Number Slevin (2006),Crime|Drama|Mystery,425210,186
1292,1.464940740321427,5.203403544931098,3.9266963367852856,Being There (1979),Comedy|Drama,78841,10322
4239,4.289369236823703,15.310186821019899,3.9253256675965598,Blow (2001),Crime|Drama,221027,4133
2140,3.503552336997264,12.519054491449003,3.9250188514133773,"Dark Crystal, The (1982)",Adventure|Fantasy,83791,11639
5991,4.498731926575781,16.12658149267717,3.924125040306099,Chicago (2002),Comedy|Crime|Drama|Musical,299658,1574
30707,4.654775701924579,16.697711949177496,3.9239285512098787,Million Dollar Baby (2004),Drama,405159,70
1476,2.211606672348454,8.003903724586838,3.9214772571474628,Private Parts (1997),Comedy|Drama,119951,9403
44555,1.7597170812514618,6.402043417974942,3.920029280352566,"Lives of Others, The (Das leben der Anderen) (2006)",Drama|Romance|Thriller,405094,582
51540,3.8164815001462937,13.88882699233133,3.919949163154871,Zodiac (2007),Crime|Drama|Thriller,443706,1949
33166,4.395202321562608,16.009537327423743,3.9196977717421473,Crash (2004),Crime|Drama,375679,1640
47099,2.6637762054080496,9.717761117823654,3.9192754508783665,"Pursuit of Happyness, The (2006)",Drama,454921,1402
1172,2.1165904685446812,7.744844392794636,3.918451506098074,Cinema Paradiso (Nuovo cinema Paradiso) (1989),Drama,95765,11216
5010,4.47144621979769,16.43177562561966,3.917283186918109,Black Hawk Down (2001),Action|Drama|War,265086,855
116797,2.140979064617067,7.8828450822441445,3.9167610453196433,The Imitation Game (2014),Drama|Thriller|War,2084970,205596
6565,1.711664496220011,6.309917613868914,3.916426991350459,Seabiscuit (2003),Drama,329575,4464
4979,5.378307185338291,19.977585456273076,3.914378355012068,"Royal Tenenbaums, The (2001)",Comedy|Drama,265666,9428
52973,3.993321305001796,14.9128873835432,3.912937807003852,Knocked Up (2007),Comedy|Drama|Romance,478311,4964
30810,3.3836764872067366,12.641289774861091,3.9128298810914623,"Life Aquatic with Steve Zissou, The (2004)",Adventure|Comedy|Fantasy,362270,421
2291,6.316927296755048,23.65675245955751,3.9121855592085955,Edward Scissorhands (1990),Drama|Fantasy|Romance,99487,162
27904,2.179803984626359,8.212203644245623,3.9105959791857923,"Scanner Darkly, A (2006)",Animation|Drama|Mystery|Sci-Fi|Thriller,405296,3509
2991,2.40809402566688,9.152140205148958,3.908279392599247,Live and Let Die (1973),Action|Adventure|Thriller,70328,253
107406,2.245456686330585,8.548476348087123,3.907834582289956,Snowpiercer (2013),Action|Drama|Sci-Fi,1706620,110415
3100,1.6713482278680791,6.3686418887055725,3.9075952589208387,"River Runs Through It, A (1992)",Drama,105265,293
161,3.1635405889914368,12.112052926462251,3.906350730874837,Crimson Tide (1995),Drama|Thriller|War,112740,8963
4641,3.1558399592242234,12.114706521622066,3.9056578771028843,Ghost World (2001),Comedy|Drama,162346,1548
2420,3.738931307564158,14.376938071828416,3.9052257789375866,"Karate Kid, The (1984)",Drama,87538,1885
2186,1.869169672028557,7.243845172335633,3.9031968183500734,Strangers on a Train (1951),Crime|Drama|Film-Noir|Thriller,44079,845
2005,4.8685085405866655,18.8894588967854,3.902898068779395,"Goonies, The (1985)",Action|Adventure|Children|Comedy|Fantasy,89218,9340
6333,6.972911114157021,27.131241487862933,3.9021679908920928,X2: X-Men United (2003),Action|Adventure|Sci-Fi|Thriller,290334,36658
1061,1.7954575044132526,6.99837719715525,3.9017146593792975,Sleepers (1996),Thriller,117665,819
3361,2.2120246706890416,8.636463651160492,3.9012874669510937,Bull Durham (1988),Comedy|Drama|Romance,94812,287
1982,2.501023998645274,9.797587454640933,3.9004306364707735,Halloween (1978),Horror,77651,948
63131,1.6904701050841575,6.639217719933403,3.8997801206992238,Role Models (2008),Comedy,430922,15373
2987,7.258803406046058,28.576055542329566,3.8991782641234836,Who Framed Roger Rabbit? (1988),Adventure|Animation|Children|Comedy|Crime|Fantasy|Mystery,96438,856
1032,2.919283992016725,11.532643391679304,3.898293520266561,Alice in Wonderland (1951),Adventure|Animation|Children|Fantasy|Musical,43274,12092
551,5.424656784031851,21.4449683233235,3.898118368611893,"Nightmare Before Christmas, The (1993)",Animation|Children|Fantasy|Musical,107688,9479
4571,3.555606870150134,14.059128952613836,3.898065053367255,Bill & Ted's Excellent Adventure (1989),Adventure|Comedy|Sci-Fi,96928,1648
588,8.159753926718196,32.410621709209885,3.8969230043731873,Aladdin (1992),Adventure|Animation|Children|Comedy|Musical,103639,812
7371,1.3462039437434132,5.377589311598205,3.895497196507171,Dogville (2003),Drama|Mystery|Thriller,276919,553
2795,2.0208070446708772,8.126345991498484,3.8938347775346056,National Lampoon's Vacation (1983),Comedy,85995,11153
52281,2.600509338223516,10.492399468671481,3.893008229255973,Grindhouse (2007),Action|Crime|Horror|Sci-Fi|Thriller,462322,253768
2467,1.4575348595456346,5.893702182696618,3.892465033718554,"Name of the Rose, The (Name der Rose, Der) (1986)",Crime|Drama|Mystery|Thriller,91605,192
8622,2.8921079372597824,11.741396931422416,3.891478462617704,Fahrenheit 9/11 (2004),Documentary,361596,1777
6003,1.5101727288760958,6.141806682692601,3.891045369879762,Confessions of a Dangerous Mind (2002),Comedy|Crime|Drama|Thriller,290538,4912
2455,3.3485011836966314,13.625232550452653,3.8909186324846448,"Fly, The (1986)",Drama|Horror|Sci-Fi|Thriller,91064,9426
84152,2.1263488544650007,8.72827568750556,3.88877740500291,Limitless (2011),Sci-Fi|Thriller,1219289,51876
80549,1.2869007961318348,5.301025725649803,3.887925732521103,Easy A (2010),Comedy|Romance,1282140,37735
79702,3.4942182410808296,14.402182256296422,3.8877785504211984,Scott Pilgrim vs. the World (2010),Action|Comedy|Fantasy|Musical|Romance,446029,22538
2916,7.566694148065679,31.239356928479285,3.8873779890584887,Total Recall (1990),Action|Adventure|Sci-Fi|Thriller,100802,861
1449,1.8619215913344984,7.695243842200467,3.8871187107185867,Waiting for Guffman (1996),Comedy,118111,16448
40732,1.2647436390494837,5.2310198202316895,3.886938886419678,"Descent, The (2005)",Adventure|Drama|Horror|Thriller,435625,9392
2150,1.818259519059495,7.522279325539645,3.886877823125292,"Gods Must Be Crazy, The (1980)",Adventure|Comedy,80801,8393
2115,8.550093419110503,35.51658163133904,3.885896540891595,Indiana Jones and the Temple of Doom (1984),Action|Adventure|Fantasy,87469,87
235,3.331187892737875,13.852583468594924,3.8856353982617873,Ed Wood (1994),Comedy|Drama,109707,522
88129,2.567064213965727,10.67517665467183,3.8856316878191777,Drive (2011),Crime|Drama|Film-Noir|Thriller,780504,64690
555,3.423170139209686,14.264016894212652,3.885147678771979,True Romance (1993),Crime|Thriller,108399,319
3868,3.403837345741577,14.299648016059773,3.883197716385819,"Naked Gun: From the Files of Police Squad!, The (1988)",Action|Comedy|Crime|Romance,95705,37136
81847,0.9441441098458707,3.9990324874241434,3.8812543645153683,Tangled (2010),Animation|Children|Comedy|Fantasy|Musical|Romance|IMAX,398286,38757
151,1.239514099403868,5.257175336169301,3.8809369273077863,Rob Roy (1995),Action|Drama|Romance|War,114287,11780
223,6.175792603650318,26.387216172247026,3.879206152398668,Clerks (1994),Comedy,109445,2292
6296,1.487795973675914,6.378014427329304,3.8784307125476856,"Mighty Wind, A (2003)",Comedy|Musical,310281,13370
1077,1.4503370073829898,6.253686684243226,3.877078373588068,Sleeper (1973),Comedy|Sci-Fi,70707,11561
1059,2.7032768089477863,11.69788186193178,3.8762524066257718,William Shakespeare's Romeo + Juliet (1996),Drama|Romance,117509,454
1729,3.6721908921513915,15.892110989636084,3.8762313264855637,Jackie Brown (1997),Crime|Drama|Thriller,119396,184
1635,1.3611369105354152,5.915090489075242,3.875273861370609,"Ice Storm, The (1997)",Drama,119349,68924
529,1.7188330230939122,7.473641351241214,3.875147278721992,Searching for Bobby Fischer (1993),Drama,108065,14291
4034,4.843578716103084,21.127356923932098,3.8744175339826787,Traffic (2000),Crime|Drama|Thriller,181865,1900
4623,2.0872780008430376,9.120714734010807,3.8740115320924953,Major League (1989),Comedy,97815,9942
3852,1.2859556869166617,5.6421165509083,3.8730820444213037,"Tao of Steve, The (2000)",Comedy,234853,20438
2018,2.7479693260013978,12.112440089742114,3.872032926324065,Bambi (1942),Animation|Children|Drama,34492,3170
2396,5.581763161802185,24.623819149664747,3.8718427364944565,Shakespeare in Love (1998),Comedy|Drama|Romance,138097,1934
45950,1.0704308400816687,4.759508835302963,3.870064878532842,"Inconvenient Truth, An (2006)",Documentary,497116,1781
61240,1.1924187583489356,5.3069607873469655,3.869850821947236,Let the Right One In (Låt den rätte komma in) (2008),Drama|Fantasy|Horror|Romance,1139797,13310
41997,1.5207974967414948,6.772196440826429,3.869726139476758,Munich (2005),Action|Crime|Drama|Thriller,408306,612
152081,1.530543810420616,6.839764776368163,3.8689326679490987,Zootopia (2016),Action|Adventure|Animation|Children|Comedy,2948356,269149
2501,2.0006926238057816,8.970554829921642,3.8681901261871756,October Sky (1999),Drama,132477,13466
5218,5.348067557257986,24.11318486988136,3.8669514588269425,Ice Age (2002),Adventure|Animation|Children|Comedy,268380,425
74458,3.5070605874077403,15.838093704386901,3.8665932651191666,Shutter Island (2010),Drama|Mystery|Thriller,1130884,11324
2664,0.8557166086796277,3.875009048147404,3.8659908102585963,Invasion of the Body Snatchers (1956),Horror|Sci-Fi|Thriller,49366,11549
46976,2.9950417750858573,13.66844991628332,3.8642820812176075,Stranger than Fiction (2006),Comedy|Drama|Fantasy|Romance,420223,1262
3386,2.5057078075995127,11.463111613687003,3.8637500708783685,JFK (1991),Drama|Mystery|Thriller,102138,820
4223,3.13599574451471,14.354166411930313,3.863634132008143,Enemy at the Gates (2001),Drama|War,215750,853
40819,2.6788978485529524,12.286709450120142,3.863193436471736,Walk the Line (2005),Drama|Musical|Romance,358273,69
5377,2.6281709513606866,12.062039626816832,3.8630490451953032,About a Boy (2002),Comedy|Drama|Romance,276751,245
2243,1.4136532552409222,6.512173693548542,3.862239811978548,Broadcast News (1987),Comedy|Drama|Romance,92699,12626
2087,2.376036510357194,10.951654530697413,3.862118124264004,Peter Pan (1953),Animation|Children|Fantasy|Musical,46183,10693
2387,1.2962354414887778,5.977767782834871,3.8620039767126784,Very Bad Things (1998),Comedy|Crime,124198,10029
37830,1.0477824307783044,4.84044378790749,3.861625370936804,Final Fantasy VII: Advent Children (2004),Action|Adventure|Animation|Fantasy|Sci-Fi,385700,647
4085,3.2737856084091854,15.126518098328042,3.8615881884825836,Beverly Hills Cop (1984),Action|Comedy|Crime|Drama,86960,90
1179,1.406927129990939,6.504283636727837,3.861469033382659,"Grifters, The (1990)",Crime|Drama|Film-Noir,99703,18129
89470,0.8823212679559875,4.097044788046622,3.8605167717111977,Contagion (2011),Sci-Fi|Thriller|IMAX,1598778,39538
48394,4.132695837295978,19.23325693135449,3.860033666705511,"Pan's Labyrinth (Laberinto del fauno, El) (2006)",Drama|Fantasy|Thriller,457430,1417
1994,2.9389606987373833,13.717158175694767,3.8594156166808316,Poltergeist (1982),Horror|Thriller,84516,609
87306,1.7682715941875267,8.266968822093638,3.8590572682009303,Super 8 (2011),Mystery|Sci-Fi|Thriller|IMAX,1650062,37686
27831,1.8766775977120456,8.84093229990795,3.8574327252548612,Layer Cake (2004),Crime|Drama|Thriller,375912,4836
103228,1.492305571242479,7.040203139285117,3.8571303670309174,Pacific Rim (2013),Action|Adventure|Sci-Fi|IMAX,1663662,68726
104211,1.1372293879998163,5.3716256412971,3.8568717206895737,We're the Millers (2013),Comedy|Crime,1723121,138832
18,0.9537307691637722,4.506747594124708,3.8567840931581143,Four Rooms (1995),Comedy,113101,5
594,3.8107199645913257,18.043504177406533,3.8563575034266164,Snow White and the Seven Dwarfs (1937),Animation|Children|Drama|Fantasy|Musical,29583,408
198,1.041424041085362,4.931973692046687,3.8563189109739526,Strange Days (1995),Action|Crime|Drama|Mystery|Sci-Fi|Thriller,114558,281
1025,1.1090421129714252,5.2797725188888,3.8552161551768664,"Sword in the Stone, The (1963)",Animation|Children|Fantasy|Musical,57546,9078
3006,1.7765802171356502,8.460979069554426,3.8551346270437494,"Insider, The (1999)",Drama|Thriller,140352,9008
106696,1.5614341256417614,7.465784925071307,3.854306602190982,Frozen (2013),Adventure|Animation|Comedy|Fantasy|Musical|Romance,2294629,109445
1784,5.272946290967873,25.234998797778054,3.854114978978134,As Good as It Gets (1997),Comedy|Drama|Romance,119822,2898
69951,1.2726261652686333,6.090924919164082,3.8540993372071317,"Imaginarium of Doctor Parnassus, The (2009)",Drama|Fantasy,1054606,8054
1333,2.2120847726073745,10.613675905382252,3.853579616255002,"Birds, The (1963)",Horror|Thriller,56869,571
4105,1.7611551544202664,8.462847264145955,3.853265595096855,"Evil Dead, The (1981)",Fantasy|Horror|Thriller,83907,764
3105,1.2197180664087144,5.864681133900133,3.8531381317882536,Awakenings (1990),Drama|Mystery,99077,11005
474,2.1510200376325823,10.419572870227718,3.851601598191483,In the Line of Fire (1993),Action|Thriller,107206,9386
1753,1.2267792963187176,5.944373240085822,3.8515378148768296,Half Baked (1998),Comedy,120693,9490
1799,1.0969520487830784,5.361838083075462,3.849746327618009,Suicide Kings (1997),Comedy|Crime|Drama|Mystery|Thriller,120241,10668
96610,2.660495488206328,13.012280992876924,3.849621621697409,Looper (2012),Action|Crime|Sci-Fi,1276104,59967
6942,3.604145594294252,17.684870302972975,3.8489595273891046,Love Actually (2003),Comedy|Drama|Romance,314331,508
122918,1.2709537900800463,6.246015702348704,3.848643581620669,Guardians of the Galaxy 2 (2017),Action|Adventure|Sci-Fi,3896198,283995
3081,4.165518588577488,20.528780814197706,3.848072433627568,Sleepy Hollow (1999),Fantasy|Horror|Mystery|Romance,162661,2668
54001,3.0125119917146774,14.899581236780563,3.8473489720871137,Harry Potter and the Order of the Phoenix (2007),Adventure|Drama|Fantasy|IMAX,373889,675
91542,2.1779718704334003,10.7762011488057,3.8472707014451974,Sherlock Holmes: A Game of Shadows (2011),Action|Adventure|Comedy|Crime|Mystery|Thriller,1515091,58574
150,5.770192687707676,28.69635994596546,3.846238796232574,Apollo 13 (1995),Adventure|Drama|IMAX,112384,568
2144,2.5323475651682728,12.605966113014256,3.846046120694215,Sixteen Candles (1984),Comedy|Romance,88128,15144
2863,0.7397000314993486,3.687273127501841,3.8457701970437363,"Hard Day's Night, A (1964)",Adventure|Comedy|Musical,58182,704
37729,2.4368778994937648,12.151067408026215,3.8457097373944547,Corpse Bride (2005),Animation|Comedy|Fantasy|Musical|Romance,121164,3933
5444,1.8941907868285215,9.456451814034306,3.845467982914263,Lilo & Stitch (2002),Adventure|Animation|Children|Sci-Fi,275847,11544
40815,3.685333411574766,18.505726434426812,3.844306848076707,Harry Potter and the Goblet of Fire (2005),Adventure|Fantasy|Thriller|IMAX,330373,674
8533,1.6290881573907665,8.210918343250302,3.843566376195205,"Notebook, The (2004)",Drama|Romance,332280,11036
8464,2.570195425990292,12.977152461421765,3.8432166985159815,Super Size Me (2004),Comedy|Documentary|Drama,390521,9372
2819,0.9244380348590664,4.701642199742401,3.841781492151106,Three Days of the Condor (3 Days of the Condor) (1975),Drama|Mystery|Romance|Thriller,73802,11963
6879,1.3342076847729665,6.803977546311999,3.8412535730497437,Runaway Jury (2003),Drama|Thriller,313542,11329
45186,2.2172288464681604,11.30725750626928,3.8412502755738527,Mission: Impossible III (2006),Action|Adventure|Thriller,317919,956
103141,1.0947717015521665,5.589192770619611,3.841034209831471,Monsters University (2013),Adventure|Animation|Comedy,1453405,62211
266,1.3027732245663448,6.704292772844207,3.839480523444977,Legends of the Fall (1994),Drama|Romance|War|Western,110322,4476
4007,1.6712855515589364,8.678097136457552,3.8377479061085555,Wall Street (1987),Drama,94291,10673
2137,1.3608479115074634,7.108723414342515,3.836594778553159,Charlotte's Web (1973),Animation|Children,70016,15171
5669,3.6009412983253655,18.86876524622781,3.836002665499681,Bowling for Columbine (2002),Documentary,310793,1430
36,1.5487235991184272,8.163021055740296,3.8348855846517074,Dead Man Walking (1995),Crime|Drama,112818,687
1282,2.667181323240306,14.089242592620645,3.8344675015259457,Fantasia (1940),Animation|Children|Fantasy|Musical,32455,756
2797,4.948881962136091,26.292836778492266,3.8333829651310833,Big (1988),Comedy|Drama|Fantasy|Romance,94737,2280
2413,1.4724833370703045,7.857584657897394,3.832557699496989,Clue (1985),Comedy|Crime|Mystery|Thriller,88930,15196
8798,2.7366705031941945,14.616010495916601,3.8323991358838514,Collateral (2004),Action|Crime|Drama|Thriller,369339,1538
6323,1.3884630654172554,7.438606004720099,3.8318176178495245,Identity (2003),Crime|Horror|Mystery|Thriller,309698,2832
1680,1.0349008631562433,5.562198864611234,3.8312209229044054,Sliding Doors (1998),Drama|Romance,120148,10215
915,1.5598341936581286,8.397343548927452,3.830914558462252,Sabrina (1954),Comedy|Romance,47437,6620
96079,2.4525975651238547,13.228302766306625,3.8305665855480187,Skyfall (2012),Action|Adventure|Thriller|IMAX,1074638,37724
122920,1.6111993515245118,8.73481289701598,3.8296184946225984,Captain America: Civil War (2016),Action|Sci-Fi|Thriller,3498820,271110
2109,1.4709135620929046,8.022831758597482,3.828502213205042,"Jerk, The (1979)",Comedy,79367,6471
2395,3.0017835217696724,16.41731553207618,3.8280038100428273,Rushmore (1998),Comedy|Drama,128445,11545
3098,1.510783668179918,8.317986904166645,3.82678979057841,"Natural, The (1984)",Drama,87781,11393
54995,1.3431574049285113,7.44291040967459,3.825622581744459,Planet Terror (2007),Action|Horror|Sci-Fi,1077258,1992
2409,1.8365711825900282,10.196903812238883,3.8252719431537883,Rocky II (1979),Action|Drama,79817,1367
112,1.6378490926789782,9.119784651143911,3.8247542276273667,Rumble in the Bronx (Hont faan kui) (1995),Action|Adventure|Comedy|Crime,113326,33542
1674,1.7553307999915988,9.779354736604269,3.8246547914559295,Witness (1985),Drama|Romance|Thriller,90329,9281
4720,2.862486396469812,16.07944942240519,3.8231826978503656,"Others, The (2001)",Drama|Horror|Mystery|Thriller,230600,1933
1125,1.2579397433704795,7.100021414473112,3.82233534273208,"Return of the Pink Panther, The (1975)",Comedy|Crime,72081,11843
71057,0.8282356248607238,4.695940912243063,3.8215339202099696,9 (2009),Adventure|Animation|Sci-Fi,472033,12244
3052,4.623927054238857,26.226683995436105,3.821467485903284,Dogma (1999),Adventure|Comedy|Fantasy,120655,1832
1127,3.6316793546739943,20.796642228565435,3.819789441354458,"Abyss, The (1989)",Action|Adventure|Sci-Fi|Thriller,96754,2756
52604,1.0864001723848449,6.22474810149843,3.8196904407622867,Fracture (2007),Crime|Drama|Mystery|Thriller,488120,6145
4308,2.485431764311045,14.328882639634953,3.8186173547877926,Moulin Rouge (2001),Drama|Musical|Romance,203009,824
300,1.5022653591038901,8.67226690775417,3.8183876453064554,Quiz Show (1994),Drama,110932,11450
122904,2.3813943858372535,13.926585377763889,3.8161575647319035,Deadpool (2016),Action|Adventure|Comedy|Sci-Fi,1431045,293660
5152,1.2131179210376906,7.113900494627799,3.8156890832578356,We Were Soldiers (2002),Action|Drama|War,277434,10590
6957,2.118789598936903,12.452678940767951,3.815308568580359,Bad Santa (2003),Comedy|Crime,307987,10147
91630,1.3264386047851526,7.804170550864057,3.815126621830227,Mission: Impossible - Ghost Protocol (2011),Action|Adventure|Thriller|IMAX,1229238,56292
4901,1.4757414257824877,8.72212474093493,3.8143564463676825,Spy Game (2001),Action|Crime|Drama|Thriller,266987,1535
1923,5.118460384313533,30.617067980884617,3.812337984718415,There's Something About Mary (1998),Comedy|Romance,129387,544
3527,3.5330655181176924,21.175953020885053,3.812004565229258,Predator (1987),Action|Sci-Fi|Thriller,93773,106
41285,0.8724115541114483,5.236247818260593,3.811771316773014,Match Point (2005),Crime|Drama|Romance,416320,116
93510,1.0590887159815503,6.398839130347973,3.8106738979838624,21 Jump Street (2012),Action|Comedy|Crime,1232829,64688
3869,1.2389368828260847,7.49967991740977,3.810359902966222,"Naked Gun 2 1/2: The Smell of Fear, The (1991)",Comedy,102510,37137
3481,3.28195111806166,19.910372603336548,3.8099975301363664,High Fidelity (2000),Comedy|Drama|Romance,146882,243
3108,1.7092091557477862,10.37482929406371,3.8099070362578913,"Fisher King, The (1991)",Comedy|Drama|Fantasy|Romance,101889,177
5445,5.786602671113099,35.289607792845395,3.809135980580022,Minority Report (2002),Action|Crime|Mystery|Sci-Fi|Thriller,181689,180
2004,0.8126055586639931,4.980914477017394,3.8083051064370004,Gremlins 2: The New Batch (1990),Comedy|Horror,99700,928
165,3.931259787432523,24.09850728319123,3.808294200510826,Die Hard: With a Vengeance (1995),Action|Crime|Thriller,112864,1572
71464,0.9338176476994495,5.756909057804976,3.8073694259931075,"Serious Man, A (2009)",Comedy|Drama,1019452,12573
55269,1.3060791784287251,8.052402224319874,3.8073587290305806,"Darjeeling Limited, The (2007)",Adventure|Comedy|Drama,838221,4538
1393,3.683227616260078,22.736754379964335,3.807155715415694,Jerry Maguire (1996),Drama|Romance,116695,9390
79091,1.7926844527511276,11.090217807410701,3.806806834372011,Despicable Me (2010),Animation|Children|Comedy|Crime,1323594,20352
7099,0.9332865247076558,5.7955217321994645,3.80619707049861,Nausicaä of the Valley of the Wind (Kaze no tani no Naushika) (1984),Adventure|Animation|Drama|Fantasy|Sci-Fi,87544,81
61323,1.6811146311916485,10.485730635678314,3.8054853086744864,Burn After Reading (2008),Comedy|Crime|Drama,887883,4944
2915,1.925481634794098,12.14967990288666,3.803641307220524,Risky Business (1983),Comedy,86200,9346
8665,3.713257119339113,23.50602401765598,3.8031317305203594,"Bourne Supremacy, The (2004)",Action|Crime|Thriller,372183,2502
3072,1.0674350836266397,6.761875118654888,3.803022077017824,Moonstruck (1987),Comedy|Romance,93565,2039
1907,1.78828866009,11.386681499925519,3.8022121837765517,Mulan (1998),Adventure|Animation|Children|Comedy|Drama|Musical|Romance,120762,10674
6947,2.090820435476731,13.316415199484176,3.8021720358681965,Master and Commander: The Far Side of the World (2003),Adventure|Drama|War,311113,8619
72011,1.935030926727138,12.345296909500206,3.801903633918684,Up in the Air (2009),Drama|Romance,1193138,22947
8360,4.613467060647449,29.454278532034248,3.801792758956192,Shrek 2 (2004),Adventure|Animation|Children|Comedy|Musical|Romance,298148,809
4019,1.510137096676449,9.736054939997821,3.800268975198597,Finding Forrester (2000),Drama,181536,711
1589,0.9325198402413906,6.064779300900125,3.798921161904901,Cop Land (1997),Action|Crime|Drama|Thriller,118887,2142
2060,0.8740000857347716,5.70997916285717,3.7982266357015457,BASEketball (1998),Comedy,131857,14013
595,3.561123472829407,23.39899258656242,3.7973525997331907,Beauty and the Beast (1991),Animation|Children|Fantasy|Musical|Romance|IMAX,101414,10020
61024,1.2612230809710758,8.324402263336395,3.7966704184934787,Pineapple Express (2008),Action|Comedy|Crime,910936,10189
72641,1.1548554178286743,7.6611988710632986,3.795902092972909,"Blind Side, The  (2009)",Drama,878804,22881
6870,2.2300248366337034,14.807283313570046,3.7957645197473044,Mystic River (2003),Crime|Drama|Mystery,327056,322
8983,1.8443117212132067,12.299904471961868,3.795106485057401,House of Flying Daggers (Shi mian mai fu) (2004),Action|Drama|Romance,385004,9550
288,2.2408966458951753,15.009771570861693,3.7944571331020645,Natural Born Killers (1994),Action|Crime|Thriller,110632,241
592,5.11504330316882,34.4538388522387,3.793622051883718,Batman (1989),Action|Crime|Thriller,96895,268
27611,0.782099465040543,5.316384500397863,3.79227241779481,Battlestar Galactica (2003),Drama|Sci-Fi|War,314979,206216
7254,2.5031065352016566,17.019282942499707,3.7922360170654033,The Butterfly Effect (2004),Drama|Sci-Fi|Thriller,289879,1954
39292,0.8024936359577606,5.474391769190617,3.7917517287131397,"Good Night, and Good Luck. (2005)",Crime|Drama,433383,3291
1171,0.7607781882523001,5.224153822869081,3.7907883274314242,Bob Roberts (1992),Comedy,103850,10608
2355,3.9252489564196025,27.075262145347516,3.7901367587177637,"Bug's Life, A (1998)",Adventure|Animation|Children|Comedy,120623,9487
1962,0.8178468915736243,5.672769449279339,3.78933192068495,Driving Miss Daisy (1989),Drama,97239,403
54272,2.092173170802641,14.575484341331299,3.788701839526107,"Simpsons Movie, The (2007)",Animation|Comedy,462538,35
29,1.1450623339752508,8.115137062693721,3.786263305485975,"City of Lost Children, The (Cité des enfants perdus, La) (1995)",Adventure|Drama|Fantasy|Mystery|Sci-Fi,112682,902
40629,0.7956830088615658,5.670394914931773,3.785483592468416,Pride & Prejudice (2005),Drama|Romance,414387,4348
33493,3.873841776548728,27.61287390765479,3.7854524331139032,Star Wars: Episode III - Revenge of the Sith (2005),Action|Adventure|Sci-Fi,121766,1895
524,0.7787833790461373,5.564823101067175,3.7851088187443303,Rudy (1993),Drama,108002,14534
333,1.3609155289502943,9.815332025116083,3.7838132877095156,Tommy Boy (1995),Comedy,114694,11381
97752,1.0543788987439933,7.6694577234656425,3.7826389059876853,Cloud Atlas (2012),Drama|Sci-Fi|IMAX,1371111,83542
66097,1.0817170299535628,7.8785802562487275,3.782459744799473,Coraline (2009),Animation|Fantasy|Thriller,327597,14836
497,0.8796792476561014,6.427880584140732,3.782014970052229,Much Ado About Nothing (1993),Comedy|Romance,107616,11971
926,0.660721585232948,4.867707452642801,3.7808969432814643,All About Eve (1950),Drama,42192,705
88140,1.5741292574963732,11.700715048439722,3.779694019001718,Captain America: The First Avenger (2011),Action|Adventure|Sci-Fi|Thriller|War,458339,1771
55830,0.6676486805748733,4.9829916459608015,3.7791467741494666,Be Kind Rewind (2008),Comedy,799934,4953
6936,1.671776410573667,12.512579338226105,3.7787689368178734,Elf (2003),Children|Comedy|Fantasy,319343,10719
4022,4.318547713997627,32.7132492038944,3.777173477649767,Cast Away (2000),Drama,162222,8358
2993,1.3755838470679438,10.506167475097,3.7760923571837792,Thunderball (1965),Action|Adventure|Thriller,59800,660
1297,0.561653568175412,4.301293348327654,3.77573909381417,Real Genius (1985),Comedy,89886,14370
56757,1.1901217041580125,9.119457558901644,3.7756648390224448,Sweeney Todd: The Demon Barber of Fleet Street (2007),Drama|Horror|Musical|Thriller,408236,13885
543,1.5246057586232693,11.808423629143535,3.774272988665516,So I Married an Axe Murderer (1993),Comedy|Romance|Thriller,108174,10442
102445,1.5326138976216752,11.88922518052227,3.7740690824993757,Star Trek Into Darkness (2013),Action|Adventure|Sci-Fi|IMAX,1408101,54138
3175,2.82328129986878,22.093352494121856,3.7729500074415068,Galaxy Quest (1999),Adventure|Comedy|Sci-Fi,177789,926
122892,1.1933264835156927,9.473304824992008,3.77112856146963,Avengers: Age of Ultron (2015),Action|Adventure|Sci-Fi,2395427,99861
3267,0.8331464283426417,6.698389719449237,3.7695413785016028,"Mariachi, El (1992)",Action|Crime|Thriller|Western,104815,9367
2394,0.816926919965501,6.577877749078862,3.769354354854197,"Prince of Egypt, The (1998)",Animation|Musical,120794,9837
56145,0.5661964216374266,4.576405490957097,3.7688820355746078,"Mist, The (2007)",Horror|Sci-Fi,884328,5876
2081,2.6360504463330963,21.30852225778218,3.7688700248248823,"Little Mermaid, The (1989)",Animation|Children|Comedy|Musical|Romance,97757,10144
1958,0.7300472802148159,5.915012093091123,3.768584056887126,Terms of Endearment (1983),Comedy|Drama,86425,11050
2193,1.6308744555090866,13.361362168571278,3.7672202774882946,Willow (1988),Action|Adventure|Fantasy,96446,847
5349,4.1885990549736185,34.37349464822861,3.767016777405969,Spider-Man (2002),Action|Adventure|Sci-Fi|Thriller,145487,557
111781,0.6801868652417679,5.684814760834619,3.7648110545115796,Mission: Impossible - Rogue Nation (2015),Action|Adventure|Thriller,2381249,177677
6796,0.620977913564023,5.194920927411694,3.7646968525968374,Boyz N the Hood (1991),Crime|Drama,101507,650
2232,1.0662916993416198,9.078875063015428,3.7626088347036926,Cube (1997),Horror|Mystery|Sci-Fi|Thriller,123755,431
3033,2.420665453955311,20.774220948424485,3.7616838469778924,Spaceballs (1987),Comedy|Sci-Fi,94012,957
2161,1.7373745756683567,14.928938474625996,3.761537579383253,"NeverEnding Story, The (1984)",Adventure|Children|Fantasy,88323,34584
49530,1.7997651089537174,15.654713396555405,3.7601276233621492,Blood Diamond (2006),Action|Adventure|Crime|Drama|Thriller|War,450259,1372
84944,0.6584978956596105,5.738673742462913,3.7599086710701077,Rango (2011),Action|Adventure|Animation|Children|Comedy|Western,1192628,44896
902,0.8630792006438968,7.523532822175317,3.7598785523225207,Breakfast at Tiffany's (1961),Drama|Romance,54698,164
3363,1.1052290228646648,9.707226419216688,3.7590175929653644,American Graffiti (1973),Comedy|Drama,69704,838
47610,1.3328483183103832,11.720132304590114,3.758884256066356,"Illusionist, The (2006)",Drama|Fantasy|Mystery|Romance,443543,1491
1466,1.5576868593788955,13.88577380576802,3.7573398962100852,Donnie Brasco (1997),Crime|Drama,119008,9366
3210,1.3018837707272046,11.647684606574268,3.7569331748583705,Fast Times at Ridgemont High (1982),Comedy|Drama|Romance,83929,13342
3911,1.8727472317845126,16.955129250299986,3.7556144218608285,Best in Show (2000),Comedy,218839,13785
799,0.5698158916992511,5.177035262657947,3.7552273325114953,"Frighteners, The (1996)",Comedy|Horror|Thriller,116365,10779
8528,1.6185621838954685,14.730713656269998,3.7550379814175736,Dodgeball: A True Underdog Story (2004),Comedy,364725,9472
671,0.9023065638657097,8.253806005332462,3.754481336609435,Mystery Science Theater 3000: The Movie (1996),Comedy|Sci-Fi,117128,3065
90866,0.49259353569079867,4.52170681944464,3.75410099968914,Hugo (2011),Children|Drama|Mystery,970179,44826
8910,0.7560427569489185,7.012885145655824,3.752968937737084,I Heart Huckabees (2004),Comedy,356721,1599
5791,0.40180206113294914,3.7439200289122327,3.75248248060145,Frida (2002),Drama|Romance,120679,1360
5630,1.2334330972981689,11.854652494975157,3.749207612538661,Red Dragon (2002),Crime|Mystery|Thriller,289765,9533
661,0.8676139630837024,8.347194618649258,3.7491020630948495,James and the Giant Peach (1996),Adventure|Animation|Children|Fantasy|Musical,116683,10539
562,0.6347176581473801,6.139012952626874,3.748552105695428,Welcome to the Dollhouse (1995),Comedy|Drama,114906,11446
87222,0.5477746733557458,5.331686150750915,3.7479007530606743,Kung Fu Panda 2 (2011),Action|Adventure|Animation|Children|Comedy|IMAX,1302011,49444
261,0.4752907846756321,4.644238896698655,3.747501133924004,Little Women (1994),Drama,110367,9587
3450,0.9426268675283501,9.509830009903805,3.7442825961109456,Grumpy Old Men (1993),Comedy,107050,11520
368,1.6628433235975473,16.777891927934363,3.744270477080412,Maverick (1994),Adventure|Comedy|Western,110478,9359
58803,0.47139667699934806,4.756864249179246,3.7442594678630696,21 (2008),Crime|Drama|Romance|Thriller,478087,8065
45,0.5821226860441149,5.937177557445559,3.743208313906552,To Die For (1995),Comedy|Drama|Thriller,114681,577
64957,1.0277913012081203,10.615234516920808,3.7419835699196566,"Curious Case of Benjamin Button, The (2008)",Drama|Fantasy|Mystery|Romance,421715,4922
628,0.6034170457725324,6.319208019610568,3.74065062196202,Primal Fear (1996),Crime|Drama|Mystery|Thriller,117381,1592
1517,2.754332720115267,28.935979608642832,3.7403484124515116,Austin Powers: International Man of Mystery (1997),Action|Adventure|Comedy,118655,816
5464,1.6457334813975546,17.371330948178358,3.7398997643962475,Road to Perdition (2002),Crime|Drama,257044,4147
25,0.9238704541544165,9.824919359359843,3.739194668748318,Leaving Las Vegas (1995),Drama|Romance,113627,451
55247,0.9109669299948641,9.689214298403947,3.739179939092303,Into the Wild (2007),Action|Adventure|Drama,758758,5915
170,0.8944979830031932,9.675332722143727,3.737612673261029,Hackers (1995),Action|Adventure|Crime|Thriller,113243,10428
8917,1.2156303558343764,13.22976417236801,3.7370473019029955,Team America: World Police (2004),Action|Adventure|Animation|Comedy,372588,3989
3107,0.6251737262224206,6.854650735233781,3.736365592214236,Backdraft (1991),Action|Drama,101393,2924
72998,2.2049060639829277,24.214065368812072,3.7362201827200536,Avatar (2009),Action|Adventure|Sci-Fi|IMAX,499549,19995
494,0.6800785607774277,7.507230240559654,3.7357510882101344,Executive Decision (1996),Action|Adventure|Thriller,116253,2320
3178,0.4199851117202064,4.710543985248761,3.73431978748913,"Hurricane, The (1999)",Drama,174856,10400
45720,0.7174528672152712,8.055893587224944,3.7342206566594998,"Devil Wears Prada, The (2006)",Comedy|Drama,458352,350
41569,1.227885327125298,14.07952087467205,3.7323720165145096,King Kong (2005),Action|Adventure|Drama|Fantasy|Thriller,360717,254
1965,0.5705482174671854,6.601621330979165,3.731586745894281,Repo Man (1984),Comedy|Sci-Fi,87995,13820
86332,1.079419259722496,12.60190641033271,3.7308165188983313,Thor (2011),Action|Adventure|Drama|Fantasy|IMAX,800369,10195
4896,2.293808802662807,27.567602278505987,3.7283679724374257,Harry Potter and the Sorcerer's Stone (a.k.a. Harry Potter and the Philosopher's Stone) (2001),Adventure|Children|Fantasy,241527,671
3984,0.6255134929926853,7.550243718408114,3.7280080742774944,Diamonds Are Forever (1971),Action|Adventure|Thriller,66995,681
6755,0.4820030526560455,5.8381853659189815,3.727721699060093,Bubba Ho-tep (2002),Comedy|Horror,281686,9707
164179,0.585599382180844,7.128875690297841,3.7273059826242196,Arrival (2016),Sci-Fi,2543164,329865
6773,0.5716994708302665,6.990734742942142,3.726940875741391,"Triplets of Belleville, The (Les triplettes de Belleville) (2003)",Animation|Comedy|Fantasy,286244,9662
2003,1.2442840894244263,15.274946637687359,3.7266204297538965,Gremlins (1984),Comedy|Horror,87363,927
2013,0.44446200138310776,5.471911017608828,3.7263873772831917,"Poseidon Adventure, The (1972)",Action|Adventure|Drama,69113,551
3256,0.7387901536724657,9.159816866950882,3.725816840946361,Patriot Games (1992),Action|Crime|Drama|Thriller,105112,9869
21,1.099080998151495,13.733266932920353,3.725191841209661,Get Shorty (1995),Comedy|Crime|Thriller,113161,8012
1396,1.020406481536726,12.935845277851682,3.724043371913472,Sneakers (1992),Action|Comedy|Crime|Drama|Sci-Fi,105435,2322
81562,0.5187979473088424,6.6036419090859955,3.72372367694028,127 Hours (2010),Adventure|Drama|Thriller,1542344,44115
40583,0.3879314972606873,4.9663460071901495,3.7232733305604153,Syriana (2005),Drama|Thriller,365737,231
34437,0.45143471190166384,5.7984907485569614,3.723015106707507,Broken Flowers (2005),Comedy|Drama,412019,308
2841,0.5138260371974842,7.047777429331877,3.718067390074385,Stir of Echoes (1999),Horror|Mystery|Thriller,164181,11601
37733,0.7965514803166468,10.932274684685419,3.718023657069561,"History of Violence, A (2005)",Action|Crime|Drama|Thriller,399146,59
2985,1.8961354260407364,26.387473381758426,3.717018695036975,RoboCop (1987),Action|Crime|Drama|Sci-Fi|Thriller,93870,5548
616,0.5750227631292645,8.030142589830747,3.7167693203281043,"Aristocats, The (1970)",Animation|Children,65421,10112
3618,0.38311217574955175,5.435801424299092,3.715640705475156,Small Time Crooks (2000),Comedy|Crime,196216,10569
2371,0.5528888259446648,7.8943658714389064,3.7151971570296327,Fletch (1985),Comedy|Crime|Mystery,89155,9749
4246,1.245010572038883,17.88460066882095,3.714774838060094,Bridget Jones's Diary (2001),Comedy|Drama|Romance,243155,634
7325,0.5575185371453388,8.156056846823997,3.7135176639059826,Starsky & Hutch (2004),Action|Comedy|Crime|Thriller,335438,9384
509,0.48535169497178343,7.192827526457892,3.712638457779928,"Piano, The (1993)",Drama|Romance,107822,713
102125,0.7640631002375964,11.434028630090266,3.711984897131055,Iron Man 3 (2013),Action|Sci-Fi|Thriller|IMAX,1300854,68721
5015,0.25956408831952893,3.894991955360058,3.7118017416133413,Monster's Ball (2001),Drama|Romance,285742,1365
3702,0.9069706750940536,13.796137176170122,3.710902200098379,Mad Max (1979),Action|Adventure|Sci-Fi,79501,9659
968,0.5422358535600525,8.469573421329823,3.7091829077717975,Night of the Living Dead (1968),Horror|Sci-Fi|Thriller,63350,10331
362,0.27579776290157154,4.3632183768913455,3.7083709846052613,"Jungle Book, The (1994)",Adventure|Children|Romance,110213,10714
5956,1.3371743362767317,21.323550031769443,3.707870092167288,Gangs of New York (2002),Crime|Drama,217505,3131
59784,1.0111771735569794,16.45837546580548,3.7065997423872687,Kung Fu Panda (2008),Action|Animation|Children|Comedy|IMAX,441773,9502
3635,0.47054333601054976,7.67378075111503,3.706479601329038,"Spy Who Loved Me, The (1977)",Action|Adventure|Thriller,76752,691
1747,0.4860895261857313,7.974714721475653,3.7061151278213527,Wag the Dog (1997),Comedy,120885,586
2167,1.0073264576399117,17.051661577241486,3.704236260465631,Blade (1998),Action|Horror|Thriller,120611,36647
3255,0.7543985154758504,13.040086987821375,3.70301354685493,"League of Their Own, A (1992)",Comedy|Drama,104694,11287
3751,1.3207697878398261,23.2981012208119,3.7018513063299787,Chicken Run (2000),Animation|Children|Comedy,120630,7443
1693,0.21660806419979062,3.8216910126439343,3.701839867110859,Amistad (1997),Drama|Mystery,118607,11831
95167,0.3699805106603925,6.620014028776537,3.701049458106509,Brave (2012),Action|Adventure|Animation|Children,1217209,62177
1120,0.41163159958851514,7.604465712083012,3.699291529190542,"People vs. Larry Flynt, The (1996)",Comedy|Drama,117318,1630
3917,0.3198677032192034,5.948817037005395,3.6989312495362303,Hellraiser (1987),Horror,93177,9003
357,0.9616197872704638,18.341843194337912,3.697588940295058,Four Weddings and a Funeral (1994),Comedy|Romance,109831,712
454,0.4532076812289967,8.684103007166659,3.6973494816264827,"Firm, The (1993)",Drama|Thriller,106918,37233
4016,0.5748827843982028,11.324747419330164,3.6959246947808144,"Emperor's New Groove, The (2000)",Adventure|Animation|Children|Comedy|Fantasy,120917,11688
85414,0.5298964375481886,10.593641118465943,3.695181522422409,Source Code (2011),Action|Drama|Mystery|Sci-Fi|Thriller,945513,45612
2890,0.761948773309775,15.240328077261779,3.695156849437284,Three Kings (1999),Action|Adventure|Comedy|Drama|War,120188,6415
1094,0.4138813622535675,8.30828307287107,3.6949767947785497,"Crying Game, The (1992)",Drama|Romance|Thriller,104036,11386
1584,1.0041308200269103,20.42485641675694,3.6943234851687046,Contact (1997),Drama|Sci-Fi,118884,686
76251,0.6516992757934895,13.52626050691166,3.6933415857767593,Kick-Ass (2010),Action|Comedy,1250777,23483
2311,0.2460857711948835,5.166542972128778,3.692791925525224,2010: The Year We Make Contact (1984),Sci-Fi,86837,4437
6378,0.9405915632018597,19.95545546882565,3.692295845458979,"Italian Job, The (2003)",Action|Crime,317740,9654
253,0.8077002688103075,17.89189309253179,3.6903046532685666,Interview with the Vampire: The Vampire Chronicles (1994),Drama|Horror,110148,628
3994,1.33679482370655,29.66881110838931,3.6902185315367833,Unbreakable (2000),Drama|Sci-Fi,217869,9741
2490,0.5406271562536751,12.092763472256125,3.6898679541705377,Payback (1999),Action|Thriller,120784,2112
2423,0.4312635937924014,9.66117870742651,3.6898001032680523,Christmas Vacation (National Lampoon's Christmas Vacation) (1989),Comedy,97958,5825
1033,0.21186354031310511,4.779292352286928,3.689490760119978,"Fox and the Hound, The (1981)",Animation|Children|Drama,82406,10948
1372,0.4443221598346814,10.5522247391421,3.687268251528549,Star Trek VI: The Undiscovered Country (1991),Action|Mystery|Sci-Fi,102975,174
1254,0.20789685253385992,5.011331852071568,3.686646631382678,"Treasure of the Sierra Madre, The (1948)",Action|Adventure|Drama|Western,40897,3090
3441,0.23164652238780414,5.6569190262782625,3.686110520877676,Red Dawn (1984),Action|Drama|War,87985,1880
2763,0.5607979175211621,14.025061485542956,3.685146703442788,"Thomas Crown Affair, The (1999)",Action|Mystery,155267,913
3980,0.21680113589461625,5.481111727190299,3.684715509818765,Men of Honor (2000),Drama,203019,11978
35836,0.7221840690381314,18.292915694189677,3.684640181584766,"40-Year-Old Virgin, The (2005)",Comedy|Romance,405422,6957
2011,1.1749531451956716,29.921641465887035,3.6844289590855905,Back to the Future Part II (1989),Adventure|Comedy|Sci-Fi,96874,165
97306,0.26150243957821284,6.766440550588537,3.6838082567706194,Seven Psychopaths (2012),Comedy|Crime,1931533,86838
8807,0.4593020942285535,11.912657555149886,3.6837170914564923,Harold and Kumar Go to White Castle (2004),Adventure|Comedy,366551,11282
5816,0.8540088922267219,25.40132761805271,3.678781929032785,Harry Potter and the Chamber of Secrets (2002),Adventure|Fantasy,295297,672
2671,0.3691581487966124,11.077990509181387,3.6784848533972276,Notting Hill (1999),Comedy|Romance,125439,509
53972,0.4163644444583906,13.36288070652378,3.6763195729148093,Live Free or Die Hard (2007),Action|Adventure|Crime|Thriller,337978,1571
3253,0.6169300236693444,21.227001520366354,3.6742247449048953,Wayne's World (1992),Comedy,105793,8872
349,0.33214055749729365,11.657821193932381,3.6736520797660983,Clear and Present Danger (1994),Action|Crime|Drama|Thriller,109444,9331
4489,0.2800207275703577,9.846438866362863,3.6736000693504156,Coming to America (1988),Comedy|Romance,94898,9602
1587,0.3029305339654701,10.720116071425016,3.6734194270525373,Conan the Barbarian (1982),Action|Adventure|Fantasy,82198,9387
5528,0.21343684091450374,7.958816233194324,3.6719789486078227,One Hour Photo (2002),Drama|Thriller,265459,9357
116823,0.2275659893405603,9.052883033866413,3.670298692777892,The Hunger Games: Mockingjay - Part 1 (2014),Adventure|Sci-Fi|Thriller,1951265,131631
56174,0.4230172952832657,19.274346418837002,3.6671084559563103,I Am Legend (2007),Action|Horror|Sci-Fi|Thriller|IMAX,480249,6479
610,0.1649032513522706,7.538361509639694,3.6670364987834896,Heavy Metal (1981),Action|Adventure|Animation|Horror|Sci-Fi,82509,11827
596,0.3387769881920444,15.703721900262618,3.6667343268785415,Pinocchio (1940),Animation|Children|Fantasy|Musical,32910,10895
3555,0.2544468064553304,11.829893881597716,3.6666700872309232,U-571 (2000),Action|Thriller|War,141926,3536
6059,0.13060258671380232,6.346520361252175,3.665739900127816,"Recruit, The (2003)",Action|Thriller,292506,1647
1625,0.3984542954161907,21.186241222234628,3.6639685092355228,"Game, The (1997)",Drama|Mystery|Thriller,119174,2649
4014,0.22518481473543805,12.7358031233472,3.66284253074953,Chocolat (2000),Drama|Romance,241303,392
5574,0.15645113129387997,9.129133514547693,3.6622988547920894,"Transporter, The (2002)",Action|Crime,293662,4108
7347,0.08194950896918773,4.8226958261924935,3.6621537557257784,Secret Window (2004),Mystery|Thriller,363988,1586
67734,0.108215633021435,6.637367540277713,3.6614652867580273,Adventureland (2009),Comedy|Drama,1091722,16614
3355,0.08016515541141381,5.169684659857599,3.6606680659151265,"Ninth Gate, The (1999)",Fantasy|Horror|Mystery|Thriller,142688,622
34072,0.08641070187653113,5.631793709383829,3.660504658881905,"March of the Penguins (Marche de l'empereur, La) (2005)",Documentary,428803,1667
122900,0.1556294056413491,10.89512347926946,3.6594456067558134,Ant-Man (2015),Action|Adventure|Sci-Fi,478970,102899
53322,0.178266360806001,12.620250894514825,3.6592867105040496,Ocean's Thirteen (2007),Crime|Thriller,496806,298
1500,0.2415241561904466,17.220600956501155,3.6591865930849656,Grosse Pointe Blank (1997),Comedy|Crime|Romance,119229,9434
1347,0.11305461626141115,8.331413955667548,3.65873096808596,"Nightmare on Elm Street, A (1984)",Horror|Thriller,87800,377
3763,0.07652704568932286,6.0488129199744245,3.657812869078643,F/X (1986),Action|Crime|Thriller,89118,9873
1909,0.15080122845467028,14.067334120386157,3.6558812473836824,"X-Files: Fight the Future, The (1998)",Action|Crime|Mystery|Sci-Fi|Thriller,120902,846
118696,0.07491675919738283,7.020044914439896,3.655833123542828,The Hobbit: The Battle of the Five Armies (2014),Adventure|Fantasy,2310332,122917
7445,0.11404159995242,12.10854117143713,3.654579566968751,Man on Fire (2004),Action|Crime|Drama|Mystery|Thriller,328107,9509
8981,0.0395092878538902,4.906802826464937,3.6532132298847038,Closer (2004),Drama|Romance,376541,2288
77561,0.12245512239348741,16.08413793821193,3.652774698964716,Iron Man 2 (2010),Action|Adventure|Sci-Fi|Thriller|IMAX,1228705,10138
2406,0.07719254903196782,16.46714589709204,3.6498489602337294,Romancing the Stone (1984),Action|Adventure|Comedy|Romance,88011,9326
48043,0.023106672509164344,7.066535545433347,3.648431162679513,"Fountain, The (2006)",Drama|Fantasy|Romance,414993,1381
1835,0.013571088256023517,5.128309502584765,3.6478075981561613,City of Angels (1998),Drama|Fantasy|Romance,120632,795
3186,0.018762662206636027,8.38563054045595,3.6473987678597366,"Girl, Interrupted (1999)",Drama,172493,3558
1298,0.006944570895029312,6.437268415865054,3.646240097258626,Pink Floyd: The Wall (1982),Drama|Musical,84503,12104
6188,0.005973061413418551,13.097439617288954,3.645617338308439,Old School (2003),Comedy,302886,11635
11,0.004726031360009056,11.651368885766143,3.645566910554909,"American President, The (1995)",Comedy|Drama|Romance,112346,9087
4816,-0.004673802782720005,19.48944279594612,3.644921478307848,Zoolander (2001),Comedy,196229,9398
1645,-0.00967397666308989,20.010484540339327,3.6446778449487245,The Devil's Advocate (1997),Drama|Mystery|Thriller,118971,1813
141,-0.04655969689934501,11.839438860277633,3.641228697442443,"Birdcage, The (1996)",Comedy,115685,11000
2687,-0.037888298280069066,5.081271017536172,3.637704830965689,Tarzan (1999),Adventure|Animation|Children|Drama,120855,37135
4975,-0.1154671039019218,14.520722245137126,3.6372094065250162,Vanilla Sky (2001),Mystery|Romance|Sci-Fi|Thriller,259711,1903
1321,-0.06100088969979639,6.687653943890278,3.6360398732920074,"American Werewolf in London, An (1981)",Comedy|Horror|Thriller,82010,814
3479,-0.05962698758726326,6.410452020090886,3.635859765547282,Ladyhawke (1985),Adventure|Fantasy|Romance,89457,526
122922,-0.06949090842489015,7.340619057919244,3.6356946638146574,Doctor Strange (2016),Action|Adventure|Sci-Fi,1211837,284052
103772,-0.0675581939806387,6.998190283167833,3.6355076253615883,"Wolverine, The (2013)",Action|Adventure|Fantasy|Sci-Fi,1430132,76170
481,-0.04729576918981171,4.599076173350339,3.634877538298616,Kalifornia (1993),Drama|Thriller,107302,10909
3174,-0.11384609511349944,10.806098588946783,3.63462593534307,Man on the Moon (1999),Comedy|Drama,125664,1850
920,-0.10945685636118702,10.072806544769646,3.634294721506022,Gone with the Wind (1939),Drama|Romance|War,31381,770
1260,-0.05994956415162367,5.5113481121091645,3.6342838149654293,M (1931),Crime|Film-Noir|Thriller,22100,832
6297,-0.07399120165380257,6.5067275339233674,3.633789799831154,Holes (2003),Adventure|Children|Comedy|Mystery,311289,8326
59369,-0.17860469740638013,14.393705218558566,3.632752762963859,Taken (2008),Action|Crime|Drama|Thriller,936501,8681
3639,-0.10305321568852321,8.15363792513596,3.632522367182284,"Man with the Golden Gun, The (1974)",Action|Adventure|Thriller,71807,682
70,-0.251656927491142,17.643068890717792,3.630897506919243,From Dusk Till Dawn (1996),Action|Comedy|Horror|Thriller,116367,755
4321,-0.17450584355051169,10.333556480727411,3.6282739943573747,City Slickers (1991),Comedy|Western,101587,1406
6753,-0.08319783919269774,4.404961801920887,3.6262739936679034,Secondhand Lions (2003),Children|Comedy|Drama,327137,13156
2640,-0.40447655129825427,21.365059431790122,3.626229607325962,Superman (1978),Action|Adventure|Sci-Fi,78346,1924
27660,-0.15511785426864197,7.977378893125755,3.625716578356148,"Animatrix, The (2003)",Action|Animation|Drama|Sci-Fi,328832,55931
3448,-0.2875490931559016,12.646344509900418,3.6224235679560053,"Good Morning, Vietnam (1987)",Comedy|Drama|War,93105,801
1960,-0.13943751834574897,6.0745954109823925,3.622207087456748,"Last Emperor, The (1987)",Drama,93389,746
1947,-0.18205618086441788,7.661845513360853,3.6213998927864974,West Side Story (1961),Drama|Musical|Romance,55614,1725
62434,-0.18722314050420782,7.867593746624348,3.6213645460146027,Zack and Miri Make a Porno (2008),Comedy|Drama|Romance,1007028,10358
6863,-0.5493497436260362,22.60147875577482,3.6208553709950784,School of Rock (2003),Comedy|Musical,332379,1584
647,-0.10897019287496768,4.269163878526808,3.6196363466917854,Courage Under Fire (1996),Action|Crime|Drama|War,115956,10684
106487,-0.26638177239847194,9.966095338464992,3.6184324926718547,The Hunger Games: Catching Fire (2013),Action|Adventure|Sci-Fi|IMAX,1951264,101299
4874,-0.34491442469224254,12.607667097550012,3.617803778844366,K-PAX (2001),Drama|Fantasy|Mystery|Sci-Fi,272152,167
3087,-0.20295501524728538,7.318402393785097,3.617429146530174,Scrooged (1988),Comedy|Fantasy|Romance,96061,9647
2023,-0.33935693553246227,12.155082155140827,3.6172423586952855,"Godfather: Part III, The (1990)",Crime|Drama|Mystery|Thriller,99674,242
45431,-0.15635478116441548,5.59460741982078,3.6172138864237704,Over the Hedge (2006),Adventure|Animation|Children|Comedy,327084,7518
3948,-0.8139415383699944,28.0131674756655,3.6161056146293062,Meet the Parents (2000),Comedy,212338,1597
10,-0.7213236993217937,24.349378779940963,3.615537385901162,GoldenEye (1995),Action|Adventure|Thriller,113189,710
33162,-0.24099382104337397,7.942253422266527,3.614818039120789,Kingdom of Heaven (2005),Action|Drama|Romance|War,320661,1495
329,-0.5051546384466732,16.430932883738713,3.61441716816732,Star Trek: Generations (1994),Adventure|Drama|Sci-Fi,111280,193
3536,-0.2627590802385865,7.899257343598265,3.6118975244335294,Keeping the Faith (2000),Comedy|Drama|Romance,171433,4967
3101,-0.3014660418284605,8.732957597132938,3.610640796669097,Fatal Attraction (1987),Drama|Thriller,93010,10998
34,-0.8312133034412215,23.708245071008495,3.6101011976884965,Babe (1995),Children|Drama,112431,9598
2021,-0.4007815132352993,11.319401563089583,3.6097546943470853,Dune (1984),Adventure|Sci-Fi,87182,841
138036,-0.18087097889220785,5.056184719591764,3.6093890721084896,The Man from U.N.C.L.E. (2015),Action|Adventure|Comedy,1638355,203801
2080,-0.49944653967014274,13.886112234659395,3.609193951497809,Lady and the Tramp (1955),Animation|Children|Comedy|Romance,48280,10340
53519,-0.3072793414100433,8.34439202305885,3.608336641655996,Death Proof (2007),Action|Adventure|Crime|Horror|Thriller,1028528,1991
1293,-0.18159005047885612,4.926057342166052,3.608298135673257,Gandhi (1982),Drama,83987,783
3633,-0.2632971201065581,7.120236105832852,3.6081825891651618,On Her Majesty's Secret Service (1969),Action|Adventure|Romance|Thriller,64757,668
5679,-0.6715314956754083,17.77007595491906,3.607371274140939,"Ring, The (2002)",Horror|Mystery|Thriller,298130,565
2085,-0.40340479473601637,10.612666818399175,3.607149661047175,101 Dalmatians (One Hundred and One Dalmatians) (1961),Adventure|Animation|Children,55254,12230
7373,-0.7285546872485517,17.435459871065333,3.6033754899565227,Hellboy (2004),Action|Adventure|Fantasy|Horror,167190,1487
1464,-0.21267131331253236,4.976245364412373,3.6024239944295453,Lost Highway (1997),Crime|Drama|Fantasy|Film-Noir|Mystery|Romance,116922,638
3301,-0.6132199353400148,14.26027003404487,3.6021593071291322,"Whole Nine Yards, The (2000)",Comedy|Crime,190138,2069
2058,-0.5495744507770569,11.472576267333311,3.5972579781050285,"Negotiator, The (1998)",Action|Crime|Drama|Mystery|Thriller,120768,9631
63859,-0.2819687706926033,5.622597247256526,3.5950120962502163,Bolt (2008),Action|Adventure|Animation|Children|Comedy,397892,13053
1580,-2.173862141934831,42.92665207675815,3.594519975751708,Men in Black (a.k.a. MIB) (1997),Action|Comedy|Sci-Fi,119654,607
2321,-0.9287146092602199,17.698831649980768,3.592688077674783,Pleasantville (1998),Comedy|Drama|Fantasy,120789,2657
345,-0.3540991922956146,6.620756543738702,3.5916781065696144,"Adventures of Priscilla, Queen of the Desert, The (1994)",Comedy|Drama,109045,2759
3809,-0.6711490458537469,12.104835980815608,3.589716591074055,What About Bob? (1991),Comedy,103241,10276
337,-0.7772062639386178,13.736531399427733,3.588581780928274,What's Eating Gilbert Grape (1993),Drama,108550,1587
53125,-0.9210347228277582,16.214239263075225,3.5883572274812745,Pirates of the Caribbean: At World's End (2007),Action|Adventure|Comedy|Fantasy,449088,285
2125,-0.3308244058082621,5.802313895487541,3.5881453558607084,Ever After: A Cinderella Story (1998),Comedy|Drama|Romance,120631,9454
107,-0.324448113990747,5.684056308400489,3.5880809168521646,Muppet Treasure Island (1996),Adventure|Children|Comedy|Musical,117110,10874
5782,-0.3171299465568642,5.15007117067038,3.583583522856929,"Professional, The (Le professionnel) (1981)",Action|Drama|Thriller,82949,1672
2657,-1.198470335413232,19.36618795677783,3.583276613988583,"Rocky Horror Picture Show, The (1975)",Comedy|Horror|Musical|Sci-Fi,73629,36685
4238,-0.38732717529731997,6.11034936767316,3.581772588858508,Along Came a Spider (2001),Action|Crime|Mystery|Thriller,164334,2043
2989,-0.5381905609847606,8.489614330298462,3.581767303664078,For Your Eyes Only (1981),Action|Adventure|Thriller,82398,699
102903,-0.38118640529960535,5.958156705410104,3.5811840637793018,Now You See Me (2013),Crime|Mystery|Thriller,1670345,75656
58,-0.36623659826240357,5.473961189979502,3.578256078786259,"Postman, The (Postino, Il) (1994)",Comedy|Drama|Romance,110877,11010
1573,-1.7539127637672032,25.57803377889357,3.5765902378969856,Face/Off (1997),Action|Crime|Drama|Thriller,119094,754
2335,-0.6886788551168361,10.002657566501501,3.5763117089299703,"Waterboy, The (1998)",Comedy,120484,10663
6754,-0.8882671774121045,12.827268912829219,3.5759129480448757,Underworld (2003),Action|Fantasy|Horror,320691,277
3476,-0.4864616359244247,6.967160341886718,3.575339219029383,Jacob's Ladder (1990),Horror|Mystery,99871,2291
53996,-1.0061982018410045,14.296370965017807,3.57477992333639,Transformers (2007),Action|Sci-Fi|Thriller|IMAX,418279,1858
91658,-0.8165038962755147,11.562929016348296,3.5745473633057174,"Girl with the Dragon Tattoo, The (2011)",Drama|Thriller,1568346,65754
3745,-0.7924475599791863,11.193742550659792,3.574367497665746,Titan A.E. (2000),Action|Adventure|Animation|Children|Sci-Fi,120913,7450
3510,-1.1147905765909605,15.735560188356848,3.5743159888270215,Frequency (2000),Drama|Thriller,186151,10559
3477,-0.43276621510607227,6.094705407130625,3.5741543892190673,Empire Records (1995),Comedy|Drama,112950,13531
58295,-0.34501568530539584,4.851870390830953,3.5740514736119797,"Bank Job, The (2008)",Action|Crime|Thriller,200465,8848
33004,-1.221803293979551,17.089664123088763,3.5736675960237467,"Hitchhiker's Guide to the Galaxy, The (2005)",Adventure|Comedy|Sci-Fi,371724,7453
440,-1.14565850871168,15.971465763508903,3.5734297126487475,Dave (1993),Comedy|Romance,106673,11566
104,-1.6575055679042268,22.647426562104933,3.5719739244127466,Happy Gilmore (1996),Comedy,116483,9614
4370,-1.40635455054163,19.184153008920852,3.571853155395825,A.I. Artificial Intelligence (2001),Adventure|Drama|Sci-Fi,212720,644
45722,-1.7542898912245772,23.74835215314367,3.571291330586347,Pirates of the Caribbean: Dead Man's Chest (2006),Action|Adventure|Fantasy,383574,58
6979,-0.6423518872025887,8.672548263373667,3.571094038849545,WarGames (1983),Drama|Sci-Fi|Thriller,86567,860
2001,-1.2249067844343473,16.422713267792272,3.5705751552622758,Lethal Weapon 2 (1989),Action|Comedy|Crime|Drama,97733,942
2302,-1.255034952926179,16.81005017658886,3.5705014966228417,My Cousin Vinny (1992),Comedy,104952,10377
2723,-1.0617355534735469,14.115595435584433,3.569944096467634,Mystery Men (1999),Action|Comedy|Fantasy,132347,9824
380,-2.2755848080232313,29.926035264718816,3.569120989231787,True Lies (1994),Action|Adventure|Comedy|Romance|Thriller,111503,36955
145,-1.1186135770767431,14.580808532517285,3.568443082421841,Bad Boys (1995),Action|Comedy|Crime|Drama|Thriller,112442,9737
6595,-0.532955952972794,6.898924235805642,3.567909264136424,S.W.A.T. (2003),Action|Thriller,257076,9257
2096,-0.5719595764338392,7.400871193324938,3.5678785645176805,Sleeping Beauty (1959),Animation|Children|Musical,53285,10882
6709,-0.5162269139957113,6.629651847143502,3.5672949335316457,Once Upon a Time in Mexico (2003),Action|Adventure|Crime|Thriller,285823,1428
87869,-0.6070587516343069,7.782159495113341,3.5671548354293026,Horrible Bosses (2011),Comedy|Crime,1499658,51540
1375,-0.9240626606309573,11.666202919139543,3.565952777679068,Star Trek III: The Search for Spock (1984),Action|Adventure|Sci-Fi,88170,157
2301,-0.45773790696683125,5.77108184540761,3.565845515583516,History of the World: Part I (1981),Comedy|Musical,82517,10156
80219,-0.47431994340279726,5.803041301424115,3.5634248633304155,Machete (2010),Action|Adventure|Comedy|Crime|Thriller,985694,23631
3408,-1.6922185238553973,20.44324782927865,3.5623848912293106,Erin Brockovich (2000),Drama,195685,462
2009,-0.4914767290886838,5.908884443909186,3.5619854132889017,Soylent Green (1973),Drama|Mystery|Sci-Fi|Thriller,70723,12101
1754,-0.3659837405106898,4.352822278878897,3.56108166726815,Fallen (1998),Crime|Drama|Fantasy|Thriller,119099,9411
307,-0.3345092038489457,3.970177707285882,3.560905837731726,Three Colors: Blue (Trois couleurs: Bleu) (1993),Drama,108394,108
1777,-1.5126464154327408,17.67084686587469,3.559560054495413,"Wedding Singer, The (1998)",Comedy|Romance,120888,11003
5541,-0.5370214614718909,6.26429879786629,3.559433997759921,Hot Shots! (1991),Action|Comedy|Romance|War,102059,9595
377,-3.031014438299335,34.87922448686222,3.558261010973172,Speed (1994),Action|Romance|Thriller,111257,1637
2294,-1.0290665311303122,11.68282496173333,3.557077590839169,Antz (1998),Adventure|Animation|Children|Comedy|Fantasy,120587,8916
27706,-0.6991416504452485,7.622048202481347,3.5534350849580645,Lemony Snicket's A Series of Unfortunate Events (2004),Adventure|Children|Comedy|Fantasy,339291,11774
2990,-0.633554029008456,6.8705441565161935,3.5529482250452817,Licence to Kill (1989),Action|Adventure|Thriller,97742,709
805,-0.3929852986382979,4.234025367834917,3.552345312221043,"Time to Kill, A (1996)",Drama|Thriller,117913,1645
2746,-1.2037779425386632,12.769591055376342,3.550892190940362,Little Shop of Horrors (1986),Comedy|Horror|Musical,91419,10776
45517,-1.3799425577557196,14.634971293424545,3.5508705373174845,Cars (2006),Animation|Children|Comedy,317219,920
2908,-0.8474511801470022,8.981042175955599,3.5508012963281375,Boys Don't Cry (1999),Drama,171804,226
7323,-0.6659622851577168,7.008746720044572,3.5501425634745436,"Good bye, Lenin! (2003)",Comedy|Drama,301357,338
135569,-0.6718434281316048,6.9559989536450235,3.54857655302977,Star Trek Beyond (2016),Action|Adventure|Sci-Fi,2660888,188927
1093,-0.5823153959298308,5.982834473647887,3.54783028423112,"Doors, The (1991)",Drama,101761,10537
34162,-1.7723927421691767,18.201561775487516,3.5477854350715083,Wedding Crashers (2005),Comedy|Romance,396269,9522
2414,-0.5867972357536047,5.995285845942332,3.547284866586366,Young Sherlock Holmes (1985),Action|Adventure|Children|Fantasy|Mystery|Thriller,90357,11904
3489,-1.5631289971148066,15.927382672384391,3.5470203131685594,Hook (1991),Adventure|Comedy|Fantasy,102057,879
106489,-0.9565493583606028,9.73660740878338,3.546918728005121,"Hobbit: The Desolation of Smaug, The (2013)",Adventure|Fantasy|IMAX,1170358,57158
54004,-0.5272004492331743,5.342551501575464,3.5464817829002935,I Now Pronounce You Chuck and Larry (2007),Comedy|Romance,762107,3563
2133,-0.708267876922513,7.162708300149471,3.546278612380069,Adventures in Babysitting (1987),Adventure|Comedy,92513,14367
216,-1.2815045382892143,12.766372772031643,3.544780041804171,Billy Madison (1995),Comedy,112508,11017
31696,-1.3048164188762184,12.995864707825717,3.5447588663355045,Constantine (2005),Action|Fantasy|Horror|Thriller,360486,561
2706,-3.2336173297619695,31.66103569163374,3.5430289008731712,American Pie (1999),Comedy|Romance,163651,2105
733,-2.6358721250905996,25.68319825502394,3.5425310806311225,"Rock, The (1996)",Action|Adventure|Thriller,117500,9802
2278,-1.4662902478893627,14.07241953349714,3.540965267726532,Ronin (1998),Action|Crime|Thriller,122690,8195
292,-1.389789622233015,13.332979650606028,3.5409243114614553,Outbreak (1995),Action|Drama|Sci-Fi|Thriller,114069,6950
3254,-0.9906299420010831,9.424509415568382,3.5400492050980095,Wayne's World 2 (1993),Comedy,108525,8873
7439,-0.6245654447082571,5.850475166061374,3.538406655831227,"Punisher, The (2004)",Action|Crime|Thriller,330793,7220
316,-2.5524795780246294,23.546645977018724,3.5367603115965722,Stargate (1994),Action|Adventure|Sci-Fi,111282,2164
2072,-0.6069233363965258,5.5856102894872794,3.536502934962475,"'burbs, The (1989)",Comedy,96734,11974
94777,-0.8093517236978846,7.391097188447133,3.535657708708286,Men in Black III (M.III.B.) (M.I.B.³) (2012),Action|Comedy|Sci-Fi|IMAX,1409024,41154
91500,-1.7635458225347698,16.032747300246616,3.5351648137666776,The Hunger Games (2012),Action|Adventure|Drama|Sci-Fi|Thriller,1392170,70160
5254,-1.4679824766729799,13.316872759848595,3.5349265232784517,Blade II (2002),Action|Horror|Thriller,187738,36586
1370,-2.2383017200332644,20.053700995571372,3.5335459027733105,Die Hard 2 (1990),Action|Adventure|Thriller,99423,1573
8644,-2.808705529890109,24.670752760131005,3.5313137136656767,"I, Robot (2004)",Action|Adventure|Sci-Fi|Thriller,343818,2048
1320,-1.7892195595915776,15.508453820383203,3.5297907018072143,Alien³ (a.k.a. Alien 3) (1992),Action|Horror|Sci-Fi|Thriller,103644,8077
41566,-2.49923463553838,21.50945624211763,3.52896892863692,"Chronicles of Narnia: The Lion, the Witch and the Wardrobe, The (2005)",Adventure|Children|Fantasy,363771,411
5265,-0.5603153073889648,4.802528690607504,3.5284904223663043,Death to Smoochy (2002),Comedy|Crime|Drama,266452,9275
4446,-1.4703042257024208,12.523933325551175,3.527761742585994,Final Fantasy: The Spirits Within (2001),Adventure|Animation|Fantasy|Sci-Fi,173840,2114
4366,-0.7766526460368367,6.596183835094579,3.5274185851902584,Atlantis: The Lost Empire (2001),Adventure|Animation|Children|Fantasy,230011,10865
2641,-1.7544175284269325,14.887325189657119,3.527314908368123,Superman II (1980),Action|Sci-Fi,81573,8536
6373,-2.5544196877452463,21.606688710458457,3.52693773447132,Bruce Almighty (2003),Comedy|Drama|Fantasy|Romance,315327,310
63113,-1.4983492327093693,12.003032439345011,3.5203304098388273,Quantum of Solace (2008),Action|Adventure|Thriller,830515,10764
81564,-0.8440128643342908,6.7322491725149405,3.5197926776438577,Megamind (2010),Action|Animation|Children|Comedy|Sci-Fi|IMAX,1001526,38055
94864,-1.3316743000748212,10.503771223582065,3.5183807136184253,Prometheus (2012),Action|Horror|Sci-Fi|IMAX,1446714,70981
95510,-1.2776167467079969,9.815725153523465,3.5150011038294617,"Amazing Spider-Man, The (2012)",Action|Adventure|Sci-Fi|IMAX,948470,1930
7317,-0.728679089546114,5.59651621056755,3.5149590480833903,EuroTrip (2004),Adventure|Comedy,356150,9352
106072,-1.01039834934289,7.682876514107563,3.513648280062094,Thor: The Dark World (2013),Action|Adventure|Fantasy|IMAX,1981115,76338
39,-2.5253119655265364,19.15163397546783,3.513302471544898,Clueless (1995),Comedy|Romance,112697,9603
36529,-1.5075242723432576,11.371347785202174,3.512589130166431,Lord of War (2005),Action|Crime|Drama|Thriller|War,399295,1830
2134,-1.2210605677266382,9.076371145028814,3.510629502928272,Weird Science (1985),Comedy|Fantasy|Sci-Fi,90305,11814
2012,-3.9912027014859217,29.660996822563906,3.510600655331073,Back to the Future Part III (1990),Adventure|Comedy|Sci-Fi|Western,99088,196
2463,-0.6451730180317059,4.787628956547726,3.510402960232899,Ruthless People (1986),Comedy,91877,12151
8972,-1.6727920724345307,12.322428833666372,3.50940948690275,National Treasure (2004),Action|Adventure|Drama|Mystery|Thriller,368891,2059
1029,-1.1873475652474492,8.737121330543022,3.5092644217281292,Dumbo (1941),Animation|Children|Drama|Musical,33563,11360
81229,-1.0089859148970821,7.422586840914511,3.5092267703785542,Red (2010),Action|Comedy,1245526,39514
1088,-1.0725667154852863,7.875889102560857,3.5089777350014444,Dirty Dancing (1987),Drama|Musical|Romance,92890,88
2599,-1.8236292052230856,13.37948667558208,3.508860913997166,Election (1999),Comedy,126886,9451
2094,-1.651247038156835,12.030884761208888,3.5079106280745074,"Rocketeer, The (1991)",Action|Adventure|Sci-Fi,102803,10249
3070,-0.9840067453451236,7.167484183512538,3.5078737033724674,"Adventures of Buckaroo Banzai Across the 8th Dimension, The (1984)",Adventure|Comedy|Sci-Fi,86856,11379
73321,-0.8333295004546146,6.049358834985104,3.507406300838364,"Book of Eli, The (2010)",Action|Adventure|Drama,1037705,20504
708,-1.4500270725207889,10.4748177526687,3.506731489601555,"Truth About Cats & Dogs, The (1996)",Comedy|Romance,117979,8866
1665,-0.5563720623876373,4.000309011404106,3.5060790539955136,Bean (1997),Comedy,118689,1281
3418,-1.6194261221204347,11.59936614440856,3.5055479733235515,Thelma & Louise (1991),Adventure|Crime|Drama,103074,1541
648,-4.726062961605206,33.80783276109384,3.5053693416575946,Mission: Impossible (1996),Action|Adventure|Mystery|Thriller,117060,954
57368,-1.5692103242194873,11.197946810359829,3.5050275487839992,Cloverfield (2008),Action|Mystery|Sci-Fi|Thriller,1060277,7191
5267,-0.6495141451139242,4.529461301260676,3.501763663426967,"Rookie, The (2002)",Drama,265662,14635
2378,-1.182030636313313,8.122479136503859,3.4996354636725333,Police Academy (1984),Comedy|Crime,87928,9336
60756,-1.1078235728810548,7.597706970370409,3.499351056867787,Step Brothers (2008),Comedy,838283,12133
1376,-1.8971391515512077,13.007866235371825,3.4993157710515668,Star Trek IV: The Voyage Home (1986),Adventure|Comedy|Sci-Fi,92007,168
2353,-2.937478701165685,20.047718146033393,3.49863695606948,Enemy of the State (1998),Action|Thriller,120660,9798
69,-0.7855836919883021,5.340609135148243,3.498065046240256,Friday (1995),Comedy,113118,10634
7293,-1.5861478334650498,10.754488199675329,3.4976742452369862,50 First Dates (2004),Comedy|Romance,343660,1824
4545,-1.0053915169477485,6.765293325678096,3.496551123706219,Short Circuit (1986),Comedy|Sci-Fi,91949,2605
2297,-0.7813542418883362,5.21245397868661,3.49525990122987,What Dreams May Come (1998),Adventure|Drama|Fantasy|Romance,120889,12159
6764,-1.215637552596236,8.047563135729252,3.4941047057345687,"Rundown, The (2003)",Action|Adventure|Comedy,327850,10159
117529,-1.2360046461117626,8.121043599252094,3.492963548886018,Jurassic World (2015),Action|Adventure|Drama|Sci-Fi|Thriller,369610,135397
4161,-1.0486000301057823,6.875348397253166,3.4926454006538,"Mexican, The (2001)",Action|Comedy,236493,6073
520,-2.6762714401924064,17.460030385595513,3.4918814146403223,Robin Hood: Men in Tights (1993),Comedy,107977,8005
4734,-2.0986009035286775,13.657791116328745,3.491505349036165,Jay and Silent Bob Strike Back (2001),Adventure|Comedy,261392,2294
8376,-1.988387604086245,12.775706332628666,3.4895231285898065,Napoleon Dynamite (2004),Comedy,374900,8193
6537,-2.866336836554591,18.291462888664817,3.488457767083478,Terminator 3: Rise of the Machines (2003),Action|Adventure|Sci-Fi,181852,296
2359,-0.8290936530832161,5.279145483756206,3.48811058986668,Waking Ned Devine (a.k.a. Waking Ned) (1998),Comedy,166396,10162
7346,-1.2397053251137211,7.846453900799963,3.4871656934846595,"Girl Next Door, The (2004)",Comedy|Romance,265208,10591
3156,-0.9011722676188599,5.665159643269394,3.486088613594602,Bicentennial Man (1999),Drama|Romance|Sci-Fi,182789,2277
7458,-2.924190682513055,18.3595369993316,3.485887637433302,Troy (2004),Action|Adventure|Drama|War,332452,652
2416,-0.948441720610652,5.924440638914915,3.485071651768159,Back to School (1986),Comedy,90685,15596
7160,-0.6938473661832173,4.329608365809845,3.4849049467220685,Monster (2003),Crime|Drama,340855,504
837,-1.0240615723791295,6.333553847784498,3.4834730130453497,Matilda (1996),Children|Comedy|Fantasy,117008,10830
2393,-1.6431023734000143,10.14758342209444,3.483240747949711,Star Trek: Insurrection (1998),Action|Drama|Romance|Sci-Fi,120844,200
2375,-1.1786133868547728,7.257125572834479,3.4827535694394056,"Money Pit, The (1986)",Comedy,91541,10466
2572,-2.2525577088840842,13.869264376193987,3.482747662218636,10 Things I Hate About You (1999),Comedy|Romance,147800,4951
6365,-4.992331833615354,29.93213814114918,3.4783729491995716,"Matrix Reloaded, The (2003)",Action|Adventure|Sci-Fi|Thriller|IMAX,234215,604
1801,-1.1998946238951265,7.139242777707265,3.4770910210817583,"Man in the Iron Mask, The (1998)",Action|Adventure|Drama,120744,9313
86880,-1.4430461006656237,8.57474909041148,3.476871126125343,Pirates of the Caribbean: On Stranger Tides (2011),Action|Adventure|Fantasy|IMAX,1298650,1865
60040,-2.3826253281532614,14.117469557902304,3.476389886239887,"Incredible Hulk, The (2008)",Action|Sci-Fi,800080,1724
1676,-4.905662935557169,28.878873816495958,3.4752909970120185,Starship Troopers (1997),Action|Sci-Fi,120201,563
5810,-1.8753325335729627,10.813896359946945,3.471742543024413,8 Mile (2002),Drama,298203,65
2146,-0.7599886972609575,4.3418046386592755,3.4701215118271898,St. Elmo's Fire (1985),Drama|Romance,90060,11557
1608,-3.183987681001661,18.125444362456857,3.469497320840394,Air Force One (1997),Action|Thriller,118571,9772
4299,-2.3117425305945054,12.99598096148533,3.4672799622747617,"Knight's Tale, A (2001)",Action|Comedy|Romance,183790,9476
410,-2.1626250725302185,12.132141962722375,3.4669054719420047,Addams Family Values (1993),Children|Comedy|Fantasy,106220,2758
3698,-2.33926144200072,12.989389738359879,3.465071131429101,"Running Man, The (1987)",Action|Sci-Fi,93894,865
48385,-3.435870646926317,18.996287687179848,3.464290663248719,Borat: Cultural Learnings of America for Make Benefit Glorious Nation of Kazakhstan (2006),Comedy,443453,496
4351,-1.1318844123266505,6.230321566429626,3.4634878054816034,Point Break (1991),Action|Crime|Thriller,102685,1089
53000,-1.3558278130660024,7.459284935084101,3.4633975364102945,28 Weeks Later (2007),Horror|Sci-Fi|Thriller,463854,1562
46723,-1.5953382122819046,8.754098360796968,3.4629223018749253,Babel (2006),Drama|Thriller,449467,1164
471,-1.709996263865145,9.093749914801249,3.457120482971908,"Hudsucker Proxy, The (1994)",Comedy,110074,11934
5378,-4.864084953353581,25.688990667533716,3.4558161803118628,Star Wars: Episode II - Attack of the Clones (2002),Action|Adventure|Sci-Fi|IMAX,121765,1894
785,-2.4486805782403427,12.852892764653486,3.4546453938188364,Kingpin (1996),Comedy,116778,11543
4084,-1.4502787864948095,7.587749725137713,3.454027074264305,Beverly Hills Cop II (1987),Action|Comedy|Crime|Thriller,92644,96
2046,-1.4800094822956866,7.585806846816917,3.4500588685130547,Flight of the Navigator (1986),Adventure|Children|Sci-Fi,91059,10122
1271,-1.5822171171123582,8.070899800871045,3.4491215723097413,Fried Green Tomatoes (1991),Comedy|Crime|Drama,101921,1633
64983,-0.9536309978497641,4.848106733318704,3.44845959755781,Valkyrie (2008),Drama|Thriller|War,985699,2253
500,-5.58716537519382,28.377591780122874,3.4482747743138176,Mrs. Doubtfire (1993),Comedy|Drama,107614,788
76077,-1.2209249555442894,6.18762144473462,3.4478439901076587,Hot Tub Time Machine (2010),Comedy|Sci-Fi,1231587,23048
2459,-0.8747942552055591,4.414620317710967,3.4470028997725275,"Texas Chainsaw Massacre, The (1974)",Horror,72271,30497
3082,-2.2158134190537617,11.171393951500876,3.4468142236694526,"World Is Not Enough, The (1999)",Action|Adventure|Thriller,143145,36643
33615,-2.2784192432990498,11.345838036782217,3.4443458869035286,Madagascar (2005),Adventure|Animation|Children|Comedy,351283,953
2141,-1.4026755587647988,6.978839292665752,3.444171512660107,"American Tail, An (1986)",Adventure|Animation|Children|Comedy,90633,4978
2694,-2.861095525800742,14.206707942734736,3.4437708389989545,Big Daddy (1999),Comedy,142342,9032
2683,-7.045429765517146,34.965643980839914,3.443665514415177,Austin Powers: The Spy Who Shagged Me (1999),Action|Adventure|Comedy,145660,817
71530,-1.1484049739052722,5.687647517316948,3.4432492047904364,Surrogates (2009),Action|Sci-Fi|Thriller,986263,19959
2143,-1.2092868135454726,5.989042767728547,3.443244780701861,Legend (1985),Adventure|Fantasy|Romance,89469,11976
8783,-2.194185035954168,10.866399395125315,3.443237474139764,"Village, The (2004)",Drama|Mystery|Thriller,368447,6947
39183,-2.154965986936923,10.636276182332862,3.4425560037175664,Brokeback Mountain (2005),Drama|Romance,388795,142
1441,-1.2053325136805433,5.939148644612664,3.442214305349086,Benny & Joon (1993),Comedy|Romance,106387,4104
34319,-2.613962119292826,12.863754757589822,3.4419576405836194,"Island, The (2005)",Action|Sci-Fi|Thriller,399201,1635
4167,-1.088124267759261,5.350051545164333,3.441775574280826,15 Minutes (2001),Thriller,179626,2749
3686,-1.1821748170171054,5.7281871830065425,3.4387828021779017,Flatliners (1990),Horror|Sci-Fi|Thriller,99582,1551
1101,-4.656513243279094,22.523200433475182,3.4384183343075296,Top Gun (1986),Action|Romance,92099,744
34048,-3.7957024591506605,18.327892883777896,3.438061528439397,War of the Worlds (2005),Action|Adventure|Sci-Fi|Thriller,407304,74
8371,-2.4929010006527763,11.965619834308978,3.4368226645903586,"Chronicles of Riddick, The (2004)",Action|Sci-Fi|Thriller,296572,2789
3704,-2.2983981312569126,10.977438115577074,3.4357865803325733,Mad Max Beyond Thunderdome (1985),Action|Adventure|Sci-Fi,89530,9355
2,-5.308743399158442,25.31479864105434,3.435452208108516,Jumanji (1995),Adventure|Children|Fantasy,113497,8844
748,-1.0409146463586145,4.912641078305528,3.4332763962540005,"Arrival, The (1996)",Action|Sci-Fi|Thriller,115571,10547
1479,-2.230569284149142,10.449602047202484,3.4317015757216227,"Saint, The (1997)",Action|Romance|Sci-Fi|Thriller,120053,10003
8957,-2.303057210840321,10.692362853610803,3.4297685818091512,Saw (2004),Horror|Mystery|Thriller,387564,176
2340,-1.5244331194180043,7.052617177107272,3.4290099148849738,Meet Joe Black (1998),Romance,119643,297
5502,-5.429757639060527,24.39100030592253,3.422548140048094,Signs (2002),Horror|Sci-Fi|Thriller,286106,2675
49651,-1.7408402126118838,7.762472463643116,3.420897694348255,Rocky Balboa (2006),Action|Drama,479143,1246
3752,-3.7348229658718344,16.56795819451858,3.419736847757109,"Me, Myself & Irene (2000)",Adventure|Comedy,183505,2123
367,-7.466791559645109,32.785116196655736,3.4174118662513813,"Mask, The (1994)",Action|Comedy|Crime|Fantasy,110475,854
3969,-1.8971575370455023,8.324864594478155,3.4172708198381225,Pay It Forward (2000),Drama,223897,10647
56587,-0.9765140721523023,4.270110495567517,3.4164754414481546,"Bucket List, The (2007)",Comedy|Drama,825232,7350
6934,-5.37841622398593,23.497126999974572,3.416264540728683,"Matrix Revolutions, The (2003)",Action|Adventure|Sci-Fi|Thriller|IMAX,242653,605
1092,-3.412401985512666,14.854043727026871,3.415432482565336,Basic Instinct (1992),Crime|Mystery|Thriller,103772,402
1569,-2.4126372850469053,10.46028248376257,3.4145138811207145,My Best Friend's Wedding (1997),Comedy|Romance,119738,8874
2325,-1.3447494389451402,5.775402019769725,3.412320493872196,Orgazmo (1997),Comedy,124819,8675
2527,-1.314500613307793,5.641223452308901,3.4121443940050122,Westworld (1973),Action|Sci-Fi|Thriller|Western,70909,2362
8529,-3.777610979876833,16.12936803854382,3.4109542999034512,"Terminal, The (2004)",Comedy|Drama|Romance,362227,594
587,-4.97192867789558,21.162986604846413,3.4102261870786044,Ghost (1990),Comedy|Drama|Fantasy|Romance|Thriller,99653,251
1688,-1.301590665455471,5.527769381341246,3.4096973372884722,Anastasia (1997),Adventure|Animation|Children|Drama|Musical,118617,9444
5785,-1.290945654150319,5.470681532519516,3.4091860447336586,Jackass: The Movie (2002),Action|Comedy|Documentary,322802,9012
2105,-3.7510202527507563,15.782003901614663,3.407484247631573,Tron (1982),Action|Adventure|Sci-Fi,84827,97
1020,-2.9355406010332765,12.264424877379323,3.4058071916975785,Cool Runnings (1993),Comedy,106611,864
2124,-2.5818131308914287,10.713149443641287,3.4041665293068006,"Addams Family, The (1991)",Children|Comedy|Fantasy,101272,2907
33679,-4.952396403197976,20.43780601314881,3.4028458403326765,Mr. & Mrs. Smith (2005),Action|Adventure|Comedy|Romance,356910,787
539,-3.9097875602634464,16.10067880112942,3.402327595810552,Sleepless in Seattle (1993),Comedy|Drama|Romance,108160,858
53953,-1.9213946707086862,7.908339524848258,3.4022032810320595,1408 (2007),Drama|Horror|Thriller,450385,3021
6281,-3.0658273006878662,12.590619114860718,3.401660392613081,Phone Booth (2002),Drama|Thriller,183649,1817
6953,-1.94231924283669,7.975846490785796,3.4016361671202398,21 Grams (2003),Crime|Drama|Mystery|Romance|Thriller,315733,470
24,-1.711783235021012,6.928941333595842,3.398113017641595,Powder (1995),Drama|Sci-Fi,114168,12665
832,-2.8534746282275676,11.540944131809253,3.3979133746936605,Ransom (1996),Crime|Thriller,117438,3595
252,-1.4107935430901073,5.685901496247105,3.3970399860931675,I.Q. (1994),Comedy|Romance,110099,11777
3176,-3.7554481205319714,15.037535526472505,3.3954230360599373,"Talented Mr. Ripley, The (1999)",Drama|Mystery|Thriller,134119,1213
3697,-1.8888979603660592,7.458734289655646,3.3919148769546563,Predator 2 (1990),Action|Sci-Fi|Thriller,100403,169
45499,-5.040228228825655,19.64476176842153,3.3885927438737684,X-Men: The Last Stand (2006),Action|Sci-Fi|Thriller,376994,36668
4344,-3.80657414924433,14.796638638737887,3.387901923183663,Swordfish (2001),Action|Crime|Drama,244244,9705
5219,-2.686738618484797,10.355887270028024,3.3857206176899153,Resident Evil (2002),Action|Horror|Sci-Fi|Thriller,120804,1576
32031,-1.8289553836336223,7.00230556435314,3.383968015388812,Robots (2005),Adventure|Animation|Children|Comedy|Fantasy|Sci-Fi|IMAX,358082,9928
1883,-1.450733469502769,5.541199602258392,3.383352781005754,Bulworth (1998),Comedy|Drama|Romance,118798,9452
3608,-2.110383699854254,8.029536235638922,3.3823337277966403,Pee-wee's Big Adventure (1985),Adventure|Comedy,89791,5683
7173,-2.0887993135203247,7.804617817455124,3.377524989002047,Along Came Polly (2004),Comedy|Romance,343135,5966
3438,-2.3894183218363296,8.876188317010838,3.375967130926148,Teenage Mutant Ninja Turtles (1990),Action|Children|Comedy|Fantasy|Sci-Fi,100758,1498
2712,-4.129385204214145,15.325571226048755,3.3757171780045123,Eyes Wide Shut (1999),Drama|Mystery|Thriller,120663,345
1711,-1.4545225639629764,5.3854333360001485,3.3750767487211926,Midnight in the Garden of Good and Evil (1997),Crime|Drama|Mystery,119668,8197
552,-3.485599589230138,12.903495547917098,3.3750329901144647,"Three Musketeers, The (1993)",Action|Adventure|Comedy|Romance,108333,10057
2530,-1.7322800658721855,6.409828375541256,3.3749075964438866,Beneath the Planet of the Apes (1970),Action|Sci-Fi,65462,1685
8969,-1.226336796960491,4.522362219204887,3.3739896180091606,Bridget Jones: The Edge of Reason (2004),Comedy|Drama|Romance,317198,9801
82461,-1.8810596473073808,6.926318999126057,3.3735798953618037,Tron: Legacy (2010),Action|Adventure|Sci-Fi|IMAX,1104001,20526
339,-3.3765448618374347,12.387557136507855,3.3725857895960663,While You Were Sleeping (1995),Comedy|Romance,114924,2064
2100,-3.7510439033010923,13.753240603806162,3.3724223963688087,Splash (1984),Comedy|Fantasy|Romance,88161,2619
3173,-1.8405733155152348,6.746334495702247,3.372335647914525,Any Given Sunday (1999),Drama,146838,9563
44022,-2.146028891562148,7.765240606526135,3.3687978491955763,Ice Age 2: The Meltdown (2006),Adventure|Animation|Children|Comedy,438097,950
1391,-7.178074109427245,25.870845762877966,3.367703262944557,Mars Attacks! (1996),Action|Comedy|Sci-Fi,116996,75
303,-2.3872986662151368,8.60113971808842,3.367605237647546,"Quick and the Dead, The (1995)",Action|Thriller|Western,114214,12106
4700,-1.9004417938739233,6.836279755248328,3.367167764030536,"Princess Diaries, The (2001)",Children|Comedy|Romance,247638,9880
2273,-4.416211643510478,15.845858037723861,3.3664631375120004,Rush Hour (1998),Action|Comedy|Crime|Thriller,120812,2109
1380,-4.926281024677675,17.6332695861876,3.3657870811763484,Grease (1978),Comedy|Musical|Romance,77631,621
71264,-1.671860712985009,5.9370298182760735,3.363562497229156,Cloudy with a Chance of Meatballs (2009),Animation|Children|Fantasy|IMAX,844471,22794
2707,-1.580924906867765,5.596239486044593,3.3626636187500067,Arlington Road (1999),Thriller,137363,1073
7444,-1.384408482631544,4.874216453247447,3.3611344704462573,13 Going on 30 (2004),Comedy|Fantasy|Romance,337563,10096
101864,-2.426431920039482,8.513572400085815,3.360153831525664,Oblivion (2013),Action|Adventure|Sci-Fi|IMAX,1483013,75612
4677,-1.4017621526625925,4.878840892808463,3.357846762928523,Turner & Hooch (1989),Comedy|Crime,98536,6951
5299,-4.757820584705773,16.349747340114504,3.3541586102976932,My Big Fat Greek Wedding (2002),Comedy|Romance,259446,8346
6548,-2.4790880625426177,8.498658934184585,3.3534578827570116,Bad Boys II (2003),Action|Comedy|Crime|Thriller,172156,8961
780,-12.183007292036905,41.758255990011484,3.3534104326430785,Independence Day (a.k.a. ID4) (1996),Action|Adventure|Sci-Fi|Thriller,116629,602
36519,-2.168728170625124,7.379063379491874,3.35125842417433,Transporter 2 (2005),Action|Crime|Thriller,388482,9335
47200,-1.8902659712059995,6.426272769015158,3.3510147850304963,Crank (2006),Action|Thriller,479884,1948
4980,-2.5767420443129203,8.721626955438076,3.349718506305833,Bill & Ted's Bogus Journey (1991),Adventure|Comedy|Fantasy|Sci-Fi,101452,1649
2496,-1.1843004115448303,3.991619855867854,3.348464671503221,Blast from the Past (1999),Comedy|Romance,124298,11622
2533,-1.6793622626645968,5.658340375305973,3.3483672032790457,Escape from the Planet of the Apes (1971),Action|Sci-Fi,67065,1687
4023,-2.1988637798317585,7.384136261261402,3.3473792066433647,"Family Man, The (2000)",Comedy|Drama|Romance,218967,5994
5266,-3.965395767627497,13.18548969555158,3.3444219504536963,Panic Room (2002),Thriller,258000,4547
3,-3.4085189924259254,11.321023180514466,3.3440826124506082,Grumpier Old Men (1995),Comedy|Romance,113228,15602
2470,-6.056940334960778,20.04825684601871,3.3430432518635134,Crocodile Dundee (1986),Adventure|Comedy,90555,9671
1805,-2.7592818320584014,9.130011158103045,3.3429402434853657,Wild Things (1998),Crime|Drama|Mystery|Thriller,120890,617
4701,-4.1982435491433305,13.821101433940179,3.341405235463035,Rush Hour 2 (2001),Action|Comedy,266915,5175
6873,-1.7461814888002518,5.718635118161577,3.3398119985124883,Intolerable Cruelty (2003),Comedy|Romance,138524,11775
5388,-3.0557006004950513,9.98168148329151,3.33903047463995,Insomnia (2002),Action|Crime|Drama|Mystery|Thriller,278504,320
1371,-3.179193464919893,10.353235601972377,3.338088865810015,Star Trek: The Motion Picture (1979),Adventure|Sci-Fi,79945,152
2407,-4.3560950349220535,14.11466796702512,3.3365394554712764,Cocoon (1985),Comedy|Sci-Fi,88933,10328
2006,-6.247794976291469,20.229984001804286,3.3363229508114918,"Mask of Zorro, The (1998)",Action|Comedy|Romance,120746,9342
4343,-4.234026211966136,13.610498786831528,3.3340760048239058,Evolution (2001),Comedy|Sci-Fi,251075,9397
45447,-5.33392632331929,17.137701948295867,3.3339220105070972,"Da Vinci Code, The (2006)",Drama|Mystery|Thriller,382625,591
84954,-2.5567913554145654,8.175351705037778,3.3324174311079156,"Adjustment Bureau, The (2011)",Romance|Sci-Fi|Thriller,1385826,38050
1047,-2.8314439395405744,9.018211858827794,3.3311917728733538,"Long Kiss Goodnight, The (1996)",Action|Drama|Thriller,116908,11412
2376,-2.1018759424887996,6.685544167837231,3.3307701838799098,"View to a Kill, A (1985)",Action|Adventure|Thriller,90264,707
106002,-2.039177291577063,6.459879701805969,3.3294933413762515,Ender's Game (2013),Action|Adventure|Sci-Fi|IMAX,1731141,80274
46530,-3.5330962065141267,11.067212872972478,3.325921394259635,Superman Returns (2006),Action|Adventure|Sci-Fi|IMAX,348150,1452
30825,-3.527534085623091,11.010939755034135,3.324795014261171,Meet the Fockers (2004),Comedy,290002,693
2802,-1.6674266031750253,5.179012495639701,3.3232029473719664,Tequila Sunrise (1988),Action|Drama|Romance|Thriller,96244,10396
724,-2.0788199699725394,6.453108624655441,3.3230189293699666,"Craft, The (1996)",Drama|Fantasy|Horror|Thriller,115963,9100
8781,-1.6463035294370774,5.065428598431324,3.320153608852304,"Manchurian Candidate, The (2004)",Thriller,368008,14462
2424,-4.0152449824699445,12.339943991360796,3.3197753193736808,You've Got Mail (1998),Comedy|Romance,128853,9489
2539,-4.35532904311992,13.379966540028855,3.3196501087677612,Analyze This (1999),Comedy,122933,9535
3755,-4.871452853987693,14.951421571208845,3.319342604455967,"Perfect Storm, The (2000)",Drama|Thriller,177971,2133
91485,-1.687929767791232,5.165091967204735,3.3183656685383105,"Expendables 2, The (2012)",Action|Adventure,1764651,76163
45672,-2.940528779409747,8.958360879881345,3.316917263251786,Click (2006),Adventure|Comedy|Drama|Fantasy|Romance,389860,9339
5151,-2.2650709098818034,6.7729493750437255,3.310732306725136,40 Days and 40 Nights (2002),Comedy|Romance,243736,2752
62,-3.2329070108175113,9.617483386192866,3.3090123681097445,Mr. Holland's Opus (1995),Drama,113862,2054
3978,-1.644140819931219,4.885207653397381,3.308606408723447,"Legend of Bagger Vance, The (2000)",Drama|Romance,146984,4958
8984,-5.915622488507255,17.45944725392316,3.3063405897785065,Ocean's Twelve (2004),Action|Comedy|Crime|Thriller,349903,163
46970,-3.664739127696472,10.776310190942311,3.305087673037219,Talladega Nights: The Ballad of Ricky Bobby (2006),Action|Comedy,415306,9718
45081,-1.804326789108829,5.288294181778856,3.3039687647378235,Silent Hill (2006),Fantasy|Horror|Thriller,384537,588
5957,-1.634383975000591,4.790001293272664,3.3039539432413467,Two Weeks Notice (2002),Comedy|Romance,313737,2642
1792,-3.014579512265328,8.82424462138848,3.303536675414027,U.S. Marshals (1998),Action|Crime|Thriller,120873,11808
49278,-2.481469242907794,7.260459070023976,3.303382777807519,Déjà Vu (Deja Vu) (2006),Action|Sci-Fi|Thriller,453467,7551
31685,-4.048278502126165,11.827702806789631,3.302890417779909,Hitch (2005),Comedy|Romance,386588,8488
3617,-5.2721497987888535,15.11889136016077,3.2964485888100477,Road Trip (2000),Comedy,215129,9285
2881,-1.6011613780109788,4.526168150065687,3.291404874041112,Double Jeopardy (1999),Action|Crime|Drama|Thriller,150377,10398
22,-2.4855942197102676,7.023950050428276,3.291287209785144,Copycat (1995),Crime|Drama|Horror|Mystery|Thriller,112722,1710
7163,-2.504543366607738,7.07446600596883,3.2911355574306724,Paycheck (2003),Action|Sci-Fi|Thriller,338337,9620
802,-2.9634786451807815,8.3512888711837,3.29030848424213,Phenomenon (1996),Drama|Romance,117333,9294
6156,-2.7691401397601614,7.80290198407535,3.2902754042092206,Shanghai Knights (2003),Action|Adventure|Comedy,300471,6038
2002,-5.084759338571491,14.327129830795341,3.2902570601160623,Lethal Weapon 3 (1992),Action|Comedy|Crime|Drama,104714,943
2717,-5.60241885203026,15.724848780699139,3.288883238057386,Ghostbusters II (1989),Comedy|Fantasy|Sci-Fi,97428,2978
1588,-1.5414772432563288,4.308359958775636,3.2873738955323373,George of the Jungle (1997),Children|Comedy,119190,10603
78469,-2.5559321113278255,7.14240388507925,3.287308136874606,"A-Team, The (2010)",Action|Comedy|Thriller,429493,34544
231,-10.446001438522833,29.13119922915715,3.2865766334478,Dumb & Dumber (Dumb and Dumber) (1994),Adventure|Comedy,109686,8467
2410,-3.4791313292141615,9.700862962136727,3.2865199009789614,Rocky III (1982),Action|Drama,84602,1371
344,-10.837957814494898,30.201616579880405,3.2863077360111426,Ace Ventura: Pet Detective (1994),Comedy,109040,3049
103042,-3.1595088432957548,8.709812677717174,3.2824085426514205,Man of Steel (2013),Action|Adventure|Fantasy|Sci-Fi|IMAX,770828,49521
59615,-5.712208283218505,15.691882352639528,3.2811381737310557,Indiana Jones and the Kingdom of the Crystal Skull (2008),Action|Adventure|Comedy|Sci-Fi,367882,217
68791,-2.894418033240156,7.883377903603842,3.2780067911373405,Terminator Salvation (2009),Action|Adventure|Sci-Fi|Thriller,438488,534
6586,-2.431144464540237,6.610624926728626,3.27739816297477,American Wedding (American Pie 3) (2003),Comedy,328828,8273
1918,-3.3996363623142956,9.210364059270598,3.2760514515228225,Lethal Weapon 4 (1998),Action|Comedy|Crime|Thriller,122151,944
2431,-2.7955351801882524,7.56006086857527,3.2753845307158387,Patch Adams (1998),Comedy|Drama,129290,10312
6593,-2.623002862592626,7.0570961688746925,3.273478316456021,Freaky Friday (2003),Children|Comedy|Fantasy,322330,10330
103253,-2.802516814774105,7.483885057643002,3.2706878158217223,Elysium (2013),Action|Drama|Sci-Fi|IMAX,1535108,68724
1042,-3.5644882383409024,9.501109842214273,3.2699958704536147,That Thing You Do! (1996),Comedy|Drama,117887,9591
6218,-4.448765449334273,11.848357706023398,3.269686040145302,Bend It Like Beckham (2002),Comedy|Drama|Romance,286499,455
2617,-9.973034579016392,26.558903680214836,3.269655044899521,"Mummy, The (1999)",Action|Adventure|Comedy|Fantasy|Horror|Thriller,120616,564
282,-1.6643965041417184,4.4069822810168775,3.2674887651484728,Nell (1994),Drama,110638,1945
4558,-1.7693342665838974,4.647008721811718,3.2644144504183825,Twins (1988),Comedy,96320,9493
2123,-1.7402122501738075,4.556583696833247,3.263249756584773,All Dogs Go to Heaven (1989),Animation|Children|Comedy|Drama|Fantasy,96787,11497
1407,-7.751823734940465,20.29521024032203,3.2632079495492983,Scream (1996),Comedy|Horror|Mystery|Thriller,117571,4232
1614,-2.499676534753445,6.509004181005141,3.2611277144931883,In & Out (1997),Comedy,119360,10806
4232,-3.5873088772256283,9.283464364757089,3.2587421314981007,Spy Kids (2001),Action|Adventure|Children|Comedy,227538,10054
2116,-2.508390967883191,6.484744983732868,3.2583472232526374,"Lord of the Rings, The (1978)",Adventure|Animation|Children|Fantasy,77869,123
4270,-6.77902184968143,17.514750938919565,3.2581148809116796,"Mummy Returns, The (2001)",Action|Adventure|Comedy|Thriller,209163,1734
46972,-2.892129310457771,7.461465012362527,3.257552567631095,Night at the Museum (2006),Action|Comedy|Fantasy|IMAX,477347,1593
49286,-1.5902148790376964,4.099872598220211,3.2572920448590077,"Holiday, The (2006)",Comedy|Romance,457939,1581
3483,-2.034167496240382,5.242968469502776,3.2571812518972765,"Road to El Dorado, The (2000)",Animation|Children,138749,10501
1616,-2.3009268126918325,5.895651899285542,3.2548861414971353,"Peacemaker, The (1997)",Action|Thriller|War,119874,6623
2628,-15.172405034993874,38.81830158473948,3.2543042969784524,Star Wars: Episode I - The Phantom Menace (1999),Action|Adventure|Sci-Fi,120915,1893
1690,-6.296511245468377,16.07541684238804,3.2534755931169013,Alien: Resurrection (1997),Action|Horror|Sci-Fi,118583,8078
1027,-2.7714848152104525,7.056383364655116,3.2523985563234796,Robin Hood: Prince of Thieves (1991),Adventure|Drama,102798,8367
4718,-6.148174260930226,15.579000086101079,3.2505163302926743,American Pie 2 (2001),Comedy,252866,2770
3968,-3.638685085877605,9.096003083745188,3.2451301280257168,Bedazzled (2000),Comedy,230030,1636
2606,-2.0598247995937324,5.114741298638222,3.242438204910799,Idle Hands (1999),Comedy|Horror,138510,6552
350,-3.1311627322547197,7.771133622594293,3.2422390808486927,"Client, The (1994)",Drama|Mystery|Thriller,109446,10731
653,-6.919040832633298,17.15653148977748,3.2418722902431107,Dragonheart (1996),Action|Adventure|Fantasy,116136,8840
84772,-2.5716738377321886,6.340596045158844,3.239572696785367,Paul (2011),Adventure|Comedy|Sci-Fi,1092026,39513
370,-5.676918285456625,13.983646626399034,3.23919294521501,Naked Gun 33 1/3: The Final Insult (1994),Action|Comedy,110622,36593
5400,-2.9729087407818193,7.313595687295861,3.238670630816303,"Sum of All Fears, The (2002)",Drama|Thriller,164184,4614
1876,-5.671059897562461,13.950598264442787,3.2386511619715477,Deep Impact (1998),Drama|Sci-Fi|Thriller,120647,8656
3263,-3.135107215128573,7.692281823286517,3.2375960347084995,White Men Can't Jump (1992),Comedy|Drama,105812,10158
317,-6.14074256918541,15.03576343065704,3.2367522202346777,"Santa Clause, The (1994)",Comedy|Drama|Fantasy,111070,11395
42738,-3.2257362659062006,7.836188501284927,3.2335152644860097,Underworld: Evolution (2006),Action|Fantasy|Horror,401855,834
2478,-3.6836898757636276,8.911717176809276,3.2318077929746063,¡Three Amigos! (1986),Comedy|Western,92086,8388
56171,-2.038021728100522,4.911038218673895,3.230173415587009,"Golden Compass, The (2007)",Adventure|Children|Fantasy,385752,2268
1917,-11.957308003215896,28.328850121397778,3.223071882179088,Armageddon (1998),Action|Romance|Sci-Fi|Thriller,120591,95
5872,-4.3870040660400305,10.356248811782855,3.2215519582023084,Die Another Day (2002),Action|Adventure|Thriller,246460,36669
2369,-2.4369729835877143,5.742566840944632,3.2207913828028043,Desperately Seeking Susan (1985),Comedy|Drama|Romance,89017,8130
4958,-3.5942679231121555,8.453873709828345,3.219999095887227,Behind Enemy Lines (2001),Action|Drama|War,159273,8007
6287,-5.59985167243802,13.155859349194793,3.2195067512957385,Anger Management (2003),Comedy,305224,9506
48,-4.683557363723678,10.988874400839249,3.218952311434169,Pocahontas (1995),Animation|Children|Drama|Musical|Romance,114148,10530
6155,-2.7385375800737703,6.393188562597414,3.2168089705203875,How to Lose a Guy in 10 Days (2003),Comedy|Romance,251127,9919
4992,-2.809006343299938,6.552812662953895,3.216489503242695,Kate & Leopold (2001),Comedy|Romance,35423,11232
1049,-2.8588643025818072,6.653475489374328,3.2154815120671913,"Ghost and the Darkness, The (1996)",Action|Adventure,116409,10586
8640,-2.410454671405982,5.609031983594122,3.215416149144711,King Arthur (2004),Action|Adventure|Drama|War,349683,9477
2108,-2.8740471903257494,6.659369555712334,3.213581884088695,L.A. Story (1991),Comedy|Romance,102250,2107
2245,-2.998412239708791,6.856978848298117,3.2078824436517697,Working Girl (1988),Comedy|Drama|Romance,96463,3525
2528,-4.148391902165124,9.483622829410232,3.2077344188243355,Logan's Run (1976),Action|Adventure|Sci-Fi,74812,10803
637,-2.0602592429641238,4.691589857814337,3.2060225620311855,Sgt. Bilko (1996),Comedy,117608,9099
4018,-7.154095281725074,16.26404937989101,3.205289603096965,What Women Want (2000),Comedy|Romance,207201,3981
586,-11.80839316550029,26.76496401444199,3.2039728501684968,Home Alone (1990),Children|Comedy,99785,771
74789,-3.495307774289609,7.9047833294109795,3.2029850551930816,Alice in Wonderland (2010),Adventure|Fantasy|IMAX,1014759,12155
1377,-9.813030776299504,22.169005076486936,3.2025148882943237,Batman Returns (1992),Action|Crime,103776,364
86911,-2.7054266257000075,6.074687179421063,3.199800714471946,"Hangover Part II, The (2011)",Comedy,1411697,45243
52722,-6.643197067789756,14.846710005584788,3.1977088501632194,Spider-Man 3 (2007),Action|Adventure|Sci-Fi|Thriller|IMAX,413300,559
466,-7.33148931048603,16.365175554155698,3.1971679988218966,Hot Shots! Part Deux (1993),Action|Comedy|War,107144,9255
5449,-3.973825873122718,8.836140332285915,3.1954371716506706,Mr. Deeds (2002),Comedy|Romance,280590,2022
1378,-4.399186851601544,9.762960411345693,3.194561655001972,Young Guns (1988),Action|Comedy|Western,96487,11967
102407,-2.344492548513737,5.162930470248681,3.1910602506276238,"Great Gatsby, The (2013)",Drama,1343092,64682
4214,-2.263894273722843,4.983644917485674,3.190896619195019,Revenge of the Nerds (1984),Comedy,88000,14052
3005,-3.3707653181118653,7.418222711480044,3.1907714728659498,"Bone Collector, The (1999)",Thriller,145681,9481
4823,-3.524953440783104,7.753811053681949,3.190552200447974,Serendipity (2001),Comedy|Romance,240890,9778
4679,-2.4776419330204167,5.429023135846513,3.18879162405767,Uncle Buck (1989),Comedy,98554,2616
1552,-9.58366527865668,20.97448486687794,3.1882411379296767,Con Air (1997),Action|Adventure|Thriller,118880,1701
5103,-3.6485553284587713,7.919301377343569,3.1844445308644533,"Sandlot, The (1993)",Children|Comedy|Drama,108037,11528
95441,-3.4136626748736805,7.381277811029864,3.182685510411295,Ted (2012),Comedy|Fantasy,1637725,72105
839,-2.5453881312731297,5.4977035109411005,3.182170213554541,"Crow: City of Angels, The (1996)",Action|Thriller,115986,10546
4149,-2.481756074791113,5.347179047281381,3.181037013068649,Saving Silverman (Evil Woman) (2001),Comedy|Romance,239948,10878
1597,-5.5291335938375195,11.910563080169362,3.1809403217251893,Conspiracy Theory (1997),Drama|Mystery|Romance|Thriller,118883,8834
3452,-3.92939509233829,8.403836057792113,3.1775897435022005,Romeo Must Die (2000),Action|Crime|Romance|Thriller,165929,2085
5459,-10.851121913411701,23.185074256703054,3.177139436036189,Men in Black II (a.k.a. MIIB) (a.k.a. MIB 2) (2002),Action|Comedy|Sci-Fi,120912,608
114180,-2.4757986651420287,5.284881256449713,3.1766932062663003,"Maze Runner, The (2014)",Action|Mystery|Sci-Fi,1790864,198663
52245,-2.7458127707417197,5.859443536151609,3.176548138717407,Blades of Glory (2007),Comedy|Romance,445934,9955
1833,-2.419563674593255,5.161860867998107,3.1764227350362066,Mercury Rising (1998),Action|Drama|Thriller,120749,8838
1687,-3.0621086592819817,6.477758430590764,3.1724502098799525,"Jackal, The (1997)",Action|Thriller,119395,4824
31,-3.3940084711394363,7.13831484272273,3.169697813233722,Dangerous Minds (1995),Drama,112792,9909
122924,-3.432901491264497,7.135823958436437,3.16408145564896,X-Men: Apocalypse (2016),Action|Adventure|Fantasy|Sci-Fi,3385516,246655
2840,-3.6610330796418453,7.541027012773205,3.159679327725348,Stigmata (1999),Drama|Thriller,145531,10307
8361,-8.969304231443083,18.464812374432096,3.1594101457232684,"Day After Tomorrow, The (2004)",Action|Adventure|Drama|Sci-Fi|Thriller,319262,435
30793,-10.239564996423235,20.98444098705924,3.157201448324504,Charlie and the Chocolate Factory (2005),Adventure|Children|Comedy|Fantasy|IMAX,367594,118
4728,-3.7532494568419708,7.681546704048519,3.156555399759167,Rat Race (2001),Comedy,250687,9896
2986,-4.939391419829435,10.085378572608711,3.1554036779026644,RoboCop 2 (1990),Action|Crime|Sci-Fi|Thriller,100502,5549
442,-10.580927257315372,21.529888825884218,3.153708368691997,Demolition Man (1993),Action|Adventure|Sci-Fi,106697,9739
103249,-3.4312190205186486,6.978543408941928,3.1534801001703663,World War Z (2013),Action|Drama|Horror|IMAX,816711,72190
3113,-3.418012436007108,6.938488601787971,3.1525450824484165,End of Days (1999),Action|Fantasy|Horror|Mystery|Thriller,146675,9946
736,-12.013335349945455,24.326843327650874,3.151330886833271,Twister (1996),Action|Adventure|Romance|Thriller,117998,664
1920,-3.566851327333466,7.207250644604863,3.15026372003953,Small Soldiers (1998),Animation|Children|Fantasy|War,122718,11551
4310,-7.47935913551651,15.110084583932121,3.150170107514856,Pearl Harbor (2001),Action|Drama|Romance|War,213149,676
5944,-4.453487426680328,8.986250411529022,3.149572281877227,Star Trek: Nemesis (2002),Action|Drama|Sci-Fi|Thriller,253754,201
3534,-2.967489104103361,5.975226388066012,3.1485292943536636,28 Days (2000),Drama,191754,10468
5171,-3.681076664067825,7.411151668796996,3.148467074378794,"Time Machine, The (2002)",Action|Adventure|Sci-Fi,268695,2135
2616,-4.543041807601651,9.120608019708106,3.1470540040892927,Dick Tracy (1990),Action|Crime,99422,8592
2567,-2.851639865351715,5.715469270187878,3.1462277414550477,EDtv (1999),Comedy,131369,11374
1037,-3.8595042497922307,7.729701878325984,3.1458530619799046,"Lawnmower Man, The (1992)",Action|Horror|Sci-Fi|Thriller,104692,10163
3861,-3.2022652864809196,6.359170244877261,3.1415948406754572,"Replacements, The (2000)",Comedy,191397,10393
1485,-12.346968998971354,24.474855116006346,3.140685638230941,Liar Liar (1997),Comedy,119528,1624
3247,-5.3099004518201784,10.393700688524586,3.134284548720241,Sister Act (1992),Comedy|Crime,105417,2005
79695,-4.794342340065372,9.342938656721104,3.1320099143938673,"Expendables, The (2010)",Action|Adventure|Thriller,1320253,27578
1722,-7.423629177976808,14.346485472437312,3.1277085194131877,Tomorrow Never Dies (1997),Action|Adventure|Thriller,120347,714
5308,-3.633130453031206,7.015390986678011,3.127281397092039,Three Men and a Baby (1987),Comedy,94137,12154
5481,-11.443902694499114,22.069655903969284,3.1266256944003397,Austin Powers in Goldmember (2002),Comedy,295178,818
68554,-2.7390666764114826,5.275788791648103,3.125984677041363,Angels & Demons (2009),Crime|Drama|Mystery|Thriller,808151,13448
2405,-4.259614918517762,8.154856623586122,3.1228204825324153,"Jewel of the Nile, The (1985)",Action|Adventure|Comedy|Romance,89370,10303
852,-4.173510067136219,7.988145972741723,3.1226984361240215,Tin Cup (1996),Comedy|Drama|Romance,117918,10478
413,-3.6507049069480093,6.981540225600087,3.1222531259245083,Airheads (1994),Comedy,109068,13595
2334,-2.2441013964728502,4.289154978587655,3.121957795817866,"Siege, The (1998)",Action|Thriller,133952,9882
2052,-3.3063537398349325,6.309144649751967,3.121104005329498,Hocus Pocus (1993),Children|Comedy|Fantasy|Horror,107120,10439
3744,-4.274389868865819,8.12531404020608,3.119102934712358,Shaft (2000),Action|Crime|Thriller,162650,479
3269,-4.584562072575614,8.70752156291391,3.1186553824192624,Forever Young (1992),Drama|Romance|Sci-Fi,104291,10326
37727,-2.7476695031550467,5.211680857603803,3.117947700117296,Flightplan (2005),Action|Drama|Thriller,408790,9315
7367,-3.414335276632285,6.476043062847971,3.117935835477426,"Ladykillers, The (2004)",Comedy|Crime,335245,5516
1385,-3.925793198601432,7.442793920486406,3.1176990613424933,Under Siege (1992),Action|Drama|Thriller,105690,8845
4890,-5.589950880099663,10.586217962099127,3.1171209295372186,Shallow Hal (2001),Comedy|Fantasy|Romance,256380,9889
111364,-3.379438396353858,6.380406815035141,3.1155026079433186,Godzilla (2014),Action|Adventure|Sci-Fi|IMAX,831387,124905
58025,-3.916341487349965,7.384694570702799,3.114829139206262,Jumper (2008),Action|Adventure|Drama|Sci-Fi|Thriller,489099,8247
1388,-2.4233491273693075,4.558519537108236,3.1135526011344443,Jaws 2 (1978),Horror|Thriller,77766,579
19,-10.789948564313256,20.223370815984456,3.111622735896907,Ace Ventura: When Nature Calls (1995),Comedy,112281,9273
3591,-2.6403124069320687,4.896027441674505,3.1058849281883263,Mr. Mom (1983),Comedy|Drama,85970,13105
208,-11.632770482757305,21.550800818043413,3.105377639534341,Waterworld (1995),Action|Adventure|Sci-Fi,114898,9804
1779,-4.636284654911553,8.583343869923153,3.1050123477864915,Sphere (1998),Sci-Fi|Thriller,120184,10153
60074,-6.663710287605266,12.275850312570883,3.1023304822643727,Hancock (2008),Action|Adventure|Comedy|Crime|Fantasy,448157,8960
4386,-3.0534352167109775,5.613204340696443,3.1011877437692075,Cats & Dogs (2001),Children|Comedy,239395,10992
91535,-2.837068668136184,5.184821134873387,3.097974020569601,"Bourne Legacy, The (2012)",Action|Adventure|Drama|Thriller|IMAX,1194173,49040
2770,-4.980053184641633,9.08028918473866,3.0967148108244187,Bowfinger (1999),Comedy,131325,11353
485,-7.8969568026954535,14.354701132221415,3.0950309755339873,Last Action Hero (1993),Action|Adventure|Comedy|Fantasy,107362,9593
1894,-3.147565194149596,5.677524465556339,3.090770964247457,Six Days Seven Nights (1998),Adventure|Comedy|Romance,120828,6068
172,-7.077445517833068,12.751520821156591,3.0901337714823915,Johnny Mnemonic (1995),Action|Sci-Fi|Thriller,113481,9886
4369,-10.889792194332053,19.461676689988995,3.085610753734786,"Fast and the Furious, The (2001)",Action|Crime|Thriller,232500,9799
3285,-5.380118110617813,9.579231935716814,3.083517352157377,"Beach, The (2000)",Adventure|Drama,163978,1907
3638,-5.138832627782857,9.080121584711009,3.079218200915885,Moonraker (1979),Action|Adventure|Sci-Fi|Thriller,79574,698
8865,-3.3677589770299017,5.949539258380154,3.0791076406668303,Sky Captain and the World of Tomorrow (2004),Action|Adventure|Sci-Fi,346156,5137
72378,-3.7807656327032118,6.673198861142351,3.078601662052133,2012 (2009),Action|Drama|Sci-Fi|Thriller,1190080,14161
79592,-4.469971621777693,7.882717504366032,3.0781016370694685,"Other Guys, The (2010)",Action|Comedy,1386588,27581
5025,-4.037999123252965,7.089162984731959,3.075559693864992,Orange County (2002),Comedy,273923,11857
3258,-3.4674318696839332,6.022386534095357,3.0694042753425097,Death Becomes Her (1992),Comedy|Fantasy,104070,9374
79293,-4.202585817338077,7.284663796301099,3.068252683701174,Salt (2010),Action|Thriller,944835,27576
5283,-4.363394453758255,7.552560903967175,3.06742429071371,National Lampoon's Van Wilder (2002),Comedy,283111,11452
4974,-4.784038132367048,8.263373335930613,3.0662164261688165,Not Another Teen Movie (2001),Comedy,277371,11397
5945,-4.69941531690349,8.116750015354908,3.0661839004761573,About Schmidt (2002),Comedy|Drama,257360,2755
47044,-3.063531618844303,5.290449866678467,3.0660931360108674,Miami Vice (2006),Action|Crime|Drama|Thriller,430357,82
88405,-3.313492938753129,5.717265292636325,3.065602324699305,Friends with Benefits (2011),Comedy|Romance,1632708,50544
3986,-6.20883427490763,10.701164294177271,3.064959592262091,"6th Day, The (2000)",Action|Sci-Fi|Thriller,216216,8452
4025,-13.476436874586174,23.16071709469078,3.0632951832576434,Miss Congeniality (2000),Comedy|Crime,212346,1493
849,-7.321429587020369,12.561267521994566,3.062303788773221,Escape from L.A. (1996),Action|Adventure|Sci-Fi|Thriller,116225,10061
7004,-3.2569744255831434,5.5823967254404065,3.061724819871849,Kindergarten Cop (1990),Action|Comedy|Crime|Thriller,99938,951
2699,-8.654920061371094,14.806974407971303,3.060644883500446,Arachnophobia (1990),Comedy|Horror,99052,6488
111360,-3.0354187487382953,5.103881225450693,3.050433862326286,Lucy (2014),Action|Sci-Fi,2872732,240832
2054,-12.398923439546811,20.785161162860135,3.0486336643942265,"Honey, I Shrunk the Kids (1989)",Adventure|Children|Comedy|Fantasy|Sci-Fi,97523,9354
2605,-6.524717035399439,10.937288453094673,3.048604249075648,Entrapment (1999),Crime|Thriller,137494,1844
5463,-4.588272716433178,7.656307330000511,3.0458812563074313,Reign of Fire (2002),Action|Adventure|Fantasy,253556,6278
4447,-10.671838020951865,17.801258586329737,3.0456622509879048,Legally Blonde (2001),Comedy|Romance,250494,8835
3988,-5.110864248918493,8.474841729216122,3.042098270486315,How the Grinch Stole Christmas (a.k.a. The Grinch) (2000),Children|Comedy|Fantasy,170016,8871
434,-8.399595231728195,13.91031323596665,3.041321931323046,Cliffhanger (1993),Action|Adventure|Thriller,106582,9350
1405,-6.324847898276557,10.463215340955665,3.040677191726673,Beavis and Butt-Head Do America (1996),Adventure|Animation|Comedy|Crime,115641,3179
4638,-9.426046059287993,15.499819637305762,3.0370222492422663,Jurassic Park III (2001),Action|Adventure|Sci-Fi|Thriller,163025,331
1359,-2.773889046260472,4.557317862026781,3.0364944117827637,Jingle All the Way (1996),Children|Comedy,116705,9279
2126,-4.501126300679067,7.34995029247287,3.0327590958633195,Snake Eyes (1998),Action|Crime|Mystery|Thriller,120832,8688
2411,-6.930881550305699,11.209183729237264,3.026839644482659,Rocky IV (1985),Action|Drama,89927,1374
3882,-6.163340366724764,9.948945926309054,3.0256645322861706,Bring It On (2000),Comedy,204946,1588
5881,-4.7658065781352645,7.691947385878497,3.0255774945076324,Solaris (2002),Drama|Romance|Sci-Fi,307479,2103
1544,-13.123482193766169,21.129489058847632,3.0240633765908234,"Lost World: Jurassic Park, The (1997)",Action|Adventure|Sci-Fi|Thriller,119567,330
56775,-4.038444563346415,6.488486726390294,3.0227597795790127,National Treasure: Book of Secrets (2007),Action|Adventure,465234,6637
2672,-2.802034596603019,4.460721237772797,3.017004133870254,"Thirteenth Floor, The (1999)",Drama|Sci-Fi|Thriller,139809,1090
5419,-3.3024605791767985,5.253772099397532,3.0165729374004675,Scooby-Doo (2002),Adventure|Children|Comedy|Fantasy|Mystery,267913,9637
1911,-5.361067790902897,8.52778954223293,3.016502816084405,Dr. Dolittle (1998),Comedy,118998,3050
68319,-6.503711825440462,10.331770751125811,3.015674694789556,X-Men Origins: Wolverine (2009),Action|Sci-Fi|Thriller,458525,2080
3785,-12.786631362234182,20.27884597749642,3.014620935813096,Scary Movie (2000),Comedy|Horror,175142,4247
1367,-5.10803088665551,8.03919587210522,3.009770595466034,101 Dalmatians (1996),Adventure|Children|Comedy,115433,11674
5507,-6.041509467700447,9.495839519559956,3.0089343596726947,xXx (2002),Action|Crime|Thriller,295701,7451
3623,-17.44667700165585,27.184625275074794,3.003376598301544,Mission: Impossible II (2000),Action|Adventure|Thriller,120755,955
2722,-4.995655611357383,7.763711940819807,3.0016991157886173,Deep Blue Sea (1999),Action|Horror|Sci-Fi|Thriller,149261,8914
1603,-3.0939690456987803,4.787879790894514,2.9989528359302273,Mimic (1997),Horror|Sci-Fi|Thriller,119675,4961
60072,-4.902405516774828,7.567762106434172,2.997360157038326,Wanted (2008),Action|Thriller,493464,8909
4367,-10.092656388916076,15.418407670770502,2.990576462249547,Lara Croft: Tomb Raider (2001),Action|Adventure,146316,1995
1513,-5.080059296257024,7.755056398435284,2.990097241759637,Romy and Michele's High School Reunion (1997),Comedy,120032,9611
3257,-7.045946768036149,10.701879496322718,2.9867773015967476,"Bodyguard, The (1992)",Drama|Romance|Thriller,103855,619
4069,-4.220173480908366,6.3988421340895805,2.9856399686596755,"Wedding Planner, The (2001)",Comedy|Romance,209475,2018
37386,-5.844708620515241,8.831687087970714,2.9833729026103737,Aeon Flux (2005),Action|Sci-Fi,402022,8202
1717,-6.930152962926621,10.462202588503953,2.982762312487587,Scream 2 (1997),Comedy|Horror|Mystery|Thriller,120082,4233
2402,-5.634058787913928,8.36694396495533,2.971790207865125,Rambo: First Blood Part II (1985),Action|Adventure|Thriller,89880,1369
6534,-9.180438438452942,13.55121717141696,2.967699063508398,Hulk (2003),Action|Adventure|Sci-Fi,286716,1927
2710,-12.141955221896728,17.92235134977269,2.967685756702089,"Blair Witch Project, The (1999)",Drama|Horror|Thriller,185937,2667
6564,-4.559622655740474,6.723585696327387,2.9670079680442987,Lara Croft Tomb Raider: The Cradle of Life (2003),Action|Adventure|Comedy|Romance|Thriller,325703,1996
2485,-4.530205145031431,6.6795575202047335,2.96694204404632,She's All That (1999),Comedy|Romance,160862,10314
2082,-7.590001712837682,11.180101423813714,2.96627648004831,"Mighty Ducks, The (1992)",Children|Comedy,104868,10414
1769,-4.4026478689944994,6.472562092307499,2.9649596752580707,"Replacement Killers, The (1998)",Action|Crime|Thriller,120008,11702
1438,-4.363900118147041,6.402576090759505,2.963576350963518,Dante's Peak (1997),Action|Thriller,118928,9619
784,-12.501800996840478,18.219823068673982,2.9589965419847912,"Cable Guy, The (1996)",Comedy|Thriller,115798,9894
2794,-4.012178511766748,5.813536782290796,2.9550172400011654,European Vacation (aka National Lampoon's European Vacation) (1985),Adventure|Comedy|Romance,89670,11418
8861,-3.4250250599087817,4.958495459498786,2.9544226585852114,Resident Evil: Apocalypse (2004),Action|Horror|Sci-Fi|Thriller,318627,1577
34150,-11.288133174839087,16.166554859926737,2.946921462826618,Fantastic Four (2005),Action|Adventure|Sci-Fi,120667,9738
46965,-5.061833330801084,7.198428809534125,2.9419755311036986,Snakes on a Plane (2006),Action|Comedy|Horror|Thriller,417148,326
2505,-3.4426546036680143,4.891540719956293,2.94136383733903,8MM (1999),Drama|Mystery|Thriller,134273,8224
2598,-4.77870640124487,6.748503097011109,2.93704785769366,Pushing Tin (1999),Comedy,120797,12596
8985,-4.169390055327872,5.815392852229384,2.9282038217016892,Blade: Trinity (2004),Action|Fantasy|Horror|Thriller,359013,36648
51412,-5.393226211169136,7.480185294568225,2.9241597004176,Next (2007),Action|Sci-Fi|Thriller,435705,1738
5620,-4.6745761179464544,6.470651184824439,2.922733939195642,Sweet Home Alabama (2002),Comedy|Romance,256415,11529
3354,-5.194911029562058,7.152780440097269,2.9188828386366006,Mission to Mars (2000),Sci-Fi,183523,2067
2428,-5.1826426554456395,7.106382610899057,2.915867328834627,"Faculty, The (1998)",Horror|Sci-Fi,133751,9276
1586,-3.532236960223374,4.84146188978255,2.9155807811591568,G.I. Jane (1997),Action|Drama,119173,4421
4643,-13.70448766149831,18.78017045274417,2.915429525307421,Planet of the Apes (2001),Action|Adventure|Drama|Sci-Fi,133152,869
3146,-3.810239374270542,5.216385610645311,2.9147247527977704,Deuce Bigalow: Male Gigolo (1999),Comedy,205000,10402
786,-9.039664869149021,12.363678279217122,2.9140144637994796,Eraser (1996),Action|Drama|Thriller,116213,9268
880,-5.302295752797576,7.211299391681461,2.9098853394117024,"Island of Dr. Moreau, The (1996)",Sci-Fi|Thriller,116654,9306
185,-14.196157164996222,19.160031846174746,2.904235777356644,"Net, The (1995)",Action|Crime|Thriller,113957,1642
1373,-5.73485373534215,7.700030320805419,2.900378120435125,Star Trek V: The Final Frontier (1989),Action|Sci-Fi,98382,172
3439,-4.657203875815358,6.217053738448414,2.89605997599546,Teenage Mutant Ninja Turtles II: The Secret of the Ooze (1991),Action|Children|Fantasy,103060,1497
6157,-9.569522995497582,12.75721313935237,2.89503489979831,Daredevil (2003),Action|Crime,287978,9480
1591,-7.477623345867852,9.958328004462224,2.894269916627535,Spawn (1997),Action|Adventure|Sci-Fi|Thriller,120177,10336
153,-18.038424280956338,23.94219703612711,2.8917457411847103,Batman Forever (1995),Action|Adventure|Comedy|Crime,112462,414
53121,-5.847700649964425,7.6917670611820865,2.884906872424059,Shrek the Third (2007),Adventure|Animation|Children|Comedy|Fantasy,413267,810
196,-7.7056339384405295,10.06140645413793,2.8793008504622057,Species (1995),Horror|Sci-Fi,114508,9348
3821,-4.870045528613265,6.308002143996409,2.873118947057693,Nutty Professor II: The Klumps (2000),Comedy,144528,12107
7454,-7.35667195481665,9.516527149034275,2.8721197104935756,Van Helsing (2004),Action|Adventure|Fantasy|Horror,338526,7131
4015,-10.08096694129358,12.996032410809423,2.8694656128315734,"Dude, Where's My Car? (2000)",Comedy|Sci-Fi,242423,8859
327,-4.671570194336466,6.0036343193220025,2.867037712546036,Tank Girl (1995),Action|Comedy|Sci-Fi,114614,9067
1409,-5.465234802939619,6.979754651126314,2.862148950620158,Michael (1996),Comedy|Drama|Fantasy|Romance,117038,2928
2581,-6.1763367816575805,7.8446391022182675,2.857829213748275,Never Been Kissed (1999),Comedy|Romance,151738,11355
8810,-5.8620842586228425,7.430395786215407,2.856228420748514,AVP: Alien vs. Predator (2004),Action|Horror|Sci-Fi|Thriller,370263,395
160,-9.135009758433785,11.47350784646719,2.8489785461704678,Congo (1995),Action|Adventure|Mystery|Sci-Fi,112715,10329
2995,-3.566908957646564,4.475780960803044,2.8482259192781454,House on Haunted Hill (1999),Horror|Thriller,185371,11377
168,-5.514458870215488,6.821146378014534,2.8367256174635944,First Knight (1995),Action|Drama|Romance,113071,6520
673,-13.853196828367624,17.124800429289937,2.8362061099913576,Space Jam (1996),Adventure|Animation|Children|Comedy|Fantasy|Sci-Fi,117705,2300
2421,-6.459284177381085,7.972082369595883,2.83492337911161,"Karate Kid, Part II, The (1986)",Action|Adventure|Drama,91326,8856
1702,-3.505720999094186,4.296410968291321,2.829196474805039,Flubber (1997),Children|Comedy|Fantasy,119137,9574
5943,-3.7804147485660455,4.630141479614882,2.8286821505963045,Maid in Manhattan (2002),Comedy|Romance,252076,7303
8907,-4.461430527547224,5.347470916433909,2.8108547998412923,Shark Tale (2004),Animation|Children|Comedy,307453,10555
788,-15.26701510789974,18.260714417115746,2.809103405449681,"Nutty Professor, The (1996)",Comedy|Fantasy|Romance|Sci-Fi,117218,9327
2826,-8.157658522896,9.742512979823514,2.807835468692733,"13th Warrior, The (1999)",Action|Adventure|Fantasy,120657,1911
798,-3.51292932050996,4.1876641377841795,2.806285877669897,Daylight (1996),Action|Adventure|Drama|Thriller,116040,11228
3979,-9.334145385458886,11.0905352221805,2.803529722789256,Little Nicky (2000),Comedy,185431,9678
3264,-6.889537859374271,8.158186035135843,2.8006675529637444,Buffy the Vampire Slayer (1992),Action|Comedy|Horror,103893,10206
1974,-5.435015892418144,6.422634001301124,2.7989329290164973,Friday the 13th (1980),Horror|Mystery|Thriller,80761,4488
58293,-4.941315269401467,5.8280512189734965,2.7973110851863288,"10,000 BC (2008)",Adventure|Romance|Thriller,443649,7840
2088,-7.0877052349108585,8.354524991845748,2.796794160717782,Popeye (1980),Adventure|Comedy|Musical,81353,11335
4887,-5.814286231021728,6.8496948873206,2.796322695636283,"One, The (2001)",Action|Sci-Fi|Thriller,267804,10796
36401,-5.506443338809062,6.470551586545186,2.794160813136271,"Brothers Grimm, The (2005)",Comedy|Fantasy|Horror|Thriller,355295,4442
6294,-5.432782426333541,6.369989362290387,2.7922899173147044,Bulletproof Monk (2003),Action|Adventure|Sci-Fi,245803,11817
783,-6.00605834891393,7.007563680752631,2.7880791765590778,"Hunchback of Notre Dame, The (1996)",Animation|Children|Drama|Musical|Romance,116583,10545
585,-5.647598937498643,6.567666025562736,2.7852518406630584,"Brady Bunch Movie, The (1995)",Comedy,112572,9066
3825,-9.533314658492866,11.071295919734835,2.784077469013487,Coyote Ugly (2000),Comedy|Drama|Romance,200550,6282
4388,-8.820543103463775,10.229503139116035,2.7828963179926522,Scary Movie 2 (2001),Comedy,257106,4248
420,-10.086151136315056,11.511960162099554,2.769015949464295,Beverly Hills Cop III (1994),Action|Comedy|Crime|Thriller,109254,306
158,-13.09828474983412,14.79580764766368,2.7598913424781015,Casper (1995),Adventure|Children,112642,8839
3316,-5.03939987300408,5.6878872436488415,2.7591734408546995,Reindeer Games (2000),Action|Thriller,184858,2155
2471,-5.856066858172796,6.53039103532346,2.748420814942723,Crocodile Dundee II (1988),Action|Adventure|Comedy,92493,9396
7,-4.317190459729365,4.785929168087878,2.7431024829216755,Sabrina (1995),Comedy|Romance,114319,11860
45666,-5.512375723963678,6.1026055308859215,2.74187911145934,Nacho Libre (2006),Comedy,457510,9353
95,-10.600359357905965,11.713764143624939,2.7402123496589486,Broken Arrow (1996),Action|Adventure|Thriller,115759,9208
2384,-4.717759680634831,5.160610154896082,2.730975055585848,Babe: Pig in the City (1998),Adventure|Children|Drama,120595,9447
3273,-9.940805107594665,10.821657387836016,2.7265585446686855,Scream 3 (2000),Comedy|Horror|Mystery|Thriller,134084,4234
173,-14.082330218204378,15.29428686442238,2.724403792945881,Judge Dredd (1995),Action|Crime|Sci-Fi,113492,9482
719,-4.802073461355071,5.198862943663799,2.7214838266706076,Multiplicity (1996),Comedy,117108,9304
5,-4.642757798464189,4.999001913867365,2.7164245245197325,Father of the Bride Part II (1995),Comedy,113041,11862
455,-5.8418056906881795,6.282915573430495,2.7153692705793464,Free Willy (1993),Adventure|Children|Drama,106965,1634
186,-7.300831027915194,7.74664549236356,2.7027107686533443,Nine Months (1995),Comedy|Romance,113986,11472
379,-7.493861850213815,7.921045879614805,2.6990916654224137,Timecop (1994),Action|Sci-Fi|Thriller,111438,8831
6541,-13.039339871382678,13.75176391344283,2.6969673709634536,"League of Extraordinary Gentlemen, The (a.k.a. LXG) (2003)",Action|Fantasy|Sci-Fi,311429,8698
44,-10.922886119885126,11.412347889636882,2.688050162235375,Mortal Kombat (1995),Action|Adventure|Fantasy,113855,9312
2808,-7.507673030756913,7.797950994291909,2.6823863160405486,Universal Soldier (1992),Action|Sci-Fi,105698,9349
1091,-5.642537020205591,5.839282432343528,2.678854878657096,Weekend at Bernie's (1989),Comedy,98627,8491
2735,-5.372209193705929,5.524990935309222,2.6728143155925155,"Golden Child, The (1986)",Action|Adventure|Comedy|Fantasy|Mystery,91129,10136
1431,-4.488891567492703,4.616443982054312,2.6727915155407844,Beverly Hills Ninja (1997),Action|Comedy,118708,9622
2701,-14.580275952238779,14.963911745176665,2.6707987555678616,Wild Wild West (1999),Action|Comedy|Sci-Fi|Western,120891,8487
5313,-8.369595089193789,8.588746248113916,2.6706774864090645,The Scorpion King (2002),Action|Adventure|Fantasy|Thriller,277296,9334
108190,-4.754814684500824,4.839628159063407,2.662686284857285,Divergent (2014),Adventure|Romance|Sci-Fi|IMAX,1840309,157350
1831,-10.88813258392486,10.980150822421123,2.653541797257682,Lost in Space (1998),Action|Adventure|Sci-Fi,120738,2157
4040,-4.3579327431816,4.392236970466009,2.6529717112321674,Don't Tell Mom the Babysitter's Dead (1991),Comedy,101757,15413
6383,-7.1431393335009155,7.166511898450338,2.648422787968734,"2 Fast 2 Furious (Fast and the Furious 2, The) (2003)",Action|Crime|Thriller,322259,584
8947,-4.130153223748468,4.1284198001216215,2.644741656832992,"Grudge, The (2004)",Horror|Mystery|Thriller,391198,1970
53464,-7.382268941741916,7.3686544304977355,2.6433138011337336,Fantastic Four: Rise of the Silver Surfer (2007),Action|Adventure|Sci-Fi,486576,1979
3826,-13.42914946216646,13.313427081198391,2.636469210396788,Hollow Man (2000),Horror|Sci-Fi|Thriller,164052,9383
4247,-9.963994836508661,9.843810525040297,2.6329522683230584,Joe Dirt (2001),Adventure|Comedy|Mystery|Romance,245686,10956
3981,-6.586185099154601,6.471302303164186,2.6274087927794283,Red Planet (2000),Action|Sci-Fi|Thriller,199753,8870
4153,-6.269715253780357,6.151072946731022,2.6258733890427743,Down to Earth (2001),Comedy|Fantasy|Romance,231775,16300
1100,-6.841100105224772,6.556945704370734,2.601825052639784,Days of Thunder (1990),Action|Drama|Romance,99371,2119
762,-9.72527132412721,9.307397038289805,2.6002643938840366,Striptease (1996),Comedy|Crime,117765,9879
2720,-5.346622529521007,5.103377060234738,2.5974978669165,Inspector Gadget (1999),Action|Adventure|Children|Comedy,141369,332
277,-4.822639854908994,4.576289258774708,2.5913295658899074,Miracle on 34th Street (1994),Drama,110527,10510
3243,-7.531477713840335,7.104146217722754,2.585009032349728,Encino Man (1992),Comedy,104187,10406
2719,-4.486357646669666,4.1988165187165425,2.576680074677606,"Haunting, The (1999)",Horror|Thriller,171363,11618
2468,-5.895315534120967,5.504660368803325,2.574193407078826,Jumpin' Jack Flash (1986),Action|Comedy|Romance|Thriller,91306,10945
2953,-12.88241026525485,12.008177193497401,2.572358234132853,Home Alone 2: Lost in New York (1992),Children|Comedy,104431,772
69526,-9.796065415486593,9.015090476315825,2.5585316713971906,Transformers: Revenge of the Fallen (2009),Action|Adventure|Sci-Fi|IMAX,1055369,8373
737,-5.907898401985722,5.396135428089691,2.5503226996538855,Barb Wire (1996),Action|Sci-Fi,115624,11867
1644,-11.680500784158223,10.560813027405143,2.539138520311906,I Know What You Did Last Summer (1997),Horror|Mystery|Thriller,119345,3597
546,-8.107146041320329,7.327026528326241,2.5386899402453285,Super Mario Bros. (1993),Action|Adventure|Children|Comedy|Fantasy|Sci-Fi,108255,9607
2642,-9.680512481453253,8.724152074438944,2.5355392560856567,Superman III (1983),Action|Adventure|Sci-Fi,86393,9531
76175,-6.304396933304249,5.6319366505475825,2.525760237881724,Clash of the Titans (2010),Action|Adventure|Drama|Fantasy,800320,18823
743,-5.623968304317199,5.006719917250764,2.5218775289010686,Spy Hard (1996),Comedy,117723,10535
2450,-7.907645575921044,6.994330014310155,2.514582031242294,Howard the Duck (1986),Adventure|Comedy|Sci-Fi,91225,10658
256,-6.224949769755633,5.485974262650134,2.510458804123523,Junior (1994),Comedy|Sci-Fi,110216,6280
193,-7.757426198689579,6.805255879191773,2.5052445558919927,Showgirls (1995),Drama,114436,10802
3999,-7.493217522323519,6.5273338913864265,2.4971862519632513,Vertical Limit (2000),Action|Adventure,190865,11678
3646,-7.728527573886709,6.721853083635631,2.4954000075387386,Big Momma's House (2000),Comedy,208003,9600
2724,-9.27842776711293,8.02591732073857,2.4891032049645547,Runaway Bride (1999),Comedy|Romance,163187,4806
3440,-7.5132522387369605,6.481199423172182,2.485923533706554,Teenage Mutant Ninja Turtles III (1993),Action|Adventure|Children|Comedy|Fantasy,108308,1499
65,-8.834698622464474,7.618159395389312,2.4854720525098086,Bio-Dome (1996),Comedy,115683,9536
2412,-8.597685332505405,7.3745889502489845,2.479308627258226,Rocky V (1990),Action|Drama,100507,1375
2253,-9.60776176409894,8.099732636093782,2.4589788557194066,Toys (1992),Comedy|Fantasy,105629,11597
519,-7.200162549646905,6.037732485327262,2.452633901171578,RoboCop 3 (1993),Action|Crime|Drama|Sci-Fi|Thriller,107978,5550
6503,-12.974029522591012,10.811122497007823,2.445098269473562,Charlie's Angels: Full Throttle (2003),Action|Adventure|Comedy|Crime|Thriller,305357,9471
1021,-10.183466047561879,8.337199922422702,2.4237122521719354,Angels in the Outfield (1994),Children|Comedy,109127,24795
46335,-6.825651318178239,5.535820896841528,2.412164375795286,"Fast and the Furious: Tokyo Drift, The (Fast and the Furious 3, The) (2006)",Action|Crime|Drama|Thriller,463985,9615
435,-13.682420274628146,10.97108441472753,2.3980266853671823,Coneheads (1993),Comedy|Sci-Fi,106598,9612
31221,-7.029493454027303,5.603044728999777,2.3905769456607766,Elektra (2005),Action|Adventure|Crime|Drama,357277,9947
1882,-13.88837754101234,10.936361210188055,2.375234666268902,Godzilla (1998),Action|Sci-Fi|Thriller,120685,929
6888,-10.806679438695879,8.500106650263994,2.3738033401252974,Scary Movie 3 (2003),Comedy|Horror,306047,4256
3248,-7.8987783971933405,6.202215302096239,2.371620024997201,Sister Act 2: Back in the Habit (1993),Comedy,108147,6279
432,-10.366489813707618,8.07494001903637,2.361376085047519,City Slickers II: The Legend of Curly's Gold (1994),Adventure|Comedy|Western,109439,11310
4621,-6.1962836493775395,4.759199397269677,2.343202319876136,Look Who's Talking (1989),Comedy|Romance,97778,9494
63992,-8.012749549028753,6.14308918633157,2.3408096845367514,Twilight (2008),Drama|Fantasy|Romance|Thriller,1099212,8966
44972,-5.6437881614820755,4.271111412926418,2.3237752869007817,Scary Movie 4 (2006),Comedy|Horror,362120,4257
4639,-7.688928958816143,5.663613742497052,2.2875603043088066,America's Sweethearts (2001),Comedy|Romance,265029,11467
2422,-9.146927336231077,6.694409999555337,2.278808472003143,"Karate Kid, Part III, The (1989)",Action|Adventure|Children|Drama,97647,10495
1562,-22.543246497467226,16.45763315070327,2.27538685670486,Batman & Robin (1997),Action|Adventure|Fantasy|Thriller,118688,415
43928,-8.469681197241187,6.146983836741187,2.2673018320371146,Ultraviolet (2006),Action|Fantasy|Sci-Fi|Thriller,370032,9920
2053,-9.155948855061038,6.484423798701823,2.233170382988124,"Honey, I Blew Up the Kid (1992)",Children|Comedy|Sci-Fi,104437,11158
37380,-7.600529221515713,5.3493207383285775,2.224321491688495,Doom (2005),Action|Horror|Sci-Fi,419706,8814
3593,-12.61078214569585,8.862111193799482,2.2221616859484463,Battlefield Earth (2000),Action|Sci-Fi,185183,5491
2643,-8.326125071361485,5.846405313363833,2.221017187931089,Superman IV: The Quest for Peace (1987),Action|Adventure|Sci-Fi,94074,11411
1499,-13.866544298519194,9.307096586062922,2.1552720772467557,Anaconda (1997),Action|Adventure|Thriller,118615,9360
2798,-6.379823618265123,4.276299982033158,2.1532589090192307,Problem Child (1990),Children|Comedy,100419,11077
355,-15.476421838524304,9.700183893161187,2.0496842959164763,"Flintstones, The (1994)",Children|Comedy|Fantasy,109813,888
374,-11.184236929400086,6.858359733380289,2.014416369752079,Richie Rich (1994),Children|Comedy,110989,11011
3997,-7.221748306068202,4.325662250099952,1.9756489199591847,Dungeons & Dragons (2000),Action|Adventure|Comedy|Fantasy,190374,11849
2338,-10.657993759031376,6.342918920814275,1.9648635895653634,I Still Know What You Did Last Summer (1998),Horror|Mystery|Thriller,130018,3600
1556,-11.098882274577981,6.176696681107916,1.8482654654669965,Speed 2: Cruise Control (1997),Action|Romance|Thriller,120179,1639
