movieId,num,den,pred,title,genres,imdbId,tmdbId
1580,1.0049921733508278,32.17437259307807,3.7982260883376955,Men in Black (a.k.a. MIB) (1997),Action|Comedy|Sci-Fi,119654,607.0
2366,0.7138374432970499,2.3260619553406934,4.073876976570781,King Kong (1933),Action|Adventure|Fantasy|Horror,24216,244.0
3175,1.4893904914823126,12.943932280532636,3.882055053592693,Galaxy Quest (1999),Adventure|Comedy|Sci-Fi,177789,926.0
1088,-0.7977084207898691,5.470296955872246,3.6211648585251535,Dirty Dancing (1987),Drama|Musical|Romance,92890,88.0
32460,0.6516037603797917,1.8633856304343244,4.11667838037116,Knockin' on Heaven's Door (1997),Action|Comedy|Crime|Drama,119472,158.0
44022,-1.1299136005423887,5.444370561835919,3.559452323794807,Ice Age 2: The Meltdown (2006),Adventure|Animation|Children|Comedy,438097,950.0
96488,0.41259767482024434,1.2139068601453178,4.106882657280112,Searching for Sugar Man (2012),Documentary,2125608,84334.0
1238,-0.9222161849894169,2.000973968546358,3.3061066418564535,Local Hero (1983),Comedy,85859,11235.0
1342,0.2710389383376104,0.556657106491933,4.253894949761341,Candyman (1992),Horror|Thriller,103919,9529.0
1591,-3.447625950580798,4.357952092265494,2.9758788064205164,Spawn (1997),Action|Adventure|Sci-Fi|Thriller,120177,10336.0
1645,0.28140510282345954,7.992077970383273,3.8022007964481817,The Devil's Advocate (1997),Drama|Mystery|Thriller,118971,1813.0
4519,0.13664381362716183,0.6668095699276422,3.9719120857138708,"Land Before Time, The (1988)",Adventure|Animation|Children|Fantasy,95489,12144.0
2142,-0.8070351381099051,1.29204499158896,3.1423718427068645,"American Tail: Fievel Goes West, An (1991)",Adventure|Animation|Children|Musical|Western,101329,10380.0
471,-0.41177818447962233,5.490397306034161,3.691990585133936,"Hudsucker Proxy, The (1994)",Comedy,110074,11934.0
3997,-4.189117238794355,3.3752885479042596,2.5258764785199905,Dungeons & Dragons (2000),Action|Adventure|Comedy|Fantasy,190374,11849.0
833,1.3495716454136806,0.9966067535362566,5.121156957928802,High School High (1996),Comedy,116531,9308.0
3918,-1.1156479728629503,0.7410351627233036,2.261463928973274,Hellbound: Hellraiser II (1988),Horror,95294,9064.0
7982,0.21942802576615347,0.3001171675161411,4.498131490488442,"Tale of Two Sisters, A (Janghwa, Hongryeon) (2003)",Drama|Horror|Mystery|Thriller,365376,4552.0
1959,-0.2280886324338745,1.9655199103850944,3.6509453551468942,Out of Africa (1985),Drama|Romance,89755,606.0
68135,0.5877870502518967,1.8943906620135966,4.077267924085306,17 Again (2009),Comedy|Drama,974661,16996.0
5300,-0.22408032214914422,0.8262961879249688,3.4958038505841698,3:10 to Yuma (1957),Action|Adventure|Drama|Thriller|Western,50086,14168.0
2659,0.4999566911592403,0.22693069669639276,5.970115291262136,It Came from Hollywood (1982),Comedy|Documentary,84156,30168.0
5803,-1.0575745516703232,0.932409803695633,2.632752376261032,I Spy (2002),Action|Adventure|Comedy|Crime,297181,8427.0
76143,-0.34399038098414453,0.3349380025371933,2.739963264235109,"Bone Man, The (Der Knochenmann) (2009)",Crime|Thriller,1181927,21467.0
140541,-0.17652137971554788,0.3349380025371933,3.239963264235109,The Electric Hotel (1908),Animation|Comedy|Sci-Fi,516,143634.0
2122,-1.5660240602334574,2.2101378505169493,3.0584263164552405,Children of the Corn (1984),Horror|Thriller,87050,10823.0
6620,3.4407425421646374,3.375378356251473,4.786355286535067,American Splendor (2003),Comedy|Drama,305206,2771.0
54190,0.548120212297195,1.7775475142784731,4.07534785014274,Across the Universe (2007),Drama|Fantasy|Musical|Romance,445922,4688.0
8638,0.9234867941498871,2.505099882010038,4.135632995204504,Before Sunset (2004),Drama|Romance,381681,80.0
4900,-0.003297786401344087,0.12271925655707683,3.7401176838664885,Out Cold (2001),Comedy,253798,14369.0
1829,-0.1412017109451529,0.21835316125539117,3.1203236245954695,Chinese Box (1997),Drama|Romance,118851,30265.0
160563,-0.23363194653451755,0.6494787702890066,3.407268069039914,The Legend of Tarzan (2016),Action|Adventure,918940,258489.0
6658,-0.054539256178483465,0.2837467184187765,3.574779235985754,10 (1979),Comedy|Romance,78721,9051.0
148,0.8017455204347376,0.6369006470743243,5.025813820673901,"Awfully Big Adventure, An (1995)",Drama,112427,22279.0
496,0.8017455204347376,0.6369006470743243,5.025813820673901,What Happened Was... (1994),Comedy|Drama|Romance|Thriller,111689,83718.0
175197,-0.010967232433259234,0.12088327304214612,3.676264484810523,The Dark Tower (2017),Fantasy|Horror|Sci-Fi|Western,1648190,353491.0
36525,-0.28363091665248324,0.6147430966077871,3.30560907654401,Just Like Heaven (2005),Comedy|Fantasy|Romance,425123,9007.0
3794,-0.4405761913878486,0.21112033903603206,1.6801416560264038,Chuck & Buck (2000),Comedy|Drama,200530,44490.0
2866,-0.06401098013382155,0.43851677948819323,3.6210187272810934,"Buddy Holly Story, The (1978)",Drama,77280,24153.0
1025,-0.7641104545881308,4.082078441182899,3.5798036740528136,"Sword in the Stone, The (1963)",Animation|Children|Fantasy|Musical,57546,9078.0
1127,0.10116103303992822,9.416256073368677,3.77773352426809,"Abyss, The (1989)",Action|Adventure|Sci-Fi|Thriller,96754,2756.0
2387,2.6111634094152407,3.6481244136102826,4.482745324087665,Very Bad Things (1998),Comedy|Crime,124198,10029.0
2580,1.9624800247756389,8.60727175063413,3.994992854865528,Go (1999),Comedy|Crime,139239,9430.0
1084,3.7206437594913973,6.068227519715631,4.380125469104933,Bonnie and Clyde (1967),Crime|Drama,61418,475.0
243,-0.07978007972918677,0.16161900022557843,3.2733597180137286,Gordy (1995),Children|Comedy|Fantasy,113199,47867.0
540,-1.7810745872825786,2.146561471981716,2.937256500485447,Sliver (1993),Thriller,108162,867.0
1721,-5.5555883808117015,23.263567818410003,3.5281796142336885,Titanic (1997),Drama|Romance,120338,597.0
858,15.448467145985669,39.62672137888988,4.156840034274573,"Godfather, The (1972)",Crime|Drama,68646,238.0
48780,4.51508913734978,17.811006283950626,4.020490237608137,"Prestige, The (2006)",Drama|Mystery|Sci-Fi|Thriller,482571,1124.0
166635,0.26281197043573584,1.4011516437053584,3.954558832908868,Passengers (2016),Adventure|Drama|Romance|Sci-Fi,1355644,274870.0
3698,0.791655477263511,4.029173620688649,3.9634711460951437,"Running Man, The (1987)",Action|Sci-Fi,93894,865.0
4161,-0.23637706162419458,2.5098233475029526,3.672809534732252,"Mexican, The (2001)",Action|Comedy,236493,6073.0
6773,1.3972781553057614,3.1126599324228903,4.215891933472091,"Triplets of Belleville, The (Les triplettes de Belleville) (2003)",Animation|Comedy|Fantasy,286244,9662.0
43921,0.09657200308632838,0.3260938818136095,4.063138144601892,Running Scared (2006),Action|Crime|Thriller,404390,7304.0
56941,1.022411225433331,0.9050845691456195,4.8966208918572445,P.S. I Love You (2007),Comedy|Drama|Romance,431308,6023.0
737,-4.388709707532672,4.307310269464177,2.7480923171260354,Barb Wire (1996),Action|Sci-Fi,115624,11867.0
4929,0.112115146886001,0.12799411618745177,4.642930140886197,"Toy, The (1982)",Comedy,84809,23805.0
8928,1.0956342408532753,0.8985360176309931,4.986345129971813,"Fearless Vampire Killers, The (1967)",Comedy|Horror,61655,3053.0
69481,0.758628108507218,5.944094924373641,3.894617477260879,"Hurt Locker, The (2008)",Action|Drama|Thriller|War,887912,12162.0
897,0.15503679996388905,0.2553547293522878,4.374133148404994,For Whom the Bell Tolls (1943),Adventure|Drama|Romance|War,35896,27854.0
4158,-1.1478375514419086,1.0479580046074186,2.67168156095485,Monkeybone (2001),Animation|Comedy|Fantasy,166276,23685.0
1395,-0.5660215606038019,0.8388850262295526,3.09225949633087,Tin Men (1987),Comedy|Drama,94155,10896.0
3179,-0.5573770481590391,0.9999999981676875,3.209613242081808,Angela's Ashes (1999),Drama,145653,10397.0
91690,0.050675541596257256,0.9546878483053953,3.820071035597793,Friends with Kids (2011),Comedy,1720616,80038.0
1483,1.3843495924013651,1.664973984122492,4.598444479497379,Crash (1996),Drama|Thriller,115964,884.0
2563,0.5017526489218622,0.6617578146929716,4.525202189605421,Dangerous Beauty (1998),Drama,118892,8583.0
4219,-0.6160264259125038,0.6391853141047033,2.803222175320107,Girls Just Want to Have Fun (1985),Comedy,89208,16263.0
1460,-0.11395317011518367,0.4259860255562424,3.4994858115872773,That Darn Cat (1997),Children|Comedy|Mystery,120317,20735.0
92008,-0.21256674315003746,0.3052090780163887,3.0705275761569735,Haywire (2011),Action|Thriller,1506999,70435.0
101362,-0.3146795314761503,0.6438135657000046,3.2782159810563454,Olympus Has Fallen (2013),Action|Thriller,2302755,117263.0
185435,-0.21256674315003746,0.3052090780163887,3.0705275761569735,"Game Over, Man! (2018)",Action|Comedy,3317234,456750.0
1270,14.2528640922098,33.421872314846105,4.193443482093059,Back to the Future (1985),Adventure|Comedy|Sci-Fi,88763,105.0
80906,-1.1359927969284866,2.400867116998053,3.293830911100819,Inside Job (2010),Documentary,1645089,44639.0
516,-1.1859650929329344,2.285973014665408,3.2481892882211962,Renaissance Man (1994),Comedy|Drama,110971,11858.0
6266,0.36407307786666454,1.5735654741013527,3.9983585335493426,What a Girl Wants (2003),Comedy|Drama|Romance,286788,10735.0
61250,0.0876967976709537,1.9588778244681022,3.811759187298195,"House Bunny, The (2008)",Comedy,852713,12620.0
2572,-1.510706520594123,8.35052887479149,3.58607881328921,10 Things I Hate About You (1999),Comedy|Romance,147800,4951.0
3000,2.3285968214393926,7.59684070426988,4.073512029980519,Princess Mononoke (Mononoke-hime) (1997),Action|Adventure|Animation|Drama|Fantasy,119698,128.0
82459,1.601868983694329,3.6734896867404676,4.2030522161060535,True Grit (2010),Western,1403865,44264.0
74948,0.12299376161365849,0.45905478312309717,4.034918578114725,Harry Brown (2009),Crime|Drama|Thriller,1289406,25941.0
1322,-0.20967343149143255,0.34520005231493467,3.159593420707371,Amityville 1992: It's About Time (1992),Horror,103678,41671.0
1339,-0.3995891594628039,3.858934371337021,3.6634411968720295,Dracula (Bram Stoker's Dracula) (1992),Fantasy|Horror|Romance|Thriller,103874,6114.0
2393,-2.645806430885223,4.000310714667778,3.105590060229094,Star Trek: Insurrection (1998),Action|Drama|Romance|Sci-Fi,120844,200.0
3213,2.7852672942839805,3.160701129200624,4.648208470529976,Batman: Mask of the Phantasm (1993),Animation|Children,106364,14919.0
3704,0.8768823707365173,2.7188707253539324,4.089507416684628,Mad Max Beyond Thunderdome (1985),Action|Adventure|Sci-Fi,89530,9355.0
4489,1.5926731584063563,3.486908417714,4.223748246336421,Coming to America (1988),Comedy|Romance,94898,9602.0
1303,-1.8425405075537724,2.095857297288788,2.8878557672001723,"Man Who Would Be King, The (1975)",Adventure|Drama,73341,983.0
55363,0.4495865648056843,2.5787132295931565,3.941335604128358,"Assassination of Jesse James by the Coward Robert Ford, The (2007)",Crime|Drama|Western,443680,4512.0
7387,-2.798176943799233,4.642443693254653,3.164252352218328,Dawn of the Dead (1978),Action|Drama|Horror,77402,923.0
27266,0.24163377738879224,0.3898196097145236,4.38685078921335,2046 (2004),Drama|Fantasy|Romance|Sci-Fi,212712,844.0
67618,-0.20125751701205508,0.11394494335438751,2.000720449992295,Strictly Sexual (2008),Comedy|Drama|Romance,494277,13808.0
99130,-0.009052378446951226,0.3349380025371933,3.739963264235109,Ice Cream Man (1995),Comedy|Horror,113376,44470.0
150554,-0.5114593822527412,0.3349380025371933,2.239963264235109,The Love Bug (1997),Adventure|Children|Comedy|Fantasy,119571,32643.0
6482,-2.2800742739370192,1.6179393042339782,2.3577444264943397,Dumb and Dumberer: When Harry Met Lloyd (2003),Comedy,329028,10152.0
135137,0.0018799232313264256,0.002847433546159135,4.42720700952839,Pixels (2015),Action|Comedy|Sci-Fi,2120120,257344.0
168144,0.0018799232313264256,0.002847433546159135,4.42720700952839,Joe Rogan: Live (2006),Comedy,822818,24439.0
2996,0.0002390798628561496,0.29072111323306965,3.7678126596831887,Music of the Heart (1999),Drama,166943,26149.0
3761,0.29061254190162233,0.5946145621735813,4.255731335274419,"Blood In, Blood Out (1993)",Action|Crime|Drama|Thriller,106469,9702.0
7879,0.014547704712534554,0.06714325251939021,3.983656957928803,Notorious C.H.O. (2002),Comedy,300274,57946.0
6559,0.034736891261978306,0.13152139420147063,4.031106190222017,Little Giants (1994),Children|Comedy,110364,20726.0
1699,0.028174688758206973,0.024664399667020533,4.909312388640413,"Butcher Boy, The (1997)",Comedy|Drama,118804,22797.0
1265,4.830778443809178,26.118268366279917,3.951948129050723,Groundhog Day (1993),Comedy|Fantasy|Romance,107048,137.0
4239,0.9482911812283685,5.965892276791535,3.925942403910466,Blow (2001),Crime|Drama,221027,4133.0
251,-0.3787956443883436,0.4954713296993942,3.002474522775266,"Hunted, The (1995)",Action,113360,32631.0
33615,0.17790071625040693,7.6082581940459635,3.7903728726247965,Madagascar (2005),Adventure|Animation|Children|Comedy,351283,953.0
150548,0.04011160517101778,1.654522590872608,3.791233904128046,Sherlock: The Abominable Bride (2016),Action|Crime|Drama|Mystery|Thriller,3845232,370646.0
3986,-2.5952167088302676,2.847468166141598,2.8555782727928087,"6th Day, The (2000)",Action|Sci-Fi|Thriller,216216,8452.0
1884,2.7155057380983543,6.788066828183534,4.167031393807529,Fear and Loathing in Las Vegas (1998),Adventure|Comedy|Drama,120669,1878.0
808,0.13022331661699074,0.28819914333268454,4.218842143113988,Alaska (1996),Adventure|Children,115493,36344.0
2231,2.1523498291515453,6.000823227827187,4.125666050809694,Rounders (1998),Drama,128442,10220.0
71106,-0.018674118439120077,0.5239534118090772,3.731349491873803,Frequently Asked Questions About Time Travel (2009),Comedy|Sci-Fi,910554,22494.0
580,-0.3732747962562109,0.5829692747573816,3.126691029501627,Princess Caraboo (1994),Drama,110892,37345.0
2443,0.18078138041475855,0.7002282372670775,4.0251652273662994,Playing by Heart (1998),Drama|Romance,145734,825.0
1975,-1.7502540470264953,1.4824683204590585,2.586355249776383,Friday the 13th Part 2 (1981),Horror,82418,9725.0
3098,1.02660542175911,3.899592176516704,4.030249979785801,"Natural, The (1984)",Drama,87781,11393.0
5308,-0.9443857747757313,1.007429950733267,2.8295695067318056,Three Men and a Baby (1987),Comedy,94137,12154.0
51086,-1.8767572611687386,2.0832958794039778,2.8661306103484145,"Number 23, The (2007)",Drama|Mystery|Thriller,481369,3594.0
33437,0.061369260958698255,0.24546633755585814,4.017001195281646,Unleashed (Danny the Dog) (2005),Action|Crime|Drama|Thriller,342258,10027.0
76293,-1.2871036576577162,1.9638280154328769,3.1115848038452523,Date Night (2010),Action|Comedy|Romance,1279935,35056.0
3089,1.434051368347847,3.2840101831761097,4.203667185778009,Bicycle Thieves (a.k.a. The Bicycle Thief) (a.k.a. The Bicycle Thieves) (Ladri di biciclette) (1948),Drama,40522,5156.0
142444,-0.5114593822527412,0.3349380025371933,2.239963264235109,The Editor (2015),Comedy|Horror|Mystery,3067274,285840.0
157775,-0.5114593822527412,0.3349380025371933,2.239963264235109,Tenchi Muyô! In Love (1996),Animation|Comedy,117876,34935.0
85,2.1402421593473004,1.324905822982058,5.382382209859118,Angels and Insects (1995),Drama|Romance,112365,8447.0
91653,-0.12056071425485042,0.29610025585718946,3.359828487548608,We Bought a Zoo (2011),Comedy|Drama,1389137,74465.0
75341,-0.08782212530452445,0.7548520770222206,3.6506468009574267,Remember Me (2010),Drama|Romance,1403981,23169.0
101088,-0.08782212530452445,0.7548520770222206,3.6506468009574267,Stoker (2013),Drama|Mystery|Thriller,1682180,86825.0
4042,0.08158865634556943,0.7292378927212628,3.8788723768749787,"Alamo, The (1960)",Action|Drama|War|Western,53580,11209.0
2748,-1.2308106141313142,1.5339258711364028,2.9645977915388784,Allan Quatermain and the Lost City of Gold (1987),Action|Adventure|Comedy,92534,9710.0
2025,0.6898566824506667,1.2040970561049371,4.339914773514624,Lolita (1997),Drama|Romance,119558,9769.0
5155,0.5879198229884129,0.5946145621735813,4.755731335274418,"Big Bird Cage, The (1972)",Action,68273,22910.0
123553,0.8388184064731524,0.27236927080775303,6.846700436189672,In the Name of the King III (2014),Action|Adventure|Drama|Fantasy,2379386,252360.0
2525,0.08735226813444577,0.36675986552339207,4.005163211327389,Alligator (1980),Action|Horror|Sci-Fi,80354,33518.0
26375,-0.066970751875756,0.5277933064494101,3.6401020737394774,Silver Streak (1976),Action|Comedy|Crime,75223,11558.0
83613,-0.3373250009527028,0.7335160078983871,3.3071162090056627,Cowboys & Aliens (2011),Action|Sci-Fi|Thriller|Western|IMAX,409847,49849.0
26736,0.16625828546344895,0.13152139420147063,5.031106190222017,Riki-Oh: The Story of Ricky (Lik Wong) (1991),Action|Crime|Thriller,102293,17467.0
2259,-0.5025277596220148,0.43851677948819323,2.6210187272810934,Blame It on Rio (1984),Comedy|Romance,86973,14347.0
2096,-0.5603385781487101,3.9380574793636742,3.6247022263760815,Sleeping Beauty (1959),Animation|Children|Musical,53285,10882.0
65,-3.316090690077043,5.43076800697194,3.1563785535079374,Bio-Dome (1996),Comedy,115683,9536.0
458,-0.22490155648286544,0.4523401134586481,3.2697945975987097,Geronimo: An American Legend (1993),Drama|Western,107004,35588.0
6934,-5.426163841989845,15.205699532582088,3.410139635995477,"Matrix Revolutions, The (2003)",Action|Adventure|Sci-Fi|Thriller|IMAX,242653,605.0
8665,4.120244890416016,17.254777483943005,4.005778933668579,"Bourne Supremacy, The (2004)",Action|Crime|Thriller,372183,2502.0
32296,-1.5892685643056086,2.3067893657841263,3.0780376769147995,Miss Congeniality 2: Armed and Fabulous (2005),Adventure|Comedy|Crime,385307,10040.0
1223,1.2837385894562783,7.076476377694449,3.948399586077662,"Grand Day Out with Wallace and Gromit, A (1989)",Adventure|Animation|Children|Comedy|Sci-Fi,104361,530.0
4383,-0.4783155397450912,1.0536693452966786,3.3130380700267223,"Crimson Rivers, The (Rivières pourpres, Les) (2000)",Crime|Drama|Mystery|Thriller,228786,60670.0
104241,-0.09320537472280538,0.767111294685645,3.6454885282604583,Kick-Ass 2 (2013),Action|Comedy|Crime,1650554,59859.0
879,-1.1959208259569227,1.0864077714025315,2.66618739069653,"Relic, The (1997)",Horror|Thriller,120004,11015.0
2249,-0.26546171272857877,1.3149075285154521,3.565104069629282,My Blue Heaven (1990),Comedy,100212,16384.0
2622,-0.054330410284951725,1.3593861250727977,3.7270234199789365,William Shakespeare's A Midsummer Night's Dream (1999),Comedy|Fantasy,140379,10210.0
103883,0.13678897009818083,0.5716746580518313,4.00626794363234,2 Guns (2013),Action|Comedy|Crime,1272878,136400.0
108932,-2.5606967715044915,7.341503101977015,3.4181929488194265,The Lego Movie (2014),Action|Adventure|Animation|Children|Comedy|Fantasy,1490017,137106.0
5682,-0.10121182908245467,0.19457248761213886,3.246814852665645,"Grey Zone, The (2001)",Drama,252480,15192.0
76751,0.026632369696719945,0.11394494335438751,4.000720449992295,American Drug War: The Last White Hope (2007),Crime|Documentary,1033467,25572.0
6301,0.06552359105744163,1.5811482649471893,3.808430801624161,Straw Dogs (1971),Drama|Thriller,67800,994.0
3425,0.04609529776645478,0.22693069669639276,3.970115291262136,Mo' Better Blues (1990),Drama|Musical,100168,41823.0
8501,0.2017629295515669,0.3338523294738158,4.371338117349092,"Hitcher, The (1986)",Action|Thriller,91209,9542.0
27803,-0.12393396768923515,0.9830010614739118,3.6409131459298525,"Sea Inside, The (Mar adentro) (2004)",Drama,369702,1913.0
173963,0.6670299517176961,0.7548520770222206,4.650646800957427,Empties (2007),Comedy,809951,6079.0
101142,-0.2283721199185627,1.508405590043348,3.6155906137311082,"Croods, The (2013)",Adventure|Animation|Comedy,481499,49519.0
159441,0.003303640004405993,0.002847433546159135,4.92720700952839,The Do-Over (2016),Comedy,4769836,389053.0
168326,0.0018799232313264256,0.002847433546159135,4.42720700952839,The Big Sick (2017),Comedy|Romance,5462602,416477.0
2924,-0.019109886282790325,3.169482404928629,3.760960951502094,Drunken Master (Jui kuen) (1978),Action|Comedy,80179,11230.0
7324,-0.053870431034619276,1.34398098932905,3.726907558349736,Hidalgo (2004),Adventure|Drama,317648,2023.0
7333,0.037234042282850655,0.9999999927394079,3.804224333815328,"Corbeau, Le (Raven, The) (1943)",Crime|Drama|Thriller,35753,29084.0
46974,-0.6280582365733395,0.935156920050656,3.0953829672856226,World Trade Center (2006),Drama,469641,1852.0
4307,0.5879198229884129,0.5946145621735813,4.755731335274418,"Fast Food, Fast Women (2000)",Comedy|Romance,206742,49453.0
3834,-0.05644946236421094,0.06893676767508185,2.9481317304680914,Bronco Billy (1980),Adventure|Drama|Romance,80472,21866.0
81132,-0.45783132461634035,0.999999998504112,3.3091589659609313,Rubber (2010),Action|Adventure|Comedy|Crime|Drama|Film-Noir|Horror|Mystery|Thriller|Western,1612774,45649.0
36533,-0.8459182702217304,0.4832217024063165,2.016410244858424,Cry_Wolf (a.k.a. Cry Wolf) (2005),Drama|Horror|Mystery|Thriller,384286,10092.0
52712,-0.12108571661225562,0.4832217024063165,3.516410244858424,"Invisible, The (2007)",Crime|Drama|Fantasy|Mystery|Thriller,435670,9785.0
4957,0.8921894868230303,0.6768334037967816,5.085172109443954,Sudden Impact (1983),Crime|Thriller,86383,10650.0
3566,-0.43710298874377274,0.15756037966345296,0.992796742875039,"Big Kahuna, The (2000)",Comedy|Drama,189584,15723.0
2392,-1.5242276249756666,1.043367056168032,2.3061164636240576,Jack Frost (1998),Children|Comedy|Drama,141109,9745.0
146210,-0.21256674315003746,0.3052090780163887,3.0705275761569735,Blue Mountain State: The Rise of Thadland (2015),Comedy,3748440,288171.0
4000,-0.06401098013382155,0.43851677948819323,3.6210187272810934,"Bounty, The (1984)",Adventure|Drama,86993,2669.0
804,-0.3628788704234297,1.1643928266395953,3.45534385878566,She's the One (1996),Comedy|Romance,117628,11363.0
898,-0.7334133877712514,5.855767315448569,3.641743957474867,"Philadelphia Story, The (1940)",Comedy|Drama|Romance,32904,981.0
799,0.1879390935974528,3.519619050620016,3.8203878581278867,"Frighteners, The (1996)",Comedy|Horror|Thriller,116365,10779.0
48997,-1.2130659345335522,2.4431733531782083,3.270477862884701,Perfume: The Story of a Murderer (2006),Crime|Drama|Thriller,396171,1427.0
70293,2.3021096252381894,2.785537920674397,4.593440941297025,Julie & Julia (2009),Comedy|Drama|Romance,1135503,24803.0
2027,-2.7891638229141966,1.8107801442268883,2.2266797064533828,Jane Austen's Mafia! (1998),Comedy|Crime,120741,9835.0
5995,2.003651149625821,10.635290628605192,3.9553867554110993,"Pianist, The (2002)",Drama|War,253474,423.0
112183,-0.6082604910757516,5.229956016466933,3.650687116023072,Birdman: Or (The Unexpected Virtue of Ignorance) (2014),Comedy|Drama,2562232,194662.0
2802,-0.07289561884538398,2.6353311193679145,3.739329395707247,Tequila Sunrise (1988),Action|Drama|Romance|Thriller,96244,10396.0
5110,1.76048548360188,4.372460255828196,4.169620705399182,Super Troopers (2001),Comedy|Crime|Mystery,247745,39939.0
481,-2.05027112516124,2.2320762335467825,2.8484414109206493,Kalifornia (1993),Drama|Thriller,107302,10909.0
3105,1.3141152587372988,3.5187272045000344,4.140453530201688,Awakenings (1990),Drama|Mystery,99077,11005.0
6552,0.16096666368564921,2.657176425391496,3.8275683778910405,Dirty Pretty Things (2002),Crime|Drama|Thriller,301199,3472.0
63033,0.09336065852968418,0.19457248761213886,4.246814852665645,Blindness (2008),Drama|Mystery|Romance|Thriller,861689,8338.0
26729,0.6824488840474254,1.152683392655461,4.359042617508681,Hearts of Darkness: A Filmmakers Apocalypse (1991),Documentary,102015,4539.0
4477,-1.1944924801981158,0.7358673758999772,2.1437460500872465,Big Top Pee-Wee (1988),Adventure|Children|Comedy,94744,30502.0
92427,-1.599973812039704,0.8985360176309931,1.9863451299718133,Woman in Love (Rubbeldiekatz) (2011),Comedy,1802810,80125.0
67734,-0.6866660416120486,1.3110290744360518,3.2432291825259147,Adventureland (2009),Comedy|Drama,1091722,16614.0
255,-2.241751969731463,1.0637896615484217,1.659663955275346,"Jerky Boys, The (1995)",Comedy,110189,18713.0
6832,-0.009260603239608754,0.4564154453807231,3.7467004361896725,Regarding Henry (1991),Drama,102768,11364.0
53,0.9200514708807738,0.7109488638624162,5.061107938320959,Lamerica (1994),Adventure|Drama,110299,49133.0
171811,-0.17652137971554788,0.3349380025371933,3.239963264235109,Embassy (2013),Comedy|Sci-Fi|War,3273632,256608.0
4092,-0.29901556465915685,0.3338523294738158,2.8713381173490924,Cherry 2000 (1987),Romance|Sci-Fi,92746,15785.0
48872,0.28960391320658585,0.7548520770222206,4.150646800957427,13 Tzameti (2005),Film-Noir|Thriller,475169,6077.0
2247,0.04888252597134321,1.4665343275426634,3.8003222938298844,Married to the Mob (1988),Comedy,95593,2321.0
3028,-0.19641261538787172,0.2837467184187765,3.074779235985754,"Taming of the Shrew, The (1967)",Comedy,61407,25560.0
5847,-0.054539256178483465,0.2837467184187765,3.574779235985754,Ragtime (1981),Drama,82970,25566.0
5527,-0.5944509540696888,1.4600211603759192,3.3598380045674467,Possession (2002),Drama|Romance,256276,30072.0
6890,-0.4429896439601456,1.175345222594385,3.390088564480691,Elephant (2003),Drama,363589,1807.0
7810,0.021710594049893332,0.27236927080775303,3.846700436189672,Babylon 5: A Call to Arms (1999),Adventure|Sci-Fi,146455,10916.0
3042,0.1245986540187819,0.7148835493858092,3.941282529663524,Meatballs III (1987),Comedy,93516,40772.0
27822,-1.0400877598911582,0.5915425592266954,2.0087266741002,Open Water (2003),Drama|Thriller,374102,83.0
30745,0.16625828546344895,0.13152139420147063,5.031106190222017,Gozu (Gokudô kyôfu dai-gekijô: Gozu) (2003),Comedy|Crime|Drama|Horror|Mystery,361668,12487.0
133217,-0.23363194653451755,0.6494787702890066,3.407268069039914,B/W (2015),Comedy|Crime|Sci-Fi,4312536,335819.0
2542,5.420610377684899,12.825802832129817,4.189623513418473,"Lock, Stock & Two Smoking Barrels (1998)",Comedy|Crime|Thriller,120735,100.0
3062,0.6164060229297965,2.330173911505646,4.031522487715878,"Longest Day, The (1962)",Action|Drama|War,56197,9289.0
1466,1.1019087401340164,8.53529781464085,3.896090501244719,Donnie Brasco (1997),Crime|Drama,119008,9366.0
2874,0.07003193794899562,0.4057306084406549,3.939597278489818,"Pajama Game, The (1957)",Comedy|Musical|Romance,50814,40867.0
472,-0.28018502434403614,0.9516626993217676,3.4725739770115944,I'll Do Anything (1994),Comedy|Drama,110097,106143.0
8950,2.9186903986603503,7.501742213869017,4.156058632382197,The Machinist (2004),Drama|Mystery|Thriller,361862,4553.0
1718,-0.20967343149143255,0.34520005231493467,3.159593420707371,Stranger in the House (1997),Thriller,120222,191874.0
1888,-0.06593389641431482,0.4740936816104616,3.6279167305465783,Hope Floats (1998),Comedy|Drama|Romance,119313,9715.0
95738,-0.1490483589277348,0.5716746580518313,3.506267943632339,"Adventures of Mary-Kate and Ashley, The: The Case of the Christmas Caper (1995)",Children|Musical|Mystery,283851,193976.0
4396,-0.9834327116779937,2.417691931943884,3.360225186624801,"Cannonball Run, The (1981)",Action|Comedy,82136,11286.0
7206,0.6463662320377788,0.8985360176309931,4.486345129971813,Mon Oncle (My Uncle) (1958),Comedy,50706,427.0
4291,0.4968223663050609,0.43492897313056145,4.909297189625331,Nine to Five (a.k.a. 9 to 5) (1980),Comedy|Crime,80319,19494.0
26350,0.6022158657758246,0.8262961879249688,4.49580385058417,"Passenger, The (Professione: reporter) (1975)",Drama,73580,9652.0
3306,0.28960391320658585,0.7548520770222206,4.150646800957427,"Circus, The (1928)",Comedy,18773,28978.0
57183,0.6670299517176961,0.7548520770222206,4.650646800957427,Like Stars on Earth (Taare Zameen Par) (2007),Drama,986264,7508.0
121715,0.0004562064582468579,0.002847433546159135,3.9272070095283897,Sebastian Maniscalco: What's Wrong with People? (2012),Comedy,2215489,102517.0
128097,0.0018799232313264256,0.002847433546159135,4.42720700952839,Jim Norton: American Degenerate (2013),Comedy,3234126,216553.0
173255,-0.0023912270879122774,0.002847433546159135,2.9272070095283897,"Norm Macdonald: Hitler's Dog, Gossip & Trickery (2017)",Comedy,6878486,456193.0
8640,-1.3893887972292025,2.2269475594163435,3.143091990938735,King Arthur (2004),Action|Adventure|Drama|War,349683,9477.0
4799,-0.5492991247645644,1.1128495740541857,3.273393368936479,"It's a Mad, Mad, Mad, Mad World (1963)",Action|Adventure|Comedy|Crime,57193,11576.0
7222,-0.3359012318360239,0.6299478420342675,3.2337695872252583,Reefer Madness (a.k.a. Tell Your Children) (1938),Comedy|Drama,28346,37833.0
2035,-0.13906050854431892,0.5200609786265221,3.4995975925990352,Blackbeard's Ghost (1968),Children|Comedy,62737,16249.0
5670,0.02129916191621389,0.05387871620617172,4.162307095669849,Comedian (2002),Comedy|Documentary,328962,19973.0
54372,0.04216867463571565,0.999999998504112,3.8091589659609313,Tell No One (Ne le dis à personne) (2006),Crime|Drama|Mystery|Thriller,362225,10795.0
3703,-3.7450057379380506,5.95945404885345,3.138576059482203,"Road Warrior, The (Mad Max 2) (1981)",Action|Adventure|Sci-Fi|Thriller,82694,8810.0
41285,0.523900816895457,2.242718095496418,4.000591124977037,Match Point (2005),Crime|Drama|Romance,416320,116.0
68954,7.5350949681625226,21.350027597294538,4.119921683684193,Up (2009),Adventure|Animation|Children|Drama,1049413,14160.0
72407,-2.0351428335577912,2.5301328153568576,2.9626282351655875,"Twilight Saga: New Moon, The (2009)",Drama|Fantasy|Horror|Romance|Thriller,1259571,18239.0
6378,1.3943861110118716,9.905446154907134,3.9077599334575153,"Italian Job, The (2003)",Action|Crime,317740,9654.0
62434,0.46828439912957215,3.13107938606778,3.916550344326672,Zack and Miri Make a Porno (2008),Comedy|Drama|Romance,1007028,10358.0
106487,-0.9425730992436654,5.239541108803838,3.587094174470555,The Hunger Games: Catching Fire (2013),Action|Adventure|Sci-Fi|IMAX,1951264,101299.0
513,0.22287888895794788,0.7119599178383267,4.080040061865317,Radioland Murders (1994),Comedy|Mystery|Romance,110939,22588.0
1016,0.011366433044830898,1.15047669732652,3.7768700507316186,"Shaggy Dog, The (1959)",Children|Comedy,53271,15944.0
2396,1.6657769850377135,14.57743611180342,3.881261207784207,Shakespeare in Love (1998),Comedy|Drama|Romance,138097,1934.0
78,0.076927938724845,0.3138659899973676,4.012088330477822,"Crossing Guard, The (1995)",Action|Crime|Drama|Thriller,112744,27526.0
322,-0.4929461101665547,0.35135870910005756,2.364019203882097,Swimming with Sharks (1995),Comedy|Drama,114594,20306.0
1005,-2.2081488620969756,1.954757536587139,2.6373622833035437,D3: The Mighty Ducks (1996),Children|Comedy,116000,10680.0
89753,-0.3121062281720598,1.4341315102381549,3.5493629495964956,Tinker Tailor Soldier Spy (2011),Drama|Film-Noir|Thriller,1340800,49517.0
48342,0.026632369696719945,0.11394494335438751,4.000720449992295,Conversations with Other Women (2005),Comedy|Drama|Romance,435623,15624.0
86377,0.15317616354234023,0.7694820980120689,3.96605426420974,Louis C.K.: Shameless (2007),Comedy,927619,24447.0
5867,0.21224042756331638,1.1170173011580384,3.9569966835922115,Thief (1981),Crime|Drama|Thriller,83190,11524.0
918,0.3755800193844588,1.205175649469606,4.078629527874451,Meet Me in St. Louis (1944),Musical,37059,909.0
25887,-0.5114593822527412,0.3349380025371933,2.239963264235109,Tales of Manhattan (1942),Comedy|Drama,35415,27655.0
4624,-0.1320893999222489,0.3338523294738158,3.3713381173490924,Meet the Feebles (1989),Animation|Comedy|Musical,97858,8216.0
6678,0.03483676481465899,0.3338523294738158,3.8713381173490924,"Handmaid's Tale, The (1990)",Drama|Sci-Fi,99731,20815.0
95720,-0.8590556347802474,0.6791708944059027,2.502130972560476,"Watch, The (2012)",Comedy|Sci-Fi,1298649,80035.0
4167,-1.2182641643652774,1.7898398931880484,3.086334904709479,15 Minutes (2001),Thriller,179626,2749.0
31364,1.3427502174371155,1.3384919041687198,4.770171717503963,Memories of Murder (Salinui chueok) (2003),Crime|Drama|Mystery|Thriller,353969,11423.0
5949,1.0421686731398276,0.999999998504112,4.809158965960931,Intact (Intacto) (2001),Thriller,220580,10856.0
9018,0.4608225545736541,0.5277933064494101,4.640102073739477,Control Room (2004),Documentary|War,391024,18889.0
37720,-0.3976592051951936,0.7069151073839881,3.204462767035398,"Exorcism of Emily Rose, The (2005)",Crime|Drama|Horror|Thriller,404032,8643.0
53127,-1.2286423842653331,0.6147430966077871,1.7683629117191975,Bug (2007),Drama|Horror|Thriller,470705,12526.0
4531,-0.21256674315003746,0.3052090780163887,3.0705275761569735,Red Heat (1988),Action,95963,9604.0
33132,-0.22830589714096294,0.13152139420147063,2.031106190222017,State Property 2 (2005),Action|Crime|Drama,403537,13409.0
673,-2.3664177099559454,10.039382468129723,3.531276818100993,Space Jam (1996),Adventure|Animation|Children|Comedy|Fantasy|Sci-Fi,117705,2300.0
58559,10.769347072244349,35.23501041744629,4.072633654061087,"Dark Knight, The (2008)",Action|Crime|Drama|IMAX,468569,155.0
7169,-1.4384409367627822,1.3639480863398343,2.7123746858963553,Chasing Liberty (2004),Comedy|Romance,360139,14844.0
3087,-3.4872081452918087,4.747541477250031,3.032461027641728,Scrooged (1988),Comedy|Fantasy|Romance,96061,9647.0
187593,0.9651757593297898,2.7305165804189424,4.120467639193751,Deadpool 2 (2018),Action|Comedy|Sci-Fi,5463162,383498.0
56921,-0.1984980728885241,0.19457248761213886,2.746814852665645,Battlestar Galactica: Razor (2007),Action|Drama|Sci-Fi|Thriller,991178,69315.0
613,-0.05028880082949392,0.08882037144151464,3.2008048541452974,Jane Eyre (1996),Drama|Romance,116684,47333.0
188301,0.19709822322228226,0.8985360176309931,3.9863451299718133,Ant-Man and the Wasp (2018),Action|Adventure|Comedy|Fantasy|Sci-Fi,5095030,363088.0
6939,-0.08731257365766756,0.11394494335438751,3.000720449992295,Gloomy Sunday (Ein Lied von Liebe und Tod) (1999),Drama|Romance,155722,1277.0
321,0.1550055553714866,0.4990838211411603,4.077570496040293,Strawberry and Chocolate (Fresa y chocolate) (1993),Drama,106966,12527.0
5529,-0.17652137971554788,0.3349380025371933,3.239963264235109,Serving Sara (2002),Comedy|Romance,261289,12771.0
67888,-0.34399038098414453,0.3349380025371933,2.739963264235109,Man on the Flying Trapeze (1935),Comedy,26676,55773.0
104875,-0.34399038098414453,0.3349380025371933,2.739963264235109,"History of Future Folk, The (2012)",Adventure|Comedy|Musical|Sci-Fi,2245195,115199.0
2625,0.03483676481465899,0.3338523294738158,3.8713381173490924,Black Mask (Hak hap) (1996),Action|Adventure|Crime|Sci-Fi|Thriller,115693,9460.0
4126,0.13965144949921465,1.2183531482790135,3.881613419783189,Less Than Zero (1987),Drama,93407,13703.0
147300,0.6670299517176961,0.7548520770222206,4.650646800957427,Adventures Of Sherlock Holmes And Dr. Watson: The Twentieth Century Approaches (1986),Crime|Mystery,91942,270393.0
163134,0.3807113518165716,1.4043308473112273,4.038088339521556,Your Name. (2016),Animation|Drama|Fantasy|Romance,5311514,372058.0
175577,-0.005238660634071413,0.002847433546159135,1.9272070095283897,Rory Scovel Tries Stand-Up for the First Time (2017),Comedy,7044010,461634.0
4259,0.3196208008803807,0.7507422782582944,4.192730002660692,"Luzhin Defence, The (2000)",Drama|Romance,211492,52654.0
5222,-0.07331024291042475,0.2943351543717058,3.5179196592918762,Kissing Jessica Stein (2001),Comedy|Romance,264761,15647.0
2971,0.5879198229884129,0.5946145621735813,4.755731335274418,All That Jazz (1979),Drama|Fantasy|Musical,78754,16858.0
5427,-1.195923863532331,0.5946145621735813,1.7557313352744184,Caveman (1981),Comedy,82146,18905.0
8042,0.29061254190162233,0.5946145621735813,4.255731335274419,Mean Streets (1973),Crime|Drama,70379,203.0
62299,0.034290753825678026,0.11065808480943447,4.0768705307830935,Alone in the Dark II (2008),Action|Horror,913951,12683.0
54256,0.12052513459090264,0.4832217024063165,4.016410244858424,Hot Rod (2007),Comedy,787475,10074.0
89047,0.09264233486635125,0.3052090780163887,4.070527576156973,Hesher (2010),Drama,1403177,44835.0
1533,0.19278482572024758,0.21112033903603206,4.680141656026404,"Promise, The (La promesse) (1996)",Drama,117398,105045.0
5543,-0.5025277596220148,0.43851677948819323,2.6210187272810934,"Swarm, The (1978)",Action|Horror|Sci-Fi,78350,46878.0
4061,0.19278482572024758,0.21112033903603206,4.680141656026404,The Man in the Moon (1991),Drama|Romance,102388,17474.0
593,21.09152489471757,49.229056216839076,4.195426798389468,"Silence of the Lambs, The (1991)",Crime|Horror|Thriller,102926,274.0
2797,-0.0996144640781309,13.774233140320002,3.7597583486150685,Big (1988),Comedy|Drama|Fantasy|Romance,94737,2280.0
3441,-0.5566122899679297,2.5620174039327512,3.5497348233197568,Red Dawn (1984),Action|Drama|War,87985,1880.0
1199,5.1291790618588,9.466637918942832,4.30880662624578,Brazil (1985),Fantasy|Sci-Fi,88846,68.0
597,-3.004858618497421,18.65483069300759,3.6059135885063327,Pretty Woman (1990),Comedy|Romance,100405,114.0
1653,4.308135628455252,14.525546414956317,4.0635805540573005,Gattaca (1997),Drama|Sci-Fi|Thriller,119177,782.0
1212,1.7839282663763385,4.65135600035015,4.150518936724243,"Third Man, The (1949)",Film-Noir|Mystery|Thriller,41959,1092.0
148626,1.6388735432713424,4.55255711158776,4.126979963681592,"Big Short, The (2015)",Drama,1596363,318846.0
2513,-1.1121325145295908,0.7638587506344912,2.311050284545175,Pet Sematary (1989),Horror,98084,8913.0
6157,-2.0953051190315235,5.194707479731092,3.3636364687019507,Daredevil (2003),Action|Crime,287978,9480.0
73106,-0.2724661335021682,1.2118217386054133,3.542150180854703,American Pie Presents: The Book of Love (American Pie 7: The Book of Love) (2009),Comedy,1407050,26123.0
60647,-0.10121182908245467,0.19457248761213886,3.246814852665645,Transsiberian (2008),Crime|Drama|Thriller,800241,6687.0
64983,0.18762206672471374,2.7794962397487053,3.834492475305989,Valkyrie (2008),Drama|Thriller|War,985699,2253.0
1468,-0.5091116860970619,1.078432112098968,3.294905233347669,Booty Call (1997),Comedy|Romance,118750,21915.0
4474,0.2215085176553936,0.49617907954808144,4.213418862690707,Beaches (1988),Comedy|Drama|Musical,94715,15592.0
140715,0.7301163414692713,1.2212191200099647,4.364848881507033,Straight Outta Compton (2015),Drama,1398426,277216.0
4713,-0.20284565428688905,0.2525411881719687,2.9637721874938086,Altered States (1980),Drama|Sci-Fi,80360,11542.0
7132,0.42763439253196905,1.068695250781323,4.1671365370879,"Night at the Opera, A (1935)",Comedy|Musical|Romance,26778,37719.0
6188,0.2691235145601274,7.350834260514188,3.80360157986182,Old School (2003),Comedy,302886,11635.0
26778,0.12712995805943356,0.24546633755585814,4.284902275957406,Ladybugs (1992),Comedy,104670,19087.0
50685,0.36093051477158544,1.4422090606197513,4.017252562264986,Waitress (2007),Comedy|Drama|Romance,473308,10758.0
57951,0.027088576154966803,0.11679237690054664,3.9989281700334005,Fool's Gold (2008),Action|Adventure|Comedy|Romance,770752,8676.0
164707,-0.17652137971554788,0.3349380025371933,3.239963264235109,Go Figure (2005),Children|Comedy|Drama,447987,55504.0
1417,0.0793436622041067,0.07387168550037518,4.84106436533621,"Portrait of a Lady, The (1996)",Drama,117364,36758.0
105593,0.6670299517176961,0.7548520770222206,4.650646800957427,Filth (2013),Comedy|Crime|Drama,1450321,85889.0
111375,-0.0023912270879122774,0.002847433546159135,2.9272070095283897,Walk of Shame (2014),Comedy,2463288,187596.0
66297,0.3505953581787271,1.2329155273217098,4.051353129112296,Futurama: Into the Wild Green Yonder (2009),Action|Animation|Comedy|Sci-Fi,1054487,15060.0
5298,0.29061254190162233,0.5946145621735813,4.255731335274419,Human Nature (2001),Comedy|Romance,219822,441.0
33138,0.7112825143138526,0.5807306604208037,4.991796492812524,Palindromes (2004),Adventure|Comedy|Drama,362004,13073.0
101531,-0.037906537756255736,0.03250989515973905,2.600990291262136,Phil Spector (2013),Drama,1745862,173153.0
4782,0.13607643011042686,0.09217201077620096,5.2433216522088815,Sidewalks of New York (2001),Comedy|Romance,239986,31016.0
34330,0.029890709516470652,0.21306710886099592,3.9072780610463087,November (2004),Drama|Mystery,368089,9775.0
5962,-1.9551750077392993,0.864788945730844,1.506120726044745,Body of Evidence (1993),Drama|Thriller,106453,2149.0
143385,0.35338682730277643,0.7261759588101487,4.253631060645092,Bridge of Spies (2015),Drama|Thriller,3682448,296098.0
54272,-0.025943940137545196,9.43887391168364,3.764241664637785,"Simpsons Movie, The (2007)",Animation|Comedy,462538,35.0
2294,-1.4613454906882906,5.864989541728834,3.51782608043261,Antz (1998),Adventure|Animation|Children|Comedy|Fantasy,120587,8916.0
2606,0.4390960057185026,1.5978340606735675,4.041797304409297,Idle Hands (1999),Comedy|Horror,138510,6552.0
126548,0.6365346815789817,1.5742490591932499,4.171332080677074,The DUFF (2015),Comedy,1666801,272693.0
7481,0.287933146141823,0.19457248761213886,5.246814852665645,Enemy Mine (1985),Adventure|Drama|Sci-Fi,89092,11864.0
1863,-0.5452286548667489,1.0489665082265565,3.247213300680669,Major League: Back to the Minors (1998),Comedy,120742,9771.0
3844,0.8591285997440733,1.3079775347211031,4.4238277192285596,Steel Magnolias (1989),Drama,98384,10860.0
2739,1.251793611211942,1.997604231790935,4.3936377478955535,"Color Purple, The (1985)",Drama,88939,873.0
78105,-0.5381703531787592,0.5180869419670798,2.728225733453699,Prince of Persia: The Sands of Time (2010),Action|Adventure|Fantasy|Romance|IMAX,473075,9543.0
4773,-0.5347497457800172,0.8947317296897224,3.169325395701252,Haiku Tunnel (2001),Comedy,273253,75386.0
6754,-0.7502601446246195,3.1045117887304228,3.52532261670277,Underworld (2003),Action|Fantasy|Horror,320691,277.0
54734,-0.03034010198047381,0.11394494335438751,3.500720449992295,Sydney White (2007),Comedy,815244,10760.0
64622,0.3101442936372009,0.629676540920443,4.259535707014549,"Reader, The (2008)",Drama|Romance,976051,8055.0
950,0.36183719489842603,0.9442755081249323,4.150180569719039,"Thin Man, The (1934)",Comedy|Crime,25878,3529.0
112497,-0.0009675103148327097,0.002847433546159135,3.4272070095283897,Tammy (2014),Comedy,2103254,226486.0
6213,0.006830044647854666,1.0253360328517744,3.7736515656434313,Tears of the Sun (2003),Action|Drama|Thriller,314353,9567.0
4452,-0.12675230554797817,0.9712702059620405,3.6364887019310492,Made (2001),Comedy,227005,15745.0
155,2.3718100682111225,1.608567917162179,5.24147579038576,Beyond Rangoon (1995),Adventure|Drama|War,112495,1873.0
3436,0.9581407876457738,1.4632355814751943,4.421799947189039,Dying Young (1991),Drama|Romance,101787,9079.0
56274,0.02129916191621389,0.05387871620617172,4.162307095669849,Margot at the Wedding (2007),Drama,757361,13998.0
3431,-0.27940759738894627,0.36675986552339207,3.005163211327389,Death Wish 2 (1982),Action|Drama,82250,14373.0
3843,0.19048801308504,0.2236934049776716,4.6185487585493314,Sleepaway Camp (1983),Horror,86320,13567.0
40946,-0.8459182702217304,0.4832217024063165,2.016410244858424,Sarah Silverman: Jesus Is Magic (2005),Comedy|Musical,422528,16156.0
77667,-0.21256674315003746,0.3052090780163887,3.0705275761569735,MacGruber (2010),Action|Comedy,1470023,37931.0
90430,0.24524687387454558,0.3052090780163887,4.570527576156973,Carnage (2011),Comedy|Drama,1692486,72113.0
99750,-0.059962204141843105,0.3052090780163887,3.5705275761569735,"Iceman, The (2012)",Crime|Drama|Thriller,1491044,68812.0
51091,0.10049758836271362,0.13152139420147063,4.531106190222017,Black Snake Moan (2006),Drama,462200,7874.0
1198,16.004438167037637,43.13461234074886,4.13802499630615,Raiders of the Lost Ark (Indiana Jones and the Raiders of the Lost Ark) (1981),Action|Adventure,82971,85.0
368,-1.560715939211175,9.837434951721711,3.6083395914739738,Maverick (1994),Adventure|Comedy|Western,110478,9359.0
8961,7.5075867265617475,22.3729554931786,4.10255555571058,"Incredibles, The (2004)",Action|Adventure|Animation|Children|Comedy,317705,9806.0
193,-4.301723718846428,4.298012707025083,2.7661268662156537,Showgirls (1995),Drama,114436,10802.0
94864,-1.9782253434625003,3.543578637631758,3.2087339222756173,Prometheus (2012),Action|Horror|Sci-Fi|IMAX,1446714,70981.0
1924,-1.2777896041844348,1.2427716149262251,2.738812958566709,Plan 9 from Outer Space (1959),Horror|Sci-Fi,52077,10513.0
2888,0.1051865188430283,0.4591449956693222,3.9960824513317275,Drive Me Crazy (1999),Comedy|Romance,164114,14429.0
119964,-0.7207230169795661,0.5716746580518313,2.506267943632339,A Merry Friggin' Christmas (2014),Comedy,910885,286532.0
138186,-1.578235004057313,0.5716746580518313,1.0062679436323392,Sorrow (2015),Crime|Drama|Horror,2140423,337879.0
8464,-1.3350493078851617,10.664838796220785,3.6418079670475167,Super Size Me (2004),Comedy|Documentary|Drama,390521,9372.0
7587,-0.6688968666194245,1.1848829253347766,3.20246458807468,"Samouraï, Le (Godson, The) (1967)",Crime|Drama|Thriller,62229,5511.0
211,-0.0039255852763852486,0.19457248761213886,3.746814852665645,"Browning Version, The (1994)",Drama,109340,49805.0
62376,-0.10121182908245467,0.19457248761213886,3.246814852665645,City of Ember (2008),Adventure|Children|Sci-Fi,970411,13600.0
1537,-0.6390971147388883,1.810062670741566,3.41391018797651,Shall We Dance? (Shall We Dansu?) (1996),Comedy|Drama|Romance,117615,11239.0
4132,-0.3702518942561489,1.349230731291696,3.4925732581564004,Mannequin (1987),Comedy|Romance,93493,10019.0
4321,-1.1739878961512054,3.819098520846565,3.4595910739486815,City Slickers (1991),Comedy|Western,101587,1406.0
26258,1.0956342408532753,0.8985360176309931,4.986345129971813,"Topo, El (1970)",Fantasy|Western,67866,13041.0
5417,-0.0806891417499876,0.3001171675161411,3.4981314904884417,"Fast Runner, The (Atanarjuat) (2001)",Drama|Fantasy,285441,13245.0
6124,-0.2374683259299703,0.4564154453807231,3.2467004361896725,Savannah Smiles (1982),Comedy,84633,17132.0
7647,-0.009260603239608754,0.4564154453807231,3.7467004361896725,Noises Off... (1992),Comedy,105017,26670.0
52767,-0.08731257365766756,0.11394494335438751,3.000720449992295,21 Up (1977),Documentary,75610,20553.0
72167,0.1992874090411374,0.4220014549169353,4.239233708243635,"Boondock Saints II: All Saints Day, The (2009)",Action|Crime|Drama|Thriller,1300851,22821.0
3152,1.2545068266684098,2.202441136280482,4.336588636481496,"Last Picture Show, The (1971)",Drama,67328,25188.0
44777,-0.34399038098414453,0.3349380025371933,2.739963264235109,Evil Aliens (2005),Comedy|Horror|Sci-Fi,383353,10177.0
53578,-0.5114593822527412,0.3349380025371933,2.239963264235109,"Valet, The (La doublure) (2006)",Comedy,449851,21427.0
102378,-0.17652137971554788,0.3349380025371933,3.239963264235109,Syrup (2013),Comedy|Drama,762138,72525.0
118894,-0.5114593822527412,0.3349380025371933,2.239963264235109,Scooby-Doo! Abracadabra-Doo (2010),Animation|Children|Mystery,1599351,32916.0
136511,-0.003814943860991845,0.002847433546159135,2.4272070095283897,Jeff Dunham: All Over the Map (2014),Comedy,4209802,300685.0
1344,-0.14161118766249223,0.3153855129000902,3.317980486213314,Cape Fear (1962),Crime|Drama|Thriller,55824,11349.0
6005,-0.18574092883429932,0.42585654857317645,3.330831849043458,Blue Collar Comedy Tour: The Movie (2003),Comedy|Documentary,330069,23626.0
6639,0.16539085587391306,1.495436166119264,3.877587359609835,Wait Until Dark (1967),Drama|Thriller,62467,11206.0
7103,-0.0021815860538745902,0.09217201077620096,3.7433216522088815,Madhouse (1990),Comedy,100087,51036.0
117895,-0.059962204141843105,0.3052090780163887,3.5705275761569735,Maze Runner: Scorch Trials (2015),Action|Thriller,4046784,294254.0
160954,-0.21256674315003746,0.3052090780163887,3.0705275761569735,Nerve (2016),Drama|Thriller,3531824,328387.0
8011,0.23236160774966905,0.967642859669854,4.007121870209504,"Weather Underground, The (2002)",Documentary,343168,14108.0
3235,0.6818363710319921,0.40238583161478103,5.461474334837357,Where the Buffalo Roam (1980),Comedy,81748,13005.0
101,-1.054589088593552,3.2546329023782183,3.4429632442108558,Bottle Rocket (1996),Adventure|Comedy|Crime|Romance,115734,13685.0
1500,0.2840926908224669,10.591573642673016,3.7938128107863234,Grosse Pointe Blank (1997),Comedy|Crime|Romance,119229,9434.0
1183,-0.8729200105979167,5.7127067956616715,3.614187068232936,"English Patient, The (1996)",Drama|Romance|War,116209,409.0
160980,0.22951969621323226,0.650680380306399,4.119728291607488,Sully (2016),Drama,3263904,363676.0
1378,0.8273727161004799,2.651343042068543,4.079048256969574,Young Guns (1988),Action|Comedy|Western,96487,11967.0
2003,1.8703272338391745,4.367143699432676,4.195262718863304,Gremlins (1984),Comedy|Horror,87363,927.0
2261,0.009273687959320237,0.8016154976956578,3.7785590396034276,One Crazy Summer (1986),Comedy,91680,18282.0
4865,-1.1971935194316239,4.533461515083735,3.502910952450431,From Hell (2001),Crime|Horror|Mystery|Thriller,120681,768.0
110130,-0.08883308312864474,0.9066126605890246,3.669006789607824,"Nut Job, The (2014)",Adventure|Animation|Children|Comedy,1821658,227783.0
3198,2.4717235845966488,3.9291274234742475,4.396067263881945,Papillon (1973),Crime|Drama,70511,5924.0
2342,0.6332058200506396,0.6332058200506396,4.766990291262136,Hard Core Logo (1996),Comedy|Drama,116488,21589.0
7173,-0.9492232169329676,4.2763107276148515,3.545017830092925,Along Came Polly (2004),Comedy|Romance,343135,5966.0
2771,-1.1443604656185753,1.4115775742609997,2.956294169075808,Brokedown Palace (1999),Drama,120620,17707.0
4153,-1.3925691891719478,1.5719695163729166,2.8811148498699315,Down to Earth (2001),Comedy|Fantasy|Romance,231775,16300.0
63312,-0.7014377944087109,0.8985360176309931,2.9863451299718133,Krabat (2008),Drama|Fantasy,772181,4627.0
4992,0.14837997398326055,2.244954565414506,3.8330851585120946,Kate & Leopold (2001),Comedy|Romance,35423,11232.0
58107,0.0836048413739137,0.11394494335438751,4.500720449992295,Step Up 2 the Streets (2008),Drama|Musical|Romance,1023481,8328.0
55577,-0.35109829026297473,1.0837577660912001,3.443026485651511,Saw IV (2007),Crime|Horror|Thriller,890870,663.0
7118,0.03483676481465899,0.3338523294738158,3.8713381173490924,Wings of Honneamise (Ôritsu uchûgun Oneamisu no tsubasa) (1987),Animation|Drama|Sci-Fi|War,93207,20043.0
86014,-0.12056071425485042,0.29610025585718946,3.359828487548608,Diary of a Wimpy Kid: Rodrick Rules (2011),Comedy,1650043,60307.0
38159,0.28960391320658585,0.7548520770222206,4.150646800957427,"Short Film About Love, A (Krótki film o milosci) (1988)",Drama|Romance,95467,31056.0
47044,-1.0771076361772804,1.2910698873131017,2.9327150542965423,Miami Vice (2006),Action|Crime|Drama|Thriller,430357,82.0
39427,0.2510769884839515,1.0639523628271201,4.0029754699752065,Stay (2005),Thriller,371257,8066.0
62836,0.021710594049893332,0.27236927080775303,3.846700436189672,Babylon 5: The Lost Tales - Voices in the Dark (2007),Sci-Fi,871427,15289.0
4917,0.21535608302624878,0.6768334037967816,4.085172109443954,MacArthur (1977),Drama,76342,31037.0
39400,-1.7528869545183325,0.8752472517060526,1.7642568338287492,"Fog, The (2005)",Action|Horror|Mystery|Thriller,432291,791.0
2907,0.13854633395567878,1.4667684054049157,3.8614471485581805,Superstar (1999),Comedy,167427,13824.0
4683,0.10049758836271362,0.13152139420147063,4.531106190222017,"Wizard, The (1989)",Adventure|Children|Comedy|Drama,98663,183.0
3043,-0.4363582698832278,0.2708644374133104,2.156006309568772,Meatballs 4 (1992),Comedy,104837,40773.0
1226,-0.057553490009849446,0.6795160011500184,3.6822925212133875,"Quiet Man, The (1952)",Drama|Romance,45061,3109.0
1259,0.6063910079693298,12.350255566505377,3.816089761690416,Stand by Me (1986),Adventure|Drama,92005,235.0
3538,0.06062115564907546,0.0389707429172628,5.322545846817691,East is East (1999),Comedy,166175,10557.0
4896,0.9413070132729093,18.240147540716922,3.8185966179747712,Harry Potter and the Sorcerer's Stone (a.k.a. Harry Potter and the Philosopher's Stone) (2001),Adventure|Children|Fantasy,241527,671.0
830,-0.22835237707127773,3.549808808181672,3.702662213494971,"First Wives Club, The (1996)",Comedy,116313,2925.0
5447,0.6391918294532326,0.864788945730844,4.506120726044745,Sunshine State (2002),Drama,286179,57022.0
159093,0.7583815236490176,1.7912831355467012,4.190363631076201,Now You See Me 2 (2016),Action|Comedy|Thriller,3110958,291805.0
5254,-2.3162739982808978,5.013536705262154,3.3049862939941472,Blade II (2002),Action|Horror|Thriller,187738,36586.0
5785,-0.38988860936645287,1.8494605045402623,3.5561782147623617,Jackass: The Movie (2002),Action|Comedy|Documentary,322802,9012.0
60766,0.24226324917095893,0.17786267246160276,5.129070630087918,Man on Wire (2008),Documentary,1155592,14048.0
5055,-0.10121182908245467,0.19457248761213886,3.246814852665645,Dragon: The Bruce Lee Story (1993),Action|Drama,106770,10423.0
6953,0.8043376179172157,2.7380977340473813,4.06074811002643,21 Grams (2003),Crime|Drama|Mystery|Romance|Thriller,315733,470.0
7649,-1.1528192270007032,0.9269629234451167,2.5233383631826642,Babylon 5: In the Beginning (1998),Adventure|Sci-Fi,120711,10940.0
8977,0.01725759319122916,1.0956331763994054,3.782741542285716,Alexander (2004),Action|Adventure|Drama|War,346491,1966.0
385,0.003162222026010273,0.014948685941139463,3.9785287528005977,"Man of No Importance, A (1994)",Drama,110455,52038.0
4293,0.2842515397568314,0.5202277228026443,4.313388584350923,Summer Rental (1985),Comedy,90098,19357.0
5151,-0.8376689006449716,3.653526354061243,3.5377134722475905,40 Days and 40 Nights (2002),Comedy|Romance,243736,2752.0
5585,-0.3530493690127718,0.6855398506389392,3.251995621464718,Ernest Scared Stupid (1991),Comedy,101821,32685.0
68932,0.2215085176553936,0.49617907954808144,4.213418862690707,"Soloist, The (2009)",Drama|Musical,821642,17332.0
127146,0.19709822322228226,0.8985360176309931,3.9863451299718133,Kurt Cobain: Montage of Heck (2015),Documentary,4229236,319075.0
143859,-0.8614471686626003,1.1403277108007308,3.011552042675072,"Hail, Caesar! (2016)",Comedy,475290,270487.0
6460,0.17651615716928926,0.5854629369405437,4.068488722728542,"Trial, The (Procès, Le) (1962)",Drama,57427,3009.0
7048,0.2813519386620136,1.0510300075543044,4.034681923888978,Nothing to Lose (1997),Action|Adventure|Comedy|Crime,119807,11676.0
2662,0.1760817427316569,1.4524341955703164,3.8882224567321293,"War of the Worlds, The (1953)",Action|Drama|Sci-Fi,46534,8974.0
86833,1.2563902151859863,3.1622500594027056,4.1642992300192745,Bridesmaids (2011),Comedy,1478338,55721.0
81535,0.23194321144700497,0.1638055914670243,5.182956677816758,Saw VII 3D - The Final Chapter (2010),Horror|Mystery|Thriller,1477076,41439.0
141544,0.41699306270022785,0.9844167728261999,4.190584315877408,Turbo Kid (2015),Action|Adventure|Sci-Fi,3672742,310135.0
81,-0.9811324121314325,2.656057071328839,3.397595965092568,Things to Do in Denver When You're Dead (1995),Crime|Drama|Romance,114660,400.0
71668,0.003303640004405993,0.002847433546159135,4.92720700952839,Couples Retreat (2009),Comedy|Romance,1078940,19899.0
5699,0.14559963647939098,0.29072111323306965,4.267812659683189,Tom Horn (1980),Western,80031,5917.0
89804,-0.4963610243405806,0.8036355258491854,3.149345838802066,"Ides of March, The (2011)",Drama,1124035,10316.0
130444,0.021710594049893332,0.27236927080775303,3.846700436189672,Ruby Red (2013),Adventure|Children|Fantasy|Sci-Fi,2418558,175774.0
58876,-0.12108571661225562,0.4832217024063165,3.516410244858424,Stop-Loss (2008),Drama|War,489281,8988.0
142115,-0.01981751493827639,0.15193428119345267,3.6365555086534407,The Blue Planet (2001),Documentary,296310,200813.0
5452,0.034736891261978306,0.13152139420147063,4.031106190222017,Look Who's Talking Now (1993),Children|Comedy|Romance,107438,11982.0
6664,-0.1200338223578397,0.37046565382504926,3.442982326911073,Commando (1985),Action|Adventure,88944,10999.0
2212,-0.018335513315784476,0.21112033903603206,3.6801416560264038,"Man Who Knew Too Much, The (1934)",Drama|Thriller,25452,8208.0
3313,-0.9388860295052426,0.7093812169015037,2.44346211327317,Class Reunion (1982),Comedy,84395,33374.0
130576,-0.4407172760097287,0.33860448768361584,2.4654207845356786,Midnight Special (2015),Drama|Sci-Fi,2649554,245703.0
1031,-0.6319302691296983,2.6408984980226347,3.527704203741978,Bedknobs and Broomsticks (1971),Adventure|Children|Musical,66817,12335.0
1892,2.9171341409112346,5.250341621072158,4.32259873571142,"Perfect Murder, A (1998)",Thriller,120787,1965.0
2683,-7.646511070677252,18.429785815101578,3.3520906745551633,Austin Powers: The Spy Who Shagged Me (1999),Action|Adventure|Comedy,145660,817.0
210,-0.06328255625728701,0.4523401134586481,3.6270899057459793,Wild Bill (1995),Western,114938,65796.0
1201,3.6462450385907053,15.26702295138113,4.005821728812366,"Good, the Bad and the Ugly, The (Buono, il brutto, il cattivo, Il) (1966)",Action|Adventure|Western,60196,429.0
1441,0.576882605054658,1.512769296339467,4.148332381196519,Benny & Joon (1993),Comedy|Romance,106387,4104.0
2052,0.2482655812909107,3.4814993215246908,3.8383002523918095,Hocus Pocus (1993),Children|Comedy|Fantasy|Horror,107120,10439.0
2463,-0.5004565193944874,2.220801578892173,3.541640793967499,Ruthless People (1986),Comedy,91877,12151.0
3685,1.1240143280587145,1.631437027713476,4.4559622276378015,Prizzi's Honor (1985),Comedy|Drama|Romance,89841,2075.0
80166,-0.362582612392605,0.879731169614379,3.354838687549448,"Switch, The (2010)",Comedy|Romance,889573,41210.0
1175,-0.26561259621510236,5.802987320315958,3.721218591006096,Delicatessen (1991),Comedy|Drama|Romance,101700,892.0
5152,2.3106709441899644,3.376373750273298,4.451354972157706,We Were Soldiers (2002),Action|Drama|War,277434,10590.0
28,-0.24389936797700992,0.8715599300725608,3.4871479539065118,Persuasion (1995),Drama|Romance,114117,17015.0
436,0.4487991776332926,1.1432723599284234,4.159546949993386,Color of Night (1994),Drama|Thriller,109456,2124.0
3841,0.20181305581412007,0.6830830632428204,4.062434676687309,Air America (1990),Action|Comedy,99005,11856.0
4958,-0.3007346259260751,2.2384436505621013,3.6326404156909744,Behind Enemy Lines (2001),Action|Drama|War,159273,8007.0
171701,0.6463662320377788,0.8985360176309931,4.486345129971813,The Death of Louis XIV (2016),Drama,5129510,371859.0
50804,-0.02219054731329148,0.024171846180549645,2.84895750437689,Hannibal Rising (2007),Drama|Horror|Thriller,367959,1248.0
2313,1.1112025630940767,4.14729160048907,4.034924806154467,"Elephant Man, The (1980)",Drama,80678,1955.0
7325,-1.078646374403517,3.548966312017507,3.4630577431421368,Starsky & Hutch (2004),Action|Comedy|Crime|Thriller,335438,9384.0
4326,0.034251292614774324,1.9263648576595702,3.7847705640274873,Mississippi Burning (1988),Crime|Drama|Thriller,95647,1632.0
44193,0.4154151897098347,1.328264117265364,4.079740733218736,She's the Man (2006),Comedy|Romance,454945,9655.0
167772,0.6608236266274353,0.3349380025371933,5.739963264235109,The Spirit of Christmas (1995),Animation|Comedy,122264,16487.0
2522,-0.46594172939606476,0.3338523294738158,2.3713381173490924,Airport '77 (1977),Drama,75648,7227.0
95313,0.28960391320658585,0.7548520770222206,4.150646800957427,Jack-Jack Attack (2005),Adventure|Animation|Children|Comedy,455565,13932.0
172583,0.6670299517176961,0.7548520770222206,4.650646800957427,Investigation Held by Kolobki (1986),Animation,3066856,213321.0
110882,0.5084891586208403,0.9546878483053953,4.299613765545827,Locke (2013),Drama,2692904,210479.0
6319,-0.9526793377694668,0.5576970805160844,2.058752304992113,"My Father the Hero (Mon père, ce héros.) (1991)",Comedy|Drama,102465,20978.0
3445,-0.05644946236421094,0.06893676767508185,2.9481317304680914,Eyes of Laura Mars (1978),Mystery|Thriller,77530,29143.0
57274,0.8621178415932529,1.131521391724162,4.5289006253474655,[REC] (2007),Drama|Horror|Thriller,1038988,8329.0
8827,0.014547704712534554,0.06714325251939021,3.983656957928803,"Bill Cosby, Himself (1983)",Comedy|Documentary,83652,20120.0
4443,-0.06401098013382155,0.43851677948819323,3.6210187272810934,Outland (1981),Action|Sci-Fi|Thriller,82869,10540.0
596,-1.0257600697735434,9.195586614356595,3.655441119600583,Pinocchio (1940),Animation|Children|Fantasy|Musical,32910,10895.0
2018,0.5434000645515337,7.486689349639229,3.839572448631564,Bambi (1942),Animation|Children|Drama,34492,3170.0
2583,-0.8638053342033214,1.7866882547765932,3.2835229981325176,Cookie's Fortune (1999),Comedy|Drama,126250,9465.0
497,2.018626026405346,4.222715690943216,4.245030058593583,Much Ado About Nothing (1993),Comedy|Romance,107616,11971.0
762,-5.163035325769006,4.940905441137128,2.722032967694989,Striptease (1996),Comedy|Crime,117765,9879.0
27741,0.44358607955212753,2.6168426013856165,3.93650223642737,"Twilight Samurai, The (Tasogare Seibei) (2002)",Drama|Romance,351817,12496.0
7147,0.9441100148652987,14.853066112298288,3.8305535991830224,Big Fish (2003),Drama|Fantasy|Romance,319061,587.0
2044,0.13552662082350211,0.34520005231493467,4.15959342070737,"Devil and Max Devlin, The (1981)",Comedy|Fantasy,82263,40866.0
2355,-0.7270575192157367,13.528966918425395,3.713249490238701,"Bug's Life, A (1998)",Adventure|Animation|Children|Comedy,120623,9487.0
106920,2.374415559701979,4.95605062679641,4.24608458195884,Her (2013),Drama|Romance|Sci-Fi,1798709,152601.0
8622,-0.5634024789252082,5.806329316333747,3.6699578206200894,Fahrenheit 9/11 (2004),Documentary,361596,1777.0
1243,1.076309708472288,2.8659120368277784,4.142546028717231,Rosencrantz and Guildenstern Are Dead (1990),Comedy|Drama,100519,18971.0
1274,0.2931514797937127,7.838048956911199,3.804391369184114,Akira (1988),Action|Adventure|Animation|Sci-Fi,94625,149.0
1621,-0.026735149856268653,0.014948685941139463,1.9785287528005977,Soul Food (1997),Drama,120169,29461.0
4155,-0.34916008412060223,1.5007681821708103,3.5343360490756086,Sweet November (2001),Drama|Romance,230838,1921.0
4482,0.5008286204732769,0.34923073376900454,5.201081200353045,"Bright Lights, Big City (1988)",Drama,94799,17170.0
2905,0.7238387640928214,0.9030848528035835,4.568508290202876,Sanjuro (Tsubaki Sanjûrô) (1962),Action|Adventure|Drama,56443,11712.0
1296,0.03607802001918245,1.2107557643194962,3.7967882249845166,"Room with a View, A (1986)",Drama|Romance,91867,11257.0
100390,0.4966582653632447,0.33778543608335243,5.2373268194500735,Identity Thief (2013),Comedy|Crime,2024432,109431.0
182731,-0.34399038098414453,0.3349380025371933,2.739963264235109,Pixel Perfect (2004),Children|Comedy|Sci-Fi,393596,124117.0
168846,0.003303640004405993,0.002847433546159135,4.92720700952839,Neal Brennan: 3 Mics (2017),Comedy,6438918,435351.0
4083,0.07715145031023825,0.21835316125539117,4.1203236245954695,Best Seller (1987),Thriller,92641,4639.0
1051,0.10398048941988901,0.28421333774769636,4.132843949798722,Trees Lounge (1996),Drama,117958,27845.0
4826,0.5879198229884129,0.5946145621735813,4.755731335274418,"Big Red One, The (1980)",Action|Adventure|Drama|War,80437,16121.0
170697,0.10991604060888688,0.12088327304214612,4.676264484810523,Gifted (2017),Drama,4481414,400928.0
55995,-0.737808511005679,0.9199521746241759,2.9649828267903087,Beowulf (2007),Action|Adventure|Animation|Fantasy|IMAX,442933,2310.0
162600,-0.3396708319862547,0.1887060177701415,1.9669902912621362,Miss Peregrine's Home for Peculiar Children (2016),Fantasy,1935859,283366.0
1415,0.1824058360110101,0.06714325251939021,6.483656957928803,"Thieves (Voleurs, Les) (1996)",Crime|Drama|Romance,118100,49935.0
1030,-0.46246180159124434,2.648010228307114,3.592345270390408,Pete's Dragon (1977),Adventure|Animation|Children|Musical,76538,11114.0
412,1.3955254207248422,1.6938341630285134,4.590875799764158,"Age of Innocence, The (1993)",Drama,106226,10436.0
842,0.016243152755716604,2.2961548690184803,3.774064357987722,Tales from the Crypt Presents: Bordello of Blood (1996),Comedy|Horror,117826,9431.0
1064,-0.622880171067556,2.0503010790434866,3.463190923728201,Aladdin and the King of Thieves (1996),Animation|Children|Comedy|Fantasy|Musical|Romance,115491,11238.0
784,-7.516556736809296,9.988725506842606,3.0144862073667276,"Cable Guy, The (1996)",Comedy|Thriller,115798,9894.0
180095,0.612574725880673,1.8834520299331867,4.09223070946509,Wonder (2017),Drama,2543472,406997.0
1489,-0.3081921541888234,0.5860235966863344,3.2410862902432465,Cats Don't Dance (1997),Animation|Children|Musical,118829,24662.0
3706,0.21267807113374038,0.5635532135703258,4.1443780268165895,Angel Heart (1987),Film-Noir|Horror|Mystery|Thriller,92563,635.0
4848,4.705546480478935,9.658903535618746,4.254162200902447,Mulholland Drive (2001),Crime|Drama|Film-Noir|Mystery|Thriller,166924,1018.0
8132,0.8472150164282022,1.5345483438300822,4.31908434540815,Gladiator (1992),Action|Drama,104346,16219.0
1772,0.4942222074254029,0.6367108121163279,4.5432017172668,Blues Brothers 2000 (1998),Action|Comedy|Musical,118747,11568.0
136864,-3.294356008870642,2.2311146784871916,2.2904386641156633,Batman v Superman: Dawn of Justice (2016),Action|Adventure|Fantasy|Sci-Fi,2975590,209112.0
406,-0.34407826576967365,0.4990838211411603,3.077570496040293,Federal Hill (1994),Drama,109785,171857.0
1034,-0.6052322228116214,1.281047536305466,3.2945392653173005,Freeway (1996),Comedy|Crime|Drama|Thriller,116361,11229.0
1974,-2.2899066847844063,1.7740853014505922,2.4762368630520895,Friday the 13th (1980),Horror|Mystery|Thriller,80761,4488.0
6820,0.5703521502873611,0.46537372367528645,4.992569049304184,Ginger Snaps (2000),Drama|Horror|Thriller,210070,9871.0
146028,-0.08782212530452445,0.7548520770222206,3.6506468009574267,The Adventures of Sherlock Holmes and Dr. Watson: The Hound of the Baskervilles (1981),Crime|Mystery,83100,84254.0
45440,0.7903526231088607,1.0879955497771998,4.493420305861653,Art School Confidential (2006),Comedy|Drama,364955,9786.0
2682,0.14910992557057742,0.3153855129000902,4.23977651469851,Limbo (1999),Drama,164085,62676.0
2349,-2.246335283676423,1.7247106839065047,2.464548493552373,Mona Lisa (1986),Comedy|Thriller,91538,10002.0
1163,-0.9526793377694668,0.5576970805160844,2.058752304992113,Mina Tannenbaum (1994),Drama,110521,86369.0
8008,0.2210249114612811,0.2943351543717058,4.517919659291876,Brigadoon (1954),Fantasy|Musical|Romance,46807,18283.0
1752,-0.3124903652383919,0.9081767633038311,3.4229048908588138,Hard Rain (1998),Action|Crime|Thriller,120696,11258.0
41716,0.4814464378700952,1.2427973356588582,4.154379629858409,"Matador, The (2005)",Comedy|Drama|Thriller,365485,9515.0
32584,-0.5947640583251661,0.5277933064494101,2.6401020737394774,"Ballad of Jack and Rose, The (2005)",Drama,357110,17113.0
6695,0.0657032408464002,0.2236934049776716,4.060710353563295,Jeepers Creepers 2 (2003),Horror|Thriller,301470,11351.0
1826,-0.4431546927319337,0.29446463135477174,2.262039796212631,Barney's Great Adventure (1998),Adventure|Children,120598,17644.0
103655,-0.21256674315003746,0.3052090780163887,3.0705275761569735,R.I.P.D. (2013),Action|Comedy|Fantasy,790736,49524.0
54785,0.034736891261978306,0.13152139420147063,4.031106190222017,Halloween (2007),Horror,373883,2082.0
5884,-0.6516965304238806,0.21112033903603206,0.6801416560264038,Chopper Chicks in Zombietown (1989),Comedy|Horror,103959,27070.0
2094,0.033094336029794474,4.289165683398954,3.7747060892687005,"Rocketeer, The (1991)",Action|Adventure|Sci-Fi,102803,10249.0
71535,-0.4219863326806241,10.163569904572762,3.725470792046534,Zombieland (2009),Action|Comedy|Horror,1156398,19908.0
587,0.6662699478711628,14.213406492490089,3.8138664534420608,Ghost (1990),Comedy|Drama|Fantasy|Romance|Thriller,99653,251.0
1307,-0.7580662954401315,13.75174336714008,3.711865186378959,When Harry Met Sally... (1989),Comedy|Romance,98635,639.0
1276,3.2717810983705298,11.992832227667341,4.039801670280894,Cool Hand Luke (1967),Drama,61512,903.0
6300,0.3525211531752071,0.45905478312309717,4.534918578114725,Flickering Lights (Blinkende lygter) (2000),Action|Comedy|Crime,236027,10180.0
2015,0.03317230470859976,0.9547138208367677,3.8017361009326462,"Absent-Minded Professor, The (1961)",Children|Comedy|Fantasy,54594,17984.0
3624,-2.3915944372868787,8.932677410704803,3.49925483778871,Shanghai Noon (2000),Action|Adventure|Comedy|Western,184894,8584.0
135861,-2.0169954915115005,0.9016128007796395,1.5298930697415773,Ted 2 (2015),Comedy,2637276,214756.0
149380,-1.0065603460054817,0.5716746580518313,2.006267943632339,'Tis the Season for Love (2015),Romance,5056034,362886.0
27793,-0.1984980728885241,0.19457248761213886,2.746814852665645,Starship Troopers 2: Hero of the Federation (2004),Action|Horror|Sci-Fi|War,367093,10304.0
64497,-0.5791888962418366,0.9830032680348442,3.177786862264679,"Day the Earth Stood Still, The (2008)",Drama|Sci-Fi|Thriller|IMAX,970416,10200.0
2752,-0.17583165398427728,1.3199138409423135,3.6337757976109843,Outrageous Fortune (1987),Comedy|Mystery,93690,20242.0
42018,0.31149472808268874,0.11394494335438751,6.500720449992295,Mrs. Henderson Presents (2005),Comedy|Drama,413015,10773.0
52435,0.004396789281504495,0.24546633755585814,3.784902275957406,How the Grinch Stole Christmas! (1966),Animation|Comedy|Fantasy|Musical,60345,13377.0
59440,-0.03034010198047381,0.11394494335438751,3.500720449992295,Bella (2006),Drama|Romance,482463,12586.0
96110,0.3515504834721293,0.45173037943773997,4.545221066685515,"Campaign, The (2012)",Comedy,1790886,77953.0
126921,-0.5114593822527412,0.3349380025371933,2.239963264235109,The Fox and the Hound 2 (2006),Adventure|Animation|Children|Comedy,465997,9948.0
6288,0.7786830367735724,1.9676428466934763,4.162734385817767,Better Luck Tomorrow (2002),Crime|Drama,280477,14290.0
60904,-0.08782212530452445,0.7548520770222206,3.6506468009574267,Heart of a Dog (Sobachye serdtse) (1988),Comedy|Drama|Sci-Fi,96126,43680.0
159811,0.6670299517176961,0.7548520770222206,4.650646800957427,The Bremen Town Musicians (1969),Animation|Drama|Fantasy,211281,33108.0
3795,0.0025867122544967975,0.002553118588853982,4.7801481859989785,"Five Senses, The (1999)",Drama,168794,47585.0
42007,-0.18748792383398943,0.9245859154406688,3.5642098673957068,Rumor Has It... (2005),Comedy|Drama|Romance,398375,2800.0
157699,0.06996139261694298,0.20905486968566214,4.101645937993245,Snowden (2016),Drama|Thriller,3774114,302401.0
3296,0.5590733263554356,1.6106375842351246,4.11410334253303,To Sir with Love (1967),Drama,62376,25934.0
731,0.02129916191621389,0.05387871620617172,4.162307095669849,Heaven's Prisoners (1996),Crime|Thriller,116508,36915.0
4229,0.22824844088662782,0.09217201077620096,6.2433216522088815,Say It Isn't So (2001),Comedy|Romance,239949,20309.0
136912,-0.24531782310118394,0.1887060177701415,2.466990291262136,God Loves Caviar (2012),Adventure,2181959,128767.0
85510,-0.059962204141843105,0.3052090780163887,3.5705275761569735,Sucker Punch (2011),Action|Fantasy|Thriller|IMAX,978764,23629.0
988,0.04811933097222966,0.06714325251939021,4.483656957928803,Grace of My Heart (1996),Comedy|Drama,116442,58985.0
2240,0.24756553738028086,0.38240015762800045,4.414389442235063,My Bodyguard (1980),Drama,81207,21873.0
1574,-0.6516965304238806,0.21112033903603206,0.6801416560264038,Fall (1997),Romance,119098,37567.0
688,1.6521861509244893,2.556930835569526,4.413150182621296,Operation Dumbo Drop (1995),Action|Adventure|Comedy|War,114048,27281.0
914,2.209949986663029,5.554555556971856,4.164852904030351,My Fair Lady (1964),Comedy|Drama|Musical|Romance,58385,11113.0
2467,0.2641691132767987,2.8418320346052135,3.8599476195137674,"Name of the Rose, The (Name der Rose, Der) (1986)",Crime|Drama|Mystery|Thriller,91605,192.0
76,-1.1213236313679866,2.8788532251974797,3.3774867133952693,Screamers (1995),Action|Sci-Fi|Thriller,114367,9102.0
667,0.2731848121482373,1.158225753761835,4.002855200379337,Bloodsport 2 (a.k.a. Bloodsport II: The Next Kumite) (1996),Action,112536,25087.0
4700,-1.3733027910880664,3.6250948525041666,3.3881580545995815,"Princess Diaries, The (2001)",Children|Comedy|Romance,247638,9880.0
6863,-4.024236080135109,12.546754593805197,3.4462510873470436,School of Rock (2003),Comedy|Musical,332379,1584.0
5965,0.6391918294532326,0.864788945730844,4.506120726044745,"Duellists, The (1977)",Action|War,75968,19067.0
3435,0.9478388654167761,2.3166317548356132,4.176135535618865,Double Indemnity (1944),Crime|Drama|Film-Noir,36775,996.0
1372,-0.7378832055682185,7.32624122689667,3.6662724493680905,Star Trek VI: The Undiscovered Country (1991),Action|Mystery|Sci-Fi,102975,174.0
1816,-0.5548734838063673,0.34520005231493467,2.159593420707371,Two Girls and a Guy (1997),Comedy|Drama,124179,32456.0
3264,-2.7737669883258347,4.350364184009642,3.129396087420261,Buffy the Vampire Slayer (1992),Action|Comedy|Horror,103893,10206.0
73319,0.34430626643110396,0.9066126605890246,4.146762471155817,Leap Year (2010),Comedy|Romance,1216492,25195.0
39183,-2.8230813699214807,7.406759512820976,3.3858409688040796,Brokeback Mountain (2005),Drama|Romance,388795,142.0
2032,-0.4461749700483783,0.28819914333268454,2.2188421431139878,"Barefoot Executive, The (1971)",Children|Comedy,66811,20173.0
1480,-0.28399134272211674,2.8000190263344242,3.6655655009120873,Smilla's Sense of Snow (1997),Drama|Thriller,120152,9311.0
3252,1.428704184999474,3.6071693935334785,4.163063785221331,Scent of a Woman (1992),Drama,105323,9475.0
52952,0.2824284303430244,1.0208686755371077,4.04364529803314,This Is England (2006),Drama,480025,11798.0
61628,-0.1984980728885241,0.19457248761213886,2.746814852665645,Sunflower (Xiang ri kui) (2005),Drama,401808,38019.0
2871,1.9533798011942796,3.902716029036003,4.267508337325759,Deliverance (1972),Adventure|Drama|Thriller,68473,10669.0
5040,0.06864267291873742,0.609513768521833,3.879609031746386,Conan the Destroyer (1984),Action|Adventure|Fantasy,87078,9610.0
5505,-0.8470784376356792,2.73815252556965,3.4576289866140497,"Good Girl, The (2002)",Comedy|Drama,279113,9962.0
107406,0.2596998753986479,1.337807281832586,3.961113823795835,Snowpiercer (2013),Action|Drama|Sci-Fi,1706620,110415.0
1889,0.4510231191725457,1.3438395397016574,4.102613039252328,Insomnia (1997),Drama|Mystery|Thriller,119375,26610.0
69784,-0.3798189215620069,1.384225194619856,3.492599301242398,Brüno (Bruno) (2009),Comedy,889583,18480.0
3359,1.2698832488264165,1.593884879693635,4.563712353818187,Breaking Away (1979),Comedy|Drama,78902,20283.0
74553,-0.2511725595895002,0.586069305708834,3.3384188626907076,"Secret of Kells, The (2009)",Animation|Fantasy,485601,26963.0
55269,-0.35542141626868506,2.651809873877951,3.6329605405738166,"Darjeeling Limited, The (2007)",Adventure|Comedy|Drama,838221,4538.0
69304,-0.17652137971554788,0.3349380025371933,3.239963264235109,Imagine That (2009),Comedy|Drama|Fantasy,780567,19724.0
3013,0.2017629295515669,0.3338523294738158,4.371338117349092,Bride of Re-Animator (1990),Comedy|Horror,99180,18111.0
179133,0.6670299517176961,0.7548520770222206,4.650646800957427,Loving Vincent (2017),Animation|Crime|Drama,3262342,339877.0
98083,-0.0006692858190311193,0.03535732870589819,3.74806109486842,Jackass 3.5 (2011),Comedy|Documentary,1753968,65851.0
174815,0.0004562064582468579,0.002847433546159135,3.9272070095283897,The House (2017),Comedy,4481514,345914.0
3725,-0.05644946236421094,0.06893676767508185,2.9481317304680914,American Pop (1981),Animation|Musical,82009,29204.0
66744,0.027113252563222372,0.03250989515973905,4.600990291262136,"Divo, Il (2008)",Drama,1023490,8832.0
30894,-0.7668526190587998,0.6147430966077871,2.519554373249607,White Noise (2005),Drama|Horror|Mystery|Sci-Fi|Thriller,375210,11804.0
7321,0.034736891261978306,0.13152139420147063,4.031106190222017,Twisted (2004),Thriller,315297,13572.0
26629,-0.09678450293949233,0.13152139420147063,3.031106190222017,Killer Klowns from Outer Space (1988),Comedy|Horror|Sci-Fi,95444,16296.0
56012,0.034736891261978306,0.13152139420147063,4.031106190222017,"Evening with Kevin Smith 2: Evening Harder, An (2006)",Comedy|Documentary,910873,16768.0
60293,0.056323814400972144,0.5661265447482327,3.8664800871805034,"Wackness, The (2008)",Comedy|Drama|Romance,1082886,13990.0
2526,-0.5025277596220148,0.43851677948819323,2.6210187272810934,Meteor (1979),Sci-Fi,79550,40160.0
27,0.25960700704590167,0.727745544973811,4.123718008578831,Now and Then (1995),Children|Drama,114011,9263.0
332,-0.38623801416011166,0.6383404467419838,3.16192442690805,Village of the Damned (1995),Horror|Sci-Fi,114852,12122.0
2023,4.341932843549239,10.170297091604054,4.193913202603011,"Godfather: Part III, The (1990)",Crime|Drama|Mystery|Thriller,99674,242.0
5066,-1.0857935970612682,3.6988690836696954,3.473442838648853,"Walk to Remember, A (2002)",Drama|Romance,281358,10229.0
87222,-3.0653114247164464,3.808878663824199,2.962209752089275,Kung Fu Panda 2 (2011),Action|Adventure|Animation|Children|Comedy|IMAX,1302011,49444.0
30793,-2.4963403998611677,8.90464771984625,3.486649004509439,Charlie and the Chocolate Factory (2005),Adventure|Children|Comedy|Fantasy|IMAX,367594,118.0
145283,-0.10653362994789009,0.45905478312309717,3.5349185781147257,Nowitzki: The Perfect Shot (2014),Documentary,3626804,291343.0
2335,1.0916691011911555,2.7286600303205493,4.1670654523524355,"Waterboy, The (1998)",Comedy,120484,10663.0
2754,-0.5548734838063673,0.34520005231493467,2.159593420707371,Deadtime Stories (1987),Horror,92850,66194.0
2857,0.5641347942894558,2.1510362602743713,4.0292521622998185,Yellow Submarine (1968),Adventure|Animation|Comedy|Fantasy|Musical,63823,12105.0
3743,-0.20967343149143255,0.34520005231493467,3.159593420707371,Boys and Girls (2000),Comedy|Romance,204175,10571.0
81834,1.3888837626263446,5.921782517077525,4.001528415318704,Harry Potter and the Deathly Hallows: Part 1 (2010),Action|Adventure|Fantasy|IMAX,926084,12444.0
117851,-0.9047374573431582,1.98248516918922,3.3106249820007454,Penguins of Madagascar (2014),Adventure|Animation|Children|Comedy,1911658,270946.0
38886,-0.1984980728885241,0.19457248761213886,2.746814852665645,"Squid and the Whale, The (2005)",Comedy|Drama,367089,10707.0
3270,-0.8525425270575401,1.2419390589484074,3.0805294533371117,"Cutting Edge, The (1992)",Comedy|Drama|Romance,104040,16562.0
86781,0.20793771104808526,0.7373037970226964,4.049014759178561,Incendies (2010),Drama|Mystery|War,1255953,46738.0
170875,-1.8125405551897416,1.2037450956473819,2.2612391469844138,The Fate of the Furious (2017),Action|Crime|Drama|Thriller,4630562,337339.0
1235,0.33777413646756665,3.6071134691624005,3.8606314088358507,Harold and Maude (1971),Comedy|Drama|Romance,67185,343.0
3811,0.34817532987392813,0.4129151090157408,4.61020315093169,Breaker Morant (1980),Drama|War,80310,13783.0
6936,-0.26222639422164007,7.544560652451413,3.7322332780573397,Elf (2003),Children|Comedy|Fantasy,319343,10719.0
27020,-0.0806891417499876,0.3001171675161411,3.4981314904884417,Gia (1998),Drama|Romance,123865,14533.0
33683,0.06936944200808294,0.3001171675161411,3.9981314904884417,High Tension (Haute tension) (Switchblade Romance) (2003),Horror|Thriller,338095,10226.0
4774,-1.6915853935988436,1.2191880048804666,2.3795214293414575,Big Trouble (2002),Comedy|Crime,246464,2185.0
8643,0.053198543559504194,0.05281164506088962,4.774316298588143,"Cinderella Story, A (2004)",Comedy|Romance,356470,11247.0
8656,0.28960391320658585,0.7548520770222206,4.150646800957427,"Short Film About Killing, A (Krótki film o zabijaniu) (1988)",Crime|Drama,95468,10754.0
147286,0.6670299517176961,0.7548520770222206,4.650646800957427,The Adventures of Sherlock Holmes and Doctor Watson: The Treasures of Agra (1983),Crime|Mystery,86333,127608.0
501,0.41584682375448906,0.6494787702890066,4.4072680690399135,Naked (1993),Drama,107653,21450.0
5993,-1.8424635515807197,1.5946145575242758,2.6115615120082687,Max (2002),Drama,290210,13560.0
5095,0.5879198229884129,0.5946145621735813,4.755731335274418,"Scotland, Pa. (2001)",Comedy|Crime,265713,27593.0
8864,-0.6043074190185721,0.4832217024063165,2.516410244858424,Mr. 3000 (2004),Comedy|Drama,339412,16232.0
40851,-0.3626965678154139,0.4832217024063165,3.016410244858424,Zathura (2005),Action|Adventure|Children|Fantasy,406375,6795.0
577,-0.5850483312603898,0.5653290687680821,2.732109257220709,Andre (1994),Adventure|Children|Drama,109120,21352.0
71211,0.034736891261978306,0.13152139420147063,4.031106190222017,"Informant!, The (2009)",Comedy|Crime|Drama|Thriller,1130080,11323.0
2439,0.028174688758206973,0.024664399667020533,4.909312388640413,Affliction (1997),Drama,118564,31662.0
115231,-0.2714150321679208,0.33860448768361584,2.9654207845356786,St. Vincent (2014),Comedy,2170593,239563.0
1927,-0.0655262757139514,2.444948038406057,3.7401896089226168,All Quiet on the Western Front (1930),Action|Drama|War,20629,143.0
103249,-0.0021395584499577236,1.4116098147433769,3.7654746044005036,World War Z (2013),Action|Drama|Horror|IMAX,816711,72190.0
1269,2.047139026821281,4.942168013603754,4.181209116115186,Arsenic and Old Lace (1944),Comedy|Mystery|Thriller,36613,212.0
3072,-0.34408960475078176,4.0088069288932,3.681156872278852,Moonstruck (1987),Comedy|Romance,93565,2039.0
3387,0.27886116325404975,1.4600492052080936,3.957984651081883,Who's Harry Crumb? (1989),Comedy|Mystery,98645,11718.0
106918,0.6622774108772211,2.807154477204094,4.002915109883748,"Secret Life of Walter Mitty, The (2013)",Adventure|Comedy|Drama,359950,116745.0
135536,0.14065019219676544,0.5986939377785401,4.001918663376023,Suicide Squad (2016),Action|Crime|Sci-Fi,1386697,297761.0
42004,0.054035580527820384,0.6330892671003321,3.85234252093318,Transamerica (2005),Adventure|Comedy|Drama,407265,546.0
103980,0.17105689789429707,0.5979222559748238,4.053075808542998,Blue Jasmine (2013),Drama,2334873,160588.0
4876,-2.188705678235814,2.0194310114481233,2.683167340228862,Thirteen Ghosts (a.k.a. Thir13en Ghosts) (2001),Horror|Thriller,245674,9378.0
1019,-0.4697132659297994,3.625330738186851,3.637426039101044,"20,000 Leagues Under the Sea (1954)",Adventure|Drama|Sci-Fi,46672,173.0
33154,0.23291854397932346,1.1172401148334443,3.9754670017623193,Enron: The Smartest Guys in the Room (2005),Documentary,413845,13020.0
60737,-0.5114593822527412,0.3349380025371933,2.239963264235109,Watching the Detectives (2007),Comedy|Romance,472205,22100.0
101283,0.15841662282164543,0.3349380025371933,4.239963264235109,"Incredible Burt Wonderstone, The (2013)",Comedy,790628,124459.0
384,-0.41689234083656757,0.887584781562416,3.297297311507896,Bad Company (1995),Action|Crime|Drama,112443,40480.0
8426,0.2017629295515669,0.3338523294738158,4.371338117349092,Robot Carnival (Roboto kânibauru) (1987),Animation|Comedy|Drama|Fantasy|Sci-Fi,93871,33441.0
175435,0.28960391320658585,0.7548520770222206,4.150646800957427,The Magic Ring (1982),Animation|Fantasy,189195,79216.0
2331,-0.20225614707870804,0.5851130267787832,3.421320074018492,Living Out Loud (1998),Comedy|Drama|Romance,120722,46889.0
4866,-0.9741275748783866,1.0371242115192953,2.827731942012555,"Last Castle, The (2001)",Action,272020,2100.0
2750,-0.627999326650486,0.9549710835568785,3.1093794615064914,Radio Days (1987),Comedy|Drama,93818,30890.0
42011,-1.10696634158613,1.5841962190885162,3.0682344627555924,Fun with Dick and Jane (2005),Comedy|Crime,369441,7552.0
4919,-0.006694739185168349,0.5946145621735813,3.7557313352744184,Subway (1985),Crime|Drama|Romance|Thriller,90095,10656.0
6040,-0.6353312248573291,0.6147430966077871,2.7334996699552043,Darkness Falls (2003),Horror|Thriller,282209,10727.0
5258,-0.4405761913878486,0.21112033903603206,1.6801416560264038,George Washington (2000),Drama,262432,18292.0
4830,0.23649169935750297,0.33860448768361584,4.465420784535679,Brubaker (1980),Crime|Drama,80474,1623.0
2644,-0.8963251689365876,1.8509441289140542,3.2827373335769896,Dracula (1931),Horror,21814,138.0
3744,-1.359589437413406,4.396265273874451,3.457730191446732,Shaft (2000),Action|Crime|Thriller,162650,479.0
5764,-2.064102559526681,0.9999999977831125,1.7028877271595717,Looker (1981),Drama|Horror|Sci-Fi|Thriller,82677,21874.0
908,4.611476528605246,13.727149307933107,4.10292868787739,North by Northwest (1959),Action|Adventure|Mystery|Romance|Thriller,53125,213.0
3481,-0.31656552228327683,16.47822520899011,3.7477791493904635,High Fidelity (2000),Comedy|Drama|Romance,146882,243.0
271,0.06413471522020145,0.20119310613706237,4.085762223619052,Losing Isaiah (1995),Drama,113691,28313.0
606,-0.08769058166905244,0.8406713820143289,3.662680113057976,Candyman: Farewell to the Flesh (1995),Fantasy|Horror,112625,10824.0
78469,-2.231462328394772,4.159041692464921,3.230457480726096,"A-Team, The (2010)",Action|Comedy|Thriller,429493,34544.0
743,-2.380353024798522,4.9456377986343405,3.285686742212139,Spy Hard (1996),Comedy,117723,10535.0
2134,-0.9160383925462675,2.439985329455704,3.391562463279821,Weird Science (1985),Comedy|Fantasy|Sci-Fi,90305,11814.0
2169,-0.9199298809498383,0.9852995981284967,2.8333353068318403,Dead Man on Campus (1998),Comedy,118301,14557.0
3017,-0.038934307778622654,0.8105737759902212,3.7189572695534587,Creepshow 2 (1987),Horror,92796,16288.0
3370,-0.20967343149143255,0.34520005231493467,3.159593420707371,Betrayed (1988),Drama|Thriller,94731,31618.0
5219,-4.982720922012236,8.373506132273242,3.171932397555247,Resident Evil (2002),Action|Horror|Sci-Fi|Thriller,120804,1576.0
111743,0.1796101994359442,1.5533817860839354,3.8826155683479064,A Million Ways to Die in the West (2014),Comedy|Western,2557490,188161.0
57368,-2.2252042423718734,4.779700049680335,3.301437177208317,Cloverfield (2008),Action|Mystery|Sci-Fi|Thriller,1060277,7191.0
3783,1.2294865317137504,2.114252330343827,4.3485133734733346,Croupier (1998),Crime|Drama,159382,12706.0
71033,0.16793511895651286,2.0475652477200637,3.8490072717434693,"Secret in Their Eyes, The (El secreto de sus ojos) (2009)",Crime|Drama|Mystery|Romance|Thriller,1305806,25376.0
1350,-0.2876792393753349,1.6899737763343108,3.5967632478583416,"Omen, The (1976)",Horror|Mystery|Thriller,75005,794.0
2322,-0.41309592972612813,0.6843722734819797,3.1633773955725424,Soldier (1998),Action|Sci-Fi|War,120157,9425.0
4267,-0.13053656968306906,0.7656115512072211,3.5964905522270625,One Night at McCool's (2001),Comedy,203755,2144.0
916,1.9136328564598026,3.7655839010099807,4.275180496756307,Roman Holiday (1953),Comedy|Drama|Romance,46250,804.0
54116,0.026632369696719945,0.11394494335438751,4.000720449992295,First Snow (2006),Drama|Thriller,432289,16083.0
1135,0.055498064587653995,1.5752249035660562,3.802222126704818,Private Benjamin (1980),Comedy,81375,10765.0
175397,0.6670299517176961,0.7548520770222206,4.650646800957427,"In the blue sea, in the white foam. (1984)",Animation|Children|Fantasy,487132,196649.0
7225,0.0018799232313264256,0.002847433546159135,4.42720700952839,Pumping Iron (1977),Documentary,76578,5205.0
93855,0.41584682375448906,0.6494787702890066,4.4072680690399135,God Bless America (2011),Comedy|Drama,1912398,74306.0
122890,-0.14098961166816631,0.9546878483053953,3.619308918844515,Warcraft (2016),Action|Adventure|Fantasy,803096,68735.0
3287,-0.12276971759547572,0.9938094814267407,3.6434558312978136,"Tigger Movie, The (2000)",Animation|Children,220099,15655.0
6509,0.08733410303090479,0.2837467184187765,4.074779235985754,Ali: Fear Eats the Soul (Angst essen Seele auf) (1974),Drama|Romance,71141,216.0
5214,0.006494670727831535,0.08154419913832892,3.8466363089612514,"Oh, God! (1977)",Comedy|Fantasy,76489,24032.0
3528,0.27911381090596654,0.8923855903968113,4.079762946837911,"Prince of Tides, The (1991)",Drama|Romance,102713,10333.0
8815,-0.45783132461634035,0.999999998504112,3.3091589659609313,Exorcist: The Beginning (2004),Horror|Thriller,204313,11026.0
1875,0.2801370938546933,0.5778802045594241,4.251757015653171,Clockwatchers (1997),Comedy,118866,55561.0
7257,-0.12108571661225562,0.4832217024063165,3.516410244858424,"Big Bounce, The (2004)",Comedy|Crime|Thriller,315824,12634.0
8967,-0.22830589714096294,0.13152139420147063,2.031106190222017,Seed of Chucky (Child's Play 5) (2004),Comedy|Horror,387575,11249.0
1210,16.636558811032003,41.57227480246428,4.167174281435458,Star Wars: Episode VI - Return of the Jedi (1983),Action|Adventure|Sci-Fi,86190,1892.0
112552,1.8166713590935364,6.9100700003035,4.029892310925287,Whiplash (2014),Drama,2582802,244786.0
2076,0.9633329980240265,8.29827080367415,3.8830786933901433,Blue Velvet (1986),Drama|Mystery|Thriller,90756,793.0
253,-0.12130603699344117,14.802597932727913,3.7587953759138486,Interview with the Vampire: The Vampire Chronicles (1994),Drama|Horror,110148,628.0
1148,5.806382463278998,11.34828362338412,4.27864321217737,Wallace & Gromit: The Wrong Trousers (1993),Animation|Children|Comedy|Crime,108598,531.0
55247,1.8044741224983532,8.51744145885614,3.978846648739313,Into the Wild (2007),Action|Adventure|Drama,758758,5915.0
74510,0.3525211531752071,0.45905478312309717,4.534918578114725,"Girl Who Played with Fire, The (Flickan som lekte med elden) (2009)",Action|Crime|Drama|Mystery|Thriller,1216487,24253.0
1689,-1.7470817913409091,1.6158018074394183,2.6857427129409235,"Man Who Knew Too Little, The (1997)",Comedy|Crime|Thriller,120483,9414.0
2371,-1.966145508921196,3.7893895093172607,3.2481348122761715,Fletch (1985),Comedy|Crime|Mystery,89155,9749.0
2804,2.454424642020259,10.937691168526795,3.9913909078276197,"Christmas Story, A (1983)",Children|Comedy,85334,850.0
4036,-1.0143059826339467,2.007816159576873,3.261811578661426,Shadow of the Vampire (2000),Drama|Horror,189998,10873.0
1363,0.1371323945759459,0.34261016816749634,4.167248098289346,"Preacher's Wife, The (1996)",Drama,117372,21539.0
1280,1.003106544493696,1.4529708235697751,4.457373420931033,Raise the Red Lantern (Da hong deng long gao gao gua) (1991),Drama,101640,10404.0
1866,0.3502027771525104,1.11645106508229,4.080665281689682,"Big Hit, The (1998)",Action|Comedy|Crime,120609,9448.0
102123,-0.3387336735725378,0.7917161184688595,3.3391429029487183,This Is the End (2013),Action|Comedy,1245492,109414.0
32598,-1.419850375078283,1.6414985440824987,2.9020182325315593,Fever Pitch (2005),Comedy|Romance,332047,11431.0
1955,0.7311591495712836,1.3737374413271244,4.299231116601317,Kramer vs. Kramer (1979),Drama,79417,12102.0
6949,-0.03384622377060357,0.28455899244174154,3.648047559984603,"Big Empty, The (2003)",Comedy|Mystery|Sci-Fi,321442,14892.0
5480,-0.613572170578854,0.6735424902208091,2.856027464881717,Stuart Little 2 (2002),Children|Comedy,243585,10996.0
79897,-0.5114593822527412,0.3349380025371933,2.239963264235109,Get Low (2009),Comedy|Drama|Mystery,1194263,44718.0
1771,0.2017629295515669,0.3338523294738158,4.371338117349092,Night Flier (1997),Horror,119784,12238.0
3727,0.3686890942884748,0.3338523294738158,4.871338117349092,Near Dark (1987),Horror|Western,93605,11879.0
140038,0.28960391320658585,0.7548520770222206,4.150646800957427,Madly in Love (1981),Comedy,82562,11441.0
99007,0.13007054320098577,2.1114988843420326,3.8285913388239097,Warm Bodies (2013),Comedy|Horror|Romance,1588173,82654.0
179427,0.0018799232313264256,0.002847433546159135,4.42720700952839,Dane Cook: Troublemaker (2014),Comedy,4129180,298718.0
25906,0.8096672993832544,0.49842644783279677,5.391437193917003,Mr. Skeffington (1944),Drama|Romance,37094,43307.0
60161,-0.08668800791962548,0.6299478420342675,3.6293788857849982,Futurama: The Beast with a Billion Backs (2008),Action|Animation|Comedy|Romance|Sci-Fi,1054485,12889.0
7258,-0.08634882535027731,0.6147430966077871,3.6265270216024055,"Perfect Score, The (2004)",Comedy|Crime,314498,13505.0
73431,-0.3651712821582318,0.3052090780163887,2.5705275761569735,"Maiden Heist, The (2009)",Comedy|Crime,1107860,24271.0
71619,0.056323814400972144,0.5661265447482327,3.8664800871805034,Coco Before Chanel (Coco avant Chanel) (2009),Drama,1035736,11156.0
460,-0.07978007972918677,0.16161900022557843,3.2733597180137286,Getting Even with Dad (1994),Comedy,109891,41579.0
3173,-2.162310333033476,2.7422929139310437,2.978485780292945,Any Given Sunday (1999),Drama,146838,9563.0
5891,-1.9861988135780564,0.9963103399323145,1.773435939800732,I Spit on Your Grave (Day of the Woman) (1978),Horror|Thriller,77713,25239.0
107141,1.592292684237529,3.616787489069596,4.207240842075432,Saving Mr. Banks (2013),Comedy|Drama,2140373,140823.0
103772,0.10189494340312952,1.7825773496613329,3.824151874417273,"Wolverine, The (2013)",Action|Adventure|Fantasy|Sci-Fi,1430132,76170.0
2496,0.9924440230497262,2.971365806856909,4.100992930977347,Blast from the Past (1999),Comedy|Romance,124298,11622.0
3258,-0.11052394585938455,1.0953087633780663,3.6660836341123155,Death Becomes Her (1992),Comedy|Fantasy,104070,9374.0
3512,0.15415960271918366,0.5093013233753935,4.069678691318691,Return to Me (2000),Drama|Romance,122459,2621.0
3972,-0.766884540634981,3.167217996287101,3.5248583819543486,"Legend of Drunken Master, The (Jui kuen II) (1994)",Action|Comedy,111512,12207.0
4025,-6.231846121873713,10.676443781795516,3.1832897399137856,Miss Congeniality (2000),Comedy|Crime,212346,1493.0
176371,-1.872435992474205,3.9913406497043797,3.2978657146332564,Blade Runner 2049 (2017),Sci-Fi,1856101,335984.0
44195,3.610455973617197,6.64734917474844,4.31013250911529,Thank You for Smoking (2006),Comedy|Drama,427944,9388.0
1056,0.19405173404691914,0.5973101661242444,4.0918662854312275,Jude (1996),Drama,116722,25147.0
2497,0.29719752318366344,0.6399518470020742,4.23139636271254,Message in a Bottle (1999),Romance,139462,10207.0
4104,0.36810337926090453,0.12799411618745177,6.642930140886197,Ernest Goes to Camp (1987),Comedy,92974,18935.0
81018,0.19709822322228226,0.8985360176309931,3.9863451299718133,"Illusionist, The (L'illusionniste) (2010)",Animation,775489,41201.0
1873,-0.8810866603551974,1.4400807346846174,3.155158857694518,"Misérables, Les (1998)",Crime|Drama|Romance|War,119683,4415.0
86892,0.19589539505518236,0.3745059023113781,4.290067214339059,The Man from Nowhere (2010),Action|Crime|Thriller,1527788,51608.0
41573,-0.3187494826864661,1.2341570145424656,3.5087172523128456,"Family Stone, The (2005)",Comedy|Drama|Romance,356680,9043.0
53435,0.10076528178880888,0.24546633755585814,4.177495791902845,Hostel: Part II (2007),Crime|Horror|Thriller,498353,1691.0
93287,-0.07645426867431472,0.14645483851412655,3.2449572232529817,"Big Year, The (2011)",Comedy,1053810,73937.0
4899,0.16293593989176292,0.8050638844222797,3.9693791240548117,Black Knight (2001),Adventure|Comedy|Fantasy,265087,11469.0
141928,-0.5114593822527412,0.3349380025371933,2.239963264235109,Bloodsucking Bastards (2015),Comedy|Horror,3487994,317981.0
6030,0.079604366089949,0.05281164506088962,5.274316298588143,Girls! Girls! Girls! (1962),Comedy|Musical,56023,15734.0
63515,-0.08782212530452445,0.7548520770222206,3.6506468009574267,The Island (2006),Drama|Mystery,851577,22358.0
118888,-0.08451848530011846,0.7576995105683797,3.65544411217497,Dave Chappelle: For What it's Worth (2004),Comedy,424934,20147.0
110330,0.41584682375448906,0.6494787702890066,4.4072680690399135,Me and you (io e te) (2012),Drama,1801061,119360.0
48082,0.19166668856642521,0.5590448090911285,4.109837028141831,"Science of Sleep, The (La science des rêves) (2006)",Comedy|Drama|Fantasy|Romance,354899,300.0
4368,-0.753554754525516,2.4038906551963453,3.4535173165673,Dr. Dolittle 2 (2001),Comedy,240462,10808.0
7311,-0.3308674051004611,0.5277933064494101,3.1401020737394774,"Goodbye, Mr. Chips (1939)",Drama|Romance,31385,42852.0
39435,0.12052513459090264,0.4832217024063165,4.016410244858424,"Legend of Zorro, The (2005)",Action|Adventure|Drama|Western,386140,1656.0
5080,0.10049758836271362,0.13152139420147063,4.531106190222017,Slackers (2002),Comedy,240900,20009.0
5401,-0.28759473268381586,0.25139321721238833,2.6229867422688358,Undercover Brother (2002),Comedy,279493,12277.0
60522,-0.03102380583875701,0.13152139420147063,3.531106190222017,"Machine Girl, The (Kataude mashin gâru) (2008)",Action|Comedy|Fantasy|Horror|Thriller,1050160,13964.0
2069,0.19278482572024758,0.21112033903603206,4.680141656026404,"Trip to Bountiful, The (1985)",Drama,90203,47908.0
2323,0.19278482572024758,0.21112033903603206,4.680141656026404,"Cruise, The (1998)",Documentary,150230,32326.0
1085,0.08735226813444577,0.36675986552339207,4.005163211327389,"Old Man and the Sea, The (1958)",Adventure|Drama,52027,11331.0
1093,4.867691181506242,9.033995164019732,4.305809616835068,"Doors, The (1991)",Drama,101761,10537.0
1046,-0.050819096398981425,0.11284242841763797,3.3166357826645694,Beautiful Thing (1996),Drama|Romance,115640,10938.0
4144,0.939636708008702,1.1891047149685563,4.557195473514356,In the Mood For Love (Fa yeung nin wa) (2000),Drama|Romance,118694,843.0
336,-0.07978007972918677,0.16161900022557843,3.2733597180137286,"Walking Dead, The (1995)",Drama|War,114888,95963.0
4874,2.5241940463846047,7.291608963262269,4.113168214283296,K-PAX (2001),Drama|Fantasy|Mystery|Sci-Fi,272152,167.0
3328,4.447778024543009,5.531827850952801,4.571024354573944,Ghost Dog: The Way of the Samurai (1999),Crime|Drama,165798,4816.0
72011,0.9325139651921008,6.298334196175224,3.915047529278878,Up in the Air (2009),Drama|Romance,1193138,22947.0
1260,-0.17560572424692536,2.6476149057608205,3.700664284460757,M (1931),Crime|Film-Noir|Thriller,22100,832.0
2723,-2.6131329232505642,7.33335662759254,3.410655115441234,Mystery Men (1999),Action|Comedy|Fantasy,132347,9824.0
3741,0.06309209794008347,1.2177408616881944,3.8188010663827283,Badlands (1973),Crime|Drama|Thriller,69762,3133.0
2409,1.103289561135419,3.6336251201940906,4.070623584362137,Rocky II (1979),Action|Drama,79817,1367.0
26614,0.38099701660051416,1.7460063521446552,3.985200847101482,"Bourne Identity, The (1988)",Action|Adventure|Drama|Mystery|Thriller,94791,8677.0
157110,0.3525211531752071,0.45905478312309717,4.534918578114725,00 Schneider - Jagd auf Nihil Baxter (1994),Comedy|Crime,109000,1652.0
12,0.8405359888915402,3.09396743127607,4.038659598571189,Dracula: Dead and Loving It (1995),Comedy|Horror,112896,12110.0
984,-0.2780731402880762,0.4190717378153098,3.1034448521501656,"Pompatus of Love, The (1996)",Comedy|Drama,117357,85328.0
3548,0.24443870216640531,0.7119599178383267,4.110322403143627,Auntie Mame (1958),Comedy|Drama,51383,16347.0
2236,-1.4212168229227138,1.7163568349612497,2.9389475474845574,Simon Birch (1998),Drama,124879,22796.0
4317,-0.1976328470647321,0.34923073376900454,3.201081200353045,Love Potion #9 (1992),Comedy|Romance,102343,26255.0
3196,0.4710556611439892,0.9231028134921526,4.277286278078553,Stalag 17 (1953),Drama|War,46359,632.0
107565,-1.1507058032242075,0.8985360176309931,2.4863451299718133,"Fuck You, Goethe (Fack Ju Göhte) (2013)",Comedy,2987732,233063.0
136564,-0.2521697855932143,0.8985360176309931,3.4863451299718133,Macbeth (2015),Drama,2884018,225728.0
39414,0.11690407362919425,0.609513768521833,3.9587891966629196,Shopgirl (2005),Comedy|Drama|Romance,338427,2610.0
71282,-0.23063387068513863,0.7286880399621747,3.4504846564268083,"Food, Inc. (2008)",Documentary,1286537,18570.0
96728,0.5701974964254914,1.2568464885312596,4.220663434027423,"Master, The (2012)",Drama,1560747,68722.0
95311,0.6670299517176961,0.7548520770222206,4.650646800957427,Presto (2008),Animation|Children|Comedy|Fantasy,1245104,13042.0
127152,0.003303640004405993,0.002847433546159135,4.92720700952839,Going Clear: Scientology and the Prison of Belief (2015),Documentary,4257858,318224.0
105355,0.7563280551684676,0.4243972472575414,5.549113196290069,Blue Is the Warmest Color (La vie d'Adèle) (2013),Drama|Romance,2278871,152584.0
2531,-1.5805933274307744,1.0651506276793594,2.2830749779187,Battle for the Planet of the Apes (1973),Action|Sci-Fi,69768,1705.0
4305,-0.8986165824455403,0.5946145621735813,2.2557313352744184,Angel Eyes (2001),Romance|Thriller,225071,5852.0
3054,-2.223823765044159,1.467470490331878,2.2515773547190463,Pokémon: The First Movie (1998),Adventure|Animation|Children|Fantasy|Sci-Fi,190641,10228.0
27837,-0.1521095224510126,0.6147430966077871,3.519554373249607,Flight of the Phoenix (2004),Action|Adventure,377062,11866.0
53468,-0.03102380583875701,0.13152139420147063,3.531106190222017,Fido (2006),Comedy|Horror|Thriller,457572,10288.0
2090,2.215105293550658,2.9589772991543937,4.515595322528744,"Rescuers, The (1977)",Adventure|Animation|Children|Crime|Drama,76618,11319.0
2692,2.045329426726482,18.11776281828762,3.879881129233697,Run Lola Run (Lola rennt) (1998),Action|Crime,130827,104.0
3083,2.122918048237284,2.3538316747694568,4.668889127526717,All About My Mother (Todo sobre mi madre) (1999),Drama,185125,99.0
4033,1.405925411949189,2.314490353796598,4.37443521305365,Thirteen Days (2000),Drama|Thriller|War,146309,11973.0
2701,-8.702942330929524,7.975466303298429,2.6757760600227374,Wild Wild West (1999),Action|Comedy|Sci-Fi|Western,120891,8487.0
5841,-1.9551750077392993,0.864788945730844,1.506120726044745,Return to the Blue Lagoon (1991),Adventure|Romance,102782,13888.0
30749,0.21294028185965225,12.106156874129903,3.7845797115937603,Hotel Rwanda (2004),Drama|War,395169,205.0
33679,0.09830721240235113,9.477984182898014,3.777362455902349,Mr. & Mrs. Smith (2005),Action|Adventure|Comedy|Romance,356910,787.0
158972,-0.34016557648240764,1.1085335534121037,3.4601294159775167,Toni Erdmann (2016),Drama,4048272,374475.0
3500,-0.11864761166136505,1.0390715611554158,3.652804111891167,Mr. Saturday Night (1992),Comedy|Drama,104928,54087.0
2006,-2.3776791956876426,7.0874562068783025,3.4315131995828776,"Mask of Zorro, The (1998)",Action|Comedy|Romance,120746,9342.0
3990,0.29119423234115294,1.1652360177604388,4.016891794393512,Rugrats in Paris: The Movie (2000),Animation|Children|Comedy,213203,16340.0
4446,-0.4343784938845002,3.7064776725721846,3.64979587320348,Final Fantasy: The Spirits Within (2001),Adventure|Animation|Fantasy|Sci-Fi,173840,2114.0
102993,-0.6712486128917523,0.6925579310939773,2.7977592959121362,"Way, Way Back, The (2013)",Comedy|Drama,1727388,147773.0
3037,2.822409545780939,3.6939785276661694,4.531047127175613,Little Big Man (1970),Western,65988,11040.0
33166,5.457451120525791,8.203924719637639,4.432214718232115,Crash (2004),Crime|Drama,375679,1640.0
52328,-1.390715479829564,2.4140309172411145,3.1908934940351354,Sunshine (2007),Adventure|Drama|Sci-Fi|Thriller,448134,1272.0
61210,0.09336065852968418,0.19457248761213886,4.246814852665645,Mutant Chronicles (2008),Action|Adventure|Sci-Fi,490181,13256.0
111921,0.9785123680420916,2.9568679372540987,4.097918959300922,The Fault in Our Stars (2014),Drama|Romance,2582846,222935.0
1769,-1.7351648257586376,2.511193187359162,3.076018033734079,"Replacement Killers, The (1998)",Action|Crime|Thriller,120008,11702.0
5307,0.112115146886001,0.12799411618745177,4.642930140886197,Taking Care of Business (1990),Comedy,103035,6393.0
57147,-0.22408032214914422,0.8262961879249688,3.4958038505841698,Cassandra's Dream (2007),Crime|Drama|Thriller,795493,4787.0
96691,-0.09974622000317321,0.45794311592080544,3.5491767320330396,Resident Evil: Retribution (2012),Action|Horror|Sci-Fi|IMAX,1855325,71679.0
174681,-0.009052378446951226,0.3349380025371933,3.739963264235109,"Oh, Hello: On Broadway (2017)",Comedy,6987652,460822.0
90890,-0.5825301061777922,0.6347047435408053,2.8491932965082416,Jack and Jill (2011),Comedy,810913,71880.0
3325,0.079604366089949,0.05281164506088962,5.274316298588143,"Next Best Thing, The (2000)",Comedy|Drama,156841,1831.0
107408,0.28960391320658585,0.7548520770222206,4.150646800957427,Only Old Men Are Going to Battle (V boy idut odni stariki) (1973),Comedy|Drama|War,70861,37129.0
3679,-0.00501169397671924,0.23554961690580273,3.745713695517455,"Decline of Western Civilization, The (1981)",Documentary|Musical,82252,21137.0
3076,-0.19641261538787172,0.2837467184187765,3.074779235985754,Irma la Douce (1963),Comedy,57187,2690.0
6538,0.359640724611651,1.0854903869654944,4.098306651987386,Swimming Pool (2003),Drama|Mystery|Thriller,324133,302.0
56176,-0.6856120441151359,0.49842644783279677,2.391437193917003,Alvin and the Chipmunks (2007),Children|Comedy,952640,6477.0
50158,-0.3626965678154139,0.4832217024063165,3.016410244858424,Stomp the Yard (2007),Drama|Musical,775539,1931.0
57326,-1.3291399726280468,0.4832217024063165,1.0164102448584238,In the Name of the King: A Dungeon Siege Tale (2008),Action|Adventure|Fantasy,460780,2312.0
6254,0.19278482572024758,0.21112033903603206,4.680141656026404,"Awful Truth, The (1937)",Comedy|Romance,28597,14675.0
1208,9.035156237864182,21.5936257491872,4.18540803836995,Apocalypse Now (1979),Action|Drama|War,78788,28.0
417,0.8553941171985394,1.5397159913821337,4.322543472489208,Barcelona (1994),Comedy|Romance,109219,16771.0
548,0.5258367415586064,1.8776095989245432,4.047046774707787,Terminal Velocity (1994),Action|Mystery|Thriller,111400,9057.0
6440,0.08298741610526765,3.3066991208231142,3.7920870457816735,Barton Fink (1991),Drama|Thriller,101410,290.0
87232,-1.2393225505444614,9.00001737670186,3.6292880515139476,X-Men: First Class (2011),Action|Adventure|Sci-Fi|Thriller|War,1270798,49538.0
3519,-0.19108400107928053,1.1624125560193517,3.602604591804757,Force 10 from Navarone (1978),Action|Drama|War,77572,17339.0
3260,-0.05481707103240168,1.3397809217557024,3.726075340062079,Howards End (1992),Drama,104454,8293.0
98961,0.0786103399123154,1.243026833937809,3.830231355546552,Zero Dark Thirty (2012),Action|Drama|Thriller,1790885,97630.0
3502,0.5008286204732769,0.34923073376900454,5.201081200353045,My Life (1993),Drama,107630,41659.0
4591,-0.10481467287741134,0.6274124344143629,3.5999316435079725,Erik the Viking (1989),Adventure|Comedy|Fantasy,97289,11828.0
8947,-1.541790351719049,1.53232356581136,2.760812231928645,"Grudge, The (2004)",Horror|Mystery|Thriller,391198,1970.0
6852,-0.2910510740249002,1.3540894943743789,3.5520480180711216,In Cold Blood (1967),Crime|Drama,61809,18900.0
72624,-0.009052378446951226,0.3349380025371933,3.739963264235109,Garage (2007),Drama,878674,18595.0
84512,-0.5114593822527412,0.3349380025371933,2.239963264235109,Girls About Town (1931),Comedy,21910,120843.0
105540,-0.34399038098414453,0.3349380025371933,2.739963264235109,"All Dogs Christmas Carol, An (1998)",Animation|Children|Comedy|Musical,166960,51985.0
116738,-0.009052378446951226,0.3349380025371933,3.739963264235109,DeadHeads (2011),Adventure|Comedy|Horror,1273207,77067.0
146684,-0.5114593822527412,0.3349380025371933,2.239963264235109,Cosmic Scrat-tastrophe (2015),Animation|Children|Comedy,5184298,367326.0
4873,0.7937013344093626,2.5170737851068177,4.082317294826984,Waking Life (2001),Animation|Drama|Fantasy,243017,9081.0
172547,-0.7271823870016009,0.42724468080370054,2.0649623441062346,Despicable Me 3 (2017),Adventure|Animation|Children|Comedy,3469046,324852.0
127096,-0.19978970244804978,1.3025897708580156,3.6136114555628134,Project Almanac (2015),Sci-Fi|Thriller,2436386,227719.0
40826,-0.2368080344449042,1.1131695444405838,3.554257167518699,Rent (2005),Drama|Musical|Romance,294870,1833.0
5062,0.29061254190162233,0.5946145621735813,4.255731335274419,Seconds (1966),Mystery|Sci-Fi|Thriller,60955,20620.0
6572,0.29061254190162233,0.5946145621735813,4.255731335274419,Scorched (2003),Comedy|Crime,286947,4613.0
5909,0.09952804805429184,0.7122520546222744,3.906727407369262,Visitor Q (Bizita Q) (2001),Comedy|Drama|Horror,290329,4241.0
388,0.1978858414937947,0.14661541892494787,5.116683542795879,Boys Life (1995),Drama,112570,39953.0
1777,-0.06321734903100146,4.886735100731758,3.7540537707166424,"Wedding Singer, The (1998)",Comedy|Romance,120888,11003.0
2502,4.501313009485143,16.648830664151003,4.03735840901695,Office Space (1999),Comedy|Crime,151804,1542.0
1077,-1.5091475655340876,5.067884143816801,3.4692037746987374,Sleeper (1973),Comedy|Sci-Fi,70707,11561.0
4014,0.5095329328742652,5.590867470279828,3.8581269414479724,Chocolat (2000),Drama|Romance,241303,392.0
5843,-0.190860225015633,0.9963103399323145,3.5754232489803113,Toy Soldiers (1991),Action|Drama,103112,10750.0
72720,-0.19501798501385045,0.8807263839335178,3.5455617198335645,"Single Man, A (2009)",Drama,1315981,34653.0
5333,-0.15104389300234405,0.43003084831255595,3.4157506218406484,Bob le Flambeur (1955),Crime|Drama,47892,26030.0
4047,0.6873887192342737,1.9709743735449863,4.1157460784811954,Gettysburg (1993),Drama|War,107007,10655.0
100714,-0.5608604219353193,1.0870082216622055,3.251023244501739,Before Midnight (2013),Drama|Romance,2209418,132344.0
663,-1.1425358236200571,2.1977332853079656,3.2471201908919016,Kids in the Hall: Brain Candy (1996),Comedy,116768,18414.0
135143,-0.7247866931260705,2.2918137655236444,3.45074003392045,Fantastic Beasts and Where to Find Them (2016),Fantasy,3183660,259316.0
6880,0.30676408971292735,0.6998994720277001,4.2052876496301765,"Texas Chainsaw Massacre, The (2003)",Horror,324216,9373.0
1564,0.19518668217723062,0.473707890607679,4.179030466330452,For Roseanna (Roseanna's Grave) (1997),Comedy|Drama|Romance,120034,65889.0
179401,0.06354162604534681,0.14505511922269576,4.20504188424173,Jumanji: Welcome to the Jungle (2017),Action|Adventure|Children,2283362,353486.0
89087,0.20723506566364447,0.3201523794938905,4.414291635675848,Colombiana (2011),Action|Adventure|Drama|Thriller,1657507,62835.0
926,3.05448156477383,4.320125291251395,4.474025703165444,All About Eve (1950),Drama,42192,705.0
63436,-0.051687705205478274,0.7785486880748114,3.700600473904289,Saw V (2008),Crime|Horror|Thriller,1132626,11917.0
96917,-0.039784015861330096,0.15273403790441675,3.5065112493459685,House at the End of the Street (2012),Horror|Thriller,1582507,82505.0
6650,0.58773131701351,0.570487619442996,4.797216534536881,Kind Hearts and Coronets (1949),Comedy|Drama,41546,11898.0
121781,-0.5114593822527412,0.3349380025371933,2.239963264235109,Stuart Little 3: Call of the Wild (2005),Animation|Children|Comedy|Fantasy,472602,30178.0
6629,0.13775194941774538,0.772369108962009,3.945340186175555,House of Wax (1953),Crime|Horror|Mystery|Thriller,45888,18573.0
1659,0.06249999918897639,0.9999999870236222,3.829490291262136,Hurricane Streets (1997),Drama,119338,125052.0
172793,0.6670299517176961,0.7548520770222206,4.650646800957427,Vovka in the Kingdom of Far Far Away (1965),Adventure|Animation|Children|Fantasy,213309,160046.0
184015,-0.05950599768359625,0.3080565115625478,3.573824441977648,When We First Met (2018),Comedy,5783956,433310.0
142420,-0.8831107168235242,0.6494787702890066,2.407268069039914,High Rise (2015),Action|Drama|Sci-Fi,462335,254302.0
2022,0.8287776417109928,0.6635513298486632,5.015993351658403,"Last Temptation of Christ, The (1988)",Drama,95497,11051.0
3711,0.006494670727831535,0.08154419913832892,3.8466363089612514,Sarafina! (1992),Drama,105316,35936.0
55451,-0.05256940514860283,0.12879504261407693,3.3588270259560136,The Jane Austen Book Club (2007),Comedy|Drama|Romance,866437,5951.0
32009,-1.106835178640587,0.9217384818945098,2.5661776959524167,Tyler Perry's Diary of a Mad Black Woman (2005),Comedy|Drama|Romance,422093,16186.0
86960,-0.5177758211664262,0.3052090780163887,2.070527576156973,Across the Hall (2009),Thriller,1176724,21469.0
333,-0.8459549456582238,8.307194662368431,3.6651562811009923,Tommy Boy (1995),Comedy,114694,11381.0
3450,0.176088645466573,4.4498986616171425,3.8065616745355206,Grumpy Old Men (1993),Comedy,107050,11520.0
45499,0.5809990266425891,8.616915443068539,3.8344156977757797,X-Men: The Last Stand (2006),Action|Sci-Fi|Thriller,376994,36668.0
60950,0.8703026330932669,4.1801501584009815,3.975189183673738,Vicky Cristina Barcelona (2008),Comedy|Drama|Romance,497465,5038.0
1215,4.155765444708476,8.996028866156474,4.228945839264286,Army of Darkness (1993),Action|Adventure|Comedy|Fantasy|Horror,106308,766.0
1457,0.2280983906397459,1.412575912675807,3.9284671992236095,Fools Rush In (1997),Comedy|Drama|Romance,119141,1968.0
2227,0.44676747237395975,0.8436265001477314,4.296569995427101,"Lodger: A Story of the London Fog, The (1927)",Crime|Drama|Thriller,17075,2760.0
2255,-0.20967343149143255,0.34520005231493467,3.159593420707371,Young Doctors in Love (1982),Comedy,84938,47947.0
2668,0.3964487319966751,1.4351815692355314,4.0432262327589665,Swamp Thing (1982),Horror|Sci-Fi,84745,17918.0
2726,-0.2451109689200225,0.8632684610357939,3.4830566368043723,"Killing, The (1956)",Crime|Film-Noir,49406,247.0
61011,-0.1984980728885241,0.19457248761213886,2.746814852665645,"Walker, The (2007)",Drama|Mystery,783608,13251.0
31184,-0.07361205723654174,0.2834931135359111,3.507329460992208,Appleseed (Appurushîdo) (2004),Action|Animation|Fantasy|Sci-Fi,401233,11633.0
3814,-0.27850730245846833,1.0991502232078414,3.513606089013919,Love and Death (1975),Comedy,73312,11686.0
707,-1.5494186773288348,1.5872656715290423,2.790834437128246,Mulholland Falls (1996),Crime|Drama|Thriller,117107,10990.0
2961,-0.2503020537972936,0.5262191667655982,3.2913290656633554,"Story of Us, The (1999)",Comedy|Drama,160916,12220.0
4823,-1.9514894688036897,3.492251583675563,3.2081847693673575,Serendipity (2001),Comedy|Romance,240890,9778.0
4989,-0.3816091202429006,0.8440087212166776,3.3148514559041393,How High (2001),Comedy,278488,8386.0
1290,-0.8886811817875135,1.2724620287195751,3.068595241563281,Some Kind of Wonderful (1987),Drama|Romance,94006,15143.0
65588,0.3258856240902421,0.3349380025371933,4.739963264235109,"Gamers, The: Dorkness Rising (2008)",Action|Adventure|Comedy|Fantasy,447166,26235.0
3071,0.0749873044998473,1.068936754698704,3.837141592702775,Stand and Deliver (1988),Comedy|Drama,94027,29154.0
69529,0.6670299517176961,0.7548520770222206,4.650646800957427,Home (2009),Documentary,1014762,62320.0
4994,0.07305583889934564,1.7931118881832564,3.8077327788786586,"Majestic, The (2001)",Comedy|Drama|Romance,268995,11086.0
49396,0.20965075009206363,0.8237881091286035,4.021486256630986,Tenacious D in The Pick of Destiny (2006),Adventure|Comedy|Musical,365830,2179.0
3546,0.2955046115656294,0.21835316125539117,5.1203236245954695,What Ever Happened to Baby Jane? (1962),Drama|Horror|Thriller,56687,10242.0
2772,-0.8036592070692157,0.6305791293064301,2.492512323757637,Detroit Rock City (1999),Comedy,165710,9781.0
2789,-0.9526793377694668,0.5576970805160844,2.058752304992113,Damien: Omen II (1978),Horror,77394,10766.0
4389,0.6858211750107253,0.9712702059620405,4.473097789258969,Lost and Delirious (2001),Drama,245238,17612.0
1582,-0.12526772665045827,1.3837573423574892,3.676463055874867,Wild America (1997),Adventure|Children,120512,38225.0
3963,0.1342670489320948,0.4003599277247916,4.102356144920673,"Unsinkable Molly Brown, The (1964)",Musical,58708,42797.0
96448,0.010858304983352846,0.03250989515973905,4.100990291262136,Piranha 3DD (a.k.a. Piranha DD) (2012),Comedy|Horror,1714203,71668.0
1804,-0.2250775952846094,0.3552245041226488,3.1333696016069634,"Newton Boys, The (1998)",Crime|Drama,120769,42807.0
2288,-0.551979791731787,4.544680123441821,3.645534044235061,"Thing, The (1982)",Action|Horror|Sci-Fi|Thriller,84787,1091.0
222,-1.7325927143873838,3.488286258587886,3.2703014916769884,Circle of Friends (1995),Drama|Romance,112679,22625.0
88163,-0.1219418384094143,3.1833077279233937,3.728683646466296,"Crazy, Stupid, Love. (2011)",Comedy|Drama|Romance,1570728,50646.0
4720,0.42662110885877236,8.106016909318303,3.8196204687748856,"Others, The (2001)",Drama|Horror|Mystery|Thriller,230600,1933.0
3108,2.605324417272791,6.134548209138946,4.1916873232932,"Fisher King, The (1991)",Comedy|Drama|Fantasy|Romance,101889,177.0
1324,-0.20967343149143255,0.34520005231493467,3.159593420707371,Amityville: Dollhouse (1996),Horror,115535,52263.0
4090,-0.23087350485018607,0.6520048300103453,3.4128924468542614,"Brave Little Toaster, The (1987)",Animation|Children,92695,19933.0
59900,-0.4807996268866253,1.8615546438857997,3.5087117451739016,You Don't Mess with the Zohan (2008),Comedy,960144,10661.0
1249,1.0755710004971548,2.7393333488962197,4.15962998256898,"Femme Nikita, La (Nikita) (1990)",Action|Crime|Romance|Thriller,100263,9322.0
2532,-1.9864137801566888,1.988071797350971,2.7678242738157297,Conquest of the Planet of the Apes (1972),Action|Sci-Fi,68408,1688.0
3654,-0.10435283263012718,2.713796886183672,3.7285375856962175,"Guns of Navarone, The (1961)",Action|Adventure|Drama|War,54953,10911.0
31116,-0.0039255852763852486,0.19457248761213886,3.746814852665645,Sergeant York (1941),Drama|War,34167,16442.0
116897,1.709599240850407,2.540187459733216,4.44001118753487,Wild Tales (2014),Comedy|Drama|Thriller,3011894,265195.0
5932,0.6463662320377788,0.8985360176309931,4.486345129971813,Burden of Dreams (1982),Documentary,83702,42124.0
80693,0.14409803782142325,0.45026419723908445,4.087020261899373,It's Kind of a Funny Story (2010),Comedy|Drama,804497,43923.0
875,-0.03034010198047381,0.11394494335438751,3.500720449992295,Nothing to Lose (1994),Action|Crime|Drama,110693,410921.0
4387,0.213567365356044,0.6968080232823497,4.073484129191877,Kiss of the Dragon (2001),Action,271027,2140.0
74795,-0.06831578119514686,1.9998985489530587,3.732830667899786,Green Zone (2010),Action|Drama|Thriller|War,947810,22972.0
33090,-0.5114593822527412,0.3349380025371933,2.239963264235109,Mutant Aliens (2001),Animation|Comedy|Sci-Fi,277909,30863.0
80727,-0.17652137971554788,0.3349380025371933,3.239963264235109,Middle Men (2009),Comedy|Crime|Drama,1251757,38842.0
8511,0.28960391320658585,0.7548520770222206,4.150646800957427,"Immigrant, The (1917)",Comedy,8133,47653.0
93790,-0.08782212530452445,0.7548520770222206,3.6506468009574267,Detachment (2011),Drama,1683526,74308.0
112454,0.5441294315396968,0.4243972472575414,5.049113196290069,Honey (Miele) (2013),Drama,2357461,186988.0
3888,0.29061254190162233,0.5946145621735813,4.255731335274419,Skipped Parts (2000),Drama|Romance,209322,41282.0
117646,-0.11447404135398317,0.27236927080775303,3.346700436189672,Dragonheart 2: A New Beginning (2000),Action|Adventure|Comedy|Drama|Fantasy|Thriller,214641,10473.0
7216,0.19692590134894908,0.5277933064494101,4.140102073739477,High Sierra (1941),Crime|Drama|Film-Noir|Thriller,33717,27725.0
62250,-0.00539664259651668,0.03250989515973905,3.600990291262136,Gomorrah (Gomorra) (2008),Crime|Drama,929425,8882.0
22,-0.37946131915178155,3.5113838930441044,3.6589242606855654,Copycat (1995),Crime|Drama|Horror|Mystery|Thriller,112722,1710.0
209,-0.07978007972918677,0.16161900022557843,3.2733597180137286,White Man's Burden (1995),Drama,114928,31611.0
1961,3.2579024823975593,16.163093198467703,3.968554586065956,Rain Man (1988),Drama,95953,380.0
8917,-0.3379340293578443,4.389427327037203,3.6900021093924193,Team America: World Police (2004),Action|Adventure|Animation|Comedy,372588,3989.0
372,-2.4651143315970403,2.9571621550670524,2.9333821891926894,Reality Bites (1994),Comedy|Drama|Romance,110950,2788.0
1550,-0.18633214349080834,1.15047669732652,3.6050294763027306,Trial and Error (1997),Comedy|Romance,120373,17770.0
1848,-0.11140321888093395,1.861426123583006,3.7071419752481236,"Borrowers, The (1997)",Adventure|Children|Comedy|Fantasy,118755,9449.0
2407,-0.4390074922119892,7.259956983852015,3.706520581429357,Cocoon (1985),Comedy|Sci-Fi,88933,10328.0
4718,-5.3591757359685825,7.865701753756073,3.0856555669434265,American Pie 2 (2001),Comedy,252866,2770.0
107013,-1.578235004057313,0.5716746580518313,1.0062679436323392,"Christmas Carol, A (1977)",Drama|Fantasy,188504,45697.0
49530,1.258894873668422,9.477764232657714,3.899816434935411,Blood Diamond (2006),Action|Adventure|Crime|Drama|Thriller|War,450259,1372.0
1125,-1.2019606177288877,4.730910615639263,3.512924908213999,"Return of the Pink Panther, The (1975)",Comedy|Crime,72081,11843.0
4203,0.136513966738001,0.7508800767354948,3.948795576776576,Harley Davidson and the Marlboro Man (1991),Action|Crime|Drama,102005,2453.0
6887,0.4974901972159004,1.5569282559139244,4.086523445937829,Radio (2003),Drama,316465,13920.0
1295,1.8020096671550638,1.6468760045397197,4.861189042223173,"Unbearable Lightness of Being, The (1988)",Drama,96332,10644.0
72692,-0.5114593822527412,0.3349380025371933,2.239963264235109,Mickey's Once Upon a Christmas (1999),Animation|Comedy|Fantasy,238414,15400.0
129011,-0.009052378446951226,0.3349380025371933,3.739963264235109,Eddie Izzard: Glorious (1997),Comedy,195753,13590.0
4788,0.6670299517176961,0.7548520770222206,4.650646800957427,Moscow Does Not Believe in Tears (Moskva slezam ne verit) (1979),Drama|Romance,79579,21028.0
171749,0.6670299517176961,0.7548520770222206,4.650646800957427,Death Note: Desu nôto (2006–2007),(no genres listed),877057,419787.0
152091,-0.1214593045400517,0.9546878483053953,3.639766188896482,The Brothers Grimsby (2016),Comedy,3381008,267193.0
5282,0.14559963647939098,0.29072111323306965,4.267812659683189,High Crimes (2002),Thriller,257756,11560.0
3200,1.0424731511442293,1.0508665116669602,4.759003205909671,"Last Detail, The (1973)",Comedy|Drama,70290,14886.0
7080,0.28305253909534034,0.7927616022045025,4.124036518410665,42nd Street (1933),Drama|Musical|Romance,24034,3062.0
1731,-0.7157658672721741,0.6376243029367025,2.644439184010459,Mr. Magoo (1997),Comedy,119718,9438.0
25773,-0.066970751875756,0.5277933064494101,3.6401020737394774,Little Caesar (1931),Crime|Drama,21079,27899.0
50798,-1.6689031694045453,0.7884307804227052,1.6502500385416776,Epic Movie (2007),Adventure|Comedy,799949,9760.0
90057,0.24524687387454558,0.3052090780163887,4.570527576156973,Take Shelter (2011),Drama,1675192,64720.0
128,-0.7352812519201849,0.967642859669854,3.0071218702095046,Jupiter's Wife (1994),Documentary,110217,290157.0
6337,-0.5800338423099098,1.406159639158047,3.3544952756483957,Owning Mahowny (2003),Crime|Drama|Thriller,285861,15394.0
1291,8.913785379989404,28.82662661122054,4.07621084281012,Indiana Jones and the Last Crusade (1989),Action|Adventure,97576,89.0
6835,-2.5641025584182375,0.9999999977831125,1.2028877271595717,Alien Contamination (1980),Action|Horror|Sci-Fi,82000,39916.0
319,0.4643320939507623,3.331006034165852,3.90638724497166,Shallow Grave (1994),Comedy|Drama|Thriller,111149,9905.0
493,-0.35528240549382084,1.8346070986241856,3.5733344366869217,Menace II Society (1993),Action|Crime|Drama,107554,9516.0
8969,0.5970483205138767,2.3522655084818647,4.020808713698304,Bridget Jones: The Edge of Reason (2004),Comedy|Drama|Romance,317198,9801.0
110102,-0.707091726375084,4.368628820464716,3.605133618279819,Captain America: The Winter Soldier (2014),Action|Adventure|Sci-Fi|IMAX,1843866,100402.0
1583,0.13552662082350211,0.34520005231493467,4.15959342070737,"Simple Wish, A (1997)",Children|Fantasy,120133,17834.0
6503,-2.4551320587938297,3.7431488593272193,3.1110900983867964,Charlie's Angels: Full Throttle (2003),Action|Adventure|Comedy|Crime|Thriller,305357,9471.0
54276,-0.05039662618415827,1.070101105884628,3.7198950907179813,No Reservations (2007),Comedy|Drama|Romance,481141,3638.0
119155,-0.17108684520124784,1.5625710947041926,3.6574996922224576,Night at the Museum: Secret of the Tomb (2014),Adventure|Children|Comedy|Fantasy,2692250,181533.0
122912,0.2182182140962715,2.7305165804189424,3.846908580592864,Avengers: Infinity War - Part I (2018),Action|Adventure|Sci-Fi,4154756,299536.0
4251,-0.1984980728885241,0.19457248761213886,2.746814852665645,Chopper (2000),Drama|Thriller,221073,9519.0
122,-0.5667206753150718,3.3625315064108037,3.598450405692411,Boomerang (1992),Comedy|Romance,103859,11066.0
4280,0.6194601433298756,1.320500939731045,4.236100251498927,"World According to Garp, The (1982)",Comedy|Drama|Romance,84917,11307.0
5500,-0.24284174854109253,0.6607088177045298,3.3994429814127134,Top Secret! (1984),Comedy,88286,8764.0
5568,0.19612573090549998,0.35286982142726325,4.322792230096758,Johnny Dangerously (1984),Comedy,87507,16806.0
67267,0.6430367353640447,1.0955930935935008,4.353920547690561,Sunshine Cleaning (2008),Comedy|Drama,862846,13090.0
71518,0.02066672504286382,0.8298376694325671,3.791894830793338,Whip It (2009),Comedy|Drama,1172233,22798.0
48698,0.6022158657758246,0.8262961879249688,4.49580385058417,Deliver Us from Evil (2006),Documentary,814075,13364.0
31851,0.15841662282164543,0.3349380025371933,4.239963264235109,Sons of the Desert (1933),Comedy,24601,43128.0
50613,-0.34399038098414453,0.3349380025371933,2.739963264235109,Dead Meat (2004),Horror,369359,15689.0
32892,0.6670299517176961,0.7548520770222206,4.650646800957427,Ivan's Childhood (a.k.a. My Name is Ivan) (Ivanovo detstvo) (1962),Drama|War,56111,31442.0
5025,-1.8271489189172399,1.8618516602824158,2.7856291238315967,Orange County (2002),Comedy,273923,11857.0
99112,-0.3471524371895274,1.2812971167720062,3.4960520111042017,Jack Reacher (2012),Action|Crime|Thriller,790724,75780.0
141004,0.066657752612537,0.20620743613950301,4.090246105215624,Victor Frankenstein (2015),Drama|Horror|Sci-Fi,1976009,228066.0
7265,1.7480491751202063,2.403294023943401,4.494345811520931,"Dreamers, The (2003)",Drama,309987,1278.0
2013,-0.9723174105404466,2.8403685995528654,3.424669435196656,"Poseidon Adventure, The (1972)",Action|Adventure|Drama,69113,551.0
7065,-0.6856120441151359,0.49842644783279677,2.391437193917003,"Birth of a Nation, The (1915)",Drama|War,4972,618.0
1176,-0.05644946236421094,0.06893676767508185,2.9481317304680914,"Double Life of Veronique, The (Double Vie de Véronique, La) (1991)",Drama|Fantasy|Romance,101765,1600.0
46335,-1.4455141988130058,1.3098827926714305,2.6634456024545496,"Fast and the Furious: Tokyo Drift, The (Fast and the Furious 3, The) (2006)",Action|Crime|Drama|Thriller,463985,9615.0
27820,-0.066970751875756,0.5277933064494101,3.6401020737394774,"Story of the Weeping Camel, The (Geschichte vom weinenden Kamel, Die) (2003)",Documentary|Drama,373861,1114.0
80862,-0.21256674315003746,0.3052090780163887,3.0705275761569735,Catfish (2010),Documentary|Mystery,1584016,42296.0
143365,-0.3651712821582318,0.3052090780163887,2.5705275761569735,The Circle (2016),Drama|Sci-Fi|Thriller,4287320,339988.0
2517,0.40924269061635,0.5700381736896638,4.484911843721441,Christine (1983),Horror,85333,8769.0
3728,-0.2259455632606301,0.23578473870305258,2.808719775097873,One False Move (1992),Crime|Drama|Film-Noir|Thriller,102592,21128.0
3689,-1.3774028089934358,0.7093812169015037,1.8252940972047653,Porky's II: The Next Day (1983),Comedy,86129,19698.0
2828,-0.7793217636933445,0.33860448768361584,1.4654207845356786,Dudley Do-Right (1999),Children|Comedy,160236,17709.0
157,-1.2866587110833472,1.5887175118161008,2.9571177358746543,Canadian Bacon (1995),Comedy|War,109370,1775.0
2414,0.7385972393789151,2.9006463299727825,4.021622244060685,Young Sherlock Holmes (1985),Action|Adventure|Children|Fantasy|Mystery|Thriller,90357,11904.0
190,-1.1215519133441378,0.626746725741754,1.977508404433318,Safe (1995),Thriller,114323,32646.0
232,0.4155023587085182,1.6456591804265284,4.019474137036829,Eat Drink Man Woman (Yin shi nan nu) (1994),Comedy|Drama|Romance,111797,10451.0
93,-0.6528320545885364,1.0957631197540119,3.1712118398619,Vampire in Brooklyn (1995),Comedy|Horror|Romance,114825,12158.0
225,1.6656960924424584,6.980059471613461,4.005626666670758,Disclosure (1994),Drama|Thriller,109635,8984.0
924,1.6996933585665905,19.84418066823687,3.8526422709020496,2001: A Space Odyssey (1968),Adventure|Drama|Sci-Fi,62622,62.0
129428,-0.19501798501385045,0.8807263839335178,3.5455617198335645,The Second Best Exotic Marigold Hotel (2015),Comedy|Drama,2555736,268238.0
5266,-3.862927057008544,5.993172786998197,3.1224356965091005,Panic Room (2002),Thriller,258000,4547.0
2148,0.5818799374736298,1.2731043853903767,4.2240462437441515,House (1986),Comedy|Fantasy|Horror,91223,11415.0
2724,-2.9751377826527796,5.329654161990276,3.2087668695867304,Runaway Bride (1999),Comedy|Romance,163187,4806.0
7123,-0.9191026162406605,2.6842605552963215,3.4245858944806176,Naked Lunch (1991),Drama|Fantasy|Mystery|Sci-Fi,102511,2742.0
1633,0.908388468682186,0.9616822885066082,4.71157300796457,Ulee's Gold (1997),Drama,120402,55306.0
2042,-0.018641794321938077,0.5303799478022329,3.73184229141941,D2: The Mighty Ducks (1994),Children|Comedy,109520,11164.0
27513,0.19709822322228226,0.8985360176309931,3.9863451299718133,Dog Days (Hundstage) (2001),Drama,290661,9025.0
79357,-0.3842453494286656,1.4285026934917768,3.498005604583365,Mr. Nobody (2009),Drama|Fantasy|Romance|Sci-Fi,485947,31011.0
128512,0.014067221957532986,0.024171846180549645,4.34895750437689,Paper Towns (2015),Drama|Mystery|Romance,3622592,286565.0
7454,-2.0210462372537137,3.344752601737877,3.1627464269465473,Van Helsing (2004),Action|Adventure|Fantasy|Horror,338526,7131.0
79057,-0.05556541486033861,0.5506754155722469,3.666086177352136,Predators (2010),Action|Sci-Fi|Thriller,1424381,34851.0
4386,-1.2642721618955661,2.825037431061978,3.3194662521132794,Cats & Dogs (2001),Children|Comedy,239395,10992.0
82854,-0.7504470188343748,1.2748518240943874,3.1783359828545943,Gulliver's Travels (2010),Adventure|Comedy|Fantasy,1320261,38745.0
104339,-0.009052378446951226,0.3349380025371933,3.739963264235109,In a World... (2013),Comedy,2294677,157360.0
164226,-0.34399038098414453,0.3349380025371933,2.739963264235109,Maximum Ride (2016),Action|Adventure|Comedy|Fantasy|Sci-Fi|Thriller,825283,339116.0
233,0.156098052806134,1.773138929477837,3.8550251599410967,Exotica (1994),Drama,109759,20156.0
80124,0.6670299517176961,0.7548520770222206,4.650646800957427,Sisters (Syostry) (2001),Action|Crime|Drama,284492,49943.0
175387,0.6670299517176961,0.7548520770222206,4.650646800957427,On the Trail of the Bremen Town Musicians (1973),Adventure|Animation|Children,251333,70061.0
168632,0.0018799232313264256,0.002847433546159135,4.42720700952839,Bill Burr: Walk Your Way Out (2017),Comedy,6184894,437752.0
151695,0.09110743860998576,0.6494787702890066,3.907268069039914,The Survivalist (2015),Drama|Sci-Fi|Thriller,2580382,329004.0
4727,-0.15181621593884703,0.885335675406651,3.5955115853248483,Captain Corelli's Mandolin (2001),Drama|Romance|War,238112,1722.0
120799,-0.5165100709556748,0.671423944444596,2.9977146715448,Terminator Genisys (2015),Action|Adventure|Sci-Fi|Thriller,1340138,87101.0
94266,-0.059962204141843105,0.3052090780163887,3.5705275761569735,"Five-Year Engagement, The (2012)",Comedy|Romance,1195478,72207.0
31909,0.10049758836271362,0.13152139420147063,4.531106190222017,Dr. Giggles (1992),Comedy|Horror,104139,37527.0
69275,0.10049758836271362,0.13152139420147063,4.531106190222017,Dead Snow (Død snø) (2009),Action|Adventure|Comedy|Horror,1278340,14451.0
539,0.7985344868774208,12.894621875917705,3.828918007682327,Sleepless in Seattle (1993),Comedy|Drama|Romance,108160,858.0
599,0.20580549594326764,0.5489287434294918,4.1419123524708015,"Wild Bunch, The (1969)",Adventure|Western,65214,576.0
2791,2.6252840746577633,13.709772824968928,3.958480267658861,Airplane! (1980),Comedy,80339,813.0
360,-0.15602934110114666,1.0524433003579385,3.6187358997447205,I Love Trouble (1994),Action|Comedy,110093,10879.0
1061,1.3844819517960862,4.579748030415818,4.069295558408107,Sleepers (1996),Thriller,117665,819.0
32031,-2.758524517581339,3.617238565083847,3.0043852078682525,Robots (2005),Adventure|Animation|Children|Comedy|Fantasy|Sci-Fi|IMAX,358082,9928.0
7293,-0.5078881171635417,7.110023473186673,3.69555759922126,50 First Dates (2004),Comedy|Romance,343660,1824.0
63992,-3.2332495054833155,5.572408952022223,3.1867655566238122,Twilight (2008),Drama|Fantasy|Romance|Thriller,1099212,8966.0
91500,-1.616166737320371,11.341943107548799,3.6244955950716125,The Hunger Games (2012),Action|Adventure|Drama|Sci-Fi|Thriller,1392170,70160.0
1588,-1.1267627374537321,2.6908299653575156,3.348248582584893,George of the Jungle (1997),Children|Comedy,119190,10603.0
4040,-1.6196508341916287,1.7271953926584207,2.8292557181639904,Don't Tell Mom the Babysitter's Dead (1991),Comedy,101757,15413.0
109576,-0.4348856879536504,0.5716746580518313,3.006267943632339,Welcome to the Jungle (2013),Comedy,2193265,205724.0
246,0.9663850755247777,4.969640888713666,3.9614480191272405,Hoop Dreams (1994),Documentary,110057,14275.0
96829,0.8285100763734676,3.1658064791601426,4.028696141517791,"Hunt, The (Jagten) (2012)",Drama,2106476,103663.0
135456,0.19709822322228226,0.8985360176309931,3.9863451299718133,Ghost in the Shell: Stand Alone Complex - The Laughing Man (2005),Action|Animation|Crime|Sci-Fi,1024215,18839.0
175705,0.6463662320377788,0.8985360176309931,4.486345129971813,Themroc (1973),Comedy|Horror,69369,7014.0
861,0.11653354608218248,0.9593862393278998,3.8884570596033416,Supercop (Police Story 3: Supercop) (Jing cha gu shi III: Chao ji jing cha) (1992),Action|Comedy|Crime|Thriller,104558,11134.0
172591,-0.02219054731329148,0.024171846180549645,2.84895750437689,The Godfather Trilogy: 1972-1990 (1992),(no genres listed),150742,364150.0
55830,-0.2683604944117663,0.9023757237770926,3.46959699117591,Be Kind Rewind (2008),Comedy,799934,4953.0
3991,-0.5811256229667828,1.5296605228252391,3.3870853291510263,102 Dalmatians (2000),Children|Comedy,211181,10481.0
44851,-0.5114593822527412,0.3349380025371933,2.239963264235109,Go for Zucker! (Alles auf Zucker!) (2004),Comedy,416331,460.0
136353,-0.5114593822527412,0.3349380025371933,2.239963264235109,Scooby-Doo! and the Loch Ness Monster (2004),Animation|Children|Comedy,418141,12902.0
155589,0.15841662282164543,0.3349380025371933,4.239963264235109,Noin 7 veljestä (1968),(no genres listed),134854,55495.0
6744,0.03483676481465899,0.3338523294738158,3.8713381173490924,Once Bitten (1985),Comedy|Horror,89730,19064.0
3244,-0.1905993052477324,1.2135157143917938,3.609926560659142,"Goodbye Girl, The (1977)",Comedy|Romance,76095,14741.0
346,0.3070758566127733,0.393925593836588,4.5465178503172545,Backbeat (1993),Drama|Musical,106339,12635.0
5524,-0.1067260219936341,0.3005205938859015,3.4118531586829466,Blue Crush (2002),Adventure|Drama|Romance,300532,9266.0
161580,-0.23032830653011155,0.6523262038351657,3.4139026716387604,Bad Moms (2016),Comedy,4651520,376659.0
170401,-0.0009675103148327097,0.002847433546159135,3.4272070095283897,Table 19 (2017),Comedy|Drama,1412528,353569.0
171891,0.0004562064582468579,0.002847433546159135,3.9272070095283897,Generation Iron 2,(no genres listed),6263642,447818.0
26084,-0.00501169397671924,0.23554961690580273,3.745713695517455,"Music Man, The (1962)",Children|Comedy|Musical|Romance,56262,13671.0
101973,-0.3046650629753859,0.4243972472575414,3.049113196290069,Disconnect (2012),Drama|Thriller,1433811,127517.0
34336,-0.5574845368109931,0.9816481502391132,3.1990836164772865,Must Love Dogs (2005),Comedy|Romance,417001,11648.0
725,-0.7861069136520256,0.7177654822289965,2.6717761396832707,"Great White Hype, The (1996)",Comedy,116448,20759.0
476,0.06135678503645435,0.02454271401458174,6.266990291262136,"Inkwell, The (1994)",Comedy|Drama,110137,59930.0
60760,-0.2832693698779182,0.43851677948819323,3.1210187272810934,"X-Files: I Want to Believe, The (2008)",Drama|Mystery|Sci-Fi|Thriller,443701,8836.0
1197,10.021198090931305,25.296331674608396,4.163142516803607,"Princess Bride, The (1987)",Action|Adventure|Comedy|Fantasy|Romance,93779,2493.0
2628,-10.82427044599533,23.797745859786207,3.3121459329027023,Star Wars: Episode I - The Phantom Menace (1999),Action|Adventure|Sci-Fi,120915,1893.0
4018,-0.6457731767711316,10.183350463404153,3.7035756833595754,What Women Want (2000),Comedy|Romance,207201,3981.0
6350,2.1479712714210653,3.614438534194315,4.361265515781859,Laputa: Castle in the Sky (Tenkû no shiro Rapyuta) (1986),Action|Adventure|Animation|Children|Fantasy|Sci-Fi,92067,10515.0
1729,1.2525124441556077,8.00670959149968,3.9234231467119374,Jackie Brown (1997),Crime|Drama|Thriller,119396,184.0
53996,1.3585469793119151,7.138317620937908,3.9573078214497905,Transformers (2007),Action|Sci-Fi|Thriller|IMAX,418279,1858.0
1785,0.5771117303413456,0.9467474294491731,4.376563354140284,King of New York (1990),Crime|Thriller,99939,9558.0
6993,0.1836450466516105,1.2564182924429104,3.9131558220859044,Hannah and Her Sisters (1986),Comedy|Drama|Romance,91167,5143.0
2404,-2.7199950551023577,1.7122044592966743,2.1783978539899804,Rambo III (1988),Action|Adventure|Thriller|War,95956,1370.0
519,-1.1629241247335835,1.16962304210769,2.772717706961843,RoboCop 3 (1993),Action|Crime|Drama|Sci-Fi|Thriller,107978,5550.0
7160,-0.05719878697324203,2.1355825556695187,3.740206598530899,Monster (2003),Crime|Drama,340855,504.0
3504,1.9671660701557727,4.26088335071305,4.228670630346418,Network (1976),Comedy|Drama,74958,10774.0
99149,0.0019812988672581644,0.024171846180549645,3.84895750437689,"Misérables, Les (2012)",Drama|Musical|Romance|IMAX,1707386,82695.0
37444,-0.17652137971554788,0.3349380025371933,3.239963264235109,Frankenstein 90 (1984),Comedy|Horror|Romance,87289,3118.0
108949,0.08358995641940002,0.640147080553582,3.8975695892995708,"Art of the Steal, The (2013)",Crime,2172985,209247.0
149566,-0.5114593822527412,0.3349380025371933,2.239963264235109,Unicorn City (2012),Comedy|Romance,1734589,102051.0
5346,-0.29901556465915685,0.3338523294738158,2.8713381173490924,Wild Orchid (1990),Drama|Romance,100934,5203.0
1942,0.056673001268459096,0.05081027699930815,4.882374906646751,All the King's Men (1949),Drama,41113,25430.0
107159,-0.08782212530452445,0.7548520770222206,3.6506468009574267,Zatoichi and the Chest of Gold (Zatôichi senryô-kubi) (Zatôichi 6) (1964),Action|Drama,130377,40897.0
56805,-0.03559661898054388,0.22654083852383072,3.609859156706018,Walk Hard: The Dewey Cox Story (2007),Comedy|Musical,841046,6575.0
136443,-0.005238660634071413,0.002847433546159135,1.9272070095283897,Gabriel Iglesias: Hot and Fluffy (2007),Comedy,1082588,20720.0
5102,-0.17614528259243567,0.4222425074345403,3.349824137947401,Rookie of the Year (1993),Comedy|Fantasy,107985,21845.0
4784,-0.19641261538787172,0.2837467184187765,3.074779235985754,"French Lieutenant's Woman, The (1981)",Drama,82416,12537.0
61406,0.31124085155045766,0.49842644783279677,4.391437193917003,John Adams (2008),Drama,472027,118309.0
2181,-0.006694739185168349,0.5946145621735813,3.7557313352744184,Marnie (1964),Drama|Mystery|Romance|Thriller,58329,506.0
2607,0.5879198229884129,0.5946145621735813,4.755731335274418,Get Real (1998),Drama|Romance,162973,24584.0
3862,-0.006694739185168349,0.5946145621735813,3.7557313352744184,About Adam (2000),Comedy,199314,18168.0
3132,-0.27940759738894627,0.36675986552339207,3.005163211327389,Daddy Long Legs (1919),Comedy|Drama,10040,70801.0
5478,-0.4594810707549062,0.6147430966077871,3.019554373249607,Eight Legged Freaks (2002),Action|Comedy|Horror|Sci-Fi,271367,8869.0
49276,-0.12108571661225562,0.4832217024063165,3.516410244858424,Let's Go to Prison (2006),Comedy,454987,9809.0
183011,-0.3396708319862547,0.1887060177701415,1.9669902912621362,The Commuter (2018),Crime|Drama|Mystery|Thriller,1590193,399035.0
4459,0.37450579935437167,0.43851677948819323,4.621018727281093,Alaska: Spirit of the Wild (1997),Documentary|IMAX,130445,13795.0
47,13.229382099209102,34.64008822501201,4.148899887256086,Seven (a.k.a. Se7en) (1995),Mystery|Thriller,114369,807.0
33794,2.812037505112605,21.934921248796513,3.895189406874046,Batman Begins (2005),Action|Crime|IMAX,372784,272.0
5620,0.0015821959849968426,5.490956688652026,3.7672784370397685,Sweet Home Alabama (2002),Comedy|Romance,256415,11529.0
1207,4.117320468163779,9.558386273439435,4.197745059941538,To Kill a Mockingbird (1962),Drama,56592,595.0
53318,0.5749999002730556,1.231880936253846,4.233756099020824,Cashback (2006),Comedy|Drama|Romance,460740,12225.0
79293,-0.11212086799999753,4.289286100510856,3.7408505408764845,Salt (2010),Action|Thriller,944835,27576.0
1456,-0.20967343149143255,0.34520005231493467,3.159593420707371,"Pest, The (1997)",Comedy,119887,17949.0
5388,-0.9368857377052984,3.828988949083252,3.522308013469297,Insomnia (2002),Action|Crime|Drama|Mystery|Thriller,278504,320.0
35836,-0.22343499365671649,10.788684012330714,3.7462801663385266,"40-Year-Old Virgin, The (2005)",Comedy|Romance,405422,6957.0
1939,0.7832200253930844,1.3163396702953494,4.3619887123135594,"Best Years of Our Lives, The (1946)",Drama|War,36868,887.0
2064,1.8780094384402584,6.719744614886441,4.046466602650496,Roger & Me (1989),Documentary,98213,1779.0
93838,0.1656359045624296,1.0395425129934917,3.9263256743677872,The Raid: Redemption (2011),Action|Crime,1899353,94329.0
3045,0.5745878554187609,1.3063847369065922,4.206820793859201,Peter's Friends (1992),Comedy|Drama,105130,11790.0
1944,0.341739282008944,1.2836474249296215,4.033215483142749,From Here to Eternity (1953),Drama|Romance|War,45793,11426.0
27539,0.0836048413739137,0.11394494335438751,4.500720449992295,Undertaking Betty (Plots with a View) (2002),Comedy|Romance,298504,10918.0
95218,-0.03034010198047381,0.11394494335438751,3.500720449992295,First Position (2011),Documentary,2008513,89874.0
83910,0.3258856240902421,0.3349380025371933,4.739963264235109,"Dilemma, The (2011)",Comedy|Drama,1578275,44564.0
109241,-0.5114593822527412,0.3349380025371933,2.239963264235109,On the Other Side of the Tracks (De l'autre côté du périph) (2012),Action|Comedy|Crime,1937133,146375.0
135937,0.15841662282164543,0.3349380025371933,4.239963264235109,The Silence of the Hams (1994),Comedy|Thriller,111190,10450.0
5640,-0.1320893999222489,0.3338523294738158,3.3713381173490924,"Godzilla, King of the Monsters! (Kaijû-ô Gojira) (1956)",Horror|Sci-Fi,197521,18983.0
151769,0.6670299517176961,0.7548520770222206,4.650646800957427,Three from Prostokvashino (1978),Animation,189160,77294.0
84952,0.09110743860998576,0.6494787702890066,3.907268069039914,Confessions (Kokuhaku) (2010),Drama|Horror,1590089,54186.0
7171,-0.00501169397671924,0.23554961690580273,3.745713695517455,Aileen: Life and Death of a Serial Killer (2003),Documentary,364930,37088.0
2051,-1.4552070973914817,0.9962138600042776,2.30625263661313,Herbie Goes to Monte Carlo (1977),Adventure|Children|Comedy,76137,14140.0
6339,-0.07331024291042475,0.2943351543717058,3.5179196592918762,"Man on the Train (Homme du train, L') (2002)",Comedy|Drama,301414,22016.0
4642,1.878909218788801,1.5824290336482163,4.954347941328164,Hedwig and the Angry Inch (2000),Comedy|Drama|Musical,248845,13403.0
67197,-0.6050674919302139,1.127035268106321,3.230123780467965,Knowing (2009),Action|Drama|Mystery|Sci-Fi|Thriller,448011,13811.0
4384,-0.22945585235181654,0.21112033903603206,2.6801416560264038,Lumumba (2000),Drama,246765,55551.0
2549,0.052839088425227505,0.024664399667020533,5.909312388640413,Wing Commander (1999),Action|Sci-Fi,131646,10350.0
2109,-3.2031968215035542,5.212864713327187,3.1525111137545605,"Jerk, The (1979)",Comedy,79367,6471.0
140,-0.8152418660137151,3.9769003234920204,3.561995999301137,Up Close and Personal (1996),Drama|Romance,118055,9302.0
177,-0.14143425311750502,0.406544645036457,3.419096757687682,Lord of Illusions (1995),Horror,113690,8973.0
416,-0.2794161293634489,0.8482959695797982,3.43760510097076,Bad Girls (1994),Western,109198,11853.0
711,-2.5229760813602295,2.3872957680590834,2.7101559789341514,Flipper (1996),Adventure|Children,116322,36355.0
96079,-0.7879273849026347,10.566344108723259,3.692420754552448,Skyfall (2012),Action|Adventure|Thriller|IMAX,1074638,37724.0
2037,0.4807266731384368,0.34520005231493467,5.15959342070737,Candleshoe (1977),Adventure|Children|Comedy,75807,14612.0
6143,-0.09851872269739083,0.24082354437139974,3.357899382171227,Trail of the Pink Panther (1982),Comedy|Crime,84814,9699.0
7701,-0.6966572193004655,1.003313219769443,3.0726336281848226,Look Who's Talking Too (1990),Comedy|Romance,100050,9356.0
78637,-0.13188777717471306,1.71024818643821,3.689874128695471,Shrek Forever After (a.k.a. Shrek: The Final Chapter) (2010),Adventure|Animation|Children|Comedy|Fantasy|IMAX,892791,10192.0
105653,0.4226262991240965,0.5716746580518313,4.50626794363234,Escape Plan (2013),Action|Mystery|Thriller,1211956,107846.0
1425,-0.09943423112830613,1.721515065569181,3.7092305695396717,Fierce Creatures (1997),Comedy,119115,12145.0
43928,-0.46340665603129144,0.809315584219926,3.1943994934734654,Ultraviolet (2006),Action|Fantasy|Sci-Fi|Thriller,370032,9920.0
2306,-0.5842365826603229,1.2920641147220957,3.3148172326628083,Holy Man (1998),Comedy,120701,9713.0
107338,-0.2521697855932143,0.8985360176309931,3.4863451299718133,Dampfnudelblues (2013),Comedy|Crime,2969050,209232.0
1244,2.049362788796187,5.3915546595239965,4.14709638648201,Manhattan (1979),Comedy|Drama|Romance,79522,696.0
3498,0.19012183350846187,1.486379465714762,3.8948996427392415,Midnight Express (1978),Drama,77928,11327.0
26712,-0.08731257365766756,0.11394494335438751,3.000720449992295,35 Up (1991),Documentary,101254,20562.0
60514,-0.2566370001811982,0.5524617228425808,3.302456750620218,Journey to the Center of the Earth (2008),Action|Adventure|Sci-Fi,373051,88751.0
69069,-0.14069458656299555,0.9023757237770926,3.6110745425825423,Fired Up (2009),Comedy,1083456,17927.0
1300,0.6083735283098053,1.1453776468581411,4.2981456966243945,My Life as a Dog (Mitt liv som hund) (1985),Comedy|Drama,89606,8816.0
6014,-0.4597566366439576,0.8993020890495287,3.2557531416521828,National Security (2003),Action|Comedy,271668,11078.0
6946,0.5352717611128796,0.28455899244174154,5.648047559984604,Looney Tunes: Back in Action (2003),Action|Animation|Children|Fantasy,318155,10715.0
74683,-0.17652137971554788,0.3349380025371933,3.239963264235109,Mike Bassett: England Manager (2001),Comedy,282744,19962.0
134004,-0.5114593822527412,0.3349380025371933,2.239963264235109,What Love Is (2007),Comedy|Romance,439876,25973.0
142831,-0.34399038098414453,0.3349380025371933,2.739963264235109,Garam Masala (2005),Comedy,453671,19636.0
2398,-0.6925198662567854,1.407338157980292,3.274912490109754,Miracle on 34th Street (1947),Comedy|Drama,39628,11881.0
115122,0.29746120887720157,0.6555371546576814,4.220757414549808,What We Do in the Shadows (2014),Comedy|Horror,3416742,246741.0
2038,-0.25051204586707404,0.4772763748833813,3.242111920887561,"Cat from Outer Space, The (1978)",Children|Comedy|Sci-Fi,77305,19378.0
4032,0.29061254190162233,0.5946145621735813,4.255731335274419,"Everlasting Piece, An (2000)",Comedy,218182,29122.0
1055,0.12905659432855732,0.05387871620617172,6.162307095669849,Shadow Conspiracy (1997),Thriller,120107,38153.0
67295,-0.45783132461634035,0.999999998504112,3.3091589659609313,Kung Fu Panda: Secrets of the Furious Five (2008),Action|Animation|Children|Comedy,1287845,15854.0
46850,0.5030440631990879,0.6029676852874424,4.601270594292439,Wordplay (2006),Documentary,492506,35199.0
61246,-0.7028913073757969,0.6029676852874424,2.6012705942924392,Hamlet 2 (2008),Comedy,1104733,12621.0
4498,0.21535608302624878,0.6768334037967816,4.085172109443954,"Dead Pool, The (1988)",Action|Crime|Thriller,94963,10651.0
556,-0.018335513315784476,0.21112033903603206,3.6801416560264038,"War Room, The (1993)",Documentary,108515,26408.0
1206,3.012464156568992,21.90822710360883,3.9044940765900122,"Clockwork Orange, A (1971)",Crime|Drama|Sci-Fi|Thriller,66921,185.0
4246,0.8409550111034738,10.056558800924531,3.850612833301682,Bridget Jones's Diary (2001),Comedy|Drama|Romance,243155,634.0
8207,0.9715842202032475,2.065056346263359,4.23747828640149,"Day of the Jackal, The (1973)",Crime|Thriller,69947,4909.0
104841,-1.0164888038030515,6.757962793241438,3.6165767961153987,Gravity (2013),Action|Sci-Fi|IMAX,1454468,49047.0
4327,0.25147529913685784,2.3063127627876714,3.8760281039969953,"Magnificent Seven, The (1960)",Adventure|Western,54047,966.0
64957,1.2459068525591719,6.435046156459231,3.960603021033869,"Curious Case of Benjamin Button, The (2008)",Drama|Fantasy|Mystery|Romance,421715,4922.0
671,-0.29087165038960344,7.436143643141541,3.7278743644661443,Mystery Science Theater 3000: The Movie (1996),Comedy|Sci-Fi,117128,3065.0
3104,0.11552570772361581,3.7995852951678395,3.7973951114593656,Midnight Run (1988),Action|Comedy|Crime|Thriller,95631,9013.0
8010,0.1906469023357536,0.19457248761213886,4.746814852665645,"Power of One, The (1992)",Drama,105159,13823.0
67997,0.18006712071206535,0.48798189712969725,4.135993981299036,In the Loop (2009),Comedy,1226774,19833.0
45928,-0.07795230072401312,0.5894468083840341,3.6347437515994327,Who Killed the Electric Car? (2006),Documentary,489037,13508.0
55253,-0.7245409897692962,0.9402411312793564,2.996399678210103,"Lust, Caution (Se, jie) (2007)",Drama|Romance|Thriller|War,808357,4588.0
94959,3.088527652270354,5.26397157789699,4.3537198369228385,Moonrise Kingdom (2012),Comedy|Drama|Romance,1748122,83666.0
78266,-0.0050471245993517905,0.2842554321058874,3.7492346953111264,Splice (2009),Horror|Sci-Fi|Thriller,1017460,37707.0
6536,-0.17612571999147433,0.28455899244174154,3.148047559984603,Sinbad: Legend of the Seven Seas (2003),Adventure|Animation|Children|Fantasy,165982,14411.0
136834,-0.5114593822527412,0.3349380025371933,2.239963264235109,The Eye: Infinity (2005),Horror,455135,33723.0
665,0.4642339380902919,0.8747239000331383,4.297710828419866,Underground (1995),Comedy|Drama|War,114787,11902.0
27834,0.4865298145555349,1.2826453834716307,4.1463077712336345,"Return, The (Vozvrashcheniye) (2003)",Drama,376968,11190.0
5309,-0.002519524923211167,0.002553118588853982,2.780148185998978,Three Men and a Little Lady (1990),Comedy|Romance,98966,11630.0
130578,-0.03644596545721451,0.20620743613950301,3.5902461052156243,"Gunman, The (2015)",Action|Thriller,2515034,266396.0
121231,0.29746120887720157,0.6555371546576814,4.220757414549808,It Follows (2014),Horror,3235888,270303.0
6774,0.6368702415839027,0.7569615437796047,4.608341145631737,Videodrome (1983),Fantasy|Horror|Sci-Fi|Thriller,86541,837.0
132,0.020472599229680928,0.22305111925599655,3.8587746288524105,Jade (1995),Thriller,113451,11863.0
2582,2.0227272700287156,0.9999999986658817,5.789717563989409,Twin Dragons (Shuang long hui) (1992),Action|Comedy,105399,18764.0
4822,-0.5078180445690925,0.7739428156393862,3.1108461494632835,Max Keeble's Big Move (2001),Children|Comedy,273799,34549.0
6067,0.29061254190162233,0.5946145621735813,4.255731335274419,Ordinary Decent Criminal (2000),Comedy|Crime,160611,12490.0
444,-0.27940759738894627,0.36675986552339207,3.005163211327389,Even Cowgirls Get the Blues (1993),Comedy|Romance,106834,34444.0
2056,0.08735226813444577,0.36675986552339207,4.005163211327389,In Search of the Castaways (1962),Adventure|Children,56095,34774.0
45028,0.3262382079123966,0.5306887902643942,4.381735154725074,"Prairie Home Companion, A (2006)",Comedy|Drama|Musical,420087,9526.0
8015,-0.25145982208525797,0.967642859669854,3.5071218702095046,"Phantom Tollbooth, The (1970)",Adventure|Animation|Children|Fantasy,64806,28476.0
2829,0.2636306546749994,0.9716672700878548,4.038308120719501,"Muse, The (1999)",Comedy,164108,37718.0
3857,0.10049758836271362,0.13152139420147063,4.531106190222017,Bless the Child (2000),Thriller,163983,10391.0
6125,-0.05590169900832807,0.44721359206662453,3.641990291262136,"Secret Policeman's Other Ball, The (1982)",Comedy|Documentary|Musical,84648,59533.0
4733,0.054758201872788334,0.11987182301091769,4.223796573984649,"Curse of the Jade Scorpion, The (2001)",Comedy,256524,2779.0
2616,-0.46304158818426644,2.8085869437369873,3.602123902056409,Dick Tracy (1990),Action|Crime,99422,8592.0
4641,1.4214481330138953,5.514272823674523,4.024766462022344,Ghost World (2001),Comedy|Drama,162346,1548.0
185,-3.28051111090903,13.606041325641591,3.5258833423418308,"Net, The (1995)",Action|Crime|Thriller,113957,1642.0
355,-4.9452988039347785,5.829471999528572,2.9186632379141306,"Flintstones, The (1994)",Children|Comedy|Fantasy,109813,888.0
694,-0.16800907783080926,0.8667875697609198,3.57316070291542,"Substitute, The (1996)",Action|Crime|Drama,117774,20762.0
747,-0.360783405559323,0.8841281120528977,3.3589234052068973,"Stupids, The (1996)",Comedy,117768,16299.0
4844,-1.1501210577974363,1.1075231532905434,2.728527976158085,Bandits (2001),Comedy|Crime|Romance,219965,3172.0
1586,-2.1489793990185655,5.7668666798433055,3.394347829016597,G.I. Jane (1997),Action|Drama,119173,4421.0
48774,2.6842468837340543,12.785717957749728,3.976931328019252,Children of Men (2006),Action|Adventure|Drama|Sci-Fi|Thriller,206634,9693.0
7361,12.60429189052278,22.67602929277248,4.322832397822659,Eternal Sunshine of the Spotless Mind (2004),Drama|Romance|Sci-Fi,338013,38.0
112334,0.3525211531752071,0.45905478312309717,4.534918578114725,"Internet's Own Boy: The Story of Aaron Swartz, The (2014)",Documentary,3268458,250658.0
164179,0.06188365461722867,4.486015899767383,3.780785082899062,Arrival (2016),Sci-Fi,2543164,329865.0
1542,0.15195276117117412,1.1658836394656875,3.8973229900216904,Brassed Off (1996),Comedy|Drama|Romance,115744,9450.0
2092,-0.06736860981742362,0.5860235966863344,3.652031422372967,"Return of Jafar, The (1994)",Adventure|Animation|Children|Fantasy|Musical|Romance,107952,15969.0
2898,-0.20967343149143255,0.34520005231493467,3.159593420707371,"Dark Half, The (1993)",Horror|Mystery,106664,10349.0
128360,0.5670111580001546,2.9465293177752008,3.9594238620328763,The Hateful Eight (2015),Western,3460252,273248.0
305,-0.828006595785749,1.2739109680100933,3.1170181844365445,Ready to Wear (Pret-A-Porter) (1994),Comedy,110907,3586.0
2312,0.40486806657263225,1.7379585021409547,3.9999464096469444,Children of a Lesser God (1986),Drama,90830,1890.0
7234,0.6642434934098839,1.3247226357577655,4.268411098516573,"Strada, La (1954)",Drama,47528,405.0
3155,0.5429309571480809,1.0167455755288213,4.300979295212998,Anna and the King (1999),Drama|Romance,166485,1439.0
1694,-1.2669605584145125,1.3959158518761239,2.8593707118213656,"Apostle, The (1997)",Drama,118632,2895.0
86298,-0.5371314186049712,1.4752814308222058,3.4029028653764755,Rio (2011),Adventure|Animation|Children|Comedy,1436562,46195.0
128944,-0.009052378446951226,0.3349380025371933,3.739963264235109,"Honey, We Shrunk Ourselves (1997)",Action|Adventure|Children|Comedy|Sci-Fi,119310,11425.0
7347,0.4343557894150498,1.903131397440561,3.9952224511640724,Secret Window (2004),Mystery|Thriller,363988,1586.0
93831,0.08740367423227983,0.3080565115625478,4.050716396543742,American Reunion (American Pie 4) (2012),Comedy,1605630,71552.0
131749,-0.5583713316790209,0.6494787702890066,2.907268069039914,Libre et assoupi (2014),Comedy,2922440,268523.0
66320,0.5769230726314104,0.9999999925611112,4.343913368185213,"11th Hour, The (2007)",Documentary,492931,4832.0
6480,-0.06606175748790621,0.15037742165010232,3.327683932880633,Thoroughly Modern Millie (1967),Comedy|Musical,62362,32489.0
5609,-0.8986165824455403,0.5946145621735813,2.2557313352744184,Ballistic: Ecks vs. Sever (2002),Action|Thriller,308208,10550.0
1599,0.05632846229568876,0.4982812597248627,3.88003580761728,Steel (1997),Action,120207,8854.0
54768,-1.6073428353069603,0.6029676852874424,1.1012705942924392,Daddy Day Camp (2007),Children|Comedy,462244,14144.0
1288,3.9010151029685334,11.747755199432937,4.099055016543169,This Is Spinal Tap (1984),Comedy,88258,11031.0
291,-0.28945351122061935,0.5068190525405131,3.195872236860498,Poison Ivy II (1996),Drama|Thriller,114151,18220.0
158872,0.9857581671511461,1.112036582609872,4.653434300898618,Sausage Party (2016),Animation|Comedy,1700841,223702.0
7323,1.4046495596612152,4.936250462441946,4.051548291377539,"Good bye, Lenin! (2003)",Comedy|Drama,301357,338.0
84392,0.47074515021840313,1.4688977451117857,4.087465390216406,"Lincoln Lawyer, The (2011)",Crime|Drama|Thriller,1189340,50348.0
325,-0.8035567563710324,0.8755004160243258,2.8491646207501695,National Lampoon's Senior Trip (1995),Comedy,113936,27993.0
906,0.25220280809356777,1.1453427186694989,3.987188843173779,Gaslight (1944),Drama|Thriller,36855,13528.0
2082,-1.3959776813870468,4.652735861694745,3.4669565642500535,"Mighty Ducks, The (1992)",Children|Comedy,104868,10414.0
2108,-0.40291430822760066,3.3677813010839426,3.6473523836290247,L.A. Story (1991),Comedy|Romance,102250,2107.0
55721,-0.1109526596377815,1.4353253050049057,3.689688888401826,Elite Squad (Tropa de Elite) (2007),Action|Crime|Drama|Thriller,861739,7347.0
26554,0.036082652009646714,0.2541473750244678,3.9089655999041115,"Quiet Earth, The (1985)",Drama|Mystery|Sci-Fi,89869,10176.0
7748,1.0956342408532753,0.8985360176309931,4.986345129971813,Pierrot le fou (1965),Crime|Drama,59592,2786.0
81562,-0.2956211599093278,3.9546919089136963,3.6922382835917,127 Hours (2010),Adventure|Drama|Thriller,1542344,44115.0
955,1.6807192527900356,2.532123663579829,4.43074904718873,Bringing Up Baby (1938),Comedy|Romance,29947,900.0
60072,-2.6253209111058724,5.024265764863028,3.2444620186803124,Wanted (2008),Action|Thriller,493464,8909.0
179819,-0.3902647545115723,1.238577086481041,3.4518990799267435,Star Wars: The Last Jedi (2017),Action|Adventure|Fantasy|Sci-Fi,2527336,181808.0
3029,0.13539724197819392,1.1190427752755898,3.887984095046669,Nighthawks (1981),Action|Drama,82817,21610.0
7001,0.27312342322920247,0.5306184791616488,4.281716848958966,Invasion of the Body Snatchers (1978),Horror|Mystery|Sci-Fi|Thriller,77745,11850.0
72178,-0.34399038098414453,0.3349380025371933,2.739963264235109,Welcome to Dongmakgol (2005),Comedy|Drama|War,475783,14968.0
125970,-0.009052378446951226,0.3349380025371933,3.739963264235109,Halloweentown (1998),Adventure|Children|Comedy|Fantasy,173886,27850.0
7367,-1.244868105749175,2.4691061143397404,3.2628126463568004,"Ladykillers, The (2004)",Comedy|Crime,335245,5516.0
5450,-0.4606969455811837,1.0564318301457203,3.3309025736877453,Lovely & Amazing (2001),Comedy|Drama|Romance,258273,50035.0
25827,0.06202762763405927,0.49842644783279677,3.891437193917003,Mr. Deeds Goes to Town (1936),Comedy|Romance,27996,24807.0
26840,0.7112825143138526,0.5807306604208037,4.991796492812524,Sonatine (Sonachine) (1993),Action|Comedy|Crime|Drama,108188,7500.0
1306,-0.22758966337935,0.4632355980287654,3.275685943436049,Until the End of the World (Bis ans Ende der Welt) (1991),Adventure|Drama|Sci-Fi,101458,10341.0
55020,0.8045279058428091,0.6029676852874424,5.101270594292439,"Ten, The (2007)",Comedy,811106,13173.0
3095,0.5502775901274867,0.9909744856046239,4.322279653522301,"Grapes of Wrath, The (1940)",Drama,32551,596.0
91628,-0.05416148533612526,0.03250989515973905,2.100990291262136,New Year's Eve (2011),Comedy|Romance,1598822,62838.0
72605,-0.059962204141843105,0.3052090780163887,3.5705275761569735,Brothers (2009),Drama|Thriller|War,765010,7445.0
7236,0.10049758836271362,0.13152139420147063,4.531106190222017,"Boy and His Dog, A (1975)",Sci-Fi,72730,4917.0
47950,0.15524740961027506,0.43851677948819323,4.121018727281093,Hollywoodland (2006),Crime|Drama|Mystery|Thriller,427969,1249.0
912,8.711727287345425,18.918128338859958,4.227486548148741,Casablanca (1942),Drama|Romance,34583,289.0
1266,3.433686934337989,8.716325347707294,4.16092773592638,Unforgiven (1992),Drama|Western,105695,33.0
3753,1.3690843689563916,10.980244236947286,3.891676440259585,"Patriot, The (2000)",Action|Drama|War,187393,2024.0
55765,0.4961814321356499,8.03962544507108,3.8287072749109012,American Gangster (2007),Crime|Drama|Thriller,765429,4982.0
128620,0.4913903571729084,2.2132770071826,3.9890096569259152,Victoria (2015),Crime|Drama|Romance,4226388,320007.0
1590,-0.6975234683523297,3.2371206264760675,3.551513777150379,Event Horizon (1997),Horror|Sci-Fi|Thriller,119081,8413.0
1681,0.03874211788400979,0.4767214465164053,3.8482581221246113,Mortal Kombat: Annihilation (1997),Action|Adventure|Fantasy,119707,9823.0
2840,-1.8799713879928068,4.758586169867889,3.371920974266874,Stigmata (1999),Drama|Thriller,145531,10307.0
105954,0.13678897009818083,0.5716746580518313,4.00626794363234,All Is Lost (2013),Action|Adventure|Drama,2017038,152747.0
2886,-0.4461749700483783,0.28819914333268454,2.2188421431139878,"Adventures of Elmo in Grouchland, The (1999)",Children|Comedy,159421,16112.0
3020,-1.6520867114416924,3.1613053214629847,3.244393913042919,Falling Down (1993),Action|Drama,106856,37094.0
6618,0.1885708713588854,2.088862609232649,3.8572647164566956,Shaolin Soccer (Siu lam juk kau) (2001),Action|Comedy,286112,11770.0
2796,0.23017172559291021,2.6807858047005317,3.8528500884862646,Funny Farm (1988),Comedy,95188,14170.0
3261,-0.7483434744243704,1.1279657580380398,3.1035450855087063,Singles (1992),Comedy|Drama|Romance,105415,11068.0
27156,1.0956342408532753,0.8985360176309931,4.986345129971813,"Neon Genesis Evangelion: The End of Evangelion (Shin seiki Evangelion Gekijô-ban: Air/Magokoro wo, kimi ni) (1997)",Action|Animation|Drama|Fantasy|Sci-Fi,169858,18491.0
748,0.39658889734006664,1.3001715669852438,4.07201841786519,"Arrival, The (1996)",Action|Sci-Fi|Thriller,115571,10547.0
473,-0.6372618421835076,0.7142866056518808,2.874824825549781,In the Army Now (1994),Comedy|War,110123,12475.0
27523,0.369486609524224,0.3001171675161411,4.998131490488442,My Sassy Girl (Yeopgijeogin geunyeo) (2001),Comedy|Romance,293715,11178.0
1382,-1.64656310908016,1.0141125258968073,2.1433409752022055,Marked for Death (1990),Action|Drama,100114,10173.0
7346,-0.2976018094863506,2.990620743376483,3.667478572785138,"Girl Next Door, The (2004)",Comedy|Romance,265208,10591.0
60363,0.31149472808268874,0.11394494335438751,6.500720449992295,Zombie Strippers! (2008),Comedy|Horror,960890,13009.0
66665,0.3585631776076461,0.5383421906119289,4.433040962862053,Away We Go (2009),Comedy|Drama|Romance,1176740,19255.0
6687,-0.33867092003170196,0.4160803866432122,2.9530347891439566,My Boss's Daughter (2003),Comedy|Romance,270980,2830.0
131439,0.15841662282164543,0.3349380025371933,4.239963264235109,Kill Me Three Times (2014),Thriller,2393845,237756.0
581,0.8072174971384691,0.7107723325746994,4.902680947951609,"Celluloid Closet, The (1995)",Documentary,112651,32562.0
4987,-1.073133939032457,0.772369108962009,2.377584725217881,Spacehunter: Adventures in the Forbidden Zone (1983),Action|Adventure|Sci-Fi,86346,26978.0
935,0.5485415067674456,1.7548520702781731,4.07957590235612,"Band Wagon, The (1953)",Comedy|Musical,45537,29376.0
5303,0.0025867122544967975,0.002553118588853982,4.7801481859989785,Joe Versus the Volcano (1990),Comedy|Romance,99892,2565.0
79553,-0.23363194653451755,0.6494787702890066,3.407268069039914,Ip Man 2 (2010),Action,1386932,37472.0
5947,-0.14512147675367867,0.29072111323306965,3.2678126596831887,Evelyn (2002),Drama,298856,21868.0
83132,-0.38692441611092365,0.6193097208749428,3.1422230656415078,"Secret World of Arrietty, The (Kari-gurashi no Arietti) (2010)",Animation|Children|Fantasy,1568921,51739.0
6932,-0.006694739185168349,0.5946145621735813,3.7557313352744184,Shattered Glass (2003),Crime|Drama,323944,13537.0
1626,-0.27940759738894627,0.36675986552339207,3.005163211327389,Fire Down Below (1997),Action|Drama|Thriller,119123,14289.0
26322,-0.09125448334276001,0.3711143828433549,3.5210971446705153,Gone in 60 Seconds (1974),Action|Crime|Drama,71571,16246.0
169984,0.09264233486635125,0.3052090780163887,4.070527576156973,Alien: Covenant (2017),Action|Horror|Sci-Fi|Thriller,2316204,126889.0
7228,-0.03102380583875701,0.13152139420147063,3.531106190222017,Cool World (1992),Animation|Comedy|Fantasy,104009,14239.0
2329,8.366574118280495,25.003365448895956,4.101608210413093,American History X (1998),Crime|Drama,120586,73.0
1304,2.079473383138011,10.44913276294156,3.9659994751164156,Butch Cassidy and the Sundance Kid (1969),Action|Western,64115,642.0
704,-0.12131185893601446,0.21963164419702028,3.214647939232062,"Quest, The (1996)",Action|Adventure,117420,9103.0
1247,3.7946163313845505,13.94349148478131,4.039132769745821,"Graduate, The (1967)",Comedy|Drama|Romance,61722,37247.0
54286,6.098783966985227,20.14760528499692,4.069695445582721,"Bourne Ultimatum, The (2007)",Action|Crime|Thriller,440963,2503.0
48394,-1.9546090991131093,13.672949403792853,3.624035831226549,"Pan's Labyrinth (Laberinto del fauno, El) (2006)",Drama|Fantasy|Thriller,457430,1417.0
2320,-0.1100413387886483,1.9811318781702747,3.7114456099609194,Apt Pupil (1998),Drama|Thriller,118636,9445.0
3421,0.9649050980030675,7.360443738503044,3.8980836237137617,Animal House (1978),Comedy,77975,8469.0
3752,-3.082637027400849,6.755091479373191,3.310647540492033,"Me, Myself & Irene (2000)",Adventure|Comedy,183505,2123.0
3798,-0.6598140329305618,2.8148034518174017,3.5325817280267358,What Lies Beneath (2000),Drama|Horror|Mystery,161081,2655.0
7570,0.9449553275075151,0.9102791457354471,4.805084300044521,Octopussy (1983),Action|Adventure|Thriller,86034,700.0
111617,0.4183012774546308,0.9094600941351837,4.226934911319818,Blended (2014),Comedy,1086772,232672.0
31225,-0.0595457332779183,1.1000366974529956,3.712859612334979,Coach Carter (2005),Drama,393162,7214.0
51255,2.2292561100568493,9.54257211846982,4.000601950925895,Hot Fuzz (2007),Action|Comedy|Crime|Mystery,425112,4638.0
62394,-0.5999055376205997,0.7975401728995812,3.0147955329221894,Max Payne (2008),Action|Crime|Drama|Thriller,467197,13051.0
1488,0.39542507279017247,2.879419578227821,3.904318340213426,"Devil's Own, The (1997)",Action|Drama|Thriller,118972,4477.0
149352,0.6027413457169187,0.6429945140997411,4.704387629030747,Daddy's Home (2015),Comedy,1528854,274167.0
4663,-0.026018924031830235,0.05281164506088962,3.2743162985881433,She's Out of Control (1989),Comedy,98308,47045.0
80584,-0.026018924031830235,0.05281164506088962,3.2743162985881433,"Patrik Age 1.5 (Patrik 1,5) (2008)",Comedy|Drama|Romance,1067733,15179.0
141844,0.28960391320658585,0.7548520770222206,4.150646800957427,12 Chairs (1971),Adventure|Comedy,65670,31648.0
97172,-0.2163816870110293,0.3080565115625478,3.064581223804086,Frankenweenie (2012),Animation|Comedy|Horror|IMAX,1142977,62214.0
104218,0.003303640004405993,0.002847433546159135,4.92720700952839,Grown Ups 2 (2013),Comedy,2191701,109418.0
117533,0.03518390238547091,0.5605867823085786,3.8297529240887225,Citizenfour (2014),Documentary,4044364,293310.0
6902,0.3817199805116081,1.244093332462588,4.073816130249652,Interstate 60 (2002),Adventure|Comedy|Drama|Fantasy|Mystery|Sci-Fi|Thriller,165832,20312.0
5879,-0.8233482061593104,0.4222425074345403,1.817048748991068,Eight Crazy Nights (Adam Sandler's Eight Crazy Nights) (2002),Animation|Comedy|Musical,271263,13376.0
4898,-0.5872713901498772,1.0331313416617744,3.1985520235727045,Novocaine (2001),Comedy|Crime|Mystery|Thriller,234354,20794.0
3927,-0.49603308889418324,0.5200609786265221,2.813192353558362,Fantastic Voyage (1966),Adventure|Sci-Fi,60397,2161.0
4174,-0.22758966337935,0.4632355980287654,3.275685943436049,Avalon (1990),Drama,99073,2302.0
5047,-0.004603743358311343,0.8543609024998307,3.7616017682798213,Kung Pow: Enter the Fist (2002),Action|Comedy,240468,11891.0
39231,-0.12108571661225562,0.4832217024063165,3.516410244858424,Elizabethtown (2005),Comedy|Drama|Romance,368709,9621.0
2054,-2.675828166753963,8.759637392562523,3.461517810286393,"Honey, I Shrunk the Kids (1989)",Adventure|Children|Comedy|Fantasy|Sci-Fi,97523,9354.0
4973,6.331814118768424,22.72459331657783,4.045622961627651,"Amelie (Fabuleux destin d'Amélie Poulain, Le) (2001)",Comedy|Romance,211915,194.0
78499,1.6497011832683723,11.628346734622177,3.9088592276567278,Toy Story 3 (2010),Adventure|Animation|Children|Comedy|Fantasy|IMAX,435761,10193.0
512,-0.20317876076360103,0.42674425145326356,3.290876646915007,"Puppet Masters, The (1994)",Horror|Sci-Fi,111003,25557.0
2614,-0.5548734838063673,0.34520005231493467,2.159593420707371,Chopping Mall (a.k.a. Killbots) (1986),Action|Horror|Sci-Fi,90837,28941.0
3826,-4.808767318146286,5.935992659818443,2.9568869785175806,Hollow Man (2000),Horror|Sci-Fi|Thriller,164052,9383.0
2941,-0.11150254905488481,0.779924992142464,3.6240245571489287,South Pacific (1958),Musical|Romance|War,52225,17352.0
31410,0.5210046133474705,3.5160414986370494,3.915169604148355,"Downfall (Untergang, Der) (2004)",Drama|War,363163,613.0
6234,0.06397153115393392,0.43003084831255595,3.9157506218406484,Equus (1977),Drama|Mystery,75995,37258.0
62792,0.019313305508447967,0.6777941900184554,3.795484642191763,Pride and Glory (2008),Crime|Drama,482572,13150.0
4102,-0.20583482204059436,1.01882738349957,3.564959186313256,Eddie Murphy Raw (1987),Comedy|Documentary,92948,17159.0
259,-0.16895356611360157,0.2594359262960808,3.115756021106415,Kiss of Death (1995),Crime|Drama|Thriller,113552,6071.0
174737,0.19709822322228226,0.8985360176309931,3.9863451299718133,Don Camillo in Moscow (1965),Comedy,59049,37991.0
153386,0.15841662282164543,0.3349380025371933,4.239963264235109,Long Live Ghosts! (1977),Children|Comedy|Fantasy,75703,46632.0
184349,-0.009052378446951226,0.3349380025371933,3.739963264235109,Elsa & Fred (2005),Comedy|Drama|Romance,453047,22916.0
3819,-0.04494755273015721,0.05081027699930815,2.8823749066467514,Tampopo (1985),Comedy,92048,11830.0
77206,-0.12056071425485042,0.29610025585718946,3.359828487548608,Diary of a Wimpy Kid (2010),Children|Comedy,1196141,33217.0
8025,0.28960391320658585,0.7548520770222206,4.150646800957427,The Thief (1997),Drama,124207,46187.0
181659,-0.0023912270879122774,0.002847433546159135,2.9272070095283897,Craig Ferguson: Tickle Fight (2017),Comedy,7193448,490928.0
62383,0.020039985968654615,0.03558119957699902,4.330208682066734,"20,000 Leagues Under the Sea (1916)",Action|Adventure|Sci-Fi,6333,30266.0
109846,0.1697614706822885,0.20620743613950301,4.590246105215624,Mr. Peabody & Sherman (2014),Adventure|Animation|Comedy,864835,82703.0
5959,-1.2248515193717744,2.452806285461429,3.2676228823347118,Narc (2002),Crime|Drama|Thriller,272207,11022.0
5611,-0.43584258998674835,0.29072111323306965,2.2678126596831887,"Four Feathers, The (2002)",Adventure|War,240510,9093.0
2239,0.9057077981065678,0.6841066461435681,5.0909180782705,Swept Away (Travolti da un insolito destino nell'azzurro mare d'Agosto) (1975),Comedy|Drama,73817,37916.0
3283,-0.48015933380664827,0.2837467184187765,2.074779235985754,Minnie and Moskowitz (1971),Action,67433,24349.0
5499,0.08803886986616045,0.08154419913832892,4.846636308961251,Robin and Marian (1976),Adventure|Drama|Romance,75147,10786.0
26122,0.4209171841034507,0.5807306604208037,4.491796492812524,Onibaba (1964),Drama|Horror|War,58430,3763.0
50923,-0.6043074190185721,0.4832217024063165,2.516410244858424,"Astronaut Farmer, The (2007)",Drama,469263,5172.0
1391,-2.5583432136760518,14.022384219946618,3.5845431999866846,Mars Attacks! (1996),Action|Comedy|Sci-Fi,116996,75.0
7143,3.420098368778615,9.937660103281766,4.11114558870979,"Last Samurai, The (2003)",Action|Adventure|Drama|War,325710,616.0
135569,0.024347773056543787,0.7884357073200354,3.7978714053853206,Star Trek Beyond (2016),Action|Adventure|Sci-Fi,2660888,188927.0
6387,0.1809422577384773,0.5206958374649127,4.114491163593711,Once a Thief (Zong heng si hai) (1991),Action|Comedy|Crime|Thriller,101020,47423.0
8982,-0.27013277864231955,0.968515303251525,3.488075980114524,I Am David (2003),Drama,327919,15397.0
3208,-1.338894509457651,0.8754499005346028,2.237611501407867,Loaded Weapon 1 (National Lampoon's Loaded Weapon 1) (1993),Action|Comedy,107659,9644.0
4041,1.4033176767040358,2.6224672453387106,4.302103810486582,"Officer and a Gentleman, An (1982)",Drama|Romance,84434,2623.0
4351,-1.3596074197763195,3.8111234397904408,3.4102431427491298,Point Break (1991),Action|Crime|Thriller,102685,1089.0
107348,1.0115184536714792,0.6788443247693481,5.257049818555325,Anchorman 2: The Legend Continues (2013),Comedy,1229340,109443.0
98491,1.3115108827475406,2.153941896381147,4.375878991997759,Paperman (2012),Animation|Comedy|Romance,2388725,140420.0
6313,-0.46567604862033185,0.4564154453807231,2.7467004361896725,Sibling Rivalry (1990),Comedy,100611,108553.0
3452,-1.709407567455139,3.091648912423278,3.2140790080351924,Romeo Must Die (2000),Action|Crime|Romance|Thriller,165929,2085.0
55190,0.026632369696719945,0.11394494335438751,4.000720449992295,Love and Other Disasters (2006),Comedy|Romance,452643,6641.0
62999,-1.0376904279514463,2.0551157920224203,3.2620598965955345,Madagascar: Escape 2 Africa (2008),Action|Adventure|Animation|Children|Comedy|IMAX,479952,10527.0
1172,3.250363028373692,5.831240046380225,4.324395406215579,Cinema Paradiso (Nuovo cinema Paradiso) (1989),Drama,95765,11216.0
7087,-0.22408032214914422,0.8262961879249688,3.4958038505841698,"Passage to India, A (1984)",Adventure|Drama,87892,15927.0
896,0.0793436622041067,0.07387168550037518,4.84106436533621,Wild Reeds (Les roseaux sauvages) (1994),Drama,111019,26933.0
44972,-1.9859289512338325,1.4212260560031318,2.3696552629283634,Scary Movie 4 (2006),Comedy|Horror,362120,4257.0
74275,-0.0023912270879122774,0.002847433546159135,2.9272070095283897,I Love You Phillip Morris (2009),Comedy|Drama|Romance,1045772,8952.0
2775,-0.726563703219818,0.29072111323306965,1.2678126596831887,Head On (1998),Drama,138487,13817.0
1516,0.24652764086102982,0.40500969570026324,4.375685943436049,Children of the Revolution (1996),Comedy,115886,9977.0
86487,0.560454075466856,0.49842644783279677,4.891437193917003,Mildred Pierce (2011),Drama,1492030,202241.0
98243,-0.06499963726616935,0.39325254384989916,3.601703026671728,Rise of the Guardians (2012),Adventure|Animation|Children|Fantasy|IMAX,1446192,81188.0
2786,-1.2204521364991543,0.8052766450115854,2.2514215186428883,Haunted Honeymoon (1986),Comedy,91178,24103.0
2296,-1.9527981943856725,1.194059534672365,2.13156246067118,"Night at the Roxbury, A (1998)",Comedy,120770,9429.0
4338,0.19692590134894908,0.5277933064494101,4.140102073739477,Twelve O'Clock High (1949),Drama|War,41996,15497.0
8830,-1.008463470261958,0.6147430966077871,2.1265270216024055,Anacondas: The Hunt for the Blood Orchid (2004),Adventure|Drama|Horror|Sci-Fi|Thriller,366174,11237.0
68486,0.10179386398380832,0.22122383639985316,4.227129965360455,Red Cliff Part II (Chi Bi Xia: Jue Zhan Tian Xia) (2009),Action|Drama|War,1326972,15384.0
1008,-0.06401098013382155,0.43851677948819323,3.6210187272810934,"Davy Crockett, King of the Wild Frontier (1955)",Adventure|Western,47977,35115.0
7720,0.06718945551569507,0.33860448768361584,3.9654207845356786,"Four Musketeers, The (1974)",Action|Adventure|Comedy|Romance,73012,12310.0
3147,7.691487391972939,19.47311042831029,4.161970200624276,"Green Mile, The (1999)",Crime|Drama,120689,497.0
1302,3.4980774869637603,10.817921450819645,4.090349774215187,Field of Dreams (1989),Children|Drama|Fantasy,97351,2323.0
52,1.6180121163079464,4.0275869569787845,4.168722676829713,Mighty Aphrodite (1995),Comedy|Drama|Romance,113819,11448.0
2763,1.0363029683384413,8.458364988302746,3.889508410280595,"Thomas Crown Affair, The (1999)",Action|Mystery,155267,913.0
3060,0.4386521823779457,1.1357766509035945,4.153203709216243,"Commitments, The (1991)",Comedy|Drama|Musical,101605,11663.0
51834,1.593067152549905,0.9946713272879053,5.368591854356953,Becoming Jane (2007),Drama|Romance,416508,2977.0
139385,-0.7437177651228642,7.45840427377754,3.6672748913155755,The Revenant (2015),Adventure|Drama,1663202,281957.0
1485,-6.82765510937036,9.709683648097892,3.063810315804554,Liar Liar (1997),Comedy,119528,1624.0
1798,-0.5548734838063673,0.34520005231493467,2.159593420707371,Hush (1998),Thriller,118744,17941.0
1812,0.58963875448134,0.7119599178383267,4.595181232504472,Wide Awake (1998),Children|Comedy|Drama,120510,32911.0
3622,0.13552662082350211,0.34520005231493467,4.15959342070737,"Twelve Chairs, The (1970)",Comedy,66495,24918.0
41997,0.30745024519506214,3.485639792863447,3.8551951154739035,Munich (2005),Action|Crime|Drama|Thriller,408306,612.0
3030,2.04651083200342,3.1629382548596814,4.414018676612077,Yojimbo (1961),Action|Adventure,55630,11878.0
5791,1.2585764566385904,3.9372406143030965,4.086649814245433,Frida (2002),Drama|Romance,120679,1360.0
3861,-1.7299117159843849,4.045147401323337,3.3393391961701604,"Replacements, The (2000)",Comedy,191397,10393.0
4466,-0.5468635808337367,0.34923073376900454,2.201081200353045,Above the Law (1988),Action|Crime|Drama,94602,9395.0
172461,0.19709822322228226,0.8985360176309931,3.9863451299718133,Get Me Roger Stone (2017),Documentary,6714534,448448.0
2183,-0.21603506419988894,0.7656115512072211,3.484817087554272,"Man Who Knew Too Much, The (1956)",Adventure|Drama|Mystery|Thriller,49470,574.0
4464,-0.03834333598108081,0.17099698903363977,3.542756307975228,"Accidental Tourist, The (1988)",Comedy|Drama|Romance,94606,31052.0
3593,-0.8117809083278134,4.708815279704737,3.5945942935200637,Battlefield Earth (2000),Action|Sci-Fi,185183,5491.0
3774,-1.0473856579762022,0.5262191667655982,1.7765921375537685,House Party 2 (1991),Comedy|Drama|Romance,102065,16096.0
5900,-0.5228158801388454,1.044260465824075,3.266333704855538,Analyze That (2002),Comedy|Crime,289848,9932.0
1683,0.3575240018914997,1.424169082572616,4.018030709332208,"Wings of the Dove, The (1997)",Drama|Romance,120520,45609.0
148632,-0.34399038098414453,0.3349380025371933,2.739963264235109,Applesauce (2015),Comedy,4270878,333088.0
2138,0.09669275688605625,0.608224652995699,3.925965690252976,Watership Down (1978),Adventure|Animation|Children|Drama|Fantasy,78480,11837.0
172215,-0.0009675103148327097,0.002847433546159135,3.4272070095283897,Saved by the Bell: Hawaiian Style (1992),Comedy,105321,37022.0
2475,0.016097014176683133,0.5851130267787832,3.7945012394720945,52 Pick-Up (1986),Action|Mystery|Thriller,90567,18588.0
2364,-0.754793496275672,0.7043124994410322,2.6953161453756107,"Godzilla 1985: The Legend Is Reborn (Gojira) (Godzilla) (Return of Godzilla, The) (1984)",Action|Horror|Sci-Fi|Thriller,87344,39256.0
7078,0.31124085155045766,0.49842644783279677,4.391437193917003,Jezebel (1938),Drama,30287,1976.0
38294,-0.3651712821582318,0.3052090780163887,2.5705275761569735,Beowulf & Grendel (2005),Action|Adventure|Drama|Fantasy,402057,5471.0
88699,-0.21256674315003746,0.3052090780163887,3.0705275761569735,Death Race 2 (2010),Action|Sci-Fi|Thriller,1500491,51620.0
139855,-0.23363194653451755,0.6494787702890066,3.407268069039914,Anomalisa (2015),Animation|Comedy|Fantasy,2401878,291270.0
212,0.07965733444251707,0.25379101100177937,4.080860093537988,Bushwhacked (1995),Adventure|Comedy|Crime|Mystery,112602,26258.0
674,0.5371699640920924,0.722303194403194,4.510680708602642,Barbarella (1968),Adventure|Comedy|Sci-Fi,62711,8069.0
1047,-2.4481274125919175,5.6514997312265844,3.3338083875162816,"Long Kiss Goodnight, The (1996)",Action|Drama|Thriller,116908,11412.0
1427,-0.5548734838063673,0.34520005231493467,2.159593420707371,Turbulence (1997),Action|Thriller,120390,34314.0
4979,2.5312986397991883,13.271413893156959,3.957723446009452,"Royal Tenenbaums, The (2001)",Comedy|Drama,265666,9428.0
53322,0.9569533325291716,4.577301160205308,3.97605526187164,Ocean's Thirteen (2007),Crime|Thriller,496806,298.0
106491,0.20344672271071784,0.7778820941913343,4.028529571096332,47 Ronin (2013),Action|Adventure|Fantasy,1335975,64686.0
3006,0.28927779673524595,5.767611702603919,3.8171458515965195,"Insider, The (1999)",Drama|Thriller,140352,9008.0
68536,-0.07009661406789403,0.04906762984752583,2.338418862690708,Stanley Kubrick: A Life in Pictures (2001),Documentary,278736,30416.0
60046,0.09336065852968418,0.19457248761213886,4.246814852665645,"Children of Huang Shi, The (2008)",Drama|War,889588,13405.0
1458,0.076927938724845,0.3138659899973676,4.012088330477822,Touch (1997),Drama|Fantasy|Romance,120357,61563.0
715,0.01564952733688118,0.08388545361622131,3.9535485878707264,"Horseman on the Roof, The (Hussard sur le toit, Le) (1995)",Drama|Romance,113362,11876.0
2155,0.25595458205930915,0.9812411069097515,4.027838089277237,"Slums of Beverly Hills, The (1998)",Comedy|Drama,120831,14662.0
4349,0.6952908986379257,1.518313127594432,4.224926724795792,Catch-22 (1970),Comedy|War,65528,10364.0
6786,0.7261065718576835,1.0659292139025562,4.448186155290741,Kiss of the Spider Woman (1985),Drama,89424,11703.0
42723,-0.5877817663693021,1.25475475512484,3.298546745646067,Hostel (2005),Horror,450278,1690.0
8158,-0.009260603239608754,0.4564154453807231,3.7467004361896725,Rush (1991),Crime|Drama,102820,20289.0
5341,-0.22408032214914422,0.8262961879249688,3.4958038505841698,Lenny (1974),Drama,71746,27094.0
72129,0.07983368899599234,0.7785486880748114,3.869531969411263,Saw VI (2009),Crime|Horror|Mystery|Thriller,1233227,22804.0
1190,-0.295958934797444,0.5662270736605505,3.2443043432304997,Tie Me Up! Tie Me Down! (¡Átame!) (1990),Crime|Drama|Romance,101026,2469.0
73042,-1.0761704802933758,0.6310382583943828,2.061593723023009,Alvin and the Chipmunks: The Squeakquel (2009),Animation|Children|Comedy|Musical,1231580,23398.0
141513,-0.17652137971554788,0.3349380025371933,3.239963264235109,Fort Tilden (2014),Comedy,3457734,253255.0
4438,0.03483676481465899,0.3338523294738158,3.8713381173490924,"Fist of Fury (Chinese Connection, The) (Jing wu men) (1972)",Action|Drama|Romance|Thriller,68767,11713.0
7802,1.5279528195517609,2.243686631557114,4.447991282247836,"Warriors, The (1979)",Action|Adventure|Crime|Thriller,80120,11474.0
2600,3.8706768702364918,4.629780572836934,4.603029237242832,eXistenZ (1999),Action|Sci-Fi|Thriller,120907,1946.0
45175,-0.026018924031830235,0.05281164506088962,3.2743162985881433,Kinky Boots (2005),Comedy|Drama,434124,16367.0
36401,-2.8013254211708953,3.780851979901681,3.0260659080643197,"Brothers Grimm, The (2005)",Comedy|Fantasy|Horror|Thriller,355295,4442.0
165103,0.0018799232313264256,0.002847433546159135,4.42720700952839,Keeping Up with the Joneses (2016),Comedy,2387499,331313.0
25771,0.31124085155045766,0.49842644783279677,4.391437193917003,"Andalusian Dog, An (Chien andalou, Un) (1929)",Fantasy,20530,626.0
123545,-0.1871855962823391,0.49842644783279677,3.391437193917003,The Blue Lagoon (1949),Drama|Romance,41190,228074.0
1546,-0.006694739185168349,0.5946145621735813,3.7557313352744184,Schizopolis (1996),Comedy,117561,16375.0
6294,-2.5663060858186104,1.800675772878258,2.3417997464276574,Bulletproof Monk (2003),Action|Adventure|Sci-Fi,245803,11817.0
1473,0.13014690883803937,0.3552245041226488,4.133369601606963,Best Men (1997),Action|Comedy|Crime|Drama,118702,19952.0
3210,3.6339241391076955,7.414042751243956,4.257130996007598,Fast Times at Ridgemont High (1982),Comedy|Drama|Romance,83929,13342.0
274,0.13969533539566006,0.35756971178189095,4.1576702923716,Man of the House (1995),Comedy,113755,40490.0
631,-0.7591916683824278,1.2154860780299626,3.1423910612874812,All Dogs Go to Heaven 2 (1996),Adventure|Animation|Children|Fantasy|Musical|Romance,115509,19042.0
6365,-3.7578673243344163,16.146572260848593,3.5342556115031196,"Matrix Reloaded, The (2003)",Action|Adventure|Sci-Fi|Thriller|IMAX,234215,604.0
1616,-0.7083377112667214,4.472152192598343,3.6086017390033245,"Peacemaker, The (1997)",Action|Thriller|War,119874,6623.0
1722,-2.793302449003434,7.799662314781687,3.408859088106116,Tomorrow Never Dies (1997),Action|Adventure|Thriller,120347,714.0
3754,0.5154635644004151,0.4767214465164053,4.848258122124611,"Adventures of Rocky and Bullwinkle, The (2000)",Adventure|Animation|Children|Comedy|Fantasy,131704,17711.0
2989,1.7829768378229374,3.097637527071375,4.34258276205346,For Your Eyes Only (1981),Action|Adventure|Thriller,82398,699.0
4688,-0.10097274921959852,0.4852936008452085,3.5589250106902512,Black Robe (1991),Adventure|Drama,101465,41784.0
6537,-6.230899383378639,9.881566405379427,3.1364324295058665,Terminator 3: Rise of the Machines (2003),Action|Adventure|Sci-Fi,181852,296.0
49961,0.27089782686000813,0.791739133372843,4.109145700084701,Notes on a Scandal (2006),Drama,465551,1259.0
68205,-0.18175543716444442,0.6313029598299982,3.4790850401709816,Crank: High Voltage (2009),Action|Comedy|Crime,1121931,15092.0
3987,-0.7917849364882426,0.46910255677992224,2.0791185774021206,Bounce (2000),Drama|Romance,186894,10862.0
171011,0.39535089168716014,2.2510311512508085,3.9426213088371167,Planet Earth II (2016),Documentary,5491994,420714.0
6975,1.1366528581493123,1.779383845567938,4.405780432568898,Funny Games (1997),Drama|Horror|Thriller,119167,10234.0
104913,0.4642269598220661,3.246484760767201,3.909984019565472,Rush (2013),Action|Drama,1979320,96721.0
2363,-0.7345271902000879,0.7286940695497242,2.7589853947025027,Godzilla (Gojira) (1954),Drama|Horror|Sci-Fi,47034,1678.0
3446,0.2571540361893605,0.30923344555845955,4.598575748407477,Funny Bones (1995),Comedy|Drama,113133,35292.0
182715,0.09462363373360941,0.3293809241969383,4.054267503700321,Annihilation (2018),Adventure|Mystery|Sci-Fi|Thriller,2798920,300668.0
6996,-0.8424871279111059,0.5092270904416127,2.112547423384697,Highlander II: The Quickening (1991),Action|Sci-Fi,102034,8010.0
26578,0.06552359105744163,1.5811482649471893,3.808430801624161,"Sacrifice, The (Offret - Sacraficatio) (1986)",Drama,91670,24657.0
142550,-0.34399038098414453,0.3349380025371933,2.739963264235109,Ryuzo and the Seven Henchmen (2015),Action|Comedy,4176776,315841.0
5588,0.06957365607663729,0.46537372367528645,3.9164909023563332,"Hills Have Eyes, The (1977)",Horror,77681,12262.0
4325,-0.08782212530452445,0.7548520770222206,3.6506468009574267,"Night, The (Notte, La) (1960)",Drama,54130,41050.0
8531,-0.45902486429665934,0.6175905301539463,3.02373915335651,White Chicks (2004),Action|Comedy|Crime,381707,12153.0
70641,0.0004562064582468579,0.002847433546159135,3.9272070095283897,Miss March (2009),Comedy,1151922,19556.0
91323,0.003303640004405993,0.002847433546159135,4.92720700952839,"Sitter, The (2011)",Comedy,1366344,57431.0
2344,-1.0573205389931766,2.2926995786929796,3.305821916295219,Runaway Train (1985),Action|Adventure|Drama|Thriller,89941,11893.0
8121,-0.726563703219818,0.29072111323306965,1.2678126596831887,"Seducing Doctor Lewis (Grande séduction, La) (2003)",Comedy,366532,41277.0
4450,1.4086608381879193,1.138427740936888,5.004364247933851,Bully (2001),Crime|Drama|Thriller,242193,9517.0
3474,0.29061254190162233,0.5946145621735813,4.255731335274419,Retroactive (1997),Sci-Fi|Thriller,117468,26689.0
2575,-0.03480483765910242,0.6743559370647975,3.7153783223505936,"Dreamlife of Angels, The (Vie rêvée des anges, La) (1998)",Drama,120449,9840.0
86644,-0.1313710730961754,0.4260923510585348,3.4586743293120747,"Fast Five (Fast and the Furious 5, The) (2011)",Action|Crime|Drama|Thriller|IMAX,1596343,51497.0
62344,0.023158888192199495,0.6391853141047033,3.803222175320107,Rachel Getting Married (2008),Drama|Romance,1084950,14976.0
103137,-0.41933276749435705,0.33771897317612776,2.5253284339176094,"Bling Ring, The (2013)",Crime|Drama,2132285,96936.0
2633,-0.4399266261080347,0.9040402769977236,3.28036747444582,"Mummy, The (1932)",Horror|Romance,23245,15849.0
7261,-0.6043074190185721,0.4832217024063165,2.516410244858424,Barbershop 2: Back in Business (2004),Comedy,337579,21301.0
2170,-0.4673820757219848,0.40238583161478103,2.605463122558475,Wrongfully Accused (1998),Action|Comedy,120901,9417.0
3192,-0.22945585235181654,0.21112033903603206,2.6801416560264038,"Terrorist, The (a.k.a. Malli) (Theeviravaathi) (1998)",Drama,169302,48233.0
1644,-3.659627179570381,5.086901255025727,3.047568585178346,I Know What You Did Last Summer (1997),Horror|Mystery|Thriller,119345,3597.0
1608,0.04178342834396814,7.236966913012962,3.772763901787954,Air Force One (1997),Action|Thriller,118571,9772.0
442,-2.927220885157854,10.935773211891519,3.4993164077204764,Demolition Man (1993),Action|Adventure|Sci-Fi,106697,9739.0
3032,0.29056342078739117,0.6005547816672225,4.250815297168753,"Omega Man, The (1971)",Action|Drama|Sci-Fi|Thriller,67525,11234.0
2059,0.35800265966247263,2.365402501315252,3.918339864733632,"Parent Trap, The (1998)",Children|Comedy|Romance,120783,9820.0
103810,0.13866889332950727,0.5745220915979904,4.008354192420071,Red 2 (2013),Action|Comedy|Crime|Thriller,1821694,146216.0
3272,-0.12976794385559848,1.044541779138008,3.642755965314267,Bad Lieutenant (1992),Crime|Drama,103759,12143.0
1399,-0.027934416225033672,0.045774273345692285,3.156725743443541,Marvin's Room (1996),Drama,116999,9819.0
32657,0.9359701452443646,1.6533880946532138,4.333082516234082,"Man Who Planted Trees, The (Homme qui plantait des arbres, L') (1987)",Animation|Drama,93488,49565.0
100498,-1.5706908942802646,1.2696504004743479,2.5298852632217823,"Good Day to Die Hard, A (2013)",Action|Crime|Thriller|IMAX,1606378,47964.0
2380,-0.3630871686540184,1.6213995060986597,3.5430558646829255,Police Academy 3: Back in Training (1986),Comedy|Crime,91777,12118.0
60487,-0.20934032501472058,0.17099698903363977,2.542756307975228,"It's the Great Pumpkin, Charlie Brown (1966)",Animation|Children|Comedy,60550,13353.0
3978,0.10560865651474227,1.3070428153662812,3.847789982957887,"Legend of Bagger Vance, The (2000)",Drama|Romance,146984,4958.0
4877,-0.03034010198047381,0.11394494335438751,3.500720449992295,Better Than Sex (2000),Comedy|Romance,236019,27444.0
67087,-0.47752338077365775,3.299363095833419,3.6222583030257716,"I Love You, Man (2009)",Comedy,1155056,16538.0
93272,-0.13911716918495098,0.6518250450426393,3.553563129720881,Dr. Seuss' The Lorax (2012),Animation|Fantasy|Musical|IMAX,1482459,73723.0
3197,0.13344756590090057,0.5936905622197848,3.991766587860057,"Presidio, The (1988)",Action|Crime|Romance|Thriller,95897,11851.0
5621,-2.752645821992344,1.763769123468455,2.2063292130257386,"Tuxedo, The (2002)",Action|Comedy,290095,10771.0
8238,-0.5114593822527412,0.3349380025371933,2.239963264235109,Little Murders (1971),Comedy|Crime,67350,27459.0
51167,-0.34399038098414453,0.3349380025371933,2.739963264235109,My Father and My Son (Babam ve oglum) (2005),Drama,476735,13393.0
147936,-0.34399038098414453,0.3349380025371933,2.739963264235109,The Lord's Lantern in Budapest (1999),Comedy|Drama,185534,104515.0
1137,0.005471976703731519,0.07387168550037518,3.8410643653362104,Hustler White (1996),Romance,116587,44497.0
4304,0.2017629295515669,0.3338523294738158,4.371338117349092,Startup.com (2001),Documentary,256408,14268.0
147282,-0.08782212530452445,0.7548520770222206,3.6506468009574267,What Men Still Talk About (2011),Comedy,1863347,83456.0
7008,1.1116670303486735,0.9332254887077831,4.958199751140878,Last Tango in Paris (Ultimo tango a Parigi) (1972),Drama|Romance,70849,1643.0
107630,0.41584682375448906,0.6494787702890066,4.4072680690399135,High School (2010),Comedy,1247667,27584.0
4936,0.2210249114612811,0.2943351543717058,4.517919659291876,Fame (1980),Drama|Musical,80716,3537.0
39449,-0.06666046169143647,0.9816481502391132,3.6990836164772865,Prime (2005),Comedy|Drama|Romance,387514,2313.0
107314,-0.010967232433259234,0.12088327304214612,3.676264484810523,Oldboy (2013),Action|Drama|Mystery,1321511,87516.0
8880,-0.22941459513250106,2.035147522205987,3.6542640182871784,Mask (1985),Drama,89560,11177.0
97168,-0.021651590176386206,0.03250989515973905,3.100990291262136,Marley (2012),Documentary,1183919,90125.0
43869,-0.06401098013382155,0.43851677948819323,3.6210187272810934,Curious George (2006),Adventure|Animation|Children|Comedy,381971,9975.0
87522,0.23649169935750297,0.33860448768361584,4.465420784535679,Larry Crowne (2011),Comedy|Drama|Romance,1583420,59861.0
4757,-0.005177709632670512,0.11987182301091769,3.7237965739846492,Rock Star (2001),Comedy|Drama|Musical,202470,12508.0
348,1.0562028015336276,5.222993351939921,3.9692120308592838,Bullets Over Broadway (1994),Comedy,109348,11382.0
13,-0.5452999412250903,1.1861593764001062,3.307271342801745,Balto (1995),Adventure|Animation|Children,112453,21032.0
1682,6.0440832659789745,25.13874576958217,4.007419281689029,"Truman Show, The (1998)",Comedy|Drama|Sci-Fi,120382,37165.0
3022,2.6656203199216275,3.0146152482513715,4.651222639475667,"General, The (1926)",Comedy|War,17925,961.0
79702,1.9295844772761455,8.043973737585812,4.006869801094457,Scott Pilgrim vs. the World (2010),Action|Comedy|Fantasy|Musical|Romance,446029,22538.0
1663,-0.9558000293796223,4.932314289888295,3.573207013635424,Stripes (1981),Comedy|War,83131,10890.0
2455,3.089171831984368,6.529664621713951,4.240088376837854,"Fly, The (1986)",Drama|Horror|Sci-Fi|Thriller,91064,9426.0
3484,-0.3157676867265277,1.1031420105366538,3.4807463773231557,"Skulls, The (2000)",Thriller,192614,11478.0
4016,0.29600394855745055,4.961880139562063,3.8266458936208774,"Emperor's New Groove, The (2000)",Adventure|Animation|Children|Comedy|Fantasy,120917,11688.0
8574,-1.578235004057313,0.5716746580518313,1.0062679436323392,"Claymation Christmas Celebration, A (1987)",Animation|Children|Comedy|Musical,272045,21386.0
117922,0.13678897009818083,0.5716746580518313,4.00626794363234,Ice Age: A Mammoth Christmas (2011),Adventure|Animation|Children,2100546,79218.0
55908,-0.6562248063198171,1.6230751811039157,3.3626807349583463,"Man from Earth, The (2007)",Drama|Sci-Fi,756683,13363.0
4487,-0.7065643283941644,0.9593547566714735,3.030490760217309,Cocktail (1988),Drama|Romance,94889,7520.0
280,0.17216442297761067,0.6771861983912061,4.021225276243552,Murder in the First (1995),Drama|Thriller,113870,8438.0
2956,1.2569401272934801,1.8637793486670517,4.441394226573698,Someone to Watch Over Me (1987),Action|Crime|Thriller,94008,31650.0
2471,-3.8360625829508805,4.289938202965833,2.87279032812541,Crocodile Dundee II (1988),Action|Adventure|Comedy,92493,9396.0
3786,0.2892591476674733,0.24546633755585814,4.9453968725786055,But I'm a Cheerleader (1999),Comedy,179116,20770.0
99106,0.7666815080175876,0.3466159670262506,5.978895053166898,"Guilt Trip, The (2012)",Comedy,1694020,82687.0
2318,2.7344963542042167,3.0425082987242753,4.6657541024736915,Happiness (1998),Comedy|Drama,147612,10683.0
2383,-0.18564550121208984,0.555423429855052,3.4327488976995033,Police Academy 6: City Under Siege (1989),Comedy|Crime,98105,11895.0
6375,-0.38354922200750685,1.3014951891436697,3.472291374810615,Gigantic (A Tale of Two Johns) (2002),Documentary,304081,30055.0
2337,-0.5573770481590391,0.9999999981676875,3.209613242081808,Velvet Goldmine (1998),Drama,120879,1808.0
6060,-0.026018924031830235,0.05281164506088962,3.2743162985881433,"Guru, The (2002)",Comedy|Romance,280720,9027.0
120138,0.6670299517176961,0.7548520770222206,4.650646800957427,PK (2014),Comedy|Drama|Fantasy|Mystery|Romance,2338151,297222.0
7285,0.12252720075112995,0.4181155461664063,4.060036560109468,Thirteen (2003),Drama,328538,11023.0
5992,3.740868968306307,2.1874274653879024,5.477158526551679,"Hours, The (2002)",Drama|Romance,274558,590.0
3572,-1.0166903179032882,0.9962138600042776,2.746436011984268,Carnosaur (1993),Horror|Sci-Fi,106521,39283.0
5612,-0.8986165824455403,0.5946145621735813,2.2557313352744184,Trapped (2002),Action|Thriller,280380,9039.0
7812,0.021710594049893332,0.27236927080775303,3.846700436189672,Babylon 5: Thirdspace (1998),Drama|Sci-Fi,121804,10941.0
92507,-0.059962204141843105,0.3052090780163887,3.5705275761569735,Safe House (2012),Action|Crime|Mystery|Thriller,1599348,59961.0
107953,0.09264233486635125,0.3052090780163887,4.070527576156973,Dragon Ball Z: Battle of Gods (2013),Action|Animation|Fantasy|IMAX,2263944,126963.0
6,5.370406009726266,18.318973580260497,4.060151149112443,Heat (1995),Action|Crime|Thriller,113277,949.0
1089,11.176797951314034,25.39018116486291,4.207191874651444,Reservoir Dogs (1992),Crime|Mystery|Thriller,105236,500.0
99114,2.0088898047898422,15.277772621705457,3.8984813046796134,Django Unchained (2012),Action|Drama|Western,1853728,68718.0
474,-0.4640139827949534,10.663326094016027,3.7234753524237423,In the Line of Fire (1993),Action|Thriller,107206,9386.0
16,5.727680567466284,12.386603628245465,4.229399579503613,Casino (1995),Crime|Drama,112641,524.0
86,1.0167003829059964,1.3823871927142186,4.502457451450287,White Squall (1996),Action|Adventure|Drama,118158,10534.0
78772,-0.09234205521455532,2.3823438554528327,3.7282292807542707,"Twilight Saga: Eclipse, The (2010)",Fantasy|Romance|Thriller|IMAX,1325004,24021.0
1100,-2.063732665174417,3.2044307556365115,3.122965557214017,Days of Thunder (1990),Action|Drama|Romance,99371,2119.0
1267,2.174957242317525,3.787822519670698,4.341187532823129,"Manchurian Candidate, The (1962)",Crime|Thriller|War,56218,982.0
122926,-0.1552068816666124,1.3941178953887428,3.65566048036165,Untitled Spider-Man Reboot (2017),Action|Adventure|Fantasy,2250912,202249.0
171023,0.12299376161365849,0.45905478312309717,4.034918578114725,The Hero (2017),Drama,5655222,425751.0
1367,-1.2312383477108824,9.607638243048637,3.6388382609125633,101 Dalmatians (1996),Adventure|Children|Comedy,115433,11674.0
148675,-0.7207230169795661,0.5716746580518313,2.506267943632339,North Pole: Open For Christmas (2015),Children|Fantasy,4843046,369879.0
2433,-1.0375404878622112,1.9942725986944367,3.2467301781053672,"Civil Action, A (1998)",Drama,120633,9422.0
104283,0.6463662320377788,0.8985360176309931,4.486345129971813,"Wind Rises, The (Kaze tachinu) (2013)",Animation|Drama|Romance,2013293,149870.0
2102,0.8023749688137314,0.6681500834014626,4.967880613282224,Steamboat Willie (1928),Animation|Children|Comedy|Musical,19422,53565.0
6755,0.7198488690451704,1.5985661069386707,4.217299393851403,Bubba Ho-tep (2002),Comedy|Horror,281686,9707.0
6244,-0.22408032214914422,0.8262961879249688,3.4958038505841698,Salaam Bombay! (1988),Drama,96028,45129.0
90405,-0.9043414221146325,3.217202281800512,3.485894686167477,In Time (2011),Crime|Sci-Fi|Thriller,1637688,49530.0
46105,-0.34399038098414453,0.3349380025371933,2.739963264235109,I Am a Sex Addict (2005),Comedy|Documentary|Romance,428649,17628.0
81537,-0.8662220113451242,1.7969581165902193,3.284941208788914,Due Date (2010),Comedy,1231583,41733.0
84944,-0.9132740201977475,1.5243762264419507,3.167877024893884,Rango (2011),Action|Adventure|Animation|Children|Comedy|Western,1192628,44896.0
163072,0.6670299517176961,0.7548520770222206,4.650646800957427,Winnie Pooh (1969),Animation|Children,211729,36161.0
170897,-0.003814943860991845,0.002847433546159135,2.4272070095283897,Sandy Wexler (2017),Comedy,5893332,419700.0
92694,0.41584682375448906,0.6494787702890066,4.4072680690399135,Perfect Sense (2011),Drama|Romance|Sci-Fi,1439572,51999.0
8199,-0.726563703219818,0.29072111323306965,1.2678126596831887,Ugetsu (Ugetsu monogatari) (1953),Drama|Thriller,46478,14696.0
2210,0.1627148232627019,0.5576970805160844,4.0587523049921135,Sabotage (1936),Thriller,28212,12684.0
760,0.29061254190162233,0.5946145621735813,4.255731335274419,Stalingrad (1993),Drama|War,108211,11101.0
189333,-0.24509803791188883,0.9999999946805064,3.5218922520464497,Mission: Impossible - Fallout (2018),Action|Adventure|Thriller,4912910,353081.0
95207,-0.21256674315003746,0.3052090780163887,3.0705275761569735,Abraham Lincoln: Vampire Hunter (2012),Action|Fantasy|Horror|Thriller,1611224,72331.0
131656,-0.29089714105803555,0.6531110005690091,3.3215879924115614,Shaun the Sheep Movie (2015),Adventure|Animation|Children|Comedy,2872750,263109.0
4030,-0.22830589714096294,0.13152139420147063,2.031106190222017,Dracula 2000 (2000),Horror,219653,10577.0
42285,-0.03102380583875701,0.13152139420147063,3.531106190222017,"Dentist, The (1996)",Horror|Thriller,116075,9568.0
2470,-2.39318485569668,8.448308079682175,3.4837164294279317,Crocodile Dundee (1986),Adventure|Comedy,90555,9671.0
852,-0.9289191748043278,5.96869834261094,3.6113585066613445,Tin Cup (1996),Comedy|Drama|Romance,117918,10478.0
56949,-0.433870803198553,2.7087631856917342,3.606817262667259,27 Dresses (2008),Comedy|Romance,988595,6557.0
101864,-0.2660064682068362,2.9398032707091764,3.676505845973841,Oblivion (2013),Action|Adventure|Sci-Fi|IMAX,1483013,75612.0
103253,-0.8598760859738857,3.1040744351437692,3.489974999283785,Elysium (2013),Action|Drama|Sci-Fi|IMAX,1535108,68724.0
2699,-2.270416012737691,8.621512828957876,3.50364717993348,Arachnophobia (1990),Comedy|Horror,99052,6488.0
1952,0.6647714382722978,3.3903840727387524,3.9630658461284893,Midnight Cowboy (1969),Drama,64665,3116.0
4220,-0.8267224011531469,1.3828931234158386,3.169169398848493,"Longest Yard, The (1974)",Comedy,71771,4985.0
4565,-0.5468635808337367,0.34923073376900454,2.201081200353045,American Ninja (1985),Action|Adventure,88708,12500.0
4914,1.3997443104272005,1.7100760424991797,4.5855178161443355,Breathless (À bout de souffle) (1960),Crime|Drama|Romance,53472,269.0
55442,0.0756574221663823,1.2896878399565086,3.825653651357811,Persepolis (2007),Animation|Drama,808417,2011.0
176621,0.4933546253588387,0.3349380025371933,5.239963264235109,Boniface's Holiday (1965),Animation|Children|Comedy|Romance,1332537,77557.0
69134,0.6104181463866537,0.9435580947923621,4.4139225254887755,Antichrist (2009),Drama|Fantasy,870984,17609.0
172909,0.6670299517176961,0.7548520770222206,4.650646800957427,Cheburashka (1971),Animation,201520,213313.0
123200,0.003303640004405993,0.002847433546159135,4.92720700952839,Jim Jefferies: I Swear to God (2009),Comedy,1439235,31981.0
114184,-0.13954968352696603,0.20620743613950301,3.0902461052156243,Camp X-Ray (2014),Drama,2994190,244506.0
5016,-0.3999736396436369,1.3485712734354165,3.470399634526045,"Shipping News, The (2001)",Drama,120824,6440.0
150596,-0.11447404135398317,0.27236927080775303,3.346700436189672,Doctor Who: The Husbands of River Song (2015),Comedy|Drama|Sci-Fi,4701546,371759.0
5382,-0.5947640583251661,0.5277933064494101,2.6401020737394774,Every Which Way But Loose (1978),Comedy,77523,15417.0
178061,-0.05661180533104242,0.1887060177701415,3.466990291262136,"I, Tonya (2017)",Drama,5580036,389015.0
121171,0.03565835922646897,0.6531110005690091,3.8215879924115614,Red Army (2014),Documentary,3264102,256876.0
140725,0.03565835922646897,0.6531110005690091,3.8215879924115614,Cop Car (2015),Crime|Thriller,3813310,310133.0
146024,0.03565835922646897,0.6531110005690091,3.8215879924115614,A Man from Boulevard des Capucines (1987),Comedy|Romance|Western,92745,45227.0
4966,-0.06401098013382155,0.43851677948819323,3.6210187272810934,"Incredible Shrinking Man, The (1957)",Sci-Fi|Thriller,50539,31682.0
165549,-0.6100195198515366,0.33860448768361584,1.9654207845356788,Manchester by the Sea (2016),Drama,4034228,334541.0
3,0.5147607197032324,9.610846669816207,3.820550683742425,Grumpier Old Men (1995),Comedy|Romance,113228,15602.0
1834,0.2413284021798439,1.107625490382268,3.9848693526193784,"Spanish Prisoner, The (1997)",Crime|Drama|Mystery|Thriller,120176,29193.0
1082,-0.2550007487440149,0.7827248771458125,3.441204365466767,"Candidate, The (1972)",Drama,68334,21711.0
2877,-0.2255971162776113,0.864788945730844,3.506120726044745,Tommy (1975),Musical,73812,11326.0
2422,-4.246388331481673,2.7712376553698723,2.2346827595521157,"Karate Kid, Part III, The (1989)",Action|Adventure|Children|Drama,97647,10495.0
112421,0.41259767482024434,1.2139068601453178,4.106882657280112,Frank (2014),Comedy|Drama|Mystery,1605717,171372.0
1380,-4.313987605105744,9.068177245632645,3.2912620949277054,Grease (1978),Comedy|Musical|Romance,77631,621.0
3549,-0.2769213466827468,1.070515528619437,3.5083099271950484,Guys and Dolls (1955),Comedy|Musical|Romance,48140,4825.0
1218,-0.8876594230687344,1.2340753506739603,3.0476991859143463,"Killer, The (Die xue shuang xiong) (1989)",Action|Crime|Drama|Thriller,97202,10835.0
1242,3.3129953402243046,6.550247370203113,4.272772004987182,Glory (1989),Drama|War,97441,9665.0
5004,0.19709822322228226,0.8985360176309931,3.9863451299718133,"Party, The (1968)",Comedy,63415,10794.0
58347,0.28090074956998384,0.6123713911871843,4.2257000768799955,Penelope (2006),Comedy|Fantasy|Romance,472160,7985.0
164200,-0.34399038098414453,0.3349380025371933,2.739963264235109,Storks (2016),Animation|Children|Comedy,4624424,332210.0
6219,-0.39829659328818323,1.107795145113202,3.4074503573265322,"Hunted, The (2003)",Action|Drama|Thriller,269347,10632.0
81156,-0.08886894616102574,0.782169391809665,3.6533717489213084,Jackass 3D (2010),Action|Comedy|Documentary,1116184,16290.0
4738,0.6790272615983987,1.244093332462588,4.312791192111203,Happy Accidents (2000),Romance|Sci-Fi,208196,22230.0
5357,-0.13862680602584715,0.3722653123713986,3.3946031753560932,Iron Will (1994),Adventure,110157,24767.0
2879,-1.6817027996508107,1.0525297769020328,2.169218107941435,Armour of God II: Operation Condor (Operation Condor) (Fei ying gai wak) (1991),Action|Adventure|Comedy,99558,10975.0
178,-1.7458570678625593,0.6369006470743243,1.0258138206739007,Love & Human Remains (1993),Comedy|Drama,107447,15730.0
100611,-0.11447404135398317,0.27236927080775303,3.346700436189672,Escape from Planet Earth (2013),Adventure|Animation|Comedy|Sci-Fi,765446,68179.0
2537,-1.2204521364991543,0.8052766450115854,2.2514215186428883,Beyond the Poseidon Adventure (1979),Adventure,78856,31638.0
95309,0.24524687387454558,0.3052090780163887,4.570527576156973,Seeking a Friend for the End of the World (2012),Comedy|Drama|Romance,1307068,88005.0
7564,0.716183037584596,0.967642859669854,4.507121870209504,Kwaidan (Kaidan) (1964),Horror,58279,30959.0
3908,-0.2940665942416983,0.13152139420147063,1.531106190222017,Urban Legends: Final Cut (2000),Horror,192731,12212.0
4091,-0.7041866340473021,0.7348034442232716,2.8086569579288025,Can't Buy Me Love (1987),Comedy|Romance,92718,12919.0
998,-0.1654938324699174,0.2708644374133104,3.156006309568772,Set It Off (1996),Action|Crime,117603,9400.0
867,-0.07978007972918677,0.16161900022557843,3.2733597180137286,Carpool (1996),Comedy|Crime,115836,23945.0
4993,8.203679699037757,38.077909190583135,3.982434885606265,"Lord of the Rings: The Fellowship of the Ring, The (2001)",Adventure|Fantasy,120737,120.0
49272,1.1187585156023103,17.386593030031165,3.8313363373028944,Casino Royale (2006),Action|Adventure|Thriller,381061,36557.0
8784,-3.0155943403788266,9.36345076433194,3.4449301431096955,Garden State (2004),Comedy|Drama|Romance,333766,401.0
328,-0.26271017893043963,0.6630465705231505,3.370773508596088,Tales from the Crypt Presents: Demon Knight (1995),Horror|Thriller,114608,9059.0
1783,-0.8964075759479176,0.9196678839667809,2.7922823650905,Palmetto (1998),Crime|Drama|Mystery|Romance|Thriller,120782,30949.0
2040,-0.6057143925101273,1.4914874857200942,3.3608759937508252,"Computer Wore Tennis Shoes, The (1969)",Children|Comedy,65566,29228.0
60674,-0.10121182908245467,0.19457248761213886,3.246814852665645,Stargate: Continuum (2008),Sci-Fi,929629,12914.0
1934,0.112115146886001,0.12799411618745177,4.642930140886197,You Can't Take It with You (1938),Comedy|Romance,30993,34106.0
1646,-0.9197090743537639,1.1921527685653437,2.9955211485443307,RocketMan (a.k.a. Rocket Man) (1997),Children|Comedy|Romance|Sci-Fi,120029,36797.0
1956,0.5283564173115023,1.0954263600000358,4.249319762785429,Ordinary People (1980),Drama,81283,16619.0
34153,-0.08731257365766756,0.11394494335438751,3.000720449992295,Murderball (2005),Documentary,436613,14278.0
6764,-0.6108052327729769,1.4980797138451463,3.3592648363828275,"Rundown, The (2003)",Action|Adventure|Comedy,327850,10159.0
3893,-0.3985107802360129,3.2477938035923866,3.644288295896784,Nurse Betty (2000),Comedy|Crime|Drama|Romance|Thriller,171580,10480.0
6579,-0.05242474656227504,0.05281164506088962,2.7743162985881433,"One, Two, Three (1961)",Comedy,55256,430.0
130976,0.28960391320658585,0.7548520770222206,4.150646800957427,Legend No. 17 (2013),Drama,2182001,184155.0
71530,-2.174006748088278,2.432051193053009,2.8730918592315184,Surrogates (2009),Action|Sci-Fi|Thriller,986263,19959.0
3557,-0.29231864445459055,1.2520955409300432,3.5335267616041204,Jennifer 8 (1992),Mystery|Thriller,104549,10424.0
1627,0.11735338567282128,1.615547240718431,3.839630312373889,U Turn (1997),Crime|Drama|Mystery,120399,10155.0
33903,0.14526523100533534,0.35509278690193075,4.176081200353045,"Edukators, The (Die Fetten Jahre sind vorbei) (2004)",Comedy|Crime|Drama|Romance,408777,276.0
5325,-0.2361505915369849,0.8057349012096133,3.473903084561194,Dogtown and Z-Boyz (2001),Documentary,275309,1282.0
6334,-0.6013093013587497,0.5946145621735813,2.7557313352744184,Blue Car (2002),Drama,290145,46989.0
188751,0.10991604060888688,0.12088327304214612,4.676264484810523,Mamma Mia: Here We Go Again! (2018),Comedy|Romance,6911608,458423.0
1130,-0.2124352731333155,0.8825358914606921,3.526280224749473,"Howling, The (1980)",Horror|Mystery,82533,11298.0
32589,-0.6043074190185721,0.4832217024063165,2.516410244858424,Beauty Shop (2005),Comedy,388500,14177.0
86295,-0.21256674315003746,0.3052090780163887,3.0705275761569735,Scream 4 (2011),Comedy|Horror|Mystery|Thriller,1262416,41446.0
112070,-0.059962204141843105,0.3052090780163887,3.5705275761569735,Maps to the Stars (2014),Drama,2172584,157851.0
78041,-0.03102380583875701,0.13152139420147063,3.531106190222017,Killers (2010),Action|Comedy,1103153,37821.0
2852,0.37450579935437167,0.43851677948819323,4.621018727281093,"Soldier's Story, A (1984)",Drama,88146,26522.0
33677,0.06718945551569507,0.33860448768361584,3.9654207845356786,Rock School (2005),Documentary,436727,23825.0
1275,-0.45376158687522994,7.941158266946875,3.7098498123015413,Highlander (1986),Action|Adventure|Fantasy,91203,8009.0
2161,-1.2126370956105241,4.7052321541943884,3.5092692998484516,"NeverEnding Story, The (1984)",Adventure|Children|Fantasy,88323,34584.0
4347,0.10320480440545249,0.5221924453235793,3.96462778167336,Divided We Fall (Musíme si pomáhat) (2000),Comedy|Drama,234288,29937.0
839,-0.8293723083773623,1.7956069083583255,3.305100606767864,"Crow: City of Angels, The (1996)",Action|Thriller,115986,10546.0
8666,-3.107772144698426,1.9588081127099668,2.180427460256248,Catwoman (2004),Action|Crime|Fantasy,327554,314.0
137595,-0.6353811769806094,0.8807263839335178,3.0455617198335645,Magic Mike XXL (2015),Comedy|Drama,2268016,264999.0
5120,0.26469902787068267,1.2139068601453178,3.9850457587458568,Sleuth (1972),Comedy|Mystery|Thriller,69281,993.0
3708,-0.3355056277099071,1.5914158102546194,3.556168188359798,Firestarter (1984),Horror|Thriller,87262,11495.0
6711,5.2553498993011525,15.975735966056405,4.095948525829056,Lost in Translation (2003),Comedy|Drama|Romance,335266,153.0
2686,0.5064377808041106,3.0148223044565605,3.934972921633248,"Red Violin, The (Violon rouge, Le) (1998)",Drama|Mystery,120802,14283.0
39444,0.6637618529392382,1.0075951694117102,4.42574876201461,"Weather Man, The (2005)",Comedy|Drama,384680,6963.0
52042,-0.10121182908245467,0.19457248761213886,3.246814852665645,Black Book (Zwartboek) (2006),Drama|Thriller|War,389557,9075.0
2391,2.0139049114311374,3.82244404791471,4.293853441170059,"Simple Plan, A (1998)",Crime|Drama|Thriller,120324,10223.0
27728,0.03795278615680047,0.09066498915235671,4.185594942424927,Ghost in the Shell 2: Innocence (a.k.a. Innocence) (Inosensu) (2004),Action|Animation|Drama|Sci-Fi|Thriller,347246,12140.0
112290,0.39822325957559285,2.3564478837787943,3.9359833177223704,Boyhood (2014),Drama,1065073,85350.0
3415,1.385238154059861,1.6533880946532138,4.604808198950896,"Mirror, The (Zerkalo) (1975)",Drama,72443,1396.0
128695,-0.2521697855932143,0.8985360176309931,3.4863451299718133,The Dark Valley (2014),Western,2650978,248933.0
1997,1.6116393253770958,2.8134196409399537,4.339830297752832,"Exorcist, The (1973)",Horror|Mystery,70047,9552.0
3115,-0.2733513051485421,0.609513768521833,3.3185159183017645,Flawless (1999),Drama,155711,31582.0
4681,0.25027415972258626,1.236352811977379,3.9694196927226355,"War of the Roses, The (1989)",Comedy|Drama,98621,249.0
39446,1.7355442002653965,2.086605197160051,4.598745240702279,Saw II (2005),Horror|Thriller,432348,215.0
20,-0.8497948440459858,2.2005307405276096,3.3808130711964735,Money Train (1995),Action|Comedy|Crime|Drama|Thriller,113845,11517.0
164,-0.1070498771970651,1.424868882734268,3.6918606575854986,Devil in a Blue Dress (1995),Crime|Film-Noir|Mystery|Thriller,112857,8512.0
6886,-0.03384622377060357,0.28455899244174154,3.648047559984603,Beyond Borders (2003),Drama|Romance|War,294357,9839.0
4645,0.3686890942884748,0.3338523294738158,4.871338117349092,Cure (1997),Crime|Horror|Thriller,123948,36095.0
7034,0.03718030766331187,0.39948772341226313,3.8600602543281664,Show Me Love (Fucking Åmål) (1998),Drama|Romance,150662,11634.0
112171,0.619887825635369,1.238944248269248,4.267325820081392,"Equalizer, The (2014)",Action|Crime|Thriller,455944,156022.0
3983,0.6857356182642038,1.406290402506971,4.254610499038392,You Can Count on Me (2000),Drama|Romance,203230,14295.0
3167,-0.26042359552169325,0.7222634979069698,3.4064243810695696,Carnal Knowledge (1971),Comedy|Drama,66892,36492.0
3925,0.6007987119667224,1.2060948289344051,4.265125842094016,Stranger Than Paradise (1984),Comedy|Drama,88184,469.0
147376,-0.11447404135398317,0.27236927080775303,3.346700436189672,Doctor Who: A Christmas Carol (2010),Sci-Fi,1672218,315620.0
43679,-0.2345774053333271,1.9199521721468673,3.6448115158028362,Final Destination 3 (2006),Horror|Mystery|Thriller,414982,9286.0
86142,-0.6726190459527626,0.9999999975226914,3.0943712436430886,13 Assassins (Jûsan-nin no shikaku) (2010),Action,1436045,58857.0
429,-0.6461674629123384,0.36675986552339207,2.005163211327389,Cabin Boy (1994),Comedy,109361,26391.0
34129,-0.12108571661225562,0.4832217024063165,3.516410244858424,Rebound (2005),Comedy,376108,7233.0
50445,-0.3626965678154139,0.4832217024063165,3.016410244858424,"Hitcher, The (2007)",Action|Horror|Thriller,455960,8398.0
7894,0.034736891261978306,0.13152139420147063,4.031106190222017,"Duck, You Sucker (1971)",Action|Western,67140,336.0
8225,0.10049758836271362,0.13152139420147063,4.531106190222017,Night of the Living Dead (1990),Horror,100258,19185.0
8578,0.034736891261978306,0.13152139420147063,4.031106190222017,Undead (2003),Action|Comedy|Horror|Sci-Fi,339840,8991.0
26242,0.034736891261978306,0.13152139420147063,4.031106190222017,Duel (1971),Action|Mystery|Thriller,67023,839.0
96121,-0.7793217636933445,0.33860448768361584,1.4654207845356786,Hope Springs (2012),Comedy|Drama,1535438,82696.0
470,-0.4363582698832278,0.2708644374133104,2.156006309568772,House Party 3 (1994),Comedy,110064,16097.0
3667,-0.4363582698832278,0.2708644374133104,2.156006309568772,Rent-A-Cop (1988),Action|Comedy|Crime,95977,80287.0
500,-3.7048409055055624,20.09156618328013,3.58259247619341,Mrs. Doubtfire (1993),Comedy|Drama,107614,788.0
2193,0.12795181462082034,5.019000200688336,3.792483777913775,Willow (1988),Action|Adventure|Fantasy,96446,847.0
3793,0.18145899683544814,26.003261867694086,3.773968607973275,X-Men (2000),Action|Adventure|Sci-Fi,120903,36657.0
2351,-1.784846340990685,1.7654900900273383,2.756026621132984,"Nights of Cabiria (Notti di Cabiria, Le) (1957)",Drama,50783,19426.0
5445,3.1006131754477932,25.319335542586664,3.889450581352791,Minority Report (2002),Action|Crime|Mystery|Sci-Fi|Thriller,181689,180.0
30816,-0.866825373395691,2.420734309138514,3.4089066427909516,"Phantom of the Opera, The (2004)",Drama|Musical|Romance,293508,9833.0
5971,-1.1812383605599783,5.713521173009089,3.56024591685775,My Neighbor Totoro (Tonari no Totoro) (1988),Animation|Children|Drama|Fantasy,96283,8392.0
1171,-0.43461103976852267,2.2510503108841835,3.5739199553095764,Bob Roberts (1992),Comedy,103850,10608.0
61352,0.35821040051767566,0.6777941900184554,4.295484642191763,Traitor (2008),Crime|Drama|Thriller,988047,13291.0
1353,-0.19505052810804369,0.5032991394837159,3.3794463580296523,"Mirror Has Two Faces, The (1996)",Comedy|Drama|Romance,117057,25189.0
3764,-0.7123574133036541,0.6200951711823149,2.6182030624478463,F/X2 (a.k.a. F/X 2 - The Deadly Art of Illusion) (1991),Action|Crime|Thriller,101846,16820.0
5339,0.23993998425598664,0.3821173280696718,4.394912572274836,Husbands and Wives (1992),Comedy|Drama,104466,28384.0
60126,0.09965768827288497,2.545129824950976,3.8061465210528125,Get Smart (2008),Action|Comedy,425061,11665.0
55620,0.026632369696719945,0.11394494335438751,4.000720449992295,For the Bible Tells Me So (2007),Documentary,912583,15651.0
118834,-0.5114593822527412,0.3349380025371933,2.239963264235109,National Lampoon's Bag Boy (2007),Comedy,906325,24388.0
156025,-0.5114593822527412,0.3349380025371933,2.239963264235109,Ice Age: The Great Egg-Scapade (2016),Adventure|Animation|Children|Comedy,5480340,387893.0
72104,0.28960391320658585,0.7548520770222206,4.150646800957427,Balance (1989),Animation|Drama|Mystery|Sci-Fi|Thriller,96880,44338.0
54732,-0.16208899358198076,0.13436882774762976,2.5606912091088354,Balls of Fury (2007),Comedy,424823,9750.0
144976,-0.0303073684516391,0.6555371546576814,3.7207574145498077,Bone Tomahawk (2015),Horror|Western,2494362,294963.0
2729,-0.18838486265110413,0.5292520352373495,3.4110448246252045,Lolita (1962),Drama|Romance,56193,802.0
169,-0.3331786994616333,0.528883155363352,3.1370237361111526,Free Willy 2: The Adventure Home (1995),Adventure|Children|Drama,113114,9073.0
5818,0.5879198229884129,0.5946145621735813,4.755731335274418,"Crime of Father Amaro, The (Crimen del padre Amaro, El) (2002)",Drama|Romance,313196,542.0
37853,-0.12108571661225562,0.4832217024063165,3.516410244858424,Into the Blue (2005),Action|Adventure|Crime|Thriller,378109,11968.0
97470,-0.7793217636933445,0.33860448768361584,1.4654207845356786,Catch .44 (2011),Action|Drama|Thriller,1886493,75736.0
359,-0.07978007972918677,0.16161900022557843,3.2733597180137286,I Like It Like That (1994),Comedy|Drama|Romance,110091,48992.0
1461,-1.0441343706740827,1.4635764832221123,3.053577372536231,Vegas Vacation (National Lampoon's Las Vegas Vacation) (1997),Comedy,120434,11419.0
1994,0.6428993575568911,8.581345310721645,3.8419085394246526,Poltergeist (1982),Horror|Thriller,84516,609.0
2026,-0.20967343149143255,0.34520005231493467,3.159593420707371,Disturbing Behavior (1998),Horror|Thriller,134619,9424.0
2808,-4.080370376846192,2.883702572404933,2.352014136684839,Universal Soldier (1992),Action|Sci-Fi,105698,9349.0
59369,0.43795350371617425,7.208348280776999,3.8277467207043836,Taken (2008),Action|Crime|Drama|Thriller,936501,8681.0
5577,-0.2530027752936693,2.1257454086160807,3.647971911042098,Igby Goes Down (2002),Comedy|Drama,280760,9685.0
43396,0.33891207256363065,1.5554100280484364,3.9848827224874004,"World's Fastest Indian, The (2005)",Drama,412080,9912.0
97921,2.523989105011338,4.501449376000397,4.327696164900981,Silver Linings Playbook (2012),Comedy|Drama,1045658,82693.0
166643,0.13647209574550365,1.7690341518702826,3.8441352664460355,Hidden Figures (2016),Drama,4846340,381284.0
32875,0.19709822322228226,0.8985360176309931,3.9863451299718133,Holiday (Jour de fête) (1949),Comedy,40497,4595.0
479,0.11146030114032468,0.6953172342204847,3.9272916553801736,Judgment Night (1993),Action|Crime|Thriller,107286,6.0
2681,-0.10031792938839877,0.2553547293522878,3.3741331484049932,Free Enterprise (1998),Comedy|Romance|Sci-Fi,141105,13533.0
114935,0.16155922616304552,0.9788596944859449,3.9320386910206833,Predestination (2014),Action|Mystery|Sci-Fi|Thriller,2397535,206487.0
7046,0.3595244325018603,0.5703603887351106,4.397336366485169,"Witches of Eastwick, The (1987)",Comedy|Fantasy|Horror|Thriller,94332,6069.0
5444,0.8773041070564165,3.406951929238207,4.024494396185794,Lilo & Stitch (2002),Adventure|Animation|Children|Sci-Fi,275847,11544.0
31049,0.0836048413739137,0.11394494335438751,4.500720449992295,Out Cold (1989),Comedy|Thriller,98042,120328.0
1144,0.005471976703731519,0.07387168550037518,3.8410643653362104,"Line King: The Al Hirschfeld Story, The (1996)",Documentary,116886,124829.0
5247,-0.8444283038028699,1.6199653042492335,3.2457270879158044,Smokey and the Bandit (1977),Action|Comedy,76729,11006.0
91976,-0.02791837938849917,0.6013093338735782,3.720560978068789,"Grey, The (2012)",Action|Drama,1601913,75174.0
36363,-0.1553188158802682,0.8445545192206031,3.583084087049761,Kin-Dza-Dza! (1986),Comedy|Drama|Sci-Fi,91341,20874.0
283,-0.12314563197974177,1.2419465799469445,3.6678349540132484,New Jersey Drive (1995),Crime|Drama,113967,39310.0
80139,-0.02629644906127145,0.13436882774762976,3.5712867973635274,Jackass 2.5 (2007),Comedy|Documentary,1117523,14158.0
4991,-0.2662071933659343,0.7739428156393862,3.42302793643879,Joe Somebody (2001),Comedy|Drama|Romance,279889,12312.0
5338,-0.43584258998674835,0.29072111323306965,2.2678126596831887,Full Moon in Blue Water (1988),Drama,95186,40555.0
2880,-0.7061895757803668,0.7816653394887224,2.8635479354295534,Armour of God (Long xiong hu di) (1987),Action|Adventure|Comedy,91431,10974.0
5485,-0.9790377273459148,1.2111203343867265,2.9586166725980014,Tadpole (2002),Comedy|Drama|Romance,271219,39141.0
25797,0.06202762763405927,0.49842644783279677,3.891437193917003,Gold Diggers of 1933 (1933),Musical,24069,31511.0
51925,0.1225905580831188,1.286857228255502,3.8622538180865575,Premonition (2007),Drama|Fantasy|Mystery|Thriller,477071,9963.0
4644,-0.006694739185168349,0.5946145621735813,3.7557313352744184,Bread and Tulips (Pane e tulipani) (2000),Comedy|Drama|Romance,237539,552.0
32632,-0.3308674051004611,0.5277933064494101,3.1401020737394774,Electra Glide in Blue (1973),Action|Crime,70022,26332.0
104303,-0.05416148533612526,0.03250989515973905,2.100990291262136,Jobs (2013),Drama,2357129,115782.0
100163,-0.059962204141843105,0.3052090780163887,3.5705275761569735,Hansel & Gretel: Witch Hunters (2013),Action|Fantasy|Horror|IMAX,1428538,60304.0
2736,0.3762350423567034,0.2708644374133104,5.156006309568772,Brighton Beach Memoirs (1986),Comedy,90774,32060.0
3439,-0.7062381356107258,2.139787090810254,3.4369396340524503,Teenage Mutant Ninja Turtles II: The Secret of the Ooze (1991),Action|Children|Fantasy,103060,1497.0
2712,3.1279328913033333,8.390987328095225,4.139763216425567,Eyes Wide Shut (1999),Drama|Mystery|Thriller,120663,345.0
340,0.132456738866393,0.23554765600281724,4.329325493888006,"War, The (1994)",Adventure|Drama|War,111667,19855.0
881,-0.7971987635757817,0.6383404467419838,2.518128860587341,First Kid (1996),Children|Comedy,116311,12559.0
4995,4.750533418465846,21.97676817683289,3.9831518933794885,"Beautiful Mind, A (2001)",Drama|Romance,268978,453.0
1245,2.4191647986506077,3.447059016889743,4.468795739558001,Miller's Crossing (1990),Crime|Drama|Film-Noir|Thriller,100150,379.0
76077,-0.591614640919415,1.5481114591761223,3.3848378064311913,Hot Tub Time Machine (2010),Comedy|Sci-Fi,1231587,23048.0
122900,0.32536188549911316,3.0039746143784543,3.8753007556521397,Ant-Man (2015),Action|Adventure|Sci-Fi,478970,102899.0
162606,-0.16451453522247503,0.7884357073200354,3.558330874019765,The Accountant (2016),Crime|Drama|Thriller,2140479,302946.0
295,0.13552662082350211,0.34520005231493467,4.15959342070737,"Pyromaniac's Love Story, A (1995)",Comedy|Romance,114210,2307.0
1021,-2.028689871402312,5.110827873093312,3.370050710869957,Angels in the Outfield (1994),Children|Comedy,109127,24795.0
3497,-0.48908102888037885,0.7119599178383267,3.080040061865317,Max Dugan Returns (1983),Comedy,85919,1793.0
104211,0.5230850994650778,1.8950462761706606,4.043017903908135,We're the Millers (2013),Comedy|Crime,1723121,138832.0
117368,0.13678897009818083,0.5716746580518313,4.00626794363234,The Madagascar Penguins in a Christmas Caper (2005),Animation|Comedy,484439,10258.0
46976,-0.4272161694467843,8.35951129158479,3.715884891132245,Stranger than Fiction (2006),Comedy|Drama|Fantasy|Romance,420223,1262.0
3791,-0.4701387774123419,1.312197216763648,3.4087066648329674,Footloose (1984),Drama,87277,1788.0
7009,0.13726507786391007,0.2867444983883398,4.245691987843638,Lorenzo's Oil (1992),Drama,104756,2007.0
8378,0.1906469023357536,0.19457248761213886,4.746814852665645,"Doctor, The (1991)",Drama,101746,26142.0
4564,0.5008286204732769,0.34923073376900454,5.201081200353045,Always (1989),Drama|Fantasy|Romance,96794,11352.0
1670,-0.39285008413084144,0.6566747728077674,3.168748817098116,Welcome to Sarajevo (1997),Drama|War,120490,14905.0
114662,0.04635232190708227,1.3843428848105308,3.800473557883199,American Sniper (2014),Action|War,2179136,190859.0
4639,0.02643381233107947,0.6941747691961891,3.805069768512063,America's Sweethearts (2001),Comedy|Romance,265029,11467.0
73015,0.972064478177893,0.8333644503699901,4.933424109918937,It's Complicated (2009),Comedy|Romance,1230414,22897.0
122092,-0.5114593822527412,0.3349380025371933,2.239963264235109,Guy X (2005),Comedy|War,408828,14407.0
6963,0.2017629295515669,0.3338523294738158,4.371338117349092,Devil's Playground (2002),Documentary,293088,30068.0
62553,0.027489413673744318,0.29610025585718946,3.859828487548608,"Secret Life of Bees, The (2008)",Drama,416212,12837.0
2837,0.026792721029059382,0.05281164506088962,4.274316298588143,Bedrooms & Hallways (1998),Comedy|Romance,126810,40694.0
5373,-0.08782212530452445,0.7548520770222206,3.6506468009574267,"Cranes Are Flying, The (Letyat zhuravli) (1957)",Drama|Romance|War,50634,38360.0
73881,0.28960391320658585,0.7548520770222206,4.150646800957427,3 Idiots (2009),Comedy|Drama|Romance,1187043,20453.0
5564,-0.244465149196259,0.12271925655707683,1.7749219227371194,Swimfan (2002),Thriller,283026,20616.0
135532,0.066657752612537,0.20620743613950301,4.090246105215624,The Last Witch Hunter (2015),Action|Adventure|Fantasy,1618442,274854.0
43836,-2.053768372189758,1.1327004726953231,1.9538292467516636,"Pink Panther, The (2006)",Adventure|Comedy|Crime,383216,12096.0
73488,-1.2078501019680274,0.6494787702890066,1.907268069039914,Blood: The Last Vampire (2009),Action|Horror|Thriller,806027,1450.0
179709,0.33193080791092616,0.4243972472575414,4.549113196290069,Wonder Wheel (2017),Drama,5825380,429189.0
33564,0.5372340386525546,0.9999999927394079,4.304224333815328,Divorce - Italian Style (Divorzio all'italiana) (1961),Comedy,55913,20271.0
692,-0.7081647494726487,0.4055755579785429,2.020916753196229,Solo (1996),Action|Sci-Fi|Thriller,117688,29621.0
37380,-2.285278354872076,1.5229198599116183,2.266400263494883,Doom (2005),Action|Horror|Sci-Fi,419706,8814.0
73266,-0.5098027303472605,0.5661265447482327,2.8664800871805034,Youth in Revolt (2009),Comedy|Drama|Romance,403702,22327.0
4074,0.02165041273181266,0.0389707429172628,4.322545846817691,"Legend of Rita, The (Stille nach dem Schuß, Die) (1999)",Drama,234805,10499.0
250,-0.9535600353618833,0.8961080797144914,2.702877538628886,Heavyweights (Heavy Weights) (1995),Children|Comedy,110006,14819.0
377,-1.0422294623183017,25.81624107641948,3.726619214030824,Speed (1994),Action|Romance|Thriller,111257,1637.0
136020,-1.805023680421758,2.3751089057968917,3.00701516927246,Spectre (2015),Action|Adventure|Crime,2379713,206647.0
33004,-0.16089623129705516,6.834432867912495,3.7434482894008756,"Hitchhiker's Guide to the Galaxy, The (2005)",Adventure|Comedy|Sci-Fi,371724,7453.0
98809,1.8168710534861376,4.613815230620752,4.160779587683894,"Hobbit: An Unexpected Journey, The (2012)",Adventure|Fantasy|IMAX,903624,49051.0
1394,-1.9224974179789314,9.6984464544835,3.5687629332000435,Raising Arizona (1987),Comedy,93822,378.0
2867,0.35557820705466314,1.472090673703965,4.008536694215688,Fright Night (1985),Comedy|Horror|Thriller,89175,11797.0
102481,0.05314198026585818,1.767492575317326,3.7970566015867027,"Internship, The (2013)",Comedy,2234155,116741.0
94,-0.0300166689993,2.742154469866462,3.756043909747472,Beautiful Girls (1996),Comedy|Drama|Romance,115639,9283.0
3120,0.2389501548387182,0.7159905992923966,4.100723939545883,"Distinguished Gentleman, The (1992)",Comedy,104114,10411.0
1273,-1.4472276941861497,2.89768767277696,3.267548026389187,Down by Law (1986),Comedy|Drama|Film-Noir,90967,1554.0
6239,-0.31618076572703585,1.3370527971191863,3.530514389631117,Journey to the Center of the Earth (1959),Adventure|Children|Sci-Fi,52948,11571.0
1301,0.31907109676617407,2.0503482269212068,3.922608294378265,Forbidden Planet (1956),Drama|Sci-Fi,49223,830.0
3863,-4.276266318818051,5.699731648370072,3.0167328085189062,"Cell, The (2000)",Drama|Horror|Thriller,209958,8843.0
49649,-1.2127074544137657,1.0206354964132895,2.5788016982968176,Eragon (2006),Action|Adventure|Fantasy,449010,2486.0
7411,-0.6809234767822698,0.3001171675161411,1.4981314904884417,Munchies (1987),Comedy|Horror,93582,4365.0
2560,0.24321710800777588,1.636998704181353,3.9155653068602128,Ravenous (1999),Horror|Thriller,129332,10212.0
6595,-0.5075183090361204,2.419850243540544,3.5572590029764783,S.W.A.T. (2003),Action|Thriller,257076,9257.0
8147,0.2017629295515669,0.3338523294738158,4.371338117349092,Charly (1968),Drama|Sci-Fi,62794,29146.0
3690,1.226826039069406,1.709381203925126,4.484692133456456,Porky's Revenge (1985),Comedy,89826,23919.0
88108,-0.26861084218344516,0.29610025585718946,2.859828487548608,Monte Carlo (2011),Adventure|Comedy|Romance,1067774,59860.0
149146,0.09110743860998576,0.6494787702890066,3.907268069039914,Parasyte: Part 2 (2015),Horror|Sci-Fi,3345474,282070.0
3067,-1.2199714829309287,0.9888825956454288,2.533303412452552,Women on the Verge of a Nervous Breakdown (Mujeres al borde de un ataque de nervios) (1988),Comedy|Drama,95675,4203.0
6322,-0.9526793377694668,0.5576970805160844,2.058752304992113,Confidence (2003),Crime|Thriller,310910,10743.0
33669,-0.7914930153009112,0.9816481502391132,2.9607003643589818,"Sisterhood of the Traveling Pants, The (2005)",Adventure|Comedy|Drama,403508,9779.0
7981,0.13055185389304885,0.5807306604208037,3.9917964928125236,Infernal Affairs (Mou gaan dou) (2002),Crime|Drama|Thriller,338564,10775.0
3529,0.28427816948339485,0.8945531719728022,4.084778186258319,"Postman Always Rings Twice, The (1981)",Crime|Thriller,82934,11027.0
26732,0.027113252563222372,0.03250989515973905,4.600990291262136,Johnny Stecchino (1991),Comedy,102164,12776.0
58627,0.12052513459090264,0.4832217024063165,4.016410244858424,Never Back Down (2008),Action,1023111,8456.0
175569,0.24524687387454558,0.3052090780163887,4.570527576156973,Wind River (2017),Action|Crime|Mystery|Thriller,5362988,395834.0
3489,1.0913366629982963,7.082153161874563,3.9210870240006064,Hook (1991),Adventure|Comedy|Fantasy,102057,879.0
920,0.7328063157629356,6.622268379579832,3.877648191812133,Gone with the Wind (1939),Drama|Romance|War,31381,770.0
8957,2.4024885817769723,6.309429025673676,4.147767786658473,Saw (2004),Horror|Mystery|Thriller,387564,176.0
3699,-0.6471258025761022,1.5645980871712397,3.3533851565747406,Starman (1984),Adventure|Drama|Romance|Sci-Fi,88172,9663.0
26340,-0.23687048423225926,1.3265267350740517,3.5884258658575954,"Twelve Tasks of Asterix, The (Les douze travaux d'Astérix) (1976)",Action|Adventure|Animation|Children|Comedy|Fantasy,72901,9385.0
76093,0.4154838399872296,9.284064044843586,3.8117426581114353,How to Train Your Dragon (2010),Adventure|Animation|Children|Fantasy|IMAX,892769,10191.0
91630,0.3654026451298079,2.5745616813537793,3.9089183902376745,Mission: Impossible - Ghost Protocol (2011),Action|Adventure|Thriller|IMAX,1229238,56292.0
36517,-1.0568629152062914,1.3894293572408936,3.0063449877074504,"Constant Gardener, The (2005)",Drama|Thriller,387131,1985.0
62849,0.41424299878339044,1.5000999802066062,4.043133884522058,RocknRolla (2008),Action|Crime,1032755,13809.0
57,-0.3620517019600852,0.5412156207377465,3.0980301059175925,Home for the Holidays (1995),Drama,113321,9089.0
7980,0.5642971490401709,1.7787030096513425,4.08424232601907,"Bridge Too Far, A (1977)",Action|Drama|War,75784,5902.0
7028,0.017510500330271628,1.7298768626155283,3.7771126882423443,Quick Change (1990),Comedy|Crime,100449,10729.0
5553,0.17223200617611092,0.40466605658745713,4.192605445714528,Stakeout (1987),Comedy|Crime|Romance|Thriller,94025,10859.0
8807,-0.8620034001552205,4.848100980591065,3.5891880128842364,Harold and Kumar Go to White Castle (2004),Adventure|Comedy,366551,11282.0
149354,0.036882116056767944,0.9989421708614163,3.803911463610845,Sisters (2015),Children|Comedy,1850457,266294.0
7669,0.6020452304138122,1.478515788190001,4.174185963586228,Pride and Prejudice (1995),Drama|Romance,112130,164721.0
78349,-0.028169088521302066,1.107421886209812,3.741553654265813,Exam (2009),Mystery|Thriller,1258197,29917.0
98361,-0.039784015861330096,0.15273403790441675,3.5065112493459685,Byzantium (2012),Drama|Fantasy|Thriller,1531901,102780.0
2384,0.9742917275642663,4.118061358634221,4.003580191876778,Babe: Pig in the City (1998),Adventure|Children|Drama,120595,9447.0
33830,-0.34399038098414453,0.3349380025371933,2.739963264235109,Herbie: Fully Loaded (2005),Adventure|Comedy|Romance,400497,11451.0
5246,0.06249999918897639,0.9999999870236222,3.829490291262136,Smokey and the Bandit II (1980),Action|Comedy,81529,12705.0
92264,-0.0009675103148327097,0.002847433546159135,3.4272070095283897,One for the Money (2012),Action|Comedy|Crime,1598828,54054.0
136598,0.17164139391361494,0.20905486968566214,4.588025429891996,Vacation (2015),Adventure|Comedy,1524930,296099.0
147142,-0.5583713316790209,0.6494787702890066,2.907268069039914,Those Happy Days (2006),Children|Comedy,478566,19100.0
133780,0.33193080791092616,0.4243972472575414,4.549113196290069,Güeros (2014),Comedy|Drama,3499048,256057.0
6002,-0.304002020271959,0.5946145621735813,3.2557313352744184,Love Liza (2002),Drama,282698,15395.0
8532,0.04823852001929975,0.05387871620617172,4.662307095669849,"Door in the Floor, The (2004)",Drama,348593,1944.0
84637,-0.21256674315003746,0.3052090780163887,3.0705275761569735,Gnomeo & Juliet (2011),Adventure|Animation|Children|Comedy|Fantasy|Romance,377981,45772.0
70984,-1.0759292750954932,0.5661265447482327,1.8664800871805034,Taking Woodstock (2009),Comedy,1127896,26320.0
647,1.2044521209998633,4.883040662638389,4.013650559773821,Courage Under Fire (1996),Action|Crime|Drama|War,115956,10684.0
1968,2.6359910452548534,19.979087483485436,3.8989278007922255,"Breakfast Club, The (1985)",Comedy|Drama,88847,2108.0
4166,0.02165041273181266,0.0389707429172628,4.322545846817691,Series 7: The Contenders (2001),Action|Drama,251031,19513.0
33162,-0.6021852900345838,3.320921260624102,3.5856594969507363,Kingdom of Heaven (2005),Action|Drama|Romance|War,320661,1495.0
69844,4.819769923110629,11.257626000674557,4.195124066786552,Harry Potter and the Half-Blood Prince (2009),Adventure|Fantasy|Mystery|Romance|IMAX,417741,767.0
2694,-2.3234573598010884,8.354717365052153,3.488889039205408,Big Daddy (1999),Comedy,142342,9032.0
116797,-1.200483587060178,8.850907615891732,3.6313563383210026,The Imitation Game (2014),Drama|Thriller|War,2084970,205596.0
99532,-1.0065603460054817,0.5716746580518313,2.006267943632339,"Misérables, Les (2000)",Drama|Romance,230534,193380.0
2405,-2.4874030022873326,3.6131743330251584,3.0785643330812764,"Jewel of the Nile, The (1985)",Action|Adventure|Comedy|Romance,89370,10303.0
53550,-0.10685202526932663,0.24845120381831057,3.336917811728222,Rescue Dawn (2006),Action|Adventure|Drama|War,462504,9952.0
1615,-0.26270099090427823,1.5644892564147326,3.599075433536428,"Edge, The (1997)",Adventure|Drama,119051,9433.0
171763,1.097730422249683,1.099742967528091,4.76516027703351,Baby Driver (2017),Action|Crime|Thriller,3890160,339403.0
89904,2.6324226956191956,1.4636172372809249,5.565563462284398,The Artist (2011),Comedy|Drama|Romance,1655442,74643.0
5541,-0.09362550505334591,0.8819892361635763,3.660837629512439,Hot Shots! (1991),Action|Comedy|Romance|War,102059,9595.0
179211,0.3263418305484889,0.33778543608335243,4.733111964038935,Christina P: Mother Inferior (2017),Comedy,7057376,480409.0
2782,0.1567149848543265,1.0599882858488678,3.914836250454812,Pit and the Pendulum (1961),Horror,55304,28501.0
85401,-0.006763660582338911,0.3580207230772783,3.748098478173208,Super (2010),Action|Comedy|Drama,1512235,45132.0
99636,0.560606059795037,0.9999999985533092,4.327596351868197,English Vinglish (2012),Comedy|Drama,2181931,118628.0
161024,0.003303640004405993,0.002847433546159135,4.92720700952839,Jim Jefferies: Freedumb (2016),Comedy,5849950,404022.0
44399,-1.5724819734415485,0.7739428156393862,1.7352097234142958,"Shaggy Dog, The (2006)",Adventure|Children|Comedy|Fantasy,393735,10067.0
72733,0.19015513493820205,0.9816481502391132,3.9607003643589818,Invictus (2009),Drama,1057500,22954.0
6978,-0.34347965112083456,1.3294180063968528,3.508621855248715,Slacker (1991),Comedy|Drama,102943,14022.0
3932,-0.22758966337935,0.4632355980287654,3.275685943436049,"Invisible Man, The (1933)",Horror|Sci-Fi,24184,10787.0
4544,-0.013530700179996767,0.2236934049776716,3.706502588545342,Short Circuit 2 (1988),Comedy|Sci-Fi,96101,11966.0
6959,-0.4043550864901738,0.9217384818945098,3.3283028604638947,Timeline (2003),Action|Adventure|Sci-Fi,300556,9562.0
4852,-0.4614773207705328,0.6768334037967816,3.0851721094439544,Bones (2001),Horror,166110,11380.0
47254,-0.059962204141843105,0.3052090780163887,3.5705275761569735,Chaos (2005),Action|Crime|Drama|Thriller,402910,5289.0
6086,0.5145966440982497,0.42449217334174677,4.979254442205533,"I, the Jury (1982)",Crime|Drama|Thriller,84112,37191.0
3871,0.23649169935750297,0.33860448768361584,4.465420784535679,Shane (1953),Drama|Western,46303,3110.0
919,2.286360017400488,13.358502841988457,3.9381442030773135,"Wizard of Oz, The (1939)",Adventure|Children|Fantasy|Musical,32138,630.0
923,0.8824577410136989,16.529640800082415,3.8203766746498076,Citizen Kane (1941),Drama|Mystery,33467,15.0
1517,-2.757622067250714,16.266934066564925,3.597467131214495,Austin Powers: International Man of Mystery (1997),Action|Adventure|Comedy,118655,816.0
68157,3.551049573727074,17.507708250283954,3.9698180699161174,Inglourious Basterds (2009),Action|Drama|War,361748,16869.0
89774,-1.1406918589797939,4.1524812326710485,3.4922890234984156,Warrior (2011),Drama,1291584,59440.0
3996,2.092257060862747,18.81677692272695,3.8781813347365217,"Crouching Tiger, Hidden Dragon (Wo hu cang long) (2000)",Action|Drama|Romance,190332,146.0
5507,-1.9666078627369092,6.766877170464306,3.476367628371098,xXx (2002),Action|Crime|Thriller,295701,7451.0
1355,-0.20967343149143255,0.34520005231493467,3.159593420707371,Nightwatch (1997),Horror|Thriller,119791,2212.0
3269,-2.273427142386918,4.13430439077567,3.217096783793427,Forever Young (1992),Drama|Romance|Sci-Fi,104291,10326.0
3324,-0.20967343149143255,0.34520005231493467,3.159593420707371,Drowning Mona (2000),Comedy,186045,25166.0
4846,0.2975533586743678,0.5746758738452156,4.28476626240811,Iron Monkey (Siu nin Wong Fei-hung ji: Tit Ma Lau) (1993),Action|Comedy,108148,12780.0
54736,0.973376945134625,1.7529595544038552,4.322266619623089,"Kingdom, The (2007)",Action|Drama|Thriller,431197,4349.0
1251,2.0678110988044733,4.069262793650971,4.27514402909169,8 1/2 (8½) (1963),Drama|Fantasy,56801,422.0
134515,0.19709822322228226,0.8985360176309931,3.9863451299718133,BMX Bandits (1983),Adventure|Crime|Drama,85204,17381.0
142074,-1.1507058032242075,0.8985360176309931,2.4863451299718133,Knock Knock (2015),Crime|Horror|Thriller,3605418,263472.0
3388,-0.9251061922868946,0.8086212919703422,2.622936577276053,Harry and the Hendersons (1987),Children|Comedy,93148,8989.0
4356,-0.03034010198047381,0.11394494335438751,3.500720449992295,Gentlemen Prefer Blondes (1953),Comedy|Musical|Romance,45810,759.0
84772,-0.5892709584124705,1.343849496013695,3.3284955341033586,Paul (2011),Adventure|Comedy|Sci-Fi,1092026,39513.0
2651,-0.7997940588698805,0.3338523294738158,1.3713381173490924,Frankenstein Meets the Wolf Man (1943),Horror,35899,3076.0
100302,-0.8426742023267451,0.7548520770222206,2.6506468009574267,Upside Down (2012),Drama|Romance|Sci-Fi,1374992,58244.0
103235,0.2842072706100692,0.7873619721819596,4.127951679608675,"Best Offer, The (Migliore offerta, La) (2013)",Thriller,1924396,152742.0
162478,0.034448874472548636,0.9575352818515543,3.8029669023859958,Masterminds (2016),Action|Comedy|Crime,2461150,213681.0
3506,0.31194142408500375,1.3598878008436723,3.9963779097785133,North Dallas Forty (1979),Comedy|Drama,79640,29786.0
3649,-1.4552070973914817,0.9962138600042776,2.30625263661313,American Gigolo (1980),Drama,80365,2768.0
4157,0.5879198229884129,0.5946145621735813,4.755731335274418,"Price of Milk, The (2000)",Comedy|Drama|Fantasy|Romance,249893,21620.0
5347,-0.304002020271959,0.5946145621735813,3.2557313352744184,Deuces Wild (2002),Drama,231448,13201.0
74458,-0.6722948128629705,12.928094666933346,3.7149876698253883,Shutter Island (2010),Drama|Mystery|Thriller,1130884,11324.0
54,-0.1278345109950409,0.5068190525405131,3.51476119617534,"Big Green, The (1995)",Children|Comedy,112499,26441.0
1917,-9.602390838084798,15.531090489961784,3.1487213523044293,Armageddon (1998),Action|Romance|Sci-Fi|Thriller,120591,95.0
1028,5.705245638280553,11.03913760530725,4.283810159105586,Mary Poppins (1964),Children|Comedy|Fantasy|Musical,58331,433.0
64969,0.5939613627706561,7.791909072437599,3.8432182550703486,Yes Man (2008),Comedy,1068680,10201.0
1499,-4.879434503647959,4.486178363761562,2.6793307940243443,Anaconda (1997),Action|Adventure|Thriller,118615,9360.0
2014,-0.6248489229790015,1.15047669732652,3.2238685362270045,Freaky Friday (1977),Children|Comedy|Fantasy,76054,16084.0
2232,0.3719047900313095,4.934763543437104,3.8423545486896105,Cube (1997),Horror|Mystery|Sci-Fi|Thriller,123755,431.0
115617,3.392692206198136,11.206657011272757,4.069729297442608,Big Hero 6 (2014),Action|Animation|Comedy,2245084,177572.0
969,4.291576576196364,6.235708848736226,4.455216230012648,"African Queen, The (1951)",Adventure|Comedy|Romance|War,43265,488.0
7090,3.370892038537329,7.26694136982724,4.230856981109596,Hero (Ying xiong) (2002),Action|Adventure|Drama,299977,79.0
3969,-1.4170338428263163,4.722161586627634,3.466908683119137,Pay It Forward (2000),Drama,223897,10647.0
3730,0.9763856711186367,4.595876943552229,3.9794384666834675,"Conversation, The (1974)",Drama|Mystery,71360,592.0
4399,0.6463662320377788,0.8985360176309931,4.486345129971813,"Diary of a Chambermaid (Journal d'une femme de chambre, Le) (1964)",Comedy|Drama,58249,36245.0
4928,1.588988866212114,1.2334740201681864,5.05521269419159,That Obscure Object of Desire (Cet obscur objet du désir) (1977),Drama,75824,5781.0
3827,-0.4563447922357606,5.504786066779019,3.6840906496230597,Space Cowboys (2000),Action|Adventure|Comedy|Sci-Fi,186566,5551.0
5225,1.6959641373196088,2.687988981366898,4.397931916795577,And Your Mother Too (Y tu mamá también) (2001),Drama|Romance,245574,1391.0
78703,-0.08731257365766756,0.11394494335438751,3.000720449992295,TiMER (2009),Comedy|Drama|Fantasy|Romance,1179794,39545.0
47736,-0.5114593822527412,0.3349380025371933,2.239963264235109,"Chump at Oxford, A (1940)",Comedy,32339,33810.0
3810,-0.1320893999222489,0.3338523294738158,3.3713381173490924,White Sands (1992),Drama|Thriller,105813,19380.0
93805,0.0003868984986145746,0.05281164506088962,3.7743162985881433,Iron Sky (2012),Action|Comedy|Sci-Fi,1034314,10679.0
85736,0.3566608859284159,0.8445545192206031,4.189296818326322,BURN-E (2008),Adventure|Animation|Children|Sci-Fi,1334585,13413.0
104644,-0.008086094180230548,0.002847433546159135,0.9272070095283897,Maria Bamford: The Special Special Special! (2012),Comedy,2546038,147129.0
55278,0.5084891586208403,0.9546878483053953,4.299613765545827,Sleuth (2007),Drama|Mystery|Thriller,857265,4520.0
2779,-0.05481844143838836,1.3598878008436723,3.7266792881011552,Heaven Can Wait (1978),Comedy,77663,12185.0
3858,1.5687215261964929,1.1523116426896656,5.12835944530007,Cecil B. DeMented (2000),Comedy,173716,14195.0
9008,-0.4363988201987375,0.49842644783279677,2.891437193917003,"Invisible Man Returns, The (1940)",Horror|Sci-Fi,32635,28421.0
7449,-0.6980938042982421,0.726135956375052,2.8056086131213087,Godsend (2004),Drama|Horror|Thriller,335121,11058.0
75813,-0.21256674315003746,0.3052090780163887,3.0705275761569735,Leaves of Grass (2009),Comedy|Crime|Drama|Thriller,1151359,12834.0
6027,0.716183037584596,0.967642859669854,4.507121870209504,Dogfight (1991),Drama|Romance,101748,14667.0
26492,0.10049758836271362,0.13152139420147063,4.531106190222017,Twilight Zone: The Movie (1983),Fantasy|Horror|Sci-Fi|Thriller,86491,15301.0
2640,1.8088315143111977,8.407798652584198,3.9821276404130033,Superman (1978),Action|Adventure|Sci-Fi,78346,1924.0
3967,1.1424638800433058,5.080850764055189,3.99184709833975,Billy Elliot (2000),Drama,249462,71.0
2485,-2.00337556774384,3.516654664387366,3.1973080907231624,She's All That (1999),Comedy|Romance,160862,10314.0
46578,-0.04809426077509893,12.824890282111229,3.763240219353748,Little Miss Sunshine (2006),Adventure|Comedy|Drama,449059,773.0
161582,0.5197832638827984,1.843656892583764,4.0489208749698,Hell or High Water (2016),Crime|Drama,2582782,338766.0
1665,-2.277904709690453,2.775908482382217,2.9463923774088627,Bean (1997),Comedy,118689,1281.0
2245,1.0693129694685795,2.941211515038268,4.13055236899821,Working Girl (1988),Comedy|Drama|Romance,96463,3525.0
3534,0.2595148910392309,3.393805792770352,3.8434575103328505,28 Days (2000),Drama,191754,10468.0
5103,0.7061014129984355,3.2131084944354,3.986746771387626,"Sandlot, The (1993)",Children|Comedy|Drama,108037,11528.0
96004,-0.7207230169795661,0.5716746580518313,2.506267943632339,Dragon Ball Z: The History of Trunks (Doragon bôru Z: Zetsubô e no hankô!! Nokosareta chô senshi - Gohan to Torankusu) (1993),Action|Adventure|Animation,142247,39324.0
2618,0.024488183344677873,0.5099580005122291,3.8150102915760455,"Castle, The (1997)",Comedy,118826,13852.0
1191,-0.3733157779953392,1.0752452516065576,3.4197990086802728,Madonna: Truth or Dare (1991),Documentary|Musical,102370,10174.0
45880,-0.19134142432792,1.4277880528683426,3.6329778067455956,Marie Antoinette (2006),Drama|Romance,422720,1887.0
2613,-1.2840178915362652,1.2707382653999968,2.7565399676212654,Night of the Comet (1984),Comedy|Horror|Sci-Fi,87799,18462.0
6323,-0.11637415536849953,1.586926692364391,3.6936572533036456,Identity (2003),Crime|Horror|Mystery|Thriller,309698,2832.0
168250,-0.43205957526655925,1.3030637895877,3.4354182080540943,Get Out (2017),Horror,5052448,419430.0
156781,-0.17652137971554788,0.3349380025371933,3.239963264235109,Jimmy Carr: Telling Jokes (2009),Comedy,1585985,24784.0
172589,0.6670299517176961,0.7548520770222206,4.650646800957427,Winter in Prostokvashino (1984),Animation,1318414,77762.0
175401,-0.08782212530452445,0.7548520770222206,3.6506468009574267,Wolf and Calf (1984),Animation,882997,91673.0
5466,1.6518037555403593,1.2136734529755806,5.127985500880183,My Wife is an Actress (Ma Femme est une Actrice) (2001),Comedy|Drama|Romance,269499,14651.0
170937,-0.0009675103148327097,0.002847433546159135,3.4272070095283897,Win It All (2017),Comedy,3155328,397442.0
634,0.4668622966702665,0.3026909395994036,5.309363172618069,Theodore Rex (1995),Comedy,114658,36259.0
8718,0.31124085155045766,0.49842644783279677,4.391437193917003,"Snake Pit, The (1948)",Drama,40806,62694.0
67788,-0.7766216220708971,1.5477746949873459,3.265223706896802,Confessions of a Shopaholic (2009),Comedy|Romance,1093908,20048.0
3726,0.4071652277374641,0.5831898022674853,4.465159611360628,Assault on Precinct 13 (1976),Action|Thriller,74156,17814.0
5039,0.006494670727831535,0.08154419913832892,3.8466363089612514,Dragonslayer (1981),Action|Adventure|Fantasy,82288,848.0
32387,0.7112825143138526,0.5807306604208037,4.991796492812524,"Sword of Doom, The (Dai-bosatsu tôge) (1966)",Action|Drama,60277,19884.0
8363,-0.00539664259651668,0.03250989515973905,3.600990291262136,Soul Plane (2004),Comedy,367085,12657.0
33164,-0.645965937693332,0.9217384818945098,3.0661776959524167,House of Wax (2005),Horror|Thriller,397065,10066.0
6370,0.716183037584596,0.967642859669854,4.507121870209504,"Spanish Apartment, The (L'auberge espagnole) (2002)",Comedy|Drama|Romance,283900,1555.0
7362,0.18998430087225338,0.5700381736896638,4.100273761810344,Taking Lives (2004),Crime|Drama|Thriller,364045,11081.0
3833,-0.5025277596220148,0.43851677948819323,2.6210187272810934,"Brain That Wouldn't Die, The (1962)",Horror|Sci-Fi,52646,33468.0
129937,-0.6100195198515366,0.33860448768361584,1.9654207845356788,Run All Night (2015),Action|Crime|Drama|Thriller,2199571,241554.0
3034,0.6280282295523484,7.918310238282794,3.846303706707266,Robin Hood (1973),Adventure|Animation|Children|Comedy|Musical,70608,11886.0
79132,8.146942938078933,31.204957137918896,4.028068776390998,Inception (2010),Action|Crime|Drama|Mystery|Sci-Fi|Thriller|IMAX,1375666,27205.0
4226,14.079301595956768,30.56942720046142,4.227558345208016,Memento (2000),Mystery|Thriller,209144,77.0
4765,-0.056291073102712946,0.0389707429172628,2.3225458468176914,L.I.E. (2001),Drama,242587,18734.0
2412,-3.3733644493156785,2.4904476452405815,2.412468964237891,Rocky V (1990),Action|Drama,100507,1375.0
79592,-1.9727288265856384,4.315619188787855,3.309876551544122,"Other Guys, The (2010)",Action|Comedy,1386588,27581.0
96655,0.44887938570390057,0.7939927856602904,4.332334704726308,Robot & Frank (2012),Comedy|Drama|Sci-Fi,1990314,84329.0
1551,-0.12232116335698678,0.7119599178383267,3.595181232504472,Buddy (1997),Adventure|Children|Drama,118787,15170.0
88125,1.8163570295660203,7.985575345334161,3.994445039482286,Harry Potter and the Deathly Hallows: Part 2 (2011),Action|Adventure|Drama|Fantasy|Mystery|IMAX,1201607,12445.0
117590,-0.04649227784080774,1.561285139177823,3.7372120805598357,Horrible Bosses 2 (2014),Comedy|Crime,2170439,227159.0
3350,0.13022331661699074,0.28819914333268454,4.218842143113988,"Raisin in the Sun, A (1961)",Drama,55353,29478.0
26750,0.09336065852968418,0.19457248761213886,4.246814852665645,Quigley Down Under (1990),Adventure|Drama|Western,102744,9588.0
108729,0.06804261161496228,0.8255600037450197,3.8494102380937387,Enemy (2013),Mystery|Thriller,2316411,181886.0
89492,-0.32375851659267096,3.4887524410435273,3.6741896348487417,Moneyball (2011),Drama,1210166,60308.0
45501,-1.705926016659744,1.6873347282779554,2.755972152377054,"Break-Up, The (2006)",Comedy|Drama|Romance,452594,9767.0
93006,-0.032749529433686864,0.8333644503699901,3.7276923233452814,"Very Potter Musical, A (2009)",Comedy|Musical,2033193,54507.0
4159,-0.6063819448708149,0.5971676807624353,2.751560346867598,3000 Miles to Graceland (2001),Action|Thriller,233142,12138.0
4976,0.3770925116088685,0.4410698980770472,4.621939842915731,Iris (2001),Drama,280778,11889.0
3473,0.3710808214496813,0.2837467184187765,5.074779235985754,Jonah Who Will Be 25 in the Year 2000 (Jonas qui aura 25 ans en l'an 2000) (1976),Comedy,74718,42237.0
87192,0.2947212779623594,0.4260923510585348,4.458674329312075,Attack the Block (2011),Action|Comedy|Sci-Fi,1478964,59678.0
71379,-0.16254520004022763,0.13152139420147063,2.531106190222017,Paranormal Activity (2009),Horror|Thriller,1179904,23827.0
5147,-0.22945585235181654,0.21112033903603206,2.6801416560264038,Wild Strawberries (Smultronstället) (1957),Drama,50986,614.0
1951,0.056323814400972144,0.5661265447482327,3.8664800871805034,Oliver! (1968),Drama|Musical,63385,17917.0
4043,0.37450579935437167,0.43851677948819323,4.621018727281093,At Close Range (1986),Crime|Drama,90670,13715.0
5638,-0.5025277596220148,0.43851677948819323,2.6210187272810934,Godzilla vs. Mothra (Mosura tai Gojira) (1964),Action|Adventure|Fantasy|Sci-Fi,58379,1682.0
134334,-0.34399038098414453,0.3349380025371933,2.739963264235109,Phir Hera Pheri (2006),Comedy,419058,20359.0
1029,-1.1205251499703115,5.482672957950097,3.562614586461888,Dumbo (1941),Animation|Children|Drama|Musical,33563,11360.0
1032,-0.16614452911016453,6.014659240751856,3.7393670257603326,Alice in Wonderland (1951),Adventure|Animation|Children|Fantasy|Musical,43274,12092.0
3702,-2.958990318016572,6.11451013558941,3.283061038975217,Mad Max (1979),Action|Adventure|Sci-Fi,79501,9659.0
4027,2.5538166480310744,17.670700221384617,3.9115129539770246,"O Brother, Where Art Thou? (2000)",Adventure|Comedy|Crime,190590,134.0
5890,1.2414076952290571,1.6910851336558128,4.5010797055220575,Elling (2001),Comedy|Drama,279064,6007.0
1518,0.18659556372769698,1.5071197711580782,3.890799670781002,Breakdown (1997),Action|Thriller,118771,2163.0
3683,1.3500152229335531,3.0970291759791944,4.202896815296323,Blood Simple (1984),Crime|Drama|Film-Noir,86979,11368.0
73858,-1.0065603460054817,0.5716746580518313,2.006267943632339,"Dennis the Menace Christmas, A (2007)",Comedy,918511,13358.0
1464,0.5216963951895723,2.23095865054173,4.0008343363155445,Lost Highway (1997),Crime|Drama|Fantasy|Film-Noir|Mystery|Romance,116922,638.0
452,-0.34091604374366336,0.5140325070822997,3.103771449950451,Widows' Peak (1994),Drama,111712,25440.0
32659,-0.2521697855932143,0.8985360176309931,3.4863451299718133,Tanguy (2001),Comedy,274155,2029.0
85796,-1.2661488924493454,1.1946362734881826,2.707128875241044,Hobo with a Shotgun (2011),Action|Adventure|Crime|Thriller,1640459,49010.0
3632,0.8220667516815852,1.0102068063745084,4.580751143489878,Monsieur Verdoux (1947),Comedy|Crime,39631,30588.0
3075,-0.19456466428039204,0.3017162185217673,3.1221304781780237,Repulsion (1965),Drama|Horror,59646,11481.0
27660,0.1823772166330565,2.8232914148534283,3.8315876671028177,"Animatrix, The (2003)",Action|Animation|Drama|Sci-Fi,328832,55931.0
5954,-0.06212087739981885,4.357373571411001,3.7527337956044313,25th Hour (2002),Crime|Drama,307901,1429.0
50274,-0.22408032214914422,0.8262961879249688,3.4958038505841698,Venus (2006),Drama|Romance,489327,13771.0
75395,-0.19251805376574685,0.15273403790441675,2.5065112493459685,Frozen (2010),Drama|Horror|Thriller,1323045,44363.0
107412,0.28960391320658585,0.7548520770222206,4.150646800957427,"Kidnapping, Caucasian Style (Kavkazskaya plennitsa) (1967)",Comedy|Romance,60584,20878.0
4024,-0.007625762100919131,0.002553118588853982,0.7801481859989781,"House of Mirth, The (2000)",Romance,200720,25520.0
2447,-0.5827897115200908,1.8755515127644555,3.4562605098864743,Varsity Blues (1999),Comedy|Drama,139699,14709.0
109282,-0.0009675103148327097,0.002847433546159135,3.4272070095283897,GLOW: The Story of the Gorgeous Ladies of Wrestling (2012),Documentary,1559038,103732.0
7161,-0.5078180445690925,0.7739428156393862,3.1108461494632835,Cheaper by the Dozen (2003),Children|Comedy,349205,11007.0
840,-0.059878271932336455,0.5263843445770752,3.6532363915703705,House Arrest (1996),Children|Comedy,116571,18862.0
2477,-0.07814156433547162,0.6376243029367025,3.644439184010459,Firewalker (1986),Adventure,91055,12715.0
2535,-0.41517549148756905,0.8052766450115854,3.251421518642888,Earthquake (1974),Action|Drama|Thriller,71455,11123.0
8044,0.19692590134894908,0.5277933064494101,4.140102073739477,I Am a Fugitive from a Chain Gang (1932),Crime|Drama|Film-Noir,23042,29740.0
51088,-0.6525750104605472,0.5753937131825175,2.6328537939216665,Reno 911!: Miami (2007),Comedy,499554,10090.0
1167,0.26919248682126334,0.4710868519372107,4.338418862690707,Dear God (1996),Comedy,116059,38554.0
31923,0.37450579935437167,0.43851677948819323,4.621018727281093,"Three Musketeers, The (1973)",Action|Adventure|Comedy,72281,2926.0
26704,0.1677050970249842,0.44721359206662453,4.141990291262136,State of Grace (1990),Crime|Drama|Thriller,100685,1662.0
2203,0.11820629063805196,0.3841707952321975,4.074682318102975,Shadow of a Doubt (1943),Crime|Drama|Thriller,36342,21734.0
70286,-3.580067961256192,16.609581203391112,3.551447953534484,District 9 (2009),Mystery|Sci-Fi|Thriller,1136608,17654.0
96432,0.12344996807190535,0.4619022166692563,4.034254581444794,Lawless (2012),Crime|Drama,1212450,82633.0
2375,-1.7086090514491301,3.1091918143633004,3.2174555074781326,"Money Pit, The (1986)",Comedy,91541,10466.0
2458,-0.176856966657497,1.4213411347398304,3.6425606505975323,Armed and Dangerous (1986),Comedy|Crime,90660,2620.0
39715,-0.8097969271678771,1.5242031907429707,3.2356983138630184,American Pie Presents: Band Camp (American Pie 4: Band Camp) (2005),Comedy,436058,8274.0
52973,1.1701944140881355,8.60266875833541,3.9030171972097,Knocked Up (2007),Comedy|Drama|Romance,478311,4964.0
68793,0.26335399372326446,2.532074376528142,3.870997502173674,Night at the Museum: Battle of the Smithsonian (2009),Action|Comedy|IMAX,1078912,18360.0
8012,-0.0204920391092952,1.0107615087333597,3.7467164294933246,Kikujiro (Kikujirô no natsu) (1999),Comedy|Drama,199683,4291.0
507,-0.025225059209666778,2.4890374471344567,3.7568558277414255,"Perfect World, A (1993)",Crime|Drama|Thriller,107808,9559.0
5010,0.008234710926793662,8.038182310012294,3.7680147406474824,Black Hawk Down (2001),Action|Drama|War,265086,855.0
544,0.4540189345835207,1.3667598649299602,4.099176614721954,Striking Distance (1993),Action|Crime,108238,11074.0
1835,-0.658988657637473,3.101244653301618,3.554498620559566,City of Angels (1998),Drama|Fantasy|Romance,120632,795.0
4508,0.047394238398595225,0.4617181022667094,3.8696378551456463,Gorillas in the Mist (1988),Drama,95243,10130.0
6541,-3.934255734059029,4.427218413267588,2.878338463679209,"League of Extraordinary Gentlemen, The (a.k.a. LXG) (2003)",Action|Fantasy|Sci-Fi,311429,8698.0
2803,-0.15077026950258876,0.7597588434893878,3.5685453889163634,"Pelican Brief, The (1993)",Crime|Drama|Mystery|Romance|Thriller,107798,9944.0
6193,-0.03703484116564216,0.7085595055279689,3.7147224988231,Poolhall Junkies (2002),Comedy|Drama|Thriller,273982,14293.0
50999,-0.5114593822527412,0.3349380025371933,2.239963264235109,"Ugly Duckling and Me!, The (2006)",Animation|Comedy,396042,13517.0
94478,-0.18530567305101267,0.5012738813789559,3.397320775385397,Dark Shadows (2012),Comedy|Horror|IMAX,1077368,62213.0
162602,0.003303640004405993,0.002847433546159135,4.92720700952839,The Girl on the Train (2016),Thriller,3631112,346685.0
101112,0.5737420532082589,0.9218480410967596,4.38937275304581,Oz the Great and Powerful (2013),Action|Adventure|Fantasy|IMAX,1623205,68728.0
6252,-0.5148129744679835,0.2943351543717058,2.0179196592918762,View from the Top (2003),Comedy|Romance,264150,11523.0
3364,0.06202762763405927,0.49842644783279677,3.891437193917003,"Asphalt Jungle, The (1950)",Crime|Film-Noir,42208,16958.0
3894,0.2356459346494154,0.4632355980287654,4.275685943436049,Solas (1999),Drama,190798,80713.0
27816,-0.3626965678154139,0.4832217024063165,3.016410244858424,Saints and Soldiers (2003),Action|Adventure|Drama|War,373283,10105.0
4529,0.6978475242688116,1.178763198705886,4.35900701271641,Bagdad Cafe (Out of Rosenheim) (1987),Comedy|Drama,95801,3543.0
2985,-1.1286147842270366,9.821446111831602,3.652076991186353,RoboCop (1987),Action|Crime|Drama|Sci-Fi|Thriller,93870,5548.0
5,-0.7792292236386055,7.891280775795214,3.6682446952330703,Father of the Bride Part II (1995),Comedy,113041,11862.0
191,-0.4782045949836456,0.28364105600465217,2.0810404442279946,"Scarlet Letter, The (1995)",Drama|Romance,114345,10533.0
8360,0.1680384910287976,16.654536182265648,3.777079944266567,Shrek 2 (2004),Adventure|Animation|Children|Comedy|Musical|Romance,298148,809.0
6155,-1.3599235329100374,5.820382471484605,3.5333418086112767,How to Lose a Guy in 10 Days (2003),Comedy|Romance,251127,9919.0
73321,0.0016169983047380349,2.8047643788327883,3.767566809673786,"Book of Eli, The (2010)",Action|Adventure|Drama,1037705,20504.0
180777,0.3525211531752071,0.45905478312309717,4.534918578114725,Die Frauen von Ravensbrück (2005),Documentary,832879,363444.0
1407,0.012603593873186991,9.313624742480638,3.7683435338740807,Scream (1996),Comedy|Horror|Mystery|Thriller,117571,4232.0
1855,0.18880025786158727,1.1026961782625548,3.938207224433218,Krippendorf's Tribe (1998),Comedy,120725,31220.0
53121,-1.1062220926818929,5.60584139610322,3.5696564720337043,Shrek the Third (2007),Adventure|Animation|Children|Comedy|Fantasy,413267,810.0
1711,-1.500668812673772,3.861196090203496,3.378336418830943,Midnight in the Garden of Good and Evil (1997),Crime|Drama|Mystery,119668,8197.0
6974,-0.0039255852763852486,0.19457248761213886,3.746814852665645,"Freshman, The (1990)",Comedy|Crime,99615,10168.0
3249,-0.01997425303624792,0.4618464456612676,3.723741602820572,"Hand That Rocks the Cradle, The (1992)",Drama|Thriller,104389,11087.0
146656,0.21054128522213436,0.6170623525902276,4.108189660075272,Creed (2015),Drama,3076658,312221.0
3937,-0.41968363887450816,0.693871508840481,3.1621468389407754,Runaway (1984),Sci-Fi|Thriller,88024,9507.0
93297,0.03658300309087828,0.15273403790441675,4.0065112493459685,Act of Valor (2012),Action|Thriller|War,1591479,75674.0
85295,-0.5114593822527412,0.3349380025371933,2.239963264235109,Scooby-Doo! Curse of the Lake Monster (2010),Adventure|Children|Comedy|Mystery,1618435,47533.0
88785,0.43384862767524246,0.6429945140997411,4.4417217518915875,"Change-Up, The (2011)",Comedy,1488555,49520.0
116411,0.28960391320658585,0.7548520770222206,4.150646800957427,Tangerines (2013),Drama,2991224,238628.0
63479,0.3654396257984669,0.48606913595247564,4.518816726574411,Sex Drive (2008),Comedy,1135985,13523.0
69436,-0.1192057933809292,0.48606913595247564,3.5217457682842683,Year One (2009),Adventure|Comedy,1045778,17610.0
94931,-0.23363194653451755,0.6494787702890066,3.407268069039914,Take This Waltz (2011),Drama|Romance,1592281,86555.0
6386,0.14559963647939098,0.29072111323306965,4.267812659683189,Nevada Smith (1966),Western,60748,5921.0
33421,0.13055185389304885,0.5807306604208037,3.9917964928125236,Dear Wendy (2005),Drama,342272,10913.0
138396,0.5441294315396968,0.4243972472575414,5.049113196290069,There Will Come a Day (2013),Comedy|Drama,1951299,158182.0
2268,4.002354612525033,10.84508978378945,4.136037914870333,"Few Good Men, A (1992)",Crime|Drama|Thriller,104257,881.0
258,-1.8595744218042862,2.2445609845000454,2.9385100518542107,"Kid in King Arthur's Court, A (1995)",Adventure|Children|Comedy|Fantasy|Romance,113538,37108.0
279,-0.07978007972918677,0.16161900022557843,3.2733597180137286,My Family (1995),Drama,113896,38722.0
709,-0.29488069608436246,1.5443470273614575,3.576048300336579,Oliver & Company (1988),Adventure|Animation|Children|Comedy|Musical,95776,12233.0
1357,-0.6775611885816208,5.462439922124857,3.64295026551517,Shine (1996),Drama|Romance,117631,7863.0
2072,-0.44182421155600726,4.755193437645461,3.674076255829168,"'burbs, The (1989)",Comedy,96734,11974.0
96610,-0.6869216278231367,6.925646730510547,3.6678050953443395,Looper (2012),Action|Crime|Sci-Fi,1276104,59967.0
7317,-0.8608768766619586,4.025328167613037,3.5531252743454043,EuroTrip (2004),Adventure|Comedy,356150,9352.0
60040,-1.4970000584955991,4.308674021073545,3.4195516010354363,"Incredible Hulk, The (2008)",Action|Sci-Fi,800080,1724.0
1806,-2.1846792374446236,2.1965578940650774,2.7723981417233277,Paulie (1998),Adventure|Children|Comedy,125454,36568.0
1010,-0.34710136805437697,1.7573444015665074,3.5694755822813757,"Love Bug, The (1969)",Children|Comedy,64603,14136.0
1232,0.11249960794195213,1.7564942924082403,3.8310380985497474,Stalker (1979),Drama|Mystery|Sci-Fi,79944,1398.0
6884,0.09336065852968418,0.19457248761213886,4.246814852665645,Veronica Guerin (2003),Crime|Drama|Thriller,312549,10629.0
26649,0.1906469023357536,0.19457248761213886,4.746814852665645,Lonesome Dove (1989),Adventure|Drama|Western,96639,13057.0
3552,0.37795508211825285,9.551620215917968,3.8065600264038646,Caddyshack (1980),Comedy,80487,11977.0
46062,-1.599973812039704,0.8985360176309931,1.9863451299718133,High School Musical (2006),Children|Comedy|Drama|Musical|Romance,475293,10947.0
7757,0.047155158535739074,0.17099698903363977,4.042756307975228,Jason and the Argonauts (1963),Action|Adventure|Fantasy,57197,11533.0
49130,0.0019812988672581644,0.024171846180549645,3.84895750437689,"Good Year, A (2006)",Comedy|Drama|Romance,401445,9726.0
8832,-0.0806891417499876,0.3001171675161411,3.4981314904884417,Warriors of Heaven and Earth (Tian di ying xiong) (2003),Action|Adventure|Drama,374330,14797.0
6879,0.8461394184035682,3.501550380121632,4.0086373694270305,Runaway Jury (2003),Drama|Thriller,313542,11329.0
7158,-1.160652256811999,2.3642648738746237,3.2760756439071255,House of Sand and Fog (2003),Drama,315983,11093.0
100507,0.16172026282605143,0.33778543608335243,4.24575653027235,21 and Over (2013),Comedy,1711425,107811.0
128366,-0.17652137971554788,0.3349380025371933,3.239963264235109,Patton Oswalt: Tragedy Plus Comedy Equals Time (2014),Comedy,3628334,251016.0
3677,0.28960391320658585,0.7548520770222206,4.150646800957427,Baraka (1992),Documentary,103767,14002.0
173619,0.6670299517176961,0.7548520770222206,4.650646800957427,Fugitives (1986),Comedy|Crime,91093,30163.0
165843,0.0018799232313264256,0.002847433546159135,4.42720700952839,Risk (2016),Documentary,4964772,393561.0
4703,0.0002390798628561496,0.29072111323306965,3.7678126596831887,Chocolat (1988),Drama,94868,41951.0
31700,-0.11095978375565924,1.2124595951275794,3.675474017893881,Because of Winn-Dixie (2005),Children|Comedy|Drama,317132,17880.0
2252,-1.1228764479768492,0.978335662245648,2.619248783608796,Hero (1992),Comedy|Drama,104412,10699.0
27912,0.32747775524199796,1.1085239668702138,4.0624081306856645,Outfoxed: Rupert Murdoch's War on Journalism (2004),Documentary,418038,13372.0
73515,0.12052513459090264,0.4832217024063165,4.016410244858424,Bart Got a Room (2008),Comedy|Romance,472050,20107.0
44828,0.10049758836271362,0.13152139420147063,4.531106190222017,Slither (2006),Comedy|Horror|Sci-Fi,439815,9035.0
2824,0.19278482572024758,0.21112033903603206,4.680141656026404,On the Ropes (1999),Documentary|Drama,181733,113273.0
47261,-0.2832693698779182,0.43851677948819323,3.1210187272810934,"Night Listener, The (2006)",Fantasy|Mystery|Thriller,448075,9782.0
3007,0.0035102890911864405,0.024664399667020533,3.909312388640413,American Movie (1999),Documentary,181288,14242.0
2105,-2.553061766559814,10.826255192855124,3.5311689734490543,Tron (1982),Action|Adventure|Sci-Fi,84827,97.0
2492,-3.332708748832735,1.9139935513851216,2.0257572832298383,20 Dates (1998),Comedy|Romance,138987,111794.0
3257,-0.7455226958357476,4.670034855039335,3.607350648523438,"Bodyguard, The (1992)",Drama|Romance|Thriller,103855,619.0
53972,-0.30436928876669495,6.375870007907931,3.7192526039521394,Live Free or Die Hard (2007),Action|Adventure|Crime|Thriller,337978,1571.0
73323,0.3525211531752071,0.45905478312309717,4.534918578114725,"Girl Who Kicked the Hornet's Nest, The (Luftslottet som sprängdes) (2009)",Action|Crime|Mystery,1343097,33613.0
1748,4.370152325161802,7.877731072098965,4.321737881039583,Dark City (1998),Adventure|Film-Noir|Sci-Fi|Thriller,118929,2666.0
111844,0.13678897009818083,0.5716746580518313,4.00626794363234,Bad Asses (Bad Ass 2) (2014),Action|Drama,2996648,255268.0
1642,0.24010926307345276,0.12799411618745177,5.642930140886197,Indian Summer (a.k.a. Alive & Kicking) (1996),Comedy|Drama,116631,172545.0
8340,-0.5097493164306184,1.4653575954151734,3.419123451095935,Escape from Alcatraz (1979),Drama|Thriller,79116,10734.0
148775,-0.17652137971554788,0.3349380025371933,3.239963264235109,Wizards of Waverly Place: The Movie (2009),Adventure|Children|Comedy|Drama|Fantasy|Sci-Fi,1369845,26736.0
8507,-1.2525062187004379,1.9314430311779371,3.1185081986080405,Freaks (1932),Crime|Drama|Horror,22913,136.0
104780,0.6670299517176961,0.7548520770222206,4.650646800957427,"Mystery of the Third Planet, The (Tayna tretey planety) (1981)",Adventure|Animation|Sci-Fi,211653,49802.0
170957,-0.0009675103148327097,0.002847433546159135,3.4272070095283897,Cars 3 (2017),Adventure|Animation|Comedy,3606752,260514.0
181139,-0.005238660634071413,0.002847433546159135,1.9272070095283897,Lynne Koplitz: Hormonal Beast (2017),Comedy,6892388,470616.0
136666,-0.13954968352696603,0.20620743613950301,3.0902461052156243,Search Party (2014),Comedy,2758904,239568.0
33201,0.41584682375448906,0.6494787702890066,4.4072680690399135,Between Your Legs (Entre las piernas) (1999),Drama|Mystery|Romance|Thriller,177747,53116.0
164881,-1.5325894871125307,0.6494787702890066,1.407268069039914,Night Guards (2016),Action|Sci-Fi,5487524,402193.0
8614,-0.010634836844257575,0.3759187291949775,3.7387000359002074,Overboard (1987),Comedy|Romance,93693,10780.0
4867,-0.22047782009627764,0.2943351543717058,3.0179196592918762,Riding in Cars with Boys (2001),Comedy|Drama,200027,11091.0
3150,0.29061254190162233,0.5946145621735813,4.255731335274419,"War Zone, The (1999)",Drama|Thriller,141974,42739.0
8491,0.13055185389304885,0.5807306604208037,3.9917964928125236,White Heat (1949),Crime|Drama|Film-Noir,42041,15794.0
27685,0.2002778810398297,0.11065808480943447,5.5768705307830935,Bring It On Again (2004),Comedy,334965,12540.0
147372,-0.11447404135398317,0.27236927080775303,3.346700436189672,Doctor Who: Last Christmas (2014),Adventure|Drama|Fantasy|Sci-Fi,4050552,317182.0
2515,0.13607643011042686,0.09217201077620096,5.2433216522088815,Children of the Corn II: The Final Sacrifice (1993),Horror,106557,25748.0
8912,-0.832613316159535,0.6147430966077871,2.4125817248968087,Taxi (2004),Action|Comedy,316732,11045.0
67186,-0.28363091665248324,0.6147430966077871,3.30560907654401,"Haunting in Connecticut, The (2009)",Horror|Thriller,492044,18781.0
85131,-0.14537728763434238,0.6438135657000046,3.541183791710862,Battle: Los Angeles (2011),Action|Sci-Fi|War,1217613,44943.0
2630,0.2636306546749994,0.9716672700878548,4.038308120719501,Besieged (a.k.a. L' Assedio) (1998),Drama,149723,44297.0
4506,-0.06401098013382155,0.43851677948819323,3.6210187272810934,Frantic (1988),Crime|Mystery|Thriller,95174,10675.0
2571,24.02741573717589,59.77902413445755,4.168927527359072,"Matrix, The (1999)",Action|Sci-Fi|Thriller,133093,603.0
2761,0.8755487329939784,5.594946335871352,3.923479501423188,"Iron Giant, The (1999)",Adventure|Animation|Children|Drama|Sci-Fi,129167,10386.0
2085,-1.0227142234045403,8.642916773557129,3.648660536365789,101 Dalmatians (One Hundred and One Dalmatians) (1961),Adventure|Animation|Children,55254,12230.0
3039,0.2850490440258448,6.363041511578565,3.811787900001157,Trading Places (1983),Comedy,86465,1621.0
59615,-1.999727725014423,9.252719907030519,3.5508670599196455,Indiana Jones and the Kingdom of the Crystal Skull (2008),Action|Adventure|Comedy|Sci-Fi,367882,217.0
2822,-0.3055243383027056,1.1341751113404457,3.4976100736503986,Medicine Man (1992),Adventure|Romance,104839,9096.0
5015,0.30153694959807303,3.173856453990293,3.861996777525549,Monster's Ball (2001),Drama|Romance,285742,1365.0
5463,-3.9087546097891037,4.1803532955036555,2.831960562077926,Reign of Fire (2002),Action|Adventure|Fantasy,253556,6278.0
3635,0.9867083473211351,2.432457204778287,4.172632925131648,"Spy Who Loved Me, The (1977)",Action|Adventure|Thriller,76752,691.0
40583,0.6189094052793862,1.5432223313253977,4.168040349128934,Syriana (2005),Drama|Thriller,365737,231.0
49265,0.1906469023357536,0.19457248761213886,4.746814852665645,Shooting Dogs (a.k.a. Beyond the Gates) (2005),Documentary|Drama|War,420901,8588.0
51471,-0.0039255852763852486,0.19457248761213886,3.746814852665645,Amazing Grace (2006),Drama|Romance,454776,15163.0
7156,0.6616168951155492,3.5204515934031733,3.9549255255813143,"Fog of War: Eleven Lessons from the Life of Robert S. McNamara, The (2003)",Documentary|War,317910,12698.0
7396,0.9723566537541158,2.172684429977793,4.214527282984424,Scenes From a Marriage (Scener ur ett äktenskap) (1973),Drama,70644,133919.0
170705,1.445490396194574,1.8420941124233554,4.551689827754855,Band of Brothers (2001),Action|Drama|War,185906,331214.0
2554,-0.03834333598108081,0.17099698903363977,3.542756307975228,Children of the Damned (1963),Horror|Sci-Fi|Thriller,56931,30202.0
2950,-0.6790480077447374,1.4104504560674516,3.285549766482538,"Blue Lagoon, The (1980)",Adventure|Drama|Romance,80453,5689.0
44709,-0.0627986537905322,0.8878877589937737,3.6962621466803247,Akeelah and the Bee (2006),Drama,437800,13751.0
37384,0.6416261285436703,1.0447005434673404,4.381162584514828,Waiting... (2005),Comedy,348333,7553.0
6985,0.28960391320658585,0.7548520770222206,4.150646800957427,"Passion of Joan of Arc, The (Passion de Jeanne d'Arc, La) (1928)",Drama,19254,780.0
26903,-0.08782212530452445,0.7548520770222206,3.6506468009574267,Whisper of the Heart (Mimi wo sumaseba) (1995),Animation|Drama|Romance,113824,37797.0
7096,1.0550437245112445,0.8278035376934381,5.041500095183705,Rivers and Tides (2001),Documentary,307385,30140.0
1856,0.0018799232313264256,0.002847433546159135,4.42720700952839,Kurt & Courtney (1998),Documentary,138563,13907.0
2844,-0.5779080334559352,0.21835316125539117,1.1203236245954695,"Minus Man, The (1999)",Drama|Mystery,151582,21719.0
70599,-0.2960483181464205,1.153963602490478,3.510441196032884,"Time Traveler's Wife, The (2009)",Drama|Romance|Sci-Fi,452694,24420.0
26681,-0.5583713316790209,0.6494787702890066,2.907268069039914,Bullet in the Head (1990),Action|Drama|War,99426,11909.0
81456,0.33193080791092616,0.4243972472575414,4.549113196290069,Heartbeats (Les amours imaginaires) (2010),Drama|Romance,1600524,51241.0
78574,-0.1524487050203608,0.6299478420342675,3.524988184344738,Winter's Bone (2010),Drama|Thriller,1399683,39013.0
3947,-0.6013093013587497,0.5946145621735813,2.7557313352744184,Get Carter (1971),Action|Crime|Drama|Thriller,67128,1485.0
4849,0.29061254190162233,0.5946145621735813,4.255731335274419,My First Mister (2001),Comedy|Drama,206963,25641.0
4608,0.04823852001929975,0.05387871620617172,4.662307095669849,"Innocent Man, An (1989)",Crime|Drama,97579,29185.0
3138,-0.05644946236421094,0.06893676767508185,2.9481317304680914,Stealing Home (1988),Drama,96171,32331.0
27604,0.034736891261978306,0.13152139420147063,4.031106190222017,Suicide Club (Jisatsu saakuru) (2001),Horror|Mystery|Thriller,312843,12720.0
70994,0.034736891261978306,0.13152139420147063,4.031106190222017,Halloween II (2009),Horror|Thriller,1311067,24150.0
131724,-1.0517241370315358,0.9999999991447387,2.7152661533311013,The Jinx: The Life and Deaths of Robert Durst (2015),Documentary,4299972,321640.0
4381,0.6089341356185678,1.0599034214621126,4.3415088023719095,"Closet, The (Placard, Le) (2001)",Comedy,243493,11444.0
92,0.17577699587856443,1.1433623216137325,3.9207272061103304,Mary Reilly (1996),Drama|Horror|Thriller,117002,9095.0
419,-1.0065591109799472,1.7790075968035604,3.201192195296449,"Beverly Hillbillies, The (1993)",Comedy,106400,11041.0
542,-0.15879169378793634,1.2753695248515593,3.6424838712060206,Son in Law (1993),Comedy|Drama|Romance,108186,13203.0
33145,-0.20837995943666054,2.1414209728162925,3.6696810923321332,"Lot Like Love, A (2005)",Comedy|Drama|Romance,391304,8976.0
2374,-0.6631922589600824,1.3214736863601597,3.2651322022170444,Gung Ho (1986),Comedy|Drama,91159,13698.0
3584,-0.20967343149143255,0.34520005231493467,3.159593420707371,Breathless (1983),Action|Drama|Romance|Thriller,85276,1058.0
56775,0.3720264681017565,3.2012252304605906,3.883204066088667,National Treasure: Book of Secrets (2007),Action|Adventure,465234,6637.0
43936,-1.2623716329907941,2.601175698037342,3.2816821923346824,16 Blocks (2006),Crime|Thriller,450232,2207.0
45658,-0.1984980728885241,0.19457248761213886,2.746814852665645,On a Clear Day (2005),Drama,410400,38344.0
836,-0.08547103357351425,3.176435269697148,3.7400824444727183,Chain Reaction (1996),Action|Adventure|Thriller,115857,12123.0
2664,0.0928437046379661,1.0756733512597674,3.853302464496913,Invasion of the Body Snatchers (1956),Horror|Sci-Fi|Thriller,49366,11549.0
1541,0.01070829031369562,1.0375769572986557,3.7773107694091976,Addicted to Love (1997),Comedy|Romance,118556,2058.0
127202,0.28205401961858817,1.7700890109264122,3.9263348314957196,Me and Earl and the Dying Girl (2015),Drama,2582496,308369.0
1192,0.01194942679030958,0.4380510357324248,3.7942689090842125,Paris Is Burning (1990),Documentary,100332,31225.0
69211,-0.5114593822527412,0.3349380025371933,2.239963264235109,Boy Eats Girl (2005),Comedy|Horror,415679,27134.0
163925,0.6670299517176961,0.7548520770222206,4.650646800957427,"Wings, Legs and Tails (1986)",Animation|Comedy,1350929,333372.0
85020,-0.2647194836972269,0.8500210018395076,3.455563299312108,"Mechanic, The (2011)",Action|Drama|Thriller,472399,27582.0
135567,-1.0956774599735617,0.9546878483053953,2.6193089188445153,Independence Day: Resurgence (2016),Action|Adventure|Sci-Fi,1628841,47933.0
5385,-0.12278650242962061,0.23554961690580273,3.245713695517455,"Last Waltz, The (1978)",Documentary,77838,13963.0
34334,-0.41156774998246914,0.7739428156393862,3.235209723414296,Stealth (2005),Action|Adventure|Sci-Fi|Thriller,382992,10048.0
1938,0.31124085155045766,0.49842644783279677,4.391437193917003,"Lost Weekend, The (1945)",Drama,37884,28580.0
7215,-0.2394729188497884,1.026219754282207,3.5336358680496454,To Have and Have Not (1944),Adventure|Drama|Romance|Thriller|War,37382,22584.0
6057,-0.6043074190185721,0.4832217024063165,2.516410244858424,Biker Boyz (2003),Action|Crime|Drama,326769,12253.0
7262,-0.6043074190185721,0.4832217024063165,2.516410244858424,Catch That Kid (2004),Action|Adventure|Children|Comedy|Crime,337917,20483.0
57526,-0.12108571661225562,0.4832217024063165,3.516410244858424,Untraceable (2008),Crime|Thriller,880578,8090.0
1807,0.05127042256884683,0.14661541892494787,4.116683542795879,"Cool, Dry Place, A (1998)",Drama,120642,37272.0
3676,0.036486608228892076,0.5700381736896638,3.8309975979881514,Eraserhead (1977),Drama|Horror,74486,985.0
2964,-0.6516965304238806,0.21112033903603206,0.6801416560264038,Julien Donkey-Boy (1999),Drama,192194,42881.0
2903,-0.06401098013382155,0.43851677948819323,3.6210187272810934,Psycho III (1986),Horror|Thriller,91799,12662.0
3930,-0.941044539110208,0.43851677948819323,1.6210187272810934,"Creature from the Black Lagoon, The (1954)",Adventure|Horror|Sci-Fi,46876,10973.0
780,-8.211887854194803,34.449308767114374,3.528614307880027,Independence Day (a.k.a. ID4) (1996),Action|Adventure|Sci-Fi|Thriller,116629,602.0
415,-1.4745659898748285,1.9172481376802923,2.997884842210075,Another Stakeout (1993),Comedy|Thriller,106292,9409.0
59333,0.7697694467518278,0.9975187608340644,4.538674471024523,Made of Honor (2008),Comedy|Romance,866439,10761.0
1227,0.744001761215485,2.4090519062948803,4.075826211016044,Once Upon a Time in America (1984),Crime|Drama,87843,311.0
2836,0.09718328484242131,0.5161970413485745,3.9552580980448484,Outside Providence (1999),Comedy,125971,14578.0
53519,-0.4598385681334075,4.837337384979425,3.6719300274150726,Death Proof (2007),Action|Adventure|Crime|Horror|Thriller,1028528,1991.0
4322,0.6792488130023511,1.5435808844494217,4.207037728908808,Eight Men Out (1988),Drama,95082,13554.0
140247,-1.01893918121481,0.49617907954808144,1.7134188626907076,The Gift (2015),Drama|Horror,4178092,328425.0
103042,-0.6670664664593777,1.437467509892623,3.30293356520145,Man of Steel (2013),Action|Adventure|Fantasy|Sci-Fi|IMAX,770828,49521.0
111360,-1.8021629282232785,1.9212639367355717,2.8289812578519,Lucy (2014),Action|Sci-Fi,2872732,240832.0
7566,-0.08731257365766756,0.11394494335438751,3.000720449992295,28 Up (1985),Documentary,88650,20561.0
89470,0.17833657478891585,2.0219519176228604,3.8551904968330875,Contagion (2011),Sci-Fi|Thriller|IMAX,1598778,39538.0
87485,0.18725155979461552,0.6546724785887984,4.053013556205626,Bad Teacher (2011),Comedy,1284575,52449.0
6249,-0.03384622377060357,0.28455899244174154,3.648047559984603,Boat Trip (2003),Comedy,285462,9557.0
102686,-0.05770007114719462,0.6755044092594802,3.681572534758595,"Hangover Part III, The (2013)",Comedy,1951261,109439.0
132422,-0.34399038098414453,0.3349380025371933,2.739963264235109,Da Sweet Blood of Jesus (2014),Comedy|Romance|Thriller,3104930,278316.0
169912,-0.011443605534863503,0.33778543608335243,3.733111964038935,Denis Leary: No Cure for Cancer (1993),Comedy,248752,26797.0
64114,-0.860811353897824,0.29610025585718946,0.859828487548608,Fireproof (2008),Drama|Romance,1129423,14438.0
173355,0.6670299517176961,0.7548520770222206,4.650646800957427,Travels of an Ant (1983),Animation,216126,193216.0
3327,0.14390882801321636,0.6053680431791463,4.004711508354247,Beyond the Mat (1999),Documentary,218043,14271.0
6299,0.09863369019914894,0.6416110841712364,3.920718449382336,"Winged Migration (Peuple migrateur, Le) (2001)",Documentary,301727,11516.0
42730,0.4363207497124606,0.29072111323306965,5.267812659683189,Glory Road (2006),Drama,385726,9918.0
2176,0.351864505923945,2.067704219057843,3.937161877062872,Rope (1948),Crime|Drama|Thriller,40746,1580.0
25856,0.06202762763405927,0.49842644783279677,3.891437193917003,Wuthering Heights (1939),Drama|Romance,32145,3084.0
55553,-0.3962435082055212,0.21306710886099592,1.9072780610463087,Black Sheep (2006),Comedy|Horror,779982,3603.0
65810,-0.21256674315003746,0.3052090780163887,3.0705275761569735,Notorious (2009),Drama|Musical,472198,14410.0
1739,-0.591047893297682,0.4127953540491748,2.3351721094439544,3 Ninjas: High Noon On Mega Mountain (1998),Action|Children|Comedy,118539,32302.0
7815,1.200004467419523,0.967642859669854,5.007121870209504,True Stories (1986),Comedy|Musical,92117,24798.0
74851,-0.03102380583875701,0.13152139420147063,3.531106190222017,From Paris with Love (2010),Action|Crime,1179034,26389.0
1128,-0.5025277596220148,0.43851677948819323,2.6210187272810934,"Fog, The (1980)",Horror,80749,790.0
3243,0.18381602810654757,1.326699932349898,3.905541612193438,Encino Man (1992),Comedy,104187,10406.0
86345,0.5353409841969904,2.4103892308246406,3.9890876095503693,Louis C.K.: Hilarious (2010),Comedy,1421373,45523.0
122882,-0.911312888642553,8.561123302204553,3.6605424740220918,Mad Max: Fury Road (2015),Action|Adventure|Sci-Fi|Thriller,1392190,76341.0
1250,1.1832657156715525,6.468907105343496,3.9499061526901262,"Bridge on the River Kwai, The (1957)",Adventure|Drama|War,50212,826.0
4034,2.920737640559408,10.459938749137656,4.046221146299428,Traffic (2000),Crime|Drama|Thriller,181865,1900.0
257,0.1568821938153316,1.301015103054776,3.887574743700062,Just Cause (1995),Mystery|Thriller,113501,9061.0
33836,-2.3487245926605933,2.3869397527749343,2.783000397956247,Bewitched (2005),Comedy|Fantasy|Romance,374536,9722.0
104374,0.5923176091053146,3.2426508855700975,3.949654916597274,About Time (2013),Drama|Fantasy|Romance,2194499,122906.0
1186,2.1094439286146907,3.652841397313338,4.3444705865101545,"Sex, Lies, and Videotape (1989)",Drama,98724,1412.0
4262,1.5551122588524877,12.902461632778198,3.8875186294283806,Scarface (1983),Action|Crime|Drama,86250,111.0
1569,-0.8272767102954528,3.655674618256603,3.5406909630440295,My Best Friend's Wedding (1997),Comedy|Romance,119738,8874.0
2153,-1.572146718272466,2.1208280473761145,3.0257011894806296,"Avengers, The (1998)",Action|Adventure,118661,9320.0
2418,-0.11457522952600718,1.15047669732652,3.6674009386118325,Nothing in Common (1986),Comedy,91653,29968.0
6617,0.7048008716893005,1.4341045419202967,4.258447399922818,Open Range (2003),Western,316356,2055.0
1841,-0.01178646391512919,0.014948685941139463,2.9785287528005977,"Gingerbread Man, The (1998)",Drama|Thriller,119196,12488.0
4623,0.9742516239762532,2.8895475770480967,4.104154362106586,Major League (1989),Comedy,97815,9942.0
115680,0.09308873747724392,0.6736506164695563,3.905175776736936,Time Lapse (2014),Crime|Drama|Sci-Fi|Thriller,2669336,273271.0
58103,0.19594296428713592,2.131505263464049,3.8589173287627125,Vantage Point (2008),Action|Drama|Thriller,443274,7461.0
6686,-0.839372200265043,0.7510183891804054,2.6493449547996573,"Medallion, The (2003)",Action|Comedy|Crime|Fantasy,288045,10610.0
299,1.4108873442172274,1.1867947452147927,4.955811989290363,Priest (1994),Drama,110889,40156.0
3097,0.4933546253588387,0.3349380025371933,5.239963264235109,"Shop Around the Corner, The (1940)",Comedy|Drama|Romance,33045,20334.0
62008,0.15841662282164543,0.3349380025371933,4.239963264235109,Dead Fury (2008),Action|Animation|Comedy|Horror,1282036,37776.0
167018,0.32918926409464805,0.33778543608335243,4.741541674861211,Why Him? (2016),Comedy,4501244,356305.0
158402,-1.2201002408378554,0.7548520770222206,2.1506468009574267,The Crew (2016),Action,5653294,380111.0
171631,-0.00666237740715098,0.002847433546159135,1.4272070095283897,Maria Bamford: Old Baby,(no genres listed),6264596,455601.0
174909,0.10991604060888688,0.12088327304214612,4.676264484810523,Logan Lucky (2017),Comedy,5439796,399170.0
27839,-0.832613316159535,0.6147430966077871,2.4125817248968087,"Ring Two, The (2005)",Drama|Horror|Mystery|Thriller,377109,10320.0
70334,0.12052513459090264,0.4832217024063165,4.016410244858424,Hannah Montana: The Movie (2009),Comedy|Drama|Musical|Romance,1114677,18126.0
91978,-0.059962204141843105,0.3052090780163887,3.5705275761569735,Man on a Ledge (2012),Crime|Thriller,1568338,49527.0
1497,-0.03102380583875701,0.13152139420147063,3.531106190222017,Double Team (1997),Action,119013,9405.0
6379,0.034736891261978306,0.13152139420147063,4.031106190222017,Wrong Turn (2003),Horror|Thriller,295700,9902.0
34528,-0.06401098013382155,0.43851677948819323,3.6210187272810934,Junebug (2005),Comedy|Drama,418773,1444.0
1220,0.7064812274939338,12.649632731641269,3.8228402311364196,"Blues Brothers, The (1980)",Action|Comedy|Musical,80455,525.0
1222,7.253952192477674,21.924944664532116,4.097844133927124,Full Metal Jacket (1987),Drama|War,93058,600.0
2987,3.9952243261271776,15.835745883821163,4.019281806637421,Who Framed Roger Rabbit? (1988),Adventure|Animation|Children|Comedy|Crime|Fantasy|Mystery,96438,856.0
1225,3.295796279197265,11.485271691861671,4.053948786247729,Amadeus (1984),Drama,86879,279.0
40629,-0.7181290845291733,7.431321210054068,3.670354839203141,Pride & Prejudice (2005),Drama|Romance,414387,4348.0
109853,-0.6353811769806094,0.8807263839335178,3.0455617198335645,Barefoot (2014),Comedy|Drama|Romance,2355495,242042.0
140110,-1.4691532786212917,1.6036128807214953,2.850838209744624,The Intern (2015),Comedy,2361509,257211.0
68237,-0.6308538837902756,5.972328803551139,3.661360828360634,Moon (2009),Drama|Mystery|Sci-Fi|Thriller,1182345,17431.0
1299,1.4940248189177618,3.064572501722876,4.254505211557817,"Killing Fields, The (1984)",Drama|War,87553,625.0
57640,-0.1490732764131497,1.6711287933507424,3.677785152193084,Hellboy II: The Golden Army (2008),Action|Adventure|Fantasy|Sci-Fi,411477,11253.0
64,-0.5078715186555223,0.5880959275849076,2.9034041060267395,Two if by Sea (1996),Comedy|Romance,118002,19760.0
1603,-2.587125597720372,2.322904598046552,2.6532443372113255,Mimic (1997),Horror|Sci-Fi|Thriller,119675,4961.0
3056,0.4807266731384368,0.34520005231493467,5.15959342070737,Oxygen (1999),Crime|Drama|Thriller,160620,18561.0
96588,0.3325000481868849,2.6861056293362724,3.8907754635783283,Pitch Perfect (2012),Comedy|Musical,1981677,114150.0
3181,1.2639759985734569,1.39767370798241,4.671332979655444,Titus (1999),Drama,120866,12524.0
227,-3.5859398107066296,3.35093861495855,2.696860329853999,Drop Zone (1994),Action|Thriller,109676,4954.0
113374,0.19709822322228226,0.8985360176309931,3.9863451299718133,"Old Lady and the Pigeons, The (La vieille dame et les pigeons) (1997)",Animation|Comedy,127710,48347.0
179073,0.19709822322228226,0.8985360176309931,3.9863451299718133,Male Hunt (1964),Comedy,57936,4835.0
96861,0.12386648849797838,0.5355883603364413,3.998262099372695,Taken 2 (2012),Action|Crime|Drama|Thriller,1397280,82675.0
47970,-0.14428504533486133,0.11394494335438751,2.500720449992295,"Last Kiss, The (2006)",Comedy|Drama,434139,7511.0
4476,-0.026018924031830235,0.05281164506088962,3.2743162985881433,Big Business (1988),Comedy,94739,12710.0
2131,1.0381107731673773,1.038598795440997,4.766520405993867,Autumn Sonata (Höstsonaten) (1978),Drama,77711,12761.0
109633,0.6670299517176961,0.7548520770222206,4.650646800957427,"Garden of Words, The (Koto no ha no niwa) (2013)",Animation|Romance,2591814,198375.0
163112,0.6670299517176961,0.7548520770222206,4.650646800957427,Winnie the Pooh Goes Visiting (1971),Animation,211730,36163.0
4247,-2.1741494487308572,2.332425689418477,2.834849362359523,Joe Dirt (2001),Adventure|Comedy|Mystery|Romance,245686,10956.0
87867,0.003303640004405993,0.002847433546159135,4.92720700952839,Zookeeper (2011),Comedy,1222817,38317.0
4130,-0.3595548722005441,0.21835316125539117,2.1203236245954695,Maid to Order (1987),Comedy|Fantasy,93476,2608.0
42009,-0.7985391578021622,0.7739428156393862,2.735209723414296,Cheaper by the Dozen 2 (2005),Adventure|Comedy,452598,9641.0
5610,0.2002778810398297,0.11065808480943447,5.5768705307830935,"Banger Sisters, The (2002)",Comedy|Drama,280460,9034.0
27899,-0.8586607115498712,0.5277933064494101,2.1401020737394774,What the #$*! Do We Know!? (a.k.a. What the Bleep Do We Know!?) (2004),Comedy|Documentary|Drama,399877,8357.0
2984,-0.09435359683007555,0.09217201077620096,2.7433216522088815,On Any Sunday (1971),Documentary,67527,29251.0
3806,-0.06401098013382155,0.43851677948819323,3.6210187272810934,Mackenna's Gold (1969),Western,64615,18118.0
4465,-0.009021523376752605,0.7471365586137928,3.754915492789564,"Accused, The (1988)",Drama,94608,10868.0
1298,-0.26456843230557836,3.4967594180852206,3.6913292575240892,Pink Floyd: The Wall (1982),Drama|Musical,84503,12104.0
1733,0.020860377207525302,0.257323904172654,3.848056903688197,Afterglow (1997),Drama|Romance,118566,26941.0
8870,-0.5636149292086651,1.368209654100969,3.3550542056488473,"Forgotten, The (2004)",Drama|Mystery|Sci-Fi|Thriller,356618,10145.0
1252,0.9273755745860658,14.332281606949786,3.8316956605828434,Chinatown (1974),Crime|Film-Noir|Mystery|Thriller,71315,829.0
1375,-4.566179378149833,9.029894925293393,3.261316701931696,Star Trek III: The Search for Spock (1984),Action|Adventure|Sci-Fi,88170,157.0
55118,2.096189490362234,3.0998956980328862,4.443203201165015,Eastern Promises (2007),Crime|Drama|Thriller,765443,2252.0
168252,0.09271585457924975,3.5156806251988,3.7933623837425237,Logan (2017),Action|Sci-Fi,3315342,263115.0
1973,-0.604655688744815,0.902897132831019,3.0973063740600435,"Freddy's Dead: The Final Nightmare (Nightmare on Elm Street Part 6: Freddy's Dead, A) (1991)",Horror,101917,11284.0
1050,0.06748182024512037,0.4546952479795765,3.9154013875842852,Looking for Richard (1996),Documentary|Drama,116913,42314.0
51935,1.3495951068147556,4.072331911495869,4.09839626114513,Shooter (2007),Action|Drama|Thriller,822854,7485.0
87306,0.21182253048979538,1.7571454809349238,3.88753951885204,Super 8 (2011),Mystery|Sci-Fi|Thriller|IMAX,1650062,37686.0
3694,-0.8960943146027412,0.34923073376900454,1.201081200353045,"Toxic Avenger, Part II, The (1989)",Comedy|Horror,98503,28165.0
7247,0.6800806871678737,1.6857171543367695,4.170427300500762,Chitty Chitty Bang Bang (1968),Adventure|Children|Comedy|Fantasy|Musical,62803,11708.0
7127,-0.2374683259299703,0.4564154453807231,3.2467004361896725,Run (1991),Action|Drama|Thriller,102818,48129.0
936,0.697353344038538,0.6714963660168595,4.805496796033048,Ninotchka (1939),Comedy|Romance,31725,1859.0
53355,-0.5114593822527412,0.3349380025371933,2.239963264235109,Sun Alley (Sonnenallee) (1999),Comedy|Romance,177242,2241.0
78620,-0.34399038098414453,0.3349380025371933,2.739963264235109,"Scalphunters, The (1968)",Comedy|Western,63557,32068.0
130452,-0.17652137971554788,0.3349380025371933,3.239963264235109,While We're Young (2014),Comedy|Drama,1791682,252512.0
139157,-0.34399038098414453,0.3349380025371933,2.739963264235109,Massu Engira Maasilamani (2015),Comedy|Horror|Thriller,4328798,329134.0
6367,0.2903604466456864,1.2035090424999824,4.008251832631644,Down with Love (2003),Comedy|Romance,309530,10720.0
6185,-0.14512147675367867,0.29072111323306965,3.2678126596831887,Dark Blue (2003),Action|Crime|Drama|Thriller,279331,4911.0
764,0.08733410303090479,0.2837467184187765,4.074779235985754,Heavy (1995),Drama|Romance,113280,22621.0
31038,0.08733410303090479,0.2837467184187765,4.074779235985754,Smooth Talk (1985),Drama|Romance,90037,33766.0
6568,0.07385733427542816,0.2943351543717058,4.017919659291876,Camp (2003),Comedy|Musical,342167,33339.0
504,0.08735226813444577,0.36675986552339207,4.005163211327389,No Escape (1994),Action|Drama|Sci-Fi,110678,10447.0
7319,-1.004375150019518,0.6029676852874424,2.1012705942924397,Club Dread (2004),Comedy|Horror,331953,11217.0
71252,-0.6043074190185721,0.4832217024063165,2.516410244858424,"Final Destination, The (Final Destination 4) (Final Destination in 3-D, The) (2009)",Horror|Thriller,1144884,19912.0
886,-0.27594516149326287,0.25139321721238833,2.6693267800778546,Bulletproof (1996),Action|Comedy|Crime,115783,10723.0
1255,0.08949509313476664,0.25139321721238833,4.122986742268836,Bad Taste (1987),Comedy|Horror|Sci-Fi,92610,9964.0
54648,-0.16254520004022763,0.13152139420147063,2.531106190222017,Rush Hour 3 (2007),Action|Comedy|Crime|Thriller,293564,5174.0
65126,0.034736891261978306,0.13152139420147063,4.031106190222017,Choke (2008),Comedy|Drama,1024715,13973.0
2286,-0.5025277596220148,0.43851677948819323,2.6210187272810934,"Fiendish Plot of Dr. Fu Manchu, The (1980)",Comedy,80731,3486.0
3440,-2.115815720467306,2.8284393180237086,3.0189396942475,Teenage Mutant Ninja Turtles III (1993),Action|Adventure|Children|Comedy|Fantasy,108308,1499.0
4006,0.1392738621751843,0.5056019257727511,4.042451785919857,Transformers: The Movie (1986),Adventure|Animation|Children|Sci-Fi,92106,1857.0
904,8.389634750231131,14.760781102274999,4.335363651188061,Rear Window (1954),Mystery|Thriller,47396,567.0
2150,-0.8860950260565883,5.858774992283652,3.615747919397091,"Gods Must Be Crazy, The (1980)",Adventure|Comedy,80801,8393.0
41,0.020657705991832698,3.648076498441357,3.7726529208700015,Richard III (1995),Drama|War,114279,31174.0
50872,1.854737482587971,15.121522220428245,3.889645765727685,Ratatouille (2007),Animation|Children|Drama,382932,2062.0
69757,0.01582912997733628,7.702086379579181,3.769045465561311,(500) Days of Summer (2009),Comedy|Drama|Romance,1022603,19913.0
104879,1.3575319611093166,3.1958284836120856,4.191772775075211,Prisoners (2013),Drama|Mystery|Thriller,1392214,146233.0
144210,0.12299376161365849,0.45905478312309717,4.034918578114725,Just Eat It: A Food Waste Story (2014),Documentary,3597400,259985.0
931,-0.04202205788826249,1.0067115691443,3.7252483870502067,Spellbound (1945),Mystery|Romance|Thriller,38109,4174.0
2041,0.3152328406685194,0.616064489728245,4.278678346529813,Condorman (1981),Action|Adventure|Children|Comedy,82199,19379.0
6345,-0.11831735560750947,0.5351586987431056,3.5459019376851613,"Chorus Line, A (1985)",Comedy|Drama|Musical,88915,1816.0
4017,0.8800662522358231,1.6892046690406939,4.287984738155073,Pollock (2000),Drama,183659,12509.0
122916,-1.7410219594476328,3.9350631054849208,3.3245521618657117,Thor: Ragnarok (2017),Action|Adventure|Sci-Fi,3501632,284053.0
39381,0.006048084872016621,0.3085174309665264,3.7865939968066464,"Proposition, The (2005)",Crime|Drama|Western,421238,16608.0
92535,1.3114379543265222,2.464497673557832,4.29912224188122,Louis C.K.: Live at the Beacon Theater (2011),Comedy,2112999,80379.0
5291,0.790196895482771,4.189211268230225,3.9556169431274637,Rashomon (Rashômon) (1950),Crime|Drama|Mystery,42876,548.0
1326,-1.6067146620721395,0.4564154453807231,0.24670043618967252,Amityville II: The Possession (1982),Horror,83550,16235.0
5265,0.015442687541507419,1.182551401755775,3.7800490788282235,Death to Smoochy (2002),Comedy|Crime|Drama,266452,9275.0
3675,-0.003279554120983204,0.46665394880899724,3.7599624837629104,White Christmas (1954),Comedy|Musical|Romance,47673,13368.0
8985,-2.1708676578769994,2.0338971174840084,2.6996464029132365,Blade: Trinity (2004),Action|Fantasy|Horror|Thriller,359013,36648.0
50601,0.38693173329684527,0.9404957542420016,4.178402816572998,Bridge to Terabithia (2007),Adventure|Children|Fantasy,398808,1265.0
1189,0.1710960577904977,1.2538078242869632,3.903451441429068,"Thin Blue Line, The (1988)",Documentary,96257,14285.0
154,0.9006059557154906,3.170618747348586,4.051037673644082,Beauty of the Day (Belle de jour) (1967),Drama,61395,649.0
70697,-0.009052378446951226,0.3349380025371933,3.739963264235109,G-Force (2009),Action|Adventure|Children|Fantasy,436339,19585.0
83969,-0.5114593822527412,0.3349380025371933,2.239963264235109,Down Argentine Way (1940),Comedy|Drama|Romance,32410,43810.0
1321,-1.1102173933906814,3.3073212544834707,3.4313055155888783,"American Werewolf in London, An (1981)",Comedy|Horror|Thriller,82010,814.0
40870,-0.1866615820289126,0.8278035376934381,3.5415000951837046,C.R.A.Z.Y. (2005),Drama,401085,11421.0
425,0.08733410303090479,0.2837467184187765,4.074779235985754,Blue Sky (1994),Drama|Romance,109306,57834.0
3341,0.5449565257799291,0.6751709836091891,4.574128836918843,Born Yesterday (1950),Comedy,42276,24481.0
1979,0.1627148232627019,0.5576970805160844,4.0587523049921135,Friday the 13th Part VI: Jason Lives (1986),Horror,91080,10225.0
7366,0.09337063199870972,1.1131695444405838,3.8508684681894723,Jersey Girl (2004),Comedy|Drama|Romance,300051,9541.0
6588,0.29061254190162233,0.5946145621735813,4.255731335274419,And Now... Ladies and Gentlemen... (2002),Romance|Thriller,283883,50350.0
3573,0.8240967445415005,0.4516684080660147,5.591551694770908,Carnosaur 2 (1995),Horror|Sci-Fi,112634,65460.0
7072,-0.066970751875756,0.5277933064494101,3.6401020737394774,Stagecoach (1939),Action|Drama|Romance|Western,31971,995.0
71254,0.09529982171103785,0.9199521746241759,3.87058243913653,Gamer (2009),Action|Sci-Fi|Thriller,1034032,18501.0
86817,-0.21509121776694864,0.9047310324318485,3.5292497804842533,Something Borrowed (2011),Comedy|Drama|Romance,491152,49022.0
4110,-0.06401098013382155,0.43851677948819323,3.6210187272810934,"Fourth Protocol, The (1987)",Thriller,93044,4918.0
5428,-0.941044539110208,0.43851677948819323,1.6210187272810934,Cheech & Chong's The Corsican Brothers (1984),Comedy,87042,14774.0
42418,0.37450579935437167,0.43851677948819323,4.621018727281093,"New World, The (2005)",Adventure|Drama|Romance,402399,11400.0
4902,0.40359685391800054,0.6197014033380664,4.418266618448095,"Devil's Backbone, The (Espinazo del diablo, El) (2001)",Drama|Fantasy|Horror|Thriller|War,256009,1433.0
347,0.5786662411175252,1.2613820088115724,4.225746034625499,Bitter Moon (1992),Drama|Film-Noir|Romance,104779,10497.0
455,-5.023906977600226,5.7248855042869335,2.8894344041027855,Free Willy (1993),Adventure|Children|Drama,106965,1634.0
119145,3.2378453926264528,7.867381549696251,4.1785434074004355,Kingsman: The Secret Service (2015),Action|Adventure|Comedy|Crime,2802144,207703.0
2410,-2.3856364281494584,3.4716245221474713,3.079808710152162,Rocky III (1982),Action|Drama,84602,1371.0
1688,-0.9262156919754287,2.879339057126065,3.445313797594903,Anastasia (1997),Adventure|Animation|Children|Drama|Musical,118617,9444.0
1035,2.4422170129842007,8.985058585854153,4.038798982284938,"Sound of Music, The (1965)",Musical|Romance,59742,15121.0
119141,-1.5043909852541548,2.643171865643349,3.197829047981429,The Interview (2014),Action|Comedy,2788710,228967.0
3256,1.127111246267709,5.63698965396903,3.966939433527122,Patriot Games (1992),Action|Crime|Drama|Thriller,105112,9869.0
63062,0.5816291267636089,1.9310727148734728,4.068185125762047,Changeling (2008),Crime|Drama|Mystery,824747,3580.0
3285,-0.7661696970760363,5.56460775177426,3.629304091038635,"Beach, The (2000)",Adventure|Drama,163978,1907.0
484,-0.017704205276190203,0.039574105911483956,3.319621870209504,Lassie (1994),Adventure|Children,110305,29918.0
26680,0.7877413674347313,0.8204757593226464,4.727093449075184,Cry-Baby (1990),Comedy|Musical|Romance,99329,9768.0
52245,-2.0218615191296174,2.3856889412255216,2.919494423636161,Blades of Glory (2007),Comedy|Romance,445934,9955.0
77800,0.7175234219295764,0.6088651701718434,4.945450576200205,Four Lions (2010),Comedy|Drama,1341167,37495.0
40962,-0.7066869487995584,0.8181597049435099,2.903238453412395,"Yours, Mine and Ours (2005)",Comedy|Romance,443295,13499.0
66943,-0.5114593822527412,0.3349380025371933,2.239963264235109,"Cottage, The (2008)",Comedy|Crime|Horror|Thriller,465430,13849.0
93022,-0.5114593822527412,0.3349380025371933,2.239963264235109,Miss Nobody (2010),Comedy|Crime,1129427,51875.0
176805,-0.17652137971554788,0.3349380025371933,3.239963264235109,Little Boxes (2017),Comedy|Drama,5030402,390407.0
1529,0.05580526000380804,1.5946145491972037,3.8019863723099996,Nowhere (1997),Comedy|Drama,119809,1811.0
59022,0.18758242217068477,1.2188998640275244,3.920885149819975,Harold & Kumar Escape from Guantanamo Bay (2008),Adventure|Comedy,481536,13335.0
80572,0.027489413673744318,0.29610025585718946,3.859828487548608,I'm Still Here (2010),Comedy|Drama,1356864,43939.0
138835,0.6670299517176961,0.7548520770222206,4.650646800957427,Return to Treasure Island (1988),Adventure|Animation|Comedy,122227,49418.0
112515,-0.0303073684516391,0.6555371546576814,3.7207574145498077,"Babadook, The (2014)",Drama|Horror|Thriller,2321549,242224.0
2847,-0.1871855962823391,0.49842644783279677,3.391437193917003,Only Angels Have Wings (1939),Adventure|Drama|Romance,31762,43832.0
2810,0.7112825143138526,0.5807306604208037,4.991796492812524,Perfect Blue (1997),Animation|Horror|Mystery|Thriller,156887,10494.0
33896,0.13055185389304885,0.5807306604208037,3.9917964928125236,3 Extremes (Three... Extremes) (Saam gaang yi) (2004),Horror,420251,33908.0
5572,-0.8032727592032625,0.6943420414423486,2.6101069236143504,Barbershop (2002),Comedy,303714,10611.0
160718,0.24524687387454558,0.3052090780163887,4.570527576156973,Piper (2016),Animation,5613056,399106.0
2365,-0.5025277596220148,0.43851677948819323,2.6210187272810934,King Kong vs. Godzilla (Kingukongu tai Gojira) (1962),Action|Sci-Fi,56142,1680.0
1136,9.603566004253306,23.525470015149654,4.175210233225842,Monty Python and the Holy Grail (1975),Adventure|Comedy|Fantasy,71853,762.0
4308,-0.7719149483076484,5.634056369353565,3.629981554092505,Moulin Rouge (2001),Drama|Musical|Romance,203009,824.0
15,0.051149882015095675,0.7702544325582431,3.833396766646136,Cutthroat Island (1995),Action|Adventure|Romance,112760,1408.0
43,-0.00890720949369854,0.6150844656549111,3.75250901268812,Restoration (1995),Drama,114272,35196.0
2420,-0.7491701262714404,6.474343169076374,3.6512766031385704,"Karate Kid, The (1984)",Drama,87538,1885.0
3686,-1.8395645351224386,3.008487852190592,3.1555321017989533,Flatliners (1990),Horror|Sci-Fi|Thriller,99582,1551.0
5171,-2.009361196578012,5.1589504609491454,3.377499984699214,"Time Machine, The (2002)",Action|Adventure|Sci-Fi,268695,2135.0
3638,0.495765323824679,3.95144637200764,3.892454558558466,Moonraker (1979),Action|Adventure|Sci-Fi|Thriller,79574,698.0
4235,0.45869346973008884,4.684835880707021,3.864900544985019,Amores Perros (Love's a Bitch) (2000),Drama|Thriller,245712,55.0
1253,0.997736127866204,3.981461874634304,4.01758571557669,"Day the Earth Stood Still, The (1951)",Drama|Sci-Fi|Thriller,43456,828.0
60389,0.1906469023357536,0.19457248761213886,4.746814852665645,Battle for Haditha (2007),War,870211,14111.0
4629,-1.1797314749667094,0.6830830632428204,2.0399214493468714,Next of Kin (1989),Action|Crime|Thriller,97967,27418.0
1151,-0.09058417486050303,0.5859295562694636,3.6123912035539814,Lesson Faust (1994),Animation|Comedy|Drama|Fantasy,109781,18919.0
4015,-0.3175661161347326,5.534617526964582,3.7096121409947407,"Dude, Where's My Car? (2000)",Comedy|Sci-Fi,242423,8859.0
41571,-0.4036952372634053,1.6887701688470274,3.527943412823361,Memoirs of a Geisha (2005),Drama|Romance,397535,1904.0
68659,0.19347530855113368,0.7540920239079696,4.023557530295479,Fanboys (2009),Adventure|Comedy|Drama,489049,13532.0
80860,0.18160057875538074,0.44888294589158084,4.17155139214041,Life as We Know It (2010),Comedy|Romance,1055292,38408.0
69469,-0.5114593822527412,0.3349380025371933,2.239963264235109,Garfield's Pet Force (2009),Animation,1389762,19508.0
158398,-0.5114593822527412,0.3349380025371933,2.239963264235109,World of Glory (1991),Comedy,102083,44238.0
181065,-0.176065173257301,0.33778543608335243,3.2457565302723492,Jack Whitehall: At Large (2017),Comedy,7539884,479269.0
4534,-0.14512147675367867,0.29072111323306965,3.2678126596831887,Return to Snowy River (a.k.a. The Man From Snowy River II) (1988),Adventure|Drama|Western,95993,13965.0
5420,-0.15181621593884703,0.885335675406651,3.5955115853248483,Windtalkers (2002),Action|Drama|War,245562,12100.0
45081,-1.361868343835992,0.935156920050656,2.3106910171657398,Silent Hill (2006),Fantasy|Horror|Thriller,384537,588.0
1827,-0.47075744746570086,1.175345222594385,3.366463332530318,"Big One, The (1997)",Comedy|Documentary,124295,1774.0
2346,-0.10594420974800212,0.6105021318386356,3.5934541081386926,"Stepford Wives, The (1975)",Mystery|Sci-Fi|Thriller,73747,12223.0
3434,-0.6461674629123384,0.36675986552339207,2.005163211327389,Death Wish 5: The Face of Death (1994),Action|Drama,109578,34746.0
91483,-0.05416148533612526,0.03250989515973905,2.100990291262136,Bullet to the Head (2012),Action|Crime|Film-Noir,1308729,70074.0
5667,0.034736891261978306,0.13152139420147063,4.031106190222017,Tuck Everlasting (2002),Drama|Fantasy,283084,13768.0
34323,0.321505695073724,0.5700381736896638,4.330997597988151,"Devil's Rejects, The (2005)",Action|Crime|Horror,395584,1696.0
3527,-2.5969058471212674,9.076727997917487,3.480884345626541,Predator (1987),Action|Sci-Fi|Thriller,93773,106.0
8798,3.4228188535343373,9.026157802958863,4.146201349638747,Collateral (2004),Action|Crime|Drama|Thriller,369339,1538.0
262,0.2707555884537225,3.1261139463303182,3.8536012059959246,"Little Princess, A (1995)",Children|Drama,113670,19101.0
6333,-1.1395339095650105,14.641594858927366,3.689161754101773,X2: X-Men United (2003),Action|Adventure|Sci-Fi|Thriller,290334,36658.0
8865,-4.260845735718929,3.145717500006033,2.4124993887221726,Sky Captain and the World of Tomorrow (2004),Action|Adventure|Sci-Fi,346156,5137.0
511,0.10972273689737633,0.5015896543880061,3.985740291262136,"Program, The (1993)",Action|Drama,107889,18133.0
6787,0.6182377482831981,3.2989989682674743,3.954391910429018,All the President's Men (1976),Drama|Thriller,74119,891.0
44555,1.8469383666986867,7.820993066298369,4.003141679077243,"Lives of Others, The (Das leben der Anderen) (2006)",Drama|Romance|Thriller,405094,582.0
3040,0.7186151204596943,1.0545812692164382,4.448412521521954,Meatballs (1979),Comedy,79540,14035.0
3835,-0.5653460902321191,0.6005547816672225,2.825617235064597,"Crush, The (1993)",Thriller,106627,33408.0
2565,0.2908637619668634,1.431120844307591,3.970232220917343,"King and I, The (1956)",Drama|Musical|Romance,49408,16520.0
4638,-2.2334973768234248,4.8365845325824175,3.3051980157881697,Jurassic Park III (2001),Action|Adventure|Sci-Fi|Thriller,163025,331.0
6166,-0.31396738168794985,0.9440195966247016,3.434404630105815,Dennis the Menace (1993),Comedy,106701,12139.0
61132,-0.6899261178484223,2.979654134909665,3.5354445860860757,Tropic Thunder (2008),Action|Adventure|Comedy|War,942385,7446.0
60735,-0.10121182908245467,0.19457248761213886,3.246814852665645,Shotgun Stories (2007),Drama|Thriller,952682,12247.0
3824,-0.7658411399831733,0.6815288383787832,2.643279749819823,Autumn in New York (2000),Drama|Romance,174480,10641.0
5220,-0.27438495597664236,1.205081907353432,3.5393004103483654,Showtime (2002),Action|Comedy,284490,5851.0
37545,0.19709822322228226,0.8985360176309931,3.9863451299718133,Woyzeck (1979),Drama,80149,10319.0
136305,-1.599973812039704,0.8985360176309931,1.9863451299718133,Sharknado 3: Oh Hell No! (2015),Horror|Sci-Fi,3899796,331446.0
6659,0.5107809157155534,1.6703981408050659,4.0727742257853015,Tremors (1990),Comedy|Horror|Sci-Fi,100814,9362.0
2385,0.16875200180931443,0.13860934302140804,4.984455132598631,Home Fries (1998),Comedy|Romance,119304,12257.0
74946,0.0913497510661379,0.8134775295307115,3.879285650076579,She's Out of My League (2010),Comedy,815236,34016.0
51575,0.12969054722859213,0.8210071384896689,3.9249554795638746,Wild Hogs (2007),Adventure|Comedy,486946,11199.0
134847,-0.5114593822527412,0.3349380025371933,2.239963264235109,Ghost Graduation (2012),Comedy,1924273,86541.0
159069,-0.34399038098414453,0.3349380025371933,2.739963264235109,Comedy of the Strict Regime (1993),Comedy,106591,83501.0
172321,0.4933546253588387,0.3349380025371933,5.239963264235109,Late Night with Conan O'Brien: The Best of Triumph the Insult Comic Dog (2004),Comedy,422618,263029.0
3310,0.09319129781871413,1.038598795440997,3.856718199890361,"Kid, The (1921)",Comedy|Drama,12349,10098.0
55261,-0.2853744031539445,0.3405664067222869,2.929049738344797,"Heartbreak Kid, The (2007)",Comedy|Drama|Romance,408839,9038.0
2798,-2.4259175488161118,1.2429923461158487,1.8153149198113672,Problem Child (1990),Children|Comedy,100419,11077.0
2691,0.5879198229884129,0.5946145621735813,4.755731335274418,"Legend of 1900, The (a.k.a. The Legend of the Pianist on the Ocean) (Leggenda del pianista sull'oceano) (1998)",Drama,120731,10376.0
6335,0.5879198229884129,0.5946145621735813,4.755731335274418,"Dancer Upstairs, The (2002)",Crime|Drama|Thriller,118926,20689.0
2741,-0.27940759738894627,0.36675986552339207,3.005163211327389,No Mercy (1986),Action|Crime|Thriller,91637,26789.0
61348,-2.430327734489775,0.9081767633038311,1.0909388520593173,Disaster Movie (2008),Comedy,1213644,13805.0
8939,-0.12108571661225562,0.4832217024063165,3.516410244858424,"Final Cut, The (2004)",Sci-Fi|Thriller,364343,11099.0
33148,-0.3626965678154139,0.4832217024063165,3.016410244858424,King's Ransom (2005),Comedy|Crime,388183,27360.0
81786,0.0007784796055569054,0.03944296668154964,3.7867271333673993,Certified Copy (Copie conforme) (2010),Drama,1020773,48303.0
43549,0.034736891261978306,0.13152139420147063,4.031106190222017,Helter Skelter (2004),Action|Crime|Drama|Horror,383393,45759.0
1904,-0.4405761913878486,0.21112033903603206,1.6801416560264038,Henry Fool (1997),Comedy|Drama,122529,37410.0
48416,-0.2832693698779182,0.43851677948819323,3.1210187272810934,School for Scoundrels (2006),Comedy|Crime,462519,9842.0
1793,0.13014690883803937,0.3552245041226488,4.133369601606963,Welcome to Woop-Woop (1997),Comedy,120491,6970.0
1947,-4.413176410757493,4.990410877149854,2.8826590168645527,West Side Story (1961),Drama|Musical|Romance,55614,1725.0
4741,-0.005567777668782596,0.12260797538270524,3.7215790718744617,Together (Tillsammans) (2000),Comedy|Drama|Romance,203166,742.0
112,-1.6694305939424259,6.367685966855574,3.5048180354957594,Rumble in the Bronx (Hont faan kui) (1995),Action|Adventure|Comedy|Crime,113326,33542.0
105504,1.2387166301072703,2.601748870640362,4.243099513057393,Captain Phillips (2013),Adventure|Drama|Thriller|IMAX,1535109,109424.0
5446,-0.14904706203006393,0.4852936008452085,3.459862684859585,Rabbit-Proof Fence (2002),Adventure|Drama,252444,9555.0
50068,-0.350048929904499,2.9076738791248573,3.6466023301439328,Letters from Iwo Jima (2006),Drama|War,498380,1251.0
125916,-0.8059729208763365,0.2927131779584352,1.0135340700639794,Fifty Shades of Grey (2015),Drama|Romance,2322441,216015.0
6663,0.13012747134652625,1.4263293240804034,3.8582227080326623,"Pink Panther Strikes Again, The (1976)",Comedy|Crime,75066,12268.0
2524,-0.0012604674284378836,0.976273634045225,3.765699190709502,"Towering Inferno, The (1974)",Action|Adventure|Drama|Thriller,72308,5919.0
86290,0.6680490178417626,0.48798189712969725,5.135993981299036,American: The Bill Hicks Story (2009),Comedy|Documentary,1179947,46105.0
4448,-0.16903638687039713,4.427525088867037,3.7288117640990857,"Score, The (2001)",Action|Drama,227445,11371.0
8024,-0.009260603239608754,0.4564154453807231,3.7467004361896725,"Thing Called Love, The (1993)",Comedy|Drama|Romance,108327,27804.0
7541,-0.967056529978505,1.4360600749019317,3.0935807683042995,100 Girls (2000),Comedy|Romance,214388,10035.0
5874,-0.052232004358633996,0.4189278201893713,3.6423100913770505,Friday After Next (2002),Comedy,293815,10426.0
1194,-2.945305084582423,2.3532620532394555,2.515406312109465,Cheech and Chong's Up in Smoke (1978),Comedy,78446,11455.0
130518,-0.34399038098414453,0.3349380025371933,2.739963264235109,The Amazing Screw-On Head (2006),Action|Adventure|Animation|Comedy|Sci-Fi,468445,213110.0
143559,-0.5114593822527412,0.3349380025371933,2.239963264235109,L.A. Slasher (2015),Comedy|Crime|Fantasy,2735292,323792.0
136562,-0.13954968352696603,0.20620743613950301,3.0902461052156243,Steve Jobs (2015),Drama,2080374,321697.0
96737,0.35480495993552413,1.1996904922976488,4.062737371207732,Dredd (2012),Action|Sci-Fi,1343727,49049.0
75985,0.39062151087462427,1.086209242506866,4.126609318230741,Repo Men (2010),Action|Sci-Fi|Thriller,1053424,31867.0
4037,0.3814092538451167,1.8073748566366994,3.9780197035860807,House of Games (1987),Crime|Film-Noir|Mystery|Thriller,93223,26719.0
6279,0.14559963647939098,0.29072111323306965,4.267812659683189,"Good Thief, The (2002)",Crime|Drama,281820,6016.0
269,-0.47205577371391094,0.6369006470743243,3.0258138206739007,My Crazy Life (Mi vida loca) (1993),Drama,107566,32325.0
81512,0.3621359857940609,0.4832217024063165,4.516410244858424,Hereafter (2010),Drama|Fantasy,1212419,44603.0
7368,0.034736891261978306,0.13152139420147063,4.031106190222017,Never Die Alone (2004),Crime|Drama|Thriller,354766,20304.0
38992,0.034736891261978306,0.13152139420147063,4.031106190222017,Two for the Money (2005),Drama,417217,9910.0
3015,-0.06401098013382155,0.43851677948819323,3.6210187272810934,Coma (1978),Thriller,77355,11223.0
3086,0.5750961870411189,0.33860448768361584,5.465420784535679,Babes in Toyland (1934),Children|Comedy|Fantasy|Musical,24852,25898.0
1732,6.7813137962599095,16.377429466028943,4.181054892201259,"Big Lebowski, The (1998)",Comedy|Crime,118715,115.0
60756,-1.2578116155909795,3.8121661731455547,3.437043599942247,Step Brothers (2008),Comedy,838283,12133.0
849,-6.215382037269921,8.370148467334488,3.0244249638338117,Escape from L.A. (1996),Action|Adventure|Sci-Fi|Thriller,116225,10061.0
1263,3.684148200785524,10.286126587636952,4.125157009258156,"Deer Hunter, The (1978)",Drama|War,77416,11778.0
72330,-0.19501798501385045,0.8807263839335178,3.5455617198335645,"Private Lives of Pippa Lee, The (2009)",Drama,1134629,4475.0
2278,-0.6287461588673079,7.565154395262468,3.6838794747451526,Ronin (1998),Action|Crime|Thriller,122690,8195.0
4816,-0.7776094183816147,8.357672512753748,3.6739489071692577,Zoolander (2001),Comedy,196229,9398.0
51357,0.12299376161365849,0.45905478312309717,4.034918578114725,Citizen X (1995),Crime|Drama|Thriller,112681,12554.0
1894,0.11300000381668408,1.8540182322580618,3.8279389927638783,Six Days Seven Nights (1998),Adventure|Comedy|Romance,120828,6068.0
3999,-3.5945345517383234,2.9168413462409575,2.5346522498493815,Vertical Limit (2000),Action|Adventure,190865,11678.0
2841,1.4862269672428103,5.499545598982458,4.037235703449971,Stir of Echoes (1999),Horror|Mystery|Thriller,164181,11601.0
5329,-0.7346994272316657,1.2667743286163513,3.187013723506655,"Salton Sea, The (2002)",Crime|Drama|Thriller,235737,11468.0
8495,-0.10121182908245467,0.19457248761213886,3.246814852665645,Animal Factory (2000),Crime|Drama,204137,9791.0
61248,-0.2237233857683889,0.6313029598299982,3.412606738508582,Death Race (2008),Action|Adventure|Sci-Fi|Thriller,452608,10483.0
2794,0.02293460249623254,1.8761378047233488,3.7792146611556974,European Vacation (aka National Lampoon's European Vacation) (1985),Adventure|Comedy|Romance,89670,11418.0
3766,-1.5231074494988541,1.585132197819709,2.8061193610054467,Missing in Action (1984),Action|War,87727,15379.0
2106,0.4708394585285698,0.7754203234219227,4.374195756874334,Swing Kids (1993),Drama|War,108265,10419.0
175693,-0.2521697855932143,0.8985360176309931,3.4863451299718133,Rick and Morty: State of Georgia Vs. Denver Fenton Allen (2016),Comedy|Crime,5950978,412103.0
2257,-0.009260603239608754,0.4564154453807231,3.7467004361896725,No Small Affair (1984),Comedy|Romance,87810,44772.0
62956,-0.13183190694157737,1.743892783892767,3.6913939540565317,Futurama: Bender's Game (2008),Action|Adventure|Animation|Comedy|Fantasy|Sci-Fi,1054486,13253.0
69654,-0.11615103481353847,0.15273403790441675,3.0065112493459685,Prison Break: The Final Break (2009),Action|Drama|Thriller,1131748,176241.0
5094,0.2304470648517811,0.4160803866432122,4.320842556952777,Rollerball (2002),Action|Sci-Fi,246894,11535.0
8372,-1.6629994838114512,1.256676484431703,2.443658865542416,Garfield: The Movie (2004),Animation|Children|Comedy,356634,8920.0
8016,0.03483676481465899,0.3338523294738158,3.8713381173490924,"Getaway, The (1972)",Action|Crime|Drama|Thriller,68638,5916.0
5619,0.06249999918897639,0.9999999870236222,3.829490291262136,"Trials of Henry Kissinger, The (2002)",Documentary,326306,54714.0
5316,-0.15178262227320422,0.8878887939955049,3.596042506697606,Enigma (2001),Romance|Thriller,157583,10491.0
79428,-0.18201543106893142,0.7912782139688643,3.5369631935160917,Dinner for Schmucks (2010),Comedy,427152,38778.0
182749,-0.0023912270879122774,0.002847433546159135,2.9272070095283897,Judd Apatow: The Return (2017),Comedy,7738550,487156.0
3404,0.6389702807826566,0.6092954900548231,4.8156937384600855,Titanic (1953),Action|Drama,46435,16535.0
5941,-0.6749044607000335,1.4920432419625214,3.314654566854903,Drumline (2002),Comedy|Drama|Musical|Romance,303933,13497.0
122906,0.05936396356623011,0.6984616218662878,3.85198273996334,Black Panther (2017),Action|Adventure|Sci-Fi,1825683,284054.0
43932,-0.832613316159535,0.6147430966077871,2.4125817248968087,Pulse (2006),Action|Drama|Fantasy|Horror|Mystery|Sci-Fi|Thriller,454919,9682.0
4956,0.06705697272183002,0.08970244219838251,4.514539310869979,"Stunt Man, The (1980)",Action|Adventure|Comedy|Drama|Romance|Thriller,81568,42160.0
69251,0.034736891261978306,0.13152139420147063,4.031106190222017,Special (2006),Drama|Fantasy,479162,13856.0
5876,0.40403174691360205,0.4600211650252248,4.645279764946347,"Quiet American, The (2002)",Drama|Thriller|War,258068,8198.0
2494,0.0035102890911864405,0.024664399667020533,3.909312388640413,"Last Days, The (1998)",Documentary,174852,20595.0
1240,6.555778688864873,24.480972930276323,4.034781065245516,"Terminator, The (1984)",Action|Sci-Fi|Thriller,88247,218.0
2019,3.5754864019863906,11.09853888903036,4.089148589551323,Seven Samurai (Shichinin no samurai) (1954),Action|Adventure|Drama,47478,346.0
4967,0.880222561177286,1.1859145292760294,4.50922132009913,No Man's Land (2001),Drama|War,283509,8342.0
775,-0.07978007972918677,0.16161900022557843,3.2733597180137286,Spirits of the Dead (1968),Horror|Mystery,63715,41225.0
45668,-2.1804583018283554,2.1358154507834537,2.7460882741760972,"Lake House, The (2006)",Drama|Fantasy|Romance,410297,2044.0
106696,0.6807404324740856,5.706937926931147,3.886273248460892,Frozen (2013),Adventure|Animation|Comedy|Fantasy|Musical|Romance,2294629,109445.0
56174,-3.0401754093017366,9.542599895371227,3.4484004475470686,I Am Legend (2007),Action|Horror|Sci-Fi|Thriller|IMAX,480249,6479.0
140289,0.12299376161365849,0.45905478312309717,4.034918578114725,Men & Chicken (2015),Comedy|Drama,3877674,296313.0
1330,-0.20967343149143255,0.34520005231493467,3.159593420707371,April Fool's Day (1986),Horror,90655,24913.0
2428,-3.8035710797443563,4.2011393956631915,2.8616237414945283,"Faculty, The (1998)",Horror|Sci-Fi,133751,9276.0
3401,-0.9254392987636066,0.9828243552516371,2.825378197688547,Baby... Secret of the Lost Legend (1985),Adventure|Sci-Fi,88760,19736.0
166492,-0.7430181067209374,1.224000861886997,3.1599497818498685,Office Christmas Party (2016),Comedy,1711525,384682.0
33495,-0.10882897927429344,0.9578317856200189,3.6533701536678853,Kicking & Screaming (2005),Comedy,384642,9981.0
32898,0.9359701452443646,1.6533880946532138,4.333082516234082,"Trip to the Moon, A (Voyage dans la lune, Le) (1902)",Action|Adventure|Fantasy|Sci-Fi,417,775.0
3074,0.5287434984866838,1.185653338101986,4.212941465602104,Jeremiah Johnson (1972),Western,68762,11943.0
3262,-0.7300592973579523,1.2220444770085475,3.169582168159227,Twin Peaks: Fire Walk with Me (1992),Crime|Drama|Mystery|Thriller,105665,1923.0
8605,0.5277777773722658,0.9999999992316617,4.294768069039914,Taxi 3 (2003),Action|Comedy,295721,2334.0
1703,-0.10553303388625566,0.6122262030792502,3.5946144057553298,For Richer or Poorer (1997),Comedy,119142,10371.0
1091,-1.2157102292984183,2.8443870550801007,3.3395835404378595,Weekend at Bernie's (1989),Comedy,98627,8491.0
1132,0.16749286068235753,0.5680205888162422,4.061861399774969,Manon of the Spring (Manon des sources) (1986),Drama,91480,4481.0
26184,0.6154895372968279,1.089790079559414,4.331768360764898,"Diamond Arm, The (Brilliantovaya ruka) (1968)",Action|Adventure|Comedy|Crime|Thriller,62759,20873.0
79684,-0.17652137971554788,0.3349380025371933,3.239963264235109,Paper Man (2009),Comedy|Drama,437405,39414.0
177185,-0.34399038098414453,0.3349380025371933,2.739963264235109,Maz Jobrani: Immigrant (2017),Comedy,7164714,468366.0
86066,-0.08782212530452445,0.7548520770222206,3.6506468009574267,Playing the Victim (Izobrazhaya zhertvu) (2006),Comedy,820096,64484.0
32298,-0.3517828408411309,0.6175905301539463,3.1973849886137256,Guess Who (2005),Comedy|Romance,372237,11638.0
2764,0.5284383510759252,0.7928209929072374,4.433519502526039,"Thomas Crown Affair, The (1968)",Crime|Drama|Romance|Thriller,63688,912.0
5088,0.7405862088989923,0.6494787702890066,4.9072680690399135,"Going Places (Valseuses, Les) (1974)",Comedy|Crime|Drama,72353,4031.0
8973,0.6723368607962105,0.7755412010691183,4.633916329323511,Bad Education (La mala educación) (2004),Drama|Thriller,275491,140.0
4921,0.8467593394326194,1.1922121598872206,4.477232451107847,Little Women (1933),Drama|Romance,24264,39938.0
32666,0.22824844088662782,0.09217201077620096,6.2433216522088815,National Lampoon's Lady Killers (National Lampoon's Gold Diggers) (2003),Comedy,376717,44181.0
96417,0.09264233486635125,0.3052090780163887,4.070527576156973,Premium Rush (2012),Action|Thriller,1547234,49526.0
5462,-0.06401098013382155,0.43851677948819323,3.6210187272810934,"Crocodile Hunter: Collision Course, The (2002)",Adventure|Comedy,305396,17043.0
5048,-0.21794612339880337,2.5626023408743652,3.6819415422141506,Snow Dogs (2002),Adventure|Children|Comedy,281373,11888.0
358,-0.5746571398433147,2.1616189854168883,3.5011445785254454,Higher Learning (1995),Drama,113305,16295.0
366,-1.338641657702374,1.570838195122692,2.9148072581154167,"Wes Craven's New Nightmare (Nightmare on Elm Street Part 7: Freddy's Finale, A) (1994)",Drama|Horror|Mystery|Thriller,111686,11596.0
71579,-1.546447662894601,0.9946713272879053,2.2122579686655026,"Education, An (2009)",Drama|Romance,1174732,24684.0
4007,0.9035344063272274,3.3005042259074857,4.040746767389294,Wall Street (1987),Drama,94291,10673.0
1831,-6.229141003041907,5.501596348566513,2.634747827733353,Lost in Space (1998),Action|Adventure|Sci-Fi,120738,2157.0
1971,-0.8171527169459647,0.902897132831019,2.861956165853192,"Nightmare on Elm Street 4: The Dream Master, A (1988)",Horror|Thriller,95742,10131.0
2036,-0.3064579344309249,0.4767214465164053,3.1241454252081,Blank Check (1994),Children|Comedy,109287,13962.0
4238,-0.322723380260327,4.636576395500674,3.6973864817414954,Along Came a Spider (2001),Action|Crime|Mystery|Thriller,164334,2043.0
2732,1.4455609517271224,1.2069471357167902,4.96469059556637,Jules and Jim (Jules et Jim) (1961),Drama|Romance,55032,1628.0
54995,0.2839595505892454,4.500785720432913,3.830081397621657,Planet Terror (2007),Action|Horror|Sci-Fi,1077258,1992.0
66198,-0.09445334691553567,0.597166645760704,3.6088211309681686,"International, The (2009)",Drama|Thriller,963178,4959.0
74647,0.939989491530713,0.3466159670262506,6.478895053166898,Motherhood (2009),Comedy,1220220,22805.0
1286,-0.7694545750814502,1.1559537618847446,3.1013455220225086,Somewhere in Time (1980),Drama|Romance,81534,16633.0
26974,-1.0743520857947577,1.075379750061727,2.7679459204404893,Gummo (1997),Drama,119237,18415.0
85881,-0.3067563387012939,1.3349379952766012,3.5371995895316535,Win Win (2011),Comedy|Drama,1606392,55725.0
65088,-0.38514379527012205,1.4259829575096696,3.4969002503946522,Bedtime Stories (2008),Adventure|Children|Comedy,960731,10202.0
116799,-0.3305865321067355,0.9516374105148708,3.4196032208779696,Inherent Vice (2014),Comedy|Crime|Drama|Mystery|Romance,1791528,171274.0
40581,-0.11778207660784962,0.48606913595247564,3.5246748099941265,Just Friends (2005),Comedy|Romance,433400,10033.0
155509,0.09441107861439174,0.6523262038351657,3.911720148899816,Mr. Right (2016),Action|Comedy|Romance,2091935,333385.0
142509,0.41584682375448906,0.6494787702890066,4.4072680690399135,Hardcore Henry (2015),Action|Adventure|Sci-Fi,3072482,325348.0
2734,0.24609180173236628,0.7469278975739903,4.096462255733765,"Mosquito Coast, The (1986)",Adventure|Drama|Thriller,91557,11120.0
31445,-0.3626965678154139,0.4832217024063165,3.016410244858424,Employee of the Month (2004),Comedy|Drama,362590,11413.0
45662,-0.88047238898184,0.7884307804227052,2.6502500385416776,"Omen, The (2006)",Horror|Thriller,466909,806.0
51698,-0.3626965678154139,0.4832217024063165,3.016410244858424,"Last Mimzy, The (2007)",Adventure|Children|Sci-Fi,768212,2267.0
69606,-0.3651712821582318,0.3052090780163887,2.5705275761569735,Ghosts of Girlfriends Past (2009),Comedy|Fantasy|Romance,821640,12556.0
1073,5.2513679306308285,18.244893167476953,4.054817020770853,Willy Wonka & the Chocolate Factory (1971),Children|Comedy|Fantasy|Musical,67992,252.0
179,-0.40301808018034363,0.16161900022557843,1.2733597180137286,Mad Love (1995),Drama|Romance,113729,47608.0
189,-0.07978007972918677,0.16161900022557843,3.2733597180137286,Reckless (1995),Comedy|Fantasy,114241,58372.0
207,-1.1158949996727405,1.4461438852955073,2.995355455324136,"Walk in the Clouds, A (1995)",Drama|Romance,114887,9560.0
489,-0.5633480220342407,1.3791869889509967,3.358526445135861,Made in America (1993),Comedy,107478,12121.0
1527,0.1296711117142991,20.34404451948396,3.77336420140523,"Fifth Element, The (1997)",Action|Adventure|Comedy|Sci-Fi,119116,18.0
7254,-0.27875574700915867,7.588315825784382,3.730255427636406,The Butterfly Effect (2004),Drama|Sci-Fi|Thriller,289879,1954.0
85414,-4.389419031470247,6.661710143610135,3.1080875565521087,Source Code (2011),Action|Drama|Mystery|Sci-Fi|Thriller,945513,45612.0
76175,-2.248572899371363,1.8957852538942657,2.58089978087737,Clash of the Titans (2010),Action|Adventure|Drama|Fantasy,800320,18823.0
2354,-0.6843584844118439,1.393300672746857,3.2758124013795102,"Rugrats Movie, The (1998)",Animation|Children|Comedy,134067,14444.0
2413,1.5047864321585727,2.639064838576314,4.337187131507393,Clue (1985),Comedy|Crime|Mystery|Thriller,88930,15196.0
2876,-0.4461749700483783,0.28819914333268454,2.2188421431139878,Thumbelina (1994),Animation|Children|Fantasy,111419,28032.0
59387,-0.5922597411719897,1.826185555691894,3.4426750871877076,"Fall, The (2006)",Adventure|Drama|Fantasy,460791,14784.0
96821,1.362093753804415,3.7911205491952407,4.126275556958462,"Perks of Being a Wallflower, The (2012)",Drama|Romance,1659337,84892.0
2942,0.193555529290581,1.030447990628509,3.954826582905079,Flashdance (1983),Drama|Romance,85549,535.0
7022,2.1308979486335056,7.516196273473851,4.050497782432087,Battle Royale (Batoru rowaiaru) (2000),Action|Drama|Horror|Thriller,266308,3176.0
1635,1.5280231301099247,3.6991536527979783,4.180064003124349,"Ice Storm, The (1997)",Drama,119349,68924.0
6550,-0.8237012766250708,1.8721522279360385,3.3270147036288784,Johnny English (2003),Action|Comedy|Thriller,274166,9486.0
7142,-0.39654279158601746,0.7677806948480581,3.2505110488861706,Honey (2003),Drama|Romance,322589,10028.0
32060,0.15841662282164543,0.3349380025371933,4.239963264235109,"Cat and the Canary, The (1927)",Horror|Mystery,17739,76804.0
139994,-0.17652137971554788,0.3349380025371933,3.239963264235109,Fracchia contro Dracula (1985),Comedy|Horror,128221,30459.0
2817,-0.46594172939606476,0.3338523294738158,2.3713381173490924,Aces: Iron Eagle III (1992),Action,103617,2038.0
147196,0.6670299517176961,0.7548520770222206,4.650646800957427,The Girls (1961),Comedy|Romance,134614,20975.0
4864,-0.8831107168235242,0.6494787702890066,2.407268069039914,Titanica (1992),Documentary|IMAX,105601,45929.0
1950,0.6291000102661537,1.3692642218456699,4.226434129952503,In the Heat of the Night (1967),Drama|Mystery,61811,10633.0
89939,-0.1871855962823391,0.49842644783279677,3.391437193917003,Gigi (1949),Comedy,41414,123723.0
98154,0.560454075466856,0.49842644783279677,4.891437193917003,Lincoln (2012),Drama|War,443272,72976.0
1649,-0.2361505915369849,0.8057349012096133,3.473903084561194,"Fast, Cheap & Out of Control (1997)",Documentary,119107,25099.0
6523,0.04390441933422589,0.09217201077620096,4.2433216522088815,Mr. Baseball (1992),Comedy|Romance,104926,18722.0
109673,-0.059962204141843105,0.3052090780163887,3.5705275761569735,300: Rise of an Empire (2014),Action|Drama|War|IMAX,1253863,53182.0
2149,0.3762350423567034,0.2708644374133104,5.156006309568772,House II: The Second Story (1987),Comedy|Fantasy|Horror,93220,37530.0
1396,-0.6224972744878048,10.12648810095679,3.705518113713338,Sneakers (1992),Action|Comedy|Crime|Drama|Sci-Fi,105435,2322.0
2336,0.16843221934962616,3.0828100247243175,3.8216262299021397,Elizabeth (1998),Drama,127536,4518.0
69951,0.44370879102314736,1.571557003248173,4.049327355782269,"Imaginarium of Doctor Parnassus, The (2009)",Drama|Fantasy,1054606,8054.0
91542,-0.35130365288880344,9.049978742151369,3.728172116888691,Sherlock Holmes: A Game of Shadows (2011),Action|Adventure|Comedy|Crime|Mystery|Thriller,1515091,58574.0
1747,-0.4907966818384976,5.877822142999433,3.683490540861719,Wag the Dog (1997),Comedy,120885,586.0
2267,-0.35479490824511123,0.6359211655480044,3.209067505441087,Mortal Thoughts (1991),Mystery|Thriller,102469,30815.0
2468,-2.4411543107455063,3.190228852709306,3.0017930519881095,Jumpin' Jack Flash (1986),Action|Comedy|Romance|Thriller,91306,10945.0
3717,-3.929992775750006,11.156210171524128,3.4147207736278062,Gone in 60 Seconds (2000),Action|Crime,187078,9679.0
133419,-0.14859215246948793,0.5745220915979904,3.5083541924200707,Pitch Perfect 2 (2015),Comedy,2848292,254470.0
5146,0.46720299385259895,0.906445225955246,4.282413595919341,Vampire Hunter D: Bloodlust (Banpaia hantâ D) (2000),Animation|Fantasy|Horror|Sci-Fi,216651,15999.0
4658,0.6463662320377788,0.8985360176309931,4.486345129971813,Santa Sangre (1989),Drama|Horror|Mystery|Thriller,98253,19236.0
62644,0.1513908901603973,1.6773126110576102,3.8572482963366577,"Wave, The (Welle, Die) (2008)",Drama,1063669,7735.0
103171,-1.599973812039704,0.8985360176309931,1.9863451299718133,Schlussmacher (2013),Comedy,1978524,160085.0
142997,-0.7014377944087109,0.8985360176309931,2.9863451299718133,Hotel Transylvania 2 (2015),Animation|Comedy,2510894,159824.0
68848,0.0019812988672581644,0.024171846180549645,3.84895750437689,"Brothers Bloom, The (2008)",Adventure|Comedy|Crime|Romance,844286,21755.0
1624,-1.923743984568891,0.7109488638624162,1.0611079383209594,"Thousand Acres, A (1997)",Drama,120323,66588.0
109596,-0.17652137971554788,0.3349380025371933,3.239963264235109,Wrinkles (Arrugas) (2011),Animation|Drama,1407052,85444.0
135436,-0.23602317362242983,0.6523262038351657,3.4051725806829825,The Secret Life of Pets (2016),Animation|Comedy,2709768,328111.0
2534,-0.13568953395473987,0.5206051757410965,3.506352210279591,Avalanche (1978),Action,77189,166680.0
27776,0.19692590134894908,0.5277933064494101,4.140102073739477,Red Lights (Feux rouges) (2004),Drama,365190,25500.0
52715,-0.18317639934452526,0.21306710886099592,2.9072780610463087,Kickin It Old Skool (2007),Comedy,772178,13280.0
5573,-0.5245946918930355,0.7346149196187048,3.0528818816952277,Stealing Harvard (2002),Comedy|Crime,265808,12770.0
42732,0.253420082742116,0.9217384818945098,4.041927366929461,Last Holiday (2006),Comedy,408985,17379.0
134214,-0.05661180533104242,0.1887060177701415,3.466990291262136,Youth (2015),Drama,3312830,310593.0
2241,-0.5025277596220148,0.43851677948819323,2.6210187272810934,Class (1983),Comedy,85346,21500.0
3412,-0.1654938324699174,0.2708644374133104,3.156006309568772,"Bear, The (Ours, L') (1988)",Adventure|Children|Drama,95800,2383.0
4518,-2.5169473998824983,1.1709969868167522,1.6175847605744877,The Lair of the White Worm (1988),Comedy|Horror,95488,11347.0
937,0.02165041273181266,0.0389707429172628,4.322545846817691,Love in the Afternoon (1957),Comedy|Romance,50658,18299.0
61,0.21109957280473246,0.28364105600465217,4.511239293075435,Eye for an Eye (1996),Drama|Thriller,116260,17182.0
502,-2.1112745626857023,2.2192794465525765,2.8156569357600376,"Next Karate Kid, The (1994)",Action|Children|Romance,110657,11231.0
5618,3.158800030681982,16.456179946092576,3.958942496514487,Spirited Away (Sen to Chihiro no kamikakushi) (2001),Adventure|Animation|Fantasy,245429,129.0
60397,0.1395672725296592,2.9021751525100288,3.8150808665015217,Mamma Mia! (2008),Comedy|Musical|Romance,795421,11631.0
120466,-0.5551845744486656,2.5195783807436145,3.5466420859069165,Chappie (2015),Action|Thriller,1823672,198184.0
3301,-0.7005365243608276,9.00702134347164,3.6892135771136143,"Whole Nine Yards, The (2000)",Comedy|Crime,190138,2069.0
3784,-0.7033011886149483,2.0776312490426423,3.428479215757749,"Kid, The (2000)",Comedy|Fantasy,219854,4244.0
47566,0.4226262991240965,0.5716746580518313,4.50626794363234,Born to Kill (1947),Crime|Drama|Film-Noir,39211,33813.0
1231,0.6907545512325184,1.9693708203392815,4.117739141655642,"Right Stuff, The (1983)",Drama,86197,9549.0
79242,-0.8059027858119916,0.8347835672316972,2.8015870209455915,"Kids Are All Right, The (2010)",Comedy|Drama,842926,39781.0
140174,0.6585575330965218,1.1595205864292015,4.3349470320083965,Room (2015),Drama,3170832,264644.0
174055,-1.2661709944637343,2.1611180529476828,3.1811032811856963,Dunkirk (2017),Action|Drama|Thriller|War,5013056,374720.0
2067,1.6542594095692522,4.0206536547990055,4.178430706577379,Doctor Zhivago (1965),Drama|Romance|War,59113,907.0
523,-0.06219977651263325,0.5500166127228254,3.653903204301768,Ruby in Paradise (1993),Drama,108000,47889.0
4572,-0.009260603239608754,0.4564154453807231,3.7467004361896725,Black Rain (1989),Action|Crime|Drama,96933,4105.0
91355,-0.5114593822527412,0.3349380025371933,2.239963264235109,Asterix and the Vikings (Astérix et les Vikings) (2006),Adventure|Animation|Children|Comedy|Fantasy,371552,9642.0
167380,-0.34399038098414453,0.3349380025371933,2.739963264235109,A Dog's Purpose (2017),Comedy|Drama,1753383,381289.0
3163,0.21957754674930696,0.26393198409692165,4.598937762504095,Topsy-Turvy (1999),Comedy|Drama|Musical,151568,46435.0
4740,0.0003868984986145746,0.05281164506088962,3.7743162985881433,Maybe Baby (2000),Comedy|Romance,206926,13966.0
108727,0.3807113518165716,1.4043308473112273,4.038088339521556,Nymphomaniac: Volume I (2013),Drama,1937390,110414.0
34520,-0.7401997380935913,0.9227996081703349,2.9648662639652352,"Dukes of Hazzard, The (2005)",Action|Adventure|Comedy,377818,6519.0
174045,0.0018799232313264256,0.002847433546159135,4.42720700952839,Goon: Last of the Enforcers (2017),Comedy,2417712,336890.0
152284,-0.23363194653451755,0.6494787702890066,3.407268069039914,War and Peace (2016),Drama|Romance,3910804,378779.0
4857,0.5184797752850384,0.6666004667431044,4.544787189332492,Fiddler on the Roof (1971),Drama|Musical,67093,14811.0
49910,0.07165395242384742,0.7739428156393862,3.859573297365308,Freedom Writers (2007),Drama,463998,1646.0
1334,0.06291740314995553,0.35689290428348164,3.9432824012895744,"Blob, The (1958)",Horror|Sci-Fi,51418,8851.0
3003,0.5879198229884129,0.5946145621735813,4.755731335274418,Train of Life (Train de vie) (1998),Comedy|Drama|Romance|War,170705,8056.0
3323,0.29061254190162233,0.5946145621735813,4.255731335274419,Chain of Fools (2000),Comedy|Crime,194368,20682.0
461,-0.7081459927880915,0.2800571067111139,1.2384131696018659,Go Fish (1994),Drama|Romance,109913,18620.0
4625,0.5664491356653993,0.27236927080775303,5.846700436189672,Millennium (1989),Drama|Sci-Fi|Thriller,97883,4296.0
7259,-0.3626965678154139,0.4832217024063165,3.016410244858424,You Got Served (2004),Drama|Musical,365957,14114.0
2932,0.0035102890911864405,0.024664399667020533,3.909312388640413,Days of Heaven (1978),Drama,77405,16642.0
1966,-0.9611229581473716,1.905864998184718,3.26269278904513,Metropolitan (1990),Comedy,100142,15389.0
531,-0.3288139214841175,2.259988997712465,3.6214966973477676,"Secret Garden, The (1993)",Children|Drama,108071,11236.0
88,0.282459845277338,1.3458202813429572,3.9768696111037714,Black Sheep (1996),Comedy,115697,13997.0
979,-0.07978007972918677,0.16161900022557843,3.2733597180137286,Nothing Personal (1995),Drama|War,114007,125587.0
31878,-1.1545878118714867,3.647199223073994,3.450421949021057,Kung Fu Hustle (Gong fu) (2004),Action|Comedy,373074,9470.0
47491,0.5388405853681475,1.1085335534121037,4.253074437032535,Adam's Apples (Adams æbler) (2005),Comedy|Drama,418455,1023.0
486,-0.40730627855616464,0.6944307860839392,3.1804577141955837,Life with Mikey (1993),Comedy,107413,42580.0
903,5.424181328922646,14.120589901126912,4.151123062407183,Vertigo (1958),Drama|Mystery|Romance|Thriller,52357,426.0
3398,-0.1883034080803901,1.6113738304796414,3.6501313696893933,"Muppets Take Manhattan, The (1984)",Children|Comedy|Musical,87755,11899.0
3471,2.6247517833718272,6.267249856622695,4.1857946860794595,Close Encounters of the Third Kind (1977),Adventure|Drama|Sci-Fi,75860,840.0
3410,-0.09851872269739083,0.24082354437139974,3.357899382171227,Soft Fruit (1999),Comedy|Drama,180181,117259.0
4211,-0.44091390835345284,1.2319890145731398,3.4091024341969325,Reversal of Fortune (1990),Drama,100486,38718.0
4772,0.09336065852968418,0.19457248761213886,4.246814852665645,Dinner Rush (2000),Drama,229340,22617.0
5632,0.06260663447609285,1.6154832377106891,3.80574441325774,Bloody Sunday (2002),Drama,280491,4107.0
53123,0.46677397457538816,0.3655368484951591,5.043944930710941,Once (2006),Drama|Musical|Romance,907657,5723.0
1487,-0.08509670682555394,0.3092838403128453,3.4918491563762095,Selena (1997),Drama|Musical,120094,16052.0
3334,0.648061762039163,1.8078124282081263,4.1254687218377635,Key Largo (1948),Crime|Drama|Film-Noir|Thriller,40506,11016.0
3426,2.158941292472052,1.2553547127987166,5.486776157727606,Jungle Fever (1991),Drama|Romance,102175,1713.0
5548,0.2189471194507528,0.4564154453807231,4.2467004361896725,Down and Out in Beverly Hills (1986),Comedy,90966,9941.0
2567,-1.2357533903420206,2.4106448977020696,3.2543667225565196,EDtv (1999),Comedy,131369,11374.0
55052,0.4590006317512312,1.2313095809963066,4.13976464373638,Atonement (2007),Drama|Romance|War,783233,4347.0
55444,0.6022158657758246,0.8262961879249688,4.49580385058417,Control (2007),Drama,421082,5708.0
94661,-0.17652137971554788,0.3349380025371933,3.239963264235109,Rocket Singh: Salesman of the Year (2009),Comedy|Drama,1434447,26815.0
6051,-0.9374999878346458,0.9999999870236222,2.829490291262136,"Harder They Come, The (1973)",Action|Crime|Drama,70155,7514.0
159161,0.003303640004405993,0.002847433546159135,4.92720700952839,Ali Wong: Baby Cobra (2016),(no genres listed),5066574,396292.0
179953,0.0004562064582468579,0.002847433546159135,3.9272070095283897,A Bad Moms Christmas (2017),Comedy,6359956,431530.0
86721,0.7405862088989923,0.6494787702890066,4.9072680690399135,Idiots and Angels (2008),Animation|Drama|Fantasy,1013607,42521.0
1949,-0.2617154214583561,0.2602140165728233,2.761220406513777,"Man for All Seasons, A (1966)",Drama,60665,874.0
7614,0.2210249114612811,0.2943351543717058,4.517919659291876,Oklahoma! (1955),Musical|Romance|Western,48445,13936.0
3955,-1.8407617888083965,0.8460077793859697,1.5911689410797338,"Ladies Man, The (2000)",Comedy,213790,16888.0
4770,-0.7223950179710054,1.0778362645798978,3.096763243137559,"Glass House, The (2001)",Thriller,221218,2176.0
4808,-0.6908252614081154,0.4632355980287654,2.275685943436049,"Vanishing, The (1993)",Mystery|Thriller,108473,1644.0
31431,-0.8459182702217304,0.4832217024063165,2.016410244858424,Boogeyman (2005),Drama|Horror|Mystery|Thriller,357507,8968.0
113345,-0.6100195198515366,0.33860448768361584,1.9654207845356788,Jupiter Ascending (2015),Action|Adventure|Sci-Fi,1617661,76757.0
2657,-1.134522943579026,8.852279262330109,3.6388286156124687,"Rocky Horror Picture Show, The (1975)",Comedy|Horror|Musical|Sci-Fi,73629,36685.0
1124,3.2313927416428,1.962259496047665,5.413761652619486,On Golden Pond (1981),Drama,82846,11816.0
94070,-1.0757443689473682,0.8807263839335178,2.5455617198335645,"Best Exotic Marigold Hotel, The (2011)",Comedy|Drama,1412386,74534.0
68073,0.3525211531752071,0.45905478312309717,4.534918578114725,Pirate Radio (2009),Comedy|Drama,1131729,18947.0
2060,-0.7675316984443568,2.529737637976959,3.4635866153544024,BASEketball (1998),Comedy,131857,14013.0
3476,1.7803038659127806,4.150918091425938,4.195884291746064,Jacob's Ladder (1990),Horror|Mystery,99871,2291.0
3797,0.13552662082350211,0.34520005231493467,4.15959342070737,"In Crowd, The (2000)",Thriller,163676,36047.0
3839,-0.5548734838063673,0.34520005231493467,2.159593420707371,Phantasm IV: Oblivion (1998),Horror,138703,16146.0
6358,0.021893049488309047,0.24082354437139974,3.857899382171227,Kiss Me Kate (1953),Comedy|Musical|Romance,45963,34857.0
3697,-0.8782837815690135,3.095413000818003,3.4832531029331744,Predator 2 (1990),Action|Sci-Fi|Thriller,100403,169.0
4545,1.2671201856957774,2.484563238339467,4.276987447358933,Short Circuit (1986),Comedy|Sci-Fi,91949,2605.0
52730,-1.578235004057313,0.5716746580518313,1.0062679436323392,It's a Very Merry Muppet Christmas Movie (2002),Children|Comedy,329737,13352.0
1248,2.2308991647792644,2.602338108873668,4.62425751459955,Touch of Evil (1958),Crime|Film-Noir|Thriller,52311,1480.0
1271,1.3469262749374538,4.947284539001351,4.039245962897579,Fried Green Tomatoes (1991),Comedy|Crime|Drama,101921,1633.0
7842,0.6199124757601908,0.34494990926224117,5.56409897027592,Dune (2000),Drama|Fantasy|Sci-Fi,142032,876.0
26812,-0.0039255852763852486,0.19457248761213886,3.746814852665645,Barbarians at the Gate (1993),Drama,106356,27678.0
46723,0.25877929980107284,3.9937044900551655,3.831787098448413,Babel (2006),Drama|Thriller,449467,1164.0
2735,-0.01564671616619348,3.7659107501299616,3.7628354620045243,"Golden Child, The (1986)",Action|Adventure|Comedy|Fantasy|Mystery,91129,10136.0
5283,1.9620822420586206,2.941890447876037,4.4339363508868885,National Lampoon's Van Wilder (2002),Comedy,283111,11452.0
1858,-1.146528660606012,1.4875935944625718,2.9962632157531677,Mr. Nice Guy (Yat goh ho yan) (1997),Action|Comedy,117786,10622.0
1696,-1.4073597849868669,1.0126650823841834,2.377231910659708,Bent (1997),Drama|War,118698,19601.0
1216,-0.18302356077583623,2.296377490361359,3.68728930066105,"Big Blue, The (Grand bleu, Le) (1988)",Adventure|Drama|Romance,95250,175.0
2401,0.059126359032171685,1.5931945934606837,3.8041021163178184,Pale Rider (1985),Western,89767,8879.0
6059,-0.3241906124753914,3.985434328508495,3.6856464311572537,"Recruit, The (2003)",Action|Thriller,292506,1647.0
6958,-2.1039084222233053,2.34487100272263,2.869751841991171,"Haunted Mansion, The (2003)",Children|Comedy|Fantasy|Horror,338094,10756.0
2819,0.034065770715313526,0.7062011352886842,3.815228348400614,Three Days of the Condor (3 Days of the Condor) (1975),Drama|Mystery|Romance|Thriller,73802,11963.0
3011,-0.4323323008955619,0.3153855129000902,2.3961844577281184,"They Shoot Horses, Don't They? (1969)",Drama,65088,28145.0
6215,-0.2827028583557451,0.648493278379753,3.331052298100399,Laurel Canyon (2002),Drama,298408,13819.0
3068,0.21590787738765152,0.6782742732628209,4.085309717338895,"Verdict, The (1982)",Drama|Mystery,84855,24226.0
49284,-0.12108571661225562,0.4832217024063165,3.516410244858424,10 Items or Less (2006),Comedy|Drama|Romance,499603,2357.0
547,0.03557815024658612,0.15756037966345296,3.992796742875039,Surviving the Game (1994),Action|Adventure|Thriller,111323,17585.0
151763,0.25490195942836436,0.9999999946805064,4.02189225204645,Death Note Rewrite: Genshisuru Kami (2007),Mystery,3355694,333040.0
102684,-0.059962204141843105,0.3052090780163887,3.5705275761569735,Only God Forgives (2013),Drama|Thriller,1602613,77987.0
4143,0.034736891261978306,0.13152139420147063,4.031106190222017,Valentine (2001),Horror|Mystery,242998,10984.0
7117,-0.941294856900094,0.5915425592266954,2.17573562628821,Leprechaun (1993),Comedy|Horror,107387,11811.0
71500,-0.09678450293949233,0.13152139420147063,3.031106190222017,Trick 'r Treat (2007),Comedy|Horror|Thriller,862856,23202.0
4809,0.19278482572024758,0.21112033903603206,4.680141656026404,Silkwood (1983),Drama,86312,12502.0
46967,-0.2832693698779182,0.43851677948819323,3.1210187272810934,Scoop (2006),Comedy|Fantasy|Mystery,457513,512.0
3634,0.0035102890911864405,0.024664399667020533,3.909312388640413,Seven Days in May (1964),Thriller,58576,23518.0
134326,0.28960391320658585,0.7548520770222206,4.150646800957427,The Taming of the Scoundrel (1980),Comedy,80439,10986.0
2826,-0.9288371731293241,4.866303411457503,3.576119090970264,"13th Warrior, The (1999)",Action|Adventure|Fantasy,120657,1911.0
3671,-0.3171918687380386,10.617617390654704,3.737116181368402,Blazing Saddles (1974),Comedy|Western,71230,11072.0
1641,1.547683509017172,7.9540478806103385,3.9615683893887486,"Full Monty, The (1997)",Comedy|Drama,119164,9427.0
2926,-0.8007236895954389,1.092390373173077,3.0339888759626135,Hairspray (1988),Comedy|Drama,95270,11054.0
374,-5.51474343467375,3.9260435044247632,2.3623335602660385,Richie Rich (1994),Children|Comedy,110989,11011.0
891,0.2731848121482373,1.158225753761835,4.002855200379337,Halloween: The Curse of Michael Myers (Halloween 6: The Curse of Michael Myers) (1995),Horror|Thriller,113253,10987.0
38388,0.20323768985013466,0.7534665574931818,4.0367271333674,Goal! The Dream Begins (Goal!) (2005),Drama,380389,9763.0
31685,-2.966747138752298,8.358008157397899,3.4120316596261584,Hitch (2005),Comedy|Romance,386588,8488.0
8117,0.12299376161365849,0.45905478312309717,4.034918578114725,In China They Eat Dogs (I Kina spiser de hunde) (1999),Action|Comedy,180748,250.0
106839,0.12299376161365849,0.45905478312309717,4.034918578114725,Mandela: Long Walk to Freedom (2013),Drama,2304771,192136.0
2004,0.745471621843334,2.1176629793965147,4.119015910586971,Gremlins 2: The New Batch (1990),Comedy|Horror,99700,928.0
2279,0.21876763228252066,0.7398904463262461,4.062666000238729,Urban Legend (1998),Horror|Thriller,146336,9877.0
2968,1.7651102797315898,4.454213516258559,4.163269067142248,Time Bandits (1981),Adventure|Comedy|Fantasy|Sci-Fi,81633,36819.0
3501,0.23382756890741158,1.1998568328110597,3.9618698489836963,Murphy's Romance (1985),Comedy|Romance,89643,34322.0
47997,-0.360871090169867,4.21222631423108,3.6813179975036885,Idiocracy (2006),Adventure|Comedy|Sci-Fi|Thriller,387808,7512.0
3773,-0.5056567831495814,0.5262191667655982,2.8060659937729424,House Party (1990),Comedy,99800,16094.0
115210,-0.010175573449655029,0.5180869419670798,3.747349623595392,Fury (2014),Action|Drama|War,2713180,228150.0
3981,-2.400216700755046,1.7864883367797624,2.4234513207914077,Red Planet (2000),Action|Sci-Fi|Thriller,199753,8870.0
6893,-0.23692883808307147,2.602248291072103,3.6759425465500204,"Italian Job, The (1969)",Action|Comedy|Crime,64505,10536.0
101612,0.24675755747821176,0.3466159670262506,4.478895053166898,Admission (2013),Comedy|Romance,1814621,144340.0
6006,-0.21606060757018067,0.9826719621813358,3.5471197587900694,Just Married (2003),Comedy|Romance,305711,12090.0
113252,-0.17652137971554788,0.3349380025371933,3.239963264235109,Housebound (2014),Comedy|Horror|Thriller,3504048,253306.0
6203,-0.6328678941329726,0.3338523294738158,1.8713381173490926,Life Stinks (1991),Comedy,102303,6524.0
79572,-0.4166609701120399,0.29610025585718946,2.359828487548608,Ramona and Beezus (2010),Children|Comedy,493949,38843.0
64993,0.28960391320658585,0.7548520770222206,4.150646800957427,5 Centimeters per Second (Byôsoku 5 senchimêtoru) (2007),Animation|Drama|Romance,983213,38142.0
84844,0.28960391320658585,0.7548520770222206,4.150646800957427,Brother 2 (Brat 2) (2000),Crime|Drama,238883,20993.0
61255,0.0018799232313264256,0.002847433546159135,4.42720700952839,"Rocker, The (2008)",Comedy,1031969,10186.0
71838,0.3258698916711995,0.7250133955760543,4.216457699257104,Law Abiding Citizen (2009),Drama|Thriller,1197624,22803.0
165551,0.066657752612537,0.20620743613950301,4.090246105215624,Lion (2016),Drama,3741834,334543.0
7107,-0.054539256178483465,0.2837467184187765,3.574779235985754,Foul Play (1978),Comedy|Thriller,77578,15659.0
35957,0.6441027484726753,1.551686323928777,4.182088844713227,Red Eye (2005),Horror|Thriller,421239,11460.0
564,-0.6461674629123384,0.36675986552339207,2.005163211327389,Chasers (1994),Comedy,109403,24405.0
32022,-0.066970751875756,0.5277933064494101,3.6401020737394774,Gunner Palace (2004),Documentary|War,424129,30856.0
51037,-0.22250740418207074,0.4367304722178593,3.257505796049091,Unknown (2006),Drama|Mystery|Thriller,450340,9828.0
78039,-0.059962204141843105,0.3052090780163887,3.5705275761569735,Blue Valentine (2010),Drama|Romance,1120985,46705.0
93512,0.09264233486635125,0.3052090780163887,4.070527576156973,"Jeff, Who Lives at Home (2012)",Comedy|Drama,1588334,82532.0
619,0.034736891261978306,0.13152139420147063,4.031106190222017,Ed (1996),Comedy,116165,32308.0
552,-0.36727779045692,8.332462696205257,3.7229123513003786,"Three Musketeers, The (1993)",Action|Adventure|Comedy|Romance,108333,10057.0
1219,6.752470020231942,14.441123059977167,4.234576502679866,Psycho (1960),Crime|Horror,54215,539.0
2141,-0.7939053429828195,3.084841831379193,3.5096333872850285,"American Tail, An (1986)",Adventure|Animation|Children|Comedy,90633,4978.0
2654,-0.6910193246806742,0.6890768335964645,2.764171315221291,"Wolf Man, The (1941)",Drama|Fantasy|Horror,34398,13666.0
1597,-1.4614108263423629,7.519801780105913,3.5726486225483924,Conspiracy Theory (1997),Drama|Mystery|Romance|Thriller,118883,8834.0
6709,-0.7351944747153938,2.125698853752114,3.4211301646418075,Once Upon a Time in Mexico (2003),Action|Adventure|Crime|Thriller,285823,1428.0
99813,0.6538386533539249,1.4954227947409184,4.204216910819719,"Batman: The Dark Knight Returns, Part 2 (2013)",Action|Animation,2166834,142061.0
185135,0.33033060586191565,0.4832266293036468,4.450583838947905,Sherlock - A Study in Pink (2010),Crime,1665071,500609.0
1991,-0.07701977843887359,0.5161970413485745,3.6177841310763705,Child's Play (1988),Horror|Thriller,94862,10585.0
2403,1.065951560318895,4.836603722453511,3.987382868675561,First Blood (Rambo: First Blood) (1982),Action|Adventure|Drama|Thriller,83944,1368.0
30707,2.950069957677417,7.785935283289191,4.14588760421683,Million Dollar Baby (2004),Drama,405159,70.0
3451,1.5738490110218493,1.44231528457889,4.858186528207904,Guess Who's Coming to Dinner (1967),Drama,61735,1879.0
56587,1.1193266932674522,1.6622328070651475,4.440377730440253,"Bucket List, The (2007)",Comedy|Drama,825232,7350.0
3066,1.244478641178578,1.3092334449650276,4.717530201439744,Tora! Tora! Tora! (1970),Action|Drama|War,66473,11165.0
2702,-1.6218911687009188,3.9723982763598635,3.3587001209755982,Summer of Sam (1999),Drama,162677,10279.0
2805,-1.1932994564373363,4.324273126410287,3.4910365248015216,Mickey Blue Eyes (1999),Comedy|Romance,130121,10154.0
3298,1.2882499570913128,3.9199965978743423,4.0956257696168565,Boiler Room (2000),Crime|Drama|Thriller,181984,14181.0
164280,0.6463662320377788,0.8985360176309931,4.486345129971813,Endless Poetry (2016),Drama|Fantasy,4451458,325385.0
175743,0.19709822322228226,0.8985360176309931,3.9863451299718133,Self-criticism of a Bourgeois Dog (2017),Comedy,6354108,433410.0
6873,-2.1493708929365076,4.659138130112723,3.3056665801137597,Intolerable Cruelty (2003),Comedy|Romance,138524,11775.0
49772,-0.14047548077523053,0.9402411312793564,3.6175866158623053,"Painted Veil, The (2006)",Drama|Romance,446755,14202.0
35807,-0.17652137971554788,0.3349380025371933,3.239963264235109,"Teahouse of the August Moon, The (1956)",Comedy,49830,43313.0
88069,-0.17652137971554788,0.3349380025371933,3.239963264235109,Delhi Belly (2011),Comedy|Crime,1934231,67109.0
89898,-0.009052378446951226,0.3349380025371933,3.739963264235109,Generation P (2011),Comedy|Drama|Sci-Fi,459748,63375.0
147410,-0.5114593822527412,0.3349380025371933,2.239963264235109,A Perfect Day (2015),Comedy|Drama,3577624,321751.0
3687,0.6670299517176961,0.7548520770222206,4.650646800957427,Light Years (Gandahar) (1988),Adventure|Animation|Fantasy|Sci-Fi,95525,22500.0
58156,-0.3223379483206934,0.8237881091286035,3.375702841554152,Semi-Pro (2008),Comedy,839980,13260.0
4812,-1.2466073130810535,0.47384664897767564,1.1361659185022792,SpaceCamp (1986),Adventure|Sci-Fi,91993,13766.0
9,-2.19321266975757,2.9743871362265697,3.029624047626491,Sudden Death (1995),Action,114576,9091.0
3141,-0.7639060522254247,0.2837467184187765,1.074779235985754,"Two Jakes, The (1990)",Drama,100828,32669.0
6619,-1.0331038665040695,0.9816481502391132,2.71457261365288,Uptown Girls (2003),Comedy,263757,14926.0
5423,0.29061254190162233,0.5946145621735813,4.255731335274419,Gangster No. 1 (2000),Action|Crime|Thriller,210065,10394.0
3952,-0.19940592906447835,0.37665564378845917,3.2375785265562538,"Contender, The (2000)",Drama|Thriller,208874,6521.0
2473,-0.676564752067568,1.0761410824248958,3.138295073583941,Soul Man (1986),Comedy,91991,12278.0
4946,0.21535608302624878,0.6768334037967816,4.085172109443954,"Eye for an Eye, An (1981)",Action|Crime|Thriller,82350,42566.0
78088,-0.09098600998060011,0.4367304722178593,3.5586558246549775,Buried (2010),Mystery|Thriller,1462758,26388.0
103624,0.09264233486635125,0.3052090780163887,4.070527576156973,Fruitvale Station (2013),Drama,2334649,157354.0
5137,-0.7352812519201849,0.967642859669854,3.0071218702095046,Scratch (2001),Documentary,143861,18984.0
1123,0.19278482572024758,0.21112033903603206,4.680141656026404,"Perfect Candidate, A (1996)",Documentary,117320,124837.0
1406,0.19278482572024758,0.21112033903603206,4.680141656026404,La Cérémonie (1995),Crime|Drama|Mystery|Thriller,112769,1802.0
4285,-0.4405761913878486,0.21112033903603206,1.6801416560264038,Frankie and Johnny (1991),Comedy|Romance,101912,3784.0
1967,-0.5020179928315565,6.369461459135887,3.688173895864767,Labyrinth (1986),Adventure|Fantasy|Musical,91369,13597.0
2770,-6.016704377865531,7.40827318663597,2.954830125689508,Bowfinger (1999),Comedy,131325,11353.0
586,-8.002720096002175,17.889933481679844,3.3196593884280174,Home Alone (1990),Children|Comedy,99785,771.0
84954,-0.5346541448213649,3.847312675382756,3.6280220841178665,"Adjustment Bureau, The (2011)",Romance|Sci-Fi|Thriller,1385826,38050.0
3254,-1.6790605623076285,3.5783589319733733,3.297763868137033,Wayne's World 2 (1993),Comedy,108525,8873.0
111781,1.4601984290746557,1.8671733251946097,4.549027185947563,Mission: Impossible - Rogue Nation (2015),Action|Adventure|Thriller,2381249,177677.0
8951,-0.22800590742552948,1.0208686755371077,3.54364529803314,Vera Drake (2004),Drama,383694,11109.0
64716,1.1074716822283959,2.6808724119541227,4.180091518045676,Seven Pounds (2008),Drama,814314,11321.0
2861,-1.7095394151870293,1.5624035041563444,2.6728174923409416,For Love of the Game (1999),Comedy|Drama,126916,10390.0
6765,-0.13159037183827976,2.018178574473847,3.7017877499693834,Under the Tuscan Sun (2003),Comedy|Drama|Romance,328589,10934.0
2164,-1.599973812039704,0.8985360176309931,1.9863451299718133,Surf Nazis Must Die (1987),Action|Comedy|Drama|Horror,94077,28070.0
4023,-0.5751963783403631,5.265598148093622,3.6577536267535447,"Family Man, The (2000)",Comedy|Drama|Romance,218967,5994.0
7930,0.019808446612726016,0.4316385617176117,3.812881572462552,"People Under the Stairs, The (1991)",Horror|Mystery|Thriller,105121,13122.0
45431,-0.6059091784134636,1.0491018634050435,3.189439912648872,Over the Hedge (2006),Adventure|Animation|Children|Comedy,327084,7518.0
4546,0.3018308862895223,1.0618458048307715,4.051241436688684,"Vanishing, The (Spoorloos) (1988)",Drama|Thriller,96163,8740.0
90469,-0.11615103481353847,0.15273403790441675,3.0065112493459685,Paranormal Activity 3 (2011),Horror,1778304,72571.0
27397,1.1663572481848141,1.239611870197165,4.707895486046453,Joint Security Area (Gongdong gyeongbi guyeok JSA) (2000),Crime|Drama|Mystery|Thriller|War,260991,2440.0
324,0.1550055553714866,0.4990838211411603,4.077570496040293,"Sum of Us, The (1994)",Comedy|Drama,111309,36614.0
48982,-0.17652137971554788,0.3349380025371933,3.239963264235109,Flushed Away (2006),Animation|Comedy,424095,11619.0
99764,-0.12056071425485042,0.29610025585718946,3.359828487548608,It's Such a Beautiful Day (2012),Animation|Comedy|Drama|Fantasy|Sci-Fi,2396224,147538.0
149902,-1.2078501019680274,0.6494787702890066,1.907268069039914,Garm Wars: The Last Druid (2014),Action|Sci-Fi|Thriller,2504640,302026.0
95558,-0.1911519463241919,0.8036355258491854,3.52913128655698,Beasts of the Southern Wild (2012),Drama|Fantasy,2125435,84175.0
5680,-0.36801300040578055,1.0331313416617744,3.410779047284349,Auto Focus (2002),Crime|Drama,298744,14112.0
6217,0.5879198229884129,0.5946145621735813,4.755731335274418,"Safety of Objects, The (2001)",Drama,256359,24186.0
7264,0.29061254190162233,0.5946145621735813,4.255731335274419,An Amazing Couple (2002),Comedy|Romance,234940,44539.0
94780,-0.059962204141843105,0.3052090780163887,3.5705275761569735,Snow White and the Huntsman (2012),Action|Adventure|Drama,1735898,58595.0
2048,0.009413712460102967,1.1436755729894583,3.7752213951542095,"Great Mouse Detective, The (1986)",Action|Animation|Children|Crime,91149,9994.0
2078,0.6907378887030072,8.220555967023762,3.851015981431251,"Jungle Book, The (1967)",Animation|Children|Comedy|Musical,61852,9325.0
538,-0.002705656795618326,1.9420827553917683,3.765597118500519,Six Degrees of Separation (1993),Drama,108149,23210.0
505,0.29012630580387966,1.9914971824820085,3.912672800058003,North (1994),Comedy,110687,31586.0
2688,-2.377253784145225,3.053316518078206,2.988409436617726,"General's Daughter, The (1999)",Crime|Drama|Mystery|Thriller,144214,2275.0
3114,5.698247655290141,17.137617419209498,4.0994896997798564,Toy Story 2 (1999),Adventure|Animation|Children|Comedy|Fantasy,120363,863.0
49286,-3.8015628865298186,4.912644647015913,2.9931580359942935,"Holiday, The (2006)",Comedy|Romance,457939,1581.0
7451,2.133840392759585,5.819947861795687,4.133632818554676,Mean Girls (2004),Comedy,377092,10625.0
8533,-2.7628214035500758,6.335436694918939,3.3309001625791557,"Notebook, The (2004)",Drama|Romance,332280,11036.0
4571,-0.29704285761306015,7.719122827522697,3.728508864777517,Bill & Ted's Excellent Adventure (1989),Adventure|Comedy|Sci-Fi,96928,1648.0
36529,-0.26855044264339195,7.723638162579303,3.732220350336562,Lord of War (2005),Action|Crime|Drama|Thriller|War,399295,1830.0
2244,-0.20967343149143255,0.34520005231493467,3.159593420707371,"Allnighter, The (1987)",Comedy|Romance,92537,37818.0
2087,0.7938339158514941,6.719117215177975,3.8851358586676703,Peter Pan (1953),Animation|Children|Fantasy|Musical,46183,10693.0
3615,-0.8992489693464811,1.7880732536044643,3.2640752302970766,Dinosaur (2000),Adventure|Animation|Children,130623,10567.0
94677,-0.7540897525307083,4.736352302953548,3.607777102652736,"Dictator, The (2012)",Comedy,1645170,76493.0
5945,-0.8068949774296327,4.6232514706774825,3.592460529567951,About Schmidt (2002),Comedy|Drama,257360,2755.0
2269,0.2215451896953963,1.2907211126396376,3.938634798759435,Indecent Proposal (1993),Drama|Romance,107211,4478.0
2598,-0.8029974998438516,3.5909686755303425,3.5433744448428524,Pushing Tin (1999),Comedy,120797,12596.0
7327,1.007812115548751,1.6533880946532138,4.37653388166771,Persona (1966),Drama,60827,797.0
66335,-0.2521697855932143,0.8985360176309931,3.4863451299718133,Afro Samurai: Resurrection (2009),Animation,1265998,14711.0
1293,1.7544820928800453,5.7732009395278485,4.07089138724989,Gandhi (1982),Drama,83987,783.0
2759,0.31028420957416414,0.693871508840481,4.214168487255045,Dick (1999),Comedy,144168,16406.0
69278,0.6086122552209492,0.9904295327262551,4.381483533952188,Land of the Lost (2009),Action|Adventure|Comedy|Sci-Fi,457400,18162.0
4587,-1.3023218184918952,0.772369108962009,2.0808511080909025,Earth Girls Are Easy (1988),Comedy|Musical|Sci-Fi,97257,2210.0
4912,0.026792721029059382,0.05281164506088962,4.274316298588143,Funny Girl (1968),Drama|Musical|Romance,62994,16085.0
32300,0.026792721029059382,0.05281164506088962,4.274316298588143,D.E.B.S. (2004),Action|Comedy,367631,540.0
86320,-2.770301405464649,1.7942950422078823,2.2230405280973278,Melancholia (2011),Drama|Sci-Fi,1527186,62215.0
1600,0.07715145031023825,0.21835316125539117,4.1203236245954695,She's So Lovely (1997),Drama|Romance,120112,38295.0
65642,0.41584682375448906,0.6494787702890066,4.4072680690399135,"Timecrimes (Cronocrímenes, Los) (2007)",Sci-Fi|Thriller,480669,14139.0
27731,-0.06869595694450877,0.12052802960293534,3.1970319407372076,"Cat Returns, The (Neko no ongaeshi) (2002)",Adventure|Animation|Children|Fantasy,347618,15370.0
37240,0.13055185389304885,0.5807306604208037,3.9917964928125236,Why We Fight (2005),Documentary,436971,14286.0
72,0.1648448733604133,0.6369006470743243,4.025813820673901,Kicking and Screaming (1995),Comedy|Drama,113537,28387.0
51082,-0.6043074190185721,0.4832217024063165,2.516410244858424,Tyler Perry's Daddy's Little Girls (2007),Comedy|Romance,778661,16555.0
4480,-0.6460434076085437,0.9828335277388387,3.1096628910717223,"Blob, The (1988)",Horror|Sci-Fi,94761,9599.0
1211,-0.05814881068222111,1.933932257099061,3.736922634823412,"Wings of Desire (Himmel über Berlin, Der) (1987)",Drama|Fantasy|Romance,93191,144.0
6534,-5.101822349345379,6.474329467523459,2.9789824558658764,Hulk (2003),Action|Adventure|Sci-Fi,286716,1927.0
49278,-0.6889174681393695,5.386532603178386,3.639094013843734,Déjà Vu (Deja Vu) (2006),Action|Sci-Fi|Thriller,453467,7551.0
5943,-2.607191246454414,4.139961885065945,3.1372281536300686,Maid in Manhattan (2002),Comedy|Romance,252076,7303.0
81932,0.8033693142901467,3.0946383985452313,4.026590674514605,"Fighter, The (2010)",Drama,964517,45317.0
2720,-4.44405261381763,4.128237909011618,2.6904892000540412,Inspector Gadget (1999),Action|Adventure|Children|Comedy,141369,332.0
3300,1.7136822843439146,6.599289583931959,4.026667073520095,Pitch Black (2000),Horror|Sci-Fi|Thriller,134847,2787.0
2089,-0.16819071087805948,1.1053263494158354,3.614826443031296,"Rescuers Down Under, The (1990)",Adventure|Animation|Children,100477,11135.0
168492,1.614892910835017,1.3229332648885346,4.987681427916774,Call Me by Your Name (2017),Drama|Romance,5726616,398818.0
50794,-0.6167166768625734,2.6522778392452167,3.5344668852534813,Smokin' Aces (2006),Action|Crime|Drama|Thriller,475394,7516.0
27904,-1.654999446936897,3.5325112359157713,3.298485214728996,"Scanner Darkly, A (2006)",Animation|Drama|Mystery|Sci-Fi|Thriller,405296,3509.0
26504,-0.0806891417499876,0.3001171675161411,3.4981314904884417,Cloak & Dagger (1984),Action|Adventure|Children|Crime|Mystery|Thriller,87065,48677.0
4537,-0.009260603239608754,0.4564154453807231,3.7467004361896725,Running on Empty (1988),Drama,96018,18197.0
7766,-0.009260603239608754,0.4564154453807231,3.7467004361896725,Throne of Blood (Kumonosu jô) (1957),Action|Drama|Thriller|War,50613,3777.0
1017,1.4066438823876315,1.5485471892826583,4.6753538801297365,Swiss Family Robinson (1960),Adventure|Children,54357,18444.0
48322,-1.9016223284037763,0.7741984781190456,1.3107437573967324,Jackass Number Two (2006),Comedy|Documentary,493430,12094.0
159755,0.08740367423227983,0.3080565115625478,4.050716396543742,Popstar: Never Stop Never Stopping (2016),Comedy,3960412,341012.0
180265,0.003303640004405993,0.002847433546159135,4.92720700952839,Jim & Andy: The Great Beyond (2017),Documentary,7214762,469019.0
117466,-0.23363194653451755,0.6494787702890066,3.407268069039914,In the Heart of the Sea (2015),Action|Adventure|Drama,1390411,205775.0
151455,0.09110743860998576,0.6494787702890066,3.907268069039914,Eddie the Eagle (2016),Comedy,1083452,319888.0
6291,0.01421352733351139,0.030825587404552823,4.228085392126689,Lilya 4-Ever (Lilja 4-ever) (2002),Crime|Drama,300140,12093.0
1969,-1.9905083798191672,1.1277352542057482,2.001940939124022,"Nightmare on Elm Street 2: Freddy's Revenge, A (1985)",Horror,89686,10014.0
5421,0.29061254190162233,0.5946145621735813,4.255731335274419,"Dangerous Lives of Altar Boys, The (2002)",Drama,238924,16857.0
5772,0.5879198229884129,0.5946145621735813,4.755731335274418,My Dinner with André (1981),Drama,82783,25468.0
3392,0.3218950829351133,0.7795552195725668,4.179911755775721,She-Devil (1989),Comedy,98309,11157.0
2205,-0.08592619795613948,0.1640312893612097,3.2431500026759545,Mr. & Mrs. Smith (1941),Comedy|Romance,33922,24197.0
102033,-0.059962204141843105,0.3052090780163887,3.5705275761569735,Pain & Gain (2013),Action|Comedy|Crime,1980209,134374.0
79274,0.034736891261978306,0.13152139420147063,4.031106190222017,Batman: Under the Red Hood (2010),Action|Animation,1569923,40662.0
131920,0.41584682375448906,0.6494787702890066,4.4072680690399135,The Road Within (2014),Comedy|Drama,2962876,228108.0
423,1.9435482266814903,2.0388516920488304,4.72024659443563,Blown Away (1994),Action|Thriller,109303,178.0
80489,-0.030777940131273482,3.826079915164992,3.7589460421053733,"Town, The (2010)",Crime|Drama|Thriller,840361,23168.0
1057,0.11505126027903059,1.3035406087524581,3.855250879007952,Everyone Says I Love You (1996),Comedy|Musical|Romance,116242,9716.0
3408,2.034506871334627,10.02564532463353,3.9699205571409557,Erin Brockovich (2000),Drama,195685,462.0
8907,-1.2024614043342248,2.1214289218944358,3.2001735613099362,Shark Tale (2004),Animation|Children|Comedy,307453,10555.0
8529,0.694270020707898,7.041626901027452,3.865585407201408,"Terminal, The (2004)",Comedy|Drama|Romance,362227,594.0
82167,0.25172835711375663,1.8280357776578953,3.90469457483818,Love and Other Drugs (2010),Comedy|Drama|Romance,758752,43347.0
175,1.756615436461485,2.333662318299145,4.519719348370008,Kids (1995),Drama,113540,9344.0
60941,0.1056279219359652,0.440038825167997,4.007032569112593,"Midnight Meat Train, The (2008)",Horror|Mystery|Thriller,805570,10185.0
45950,0.36167321895432236,2.7618723389676143,3.897942476796358,"Inconvenient Truth, An (2006)",Documentary,497116,1781.0
387,-0.7645061368465167,0.8086212919703422,2.821546306002153,"Low Down Dirty Shame, A (1994)",Action|Comedy,110399,26352.0
1982,1.762486703925406,2.5253833046816894,4.464898882270089,Halloween (1978),Horror,77651,948.0
114762,-0.03034010198047381,0.11394494335438751,3.500720449992295,Two Night Stand (2014),Comedy|Romance,2140619,286554.0
44773,0.15841662282164543,0.3349380025371933,4.239963264235109,"Dead Hate the Living!, The (2000)",Comedy|Horror,225481,28349.0
91386,-0.5114593822527412,0.3349380025371933,2.239963264235109,Happy Feet Two (2011),Animation|Children|Comedy|IMAX,1402488,65759.0
58425,0.6670299517176961,0.7548520770222206,4.650646800957427,Heima (2007),Documentary,1094594,14793.0
4889,-0.1543357408620582,0.8878887939955049,3.5931670130478155,Heist (2001),Crime|Drama,252503,11088.0
27368,0.5421686738877717,0.999999998504112,4.309158965960931,Asterix & Obelix: Mission Cleopatra (Astérix & Obélix: Mission Cléopâtre) (2002),Adventure|Comedy|Fantasy,250223,2899.0
58332,-0.4888551304550974,1.1315213927055827,3.3349568064278854,Diary of the Dead (2007),Horror|Sci-Fi,848557,13025.0
3161,-0.5025277596220148,0.43851677948819323,2.6210187272810934,Onegin (1999),Drama|Romance,119079,30237.0
3897,0.6990317727219139,13.560814281618494,3.818538211483228,Almost Famous (2000),Drama,181875,786.0
381,0.25268446902428626,1.043820522506541,4.009066839457904,When a Man Loves a Woman (1994),Drama|Romance,111693,10449.0
4447,-4.6702456527889336,8.859000295480847,3.239815046085621,Legally Blonde (2001),Comedy|Romance,250494,8835.0
2490,2.6392090750759913,8.855745310407544,4.065012533610763,Payback (1999),Action|Thriller,120784,2112.0
2206,0.13552662082350211,0.34520005231493467,4.15959342070737,Suspicion (1941),Film-Noir|Mystery|Thriller,34248,11462.0
2718,0.17031888451829957,0.6969680944818435,4.011361426564854,Drop Dead Gorgeous (1999),Comedy,157503,10490.0
93721,0.051610349720321025,0.4884508456657656,3.8726515879479373,Jiro Dreams of Sushi (2011),Documentary,1772925,80767.0
27869,0.21942802576615347,0.3001171675161411,4.498131490488442,Tae Guk Gi: The Brotherhood of War (Taegukgi hwinalrimyeo) (2004),Action|Drama|War,386064,11658.0
6707,0.27591166622848007,0.5793186670296739,4.243259539831589,Cabin Fever (2002),Horror|Thriller,303816,11547.0
91974,-0.023379201050964825,0.45794311592080544,3.715937659967624,Underworld: Awakening (2012),Action|Fantasy|Horror|IMAX,1496025,52520.0
72356,0.6245006593259197,1.3409213827310547,4.232715327322042,Partly Cloudy (2009),Animation|Children|Comedy|Fantasy,1425244,24480.0
3606,-0.009052378446951226,0.3349380025371933,3.739963264235109,On the Town (1949),Comedy|Musical|Romance,41716,31516.0
26183,-0.976707546068376,1.089790079559414,2.8707557187624078,Asterix and Cleopatra (Astérix et Cléopâtre) (1968),Action|Adventure|Animation|Children|Comedy,62687,9929.0
146244,-0.17652137971554788,0.3349380025371933,3.239963264235109,Dil To Pagal Hai (1997),Comedy|Drama|Romance,118983,13986.0
153408,-0.17652137971554788,0.3349380025371933,3.239963264235109,Tears for Sale (2008),Comedy|Drama|Fantasy,380249,16403.0
126430,0.6670299517176961,0.7548520770222206,4.650646800957427,The Pacific (2010),Action|Adventure|Drama|War,374463,189197.0
144606,0.0018799232313264256,0.002847433546159135,4.42720700952839,Confessions of a Dangerous Mind (2002),Comedy|Crime|Drama|Romance|Thriller,270288,4912.0
183959,0.003303640004405993,0.002847433546159135,4.92720700952839,Tom Segura: Disgraceful (2018),Comedy,7379330,497520.0
52319,0.6350866884895146,1.4484332803149502,4.205454870280522,Inglorious Bastards (Quel maledetto treno blindato) (1978),Action|Adventure|Drama|War,76584,22311.0
142456,0.41584682375448906,0.6494787702890066,4.4072680690399135,The Brand New Testament (2015),(no genres listed),3792960,330764.0
5969,-0.01661206007104143,0.030825587404552823,3.2280853921266894,My Girl 2 (1994),Comedy|Drama|Romance,110613,11317.0
8128,0.32149404666270454,1.8115400176075944,3.9444603131981046,Au revoir les enfants (1987),Drama,92593,1786.0
6571,0.29061254190162233,0.5946145621735813,4.255731335274419,"Mondays in the Sun (Lunes al sol, Los) (2002)",Drama,319769,54580.0
7299,0.29061254190162233,0.5946145621735813,4.255731335274419,Monsieur Ibrahim (Monsieur Ibrahim et les fleurs du Coran) (2003),Drama,329388,337.0
3433,-0.6461674629123384,0.36675986552339207,2.005163211327389,Death Wish 4: The Crackdown (1987),Action|Drama,92857,26263.0
33158,-0.5252417678556415,0.6147430966077871,2.9125817248968087,xXx: State of the Union (2005),Action|Crime|Thriller,329774,11679.0
109487,1.6039713771479458,16.558367677462833,3.863858014481682,Interstellar (2014),Sci-Fi|IMAX,816692,157336.0
2080,1.855231867942819,9.340421653980778,3.9656142866951622,Lady and the Tramp (1955),Animation|Children|Comedy|Romance,48280,10340.0
2324,5.833472263236976,12.097130634477297,4.249209789381083,Life Is Beautiful (La Vita è bella) (1997),Comedy|Drama|Romance|War,118799,637.0
594,1.746834168626758,8.566872737174625,3.9708959896678846,Snow White and the Seven Dwarfs (1937),Animation|Children|Drama|Fantasy|Musical,29583,408.0
880,-2.5381463099631634,5.55533837890275,3.3101060950442847,"Island of Dr. Moreau, The (1996)",Sci-Fi|Thriller,116654,9306.0
8373,-2.504301772260771,2.357482854363543,2.7047124606406,"Stepford Wives, The (2004)",Comedy|Fantasy|Thriller,327162,9890.0
3499,1.3209281624201235,6.746340149574932,3.9627895147126986,Misery (1990),Drama|Horror|Thriller,100157,1700.0
59315,0.5201155371074249,21.0000995622899,3.791757580367822,Iron Man (2008),Action|Adventure|Sci-Fi,371746,1726.0
71264,-1.4935493741145383,5.278773879601154,3.484055388540486,Cloudy with a Chance of Meatballs (2009),Animation|Children|Fantasy|IMAX,844471,22794.0
152081,0.012080892321554931,7.225909363595859,3.768662176655886,Zootopia (2016),Action|Adventure|Animation|Children|Comedy,2948356,269149.0
761,0.5956657776555672,2.5951971654399544,3.996516504371492,"Phantom, The (1996)",Action|Adventure,117331,9826.0
1881,-0.5548734838063673,0.34520005231493467,2.159593420707371,Quest for Camelot (1998),Adventure|Animation|Children|Fantasy|Musical,120800,18937.0
2915,0.9005167981919797,8.055475129977607,3.878779699541829,Risky Business (1983),Comedy,86200,9346.0
3316,-2.170941545545121,1.9329217693596963,2.643850400161281,Reindeer Games (2000),Action|Thriller,184858,2155.0
4343,-2.8067369887950244,5.938264830991712,3.294337577266171,Evolution (2001),Comedy|Sci-Fi,251075,9397.0
7444,-0.40089215756543384,1.9806196786653145,3.564582851871458,13 Going on 30 (2004),Comedy|Fantasy|Romance,337563,10096.0
61240,1.1622276688320472,2.19371666967742,4.296788731004561,Let the Right One In (Låt den rätte komma in) (2008),Drama|Fantasy|Horror|Romance,1139797,13310.0
8966,0.46959805742943433,0.49617907954808144,4.713418862690707,Kinsey (2004),Drama,362269,11184.0
136018,-0.7038290214966232,0.9013834511771522,2.986158315062146,Black Mass (2015),Crime|Drama,1355683,261023.0
6218,-2.6148194139597885,5.664936073202304,3.3054106052478383,Bend It Like Beckham (2002),Comedy|Drama|Romance,286499,455.0
7139,0.3695794813928439,0.8141644573270104,4.2209274265262,In America (2002),Drama|Romance,298845,10511.0
50740,-0.03034010198047381,0.11394494335438751,3.500720449992295,Seven Up! (1964),Documentary,58578,51863.0
3468,1.3581570924120923,2.2948750349084976,4.358812099313765,"Hustler, The (1961)",Drama,54997,990.0
1519,-1.923743984568891,0.7109488638624162,1.0611079383209594,Broken English (1996),Drama,115760,124680.0
146986,-0.17652137971554788,0.3349380025371933,3.239963264235109,Le Maître d'école (1981),Comedy,82726,53179.0
5749,-0.1320893999222489,0.3338523294738158,3.3713381173490924,Ghost Story (1981),Drama|Horror,82449,24634.0
5970,0.33896630001188033,0.6363950988343351,4.299625285831947,My Girl (1991),Comedy|Drama|Romance,102492,4032.0
4736,-0.14512147675367867,0.29072111323306965,3.2678126596831887,Summer Catch (2001),Comedy|Drama|Romance,234829,26602.0
5264,-1.289919463133708,0.9816481502391132,2.4529558657711847,Clockstoppers (2002),Action|Adventure|Sci-Fi|Thriller,250305,15028.0
6332,-0.4363988201987375,0.49842644783279677,2.891437193917003,"Lizzie McGuire Movie, The (2003)",Children|Comedy|Romance,306841,18736.0
5999,-0.6013093013587497,0.5946145621735813,2.7557313352744184,Heavy Metal 2000 (2000),Action|Adventure|Animation|Fantasy|Sci-Fi,119273,16225.0
6285,0.29061254190162233,0.5946145621735813,4.255731335274419,Levity (2003),Drama,304328,21052.0
61026,0.10179386398380832,0.22122383639985316,4.227129965360455,Red Cliff (Chi bi) (2008),Action|Adventure|Drama|War,425637,12289.0
2445,0.05127042256884683,0.14661541892494787,4.116683542795879,At First Sight (1999),Drama,132512,15556.0
33834,0.034736891261978306,0.13152139420147063,4.031106190222017,Land of the Dead (2005),Action|Horror|Thriller,418819,11683.0
91079,0.056323814400972144,0.5661265447482327,3.8664800871805034,Like Crazy (2011),Drama|Romance,1758692,60420.0
4412,-0.941044539110208,0.43851677948819323,1.6210187272810934,"Thing with Two Heads, The (1972)",Comedy|Horror|Sci-Fi,69372,28650.0
1589,-0.4567345285720293,2.356463253051417,3.573168245456585,Cop Land (1997),Action|Crime|Drama|Thriller,118887,2142.0
2716,3.175023671663233,19.47978278775036,3.9299810035435794,Ghostbusters (a.k.a. Ghost Busters) (1984),Action|Comedy|Sci-Fi,87332,620.0
2947,0.44519375780325277,10.061916611585582,3.811235714374731,Goldfinger (1964),Action|Adventure|Thriller,58150,658.0
3740,1.91537207525074,3.6489723556531297,4.291897549680625,Big Trouble in Little China (1986),Action|Adventure|Comedy|Fantasy,90728,6978.0
6874,3.22893567779508,27.59312645031753,3.8840098571170203,Kill Bill: Vol. 1 (2003),Action|Crime|Thriller,266697,24.0
3681,2.813144746340246,7.934208087550298,4.1215492737464,For a Few Dollars More (Per qualche dollaro in più) (1965),Action|Drama|Thriller|Western,59578,938.0
1059,0.6121306347954374,4.822353943941131,3.8939263564932096,William Shakespeare's Romeo + Juliet (1996),Drama|Romance,117509,454.0
85354,-1.797603518475999,2.459054774366617,3.035976270259285,Mesrine: Public Enemy #1 (L'ennemi public n°1) (2008),Action|Crime,411272,15362.0
1379,-0.03781201792682176,2.343482745609006,3.7508553237665696,Young Guns II (1990),Action|Western,100994,9086.0
82202,-0.036417990551193484,1.1598035480830104,3.7355901540480474,"Tourist, The (2010)",Drama|Thriller,1243957,37710.0
2875,-0.8931529100054337,1.3869537659526645,3.1230229637773954,Sommersby (1993),Drama|Mystery|Romance,108185,1049.0
4577,0.7395177096926854,0.9438452959425858,4.550506099278273,Casualties of War (1989),Drama|War,97027,10142.0
171759,0.19709822322228226,0.8985360176309931,3.9863451299718133,The Beguiled (2017),Drama|Thriller|Western,5592248,399019.0
2356,0.047155158535739074,0.17099698903363977,4.042756307975228,Celebrity (1998),Comedy,120533,9466.0
3201,0.20192040941613604,1.3073760329727124,3.9214373702383423,Five Easy Pieces (1970),Drama,65724,26617.0
26429,-0.17652137971554788,0.3349380025371933,3.239963264235109,Love at First Bite (1979),Comedy|Horror|Romance,79489,18966.0
91666,-0.17652137971554788,0.3349380025371933,3.239963264235109,Last Holiday (1950),Comedy|Drama|Romance,42665,16939.0
2298,0.2017629295515669,0.3338523294738158,4.371338117349092,Strangeland (1998),Thriller,124102,27791.0
62439,0.41915046375889503,0.6523262038351657,4.409537626160872,My Best Friend's Girl (2008),Comedy|Romance,1046163,13596.0
168266,0.22149097703036535,1.1433938660755367,3.96070392188584,T2: Trainspotting (2017),Crime|Drama,2763304,180863.0
80126,-1.433251715864331,0.49842644783279677,0.8914371939170032,"American, The (2010)",Drama|Thriller,1440728,27579.0
7352,0.29061254190162233,0.5946145621735813,4.255731335274419,Wilbur Wants to Kill Himself (2002),Comedy|Drama|Romance,329767,156.0
5540,-0.04949474738379118,0.5415653641635537,3.67559828088083,Clash of the Titans (1981),Action|Adventure|Fantasy|Romance,82186,10323.0
183897,0.2080988806839883,0.30958929081228764,4.439167549519317,Isle of Dogs (2018),Animation|Comedy,5104604,399174.0
43871,-0.29891556850031475,0.9199521746241759,3.442065173690204,Firewall (2006),Crime|Drama|Thriller,408345,9754.0
45442,-0.28363091665248324,0.6147430966077871,3.30560907654401,Poseidon (2006),Action|Adventure|Thriller|IMAX,409182,503.0
33085,-0.4619557850977241,0.4367304722178593,2.7092308389579207,"Amityville Horror, The (2005)",Horror|Thriller,384806,10065.0
3511,-0.02455194428087458,0.25139321721238833,3.6693267800778546,Ready to Rumble (2000),Comedy,217756,20697.0
26523,0.034736891261978306,0.13152139420147063,4.031106190222017,"Silent Night, Deadly Night (1984)",Horror|Thriller,88117,27414.0
131610,-0.5114593822527412,0.3349380025371933,2.239963264235109,Willy/Milly (1986),Comedy|Fantasy,92216,46836.0
3099,0.5010916005453934,0.772964317087478,4.415262908080337,Shampoo (1975),Comedy|Drama|Romance,73692,31121.0
1377,-0.1990378824170818,11.026637569929662,3.7489396496993925,Batman Returns (1992),Action|Crime,103776,364.0
2099,0.504652708192411,0.793741283610842,4.402780212502813,Song of the South (1946),Adventure|Animation|Children|Musical,38969,13850.0
2273,-2.6894326066684435,7.829473505573195,3.423489211048499,Rush Hour (1998),Action|Comedy|Crime|Thriller,120812,2109.0
310,-0.07978007972918677,0.16161900022557843,3.2733597180137286,Rent-a-Kid (1995),Comedy,114268,36357.0
485,-2.6425500533296473,6.953251156204297,3.386945044230935,Last Action Hero (1993),Action|Adventure|Comedy|Fantasy,107362,9593.0
838,0.6671420130881324,4.226524754110119,3.9248367613293857,Emma (1996),Comedy|Drama|Romance,116191,3573.0
4223,0.9038199491340727,7.305611621328398,3.89070614093794,Enemy at the Gates (2001),Drama|War,215750,853.0
6539,5.306428016730161,27.739356591014353,3.95828629336368,Pirates of the Caribbean: The Curse of the Black Pearl (2003),Action|Adventure|Comedy|Fantasy,325980,22.0
82499,1.1260715908864263,0.8807263839335178,5.0455617198335645,How Do You Know (2010),Comedy|Drama|Romance,1341188,42888.0
95167,0.28382281819059973,5.821623628579605,3.8157434976352262,Brave (2012),Action|Adventure|Animation|Children,1217209,62177.0
742,0.084301963087247,1.932971336184143,3.810602920952583,Thinner (1996),Horror|Thriller,117894,10280.0
4855,0.7313123272053554,3.400567255138448,3.9820462723195025,Dirty Harry (1971),Action|Crime|Thriller,66999,984.0
4626,0.19783734427518165,0.5284248170859547,4.141381004715325,Miracle Mile (1989),Drama|Romance|Sci-Fi,97889,24739.0
7379,0.1385599973591046,1.028090190663854,3.9017644566197824,The Alamo (2004),Drama|War|Western,318974,10733.0
1513,-0.6187457904524913,4.879675644728145,3.6401896931279207,Romy and Michele's High School Reunion (1997),Comedy,120032,9611.0
2297,0.6352618397331178,1.299183763917678,4.255960256386616,What Dreams May Come (1998),Adventure|Drama|Fantasy|Romance,120889,12159.0
2906,0.34948372819806717,0.4958461526939524,4.471813201149221,Random Hearts (1999),Drama|Romance,156934,12618.0
6793,-0.47957315348285384,0.6279041314509202,3.0032221784856086,Beethoven (1992),Children|Comedy|Drama,103786,11806.0
54881,-0.16652062575007676,0.24546633755585814,3.0886055179846865,"King of Kong, The (2007)",Documentary,923752,13958.0
6235,0.6022158657758246,0.8262961879249688,4.49580385058417,Europa Europa (Hitlerjunge Salomon) (1990),Drama|War,99776,8996.0
900,-0.014295445851280154,1.2880993290561176,3.755892198491794,"American in Paris, An (1951)",Musical|Romance,43278,2769.0
77688,-0.34399038098414453,0.3349380025371933,2.739963264235109,Three Men and a Cradle (3 hommes et un couffin) (1985),Comedy,90206,4180.0
88812,-0.039285658067989726,0.640147080553582,3.705620554116703,30 Minutes or Less (2011),Action|Comedy|Crime,1622547,62206.0
107951,-0.5114593822527412,0.3349380025371933,2.239963264235109,Hunting Elephants (2013),Comedy|Crime,2295196,204810.0
140133,-0.5114593822527412,0.3349380025371933,2.239963264235109,Hollywood Chainsaw Hookers (1988),Comedy|Horror,95312,27412.0
7650,0.03483676481465899,0.3338523294738158,3.8713381173490924,"Witchfinder General (Conquerer Worm, The) (1968)",Horror,63285,31965.0
3102,-0.29891401512570226,0.47384664897767564,3.136165918502279,Jagged Edge (1985),Crime|Romance|Thriller,89360,12235.0
43917,-0.18714154220300366,0.9054642098408567,3.5603100711395808,Eight Below (2006),Action|Adventure|Drama|Romance,397313,9036.0
6429,0.31124085155045766,0.49842644783279677,4.391437193917003,Winchester '73 (1950),Western,43137,14551.0
4133,-0.006694739185168349,0.5946145621735813,3.7557313352744184,Masters of the Universe (1987),Action|Adventure|Fantasy|Sci-Fi,93507,11649.0
698,0.12905659432855732,0.05387871620617172,6.162307095669849,Delta of Venus (1995),Drama,109593,38867.0
870,-0.6461674629123384,0.36675986552339207,2.005163211327389,Gone Fishin' (1997),Comedy,119214,9054.0
27882,0.10257230451887353,0.6199653172256111,3.932438747278824,Riding Giants (2004),Documentary,389326,291.0
85342,-0.2827494783263902,0.3543793461690756,2.969117950836604,Elite Squad: The Enemy Within (Tropa de Elite 2 - O Inimigo Agora É Outro) (2010),Action|Crime|Drama,1555149,47931.0
3938,0.034736891261978306,0.13152139420147063,4.031106190222017,"Slumber Party Massacre, The (1982)",Horror,84695,27475.0
7846,-0.09678450293949233,0.13152139420147063,3.031106190222017,Tremors 3: Back to Perfection (2001),Comedy|Horror|Sci-Fi,259685,10829.0
171765,-0.5051741624986109,0.757761243747916,3.100323624595469,Okja (2017),Action|Adventure|Drama|Sci-Fi,3967856,387426.0
1272,3.263343809125335,6.225021475808365,4.291220419914273,Patton (1970),Drama|War,66206,11202.0
196,-6.245044343121684,4.7077583168362995,2.440447184580638,Species (1995),Horror|Sci-Fi,114508,9348.0
437,-1.1259146163900575,1.1182551711418711,2.7601408302036505,Cops and Robbersons (1994),Comedy,109480,26261.0
95510,1.4575388656452517,6.940441198429125,3.976996949913051,"Amazing Spider-Man, The (2012)",Action|Adventure|Sci-Fi|IMAX,948470,1930.0
1438,-0.9787926153010986,2.9120718069385814,3.4308747418553756,Dante's Peak (1997),Action|Thriller,118928,9619.0
162350,-0.27350782386987066,1.314740989551607,3.558958575476694,The Magnificent Seven (2016),Action|Western,2404435,333484.0
829,-0.41567409512954395,1.4489755666258433,3.48011582304905,Joe's Apartment (1996),Comedy|Fantasy|Musical,116707,11962.0
2369,-2.439345137773521,2.8747532967731186,2.918449604131988,Desperately Seeking Susan (1985),Comedy|Drama|Romance,89017,8130.0
2135,-0.7077817874449117,2.079134567281098,3.4265689454853283,Doctor Dolittle (1967),Adventure|Children|Musical,61584,16081.0
6156,-1.0964145455883878,3.0819132624860988,3.4112325355412825,Shanghai Knights (2003),Action|Adventure|Comedy,300471,6038.0
456,-0.17160792063888025,1.7589454214064848,3.6694273319170647,Fresh (1994),Crime|Drama|Thriller,109842,13815.0
60943,0.287933146141823,0.19457248761213886,5.246814852665645,Frozen River (2008),Drama,978759,10183.0
1945,0.5854406510196078,3.5484127496682256,3.931976918332041,On the Waterfront (1954),Crime|Drama,47296,654.0
69712,0.46959805742943433,0.49617907954808144,4.713418862690707,My Sister's Keeper (2009),Drama,1078588,10024.0
92475,1.0956342408532753,0.8985360176309931,4.986345129971813,All Watched Over by Machines of Loving Grace (2011),Documentary,1955162,192695.0
2202,0.4977256323470816,0.5391014477710643,4.690240700633039,Lifeboat (1944),Drama|War,37017,13321.0
6591,1.8396097477220814,1.699843759387874,4.84921313531019,"Magdalene Sisters, The (2002)",Drama,318411,8094.0
136359,-0.5114593822527412,0.3349380025371933,2.239963264235109,Scooby-Doo Goes Hollywood (1979),Animation|Children|Comedy,191423,36972.0
140481,-0.34399038098414453,0.3349380025371933,2.739963264235109,"Family Guy Presents: Something, Something, Something, Dark Side (2009)",Animation|Comedy|Sci-Fi,1329665,278604.0
6433,0.6670299517176961,0.7548520770222206,4.650646800957427,"Man with the Movie Camera, The (Chelovek s kino-apparatom) (1929)",Documentary,19760,26317.0
172585,0.6670299517176961,0.7548520770222206,4.650646800957427,Karlson Returns (1970),Adventure|Animation|Children,209074,72203.0
44694,-0.45394342174105007,1.0702685525902145,3.342850554891823,Volver (2006),Comedy|Drama,441909,219.0
1957,1.0199626733789287,0.9803994397268182,4.807344489815263,Chariots of Fire (1981),Drama,82158,9443.0
4440,-0.18190171839857325,0.242535624531431,3.016990291262136,"Big Boss, The (Fists of Fury) (Tang shan da xiong) (1971)",Action|Thriller,67824,12481.0
3129,-0.032579554289957825,0.05387871620617172,3.1623070956698496,Sweet and Lowdown (1999),Comedy|Drama,158371,9684.0
2469,0.3715559262326551,0.6476651294603278,4.340675532803945,Peggy Sue Got Married (1986),Comedy|Drama,91738,10013.0
59985,0.3621359857940609,0.4832217024063165,4.516410244858424,Chaos Theory (2007),Comedy|Drama|Romance,460745,12912.0
62511,0.15526202585288096,0.6147430966077871,4.019554373249607,"Synecdoche, New York (2008)",Comedy|Drama,383028,4960.0
184253,0.09264233486635125,0.3052090780163887,4.070527576156973,The Cloverfield Paradox (2018),Horror|Mystery|Sci-Fi|Thriller,2548396,384521.0
441,1.8839518927677172,7.566934493809518,4.015961905105096,Dazed and Confused (1993),Comedy,106677,9571.0
733,-3.6984179844099327,19.64138053163506,3.578693039016901,"Rock, The (1996)",Action|Adventure|Thriller,117500,9802.0
2174,-2.043838529866673,14.611638179332013,3.627112852142568,Beetlejuice (1988),Comedy|Fantasy,94721,4011.0
2338,-0.9141457890338681,2.4723276181087823,3.3972392184924405,I Still Know What You Did Last Summer (1998),Horror|Mystery|Thriller,130018,3600.0
800,1.539101136438866,3.3536106886586228,4.225928814342308,Lone Star (1996),Drama|Mystery|Western,116905,26748.0
290,0.14535092689075887,2.3842970314184004,3.827952044338803,Once Were Warriors (1994),Crime|Drama,110729,527.0
217,-1.1649470820246504,0.8809122424322205,2.4445576743555955,"Babysitter, The (1995)",Drama|Thriller,112438,37141.0
986,1.053420067360075,2.5516576707171676,4.179827827993308,Fly Away Home (1996),Adventure|Children,116329,11076.0
31433,0.26546903866510185,2.4368966257706215,3.8759276322464515,"Wedding Date, The (2005)",Comedy|Romance,372532,6961.0
51662,-2.847690080813628,17.831859638306963,3.607293538451446,300 (2007),Action|Fantasy|War|IMAX,416449,1271.0
111759,0.8950193366850326,9.953751675952244,3.856908079632058,Edge of Tomorrow (2014),Action|Sci-Fi|IMAX,1631867,137113.0
2171,-0.24225298578139037,0.3990787685211064,3.1599597877875363,Next Stop Wonderland (1998),Comedy|Drama|Romance,119778,41469.0
5630,-0.10112893368877074,4.63123284154666,3.7451540033559123,Red Dragon (2002),Crime|Mystery|Thriller,289765,9533.0
30825,-1.8678987395065745,4.4238832467574865,3.344759722479458,Meet the Fockers (2004),Comedy,290002,693.0
88744,-0.9068590750065724,4.703468697338927,3.574183847047966,Rise of the Planet of the Apes (2011),Action|Drama|Sci-Fi|Thriller,1318514,61791.0
1643,1.0757891122404046,1.0501890468309254,4.791366917057968,"Mrs. Brown (a.k.a. Her Majesty, Mrs. Brown) (1997)",Drama|Romance,119280,17589.0
59501,-1.2257031923235566,2.611093362876443,3.297568856643922,"Chronicles of Narnia: Prince Caspian, The (2008)",Adventure|Children|Fantasy,499448,2454.0
4068,0.2049572354714103,1.116792363924169,3.950513425993497,Sugar & Spice (2001),Comedy,186589,16723.0
948,0.9646728547547411,0.997510268973957,4.734070916654602,Giant (1956),Drama|Romance|Western,49261,1712.0
158882,-0.5114593822527412,0.3349380025371933,2.239963264235109,All Yours (2016),Comedy|Drama|Romance,5368354,387398.0
3563,-1.0459488354055966,0.9145656831254415,2.623333958311652,"Crow: Salvation, The (2000)",Action|Horror,132910,9456.0
1833,0.07389386836693851,1.3193951507742518,3.8229961575286415,Mercury Rising (1998),Action|Drama|Thriller,120749,8838.0
42191,0.28960391320658585,0.7548520770222206,4.150646800957427,Luxo Jr. (1986),Animation|Children,91455,13925.0
1735,-0.1239089375511287,0.6815887592841565,3.585196011554142,Great Expectations (1998),Drama|Romance,119223,9410.0
131023,0.066657752612537,0.20620743613950301,4.090246105215624,That Sugar Film (2014),Documentary,3892434,305091.0
2561,0.04760139632416012,0.9283454161697722,3.8182658138155374,True Crime (1999),Crime|Thriller,139668,10354.0
27674,0.5563349443818684,1.6147430891688983,4.111524940838009,11:14 (2003),Comedy|Crime|Drama|Mystery|Thriller,331811,9282.0
5387,0.560454075466856,0.49842644783279677,4.891437193917003,Enough (2002),Drama|Thriller,278435,1957.0
7038,0.29061254190162233,0.5946145621735813,4.255731335274419,Things You Can Tell Just by Looking at Her (2000),Drama|Romance,210358,20067.0
3422,-0.14514054845685148,0.7671197932481837,3.577788357308263,She's Gotta Have It (1986),Comedy|Romance,91939,27995.0
6405,-0.03102380583875701,0.13152139420147063,3.531106190222017,Treasure Island (1950),Adventure|Children,43067,6646.0
74075,-0.2940665942416983,0.13152139420147063,1.531106190222017,Stan Helsing (2009),Comedy|Horror,1185266,23988.0
4345,0.19278482572024758,0.21112033903603206,4.680141656026404,"Anniversary Party, The (2001)",Drama,254099,26475.0
3971,-0.06401098013382155,0.43851677948819323,3.6210187272810934,"Private Eyes, The (1981)",Comedy|Mystery,81376,13762.0
3710,-0.1654938324699174,0.2708644374133104,3.156006309568772,Action Jackson (1988),Action|Comedy|Crime|Thriller,94612,10117.0
3273,-2.6975810651482375,2.8953862847713117,2.8353076762906753,Scream 3 (2000),Comedy|Horror|Mystery|Thriller,134084,4234.0
537,-0.7444055069256581,2.544655780792858,3.4744534725126397,Sirens (1994),Drama,111201,12519.0
1037,-2.56893247200916,4.006136473504501,3.125740925695241,"Lawnmower Man, The (1992)",Action|Horror|Sci-Fi|Thriller,104692,10163.0
5956,0.9735876488401121,11.970675209139891,3.848321346681362,Gangs of New York (2002),Crime|Drama,217505,3131.0
69406,-1.1222891512877362,3.7340745157239303,3.4664367949240598,"Proposal, The (2009)",Comedy|Romance,1041829,18240.0
2081,-1.132928588856781,9.705347021077879,3.6502578770170495,"Little Mermaid, The (1989)",Animation|Children|Comedy|Musical|Romance,97757,10144.0
8641,0.5667996315121985,7.984768140320545,3.837975399602357,Anchorman: The Legend of Ron Burgundy (2004),Comedy,357413,8699.0
102125,-0.896129152387114,4.548215405387921,3.569961550863091,Iron Man 3 (2013),Action|Sci-Fi|Thriller|IMAX,1300854,68721.0
91535,-0.6270292851275376,2.5221858641467305,3.518384788376382,"Bourne Legacy, The (2012)",Action|Adventure|Drama|Thriller|IMAX,1194173,49040.0
103384,0.2907757936486911,0.6925579310939773,4.1868480108746695,"Lone Ranger, The (2013)",Action|Adventure|Western|IMAX,1210819,57201.0
54997,1.7760381129621874,4.851973349516517,4.133034781827849,3:10 to Yuma (2007),Action|Crime|Drama|Western,381849,5176.0
67534,-0.0039255852763852486,0.19457248761213886,3.746814852665645,Big Stan (2007),Comedy,490086,13161.0
1545,0.018110907967149738,0.014948685941139463,4.978528752800598,Ponette (1996),Drama,117359,38523.0
3326,-1.1481728821924864,0.9438452959425858,2.550506099278273,What Planet Are You From? (2000),Comedy|Sci-Fi,181151,10416.0
4361,0.886840135592567,2.2079240820200847,4.168652713812994,Tootsie (1982),Comedy|Romance,84805,9576.0
62336,1.6652109389424077,2.8081555301099077,4.3599812852037125,FLCL (2000),Animation|Comedy|Fantasy|Sci-Fi,279077,225130.0
91094,-1.0314310986611364,1.3176900390017694,2.984233293688937,"Muppets, The (2011)",Children|Comedy|Musical,1204342,64328.0
149406,-0.8779591741242587,1.2334740201681864,3.0552126941915896,Kung Fu Panda 3 (2016),Action|Adventure|Animation,2267968,140300.0
1096,1.5875403505949133,1.3222918361571188,4.967587850125289,Sophie's Choice (1982),Drama,84707,15764.0
27473,0.0836048413739137,0.11394494335438751,4.500720449992295,American Psycho II: All American Girl (2002),Comedy|Crime|Horror|Mystery|Thriller,283877,10726.0
326,-0.3405679766784872,0.5237482208081808,3.116738962192289,To Live (Huozhe) (1994),Drama,110081,31439.0
115111,-0.009052378446951226,0.3349380025371933,3.739963264235109,Ward 13 (2003),Action|Animation|Comedy|Horror,379000,48585.0
766,-0.4589742093717722,0.35808502324807157,2.485243835605968,I Shot Andy Warhol (1996),Drama,116594,26890.0
7380,0.24761676991525067,0.9897548723818796,4.017170186127773,Ella Enchanted (2004),Comedy|Fantasy|Romance,327679,14442.0
88345,-0.08782212530452445,0.7548520770222206,3.6506468009574267,Mike's New Car (2002),Animation|Comedy,323250,13931.0
100553,0.28960391320658585,0.7548520770222206,4.150646800957427,Frozen Planet (2011),Documentary,2092588,134481.0
174551,0.6670299517176961,0.7548520770222206,4.650646800957427,Obsession (1965),Comedy,862766,435041.0
4613,-0.772760664103378,0.47384664897767564,2.136165918502279,K-9 (1989),Action|Comedy|Crime,97637,10345.0
1727,0.48759117228130744,0.4373365321580175,4.8819009754332265,"Horse Whisperer, The (1998)",Drama|Romance,119314,547.0
3513,-0.14512147675367867,0.29072111323306965,3.2678126596831887,Rules of Engagement (2000),Drama|Thriller,160797,10479.0
6551,0.29061254190162233,0.5946145621735813,4.255731335274419,"Anarchist Cookbook, The (2002)",Comedy|Romance,284850,20439.0
229,0.8230446823509514,0.6907793632804959,4.958462888883366,Death and the Maiden (1994),Drama|Thriller,109579,10531.0
2983,0.012487305310870908,0.06893676767508185,3.9481317304680914,"Ipcress File, The (1965)",Thriller,59319,15247.0
119167,0.15789522945376985,0.27236927080775303,4.346700436189672,Paradox (2010),Sci-Fi|Thriller,1343740,51239.0
31692,-1.9142473244486915,0.5277933064494101,0.14010207373947736,Uncle Nino (2003),Comedy,327210,32588.0
4916,-0.5254883009043543,1.1153501832849748,3.2958483048443235,Midway (1976),Drama|War,74899,11422.0
66171,-0.059962204141843105,0.3052090780163887,3.5705275761569735,Push (2009),Sci-Fi|Thriller,465580,13455.0
7303,0.0876496045289206,0.0934929114975153,4.704490291262136,The Diary of Anne Frank (1959),Drama|War,52738,2576.0
5938,0.19278482572024758,0.21112033903603206,4.680141656026404,Deathtrap (1982),Comedy|Crime|Mystery|Thriller,83806,17590.0
2872,-1.265811496872121,4.241741958348503,3.4685724456454836,Excalibur (1981),Adventure|Fantasy,82348,11527.0
2991,1.7626266083996633,3.4355404513401386,4.280046863689364,Live and Let Die (1973),Action|Adventure|Thriller,70328,253.0
4881,1.0795550234486702,3.0080061731240333,4.125884176884543,"Man Who Wasn't There, The (2001)",Crime|Drama,243133,10778.0
494,-2.452896891771686,6.926349142095495,3.4128503480611805,Executive Decision (1996),Action|Adventure|Thriller,116253,2320.0
113394,-0.6353811769806094,0.8807263839335178,3.0455617198335645,"Pretty One, The (2013)",Comedy|Drama,2140577,174337.0
1036,7.504527439796813,29.11131684037243,4.0247775799975365,Die Hard (1988),Action|Crime|Thriller,95016,562.0
74789,-2.930741601783363,5.20844561475999,3.204300034215377,Alice in Wonderland (2010),Adventure|Fantasy|IMAX,1014759,12155.0
141688,0.12299376161365849,0.45905478312309717,4.034918578114725,Legend (2015),Crime|Thriller,3569230,276907.0
160438,-0.7297759947528353,0.6979990427466758,2.7214645096204952,Jason Bourne (2016),Action,4196776,324668.0
810,-1.9871331530998009,1.621325554963644,2.5413677461685573,Kazaam (1996),Children|Comedy|Fantasy,116756,11511.0
2111,0.40155075386192834,1.535286078094218,4.028538128887539,"Man with Two Brains, The (1983)",Comedy,85894,11591.0
2402,-2.176296420418967,3.639955861486201,3.1690994092747977,Rambo: First Blood Part II (1985),Action|Adventure|Thriller,89880,1369.0
108156,-0.15764453091643915,0.9094600941351837,3.593651700670819,Ride Along (2014),Action|Comedy,1408253,168530.0
100383,0.3201191483803311,1.1473395652852951,4.046000235716314,Side Effects (2013),Crime|Drama|Mystery|Thriller,2053463,109421.0
111732,0.6463662320377788,0.8985360176309931,4.486345129971813,"Dance of Reality, The (Danza de la realidad, La) (2013)",Drama|Fantasy,2301592,137698.0
4215,0.13714558325806545,0.26316899980984076,4.288121516281661,Revenge of the Nerds II: Nerds in Paradise (1987),Comedy,93857,16889.0
6564,-2.5696336754618754,2.060973225362741,2.5201843435479887,Lara Croft Tomb Raider: The Cradle of Life (2003),Action|Adventure|Comedy|Romance|Thriller,325703,1996.0
103341,0.4704389162043392,2.332828869492967,3.968650568343064,"World's End, The (2013)",Action|Comedy|Sci-Fi,1213663,107985.0
44004,-0.05783653242223094,0.7315354735083337,3.687928462387515,Failure to Launch (2006),Comedy|Romance,427229,6877.0
58291,-0.34399038098414453,0.3349380025371933,2.739963264235109,College Road Trip (2008),Comedy,997047,13493.0
3018,0.4541091187948787,1.0237623261743973,4.210559181408541,Re-Animator (1985),Comedy|Horror|Sci-Fi,89885,1694.0
2495,0.6618522420850256,0.8747239000331383,4.523631606378771,"Fantastic Planet, The (Planète sauvage, La) (1973)",Animation|Sci-Fi,70544,16306.0
91261,-0.4652481638156347,0.7548520770222206,3.1506468009574267,Hipsters (Stilyagi) (2008),Drama|Musical|Romance,1239426,38336.0
134849,-0.08782212530452445,0.7548520770222206,3.6506468009574267,Duck Amuck (1953),Animation|Children|Comedy,45708,53210.0
26171,1.0550437245112445,0.8278035376934381,5.041500095183705,Play Time (a.k.a. Playtime) (1967),Comedy,62136,10227.0
813,-0.4819381600513085,1.1079675846109889,3.3320153274228117,Larger Than Life (1996),Comedy,116823,34170.0
2970,-0.19641261538787172,0.2837467184187765,3.074779235985754,Fitzcarraldo (1982),Adventure|Drama,83946,9343.0
5131,0.5879198229884129,0.5946145621735813,4.755731335274418,How to Kill Your Neighbor's Dog (2000),Comedy|Drama,207524,13791.0
8916,-0.3626965678154139,0.4832217024063165,3.016410244858424,Shall We Dance? (2004),Comedy|Romance,358135,4380.0
5319,0.2471112054484777,0.47550186502964653,4.286675330632215,Nine Queens (Nueve reinas) (2000),Crime|Thriller,247586,18079.0
5127,-0.09678450293949233,0.13152139420147063,3.031106190222017,Dragonfly (2002),Drama|Fantasy|Mystery|Romance|Thriller,259288,10052.0
8241,0.10049758836271362,0.13152139420147063,4.531106190222017,Masterminds (1997),Action|Comedy|Thriller,119630,25224.0
278,-0.4363582698832278,0.2708644374133104,2.156006309568772,Miami Rhapsody (1995),Comedy,113808,17402.0
2046,0.01533457220089074,3.566506449761418,3.771289897169737,Flight of the Navigator (1986),Adventure|Children|Sci-Fi,91059,10122.0
2993,-0.1338899762731463,4.5205117093187805,3.7373719681866446,Thunderball (1965),Action|Adventure|Thriller,59800,660.0
2204,-0.056291073102712946,0.0389707429172628,2.3225458468176914,Saboteur (1942),Mystery|Thriller,35279,31997.0
4020,-1.1427289533430756,2.9358581365180587,3.3777586253552956,"Gift, The (2000)",Thriller,219699,2046.0
4,-0.5426895478207333,0.8778643396190152,3.148797338970378,Waiting to Exhale (1995),Comedy|Drama|Romance,114885,31357.0
445,-1.0270733000976677,1.5563497465375105,3.1070658093886694,Fatal Instinct (1993),Comedy,106873,26141.0
73017,0.6933052706609477,10.44379734561227,3.833374696064114,Sherlock Holmes (2009),Action|Crime|Mystery|Thriller,988045,10528.0
2581,-2.2013687724842015,5.9698089096501565,3.398240000289555,Never Been Kissed (1999),Comedy|Romance,151738,11355.0
5608,0.5970649220220027,2.464730076198053,4.009233824453811,"Das Experiment (Experiment, The) (2001)",Drama|Thriller,250258,575.0
1779,-0.019625330500918373,1.8572854370539051,3.756423616851525,Sphere (1998),Sci-Fi|Thriller,120184,10153.0
3505,0.45344239316695784,0.7527413076736323,4.369378374052935,No Way Out (1987),Drama|Mystery|Thriller,93640,10083.0
51084,0.03978840642627056,1.667267751645332,3.790854728385091,Music and Lyrics (2007),Comedy|Romance,758766,11172.0
4333,-0.9621560720906475,0.49960815541910686,1.8411689017303288,Throw Momma from the Train (1987),Comedy|Crime,94142,11896.0
7360,1.083905420480864,1.5523385057428196,4.465230666329169,Dawn of the Dead (2004),Action|Drama|Horror|Thriller,363547,924.0
3653,-0.11380723252145608,0.20611695413058848,3.2148414736090682,"Endless Summer, The (1966)",Documentary,60371,21.0
5049,0.12224179973532298,0.32506528239041954,4.143043368466808,48 Hrs. (1982),Action|Comedy|Crime|Drama,83511,150.0
72489,0.2178509404591996,0.597166645760704,4.1317979073701805,Ninja Assassin (2009),Action|Crime|Drama|Thriller,1186367,22832.0
112788,0.4176743139034248,0.3494634005724097,4.962177865180571,Sex Tape (2014),Comedy,1956620,225886.0
55,0.1550055553714866,0.4990838211411603,4.077570496040293,Georgia (1995),Drama,113158,97406.0
1340,-0.1320893999222489,0.3338523294738158,3.3713381173490924,"Bride of Frankenstein, The (Bride of Frankenstein) (1935)",Drama|Horror|Sci-Fi,26138,229.0
5363,-0.2228278385342975,0.5594497287749362,3.3686920580638855,"New Guy, The (2002)",Comedy,241760,10985.0
6003,0.017844446135255654,1.3197254936267102,3.7805116229492413,Confessions of a Dangerous Mind (2002),Comedy|Crime|Drama|Thriller,290538,4912.0
127198,0.09110743860998576,0.6494787702890066,3.907268069039914,Dope (2015),Comedy|Drama,3850214,308639.0
1318,-0.032024853773317846,0.030825587404552823,2.7280853921266894,Blue Juice (1995),Comedy|Drama,112537,18762.0
3093,0.0002390798628561496,0.29072111323306965,3.7678126596831887,McCabe & Mrs. Miller (1971),Drama|Western,67411,29005.0
27821,0.02451391986713536,0.7739428156393862,3.7986643624877776,"Interpreter, The (2005)",Drama|Thriller,373926,179.0
55391,1.076923068911966,0.9999999925611112,4.843913368185213,10th & Wolf (2006),Crime|Drama|Thriller,360323,13197.0
5556,-0.2940665942416983,0.13152139420147063,1.531106190222017,FearDotCom (a.k.a. Fear.com) (a.k.a. Fear Dot Com) (2002),Crime|Horror|Thriller,295254,9544.0
31193,0.034736891261978306,0.13152139420147063,4.031106190222017,"Many Adventures of Winnie the Pooh, The (1977)",Animation|Children|Musical,76363,13716.0
113207,-0.33678491193566623,0.7348034442232716,3.3086569579288025,Get on Up (2014),Drama|Musical,2473602,239566.0
3926,-0.06401098013382155,0.43851677948819323,3.6210187272810934,Voyage to the Bottom of the Sea (1961),Adventure|Sci-Fi,55608,2160.0
2424,2.145400416993839,7.433727825022356,4.055593865066964,You've Got Mail (1998),Comedy|Romance,128853,9489.0
450,-0.06721335534596543,0.545789795457776,3.6438414967897312,With Honors (1994),Comedy|Drama,111732,16297.0
930,1.424526946241875,2.2237028327796384,4.407600594600739,Notorious (1946),Film-Noir|Romance|Thriller,38787,303.0
8,0.4954438195726744,0.5735380447099327,4.630828050836125,Tom and Huck (1995),Adventure|Children,112302,45325.0
100,-0.7056911170770177,1.7300211217719121,3.359081330963294,City Hall (1996),Drama|Thriller,115907,11062.0
44665,2.847899859149638,8.682253289258675,4.0950042024288305,Lucky Number Slevin (2006),Crime|Drama|Mystery,425210,186.0
56757,-0.33922564140969025,5.005696810759044,3.6992223751788904,Sweeney Todd: The Demon Barber of Fleet Street (2007),Drama|Horror|Musical|Thriller,408236,13885.0
65596,0.12299376161365849,0.45905478312309717,4.034918578114725,Mesrine: Killer Instinct (L'instinct de mort) (2008),Action|Crime|Drama|Thriller,1259014,13635.0
88094,-0.3360610215094387,0.45905478312309717,3.0349185781147257,Upside Down: The Creation Records Story (2010),Documentary,1764726,64780.0
95441,-0.8664554867604952,3.6467485577992487,3.52939357379517,Ted (2012),Comedy|Fantasy,1637725,72105.0
4054,0.898105783054572,1.4175626268508732,4.40054662665292,Save the Last Dance (2001),Drama|Romance,206275,9816.0
4299,-4.461134042043929,7.303682851488586,3.156184190729623,"Knight's Tale, A (2001)",Action|Comedy|Romance,183790,9476.0
58998,1.2650304893904287,6.572771363031359,3.959455603003483,Forgetting Sarah Marshall (2008),Comedy|Romance,800039,9870.0
61160,-1.908424100943901,1.2108599721565345,2.190900450299759,Star Wars: The Clone Wars (2008),Action|Adventure|Animation|Sci-Fi,1185834,12180.0
59129,-0.10121182908245467,0.19457248761213886,3.246814852665645,Outpost (2008),Action|Horror,892899,9017.0
6567,-0.007379708419377885,0.09066498915235671,3.6855949424249266,Buffalo Soldiers (2001),Comedy|Crime|Drama|War,252299,9104.0
2574,-0.1976328470647321,0.34923073376900454,3.201081200353045,"Out-of-Towners, The (1999)",Comedy,129280,8970.0
2159,-0.003606444719102507,0.3025183832351104,3.755068884435432,Henry: Portrait of a Serial Killer (1986),Crime|Horror|Thriller,99763,10692.0
3959,-0.5526704126329689,1.5427328183790303,3.408749119460484,"Time Machine, The (1960)",Action|Adventure|Sci-Fi,54387,2134.0
8866,-0.5065947146516606,0.6499782908215936,2.9875877761238097,Wimbledon (2004),Comedy|Romance,360201,11823.0
7209,0.3258856240902421,0.3349380025371933,4.739963264235109,"M. Hulot’s Holiday (Mr. Hulot's Holiday) (Vacances de Monsieur Hulot, Les) (1953)",Comedy,46487,778.0
118572,-0.17652137971554788,0.3349380025371933,3.239963264235109,The Mule (2014),Comedy|Crime|Drama,2130270,253272.0
167854,-0.34399038098414453,0.3349380025371933,2.739963264235109,"Dana Carvey: Straight White Male, 60 (2016)",Comedy,6217368,423122.0
4254,-1.115520681081496,3.396627461203231,3.438570205802917,Crocodile Dundee in Los Angeles (2001),Comedy|Drama,231402,9290.0
26236,-0.08782212530452445,0.7548520770222206,3.6506468009574267,"White Sun of the Desert, The (Beloe solntse pustyni) (1970)",Action|Adventure|Comedy|Drama|Romance|War,66565,20848.0
119153,0.003303640004405993,0.002847433546159135,4.92720700952839,Bill Burr: You People Are All the Same (2012),Comedy,2290153,191489.0
4066,-0.05452321849984318,0.6849669880137077,3.6873905157197386,I'm Gonna Git You Sucka (1988),Action|Comedy,95348,17006.0
6212,-0.7990953880141514,0.9816481502391132,2.9529558657711847,Bringing Down the House (2003),Comedy,305669,10678.0
4160,0.29061254190162233,0.5946145621735813,4.255731335274419,"Widow of St. Pierre, The (Veuve de Saint-Pierre, La) (2000)",Drama|Romance,191636,48217.0
4313,-0.006694739185168349,0.5946145621735813,3.7557313352744184,"Man Who Cried, The (2000)",Drama,206917,29572.0
6425,-0.27940759738894627,0.36675986552339207,3.005163211327389,"6th Man, The (Sixth Man, The) (1997)",Comedy,120142,36807.0
30883,-1.0742241673626933,0.6147430966077871,2.019554373249607,Fat Albert (2004),Comedy|Fantasy,396592,15045.0
757,-0.022645469476552486,0.08970244219838251,3.5145393108699787,Ashes of Time (Dung che sai duk) (1994),Drama,109688,40751.0
4248,-0.5389879498962041,0.25139321721238833,1.6229867422688362,Josie and the Pussycats (2001),Comedy,236348,19366.0
1256,2.2780513562224587,3.4730995149271537,4.422903358662463,Duck Soup (1933),Comedy|Musical|War,23969,3063.0
3479,0.423902151608364,2.8312467603135736,3.9167130768385565,Ladyhawke (1985),Adventure|Fantasy|Romance,89457,526.0
1279,1.5869902153888047,1.4613888427842823,4.852936870931667,Night on Earth (1991),Comedy|Drama,102536,339.0
161,0.8013719156050007,14.41497171386947,3.822583318533494,Crimson Tide (1995),Drama|Thriller|War,112740,8963.0
40819,1.3371653026507095,7.108652544535898,3.9550941962249024,Walk the Line (2005),Drama|Musical|Romance,358273,69.0
1385,-2.820991552802012,4.4048379017273875,3.1265600153385336,Under Siege (1992),Action|Drama|Thriller,105690,8845.0
555,2.8867106455359055,11.596244733791021,4.015925244930727,True Romance (1993),Crime|Thriller,108399,319.0
88129,-0.5781394102097057,4.757214154788285,3.645461305725971,Drive (2011),Crime|Drama|Film-Noir|Thriller,780504,64690.0
2687,-1.8603307952432655,3.9289421475024717,3.293496224563844,Tarzan (1999),Adventure|Animation|Children|Drama,120855,37135.0
90249,0.1440162214720328,1.2154882237518359,3.8854745502272285,Real Steel (2011),Action|Drama|Sci-Fi|IMAX,433035,39254.0
134368,-1.1603544683583884,2.9095011941786986,3.368174689921255,Spy (2015),Action|Comedy|Crime,3079380,238713.0
139642,-1.7352416837693778,1.0739823500485237,2.1512824691634043,Southpaw (2015),Action|Drama,1798684,307081.0
104863,0.0019812988672581644,0.024171846180549645,3.84895750437689,What If (2013),Comedy|Drama|Romance,1486834,212716.0
54281,-0.03034010198047381,0.11394494335438751,3.500720449992295,Charlie Bartlett (2007),Comedy|Drama,423977,8669.0
987,-0.34407826576967365,0.4990838211411603,3.077570496040293,Bliss (1997),Drama|Romance,118742,63945.0
74698,-0.7566012951168186,0.9362473364107715,2.9588691189046794,Tooth Fairy (2010),Comedy|Fantasy,808510,23023.0
6283,0.26553847082728,3.238664481919252,3.848980405492777,Cowboy Bebop: The Movie (Cowboy Bebop: Tengoku no Tobira) (2001),Action|Animation|Sci-Fi|Thriller,275277,11299.0
3629,1.19209802604371,2.4610168953080165,4.251382750459174,"Gold Rush, The (1925)",Adventure|Comedy|Romance,15864,962.0
156371,0.09110743860998576,0.6494787702890066,3.907268069039914,Everybody Wants Some (2016),Comedy,2937696,295699.0
1066,0.5501964580054194,1.0671432457753427,4.282569113677555,Shall We Dance (1937),Comedy|Musical|Romance,29546,31530.0
177615,0.33193080791092616,0.4243972472575414,4.549113196290069,Lady Bird (2017),Comedy,4925292,391713.0
3036,-0.421103686636062,0.5074535471632751,2.9371533751737946,"Quest for Fire (Guerre du feu, La) (1981)",Adventure|Drama,82484,62204.0
147374,1.1404279127548875,1.2723692654882595,4.663292916363081,"Doctor Who: The Doctor, the Widow and the Wardrobe (2011)",Adventure|Drama,1998643,315623.0
180985,0.10991604060888688,0.12088327304214612,4.676264484810523,The Greatest Showman (2017),Drama,1485796,316029.0
58105,-0.6043074190185721,0.4832217024063165,2.516410244858424,"Spiderwick Chronicles, The (2008)",Adventure|Children|Drama|Fantasy|IMAX,416236,8204.0
2937,0.19629511481143402,0.23578473870305258,4.599508612384896,"Palm Beach Story, The (1942)",Comedy,35169,32255.0
2163,-0.5025277596220148,0.43851677948819323,2.6210187272810934,Attack of the Killer Tomatoes! (1978),Comedy|Horror,80391,2182.0
1060,0.4752677972527264,3.529834031791845,3.901633391468031,Swingers (1996),Comedy|Drama,117802,10218.0
2959,21.2689738301644,40.69136771141131,4.289680361082517,Fight Club (1999),Action|Crime|Drama|Thriller,137523,550.0
4002,-0.5958965532530738,5.467587224445191,3.6580031770577457,"Planes, Trains & Automobiles (1987)",Comedy,93748,2609.0
39,-6.85987292623648,15.182580191788846,3.3151650521011082,Clueless (1995),Comedy|Romance,112697,9603.0
719,-2.139303206222186,5.728217392460414,3.393522760326949,Multiplicity (1996),Comedy,117108,9304.0
981,-0.07254148319991971,0.28364105600465217,3.5112392930754353,Dangerous Ground (1997),Drama,118927,52855.0
922,3.8136274842045816,5.790339309102855,4.425609291051884,Sunset Blvd. (a.k.a. Sunset Boulevard) (1950),Drama|Film-Noir|Romance,43014,599.0
5418,1.4440787000949409,23.79797809360032,3.8276710219702323,"Bourne Identity, The (2002)",Action|Mystery|Thriller,258463,2501.0
64197,0.3525211531752071,0.45905478312309717,4.534918578114725,Hunger (2008),Drama,986233,10360.0
1015,-1.4017374521810195,3.8667817250091288,3.404482771606961,Homeward Bound: The Incredible Journey (1993),Adventure|Children|Drama,107131,6878.0
1022,-0.03808650287063162,6.178000093470702,3.7608254317130267,Cinderella (1950),Animation|Children|Fantasy|Musical|Romance,42332,11224.0
3157,0.07081261351157898,2.683825153496529,3.7933752490971586,Stuart Little (1999),Children|Comedy|Fantasy,164912,10137.0
2579,-0.1833250554479741,0.7851236352144867,3.5334919640873443,Following (1998),Crime|Mystery|Thriller,154506,11660.0
5064,1.4207999367058353,4.534672465234359,4.080309488535716,The Count of Monte Cristo (2002),Action|Adventure|Drama|Thriller,245844,11362.0
23,-0.7868546629192305,2.642313829794619,3.4692002808376774,Assassins (1995),Action|Crime|Thriller,112401,9691.0
58803,0.8818113128949325,6.093440175557323,3.9117051464981243,21 (2008),Crime|Drama|Romance|Thriller,478087,8065.0
96811,0.7581357873509679,1.1758940598758483,4.41172166054128,End of Watch (2012),Crime|Drama|Thriller,1855199,77016.0
1254,0.5300261345426743,1.52698093754375,4.114097528498022,"Treasure of the Sierra Madre, The (1948)",Action|Adventure|Drama|Western,40897,3090.0
4105,0.18451520009204114,1.8342034487419283,3.8675872017186066,"Evil Dead, The (1981)",Fantasy|Horror|Thriller,83907,764.0
31925,-0.17652137971554788,0.3349380025371933,3.239963264235109,Royal Flash (1975),Adventure|Comedy|Romance,73639,54302.0
2784,-0.1320893999222489,0.3338523294738158,3.3713381173490924,"Masque of the Red Death, The (1964)",Horror,58333,25319.0
5792,0.06249999918897639,0.9999999870236222,3.829490291262136,Roger Dodger (2002),Comedy|Drama,299117,13441.0
162578,0.22238706261909524,1.6814699655603822,3.899247820194555,Kubo and the Two Strings (2016),Adventure|Animation|Children|Fantasy,4302938,313297.0
100843,0.5441294315396968,0.4243972472575414,5.049113196290069,Oh Boy (A Coffee in Berlin) (2012),Comedy|Drama,1954701,130739.0
25746,-0.1871855962823391,0.49842644783279677,3.391437193917003,"Hunchback of Notre Dame, The (1923)",Drama|Horror,14142,18987.0
25750,-0.6856120441151359,0.49842644783279677,2.391437193917003,Sherlock Jr. (1924),Comedy|Fantasy|Romance,15324,992.0
1685,0.04503838017658688,0.08467215473198333,4.298905184879157,"I Love You, I Love You Not (1996)",Drama|Romance,116592,45565.0
679,0.012487305310870908,0.06893676767508185,3.9481317304680914,"Run of the Country, The (1995)",Drama,114307,221917.0
26870,0.034736891261978306,0.13152139420147063,4.031106190222017,Major League II (1994),Comedy,110442,11067.0
66783,-0.03102380583875701,0.13152139420147063,3.531106190222017,Friday the 13th (2009),Horror,758746,13207.0
5603,0.19278482572024758,0.21112033903603206,4.680141656026404,"Lavender Hill Mob, The (1951)",Comedy|Crime,44829,32961.0
133771,-0.23363194653451755,0.6494787702890066,3.407268069039914,The Lobster (2015),Comedy|Romance|Sci-Fi,3464902,254320.0
736,-3.9013772518338827,18.271498291662905,3.5534677224198186,Twister (1996),Action|Adventure|Romance|Thriller,117998,664.0
176,0.679773725178781,2.1289189688981947,4.0862949407625315,Living in Oblivion (1995),Comedy,113677,9071.0
4252,0.02165041273181266,0.0389707429172628,4.322545846817691,"Circle, The (Dayereh) (2000)",Drama,255094,13898.0
520,-5.008835568254354,11.705771027837743,3.339095746225954,Robin Hood: Men in Tights (1993),Comedy,107977,8005.0
8984,0.1280874903178013,7.950102308026658,3.783101717927486,Ocean's Twelve (2004),Action|Comedy|Crime|Thriller,349903,163.0
63113,-0.009327120345015039,8.240403247402371,3.7658584145729757,Quantum of Solace (2008),Action|Adventure|Thriller,830515,10764.0
152077,-0.2854295902679308,2.336983480605927,3.644854387163265,10 Cloverfield Lane (2016),Thriller,1179933,333371.0
3263,-1.4953123122626546,5.358848578822618,3.4879541717920115,White Men Can't Jump (1992),Comedy|Drama,105812,10158.0
111362,-0.27496309311903877,3.572540526170798,3.6900245882547704,X-Men: Days of Future Past (2014),Action|Adventure|Sci-Fi,1877832,127585.0
1614,-1.1687056024496625,3.020613383581394,3.3800802653706445,In & Out (1997),Comedy,119360,10806.0
1717,-0.7846124802468288,3.1167419784489594,3.515249054524506,Scream 2 (1997),Comedy|Horror|Mystery|Thriller,120082,4233.0
1754,0.3461954667224707,2.571070775753369,3.901640597269768,Fallen (1998),Crime|Drama|Fantasy|Thriller,119099,9411.0
2315,-0.17493654022945426,0.4767214465164053,3.4000327282915888,Bride of Chucky (Child's Play 4) (1998),Comedy|Horror|Thriller,144120,11932.0
4369,-3.837855649803221,6.688846564798981,3.1932208659025396,"Fast and the Furious, The (2001)",Action|Crime|Thriller,232500,9799.0
6170,-0.09851872269739083,0.24082354437139974,3.357899382171227,"Black Stallion, The (1979)",Adventure|Children|Drama,78872,17264.0
6857,0.14654890212747818,2.180270811183216,3.8342062083747206,Ninja Scroll (Jûbei ninpûchô) (1995),Action|Adventure|Animation|Fantasy,107692,14282.0
1287,-1.2371713590280276,5.941977774807192,3.5587816095882685,Ben-Hur (1959),Action|Adventure|Drama,52618,665.0
44974,-1.1840664310137066,1.6149499333596096,3.0337994928635306,Hard Candy (2005),Drama|Thriller,424136,2652.0
44719,-0.2521697855932143,0.8985360176309931,3.4863451299718133,Brainstorm (2001),Drama,263124,53961.0
174053,0.7183956615857008,0.6736506164695563,4.83341202980465,Black Mirror: White Christmas (2014),Drama|Horror|Mystery|Sci-Fi|Thriller,3973198,374430.0
5023,-0.009260603239608754,0.4564154453807231,3.7467004361896725,"Waterdance, The (1992)",Drama,105789,61418.0
45221,-0.9457766797697692,0.8298376694325671,2.627277411734168,Stick It (2006),Comedy,430634,10115.0
1041,1.3435191414212293,2.0404015623662657,4.425448491942566,Secrets & Lies (1996),Drama,117589,11159.0
791,0.005471976703731519,0.07387168550037518,3.8410643653362104,"Last Klezmer: Leopold Kozlowski, His Life and Music, The (1994)",Documentary,113610,
1116,0.005471976703731519,0.07387168550037518,3.8410643653362104,"Single Girl, A (Fille seule, La) (1995)",Drama,113057,102461.0
8581,0.7896827525399799,0.9284668916473972,4.617513621328144,Pirates of Silicon Valley (1999),Documentary|Drama,168122,3293.0
1111,-0.106846046851685,0.8219953295416108,3.6370065273504015,Microcosmos (Microcosmos: Le peuple de l'herbe) (1996),Documentary,117040,9305.0
170411,-0.08782212530452445,0.7548520770222206,3.6506468009574267,Dave Chappelle: Deep in the Heart of Texas (2017),Comedy,6649108,444706.0
170357,0.0018799232313264256,0.002847433546159135,4.42720700952839,Dave Chappelle: The Age of Spin (2017),Comedy,6648926,444705.0
3964,-0.001983352499762274,0.93694322732099,3.7648734580945242,"Adventures of Ichabod and Mr. Toad, The (1949)",Animation|Children,41094,13465.0
5425,0.5879198229884129,0.5946145621735813,4.755731335274418,Dark Blue World (Tmavomodrý svet) (2001),Drama|War,244479,15813.0
7354,-0.006694739185168349,0.5946145621735813,3.7557313352744184,Mad Dog and Glory (1993),Comedy|Drama|Romance,107473,10433.0
27850,0.13055185389304885,0.5807306604208037,3.9917964928125236,"Yes Men, The (2003)",Documentary,379593,3396.0
49,-0.05644946236421094,0.06893676767508185,2.9481317304680914,When Night Is Falling (1995),Drama|Romance,114916,8391.0
1677,-0.27940759738894627,0.36675986552339207,3.005163211327389,Critical Care (1997),Comedy|Drama,118901,61337.0
5076,-0.03102380583875701,0.13152139420147063,3.531106190222017,"Adventures of Huck Finn, The (1993)",Adventure|Children|Comedy|Drama,106223,34723.0
4334,0.19278482572024758,0.21112033903603206,4.680141656026404,Yi Yi (2000),Drama,244316,25538.0
162,1.062190284929892,4.232397173696375,4.017956880960103,Crumb (1994),Documentary,109508,26564.0
7,-0.4630562153087049,8.675432650913073,3.713614715202541,Sabrina (1995),Comedy|Romance,114319,11860.0
637,-2.789574646067807,4.325547233750211,3.122083532574572,Sgt. Bilko (1996),Comedy,117608,9099.0
134130,0.9589751862911458,7.166428138416529,3.9008052361368972,The Martian (2015),Adventure|Drama|Sci-Fi,3659388,286217.0
2034,-0.46667873261640014,1.666287530585109,3.4869193406906414,"Black Hole, The (1979)",Children|Sci-Fi,78869,9570.0
7924,0.06397153115393392,0.43003084831255595,3.9157506218406484,Stray Dog (Nora inu) (1949),Drama|Film-Noir|Thriller,41699,30368.0
2272,-0.11299829299758386,0.20952117355327832,3.2276734714809123,One True Thing (1998),Drama,120776,53113.0
55274,-0.10121182908245467,0.19457248761213886,3.246814852665645,Elizabeth: The Golden Age (2007),Drama,414055,4517.0
64997,0.1769654999035979,0.3085174309665264,4.340589971997188,War of the Worlds (2005),Action|Sci-Fi,449040,34812.0
1431,-2.849863690198319,3.027681827270548,2.82572107845074,Beverly Hills Ninja (1997),Action|Comedy,118708,9622.0
101072,-0.2521697855932143,0.8985360176309931,3.4863451299718133,"Unintentional Kidnapping of Mrs. Elfriede Ott, The (Die Unabsichtliche Entführung der Frau Elfriede Ott) (2010)",Comedy,1663636,59255.0
2935,1.179624542671355,0.8260774705925337,5.194973240397919,"Lady Eve, The (1941)",Comedy|Romance,33804,3086.0
6385,-1.1016645347419087,2.7713939734363606,3.3694775069733285,Whale Rider (2002),Drama,298228,1088.0
8154,0.76063248859747,1.1612341904621621,4.422011039742461,"Dolce Vita, La (1960)",Drama,53779,439.0
80363,0.301581230884031,1.9280689953285832,3.923406494009401,Resident Evil: Afterlife (2010),Action|Horror|Sci-Fi|Thriller|IMAX,1220634,35791.0
99122,-0.009052378446951226,0.3349380025371933,3.739963264235109,I Bought a Vampire Motorcycle (1990),Comedy|Horror,97550,41153.0
128968,-0.5114593822527412,0.3349380025371933,2.239963264235109,Stitch! The Movie (2003),Animation|Children|Comedy,348124,15567.0
143031,-0.5114593822527412,0.3349380025371933,2.239963264235109,Jump In! (2007),Comedy|Drama|Romance,805559,13968.0
4909,-0.46594172939606476,0.3338523294738158,2.3713381173490924,"Incredible Shrinking Woman, The (1981)",Comedy|Sci-Fi,82558,12472.0
5165,0.30226051791428055,0.46537372367528645,4.416490902356333,Zombie (a.k.a. Zombie 2: The Dead Are Among Us) (Zombi 2) (1979),Horror,80057,7219.0
7561,0.03483676481465899,0.3338523294738158,3.8713381173490924,Paperhouse (1988),Fantasy|Horror|Thriller,98061,41965.0
30803,-1.1379500426826437,1.319626755275999,2.904663092959278,3-Iron (Bin-jip) (2004),Drama|Romance,423866,1280.0
95761,0.41584682375448906,0.6494787702890066,4.4072680690399135,Killer Joe (2011),Crime|Thriller,1726669,73567.0
7773,0.029626321035787804,0.030825587404552823,4.728085392126689,"Bang, Bang, You're Dead (2002)",Drama,288439,16876.0
1432,2.2990959500819477,2.1741818498772285,4.824443673191423,Metro (1997),Action|Comedy|Crime|Drama|Thriller,119664,8860.0
7728,-0.2541563481580951,1.026219754282207,3.5193275980645513,"Postman Always Rings Twice, The (1946)",Crime|Drama|Film-Noir|Thriller,38854,25736.0
38798,-0.12108571661225562,0.4832217024063165,3.516410244858424,In Her Shoes (2005),Comedy|Drama,388125,11931.0
7646,0.10049758836271362,0.13152139420147063,4.531106190222017,Rose Red (2002),Horror|Mystery|Thriller,259153,14980.0
648,-1.9707178440540387,27.521319704536992,3.6953833383539454,Mission: Impossible (1996),Action|Adventure|Mystery|Thriller,117060,954.0
115713,1.396533501015594,5.125780419961479,4.0394431446026795,Ex Machina (2015),Drama|Sci-Fi|Thriller,470752,264660.0
3024,-1.329990961065483,1.4440191097556114,2.8459561082099647,Piranha (1978),Horror|Sci-Fi,78087,24831.0
2717,-0.12698411281695227,9.65144590358262,3.7538332872147095,Ghostbusters II (1989),Comedy|Fantasy|Sci-Fi,97428,2978.0
58047,0.6838072410409104,3.023269980103897,3.993171626551752,"Definitely, Maybe (2008)",Comedy|Drama|Romance,832266,8390.0
2918,2.0646284804840462,18.236339228417627,3.8802053644532917,Ferris Bueller's Day Off (1986),Comedy,91042,9377.0
158238,0.8655722452454213,3.9103327552145695,3.988345428901292,The Nice Guys (2016),Crime|Mystery|Thriller,3799694,290250.0
110553,0.10223028848087976,1.3753101839010167,3.8413228234265584,The Amazing Spider-Man 2 (2014),Action|Sci-Fi|IMAX,1872181,102382.0
2912,0.12320405336462514,1.8135293244506079,3.834926360287074,"Limey, The (1999)",Crime|Drama|Thriller,165854,10388.0
238,-0.175680031991884,0.3277732492441685,3.2310099072710847,Far From Home: The Adventures of Yellow Dog (1995),Adventure|Children,113028,27985.0
8874,1.4423937831759144,13.203149407941554,3.876236482349569,Shaun of the Dead (2004),Comedy|Horror,365748,747.0
59018,0.287933146141823,0.19457248761213886,5.246814852665645,"Visitor, The (2007)",Drama|Romance,857191,12473.0
446,0.007602099508269622,1.6080389394696726,3.7717178506026934,Farewell My Concubine (Ba wang bie ji) (1993),Drama|Romance,106332,10997.0
1365,0.07942014892201482,0.98621889190318,3.8475202320025246,Ridicule (1996),Drama,117477,12709.0
2357,0.2354213293007807,0.689304623005937,4.108524819601942,Central Station (Central do Brasil) (1998),Drama,140888,666.0
4437,-1.4284430067698324,1.1386398487034937,2.5124733266606234,Suspiria (1977),Horror,76786,11906.0
34338,0.6164867427443024,0.8278433905272539,4.511680349549201,"Aristocrats, The (2005)",Comedy|Documentary,436078,15258.0
1498,-0.3556726587406866,0.2553547293522878,2.3741331484049932,Inventing the Abbotts (1997),Drama|Romance,119381,12723.0
8861,-0.8262982499943851,3.1866311529111164,3.507688787465712,Resident Evil: Apocalypse (2004),Action|Horror|Sci-Fi|Thriller,318627,1577.0
2136,-2.8867033515064846,2.5463084097697877,2.6333085501067224,"Nutty Professor, The (1963)",Comedy|Sci-Fi,57372,18331.0
6402,-0.5114593822527412,0.3349380025371933,2.239963264235109,Siam Sunset (1999),Comedy,178022,50285.0
66798,-0.009052378446951226,0.3349380025371933,3.739963264235109,"Pink Panther 2, The (2009)",Adventure|Comedy|Mystery,838232,15159.0
92643,-0.5114593822527412,0.3349380025371933,2.239963264235109,Monsieur Lazhar (2011),Children|Comedy|Drama,2011971,78480.0
4109,-0.7099974333781841,0.552205490729207,2.4812416971280804,Flowers in the Attic (1987),Drama|Thriller,93036,15658.0
57504,0.21819504425225356,0.8757353500643666,4.016146665086963,"Girl Who Leapt Through Time, The (Toki o kakeru shôjo) (2006)",Animation|Comedy|Drama|Romance|Sci-Fi,808506,14069.0
107410,-0.08782212530452445,0.7548520770222206,3.6506468009574267,Guest from the Future (Gostya iz buduschego) (1985),Adventure|Drama|Sci-Fi,86723,20894.0
172825,0.28960391320658585,0.7548520770222206,4.150646800957427,Adventures of Mowgli: The Kidnapping (1968),Adventure|Animation|Children,1259772,195065.0
167634,0.003303640004405993,0.002847433546159135,4.92720700952839,Fist Fight (2017),Comedy,3401882,345922.0
158783,0.09110743860998576,0.6494787702890066,3.907268069039914,The Handmaiden (2016),Drama|Romance|Thriller,4016934,290098.0
26776,0.49068619431394117,0.8327800842252095,4.356204903389249,Porco Rosso (Crimson Pig) (Kurenai no buta) (1992),Adventure|Animation|Comedy|Fantasy|Romance,104652,11621.0
2070,0.14559963647939098,0.29072111323306965,4.267812659683189,Tender Mercies (1983),Drama|Romance|Western,86423,42121.0
5187,0.1272641231636065,0.5018414522691017,4.020584574054391,Hopscotch (1980),Comedy,80889,32030.0
4522,-0.941044539110208,0.43851677948819323,1.6210187272810934,Masquerade (1988),Mystery|Romance|Thriller,95599,41963.0
2988,0.0035102890911864405,0.024664399667020533,3.909312388640413,Melvin and Howard (1980),Drama,81150,38772.0
720,5.1904295982757045,5.203494901534847,4.7644794204903995,Wallace & Gromit: The Best of Aardman Animation (1996),Adventure|Animation|Comedy,118114,503475.0
5481,-4.886080902768176,13.54046281467449,3.4061399296723622,Austin Powers in Goldmember (2002),Comedy,295178,818.0
59421,0.4314618657455372,1.7831021077106106,4.008962898371836,What Happens in Vegas... (2008),Comedy|Romance,1033643,9029.0
1358,1.30150124891567,10.099238600329182,3.89586151615559,Sling Blade (1996),Drama,117666,12498.0
26444,-0.10653362994789009,0.45905478312309717,3.5349185781147257,"Hitch Hikers Guide to the Galaxy, The (1981)",Adventure|Comedy|Sci-Fi,81874,64353.0
3852,-0.5205244173965098,1.0456623553960251,3.269196319134899,"Tao of Steve, The (2000)",Comedy,234853,20438.0
164909,-0.22334255547868134,2.4708658382536832,3.676599889638173,La La Land (2016),Comedy|Drama|Romance,3783958,313369.0
56782,1.8654903674277037,4.998848121870244,4.140174337255868,There Will Be Blood (2007),Drama|Western,469494,7345.0
3169,-0.16522280921627622,0.6330892671003321,3.5060115986789753,The Falcon and the Snowman (1985),Crime|Drama|Thriller,87231,26578.0
31420,-0.3631717286722988,1.1000366974529956,3.436845188364042,Assault on Precinct 13 (2005),Action|Crime|Drama|Thriller,398712,8978.0
79224,-4.0987061840883285,2.6869667965578103,2.241587673954377,"Karate Kid, The (2010)",Action|Children|Drama,1155076,38575.0
140928,-0.4858017321277318,1.5480147879199997,3.4531678808312365,Joy (2015),Comedy|Drama,2446980,274479.0
3628,0.15503679996388905,0.2553547293522878,4.374133148404994,Flying Tigers (1942),Action|Drama|Romance|War,34742,29372.0
8014,1.2698245773598957,3.1365905509769614,4.17183260546358,"Spring, Summer, Fall, Winter... and Spring (Bom yeoreum gaeul gyeoul geurigo bom) (2003)",Drama,374546,113.0
50658,-0.08731257365766756,0.11394494335438751,3.000720449992295,49 Up (2005),Documentary,473434,13365.0
106927,0.15841662282164543,0.3349380025371933,4.239963264235109,RoboGeisha (Robo-geisha) (2009),Action|Comedy|Sci-Fi,1381512,39260.0
5072,-1.1269321822858447,2.466069294526273,3.3100152237783464,Metropolis (2001),Animation|Sci-Fi,293416,9606.0
170597,0.6670299517176961,0.7548520770222206,4.650646800957427,A Plasticine Crow (1981),Animation,219251,129229.0
1422,0.112935347291663,0.5126623414328265,3.987282164029742,Murder at 1600 (1997),Crime|Drama|Mystery|Thriller,119731,9415.0
3864,-0.9526793377694668,0.5576970805160844,2.058752304992113,Godzilla 2000 (Gojira ni-sen mireniamu) (1999),Action|Adventure|Sci-Fi,188640,10643.0
33499,-0.5498821640977529,0.9816481502391132,3.2068281150650835,Monster-in-Law (2005),Comedy|Romance,369735,4379.0
453,0.04289695575573604,0.7751330563480828,3.822331700591056,For Love or Money (1993),Comedy|Romance,106941,9024.0
140956,-0.7428571420614216,0.9999999989288367,3.024133148404993,Ready Player One,Action|Sci-Fi|Thriller,1677720,333339.0
189547,0.8388184064731524,0.27236927080775303,6.846700436189672,Iron Soldier (2010),Action|Sci-Fi,1665744,111196.0
3389,-0.27940759738894627,0.36675986552339207,3.005163211327389,Let's Get Harry (1986),Action|Adventure,91400,32031.0
31221,-2.313763042651645,1.4247938753773748,2.1430620286291884,Elektra (2005),Action|Adventure|Crime|Drama,357277,9947.0
3496,-0.7407407284788359,0.9999999834464288,3.0262495505213955,Madame Sousatzka (1988),Drama,95564,118098.0
7150,-0.040646511499582205,1.0532598760959804,3.728399139712489,Stuck on You (2003),Comedy,338466,1792.0
34271,0.12052513459090264,0.4832217024063165,4.016410244858424,Hustle & Flow (2005),Crime|Drama,410097,10476.0
62081,0.2002701268670702,1.2585566623077917,3.926117117145238,Eagle Eye (2008),Action|Crime|Thriller|IMAX,1059786,13027.0
106782,-0.8563792352011773,11.467053688372681,3.6923085762833767,"Wolf of Wall Street, The (2013)",Comedy|Crime|Drama,993846,106646.0
247,1.7483417754590558,3.0413469730009055,4.341848007589702,Heavenly Creatures (1994),Crime|Drama,110005,1024.0
1914,0.02992964858979627,1.9006436280423937,3.782737403528849,Smoke Signals (1998),Comedy|Drama,120321,20862.0
3916,0.8442806614456291,7.31157354299379,3.8824621054319666,Remember the Titans (2000),Drama,210945,10637.0
5218,2.0274961258461177,20.593006555295325,3.865445857738162,Ice Age (2002),Adventure|Animation|Children|Comedy,268380,425.0
8970,1.711553897859475,6.287903618307854,4.0391881495238495,Finding Neverland (2004),Drama,308644,866.0
627,-0.35834260904419885,1.523854988043146,3.531834970148305,"Last Supper, The (1995)",Drama|Thriller,113613,12520.0
5679,-2.454987432623948,8.983276764470647,3.4937061103345752,"Ring, The (2002)",Horror|Mystery|Thriller,298130,565.0
2053,-2.5805486924912655,2.8713984584291943,2.8682823167851415,"Honey, I Blew Up the Kid (1992)",Children|Comedy|Sci-Fi,104437,11158.0
2097,-0.13945987011513278,1.3131088643251654,3.6607844206721114,Something Wicked This Way Comes (1983),Children|Drama|Fantasy|Mystery|Thriller,86336,24808.0
2083,-0.49243132323470334,1.458532928605293,3.4293693067941433,"Muppet Christmas Carol, The (1992)",Children|Comedy|Musical,104940,10437.0
3543,0.36256676299844975,3.503785277895421,3.8704688820552993,Diner (1982),Comedy|Drama,83833,13776.0
1810,0.20315715549927016,1.9442501378436012,3.871481555809297,Primary Colors (1998),Comedy|Drama,119942,9440.0
728,-0.0851355675389998,0.49550753647901163,3.595175412029505,Cold Comfort Farm (1995),Comedy,112701,32513.0
83369,0.0019812988672581644,0.024171846180549645,3.84895750437689,"Way Back, The (2010)",Drama,1023114,49009.0
86911,-0.21280615498672067,1.200893531076607,3.589783778378401,"Hangover Part II, The (2011)",Comedy,1411697,45243.0
4149,-0.6433378615624218,1.305270658312852,3.2741133101814626,Saving Silverman (Evil Woman) (2001),Comedy|Romance,239948,10878.0
27705,0.1975497847283012,0.11394494335438751,5.500720449992295,In Hell (2003),Action|Drama|Thriller,339135,19277.0
5065,-0.20121690612541898,2.3176903336089607,3.6801724350509066,"Mothman Prophecies, The (2002)",Drama|Fantasy|Horror|Mystery|Thriller,265349,2637.0
691,-0.4891997425233523,0.7898049343742299,3.147597171224275,Mrs. Winterbourne (1996),Comedy|Romance,117104,40001.0
127390,0.0018799232313264256,0.002847433546159135,4.42720700952839,Family Guy Presents: Blue Harvest (2007),Animation|Comedy,888817,278468.0
3251,0.08963875562110915,0.287289928930473,4.079005251044463,Agnes of God (1985),Drama|Mystery,88683,24735.0
27022,0.09110743860998576,0.6494787702890066,3.907268069039914,Thursday (1998),Action|Crime|Thriller,124901,9812.0
2940,-0.0015014048855327999,0.2602140165728233,3.761220406513777,Gilda (1946),Drama|Film-Noir|Mystery|Romance,38559,3767.0
59103,-0.9772727259689297,0.9999999986658817,2.789717563989409,"Forbidden Kingdom, The (2008)",Action|Adventure|Comedy|Fantasy,865556,1729.0
1661,-0.14512147675367867,0.29072111323306965,3.2678126596831887,Switchback (1997),Crime|Mystery|Thriller,119210,10871.0
48593,-1.0483086119305498,0.9816481502391132,2.6990836164772865,Man of the Year (2006),Comedy|Thriller,483726,9895.0
90647,-0.18681155114733228,1.1657072388553211,3.606734315387118,Puss in Boots (2011),Adventure|Animation|Comedy|Fantasy|IMAX,448694,58423.0
3158,0.29061254190162233,0.5946145621735813,4.255731335274419,"Emperor and the Assassin, The (Jing ke ci qin wang) (1999)",Drama,162866,10387.0
2147,-0.5589772219862257,0.5074535471632751,2.665456515193422,"Clan of the Cave Bear, The (1986)",Adventure|Drama|Fantasy,90848,13853.0
1236,-0.04826759144197507,0.09217201077620096,3.2433216522088815,Trust (1990),Comedy|Drama|Romance,103130,37291.0
31223,-0.6043074190185721,0.4832217024063165,2.516410244858424,Racing Stripes (2005),Children|Comedy,376105,6439.0
87,-0.27034330802969275,1.4964287368144586,3.5863312987028313,Dunston Checks In (1996),Children|Comedy,116151,17414.0
92259,-1.6201621666451618,6.869163692589911,3.5311301139318294,Intouchables (2011),Comedy|Drama,1675434,77338.0
109374,3.92995862109244,10.69653148570881,4.13439524176811,"Grand Budapest Hotel, The (2014)",Comedy|Drama,2278388,120467.0
1374,0.8004193111049123,8.560186618686393,3.8604951816061903,Star Trek II: The Wrath of Khan (1982),Action|Adventure|Sci-Fi|Thriller,84726,154.0
7753,-0.10653362994789009,0.45905478312309717,3.5349185781147257,Tuesdays with Morrie (1999),Drama,207805,26133.0
98585,-0.013891295081538843,0.7642638611394859,3.748814245281331,Hitchcock (2012),Drama,975645,112336.0
1845,1.460001509893917,2.899594096343254,4.270509563747606,Zero Effect (1998),Comedy|Mystery|Thriller,120906,16148.0
3662,0.13552662082350211,0.34520005231493467,4.15959342070737,Puppet Master III: Toulon's Revenge (1991),Horror|Sci-Fi|Thriller,102728,26956.0
5014,1.2413376707514077,3.993823807225468,4.077804621254768,I Am Sam (2001),Drama,277027,10950.0
1233,-0.31982091956813596,6.090543427679234,3.714479226631241,"Boot, Das (Boat, The) (1981)",Action|Drama|War,82096,387.0
4359,-0.03558770957806667,0.8476571816018013,3.725006680021071,"Seven Year Itch, The (1955)",Comedy,48605,10653.0
96567,0.46959805742943433,0.49617907954808144,4.713418862690707,"Words, The (2012)",Drama|Romance,1840417,83686.0
75805,0.24579004716337904,0.3494634005724097,4.4703258816581055,"Bounty Hunter, The (2010)",Action|Comedy|Romance,1038919,27573.0
4427,-0.8464731890373788,1.1157245210369433,3.008314495331188,"Lion in Winter, The (1968)",Drama,63227,18988.0
1596,0.5801834284680389,0.9946955822811927,4.350267666574763,Career Girls (1997),Drama,118818,49462.0
87834,-0.5114593822527412,0.3349380025371933,2.239963264235109,My Life as McDull (Mak dau goo si) (2001),Animation|Comedy|Drama,312941,73884.0
119714,-0.009052378446951226,0.3349380025371933,3.739963264235109,Corner Gas: The Movie (2014),Comedy,3788052,298533.0
170837,-0.17652137971554788,0.3349380025371933,3.239963264235109,Life-Size (2000),Children|Comedy|Fantasy,200809,36968.0
6093,-0.1115648433933422,0.19282812438355437,3.1884188626907073,"Last Unicorn, The (1982)",Animation|Children|Fantasy,84237,10150.0
5472,0.014728626955735707,0.37587935351003476,3.806174744513417,1776 (1972),Children|Drama|Musical,68156,14902.0
59604,0.07690556589769396,1.1315213927055827,3.8349568064278854,"Girl Next Door, The (2007)",Crime|Drama|Horror|Thriller,830558,15356.0
31702,-0.066970751875756,0.5277933064494101,3.6401020737394774,Turtles Can Fly (Lakposhtha hâm parvaz mikonand) (2004),Drama|War,424227,8340.0
97860,-0.09786874189809884,0.33771897317612776,3.477196854495235,Killing Them Softly (2012),Crime|Drama|Thriller,1764234,64689.0
1495,-0.4431546927319337,0.29446463135477174,2.262039796212631,Turbo: A Power Rangers Movie (1997),Action|Adventure|Children,120389,6499.0
6713,-1.2191026817551118,0.967642859669854,2.5071218702095046,Millennium Actress (Sennen joyû) (2001),Animation|Drama|Romance,291350,33320.0
1594,0.19278482572024758,0.21112033903603206,4.680141656026404,In the Company of Men (1997),Comedy|Drama,119361,14585.0
4009,-0.06401098013382155,0.43851677948819323,3.6210187272810934,Talk Radio (1988),Drama,96219,10132.0
4010,-0.5025277596220148,0.43851677948819323,2.6210187272810934,Brewster's Millions (1985),Comedy,88850,11064.0
37736,0.15524740961027506,0.43851677948819323,4.121018727281093,Oliver Twist (2005),Drama,380599,257.0
1620,-1.4663434099035708,1.9061691482137002,2.997728333960129,Kiss the Girls (1997),Crime|Drama|Mystery|Thriller,119468,9437.0
171,-0.019489966422049324,0.6619762015466935,3.7375481959473627,Jeffrey (1995),Comedy|Drama,113464,17447.0
343,-0.05791017909389302,0.20119310613706237,3.4791564772424755,"Baby-Sitters Club, The (1995)",Children,112435,48287.0
86548,0.24534520695290843,0.8807263839335178,4.0455617198335645,Water for Elephants (2011),Drama|Romance,1067583,55787.0
95449,-0.6666842207377043,1.079992867508534,3.149686010099894,Magic Mike (2012),Drama|Romance,1915581,77930.0
122886,-2.316490751487987,8.712514455923964,3.501109440997042,Star Wars: Episode VII - The Force Awakens (2015),Action|Adventure|Fantasy|Sci-Fi|IMAX,2488496,140607.0
4011,9.116293175298997,18.650059457391706,4.255798018450688,Snatch (2000),Comedy|Crime|Thriller,208092,107.0
5903,1.1535332702541328,11.025201208346495,3.8716172498505075,Equilibrium (2002),Action|Sci-Fi|Thriller,238380,7299.0
27878,0.3525211531752071,0.45905478312309717,4.534918578114725,Born into Brothels (2004),Documentary,388789,1392.0
3397,-0.30116603355230714,1.740246866592712,3.5939309171389864,"Great Muppet Caper, The (1981)",Children|Comedy,82474,14900.0
3454,-0.20967343149143255,0.34520005231493467,3.159593420707371,Whatever It Takes (2000),Comedy|Romance,202402,16222.0
4154,-0.09851872269739083,0.24082354437139974,3.357899382171227,Recess: School's Out (2001),Animation|Children,265632,19405.0
132157,-0.5744353714806164,0.7778820941913343,3.0285295710963323,Paul Blart: Mall Cop 2 (2015),Action|Comedy|Crime,3450650,256961.0
48326,-0.10121182908245467,0.19457248761213886,3.246814852665645,All the King's Men (2006),Drama,405676,1717.0
1673,-2.3110352780500047,8.095505085920069,3.4815188779874506,Boogie Nights (1997),Drama,118749,4995.0
115569,0.6254264651406775,3.310870548786073,3.9558912029483357,Nightcrawler (2014),Crime|Drama|Thriller,2872718,242582.0
7004,-1.4602185053248333,2.910796270078669,3.2653342597716986,Kindergarten Cop (1990),Action|Comedy|Crime|Thriller,99938,951.0
2429,-0.6237679456579491,0.8404869277654289,3.0248396104462696,Mighty Joe Young (1998),Action|Adventure|Drama|Fantasy|Thriller,120751,9822.0
1305,-0.33159096045880276,0.5680205888162422,3.1832245493374636,"Paris, Texas (1984)",Drama|Romance,87884,655.0
130970,0.6670299517176961,0.7548520770222206,4.650646800957427,George Carlin: Life Is Worth Losing (2005),Comedy,484855,13015.0
3117,0.4102187919447764,0.9392143916128227,4.203758291846483,Ride with the Devil (1999),Drama|Romance|War,134154,22267.0
7076,0.659962539738327,1.4131289818560613,4.234012444379048,Bullitt (1968),Action|Crime|Drama|Thriller,62765,916.0
3516,0.09384693886227731,0.448304064661721,3.9763279847160016,"Bell, Book and Candle (1958)",Comedy|Fantasy|Romance,51406,2006.0
2674,0.10211723622547147,0.05387871620617172,5.662307095669849,"Loss of Sexual Innocence, The (1999)",Drama|Fantasy,126859,15059.0
81831,0.027113252563222372,0.03250989515973905,4.600990291262136,"First Beautiful Thing, The (La prima cosa bella) (2010)",Comedy|Drama,1467273,36940.0
3652,-0.03102380583875701,0.13152139420147063,3.531106190222017,"City of the Living Dead (a.k.a. Gates of Hell, The) (Paura nella città dei morti viventi) (1980)",Horror,81318,24920.0
37475,-0.03102380583875701,0.13152139420147063,3.531106190222017,"Unfinished Life, An (2005)",Drama,350261,1947.0
6122,0.19278482572024758,0.21112033903603206,4.680141656026404,Richard Pryor Live on the Sunset Strip (1982),Comedy|Documentary,84597,21923.0
3331,-0.5025277596220148,0.43851677948819323,2.6210187272810934,My Tutor (1983),Drama,85980,2193.0
8383,-0.7793217636933445,0.33860448768361584,1.4654207845356786,Hope Springs (2003),Comedy|Romance,314431,21544.0
1837,-0.4363582698832278,0.2708644374133104,2.156006309568772,"Odd Couple II, The (1998)",Comedy,120773,27472.0
2921,0.7113979216724571,1.6840938383092572,4.1894120741163885,High Plains Drifter (1973),Western,68699,11901.0
277,0.3565216967635797,5.40237036129537,3.8329838594406223,Miracle on 34th Street (1994),Drama,110527,10510.0
5451,0.6391918294532326,0.864788945730844,4.506120726044745,Pumpkin (2002),Comedy|Drama|Romance,265591,9719.0
112556,0.33946511952369923,4.93093919803131,3.8358341982523565,Gone Girl (2014),Drama|Thriller,2267998,210577.0
58299,-0.39851354424952173,2.1548945037142664,3.5820561594229083,Horton Hears a Who! (2008),Adventure|Animation|Children|Comedy,451079,12222.0
73268,-0.5081955588846493,1.0890026251573646,3.300328827694761,Daybreakers (2010),Action|Drama|Horror|Thriller,433362,19901.0
1963,0.05549639039541096,1.7101930214416023,3.7994406577994937,Take the Money and Run (1969),Comedy|Crime,65063,11485.0
4821,0.7791005738644866,0.3723449385728704,5.859406470868701,Joy Ride (2001),Adventure|Thriller,206314,10866.0
95067,-0.1490483589277348,0.5716746580518313,3.506267943632339,"Thousand Words, A (2012)",Comedy|Drama,763831,72358.0
428,-0.30500994074039306,2.0861069251805735,3.620780172759226,"Bronx Tale, A (1993)",Drama,106489,1607.0
4787,-0.20775867612813287,0.650987932992862,3.4478466242313512,Little Man Tate (1991),Drama,102316,11521.0
7884,-0.10121182908245467,0.19457248761213886,3.246814852665645,Highway 61 (1991),Comedy,102035,8468.0
194,2.0184262377659876,3.5103641503270793,4.341980848175703,Smoke (1995),Comedy|Drama,114478,10149.0
994,-0.08831749063413824,1.455858094214771,3.706326761633053,Big Night (1996),Comedy|Drama,115678,18203.0
2333,0.006672511117196713,0.039613085608159994,3.9354323859577893,Gods and Monsters (1998),Drama,120684,3033.0
92046,0.19709822322228226,0.8985360176309931,3.9863451299718133,Contact High (2009),Comedy,780002,31337.0
170827,0.014067221957532986,0.024171846180549645,4.34895750437689,The Mummy (2017),Action|Adventure|Fantasy|Horror|Thriller,2345759,282035.0
1381,1.1735725784971358,2.9974602618070074,4.158512605486129,Grease 2 (1982),Comedy|Musical|Romance,84021,9037.0
4124,-0.4373307204048278,0.3322981046097787,2.450910800172682,Jaws: The Revenge (1987),Horror|Thriller,93300,580.0
5304,-0.22408032214914422,0.8262961879249688,3.4958038505841698,"Rome, Open City (a.k.a. Open City) (Roma, città aperta) (1945)",Drama|War,38890,307.0
80831,0.11295002204308666,0.15273403790441675,4.5065112493459685,Let Me In (2010),Drama|Horror|Mystery,1228987,41402.0
82041,-0.039784015861330096,0.15273403790441675,3.5065112493459685,"Loved Ones, The (2009)",Horror,1316536,46420.0
331,-0.34407826576967365,0.4990838211411603,3.077570496040293,Tom & Viv (1994),Drama,111454,46797.0
2262,-0.2207456216528507,0.4972891237784268,3.3230923431718686,About Last Night... (1986),Comedy|Drama|Romance,90583,18169.0
3821,-2.74199989236923,1.9541314561685725,2.36380941327483,Nutty Professor II: The Klumps (2000),Comedy,144528,12107.0
5912,0.28960391320658585,0.7548520770222206,4.150646800957427,Hit the Bank (Vabank) (1981),Comedy|Crime,83271,22257.0
118896,-0.08782212530452445,0.7548520770222206,3.6506468009574267,Mommy (2014),Drama,3612616,265177.0
136445,0.6670299517176961,0.7548520770222206,4.650646800957427,George Carlin: Back in Town (1996),Comedy,246641,34509.0
5501,-1.5783921310997902,1.6712821567350549,2.822570389009802,"Master of Disguise, The (2002)",Comedy|Mystery,295427,13908.0
44840,-0.0887400524381896,0.6175905301539463,3.6233027699912554,"Benchwarmers, The (2006)",Comedy,437863,9957.0
87483,-0.0009675103148327097,0.002847433546159135,3.4272070095283897,Mr. Popper's Penguins (2011),Comedy,1396218,58224.0
131714,-0.03644596545721451,0.20620743613950301,3.5902461052156243,Last Knights (2015),Action|Adventure,2493486,308504.0
97306,-0.2615680119916832,1.6981169401304455,3.6129561338903886,Seven Psychopaths (2012),Comedy|Crime,1931533,86838.0
5788,0.22920746224029306,0.2837467184187765,4.574779235985754,All or Nothing (2002),Drama,286261,12454.0
4888,0.5879198229884129,0.5946145621735813,4.755731335274418,Tape (2001),Drama,275719,23949.0
5668,0.04569118624711646,0.714486385184499,3.830939986028283,White Oleander (2002),Drama,283139,10994.0
3090,0.6539610844836932,0.6853536861128631,4.7211853262269,Matewan (1987),Drama,93509,24276.0
3052,2.984044972914458,12.127293444793963,4.013050550832705,Dogma (1999),Adventure|Comedy|Fantasy,120655,1832.0
532,-0.5527745550818215,1.654229966811711,3.432832062858612,Serial Mom (1994),Comedy|Crime|Horror,111127,11592.0
80549,1.5108700807817617,3.533183209973884,4.194613199838374,Easy A (2010),Comedy|Romance,1282140,37735.0
1840,0.09394579418342947,1.840016789999253,3.8180473222055697,He Got Game (1998),Drama,124718,9469.0
177593,1.2931296096034668,2.76864407241677,4.234052714520711,"Three Billboards Outside Ebbing, Missouri (2017)",Crime|Drama,5027774,359940.0
1297,0.5710432719829419,2.8110270098811414,3.9701342916490576,Real Genius (1985),Comedy,89886,14370.0
3608,1.0550034735938267,3.567007755806759,4.062757372754005,Pee-wee's Big Adventure (1985),Adventure|Comedy,89791,5683.0
3763,0.325962848814837,1.7683616749028357,3.9513207104524,F/X (1986),Action|Crime|Thriller,89118,9873.0
72641,-0.545886776137783,7.955669128476353,3.698374217953626,"Blind Side, The  (2009)",Drama,878804,22881.0
33660,1.0031521130377008,3.4617583952083817,4.0567713789389135,Cinderella Man (2005),Drama|Romance,352248,921.0
1619,-0.2752803056574235,2.210850298941733,3.6424769735629723,Seven Years in Tibet (1997),Adventure|Drama|War,120102,978.0
391,0.7176875972034751,0.49617907954808144,5.213418862690707,Jason's Lyric (1994),Crime|Drama,110186,22067.0
112804,0.9556725127544992,0.5203509257286311,5.603582609064398,I Origins (2014),Drama|Sci-Fi,2884206,244267.0
1388,-0.9561436965016299,1.7275388550655926,3.2135186899155332,Jaws 2 (1978),Horror|Thriller,77766,579.0
106002,-1.3030797299810721,2.637623204077296,3.2729547034773674,Ender's Game (2013),Action|Adventure|Sci-Fi|IMAX,1731141,80274.0
4581,-0.009260603239608754,0.4564154453807231,3.7467004361896725,Dad (1989),Drama,97142,21291.0
7493,-0.009260603239608754,0.4564154453807231,3.7467004361896725,"Three Faces of Eve, The (1957)",Drama,51077,28285.0
5400,-0.8327477903402136,3.9989048200960835,3.5587463275260336,"Sum of All Fears, The (2002)",Drama|Thriller,164184,4614.0
88746,-0.5114593822527412,0.3349380025371933,2.239963264235109,Terri (2011),Comedy,1687281,51993.0
124273,-0.34399038098414453,0.3349380025371933,2.739963264235109,Kevin Smith: Too Fat For 40 (2010),Comedy,1705115,48132.0
86815,-0.12056071425485042,0.29610025585718946,3.359828487548608,Soul Surfer (2011),Action|Drama,1596346,43959.0
120478,0.6670299517176961,0.7548520770222206,4.650646800957427,The Salt of the Earth (2014),Documentary,3674140,265297.0
5899,-0.14512147675367867,0.29072111323306965,3.2678126596831887,Zulu (1964),Action|Drama|War,58777,14433.0
2863,-0.542309971616051,3.794827834197422,3.6240826297527056,"Hard Day's Night, A (1964)",Adventure|Comedy|Musical,58182,704.0
1598,-0.21664975213751322,0.9613744276969733,3.541636104697688,Desperate Measures (1998),Crime|Drama|Thriller,118966,9458.0
5615,-0.006694739185168349,0.5946145621735813,3.7557313352744184,Invincible (2001),Drama,245171,68569.0
6264,-2.187569303811431,1.329229481792286,2.1212479015719903,"Core, The (2003)",Action|Drama|Sci-Fi|Thriller,298814,9341.0
26116,-0.709636396198317,0.5913636634985974,2.566990291262136,"Hush... Hush, Sweet Charlotte (1964)",Horror|Thriller,58213,10299.0
438,0.04403281170067681,0.9320889342914742,3.8142312894981556,"Cowboy Way, The (1994)",Action|Comedy|Drama,109493,19176.0
62437,-0.9356190829648554,0.6391853141047033,2.303222175320107,W. (2008),Drama,1175491,10523.0
1887,0.08999042472232638,0.09217201077620096,4.7433216522088815,Almost Heroes (1998),Adventure|Comedy|Western,119053,14342.0
8530,0.12052513459090264,0.4832217024063165,4.016410244858424,Dear Frankie (2004),Drama|Romance,377752,8981.0
8835,-0.12108571661225562,0.4832217024063165,3.516410244858424,Paparazzi (2004),Drama|Thriller,338325,15644.0
4329,0.15134510289242725,1.1153501832849748,3.9026831930615327,Rio Bravo (1959),Western,53221,301.0
27311,0.034736891261978306,0.13152139420147063,4.031106190222017,Batman Beyond: Return of the Joker (2000),Action|Animation|Crime|Sci-Fi|Thriller,233298,16234.0
3038,0.19278482572024758,0.21112033903603206,4.680141656026404,"Face in the Crowd, A (1957)",Drama,50371,21849.0
5816,0.37579934815540234,17.29727337280177,3.788716221127262,Harry Potter and the Chamber of Secrets (2002),Adventure|Fantasy,295297,672.0
7151,0.441772690972438,1.5003313592954888,4.061440372729393,Girl with a Pearl Earring (2003),Drama|Romance,335119,3635.0
448,-0.06486124485636903,0.22032994280453655,3.4726079479874863,Fearless (1993),Drama,106881,10443.0
1200,2.0678895620661177,22.591825991087788,3.8585229350989767,Aliens (1986),Action|Adventure|Horror|Sci-Fi,90605,679.0
1234,5.667146593781588,12.698540460396726,4.213273595351757,"Sting, The (1973)",Comedy|Crime,70735,9277.0
2951,3.294418227492861,7.547442783325416,4.203484918922147,"Fistful of Dollars, A (Per un pugno di dollari) (1964)",Action|Western,58461,391.0
6548,-0.5119442089924793,2.9962788312613164,3.596130288631149,Bad Boys II (2003),Action|Comedy|Crime|Thriller,172156,8961.0
58295,-0.497271564732471,2.1111243318155832,3.5314420778109588,"Bank Job, The (2008)",Action|Crime|Thriller,200465,8848.0
59429,-0.6474524311036879,0.87688373606822,3.0286342191028535,American Pie Presents Beta House (American Pie 6: Beta House) (2007),Comedy,974959,8277.0
93840,1.2675056982384052,2.5162331292065665,4.270721715638574,"Cabin in the Woods, The (2012)",Comedy|Horror|Sci-Fi|Thriller,1259521,22970.0
69,-0.7723349663489913,3.39957583620394,3.5398046058822206,Friday (1995),Comedy,113118,10634.0
96606,0.4148601661244818,1.6533880946532138,4.017905468083641,Samsara (2011),Documentary,770802,89708.0
928,1.5457380464389212,2.755025070443407,4.328051627154133,Rebecca (1940),Drama|Mystery|Romance|Thriller,32976,223.0
6331,1.5304814996365717,2.7839383556856308,4.316744382084899,Spellbound (2002),Documentary,334405,16636.0
2881,-1.0700882038903134,2.7298918659391513,3.3750010636880337,Double Jeopardy (1999),Action|Crime|Drama|Thriller,150377,10398.0
120635,0.066657752612537,0.20620743613950301,4.090246105215624,Taken 3 (2015),Action|Crime|Thriller,2446042,260346.0
2077,0.3888859159558265,0.8107820918595918,4.246633243246789,"Journey of Natty Gann, The (1985)",Adventure|Children,89385,35144.0
2590,-0.2904820333702135,0.29072111323306965,2.7678126596831887,Hideous Kinky (1998),Drama,136244,10209.0
4035,-0.2904820333702135,0.29072111323306965,2.7678126596831887,"Claim, The (2000)",Romance|Western,218378,44853.0
6448,0.14559963647939098,0.29072111323306965,4.267812659683189,"Flight of the Phoenix, The (1965)",Action|Adventure|Drama,59183,10243.0
64034,-0.22613656976442797,1.028502222706004,3.547120499275241,"Boy in the Striped Pajamas, The (Boy in the Striped Pyjamas, The) (2008)",Drama|War,914798,14574.0
166,-1.195923863532331,0.5946145621735813,1.7557313352744184,"Doom Generation, The (1995)",Comedy|Crime|Drama,112887,13552.0
25788,0.13055185389304885,0.5807306604208037,3.9917964928125236,Scarface (1932),Crime|Drama,23427,877.0
180031,-0.3962479608068754,1.3397198053679567,3.4712210123284377,The Shape of Water (2017),Adventure|Drama|Fantasy,5580390,399055.0
89582,-0.6726190459527626,0.9999999975226914,3.0943712436430886,Cold Fish (Tsumetai nettaigyo) (2010),Drama|Thriller,1632547,68341.0
61705,0.023740631651410313,0.6147430966077871,3.80560907654401,Lakeview Terrace (2008),Drama|Thriller,947802,13279.0
108928,-0.059962204141843105,0.3052090780163887,3.5705275761569735,"Monuments Men, The (2014)",Action|Drama|War,2177771,152760.0
129,0.052839088425227505,0.024664399667020533,5.909312388640413,Pie in the Sky (1996),Comedy|Romance,114131,110972.0
543,-3.330160736088747,7.351238195450381,3.3139835123293357,So I Married an Axe Murderer (1993),Comedy|Romance|Thriller,108174,10442.0
2143,-0.6750055732279976,1.9670080621509458,3.4238266885212956,Legend (1985),Adventure|Fantasy|Romance,89469,11976.0
8528,1.6778820795384386,6.226230159767958,4.03647632638824,Dodgeball: A True Underdog Story (2004),Comedy,364725,9472.0
8965,-1.6632506249183137,2.2945147602626346,3.042109085996786,"Polar Express, The (2004)",Adventure|Animation|Children|Fantasy|IMAX,338348,5255.0
1876,-3.657925109614376,7.200012156027428,3.2589459948990838,Deep Impact (1998),Drama|Sci-Fi|Thriller,120647,8656.0
1230,1.3914732490103334,10.569283660292509,3.898642851050831,Annie Hall (1977),Comedy|Romance,75686,703.0
1261,2.037994825501688,4.90405636008841,4.182563579140285,Evil Dead II (Dead by Dawn) (1987),Action|Comedy|Fantasy|Horror,92991,765.0
2194,2.4890655258794747,13.44528047326374,3.9521158846500195,"Untouchables, The (1987)",Action|Crime|Drama,94226,117.0
1020,-1.2553794816681831,5.734527256384503,3.548074341343071,Cool Runnings (1993),Comedy,106611,864.0
155168,0.12299376161365849,0.45905478312309717,4.034918578114725,Fraktus (2012),Comedy,1971571,140554.0
2394,-1.0368435770532602,2.5413099809073363,3.358994578482906,"Prince of Egypt, The (1998)",Animation|Musical,120794,9837.0
44761,0.6405917450292602,1.0397196519104863,4.383109976844852,Brick (2005),Crime|Drama|Film-Noir|Mystery,393109,9270.0
97923,-0.19297136146125154,2.7658294686680986,3.6972204939383055,Flight (2012),Drama,1907668,87502.0
3430,-0.374200395734238,0.6066936222321138,3.1502038573492483,Death Wish (1974),Action|Crime|Drama,71402,13939.0
166534,0.22705615547129837,0.33222835774309745,4.450424291338898,Split (2017),Drama|Horror|Thriller,4972582,381288.0
6214,0.4903036887132745,1.6751428716407148,4.059683945644611,Irreversible (Irréversible) (2002),Crime|Drama|Mystery|Thriller,290673,979.0
55768,-0.043344255090957726,1.2683544489207603,3.7328166774684215,Bee Movie (2007),Animation|Comedy,389790,5559.0
39292,1.2685780815617187,4.8570461971227035,4.028173329280843,"Good Night, and Good Luck. (2005)",Crime|Drama,433383,3291.0
58303,-1.1204984227272565,1.013260555945437,2.6611558480356754,"Counterfeiters, The (Die Fälscher) (2007)",Crime|Drama|War,813547,7862.0
47725,-0.17652137971554788,0.3349380025371933,3.239963264235109,Angel-A (2005),Comedy|Drama|Fantasy|Romance,473753,11227.0
182297,-0.17652137971554788,0.3349380025371933,3.239963264235109,Porky in Wackyland (1938),Animation|Comedy|Fantasy,30604,128756.0
2790,-0.1320893999222489,0.3338523294738158,3.3713381173490924,"Final Conflict, The (a.k.a. Omen III: The Final Conflict) (1981)",Horror|Thriller,82377,10768.0
96020,-0.14443393063556687,0.9435580947923621,3.6139165892476877,Sidewalls (Medianeras) (2011),Drama,1235841,76696.0
2585,0.022239345288281587,0.0922555607872365,4.008052673827572,"Lovers of the Arctic Circle, The (Los Amantes del Círculo Polar) (1998)",Drama|Romance,133363,1414.0
170399,0.0018799232313264256,0.002847433546159135,4.42720700952839,CHiPS (2017),Action|Comedy|Drama,493405,417644.0
170813,-0.21068681991871102,0.3080565115625478,3.0830676601512104,Baywatch (2017),Action|Comedy,1469304,339846.0
95105,-0.052491823926525516,0.8734882271620272,3.7068958076798304,Madagascar 3: Europe's Most Wanted (2012),Adventure|Animation|Children|Comedy|IMAX,1277953,80321.0
6624,-3.0804578888396206,1.5762627124126947,1.8127108018205944,Agent Cody Banks (2003),Action|Adventure|Children|Fantasy,313911,10923.0
7054,0.06202762763405927,0.49842644783279677,3.891437193917003,Little Women (1949),Drama,41594,43436.0
97,0.13774101646065812,1.175345222594385,3.884182256493098,"Hate (Haine, La) (1995)",Crime|Drama,113247,406.0
8607,-0.604729398027136,1.5483735200906577,3.376432463851261,Tokyo Godfathers (2003),Adventure|Animation|Drama,388473,13398.0
65651,0.5664491356653993,0.27236927080775303,5.846700436189672,Fire and Ice (2008),Adventure|Fantasy,1135493,16999.0
182823,-0.01048780005402928,0.4260923510585348,3.742376378273615,Bright (2017),Action|Crime|Fantasy,5519340,400106.0
55241,0.34949137280796455,0.21306710886099592,5.407278061046309,Mr. Woodcock (2007),Comedy,419984,13257.0
661,2.6521242570270296,10.463519706197966,4.020454166850392,James and the Giant Peach (1996),Adventure|Animation|Children|Fantasy|Musical,116683,10539.0
2851,-2.9792780499058065,1.8052766427946978,2.116673669819746,Saturn 3 (1980),Adventure|Sci-Fi|Thriller,81454,
4260,0.06062115564907546,0.0389707429172628,5.322545846817691,"Visit, The (2000)",Drama,199129,70282.0
524,-0.703053166745764,4.7429884554280255,3.618760293792678,Rudy (1993),Drama,108002,14534.0
1006,0.08183892049639166,0.16161900022557843,4.273359718013729,"Chamber, The (1996)",Drama,115862,6346.0
74450,0.05815961067056932,1.3791528317663144,3.8091608247454216,Valentine's Day (2010),Comedy|Romance,817230,32856.0
38061,1.4053413632818739,5.691910431629798,4.013891815831537,Kiss Kiss Bang Bang (2005),Comedy|Crime|Mystery|Thriller,373469,5236.0
1690,-2.4236524277321694,6.4944376301675195,3.393801330839453,Alien: Resurrection (1997),Action|Horror|Sci-Fi,118583,8078.0
2328,-0.0434151460279836,0.4767214465164053,3.6759200313750773,Vampires (1998),Horror|Western,120877,9945.0
8228,0.9552035527640963,4.226945373282432,3.9929699215648418,"Maltese Falcon, The (a.k.a. Dangerous Female) (1931)",Mystery,22111,28257.0
2827,-2.293396959941302,1.5262067761256908,2.264312544172623,"Astronaut's Wife, The (1999)",Horror|Sci-Fi|Thriller,138304,2900.0
1965,-1.1553905504532476,4.142711493146322,3.4880931118749836,Repo Man (1984),Comedy|Sci-Fi,87995,13820.0
2966,0.5880890241058332,3.5996529846899943,3.9303641016286037,"Straight Story, The (1999)",Adventure|Drama,166896,404.0
83803,0.2022913395489183,0.8687970203766081,3.999831029437353,Day & Night (2010),Animation|Children,1620446,40619.0
55814,-0.4966052573391161,0.9550912305390458,3.247034457243185,"Diving Bell and the Butterfly, The (Scaphandre et le papillon, Le) (2007)",Drama,401383,2013.0
6464,-3.3024765812439285,1.075379750061727,0.6960038968704194,Good Burger (1997),Children|Comedy,119215,14817.0
5092,-0.7377107546383154,0.9496810991449804,2.990191895145278,Big Fat Liar (2002),Children|Comedy,265298,11870.0
27826,-0.17652137971554788,0.3349380025371933,3.239963264235109,Touch of Pink (2004),Comedy|Drama|Romance,374277,55177.0
533,0.07302409291654921,1.4927277995218726,3.8159101900808885,"Shadow, The (1994)",Action|Adventure|Fantasy|Mystery,111143,8850.0
3840,1.2642629157641654,1.333852316497438,4.714818547904515,Pumpkinhead (1988),Horror,95925,26515.0
69988,0.053198543559504194,0.05281164506088962,4.774316298588143,Humpday (2009),Comedy,1334537,23720.0
88235,0.004820209561826799,1.0600611550386092,3.7715373964351873,"Guard, The (2011)",Comedy|Crime,1540133,67913.0
71205,-0.008086094180230548,0.002847433546159135,0.9272070095283897,Jennifer's Body (2009),Comedy|Horror|Sci-Fi|Thriller,1131734,19994.0
3985,-0.15339738328620733,1.1367791480799605,3.6320499349534385,"Eagle Has Landed, The (1976)",Drama|War,74452,11372.0
3357,0.7204119037787863,0.5576970805160844,5.0587523049921135,East-West (Est-ouest) (1999),Drama|Romance,181530,28463.0
4142,-0.22047782009627764,0.2943351543717058,3.0179196592918762,Left Behind: The Movie (2000),Action|Adventure|Drama|Thriller,190524,37302.0
1695,0.29061254190162233,0.5946145621735813,4.255731335274419,Artemisia (1997),Drama,123385,39177.0
39869,0.4216956637090076,0.6201736271023534,4.446954167957929,Manderlay (2005),Drama,342735,1951.0
6724,-0.066970751875756,0.5277933064494101,3.6401020737394774,Paper Moon (1973),Comedy|Crime|Drama,70510,11293.0
5523,-0.021651590176386206,0.03250989515973905,3.100990291262136,"Adventures of Pluto Nash, The (2002)",Action|Adventure|Comedy|Sci-Fi,180052,11692.0
84942,-0.059962204141843105,0.3052090780163887,3.5705275761569735,Drive Angry (2011),Action|Fantasy|Thriller,1502404,47327.0
1791,1.2352979247628542,0.9716672700878548,5.038308120719501,Twilight (1998),Crime|Drama|Thriller,119594,26269.0
1746,-0.06511362113812935,0.11987182301091769,3.2237965739846492,Senseless (1998),Comedy,120820,12538.0
234,-1.113168016987464,2.6121801270169627,3.340845093435112,Exit to Eden (1994),Comedy,109758,18395.0
239,-1.9503380026037085,2.6786219324391336,3.0388778320216696,"Goofy Movie, A (1995)",Animation|Children|Comedy|Romance,113198,15789.0
1347,-2.3264949672937734,4.204903157189993,3.213708829044467,"Nightmare on Elm Street, A (1984)",Horror|Thriller,87800,377.0
1209,1.844839466854962,4.8393083761455555,4.148209945696382,Once Upon a Time in the West (C'era una volta il West) (1968),Action|Drama|Western,64116,335.0
1356,-1.5702908502144322,14.517551725110485,3.6588253003636804,Star Trek: First Contact (1996),Action|Adventure|Sci-Fi|Thriller,117731,199.0
1081,0.7206472399744516,2.522511588933508,4.052676685384564,Victor/Victoria (1982),Comedy|Musical|Romance,84865,12614.0
3361,0.9249766940139126,5.816724591187902,3.926010488885935,Bull Durham (1988),Comedy|Drama|Romance,94812,287.0
2358,0.1906469023357536,0.19457248761213886,4.746814852665645,Savior (1998),Drama|War,120070,2042.0
82848,0.6463662320377788,0.8985360176309931,4.486345129971813,One Week (1920),Comedy,11541,23282.0
160569,-1.599973812039704,0.8985360176309931,1.9863451299718133,Ice Age: Collision Course (2016),Adventure|Animation|Children|Comedy,3416828,278154.0
168254,-1.1294723373121887,1.324628368689528,2.914319184399469,Kong: Skull Island (2017),Action|Adventure|Fantasy,3731562,293167.0
3799,-1.410106167285173,1.1915975767634635,2.5836158074744064,Pokémon the Movie 2000 (2000),Animation|Children,210234,12599.0
54999,-0.8640451698246742,1.5281490031710674,3.201570840651174,Shoot 'Em Up (2007),Action|Comedy|Crime,465602,4141.0
2020,-0.2924984168348934,3.71445655195202,3.688244339399762,Dangerous Liaisons (1988),Drama|Romance,94947,859.0
86504,-0.1840270831201271,1.687424593216179,3.6579323316591075,Voices from the List (2004),Documentary,405455,167966.0
81910,-0.08731257365766756,0.11394494335438751,3.000720449992295,"Art of the Steal, The (2009)",Documentary,1326733,41999.0
132496,-0.34399038098414453,0.3349380025371933,2.739963264235109,Danny Collins (2015),Comedy|Drama,1772288,256924.0
94833,-1.2461191648696857,0.8076637220831102,2.2241214823775177,"Pirates! Band of Misfits, The (2012)",Adventure|Animation|Children|Comedy,1430626,72197.0
175431,0.6670299517176961,0.7548520770222206,4.650646800957427,Bobik Visiting Barbos (1977),Animation|Comedy,1070753,72199.0
110669,0.0018799232313264256,0.002847433546159135,4.42720700952839,"Honest Liar, An (2014)",Comedy|Documentary,2246565,262481.0
3537,0.2955046115656294,0.21835316125539117,5.1203236245954695,Where the Money Is (2000),Comedy|Drama,149367,31776.0
50842,0.41584682375448906,0.6494787702890066,4.4072680690399135,"Boss of It All, The (Direktøren for det hele) (2006)",Comedy|Drama,469754,5206.0
5563,-0.14512147675367867,0.29072111323306965,3.2678126596831887,City by the Sea (2002),Crime|Drama,269095,13536.0
869,0.17073190937809685,1.5396273262543276,3.8778820028255185,Kansas City (1996),Crime|Drama|Musical|Thriller,116745,22479.0
6856,0.31124085155045766,0.49842644783279677,4.391437193917003,Yankee Doodle Dandy (1942),Drama|Musical,35575,3087.0
77846,0.8096672993832544,0.49842644783279677,5.391437193917003,12 Angry Men (1997),Crime|Drama,118528,12219.0
146662,-0.2506586767578597,0.27236927080775303,2.846700436189672,Dragons: Gift of the Night Fury (2011),Adventure|Animation|Comedy,2065968,91417.0
1581,0.08735226813444577,0.36675986552339207,4.005163211327389,Out to Sea (1997),Comedy,119848,18080.0
63540,-2.034533503710551,0.9777898017883191,1.6862429772796101,Beverly Hills Chihuahua (2008),Adventure|Children|Comedy,1014775,14405.0
66509,0.12052513459090264,0.4832217024063165,4.016410244858424,Funny People (2009),Comedy|Drama,1201167,20829.0
2919,0.132637838867404,0.6207415588186667,3.980666719049293,"Year of Living Dangerously, The (1982)",Drama|Romance|War,86617,11541.0
7375,-0.6818986988619747,1.2278731833661132,3.211640839788161,"Prince & Me, The (2004)",Comedy|Romance,337697,11137.0
70183,0.1733131104223796,2.2843759890895665,3.842859198679366,"Ugly Truth, The (2009)",Comedy|Drama|Romance,1142988,20943.0
7438,2.550593993529606,24.48739496868759,3.871149757664793,Kill Bill: Vol. 2 (2004),Action|Drama|Thriller,378194,393.0
7099,-1.7859906075617507,3.9414321925867544,3.3138578966668586,Nausicaä of the Valley of the Wind (Kaze no tani no Naushika) (1984),Adventure|Animation|Drama|Fantasy|Sci-Fi,87544,81.0
47200,-0.497599651100115,1.8674578034130387,3.500531980830338,Crank (2006),Action|Thriller,479884,1948.0
91485,0.05329816043415622,1.1028683488231017,3.815317147764122,"Expendables 2, The (2012)",Action|Adventure,1764651,76163.0
5693,0.3023302687995866,1.6886208042232254,3.9460300543892166,Saturday Night Fever (1977),Comedy|Drama|Romance,76666,11009.0
1960,-0.13383173308482815,5.634819293979955,3.743239443878652,"Last Emperor, The (1987)",Drama,93389,746.0
635,-0.0039255852763852486,0.19457248761213886,3.746814852665645,"Family Thing, A (1996)",Comedy|Drama,116275,41852.0
6997,-0.0039255852763852486,0.19457248761213886,3.746814852665645,Hoffa (1992),Crime|Drama,104427,10410.0
47644,0.0740492241714644,1.5492286569031508,3.81478777024725,Invincible (2006),Drama,445990,11652.0
5449,-0.48854421580584245,2.4241012180928587,3.5654540632533895,Mr. Deeds (2002),Comedy|Romance,280590,2022.0
4008,0.12550736580789743,2.9757467517847527,3.8091670543662617,Born on the Fourth of July (1989),Drama|War,96969,2604.0
2587,0.2331512414152726,0.3025183832351104,4.537691360473103,Life (1999),Comedy|Crime|Drama,123964,6522.0
4661,-0.1320893999222489,0.3338523294738158,3.3713381173490924,Sea of Love (1989),Crime|Drama|Thriller,98273,12150.0
7492,0.2017629295515669,0.3338523294738158,4.371338117349092,Martin (1977),Drama|Horror,77914,26517.0
885,0.16417135707086292,0.3026909395994036,4.309363172618069,Bogus (1996),Children|Drama|Fantasy,115725,3587.0
3598,0.03834364099141853,0.6792867169055646,3.8234372083549504,Hamlet (2000),Crime|Drama|Romance|Thriller,171359,10688.0
5522,-0.07070571931898989,1.0331313416617744,3.6985520235727045,Rollerball (1975),Action|Drama|Sci-Fi,73631,11484.0
7044,0.13055185389304885,0.5807306604208037,3.9917964928125236,Wild at Heart (1990),Crime|Drama|Mystery|Romance|Thriller,100935,483.0
7976,0.4209171841034507,0.5807306604208037,4.491796492812524,Ken Park (2002),Drama,209077,7090.0
3417,0.08735226813444577,0.36675986552339207,4.005163211327389,"Crimson Pirate, The (1952)",Adventure|Comedy,44517,11570.0
63,-0.690254615442469,1.3065736565827493,3.2386966034437386,Don't Be a Menace to South Central While Drinking Your Juice in the Hood (1996),Comedy|Crime,116126,10607.0
8799,-0.12108571661225562,0.4832217024063165,3.516410244858424,Little Black Book (2004),Comedy|Romance,361841,14846.0
143367,-0.21256674315003746,0.3052090780163887,3.0705275761569735,Silence (2016),Drama|Thriller,490215,68730.0
92192,-0.4407172760097287,0.33860448768361584,2.4654207845356786,Apollo 18 (2011),Horror|Sci-Fi|Thriller,1772240,50357.0
4845,-0.24492135565450587,0.11987182301091769,1.7237965739846492,Corky Romano (2001),Comedy|Crime,250310,17708.0
3639,1.2827906660689825,2.996983507280142,4.195017560332147,"Man with the Golden Gun, The (1974)",Action|Adventure|Thriller,71807,682.0
46970,-1.5396711230104414,3.6912968560166286,3.349881837765405,Talladega Nights: The Ballad of Ricky Bobby (2006),Action|Comedy,415306,9718.0
7899,-2.064102559526681,0.9999999977831125,1.7028877271595717,Master of the Flying Guillotine (Du bi quan wang da po xue di zi) (1975),Action,72913,49636.0
34048,-3.4212524907333433,9.10931245400007,3.3914128250142848,War of the Worlds (2005),Action|Adventure|Sci-Fi|Thriller,407304,74.0
4022,0.843238585755744,17.285098260276122,3.815774427346201,Cast Away (2000),Drama,162222,8358.0
60069,4.066410910589436,16.784545461407188,4.009261428120704,WALL·E (2008),Adventure|Animation|Children|Romance|Sci-Fi,910970,10681.0
3101,-1.249988452314054,9.703093357913293,3.638166584614541,Fatal Attraction (1987),Drama|Thriller,93010,10998.0
4344,-1.895237913818916,6.3056787630288795,3.4664297988800987,Swordfish (2001),Action|Crime|Drama,244244,9705.0
5504,-0.05985085725729833,1.5610761822941288,3.7286508060171926,Spy Kids 2: The Island of Lost Dreams (2002),Adventure|Children,287717,9488.0
45672,-1.6004333146232361,3.8329111463693155,3.3494399611066275,Click (2006),Adventure|Comedy|Drama|Fantasy|Romance,389860,9339.0
69526,-0.8520623597151504,4.469416631492463,3.5763474333751946,Transformers: Revenge of the Fallen (2009),Action|Adventure|Sci-Fi|IMAX,1055369,8373.0
6947,-0.4952450741490779,5.497827749293433,3.676910154754999,Master and Commander: The Far Side of the World (2003),Adventure|Drama|War,311113,8619.0
7841,0.23534338342447067,0.2880653991096542,4.5839692972512776,Children of Dune (2003),Fantasy|Sci-Fi,287839,192936.0
70336,-0.9176559108912764,1.5953746592220284,3.1917925434561356,G.I. Joe: The Rise of Cobra (2009),Action|Adventure|Sci-Fi|Thriller,1046173,14869.0
1104,3.9858112366345813,4.6353578084065585,4.626861611099846,"Streetcar Named Desire, A (1951)",Drama,44081,702.0
3695,-0.8960943146027412,0.34923073376900454,1.201081200353045,"Toxic Avenger Part III: The Last Temptation of Toxie, The (1989)",Comedy|Horror,98502,28169.0
89864,-0.6377635561458708,2.9932032987145973,3.553919713523647,50/50 (2011),Comedy|Drama,1306980,40807.0
183611,0.0019812988672581644,0.024171846180549645,3.84895750437689,Game Night (2018),Action|Comedy|Crime|Horror,2704998,445571.0
30810,-2.604835607073311,7.5913903002206835,3.4238600471225893,"Life Aquatic with Steve Zissou, The (2004)",Adventure|Comedy|Fantasy,362270,421.0
2728,-0.4509413762828187,2.620234433572141,3.594890661356863,Spartacus (1960),Action|Drama|Romance|War,54331,967.0
3707,0.08412785068689652,0.18288171102946937,4.22700266873459,9 1/2 Weeks (Nine 1/2 Weeks) (1986),Drama|Romance,91635,10068.0
46322,-0.7345711430874003,1.2001343310481465,3.154916189152369,Jet Li's Fearless (Huo Yuan Jia) (2006),Action|Drama,446059,7549.0
117109,-0.34399038098414453,0.3349380025371933,2.739963264235109,Too Many Cooks (2014),Comedy,3534838,301566.0
4599,-0.1320893999222489,0.3338523294738158,3.3713381173490924,Great Balls of Fire! (1989),Drama,97457,11465.0
166183,0.6670299517176961,0.7548520770222206,4.650646800957427,Junior and Karlson (1968),Adventure|Animation|Children,756316,77304.0
779,-0.1412017109451529,0.21835316125539117,3.1203236245954695,'Til There Was You (1997),Drama|Romance,118523,32872.0
66511,0.1697614706822885,0.20620743613950301,4.590246105215624,Berlin Calling (2008),Comedy|Drama,1213019,30508.0
7302,0.06202762763405927,0.49842644783279677,3.891437193917003,"Thief of Bagdad, The (1924)",Action|Adventure|Fantasy,15400,28963.0
49389,0.31124085155045766,0.49842644783279677,4.391437193917003,The Great Train Robbery (1903),Crime|Western,439,5698.0
8626,-0.28970995377502323,0.21306710886099592,2.4072780610463087,Dr. Terror's House of Horrors (1965),Horror|Sci-Fi,59125,26811.0
2498,-1.1035897391504357,0.5700381736896638,1.8309975979881514,My Favorite Martian (1999),Comedy|Sci-Fi,120764,9849.0
4224,-0.19889729126560518,0.47012588188508647,3.343917878256332,Exit Wounds (2001),Action|Thriller,242445,10877.0
1625,3.394327559956764,14.34375016475599,4.003631861351454,"Game, The (1997)",Drama|Mystery|Thriller,119174,2649.0
3386,0.30413328473517315,4.160544875062751,3.8400896794115273,JFK (1991),Drama|Mystery|Thriller,102138,820.0
72378,-1.345116923159248,5.970250044225007,3.541687010294805,2012 (2009),Action|Drama|Sci-Fi|Thriller,1190080,14161.0
1094,-4.749847491974472,9.980076335126535,3.2910573091408875,"Crying Game, The (1992)",Drama|Romance|Thriller,104036,11386.0
4273,-0.017320330185450143,0.0389707429172628,3.3225458468176914,Under the Sand (2000),Drama,240913,4973.0
88810,1.274700009424543,4.9849411505592265,4.022700433252788,"Help, The (2011)",Drama,1454029,50014.0
63859,-0.11652455274795542,2.9496426369383664,3.7274856572808126,Bolt (2008),Action|Adventure|Animation|Children|Comedy,397892,13053.0
27611,1.4232104018238756,3.142363581603203,4.219901090685851,Battlestar Galactica (2003),Drama|Sci-Fi|War,314979,206216.0
5574,0.3787185420945062,5.56376667117735,3.8350590231980792,"Transporter, The (2002)",Action|Crime,293662,4108.0
68159,0.12299376161365849,0.45905478312309717,4.034918578114725,State of Play (2009),Crime|Drama|Thriller,473705,16995.0
71156,-0.5534939158406746,1.4891121949555608,3.3952963935721825,"Men Who Stare at Goats, The (2009)",Action|Comedy|Drama,1234548,10313.0
3526,-0.20233639720736402,1.8203065514111059,3.655835169038073,Parenthood (1989),Comedy|Drama,98067,1552.0
3633,0.597445335172881,2.3970098615454276,4.016236381049889,On Her Majesty's Secret Service (1969),Action|Adventure|Romance|Thriller,64757,668.0
94503,-0.4930387399118793,0.9066126605890246,3.2231651701883215,"Decoy Bride, The (2011)",Comedy|Romance,1657299,40161.0
459,-0.4770404444536784,0.7159905992923966,3.100723939545883,"Getaway, The (1994)",Action|Adventure|Crime|Drama|Romance|Thriller,109890,2087.0
4062,0.3830915181360803,1.0061006745125889,4.147758864269674,Mystic Pizza (1988),Comedy|Drama|Romance,95690,11191.0
159817,0.7527256270998717,1.5916714555338962,4.239905492752247,Planet Earth (2006),Documentary,795176,192040.0
8645,-0.573463705096133,2.2710551986650516,3.514480486377948,"Maria Full of Grace (Maria, Llena eres de gracia) (2004)",Crime|Drama,390221,436.0
90576,-0.14428504533486133,0.11394494335438751,2.500720449992295,What's Your Number? (2011),Comedy|Romance,770703,63492.0
3266,0.8613332742098896,1.2269306952005048,4.469013052269945,Man Bites Dog (C'est arrivé près de chez vous) (1992),Comedy|Crime|Drama|Thriller,103905,10086.0
116718,-0.009052378446951226,0.3349380025371933,3.739963264235109,Volga - Volga (1938),Comedy|Musical,30947,37133.0
140561,-0.17652137971554788,0.3349380025371933,3.239963264235109,Jeff Ross Roasts Criminals: Live at Brazos County Jail (2015),Comedy|Documentary,4705522,343295.0
162082,-0.23363194653451755,0.6494787702890066,3.407268069039914,Train to Busan (2016),Action|Thriller,5700672,396535.0
26313,0.08733410303090479,0.2837467184187765,4.074779235985754,California Split (1974),Comedy|Drama,71269,32044.0
27865,-1.0309094669485586,0.5807306604208037,1.9917964928125234,Azumi (2003),Action|Adventure|Drama|Thriller,384819,5889.0
2350,0.4635873104911492,0.6376243029367025,4.494044307798219,Heart Condition (1990),Comedy,99750,41817.0
6374,-0.3626965678154139,0.4832217024063165,3.016410244858424,"In-Laws, The (2003)",Comedy,314786,5146.0
6951,-1.0971174647743278,0.9432428674315413,2.6038566989967755,"Cat in the Hat, The (2003)",Children|Comedy,312528,10588.0
43919,-2.1521248718108614,0.7884307804227052,1.0373595801716426,Date Movie (2006),Comedy|Romance,466342,10073.0
51933,-0.3626965678154139,0.4832217024063165,3.016410244858424,Pride (2007),Drama,475355,16385.0
70301,0.12052513459090264,0.4832217024063165,4.016410244858424,Obsessed (2009),Crime|Drama|Thriller,1198138,17335.0
27478,-0.059962204141843105,0.3052090780163887,3.5705275761569735,Ali G Indahouse (2002),Comedy,284837,9298.0
48883,-0.22839065958116883,0.47550186502964653,3.2866753306322147,Death of a President (2006),Crime|Drama|Mystery|Thriller,853096,21173.0
5853,0.034736891261978306,0.13152139420147063,4.031106190222017,Scanners (1981),Horror|Sci-Fi|Thriller,81455,9538.0
3771,-0.06401098013382155,0.43851677948819323,3.6210187272810934,The Golden Voyage of Sinbad (1973),Action|Adventure|Fantasy,71569,17897.0
4709,-0.06401098013382155,0.43851677948819323,3.6210187272810934,Paint Your Wagon (1969),Comedy|Musical|Western,64782,20391.0
589,7.494613055001308,38.910382628604296,3.9596024566714725,Terminator 2: Judgment Day (1991),Action|Sci-Fi,103064,280.0
10,-3.0598520876279083,18.494799757833416,3.6015463757997956,GoldenEye (1995),Action|Adventure|Thriller,113189,710.0
102,-2.456361259843436,1.3481679191925608,1.9449908022707427,Mr. Wrong (1996),Comedy,117102,47475.0
361,-0.4657685542649884,2.0629576559810174,3.5412132119727904,It Could Happen to You (1994),Comedy|Drama|Romance,110167,10660.0
848,0.16976939178188066,1.1584581226941941,3.9135380071062382,"Spitfire Grill, The (1996)",Drama,117718,47907.0
8958,0.3098167541027429,3.712975917789209,3.850431918938303,Ray (2004),Drama,350258,1677.0
112852,0.8638846229544603,8.925379562468935,3.8637799702789346,Guardians of the Galaxy (2014),Action|Adventure|Sci-Fi,2015381,118340.0
55276,-0.2671359793532792,4.780497110590906,3.7111099145620945,Michael Clayton (2007),Drama|Thriller,465538,4566.0
59784,-1.4689476993333068,11.798770083461049,3.6424902214292296,Kung Fu Panda (2008),Action|Animation|Children|Comedy|IMAX,441773,9502.0
63131,-0.5459513504148892,2.258759354727609,3.5252862118646533,Role Models (2008),Comedy,430922,15373.0
1346,-0.5565176297728834,1.382243517975147,3.3643711995205248,Cat People (1982),Drama|Fantasy|Horror,83722,6217.0
1921,2.848180633057473,10.749282303920689,4.031955016583251,Pi (1998),Drama|Sci-Fi|Thriller,138704,473.0
1970,-0.49815341759156495,1.9301060470710032,3.5088938937364516,"Nightmare on Elm Street 3: Dream Warriors, A (1987)",Horror|Thriller,93629,10072.0
2167,3.8231813521229157,11.184425336558988,4.108821117350797,Blade (1998),Action|Horror|Thriller,120611,36647.0
3745,-1.3381452146107204,5.025161184509301,3.500701277740396,Titan A.E. (2000),Action|Adventure|Animation|Children|Sci-Fi,120913,7450.0
4734,-3.7047074736075385,7.157759406908161,3.249411079248944,Jay and Silent Bob Strike Back (2001),Adventure|Comedy,261392,2294.0
34162,0.685060915273995,7.4343722623004425,3.859138073361766,Wedding Crashers (2005),Comedy|Romance,396269,9522.0
87520,-0.19807182901491596,1.9010555797714612,3.662799845110779,Transformers: Dark of the Moon (2011),Action|Adventure|Sci-Fi|War|IMAX,1399103,38356.0
1459,-0.47247435438438035,1.5991118612058755,3.4715298135766712,Absolute Power (1997),Mystery|Thriller,118548,66.0
54259,1.0559075506090343,4.67627899093333,3.9927910941347395,Stardust (2007),Adventure|Comedy|Fantasy|Romance,486655,2270.0
8366,0.09722824437995466,0.2917462806832122,4.100253303740874,Saved! (2004),Comedy|Drama,332375,13193.0
34542,-0.08731257365766756,0.11394494335438751,3.000720449992295,Grizzly Man (2005),Documentary,427312,501.0
40732,-0.5137243004008603,0.9183690087528629,3.2076026208326933,"Descent, The (2005)",Adventure|Drama|Horror|Thriller,435625,9392.0
70492,-0.03034010198047381,0.11394494335438751,3.500720449992295,Winds of the Wasteland (1936),Western,28510,40743.0
55069,-0.22408032214914422,0.8262961879249688,3.4958038505841698,"4 Months, 3 Weeks and 2 Days (4 luni, 3 saptamâni si 2 zile) (2007)",Drama,1032846,2009.0
102984,-0.34399038098414453,0.3349380025371933,2.739963264235109,Inhuman Resources (Redd Inc.) (2012),Horror|Thriller,1857842,133463.0
6327,-0.021064934193669074,0.7810659215404403,3.740020820936092,"Decade Under the Influence, A (2003)",Documentary,342275,38868.0
4676,0.16286915113948625,0.14498365583709058,4.890352439906619,Troop Beverly Hills (1989),Comedy,98519,22102.0
141816,0.6670299517176961,0.7548520770222206,4.650646800957427,12 Chairs (1976),Adventure|Comedy,75468,27934.0
110771,0.003303640004405993,0.002847433546159135,4.92720700952839,"Other Woman, The (2014)",Comedy|Romance,2203939,193610.0
170817,0.0018799232313264256,0.002847433546159135,4.42720700952839,Snatched (2017),Action|Comedy,2334871,373569.0
1401,0.14559963647939098,0.29072111323306965,4.267812659683189,Ghosts of Mississippi (1996),Drama,116410,31908.0
3597,-0.726563703219818,0.29072111323306965,1.2678126596831887,Whipped (2000),Comedy,174336,23531.0
5506,-0.14512147675367867,0.29072111323306965,3.2678126596831887,Blood Work (2002),Crime|Drama|Mystery|Thriller,309377,9573.0
2769,0.3794924018493302,1.1523116426896656,4.096321687205979,"Yards, The (2000)",Crime|Drama,138946,19457.0
1755,0.696551421635835,0.6094824939313557,4.909847434119278,Shooting Fish (1997),Comedy|Romance,120122,25719.0
1007,-0.2888869738727734,1.028970049989257,3.4862367611902068,"Apple Dumpling Gang, The (1975)",Children|Comedy|Western,72653,18660.0
43904,-0.8983740132602704,0.6147430966077871,2.30560907654401,When a Stranger Calls (2006),Horror|Thriller,455857,10053.0
2120,-0.5025277596220148,0.43851677948819323,2.6210187272810934,Needful Things (1993),Drama|Horror,107665,10657.0
2641,-1.2437069868650525,5.685880661366461,3.5482542570510067,Superman II (1980),Action|Sci-Fi,81573,8536.0
114060,1.8417422304547904,1.459054782267836,5.02927478725079,The Drop (2014),Crime|Drama|Thriller,1600196,154400.0
8783,-2.253281145787634,3.4109312354567836,3.106384436073771,"Village, The (2004)",Drama|Mystery|Thriller,368447,6947.0
5008,0.33612429037999575,1.2319397567652117,4.039831790640791,Witness for the Prosecution (1957),Drama|Mystery|Thriller,51201,37257.0
3031,-0.6111949365600013,0.9499168192020608,3.123570863155356,Repossessed (1990),Comedy,100475,11510.0
6989,0.06397153115393392,0.43003084831255595,3.9157506218406484,Gorky Park (1983),Crime|Drama|Thriller,85615,8289.0
4964,-0.0806891417499876,0.3001171675161411,3.4981314904884417,Baran (2001),Adventure|Drama|Romance,233841,43774.0
41828,-0.34399038098414453,0.3349380025371933,2.739963264235109,Don't Look Now: We're Being Shot At (La grande vadrouille) (1966),Comedy|War,60474,8290.0
1354,-0.15731749524269173,1.249719134477029,3.6411080102738365,Breaking the Waves (1996),Drama|Mystery,115751,145.0
3592,0.28960391320658585,0.7548520770222206,4.150646800957427,"Time Masters (Maîtres du temps, Les) (1982)",Animation|Sci-Fi,84315,22501.0
143511,0.6670299517176961,0.7548520770222206,4.650646800957427,Human (2015),Documentary,3327994,359364.0
128099,0.003303640004405993,0.002847433546159135,4.92720700952839,Jim Jefferies: BARE (2014),Comedy,3958494,289333.0
184257,0.0018799232313264256,0.002847433546159135,4.42720700952839,Making a Murderer (2015),Crime|Documentary,5189670,502892.0
8860,-0.30827131289459475,0.9816481502391132,3.4529558657711847,Cellular (2004),Action|Crime|Drama|Mystery|Thriller,337921,9759.0
27879,0.4209171841034507,0.5807306604208037,4.491796492812524,DiG! (2004),Documentary,388888,1843.0
1502,-0.12422805094209274,0.4305343599946309,3.478446420004934,Kissed (1996),Drama|Romance,116783,21626.0
4932,-1.1540608594368809,0.4632355980287654,1.275685943436049,Dressed to Kill (1980),Mystery|Thriller,80661,11033.0
62834,0.021710594049893332,0.27236927080775303,3.846700436189672,Babylon 5: The Legend of the Rangers: To Live and Die in Starlight (2002),Sci-Fi,280453,16068.0
113573,-0.0714088689543323,0.12088327304214612,3.176264484810523,Sin City: A Dame to Kill For (2014),Action|Crime|Thriller,458481,189.0
7440,-0.3626965678154139,0.4832217024063165,3.016410244858424,Paper Clips (2004),Documentary,380615,33823.0
104243,-0.21256674315003746,0.3052090780163887,3.0705275761569735,Riddick (2013),Action|Sci-Fi|Thriller|IMAX,1411250,87421.0
66427,-0.03102380583875701,0.13152139420147063,3.531106190222017,My Name Is Bruce (2007),Comedy|Horror,489235,1961.0
68597,0.23649169935750297,0.33860448768361584,4.465420784535679,Scorpio (1973),Action|Drama|Thriller,70653,42738.0
50,21.37722428249674,39.88456389920372,4.302967676812126,"Usual Suspects, The (1995)",Crime|Mystery|Thriller,114814,629.0
1214,2.0846106933470243,24.96735956603746,3.850483729478273,Alien (1979),Horror|Sci-Fi,78748,348.0
2395,1.2961314431802626,9.189924932593684,3.908028597090218,Rushmore (1998),Comedy|Drama,128445,11545.0
3168,1.2423483465148673,4.595904281732445,4.037306701343366,Easy Rider (1969),Adventure|Drama,64276,624.0
750,3.946178377419417,16.260379316100664,4.009677026959132,Dr. Strangelove or: How I Learned to Stop Worrying and Love the Bomb (1964),Comedy|War,57012,935.0
81784,0.5983958252619997,0.9946713272879053,4.368591854356953,Morning Glory (2010),Comedy|Drama|Romance,1126618,38357.0
64839,-1.5335994685401373,4.693830454406156,3.440263647972213,"Wrestler, The (2008)",Drama,1125849,12163.0
5669,1.5576784984121053,9.261400724422305,3.935180670316193,Bowling for Columbine (2002),Documentary,310793,1430.0
53125,1.8839905817361196,10.794010072106763,3.941530667744146,Pirates of the Caribbean: At World's End (2007),Action|Adventure|Comedy|Fantasy,449088,285.0
86332,-1.0102132453329855,5.956730154821983,3.5973983810905437,Thor (2011),Action|Adventure|Drama|Fantasy|IMAX,800369,10195.0
143245,-1.0065603460054817,0.5716746580518313,2.006267943632339,The Little Prince (2015),Animation|Fantasy,1754656,309809.0
7932,0.2789869553102119,0.43003084831255595,4.415750621840648,Dark Days (2000),Documentary,235327,14273.0
4890,-2.44817380740711,4.05771207031414,3.163651817515383,Shallow Hal (2001),Comedy|Fantasy|Romance,256380,9889.0
2431,-0.19428071837470479,2.4200951510150945,3.686712159101417,Patch Adams (1998),Comedy|Drama,129290,10312.0
5589,0.112115146886001,0.12799411618745177,4.642930140886197,Indian Summer (1993),Comedy|Drama,107212,33506.0
163645,0.4640463703068114,2.0213931999014547,3.9965578837173963,Hacksaw Ridge (2016),Drama|War,2119532,324786.0
518,-0.4338142230761582,0.8929790322889903,3.2811846817349406,"Road to Wellville, The (1994)",Comedy,111001,10467.0
951,0.6997156059314464,2.488864142813698,4.048128821041591,His Girl Friday (1940),Comedy|Romance,32599,3085.0
7320,0.025433103327954926,0.14477053075894034,3.94266902363001,Dirty Dancing: Havana Nights (2004),Romance,338096,10677.0
55267,-0.32535513410989236,0.8095962899795122,3.3651169895476163,Dan in Real Life (2007),Comedy|Drama|Romance,480242,7211.0
84601,-0.09974622000317321,0.45794311592080544,3.5491767320330396,Unknown (2011),Drama|Mystery|Thriller,1401152,48138.0
6752,-0.03384622377060357,0.28455899244174154,3.648047559984603,"Fighting Temptations, The (2003)",Drama,191133,22309.0
1414,-1.6893063954069771,1.7787714279587603,2.8172862602357602,Mother (1996),Comedy,117091,27265.0
3061,0.34821407690198725,1.102057795785377,4.08295745580983,Holiday Inn (1942),Comedy|Musical,34862,13485.0
120813,-0.34399038098414453,0.3349380025371933,2.739963264235109,Patton Oswalt: My Weakness Is Strong (2009),Comedy,1503646,27317.0
127052,0.9929155758079382,1.089790079559414,4.678097480097402,Operation 'Y' & Other Shurik's Adventures (1965),Comedy|Crime|Romance,59550,20875.0
134184,0.28960391320658585,0.7548520770222206,4.150646800957427,Elections Day (2007),Comedy,1198196,20963.0
156387,-0.18415754244670374,0.7703620433311527,3.5279370512421826,Sing Street (2016),Drama,3544112,369557.0
3998,-0.7658045898522036,2.9055244750731175,3.503421838673922,Proof of Life (2000),Drama,228750,11983.0
6669,-0.726563703219818,0.29072111323306965,1.2678126596831887,Ikiru (1952),Drama,44741,3782.0
3467,0.08733410303090479,0.2837467184187765,4.074779235985754,Hud (1963),Drama|Western,57163,24748.0
4722,0.08961979623039526,0.11065808480943447,4.5768705307830935,All Over the Guy (2001),Comedy,250202,21055.0
4605,0.19692590134894908,0.5277933064494101,4.140102073739477,How to Get Ahead in Advertising (1989),Comedy|Fantasy,97531,14776.0
6938,-0.04826759144197507,0.09217201077620096,3.2433216522088815,Billabong Odyssey (2003),Documentary,379713,23995.0
3807,0.05127042256884683,0.14661541892494787,4.116683542795879,Sinbad and the Eye of the Tiger (1977),Adventure|Fantasy,76716,11940.0
27618,-0.46779086836003647,0.5700381736896638,2.9463595160770555,"Sound of Thunder, A (2005)",Action|Adventure|Drama|Sci-Fi|Thriller,318081,10077.0
1660,-0.06401098013382155,0.43851677948819323,3.6210187272810934,Eve's Bayou (1997),Drama,119080,45153.0
527,14.68932321314832,39.81688455665858,4.135912254311398,Schindler's List (1993),Drama|War,108052,424.0
2012,-0.3888044955096653,14.668702306782281,3.7404845726662996,Back to the Future Part III (1990),Adventure|Comedy|Sci-Fi|Western,99088,196.0
293,8.939096737440765,22.372449471269245,4.1665485403005516,Léon: The Professional (a.k.a. The Professional) (Léon) (1994),Action|Crime|Drama|Thriller,110413,101.0
2671,0.26682283827939035,6.974820619312567,3.8052454454578704,Notting Hill (1999),Comedy|Romance,125439,509.0
5989,5.2341743879348765,20.641892554015328,4.0205607608418115,Catch Me If You Can (2002),Crime|Drama,264464,640.0
8368,2.1347543353466225,18.921886953298767,3.8798096068312136,Harry Potter and the Prisoner of Azkaban (2004),Adventure|Fantasy|IMAX,304141,673.0
5988,-1.2224754619307043,1.1986412752046598,2.747105954539312,Quicksilver (1986),Drama,91814,21332.0
6001,0.8985088749259583,2.496820034865426,4.1268515797728185,"King of Comedy, The (1983)",Comedy|Drama,85794,262.0
3429,2.1156149292914845,2.266735442929552,4.7003214993175595,Creature Comforts (1989),Animation|Comedy,99317,54825.0
76251,-0.5981443239315933,7.611078604311973,3.68840165027862,Kick-Ass (2010),Action|Comedy,1250777,23483.0
98124,0.308606578324955,1.3356086071424205,3.998050930340548,"Batman: The Dark Knight Returns, Part 1 (2012)",Action|Animation|Sci-Fi,2313197,123025.0
122920,-0.3439676984629353,2.163080835134213,3.607972795070602,Captain America: Civil War (2016),Action|Sci-Fi|Thriller,3498820,271110.0
64575,0.99092464591353,1.4589791939342913,4.446180680017028,Doubt (2008),Drama|Mystery,918927,14359.0
1639,-4.144573438878217,8.461857173510184,3.277195515258023,Chasing Amy (1997),Comedy|Drama|Romance,118842,2255.0
8914,0.6754457574361681,2.5888614797681013,4.027894848232357,Primer (2004),Drama|Sci-Fi,390384,14337.0
55080,-0.10121182908245467,0.19457248761213886,3.246814852665645,"Brave One, The (2007)",Crime|Drama|Thriller,476964,4413.0
65982,-0.0039255852763852486,0.19457248761213886,3.746814852665645,Outlander (2008),Action|Adventure|Sci-Fi,462465,10529.0
1343,0.010328772113503311,3.7315541970926387,3.7697582457304244,Cape Fear (1991),Thriller,101540,1598.0
106100,2.866001255492934,2.7002798426069092,4.828362231411137,Dallas Buyers Club (2013),Drama,790636,152532.0
8379,0.19709822322228226,0.8985360176309931,3.9863451299718133,"Dresser, The (1983)",Drama,85461,42122.0
4340,-0.7369751577348824,0.8512619800422041,2.901246049168363,"Animal, The (2001)",Comedy,255798,11090.0
176601,-0.02219054731329148,0.024171846180549645,2.84895750437689,Black Mirror,(no genres listed),2492564,452830.0
27846,0.6084407213902596,2.426387075198633,4.017750249394723,"Corporation, The (2003)",Documentary,379225,11420.0
8604,0.7991708194599628,1.2818988150832347,4.390417671065176,Taxi (1998),Action|Comedy,152930,2330.0
4969,-0.16950287532603303,0.6787108448990329,3.517247891240152,And Then There Were None (1945),Crime|Mystery,37515,4886.0
92420,0.8016710106801421,1.0686327916597829,4.517174093347228,Chronicle (2012),Action|Sci-Fi|Thriller,1706593,76726.0
95624,0.026632369696719945,0.11394494335438751,4.000720449992295,"Firm, The (2009)",Drama,1313113,31218.0
106594,-0.34399038098414453,0.3349380025371933,2.739963264235109,Red Flag (2012),Comedy|Drama|Romance,2147048,137312.0
26347,-0.08782212530452445,0.7548520770222206,3.6506468009574267,"Irony of Fate, or Enjoy Your Bath! (Ironiya sudby, ili S legkim parom!) (1975)",Comedy|Drama|Romance,73179,43430.0
71429,0.41584682375448906,0.6494787702890066,4.4072680690399135,World's Greatest Dad (2009),Comedy|Drama,1262981,20178.0
141408,0.09110743860998576,0.6494787702890066,3.907268069039914,Scouts Guide to the Zombie Apocalypse (2015),Action|Comedy|Horror,1727776,273477.0
2290,-0.7639060522254247,0.2837467184187765,1.074779235985754,Stardust Memories (1980),Comedy|Drama,81554,11337.0
4052,0.16384167553144136,1.3291036416624944,3.8902626008064103,Antitrust (2001),Crime|Drama|Thriller,218817,9989.0
3682,1.2415339676581303,1.0843746591554793,4.911921111228962,Magnum Force (1973),Action|Crime|Drama|Thriller,70355,10648.0
161922,-0.010967232433259234,0.12088327304214612,3.676264484810523,The Edge of Seventeen (2016),Comedy,1878870,376660.0
7376,-0.08634882535027731,0.6147430966077871,3.6265270216024055,Walking Tall (2004),Action,351977,11358.0
8327,-0.06749669057574374,0.08970244219838251,3.0145393108699787,Dolls (2002),Drama|Romance,330229,870.0
105351,-0.21256674315003746,0.3052090780163887,3.0705275761569735,Runner Runner (2013),Crime|Drama|Thriller,2364841,146238.0
110350,0.24524687387454558,0.3052090780163887,4.570527576156973,Free to Play (2014),Documentary,3203290,256561.0
2462,-0.06401098013382155,0.43851677948819323,3.6210187272810934,Texas Chainsaw Massacre: The Next Generation (a.k.a. The Return of the Texas Chainsaw Massacre) (1994),Horror,110978,16780.0
4947,0.21535608302624878,0.6768334037967816,4.085172109443954,"Gauntlet, The (1977)",Action,76070,17689.0
1704,6.643367671505403,26.307077104887508,4.019521868412193,Good Will Hunting (1997),Drama|Romance,119217,489.0
45,-1.5638158334660397,4.448311632157518,3.415437620770038,To Die For (1995),Comedy|Drama|Thriller,114681,577.0
569,0.22073112615039167,0.6725062404223008,4.095211968449523,Little Big League (1994),Comedy|Drama,110363,31504.0
34319,0.3440645222429293,4.6712581974074565,3.8406459334259293,"Island, The (2005)",Action|Sci-Fi|Thriller,399201,1635.0
6535,-1.1012716012058341,2.0291311225879083,3.2242596668354127,"Legally Blonde 2: Red, White & Blonde (2003)",Comedy,333780,10327.0
92094,-0.10653362994789009,0.45905478312309717,3.5349185781147257,Einstein and Eddington (2008),Drama,995036,15044.0
1333,-0.049430185631453995,4.629815076808319,3.7563137988296282,"Birds, The (1963)",Horror|Thriller,56869,571.0
2788,1.4554544264736005,3.590707962775418,4.1723294170173295,Monty Python's And Now for Something Completely Different (1971),Comedy,66765,9267.0
3190,-0.5548734838063673,0.34520005231493467,2.159593420707371,Supernova (2000),Adventure|Sci-Fi|Thriller,134983,10384.0
160565,-1.2923976750313972,0.5716746580518313,1.5062679436323392,The Purge: Election Year (2016),Action|Horror|Sci-Fi,4094724,316727.0
26901,-0.10121182908245467,0.19457248761213886,3.246814852665645,Last of the Dogmen (1995),Adventure|Western,113617,30718.0
1442,0.1373363784030311,0.20186580168782695,4.4473253319413555,Prefontaine (1997),Drama,119937,26306.0
59306,0.26607953139496016,0.3025183832351104,4.646538596887481,Prom Night (2008),Horror|Mystery|Thriller,926129,8617.0
7743,0.21942802576615347,0.3001171675161411,4.498131490488442,Explorers (1985),Adventure|Children|Sci-Fi,89114,9872.0
8093,-0.0806891417499876,0.3001171675161411,3.4981314904884417,Shiri (Swiri) (1999),Action|Drama|Romance|Thriller,192657,10355.0
33672,0.2089771949499541,1.2948145847104073,3.928385750826482,Lords of Dogtown (2005),Action|Comedy|Drama,355702,9787.0
103602,-0.5114593822527412,0.3349380025371933,2.239963264235109,Craig Ferguson: I'm Here To Help (2013),Comedy|Documentary,2523852,178946.0
136355,-0.5114593822527412,0.3349380025371933,2.239963264235109,Big Top Scooby-Doo! (2012),Animation|Children|Comedy,2235542,119321.0
938,0.005638610453225289,0.07747604472791014,3.8397690511101334,Gigi (1958),Musical,51658,17281.0
160080,-0.2931379442181138,0.9575352818515543,3.460852282800158,Ghostbusters (2016),Action|Comedy|Horror|Sci-Fi,1289401,43074.0
117887,-0.0007876062307455439,0.859318436708512,3.7660737436854745,Paddington (2014),Children|Comedy,1109624,116149.0
71304,0.41584682375448906,0.6494787702890066,4.4072680690399135,Thirst (Bakjwi) (2009),Drama|Horror,762073,22536.0
4168,-0.032024853773317846,0.030825587404552823,2.7280853921266894,Get Over It (2001),Comedy|Romance,192071,10050.0
2091,-0.8584104104324819,0.6449287169582641,2.4359743388618758,Return from Witch Mountain (1978),Children|Sci-Fi,78158,14822.0
3618,0.26113206359207536,1.0535029740800164,4.01486055837753,Small Time Crooks (2000),Comedy|Crime,196216,10569.0
1611,0.29061254190162233,0.5946145621735813,4.255731335274419,My Own Private Idaho (1991),Drama|Romance,102494,468.0
4959,0.04142459178706131,0.6617578146929716,3.829588104037918,"Affair of the Necklace, The (2001)",Drama,242252,19076.0
3724,0.012487305310870908,0.06893676767508185,3.9481317304680914,Coming Home (1978),Drama|War,77362,31657.0
106642,0.1307728325205624,0.5775783488241417,3.9934060369125666,"Day of the Doctor, The (2013)",Adventure|Drama|Sci-Fi,2779318,253941.0
3014,-0.27940759738894627,0.36675986552339207,3.005163211327389,Bustin' Loose (1981),Comedy,82121,31361.0
8959,-0.5025277596220148,0.43851677948819323,2.6210187272810934,Birth (2004),Drama|Mystery,337876,10740.0
759,0.02165041273181266,0.0389707429172628,4.322545846817691,Maya Lin: A Strong Clear Vision (1994),Documentary,110480,85778.0
72737,0.43287996167345016,1.5216669190255867,4.05146776544594,"Princess and the Frog, The (2009)",Animation|Children|Fantasy|Musical|Romance,780521,10198.0
81845,0.960204025356495,7.971040716976008,3.887451854494593,"King's Speech, The (2010)",Drama,1504320,45269.0
122918,-2.156598458475491,5.058925053876016,3.340694500059781,Guardians of the Galaxy 2 (2017),Action|Adventure|Sci-Fi,3896198,283995.0
166015,-0.10653362994789009,0.45905478312309717,3.5349185781147257,The African Doctor (2016),Comedy|Drama,5555502,393764.0
7069,0.26972635207060314,0.8864462936932791,4.07126856958492,"Macbeth (a.k.a. Tragedy of Macbeth, The) (1971)",Drama,67372,11316.0
6763,0.19425396143683898,1.0321381805021623,3.955195674132799,Duplex (2003),Comedy|Crime,266489,7288.0
1667,-0.8262711782226829,0.7159905992923966,2.6129651140611014,Mad City (1997),Action|Drama,119592,9770.0
3646,-3.03391625477343,2.3820156904668006,2.4933142752242747,Big Momma's House (2000),Comedy,208003,9600.0
4442,-0.8960943146027412,0.34923073376900454,1.201081200353045,"Last Dragon, The (1985)",Action|Comedy|Drama,89461,13938.0
1320,0.1646600096809674,6.031864895684685,3.7942886496518886,Alien³ (a.k.a. Alien 3) (1992),Action|Horror|Sci-Fi|Thriller,103644,8077.0
2553,0.20958552853315318,0.967472785306075,3.983622254162103,Village of the Damned (1960),Horror|Sci-Fi|Thriller,54443,11773.0
175707,0.19709822322228226,0.8985360176309931,3.9863451299718133,A German Life (2016),Documentary,5135434,411516.0
4496,0.047155158535739074,0.17099698903363977,4.042756307975228,D.O.A. (1988),Film-Noir|Mystery|Thriller,94933,9748.0
8910,0.2552728596436577,1.767678845432005,3.911401624974325,I Heart Huckabees (2004),Comedy,356721,1599.0
81417,-0.11615103481353847,0.15273403790441675,3.0065112493459685,Paranormal Activity 2 (2010),Horror|IMAX,1536044,41436.0
121469,-0.34399038098414453,0.3349380025371933,2.739963264235109,Killer Movie (2008),Comedy|Horror|Mystery|Thriller,988083,14862.0
184791,-0.17652137971554788,0.3349380025371933,3.239963264235109,Fred Armisen: Standup for Drummers (2018),Comedy,7924798,502616.0
3182,0.613943946864204,1.8961097513172511,4.090781646924797,"Mr. Death: The Rise and Fall of Fred A. Leuchter, Jr. (1999)",Documentary,192335,28216.0
3742,0.19777872262037866,1.5850162561016048,3.891770539956128,Battleship Potemkin (1925),Drama|War,15648,643.0
6187,1.2554059811643559,1.3523140727419611,4.695329355736179,"Life of David Gale, The (2003)",Crime|Drama|Thriller,289992,11615.0
26150,0.28960391320658585,0.7548520770222206,4.150646800957427,Andrei Rublev (Andrey Rublyov) (1969),Drama|War,60107,895.0
96616,0.0018799232313264256,0.002847433546159135,4.42720700952839,That's My Boy (2012),Comedy,1232200,87428.0
95690,0.41584682375448906,0.6494787702890066,4.4072680690399135,Some Guy Who Kills People (2011),Comedy|Thriller,1568341,80468.0
5284,-0.01661206007104143,0.030825587404552823,3.2280853921266894,Crush (2001),Comedy|Romance,245407,18435.0
2986,-3.943780898785963,2.859583136475624,2.387844901683923,RoboCop 2 (1990),Action|Crime|Sci-Fi|Thriller,100502,5549.0
952,0.5552104323082163,1.1295299037234483,4.2585314452218395,Around the World in 80 Days (1956),Adventure|Comedy,48960,2897.0
50800,-0.03102380583875701,0.13152139420147063,3.531106190222017,"Messengers, The (2007)",Drama|Horror|Thriller,425430,9966.0
261,1.2187244541889857,4.402395863654203,4.043822382680963,Little Women (1994),Drama,110367,9587.0
4643,-5.4565505014950535,8.77280821846284,3.145005817691694,Planet of the Apes (2001),Action|Adventure|Drama|Sci-Fi,133152,869.0
1918,-2.170605043357156,6.377725092866119,3.426648709937925,Lethal Weapon 4 (1998),Action|Comedy|Crime|Thriller,122151,944.0
1405,-2.247583583071762,6.433399699565256,3.4176285714822123,Beavis and Butt-Head Do America (1996),Adventure|Animation|Comedy|Crime,115641,3179.0
3462,1.2575814238256362,9.209820362118936,3.903538168894822,Modern Times (1936),Comedy|Drama|Romance,27977,3082.0
106072,0.07777211886764836,3.5437572647718127,3.788936523200981,Thor: The Dark World (2013),Action|Adventure|Fantasy|IMAX,1981115,76338.0
2719,-4.434271504098826,2.846016471277322,2.2089278032721498,"Haunting, The (1999)",Horror|Thriller,171363,11618.0
2722,-5.702679478347322,5.281081961995393,2.687158635668472,Deep Blue Sea (1999),Action|Horror|Sci-Fi|Thriller,149261,8914.0
2793,-0.7631108035570658,1.086203940447761,3.0644419252135906,"American Werewolf in Paris, An (1997)",Comedy|Horror|Romance|Thriller,118604,9406.0
3393,-0.5548734838063673,0.34520005231493467,2.159593420707371,Date with an Angel (1987),Comedy|Fantasy|Romance,92834,28370.0
5013,0.8852887798732365,5.574517418891593,3.925800231809288,Gosford Park (2001),Comedy|Drama|Mystery,280707,5279.0
38,-0.7142932853425967,0.9384345235752234,3.0058361911110665,It Takes Two (1995),Children|Comedy,113442,33689.0
5796,-1.896330390906824,1.2636716172174243,2.2663390421009817,Casino Royale (1967),Action|Adventure|Comedy,61452,12208.0
114818,-1.5049644181814348,0.87688373606822,2.0507258011378133,Stretch (2014),Action|Comedy|Crime,2494280,227300.0
140301,-0.1490483589277348,0.5716746580518313,3.506267943632339,The Escort (2015),Comedy|Romance,3793788,351964.0
56788,1.2977583599485112,2.15046176247321,4.370469219646327,Charlie Wilson's War (2007),Comedy|Drama|War,472062,6538.0
1809,0.4579760678114455,1.9767339247916123,3.998673504702066,Fireworks (Hana-bi) (1997),Crime|Drama,119250,5910.0
2952,-0.6575415040282585,3.2452624108158896,3.5643744714021492,Sydney (Hard Eight) (1996),Crime|Drama|Thriller,119256,8052.0
418,-0.1976328470647321,0.34923073376900454,3.201081200353045,Being Human (1993),Drama,106379,46924.0
8143,0.6463662320377788,0.8985360176309931,4.486345129971813,Lola Montès (1955),Drama,48308,35987.0
48043,-0.9391932227251096,3.2194816432730766,3.475268415882756,"Fountain, The (2006)",Drama|Fantasy|Romance,414993,1381.0
95858,0.0922449954075409,1.2428339741519179,3.8412117861086115,For the Birds (2000),Animation|Children|Comedy,248808,13930.0
41724,-0.14428504533486133,0.11394494335438751,2.500720449992295,Wal-Mart: The High Cost of Low Price (2005),Documentary,473107,29595.0
48696,0.4762609975100443,1.3787579107675496,4.112417863275058,Little Children (2006),Drama|Romance,404203,1440.0
47122,-0.37529375835267764,1.114583918830299,3.4302783111121533,John Tucker Must Die (2006),Comedy|Romance,455967,9293.0
946,1.1105898653272146,1.1171111687887665,4.761152641757098,To Be or Not to Be (1942),Comedy|Drama|War,35446,198.0
95175,0.6670299517176961,0.7548520770222206,4.650646800957427,Front of the Class (2008),Drama,1292594,63193.0
5942,-0.28395135100471003,0.737462353164864,3.381951855352675,"Hot Chick, The (2002)",Comedy,302640,11852.0
2889,0.10560968480624917,0.56158555064638,3.955046562803833,"Mystery, Alaska (1999)",Comedy|Drama,134618,15198.0
1447,0.2941228309928088,0.6192789618406018,4.241934297302041,Gridlock'd (1997),Crime,119225,12489.0
1655,-0.04826759144197507,0.09217201077620096,3.2433216522088815,Phantoms (1998),Drama|Horror|Thriller,119891,9827.0
34532,-0.4043550864901738,0.9217384818945098,3.3283028604638947,"Skeleton Key, The (2005)",Drama|Horror|Mystery|Thriller,397101,9913.0
118700,-0.03866448707599273,0.03944296668154964,2.7867271333673993,Selma (2014),Drama,1020072,273895.0
93563,-0.21256674315003746,0.3052090780163887,3.0705275761569735,Lockout (2012),Action|Sci-Fi|Thriller,1592525,81796.0
5410,-0.06401098013382155,0.43851677948819323,3.6210187272810934,Silent Running (1972),Drama|Sci-Fi,67756,811.0
181,-3.061701035779405,2.5650766575100086,2.5733803354678777,Mighty Morphin Power Rangers: The Movie (1995),Action|Children,113820,9070.0
510,-0.07978007972918677,0.16161900022557843,3.2733597180137286,Poetic Justice (1993),Drama,107840,8291.0
4370,-1.6461485646629714,8.909327406147511,3.582223418341166,A.I. Artificial Intelligence (2001),Adventure|Drama|Sci-Fi,212720,644.0
2901,-2.3881514362903147,1.9510241607690821,2.542940131191889,Phantasm (1979),Horror|Sci-Fi,79714,9638.0
3070,2.75723423477922,3.655776261196878,4.521203360602577,"Adventures of Buckaroo Banzai Across the 8th Dimension, The (1984)",Adventure|Comedy|Sci-Fi,86856,11379.0
3692,0.13552662082350211,0.34520005231493467,4.15959342070737,Class of Nuke 'Em High (1986),Comedy|Horror,90849,26554.0
2378,-2.5514247710137075,4.736369819909132,3.2283024632363557,Police Academy (1984),Comedy|Crime,87928,9336.0
2311,0.09016428512483564,2.204391031116614,3.807892419719429,2010: The Year We Make Contact (1984),Sci-Fi,86837,4437.0
7706,0.1906469023357536,0.19457248761213886,4.746814852665645,Animal Crackers (1930),Comedy|Musical,20640,13913.0
249,1.8635212077268386,3.0113761920333664,4.385817395181204,Immortal Beloved (1994),Drama|Romance,110116,13701.0
2568,-0.43780945068261823,0.9822998528073921,3.321291913693038,"Mod Squad, The (1999)",Action|Crime,120757,16379.0
4282,0.6463662320377788,0.8985360176309931,4.486345129971813,Fellini Satyricon (1969),Drama|Fantasy,64940,11163.0
4148,-0.7431363605287575,4.85925107195068,3.6140580081746445,Hannibal (2001),Horror|Thriller,212985,9740.0
1760,-1.7629057848324499,0.7362381610885969,1.372512691478624,Spice World (1997),Comedy,120185,6116.0
2992,0.03483676481465899,0.3338523294738158,3.8713381173490924,Rawhead Rex (1986),Horror|Thriller,91829,13511.0
130978,0.6670299517176961,0.7548520770222206,4.650646800957427,Love and Pigeons (1985),Comedy|Romance,87650,32334.0
165483,0.0018799232313264256,0.002847433546159135,4.42720700952839,Joe Rogan: Triggered (2016),Comedy,6023444,421854.0
4225,0.7269332916140829,0.885335675406651,4.588072409386641,"Dish, The (2001)",Comedy,205873,5257.0
4243,0.14559963647939098,0.29072111323306965,4.267812659683189,Brigham City (2001),Crime|Drama|Mystery,268200,26791.0
4439,0.29061254190162233,0.5946145621735813,4.255731335274419,Christiane F. (a.k.a. We Children from Bahnhof Zoo) (Christiane F. - Wir Kinder vom Bahnhof Zoo) (1981),Drama,82176,9589.0
4879,-0.304002020271959,0.5946145621735813,3.2557313352744184,High Heels and Low Lifes (2001),Action|Comedy|Crime|Drama,253126,10034.0
1671,0.08735226813444577,0.36675986552339207,4.005163211327389,Deceiver (1997),Crime|Drama|Thriller,119527,14583.0
169034,0.2525870812493051,0.757761243747916,4.100323624595469,Lemonade (2016),(no genres listed),5662106,394269.0
1049,-1.7123602327567455,3.0999299950620722,3.214603548502012,"Ghost and the Darkness, The (1996)",Action|Adventure,116409,10586.0
48516,6.7725207995287455,18.834478921094863,4.126571293099327,"Departed, The (2006)",Crime|Drama|Thriller,407887,1422.0
91529,3.0622917208237483,16.392084529535037,3.9538055627003814,"Dark Knight Rises, The (2012)",Action|Adventure|Crime|IMAX,1345836,49026.0
3044,-0.12376124888471916,2.8910100109480794,3.724181290803458,Dead Again (1991),Mystery|Romance|Thriller,101669,11498.0
3317,0.3767213511067723,2.959482673928347,3.8942832652759765,Wonder Boys (2000),Comedy|Drama,185014,11004.0
288,1.8837106603316107,14.243000306048742,3.899245477659319,Natural Born Killers (1994),Action|Crime|Thriller,110632,241.0
3354,-5.226944410487932,3.794841700879985,2.389608881841064,Mission to Mars (2000),Sci-Fi,183523,2067.0
5378,-10.730844485213751,16.600646044186632,3.1205790337333017,Star Wars: Episode II - Attack of the Clones (2002),Action|Adventure|Sci-Fi|IMAX,121765,1894.0
89745,-0.9680694785142071,12.691467042409277,3.690713098461702,"Avengers, The (2012)",Action|Adventure|Sci-Fi|IMAX,848228,24428.0
86068,-1.578235004057313,0.5716746580518313,1.0062679436323392,Films to Keep You Awake: The Christmas Tale (Películas para no dormir: Cuento de navidad) (2005),Horror|Thriller,450827,75725.0
8937,0.9927427217097509,1.703941899791913,4.349605650289921,Friday Night Lights (2004),Action|Drama,390022,13416.0
5628,0.021083038571266602,1.5946145614052432,3.780211692271222,Wasabi (2001),Action|Comedy|Crime|Drama|Thriller,281364,2110.0
42738,-0.02741282610833287,1.3370085775330824,3.7464871871168266,Underworld: Evolution (2006),Action|Fantasy|Horror,401855,834.0
4103,-0.3184339189792198,0.9184681987011698,3.420289208492449,Empire of the Sun (1987),Action|Adventure|Drama|War,92965,10110.0
5106,-0.5952055015505924,0.7677806948480581,2.991761758499428,Crossroads (2002),Comedy|Musical|Romance,275022,17130.0
945,0.5648301950134067,2.019044641936714,4.0467415078927935,Top Hat (1935),Comedy|Musical|Romance,27125,3080.0
34312,-0.5114593822527412,0.3349380025371933,2.239963264235109,"Calcium Kid, The (2004)",Comedy,330111,31063.0
4228,-0.7706018280760205,0.7650884918051445,2.759784149319172,Heartbreakers (2001),Comedy|Crime|Romance,125022,10833.0
25825,0.4209171841034507,0.5807306604208037,4.491796492812524,Fury (1936),Drama|Film-Noir,27652,14615.0
49932,0.15275760551568762,0.6704331026191862,3.994839430749593,Inland Empire (2006),Drama|Mystery|Thriller,460829,1730.0
45106,0.08961979623039526,0.11065808480943447,4.5768705307830935,American Dreamz (2006),Comedy|Drama,465142,9310.0
50440,-0.16254520004022763,0.13152139420147063,2.531106190222017,Primeval (2007),Horror|Thriller,772193,4283.0
3480,-0.4405761913878486,0.21112033903603206,1.6801416560264038,Lucas (1986),Drama|Romance,91445,13346.0
2055,-0.06401098013382155,0.43851677948819323,3.6210187272810934,Hot Lead and Cold Feet (1978),Action|Comedy|Western,77698,28736.0
4473,-0.06401098013382155,0.43851677948819323,3.6210187272810934,Bat*21 (1988),Drama|War,94712,14911.0
356,21.498591133586597,55.93186516270957,4.151361366159169,Forrest Gump (1994),Comedy|Drama|Romance|War,109830,13.0
1916,-0.04591741542182827,1.264134543216931,3.730667088428853,Buffalo '66 (a.k.a. Buffalo 66) (1998),Drama|Romance,118789,9464.0
240,-0.07978007972918677,0.16161900022557843,3.2733597180137286,Hideaway (1995),Thriller,113303,27303.0
289,-1.374272505469129,2.005902857128102,3.0818761041091713,Only You (1994),Comedy|Romance,110737,9058.0
1987,-1.0903860620084553,0.864788945730844,2.506120726044745,Prom Night (1980),Horror,81383,36599.0
79091,-0.2178563210234365,6.337404533457063,3.732614022574646,Despicable Me (2010),Animation|Children|Comedy|Crime,1323594,20352.0
6807,0.6505984301876211,6.646617421753611,3.8648744312546515,Monty Python's The Meaning of Life (1983),Comedy,85959,4543.0
3016,0.11852388895894973,0.9397809400191803,3.8931089258415206,Creepshow (1982),Horror,83767,16281.0
3551,-0.06830145604102679,1.282127099769633,3.713718305939231,Marathon Man (1976),Crime|Drama|Thriller,74860,10518.0
8946,-0.5117449267431486,1.0548963604581478,3.281876354077923,Surviving Christmas (2004),Comedy,252028,15566.0
6867,0.15806734804579578,0.24845120381831057,4.40320112709849,"Station Agent, The (2003)",Comedy|Drama,340377,2056.0
889,-0.6436418616588325,0.9966067535362566,3.1211569579288025,1-900 (06) (1994),Drama|Romance,109001,101230.0
63072,-0.6089657152074519,0.9191169540254143,3.1044350935363267,"Road, The (2009)",Adventure|Drama|Thriller,898367,20766.0
143355,-0.10466737863355227,2.0108508897573203,3.7149390033388507,Wonder Woman (2017),Action|Adventure|Fantasy,451279,297762.0
74508,0.16278306467374623,0.20364738555277,4.566328147880802,Persuasion (2007),Drama|Romance,844330,13949.0
113453,0.3277655473215685,0.33778543608335243,4.737326819450073,Let's Be Cops (2014),Comedy|Crime,1924435,193893.0
142196,-0.34399038098414453,0.3349380025371933,2.739963264235109,Cornered! (2009),Comedy|Horror,1151911,32285.0
5460,0.026792721029059382,0.05281164506088962,4.274316298588143,"Powerpuff Girls, The (2002)",Action|Animation|Children|Comedy,289408,59387.0
102602,-0.08782212530452445,0.7548520770222206,3.6506468009574267,Mimino (1977),Comedy,76391,27861.0
108540,0.28960391320658585,0.7548520770222206,4.150646800957427,Ernest & Célestine (Ernest et Célestine) (2012),Adventure|Animation|Children|Comedy|Drama|Romance,1816518,126319.0
3185,0.14549106514794366,0.885335675406651,3.931324643970917,Snow Falling on Cedars (1999),Drama,120834,10219.0
3492,0.08733410303090479,0.2837467184187765,4.074779235985754,"Son of the Sheik, The (1926)",Adventure|Comedy|Romance,17416,85689.0
5497,-0.057516309405990014,0.5200609786265221,3.6563949730786987,Our Man Flint (1965),Adventure|Comedy|Sci-Fi,59557,23728.0
83601,-3.4578313201286766,0.999999998504112,0.3091589659609313,Amer (2009),Drama|Horror,1426352,43950.0
34397,0.29407986485764637,0.27236927080775303,4.846700436189672,"Order, The (2001)",Action|Adventure|Drama|Thriller,193364,37632.0
4233,0.3090713375367066,0.2236934049776716,5.148664183559306,Tomcats (2001),Comedy,246989,10646.0
44731,-1.008463470261958,0.6147430966077871,2.1265270216024055,Stay Alive (2006),Horror|Sci-Fi|Thriller,441796,10069.0
4803,0.21535608302624878,0.6768334037967816,4.085172109443954,Play Misty for Me (1971),Drama|Thriller,67588,15393.0
7486,0.06705697272183002,0.08970244219838251,4.514539310869979,Happy Together (a.k.a. Buenos Aires Affair) (Chun gwong cha sit) (1997),Drama|Romance,118845,18329.0
90531,0.24524687387454558,0.3052090780163887,4.570527576156973,Shame (2011),Drama,1723811,76025.0
60037,0.034736891261978306,0.13152139420147063,4.031106190222017,"Happening, The (2008)",Drama|Sci-Fi|Thriller,949731,8645.0
1389,-0.941044539110208,0.43851677948819323,1.6210187272810934,Jaws 3-D (1983),Action|Horror,85750,17692.0
2902,-0.5025277596220148,0.43851677948819323,2.6210187272810934,Psycho II (1983),Horror|Mystery|Thriller,86154,10576.0
2596,0.11147783118914757,1.2283966793893268,3.8577409690029505,SLC Punk! (1998),Comedy|Drama,133189,6396.0
1923,-3.8237296689471183,16.93098362687866,3.5411481456896374,There's Something About Mary (1998),Comedy|Romance,129387,544.0
3851,-0.056291073102712946,0.0389707429172628,2.3225458468176914,I'm the One That I Want (2000),Comedy,251739,38548.0
25,3.228985206217105,14.7237231628898,3.986295229999069,Leaving Las Vegas (1995),Drama|Romance,113627,451.0
98203,0.24010654631883702,0.8835738174796769,4.038735041467299,"Twilight Saga: Breaking Dawn - Part 2, The (2012)",Adventure|Drama|Fantasy|Romance|IMAX,1673434,50620.0
122904,1.0096706241464908,11.817948952661656,3.8524256428777894,Deadpool (2016),Action|Adventure|Comedy|Sci-Fi,1431045,293660.0
1147,0.15360438327439702,0.3194185579757669,4.247877764575601,When We Were Kings (1996),Documentary,118147,10548.0
90600,0.12299376161365849,0.45905478312309717,4.034918578114725,Headhunters (Hodejegerne) (2011),Action|Crime|Thriller,1614989,70670.0
427,-1.7137440642428243,1.9166871641573846,2.8728725153984773,Boxing Helena (1993),Drama|Mystery|Romance|Thriller,106471,18215.0
2672,0.453976189975422,1.3342959726118333,4.107226789980468,"Thirteenth Floor, The (1999)",Drama|Sci-Fi|Thriller,139809,1090.0
4270,0.8871823355491587,7.033638589967431,3.8931244854208478,"Mummy Returns, The (2001)",Action|Adventure|Comedy|Thriller,209163,1734.0
142536,-0.4348856879536504,0.5716746580518313,3.006267943632339,Burnt (2015),Drama,2503944,295964.0
6565,0.7561844732208189,2.692455570073788,4.047843383742356,Seabiscuit (2003),Drama,329575,4464.0
2112,0.02222620842965975,0.791090900054281,3.7950859354265862,Grand Canyon (1991),Crime|Drama,101969,13697.0
26606,-0.09804469757173459,0.09066498915235671,2.6855949424249266,"Chinese Ghost Story, A (Sinnui yauwan) (1987)",Action|Fantasy|Horror|Romance,93978,30421.0
5108,-1.1705063931685207,2.4976760994163705,3.298352106574365,John Q (2002),Crime|Drama|Thriller,251160,8470.0
134170,-0.6069604180682329,2.9584040195999015,3.561825474676226,Kung Fury (2015),Action|Comedy|Fantasy|Sci-Fi,3472226,251516.0
2316,-0.36375145175319484,1.6586944430848833,3.5476904357223296,Practical Magic (1998),Drama|Fantasy|Mystery|Romance,120791,6435.0
7027,0.13633903323978222,0.7471365586137928,3.949472371235227,Silverado (1985),Action|Western,90022,11509.0
59220,-0.03034010198047381,0.11394494335438751,3.500720449992295,Outsourced (2006),Comedy|Romance,425326,7861.0
6593,-0.4956636597820596,3.168923740654429,3.6105764106050717,Freaky Friday (2003),Children|Comedy|Fantasy,322330,10330.0
129354,-0.3050497009233225,0.849201950239244,3.4077710256476594,Focus (2015),Comedy|Crime|Drama|Romance,2381941,256591.0
27873,-0.29901556465915685,0.3338523294738158,2.8713381173490924,Metallica: Some Kind of Monster (2004),Documentary,387412,11401.0
2114,-0.3898510109964734,0.9546535572892694,3.3586211944104445,"Outsiders, The (1983)",Drama,86066,227.0
94150,-0.026018924031830235,0.05281164506088962,3.2743162985881433,Hysteria (2011),Comedy|Romance,1435513,75802.0
3217,-0.13769142185396646,0.2430175609224117,3.2003998714943758,"Star Is Born, A (1937)",Drama,29606,22692.0
73,0.14001320588207372,1.1526701060878146,3.8884588755019767,"Misérables, Les (1995)",Drama|War,113828,48750.0
8254,0.7179407394224399,0.7391812124873891,4.738255154727113,Arizona Dream (1993),Comedy|Drama|Fantasy|Romance,106307,11044.0
58301,0.7405862088989923,0.6494787702890066,4.9072680690399135,Funny Games U.S. (2007),Drama|Thriller,808279,8461.0
26172,-0.14512147675367867,0.29072111323306965,3.2678126596831887,Point Blank (1967),Action|Crime|Drama|Thriller,62138,26039.0
3616,0.6900351739026352,0.8090902977284726,4.6198433978188636,Loser (2000),Comedy|Romance,217630,10642.0
4193,-0.07331024291042475,0.2943351543717058,3.5179196592918762,"Fantasticks, The (1995)",Musical,113026,62127.0
32011,-1.2693803786808147,1.0532598760959804,2.561798289278819,Cursed (2005),Horror|Thriller,257516,10012.0
51412,-0.14631102949212044,0.9199521746241759,3.607948295897657,Next (2007),Action|Sci-Fi|Thriller,435705,1738.0
2033,-0.40694631362897743,1.6822832635322869,3.5250891070498453,"Black Cauldron, The (1985)",Adventure|Animation|Children|Fantasy,88814,10957.0
2648,1.4030223533406998,1.515873078048694,4.692544266497806,Frankenstein (1931),Drama|Horror|Sci-Fi,21884,3035.0
2858,18.62883681619411,40.869071870295876,4.222807758204266,American Beauty (1999),Drama|Romance,169547,14.0
3508,1.2930482101346354,3.0944814354324235,4.1848464772224,"Outlaw Josey Wales, The (1976)",Action|Adventure|Drama|Thriller|Western,75029,10747.0
113,-0.274523168126498,1.107603866182425,3.5191370862415576,Before and After (1996),Drama|Mystery,115645,43566.0
237,-1.8260708200031048,4.015060271009863,3.312184959150941,Forget Paris (1995),Comedy|Romance,113097,10525.0
91104,-3.347013004271947,2.948126808564818,2.6316887178873762,"Twilight Saga: Breaking Dawn - Part 1, The (2011)",Adventure|Drama|Fantasy|Romance,1324999,50619.0
3510,-1.9986758790721544,5.834461132456244,3.424426370842165,Frequency (2000),Drama|Thriller,186151,10559.0
1556,-3.1162335498659988,2.985895266010707,2.7233389665358576,Speed 2: Cruise Control (1997),Action|Romance|Thriller,120179,1639.0
2321,1.2153390198130305,9.721615159990185,3.8920043964094804,Pleasantville (1998),Comedy|Drama|Fantasy,120789,2657.0
2539,-0.5235961943131199,5.726527788644711,3.6755568408995316,Analyze This (1999),Comedy,122933,9535.0
3438,-1.4805370514527545,3.5581499394559692,3.35089285955044,Teenage Mutant Ninja Turtles (1990),Action|Children|Comedy|Fantasy|Sci-Fi,100758,1498.0
8633,-0.14956684818101168,1.194572474635761,3.6417849551634482,"Last Starfighter, The (1984)",Action|Adventure|Comedy|Sci-Fi,87597,11884.0
61350,-2.356405391590902,0.8891707884085245,1.1168746753313696,Babylon A.D. (2008),Action|Adventure|Sci-Fi|Thriller,364970,9381.0
51077,-0.6926660930945399,0.5807133384508811,2.574205405448586,Ghost Rider (2007),Action|Fantasy|Thriller,259324,1250.0
3461,-0.8578680872627069,1.1669025318779562,3.0318234167142712,Lord of the Flies (1963),Adventure|Drama|Thriller,57261,9960.0
173925,0.0019812988672581644,0.024171846180549645,3.84895750437689,Seven Sisters (2017),Sci-Fi|Thriller,1536537,406990.0
8795,0.21942802576615347,0.3001171675161411,4.498131490488442,Musa the Warrior (Musa) (2001),Action|Adventure|Drama|War,275083,23305.0
131013,0.4040625548328141,0.684401403109603,4.357378553175307,Get Hard (2015),Comedy|Crime,2561572,257091.0
3719,0.079604366089949,0.05281164506088962,5.274316298588143,Love's Labour's Lost (2000),Comedy|Romance,182295,51333.0
26662,0.9426991631550954,2.1268818063351786,4.21022092135505,Kiki's Delivery Service (Majo no takkyûbin) (1989),Adventure|Animation|Children|Drama|Fantasy,97814,16859.0
129514,0.6670299517176961,0.7548520770222206,4.650646800957427,George Carlin: It's Bad for Ya! (2008),Comedy,963207,13643.0
1941,0.29061254190162233,0.5946145621735813,4.255731335274419,Hamlet (1948),Drama,40416,23383.0
5323,-2.3391888786139985,0.9919956509661709,1.4089266482051266,Jason X (2002),Horror|Sci-Fi|Thriller,211443,11470.0
128842,0.021710594049893332,0.27236927080775303,3.846700436189672,Dragonheart 3: The Sorcerer's Curse (2015),Action|Adventure|Fantasy,3829170,300803.0
1126,-0.9474291894808784,1.0761410824248958,2.886595327298849,Drop Dead Fred (1991),Comedy|Fantasy,101775,10379.0
31437,0.19692590134894908,0.5277933064494101,4.140102073739477,Nobody Knows (Dare mo shiranai) (2004),Drama,408664,2517.0
5710,-0.021651590176386206,0.03250989515973905,3.100990291262136,Banana Joe (1981),Comedy,82045,11340.0
4470,0.09264233486635125,0.3052090780163887,4.070527576156973,Ariel (1988),Drama,94675,2.0
74685,0.034736891261978306,0.13152139420147063,4.031106190222017,"Crazies, The (2010)",Action|Drama|Horror|Sci-Fi|Thriller,455407,29427.0
77364,-0.03102380583875701,0.13152139420147063,3.531106190222017,"Losers, The (2010)",Action|Adventure|Drama|Mystery|Thriller,480255,34813.0
107069,-0.2742428434316073,0.2389442596235786,2.619263018534863,Lone Survivor (2013),Action|Drama|Thriller|War,1091191,193756.0
1213,7.9235095496719845,23.505544529820313,4.104081377989347,Goodfellas (1990),Crime|Drama,99685,769.0
2899,-0.5740835970333914,0.9928488070593513,3.1887717418198207,Gulliver's Travels (1939),Adventure|Animation|Children,31397,42518.0
795,-0.07978007972918677,0.16161900022557843,3.2733597180137286,Somebody to Love (1994),Drama,111237,44535.0
3994,0.13798143896341236,12.949640858213757,3.7776455241349374,Unbreakable (2000),Drama|Sci-Fi,217869,9741.0
5267,-0.40481626588179925,3.3514989156104513,3.646203659347602,"Rookie, The (2002)",Drama,265662,14635.0
41863,0.47723999781801935,1.3115897887701773,4.130854055606861,"Three Burials of Melquiades Estrada, The (2006)",Adventure|Crime|Drama,419294,8053.0
62374,0.19811487251396126,1.9966944844509256,3.866211716501081,Body of Lies (2008),Action|Drama|Thriller,758774,12113.0
161131,0.1901809512937399,1.3166451305692974,3.9114338826887103,War Dogs (2016),Comedy,2005151,308266.0
56152,0.8921241094300912,1.4395441320137796,4.386717112823416,Enchanted (2007),Adventure|Animation|Children|Comedy|Fantasy|Musical|Romance,461770,4523.0
95875,-0.14727477779951068,0.4191540213707762,3.4156283329111887,Total Recall (2012),Action|Sci-Fi|Thriller,1386703,64635.0
6858,-0.6372284161116286,0.8262961879249688,2.9958038505841698,Knife in the Water (Nóz w wodzie) (1962),Drama,56291,11502.0
6702,-0.5640368210929618,0.710415541014918,2.9730369097142546,Dickie Roberts: Former Child Star (2003),Comedy,325258,13778.0
80586,-0.12056071425485042,0.29610025585718946,3.359828487548608,Flipped (2010),Comedy|Drama|Romance,817177,43949.0
136447,0.6670299517176961,0.7548520770222206,4.650646800957427,George Carlin: You Are All Diseased (1999),Comedy,246645,34513.0
102720,0.0004562064582468579,0.002847433546159135,3.9272070095283897,Epic (2013),Adventure|Animation|Fantasy,848537,116711.0
4082,0.7405862088989923,0.6494787702890066,4.9072680690399135,Barfly (1987),Comedy|Drama|Romance,92618,10937.0
5415,-0.6117717788684909,1.2943351497224003,3.294336991999036,Divine Secrets of the Ya-Ya Sisterhood (2002),Comedy|Drama,279778,9583.0
8369,0.12052513459090264,0.4832217024063165,4.016410244858424,Mindhunters (2004),Action|Crime|Horror|Mystery|Thriller,297284,16617.0
7845,0.034736891261978306,0.13152139420147063,4.031106190222017,Tremors II: Aftershocks (1996),Comedy|Horror|Sci-Fi,114720,11069.0
3974,-0.06401098013382155,0.43851677948819323,3.6210187272810934,"Little Vampire, The (2000)",Adventure|Children,192255,24100.0
1103,0.09030574222029897,3.0547584360078286,3.79655260989127,Rebel Without a Cause (1955),Drama,48545,221.0
3365,-0.056291073102712946,0.0389707429172628,2.3225458468176914,"Searchers, The (1956)",Drama|Western,49730,3114.0
24,0.3685321967279136,1.964132980259357,3.954621271665128,Powder (1995),Drama|Sci-Fi,114168,12665.0
160,-3.475409318885161,5.811810541489293,3.168999476855,Congo (1995),Action|Adventure|Mystery|Sci-Fi,112715,10329.0
818,-0.1740765811972949,1.211295953383519,3.6232792677826584,"Very Brady Sequel, A (1996)",Comedy,118073,12606.0
5893,-0.8243327745833648,1.6910851336558128,3.279532411006687,"Last Seduction, The (1994)",Crime|Drama|Thriller,110308,25284.0
3882,-1.9450504255396823,4.611086643221369,3.3451698883861574,Bring It On (2000),Comedy,204946,1588.0
160872,-1.578235004057313,0.5716746580518313,1.0062679436323392,Satanic (2016),Horror,4796122,400411.0
51884,0.026632369696719945,0.11394494335438751,4.000720449992295,"Namesake, The (2006)",Drama|Romance,433416,16727.0
84189,-0.039784015861330096,0.15273403790441675,3.5065112493459685,I Spit on Your Grave (2010),Crime|Horror|Thriller,1242432,43947.0
95843,-0.5114593822527412,0.3349380025371933,2.239963264235109,Goodbye Charlie (1964),Comedy|Fantasy|Romance,58154,52906.0
97836,0.2663796264066458,0.6429945140997411,4.18127007213959,Here Comes the Boom (2012),Action|Comedy,1648179,87826.0
3153,0.2017629295515669,0.3338523294738158,4.371338117349092,"7th Voyage of Sinbad, The (1958)",Action|Adventure|Fantasy,51337,15515.0
5027,0.06249999918897639,0.9999999870236222,3.829490291262136,Another 48 Hrs. (1990),Action|Comedy|Crime|Drama|Thriller,99044,11595.0
71745,1.0228699052722343,0.7808991708837507,5.076851978161667,Where the Wild Things Are (2009),Adventure|Children|Drama|Fantasy|IMAX,386117,16523.0
91671,-0.860811353897824,0.29610025585718946,0.859828487548608,Alvin and the Chipmunks: Chipwrecked (2011),Animation|Comedy,1615918,55301.0
8033,-0.08782212530452445,0.7548520770222206,3.6506468009574267,How to Steal a Million (1966),Comedy|Crime|Romance,60522,3001.0
8197,-0.08782212530452445,0.7548520770222206,3.6506468009574267,Hiroshima Mon Amour (1959),Drama|Romance|War,52893,5544.0
26237,-0.08782212530452445,0.7548520770222206,3.6506468009574267,Zabriskie Point (1970),Drama|Romance,66601,2998.0
165959,0.6670299517176961,0.7548520770222206,4.650646800957427,Alesha Popovich and Tugarin the Dragon (2004),Animation|Comedy|Drama,415481,33065.0
175293,0.6670299517176961,0.7548520770222206,4.650646800957427,Gena the Crocodile (1969),Animation|Children,146970,79701.0
100194,0.003303640004405993,0.002847433546159135,4.92720700952839,Jim Jefferies: Fully Functional (EPIX) (2012),Comedy,2274356,146837.0
893,0.648779282829649,0.47384664897767564,5.136165918502279,Mother Night (1996),Drama,117093,20318.0
1078,-0.4344605879672465,1.3598878008436723,3.4475076194581034,Bananas (1971),Comedy|War,66808,11302.0
4055,1.2781089842948705,0.5576970805160844,6.0587523049921135,Panic (2000),Drama,194218,20637.0
3801,0.31124085155045766,0.49842644783279677,4.391437193917003,Anatomy of a Murder (1959),Drama|Mystery,52561,93.0
7698,-0.07366549106092435,1.1224078686229915,3.701358631755597,"China Syndrome, The (1979)",Drama|Thriller,78966,988.0
7013,-0.066970751875756,0.5277933064494101,3.6401020737394774,"Night of the Hunter, The (1955)",Drama|Film-Noir|Thriller,48424,3112.0
57910,-0.16254520004022763,0.13152139420147063,2.531106190222017,Teeth (2007),Comedy|Horror,780622,13121.0
160848,0.2525870812493051,0.757761243747916,4.100323624595469,The Red Turtle (2016),Animation,3666024,337703.0
70,1.4567530960035346,7.102205901940339,3.972103057086842,From Dusk Till Dawn (1996),Action|Comedy|Horror|Thriller,116367,755.0
5957,-0.2493847340150676,3.6777699276498543,3.699181608576423,Two Weeks Notice (2002),Comedy|Romance,313737,2642.0
6287,-0.5218239228009652,4.994473492138063,3.662510024498806,Anger Management (2003),Comedy,305224,9506.0
921,-0.01324171730097351,1.607186903017927,3.7587512262995553,My Favorite Year (1982),Comedy,84370,31044.0
1479,-0.4305176272688429,2.3787428710388077,3.586004934454389,"Saint, The (1997)",Action|Romance|Sci-Fi|Thriller,120053,10003.0
3035,0.065555133123847,0.9707185148378664,3.834522878847319,Mister Roberts (1955),Comedy|Drama|War,48380,37853.0
3219,-0.24289517732598984,1.9972768845640057,3.645377119246173,Pacific Heights (1990),Mystery|Thriller,100318,2990.0
3693,-1.2365246873021127,1.0968166176987202,2.6396143312803115,"Toxic Avenger, The (1985)",Comedy|Horror,90190,15239.0
3755,-4.58100766602934,8.257594501081119,3.2122273193785476,"Perfect Storm, The (2000)",Drama|Thriller,177971,2133.0
63082,3.0499720389796376,11.36828934638425,4.035277976950722,Slumdog Millionaire (2008),Crime|Drama|Romance,1010048,12405.0
102407,-0.6343923404709568,4.094835496116587,3.612065303171016,"Great Gatsby, The (2013)",Drama,1343092,64682.0
6957,-1.5322308364031287,4.618947745004251,3.435263040599828,Bad Santa (2003),Comedy|Crime,307987,10147.0
40278,0.6006437117720407,1.788349173490178,4.1028551887193885,Jarhead (2005),Action|Drama|War,418763,25.0
56607,-0.10121182908245467,0.19457248761213886,3.246814852665645,"Kite Runner, The (2007)",Drama,419887,7979.0
408,0.15159788670427243,0.34923073376900454,4.2010812003530456,8 Seconds (1994),Drama,109021,18069.0
3259,0.33349185743459,1.1310704858157674,4.061836511384363,Far and Away (1992),Adventure|Drama|Romance,104231,11259.0
105250,0.6463662320377788,0.8985360176309931,4.486345129971813,"Century of the Self, The (2002)",Documentary,432232,51452.0
46948,0.09809224559332402,1.0423288380467377,3.861099023566946,Monster House (2006),Animation|Children|Fantasy|Mystery,385880,9297.0
113378,0.723402661850617,0.9575897255176195,4.522431418681904,"Giver, The (2014)",Drama|Sci-Fi,435651,227156.0
149350,-0.5114593822527412,0.3349380025371933,2.239963264235109,Lumberjack Man (2015),Comedy|Horror,3201722,356486.0
6012,-0.03721825910476216,0.4913284245490829,3.6912400247496313,"Guy Thing, A (2003)",Comedy|Romance,295289,9582.0
147328,0.6670299517176961,0.7548520770222206,4.650646800957427,The Adventures of Sherlock Holmes and Dr. Watson: Bloody Signature (1979),Crime,80263,72093.0
1897,0.09845061222645214,0.2722318774615629,4.12863277466437,High Art (1998),Drama|Romance,139362,37636.0
5177,-0.00501169397671924,0.23554961690580273,3.745713695517455,"Magnificent Ambersons, The (1942)",Drama|Romance,35015,965.0
3096,0.3710808214496813,0.2837467184187765,5.074779235985754,My Man Godfrey (1957),Comedy,50738,52470.0
1454,0.10398048941988901,0.28421333774769636,4.132843949798722,SubUrbia (1997),Comedy|Drama,120238,28059.0
50802,0.08961979623039526,0.11065808480943447,4.5768705307830935,Because I Said So (2007),Comedy|Drama|Romance,490084,1257.0
2846,0.1022473053296274,0.5700381736896638,3.9463595160770555,"Adventures of Milo and Otis, The (Koneko monogatari) (1986)",Adventure|Children|Comedy|Drama,97050,47951.0
5128,-0.06511362113812935,0.11987182301091769,3.2237965739846492,Queen of the Damned (2002),Fantasy|Horror,238546,11979.0
2529,2.720718951873872,7.799462183702861,4.115824465695198,Planet of the Apes (1968),Action|Drama|Sci-Fi,63442,871.0
125,0.6307563885651248,0.88040514381535,4.483429072879949,Flirting With Disaster (1996),Comedy,116324,2074.0
1907,-0.8634673541715239,6.162869590959318,3.6268822877700297,Mulan (1998),Adventure|Animation|Children|Comedy|Drama|Musical|Romance,120762,10674.0
3204,-0.2634086692887928,0.8481405086023052,3.4564183204422565,"Boys from Brazil, The (1978)",Action|Mystery|Thriller,77269,16241.0
106489,1.63621274634697,6.246836947768397,4.028916888679007,"Hobbit: The Desolation of Smaug, The (2013)",Adventure|Fantasy|IMAX,1170358,57158.0
3751,0.3578624702511703,13.198949889584943,3.794103241401719,Chicken Run (2000),Animation|Children|Comedy,120630,7443.0
3265,-1.2667530793640565,1.1807095187021897,2.694115837978788,Hard-Boiled (Lat sau san taam) (1992),Action|Crime|Drama|Thriller,104684,11782.0
7263,-0.1929236068998862,2.162081447147965,3.6777597920344705,Miracle (2004),Drama,349825,14292.0
37731,0.7627974050678119,1.346805653426949,4.33336555344408,Green Street Hooligans (a.k.a. Hooligans) (2005),Crime|Drama,385002,8923.0
1799,-0.40310105784475575,0.7235081914691083,3.209842407385044,Suicide Kings (1997),Comedy|Crime|Drama|Mystery|Thriller,120241,10668.0
1453,-0.5202312111370168,0.463175677123392,2.643806935935762,"Beautician and the Beast, The (1997)",Comedy|Romance,118691,17894.0
2505,-0.9725987765056947,3.1829221872504507,3.4614224139192507,8MM (1999),Drama|Mystery|Thriller,134273,8224.0
4654,-0.4351011729947024,0.8056461791497276,3.2269254535514866,Road House (1989),Action|Drama,98206,10135.0
33781,-0.2521697855932143,0.8985360176309931,3.4863451299718133,Quo Vadis (1951),Drama|Romance,43949,11620.0
1912,-1.7765988653002793,6.243300840585386,3.482429461876618,Out of Sight (1998),Comedy|Crime|Drama|Romance|Thriller,120780,1389.0
2075,-0.19456466428039204,0.3017162185217673,3.1221304781780237,Mephisto (1981),Drama|War,82736,11911.0
40959,0.6203965587951882,0.5524617228425808,4.889957789540682,"Ice Harvest, The (2005)",Action|Comedy|Crime|Thriller,400525,9005.0
44788,0.16376441482628393,1.1778973061815077,3.906021439365508,This Film Is Not Yet Rated (2006),Documentary,493459,16070.0
4880,1.1512739284994666,3.2842978922087696,4.117529117606298,Life as a House (2001),Drama,264796,11457.0
5434,0.19556244254117172,0.9078403870632977,3.9824052973886883,"Sorry, Wrong Number (1948)",Drama|Film-Noir|Thriller,40823,21635.0
3267,0.14570887121185705,1.2711086248849,3.8816216204493257,"Mariachi, El (1992)",Action|Crime|Thriller|Western,104815,9367.0
58972,-0.12056071425485042,0.29610025585718946,3.359828487548608,Nim's Island (2008),Adventure|Comedy|Fantasy,410377,10488.0
2551,1.0420299884327338,1.0859429867226642,4.726552626645453,Dead Ringers (1988),Drama|Horror|Thriller,94964,9540.0
53466,0.026792721029059382,0.05281164506088962,4.274316298588143,Nancy Drew (2007),Adventure|Crime|Thriller,479500,14043.0
3906,-0.14512147675367867,0.29072111323306965,3.2678126596831887,Under Suspicion (2000),Crime|Thriller,164212,10562.0
3909,-1.1840384919479328,0.49842644783279677,1.3914371939170032,Woman on Top (2000),Comedy|Romance,206420,14629.0
6380,-1.1823575669764284,1.9173502087453662,3.1503280030773846,Capturing the Friedmans (2003),Documentary,342172,2260.0
3091,0.4209171841034507,0.5807306604208037,4.491796492812524,Kagemusha (1980),Drama|War,80979,11953.0
32770,0.19692590134894908,0.5277933064494101,4.140102073739477,Brothers (Brødre) (2004),Drama,386342,3875.0
103539,0.09264233486635125,0.3052090780163887,4.070527576156973,The Spectacular Now (2013),Comedy|Drama|Romance,1714206,157386.0
480,4.294740286165353,36.28883847407544,3.8853390857332926,Jurassic Park (1993),Action|Adventure|Sci-Fi|Thriller,107290,329.0
3591,-0.3219590758704502,2.001933923213717,3.6061662639867467,Mr. Mom (1983),Comedy|Drama,85970,13105.0
8808,-1.0129346506203025,2.1634449766640493,3.298785801873083,"Princess Diaries 2: Royal Engagement, The (2004)",Comedy|Romance,368933,11130.0
6870,-1.2538753558089966,11.07574060282185,3.6537811253225203,Mystic River (2003),Crime|Drama|Mystery,327056,322.0
53129,-0.18078980364493918,1.3163322229908991,3.6296466932803453,Mr. Brooks (2007),Crime|Drama|Thriller,780571,3432.0
60074,-1.313535206080989,5.513819624060419,3.528764289027828,Hancock (2008),Action|Adventure|Comedy|Crime|Fantasy,448157,8960.0
88140,1.6941723210579578,6.795162847475547,4.016310632670489,Captain America: The First Avenger (2011),Action|Adventure|Sci-Fi|Thriller|War,458339,1771.0
5313,-4.401612579457749,4.46076957340895,2.78025190295888,The Scorpion King (2002),Action|Adventure|Fantasy|Thriller,277296,9334.0
7569,0.6409441631842093,2.054313778347606,4.078989446376481,You Only Live Twice (1967),Action|Adventure|Sci-Fi|Thriller,62512,667.0
41566,-2.94563158645745,10.317078891198765,3.4814800593911466,"Chronicles of Narnia: The Lion, the Witch and the Wardrobe, The (2005)",Adventure|Children|Fantasy,363771,411.0
1592,-1.1084526006309483,1.2249971825457404,2.8621289442936426,Air Bud (1997),Children|Comedy,118570,20737.0
8810,-1.8506539359873133,1.7711342615423737,2.7220926930553855,AVP: Alien vs. Predator (2004),Action|Horror|Sci-Fi|Thriller,370263,395.0
4067,-0.36961386610975583,0.7258863775574638,3.2578005922441298,Untamed Heart (1993),Drama|Romance,108451,26333.0
7700,1.0956342408532753,0.8985360176309931,4.986345129971813,"Wages of Fear, The (Salaire de la peur, Le) (1953)",Action|Adventure|Drama|Thriller,46268,204.0
4255,0.3088076839832321,0.7097966322339289,4.202055308422513,Freddy Got Fingered (2001),Comedy,240515,13166.0
52967,0.1890677718133402,0.8262961879249688,3.9958038505841698,Away from Her (2006),Drama,491747,1919.0
3576,-0.3899961224277531,1.15539758834379,3.4294475039461307,"Hidden, The (1987)",Action|Horror|Sci-Fi,93185,12476.0
73822,-0.5114593822527412,0.3349380025371933,2.239963264235109,Meantime (1984),Comedy|Drama,82727,57978.0
173253,-0.009052378446951226,0.3349380025371933,3.739963264235109,Vir Das: Abroad Understanding (2017),Comedy,6822400,454361.0
25937,-0.18679869778372454,0.5512380928936864,3.428119120724669,Easter Parade (1948),Musical|Romance,40308,29380.0
156,3.359366564281538e-05,0.002553118588853982,3.780148185998978,Blue in the Face (1995),Comedy|Drama,112541,5894.0
55872,0.2536615359045825,0.6899798991490974,4.13462641547011,August Rush (2007),Drama|Musical,426931,5123.0
7060,0.07385733427542816,0.2943351543717058,4.017919659291876,Jesus Christ Superstar (1973),Drama|Musical,70239,12545.0
7121,0.8096672993832544,0.49842644783279677,5.391437193917003,Adam's Rib (1949),Comedy|Romance,41090,25431.0
140359,-0.11447404135398317,0.27236927080775303,3.346700436189672,Doctor Who: The Waters of Mars (2009),Adventure|Children|Sci-Fi,1413314,281979.0
2050,-0.062288558289633256,0.732981410842965,3.682010566854121,Herbie Goes Bananas (1980),Adventure|Children|Comedy,80861,12129.0
93363,0.00722725137385196,0.6438135657000046,3.7782159810563454,John Carter (2012),Action|Adventure|Sci-Fi|IMAX,401729,49529.0
2812,0.01227135700729087,0.02454271401458174,4.266990291262136,In Too Deep (1999),Action|Thriller,160401,22314.0
219,-0.07978007972918677,0.16161900022557843,3.2733597180137286,"Cure, The (1995)",Drama,112757,6715.0
697,-0.4530115485388405,0.8815543399696352,3.2531121013431297,Feeling Minnesota (1996),Drama|Romance,116289,12656.0
1610,1.5460047881627768,13.060661896348366,3.8853613815202053,"Hunt for Red October, The (1990)",Action|Adventure|Thriller,99810,1669.0
37741,0.0536736378775709,4.406355094411487,3.7791712518809577,Capote (2005),Crime|Drama,379725,398.0
42002,1.1468593822815185,1.7351147077322953,4.427960645078342,"Producers, The (2005)",Comedy|Musical,395251,9899.0
47099,-1.5033175454166912,11.59233293734289,3.637308237309563,"Pursuit of Happyness, The (2006)",Drama,454921,1402.0
71108,0.3525211531752071,0.45905478312309717,4.534918578114725,"White Ribbon, The (Das weiße Band) (2009)",Drama|Mystery,1149362,37903.0
102903,1.0392593097775795,2.6959225920355445,4.1524832994248415,Now You See Me (2013),Crime|Mystery|Thriller,1670345,75656.0
142488,2.3177331626517708,2.6227683049336745,4.6506875504870155,Spotlight (2015),Thriller,1895587,314365.0
1679,-0.20967343149143255,0.34520005231493467,3.159593420707371,Chairman of the Board (1998),Comedy,118836,31535.0
1083,-0.15221938318093423,1.3117721904256532,3.6509492711124856,"Great Race, The (1965)",Comedy|Musical,59243,11575.0
65216,0.794876549839415,1.4922568712453927,4.299657665865032,Defiance (2008),Drama|Thriller|War,1034303,13813.0
1099,-0.12032176984310144,0.06266758845994867,1.846990291262136,"Christmas Carol, A (1938)",Children|Drama|Fantasy,29992,25842.0
4686,-0.5468635808337367,0.34923073376900454,2.201081200353045,Weekend at Bernie's II (1993),Adventure|Comedy,108539,8494.0
7294,-0.5236970138705433,0.901936931826838,3.1863543339232834,Welcome to Mooseport (2004),Comedy,361925,16784.0
2408,-1.16903168646569,1.3663183724864267,2.9113832014311725,Cocoon: The Return (1988),Comedy|Sci-Fi,94890,11285.0
74228,0.014067221957532986,0.024171846180549645,4.34895750437689,Triangle (2009),Drama|Horror|Mystery|Thriller,1187064,26466.0
4231,-0.24416306511513866,1.0510300075543044,3.5346819238889777,Someone Like You (2001),Comedy|Romance,244970,12658.0
4069,-2.2950840018693652,3.1065505500401116,3.028201733052539,"Wedding Planner, The (2001)",Comedy|Romance,209475,2018.0
102747,-0.009052378446951226,0.3349380025371933,3.739963264235109,"Rink, The (1916)",Comedy,7264,2077.0
140711,-0.7735836774029606,0.846354516693085,2.852971801202507,American Ultra (2015),Action|Comedy|Sci-Fi|Thriller,3316948,261392.0
5479,0.1747435188395411,1.6245734402295768,3.8745529994243766,K-19: The Widowmaker (2002),Action|Adventure|Drama|Thriller,267626,8665.0
6643,-0.4652481638156347,0.7548520770222206,3.1506468009574267,Tokyo Story (Tôkyô monogatari) (1953),Drama,46438,18148.0
26849,0.6670299517176961,0.7548520770222206,4.650646800957427,"Stand, The (1994)",Adventure|Drama|Fantasy|Horror|Sci-Fi,108941,13519.0
27134,-0.08782212530452445,0.7548520770222206,3.6506468009574267,Dark Portals: The Chronicles of Vidocq  (Vidocq) (2001),Action|Crime|Fantasy,164961,9597.0
117444,-0.8426742023267451,0.7548520770222206,2.6506468009574267,Song of the Sea (2014),Animation|Children|Fantasy,1865505,110416.0
141818,0.28960391320658585,0.7548520770222206,4.150646800957427,Ordinary Miracle (1978),Comedy|Drama|Fantasy|Romance,186408,27935.0
160271,-0.22890458975703198,0.6523262038351657,3.416085194377705,Central Intelligence (2016),Action|Comedy,1489889,302699.0
165671,0.003303640004405993,0.002847433546159135,4.92720700952839,Ice Guardians (2016),Documentary,4431208,413361.0
168418,-0.17652029201452113,0.9139553557753886,3.5738514350816133,The Boss Baby (2017),Animation|Children|Comedy,3874544,295693.0
4951,-0.4927150758213432,1.0204711107467577,3.28415930209206,Lord of the Flies (1990),Adventure|Drama|Thriller,100054,10847.0
3564,-3.022044551739249,1.7075690823008836,1.9971968562186997,"Flintstones in Viva Rock Vegas, The (2000)",Children|Comedy,158622,889.0
110297,-0.059962204141843105,0.3052090780163887,3.5705275761569735,Muppets Most Wanted (2014),Adventure|Comedy|Crime,2281587,145220.0
2145,0.7485227223444302,2.4418744808401938,4.073526408584137,Pretty in Pink (1986),Comedy|Drama|Romance,91790,11522.0
2359,1.726333332452008,3.477644985583517,4.263399021770418,Waking Ned Devine (a.k.a. Waking Ned) (1998),Comedy,166396,10162.0
95,-9.055541538390687,14.021413042716581,3.121153704692526,Broken Arrow (1996),Action|Adventure|Thriller,115759,9208.0
477,0.1957549771943663,1.8727583880733372,3.8715179112909834,What's Love Got to Do with It? (1993),Drama|Musical,108551,15765.0
1784,1.2532434254318596,15.946944813108729,3.84557860019023,As Good as It Gets (1997),Comedy|Drama|Romance,119822,2898.0
5872,-2.912747401597574,7.065051153091672,3.3547148047183546,Die Another Day (2002),Action|Adventure|Thriller,246460,36669.0
97024,2.447161166786703,0.8807263839335178,6.5455617198335645,Rust and Bone (De rouille et d'os) (2012),Drama|Romance,2053425,97365.0
1687,-0.3817818706001566,2.741977336577258,3.6277543225663753,"Jackal, The (1997)",Action|Thriller,119395,4824.0
7318,-2.80474813162402,2.336152488482575,2.5664059349533503,"Passion of the Christ, The (2004)",Drama,335345,615.0
57528,-1.5478996151792355,2.120400799922155,3.0369869752682623,Rambo (Rambo 4) (2008),Action|Drama|Thriller|War,462499,7555.0
2123,-0.32720394209683745,1.8581177967258364,3.5908959969857457,All Dogs Go to Heaven (1989),Animation|Children|Comedy|Drama|Fantasy,96787,11497.0
2133,-0.4924733125184437,1.5399813634810182,3.447198555987338,Adventures in Babysitting (1987),Adventure|Comedy,92513,14367.0
3868,3.3238209970298294,7.72265003532884,4.197389309970006,"Naked Gun: From the Files of Police Squad!, The (1988)",Action|Comedy|Crime|Romance,95705,37136.0
79185,0.42469172261631266,1.3753101839010167,4.0757873376213,Knight and Day (2010),Action|Comedy|Romance,1013743,37834.0
33558,-0.0039255852763852486,0.19457248761213886,3.746814852665645,"Snow Walker, The (2003)",Adventure|Drama,337721,14694.0
49822,-0.20657113135947666,1.62283291840626,3.639699841939513,"Good Shepherd, The (2006)",Drama|Thriller,343737,1247.0
50442,-0.0018585815895653598,1.1765661951861945,3.765410625283996,Alpha Dog (2007),Crime|Drama,426883,7457.0
93326,-1.1230157123798488,2.0020914421113725,3.2060690022746883,This Means War (2012),Action|Comedy|Romance,1596350,59962.0
482,0.4483534179733764,1.1921582893423597,4.143075767479146,Killing Zoe (1994),Crime|Drama|Thriller,110265,507.0
7163,-0.9742794650617042,3.4363090825647387,3.4834653109263924,Paycheck (2003),Action|Sci-Fi|Thriller,338337,9620.0
2009,-0.14948094764184794,4.904371300218249,3.736511165908149,Soylent Green (1973),Drama|Mystery|Sci-Fi|Thriller,70723,12101.0
968,-0.7832699623659907,2.1312487050213766,3.3994733700691517,Night of the Living Dead (1968),Horror|Sci-Fi|Thriller,63350,10331.0
74668,-0.08731257365766756,0.11394494335438751,3.000720449992295,District 13: Ultimatum (Banlieue 13 - Ultimatum) (2009),Action|Sci-Fi,1247640,15357.0
4887,-2.8439178379338212,1.4449201979094142,1.7987723633457364,"One, The (2001)",Action|Sci-Fi|Thriller,267804,10796.0
103075,-0.039784015861330096,0.15273403790441675,3.5065112493459685,"Purge, The (2013)",Crime|Horror|Thriller,2184339,158015.0
73160,0.3258856240902421,0.3349380025371933,4.739963264235109,Sorority Babes in the Slimeball Bowl-O-Rama (1988),Comedy|Horror,96142,27390.0
121007,-0.17652137971554788,0.3349380025371933,3.239963264235109,Space Buddies (2009),Adventure|Children|Fantasy|Sci-Fi,1164647,14749.0
77427,-1.0088614818264188,0.29610025585718946,0.35982848754860797,"Human Centipede, The (First Sequence) (2009)",Horror,1467304,37169.0
126426,-0.08782212530452445,0.7548520770222206,3.6506468009574267,Solyaris (1968),Drama|Sci-Fi,1808482,321130.0
147326,0.6670299517176961,0.7548520770222206,4.650646800957427,The Adventures of Sherlock Holmes and Doctor Watson: King of Blackmailers (1980),Crime|Mystery,459944,126846.0
4063,0.07715145031023825,0.21835316125539117,4.1203236245954695,Prelude to a Kiss (1992),Comedy|Drama|Romance,105165,2613.0
4187,0.14559963647939098,0.29072111323306965,4.267812659683189,Lilies of the Field (1963),Drama,57251,38805.0
57243,-0.1267259127991276,0.5371004186124883,3.531045748291003,"Band's Visit, The (Bikur Ha-Tizmoret) (2007)",Comedy|Drama,1032856,5259.0
6290,-0.0031696464942774297,0.1640312893612097,3.7476668651851903,House of 1000 Corpses (2003),Horror,251736,2662.0
4533,0.034736891261978306,0.13152139420147063,4.031106190222017,"Return of the Living Dead, The (1985)",Comedy|Horror|Sci-Fi,89907,10925.0
2139,0.896347544262606,3.838157159599895,4.000526206283408,"Secret of NIMH, The (1982)",Adventure|Animation|Children|Drama,84649,11704.0
2948,0.3427390097852682,6.61348743431911,3.8188145387849644,From Russia with Love (1963),Action|Adventure|Thriller,57076,657.0
34405,2.899956415558823,6.801084771637706,4.193386449071019,Serenity (2005),Action|Adventure|Sci-Fi,379786,16320.0
46965,-3.018711891074491,2.6865180449981008,2.643338098903002,Snakes on a Plane (2006),Action|Comedy|Horror|Thriller,417148,326.0
2453,0.13552662082350211,0.34520005231493467,4.15959342070737,"Boy Who Could Fly, The (1986)",Drama|Fantasy,90768,24086.0
2860,-0.5255797697326663,2.43809587173607,3.5514205198575266,Blue Streak (1999),Comedy,181316,11001.0
2541,0.3076903938845802,5.165516782592269,3.8265565276784987,Cruel Intentions (1999),Drama,139134,796.0
29,0.6501607989177859,8.853879067968903,3.8404226019958463,"City of Lost Children, The (Cité des enfants perdus, La) (1995)",Adventure|Drama|Fantasy|Mystery|Sci-Fi,112682,902.0
741,1.835869046945468,4.835952618478885,4.14661953740701,Ghost in the Shell (Kôkaku kidôtai) (1995),Animation|Sci-Fi,113568,9323.0
5312,0.6617766095884677,2.206985952767334,4.06684567038617,Murder by Numbers (2002),Crime|Thriller,264935,11892.0
97304,1.6348036351423199,3.2602784665735216,4.2684209671701545,Argo (2012),Drama|Thriller,1024648,68734.0
174403,-0.2521697855932143,0.8985360176309931,3.4863451299718133,The Putin Interviews (2017),(no genres listed),6840134,461805.0
5672,0.5601461256366584,0.17099698903363977,7.042756307975228,Pokemon 4 Ever (a.k.a. Pokémon 4: The Movie) (2002),Adventure|Animation|Children|Fantasy,313487,12600.0
87430,0.34194050367469225,1.626972770093989,3.9771600678927177,Green Lantern (2011),Action|Adventure|Sci-Fi,1133985,44912.0
4499,0.7392918653319607,2.7912078122502146,4.031854792603568,Dirty Rotten Scoundrels (1988),Comedy,95031,10141.0
59258,0.03758935039952599,2.419179810807807,3.7825283468591584,Baby Mama (2008),Comedy,871426,8780.0
70990,0.0836048413739137,0.11394494335438751,4.500720449992295,If These Walls Could Talk (1996),Drama,116607,35203.0
53460,-0.03725938634973075,1.0230058907932187,3.7305688134534005,Surf's Up (2007),Animation|Children|Comedy,423294,9408.0
7419,-0.6372284161116286,0.8262961879249688,2.9958038505841698,After Hours (1985),Comedy|Thriller,88680,10843.0
8804,0.6022158657758246,0.8262961879249688,4.49580385058417,"Story of Women (Affaire de femmes, Une) (1988)",Drama,96336,41975.0
5888,0.6670299517176961,0.7548520770222206,4.650646800957427,Brother (Brat) (1997),Crime|Drama,118767,20992.0
147250,0.6670299517176961,0.7548520770222206,4.650646800957427,The Adventures of Sherlock Holmes and Doctor Watson,(no genres listed),229922,127605.0
74532,-0.09205714616200676,0.13436882774762976,3.08188238561822,Cop Out (2010),Action|Comedy|Crime,1385867,23742.0
81782,0.03571428530877378,0.9999999886456694,3.8027045769764216,Unstoppable (2010),Action|Drama|Thriller,477080,44048.0
390,0.3888923303301328,0.6115562478253564,4.402896361575377,Faster Pussycat! Kill! Kill! (1965),Action|Crime|Drama,59170,315.0
5498,0.5879198229884129,0.5946145621735813,4.755731335274418,Red Beard (Akahige) (1965),Drama,58888,3780.0
2165,0.02129916191621389,0.05387871620617172,4.162307095669849,Your Friends and Neighbors (1998),Comedy|Drama,119517,77469.0
32019,-0.12108571661225562,0.4832217024063165,3.516410244858424,Be Cool (2005),Comedy|Crime|Musical,377471,4551.0
109042,-0.3651712821582318,0.3052090780163887,2.5705275761569735,Knights of Badassdom (2013),Adventure|Comedy|Fantasy,1545660,74461.0
1439,-0.005177709632670512,0.11987182301091769,3.7237965739846492,Meet Wally Sparks (1997),Comedy,119644,40506.0
2291,-0.31919292095217916,9.709657389827534,3.7341165339154982,Edward Scissorhands (1990),Drama|Fantasy|Romance,99487,162.0
5181,-2.557607887690406,1.0815441969214414,1.402216022239657,Hangar 18 (1980),Action|Sci-Fi|Thriller,80836,54287.0
3911,2.150439583171255,9.431753058923887,3.9949902791473795,Best in Show (2000),Comedy,218839,13785.0
6377,4.798959155232608,26.21060124642286,3.9500825870135565,Finding Nemo (2003),Adventure|Animation|Children|Comedy,266543,12.0
103335,-0.3894487337571757,5.288731960585739,3.6933528415559413,Despicable Me 2 (2013),Animation|Children|Comedy|IMAX,1690953,93456.0
4878,4.077688361828322,20.317706264836218,3.9676865858475914,Donnie Darko (2001),Drama|Mystery|Sci-Fi|Thriller,246578,141.0
1221,9.037146787210935,25.642821772798065,4.119414328962915,"Godfather: Part II, The (1974)",Crime|Drama,71562,240.0
558,0.0161334791040091,0.9749753923088467,3.783537866956127,"Pagemaster, The (1994)",Action|Adventure|Animation|Children|Fantasy,110763,15139.0
3189,0.6425168333533628,2.0832309815332466,4.075413523754807,My Dog Skip (1999),Children|Drama,156812,17908.0
3177,-0.5261257356418826,0.611593677704086,2.9067365724582546,Next Friday (2000),Comedy,195945,10471.0
4084,-1.2391001503304322,2.5374918080043867,3.2786733846137066,Beverly Hills Cop II (1987),Action|Comedy|Crime|Thriller,92644,96.0
137337,0.2215085176553936,0.49617907954808144,4.213418862690707,Amy (2015),Documentary,2870648,331781.0
1289,0.22946306124617244,3.037031696099775,3.842545334543658,Koyaanisqatsi (a.k.a. Koyaanisqatsi: Life Out of Balance) (1983),Documentary,85809,11314.0
2125,0.8374612514245646,1.0729686436038135,4.547498888989426,Ever After: A Cinderella Story (1998),Comedy|Drama|Romance,120631,9454.0
56336,0.14057731305110746,0.11394494335438751,5.000720449992295,Wrong Turn 2: Dead End (2007),Action|Horror|Thriller,804555,13186.0
72591,-0.03034010198047381,0.11394494335438751,3.500720449992295,"Patriot, The (1998)",Action|Thriller,120786,6058.0
128520,0.4040625548328141,0.684401403109603,4.357378553175307,The Wedding Ringer (2015),Comedy,884732,252838.0
464,0.29635379421527974,0.8226342507762816,4.127240054672333,Hard Target (1993),Action|Adventure|Crime|Thriller,107076,2019.0
81819,0.17631802120789597,0.3355432225387391,4.292460660992342,Biutiful (2010),Drama,1164999,45958.0
528,-0.0868497372238147,0.393925593836588,3.546517850317254,"Scout, The (1994)",Comedy|Drama,111094,35233.0
2749,0.07715145031023825,0.21835316125539117,4.1203236245954695,"Morning After, The (1986)",Drama|Mystery,91554,31924.0
91947,0.41584682375448906,0.6494787702890066,4.4072680690399135,"Revenant, The (2009)",Comedy|Horror,1336006,79896.0
8695,0.31124085155045766,0.49842644783279677,4.391437193917003,"Bachelor and the Bobby-Soxer, The (1947)",Comedy,39169,27437.0
77795,0.15789522945376985,0.27236927080775303,4.346700436189672,Cargo (2009),Sci-Fi,381940,34069.0
184053,0.5664491356653993,0.27236927080775303,5.846700436189672,Battle Planet (2008),Action|Sci-Fi,1016024,17571.0
4945,0.21535608302624878,0.6768334037967816,4.085172109443954,"Enforcer, The (1976)",Crime,74483,10649.0
98239,-0.3651712821582318,0.3052090780163887,2.5705275761569735,Red Dawn (2012),Action|War,1234719,60747.0
1587,-3.073934130428547,4.074199219384779,3.012502362492486,Conan the Barbarian (1982),Action|Adventure|Fantasy,82198,9387.0
3253,-1.3047962873348409,10.434204885089077,3.6419403903157352,Wayne's World (1992),Comedy,105793,8872.0
710,-0.17788705806773358,0.8666957714397632,3.561742886198389,Celtic Pride (1996),Comedy,115851,23449.0
653,-4.76981986358045,8.896175045208013,3.230825047284642,Dragonheart (1996),Action|Adventure|Fantasy,116136,8840.0
73499,-0.10653362994789009,0.45905478312309717,3.5349185781147257,MacGyver: Lost Treasure of Atlantis (1994),Action|Adventure,110419,81895.0
99728,-0.013891295081538843,0.7642638611394859,3.748814245281331,Gangster Squad (2013),Action|Crime|Drama,1321870,82682.0
1409,-1.8976784347479752,3.9955569279259437,3.2920431264539896,Michael (1996),Comedy|Drama|Fantasy|Romance,117038,2928.0
3064,-0.2348134827574457,0.6544334978733942,3.4081860987498627,Poison Ivy: New Seduction (1997),Drama|Thriller,119908,18222.0
168248,0.2127378151102512,0.8376381974021186,4.020963684273634,John Wick: Chapter Two (2017),Action|Crime|Thriller,4425200,324552.0
1393,-2.206770303775496,13.329593851201036,3.601436086954804,Jerry Maguire (1996),Drama|Romance,116695,9390.0
1177,0.060361400411127294,0.7295846936823295,3.849724209522501,Enchanted April (1992),Drama|Romance,101811,26561.0
1801,0.7042528415062241,2.3610725327667668,4.06526695652026,"Man in the Iron Mask, The (1998)",Action|Adventure|Drama,120744,9313.0
87869,0.6577163133635464,3.6630878508467695,3.946542718106474,Horrible Bosses (2011),Comedy|Crime,1499658,51540.0
4502,0.36592179320702994,0.22016612696365273,5.429016136261626,Ernest Saves Christmas (1988),Children|Comedy,95107,26386.0
110501,0.04112468143536435,0.6134501619349567,3.834028632739866,The Raid 2: Berandal (2014),Action|Crime|Thriller,2265171,180299.0
45726,-0.13426537817783424,0.7286880399621747,3.582733969194871,"You, Me and Dupree (2006)",Comedy,463034,1819.0
52458,-0.46430089901583727,1.53232356581136,3.4639858153308456,Disturbia (2007),Drama|Thriller,486822,8271.0
78467,0.14057731305110746,0.11394494335438751,5.000720449992295,Jonah Hex (2010),Action|Drama|Thriller|Western,1075747,20533.0
214,0.1550055553714866,0.4990838211411603,4.077570496040293,Before the Rain (Pred dozhdot) (1994),Drama|War,110882,19155.0
3599,-0.009052378446951226,0.3349380025371933,3.739963264235109,Anchors Aweigh (1945),Comedy|Musical,37514,17889.0
64116,-0.009052378446951226,0.3349380025371933,3.739963264235109,Igor (2008),Animation|Comedy,465502,14248.0
121097,-0.34399038098414453,0.3349380025371933,2.739963264235109,To Grandmother's House We Go (1992),Adventure|Children|Comedy,105606,50327.0
4678,0.6132361840024105,1.0788443132974994,4.335409827282164,UHF (1989),Comedy,98546,11959.0
6461,0.7866195124842389,1.1523667491562954,4.449602413713745,"Unforgiven, The (1960)",Drama|Western,54428,6643.0
121374,0.003303640004405993,0.002847433546159135,4.92720700952839,Bill Burr: Why Do I Do This? (2008),Comedy,1254947,32836.0
178323,0.0004562064582468579,0.002847433546159135,3.9272070095283897,Gaga: Five Foot Two (2017),Documentary,7291268,472424.0
4792,-0.1494655303921842,0.5932782800930834,3.5150587181583077,13 Ghosts (1960),Horror,53559,29756.0
6483,-1.433251715864331,0.49842644783279677,0.8914371939170032,From Justin to Kelly (2003),Musical|Romance,339034,31246.0
6368,0.7112825143138526,0.5807306604208037,4.991796492812524,Cinemania (2002),Documentary,281724,51230.0
3713,0.0035102890911864405,0.024664399667020533,3.909312388640413,"Long Walk Home, The (1990)",Drama,100046,51763.0
1552,-3.7641223360125,11.171528732630359,3.4300514151154844,Con Air (1997),Action|Adventure|Thriller,118880,1701.0
2116,0.5363909235571178,2.2772178042377353,4.002536896667615,"Lord of the Rings, The (1978)",Adventure|Animation|Children|Fantasy,77869,123.0
1079,3.4612756319846247,11.009025846109571,4.081393734433975,"Fish Called Wanda, A (1988)",Comedy|Crime,95159,623.0
1283,0.7895894237140859,1.8526631733820533,4.193181859734177,High Noon (1952),Drama|Western,44706,288.0
2843,1.5219598001620431,2.157787975412989,4.472323631471685,"Black Cat, White Cat (Crna macka, beli macor) (1998)",Comedy|Romance,118843,1075.0
166528,-2.9612449368817075,4.886976390413395,3.161044057781108,Rogue One: A Star Wars Story (2016),Action|Adventure|Fantasy|Sci-Fi,3748528,330459.0
66934,-0.6840485785128171,3.799924868207458,3.586973948245464,Dr. Horrible's Sing-Along Blog (2008),Comedy|Drama|Musical|Sci-Fi,1227926,14301.0
1345,0.8540900243971923,5.712663274390699,3.9164984949446446,Carrie (1976),Drama|Fantasy|Horror|Thriller,74285,7340.0
1648,-0.20967343149143255,0.34520005231493467,3.159593420707371,"House of Yes, The (1997)",Comedy|Drama,119324,33344.0
1911,-1.6459159785823003,5.65263553064333,3.4758135526134692,Dr. Dolittle (1998),Comedy,118998,3050.0
4366,0.5357318556902758,1.5494822313047,4.112739242019175,Atlantis: The Lost Empire (2001),Adventure|Animation|Children|Fantasy,230011,10865.0
3246,0.5154010496931309,2.3166190863934175,3.9894701338570284,Malcolm X (1992),Drama,104797,1883.0
5093,-0.38258828070765794,1.880489183097768,3.5635388254699145,Collateral Damage (2002),Action|Thriller,233469,9884.0
550,0.1412737482727328,0.5675838950243957,4.015894020756893,Threesome (1994),Comedy|Romance,111418,10635.0
90746,-0.6173587753432035,2.2037450941514938,3.48684955403186,"Adventures of Tintin, The (2011)",Action|Animation|Mystery|IMAX,983193,17578.0
56801,-0.5715885525431224,0.5869355465301863,2.793137956159571,AVPR: Aliens vs. Predator - Requiem (2007),Action|Horror|Sci-Fi,758730,440.0
2922,0.034576357465856564,0.7628082765155628,3.8123180079772694,Hang 'Em High (1968),Crime|Drama|Western,61747,4929.0
113741,0.09308873747724392,0.6736506164695563,3.905175776736936,Coherence (2013),Drama|Mystery|Sci-Fi|Thriller,2866360,220289.0
184471,-0.7149950882753944,0.44856909343809104,2.173043898755997,Tomb Raider (2018),Action|Adventure|Fantasy,1365519,338970.0
33779,0.6680490178417626,0.48798189712969725,5.135993981299036,Eddie Izzard: Dress to Kill (1999),Comedy,184424,13589.0
30822,0.22307998076164223,1.0356834252488971,3.9823842768403366,In Good Company (2004),Comedy|Drama,385267,1901.0
139640,-0.5114593822527412,0.3349380025371933,2.239963264235109,Ooops! Noah is Gone... (2015),Animation,3411432,326215.0
2868,-0.1320893999222489,0.3338523294738158,3.3713381173490924,Fright Night Part II (1988),Horror,97390,18086.0
87194,0.4235687172848464,0.7204975031147309,4.354873962550027,The Way (2010),Adventure|Comedy|Drama,1441912,59468.0
133716,0.28960391320658585,0.7548520770222206,4.150646800957427,Bootleggers (1961),Comedy|Crime,55400,42279.0
1465,0.14559963647939098,0.29072111323306965,4.267812659683189,Rosewood (1997),Action|Drama,120036,25624.0
4406,0.45727043888425656,1.1354229080839087,4.169721674985868,"Man Who Shot Liberty Valance, The (1962)",Crime|Drama|Western,56217,11697.0
106144,-0.010967232433259234,0.12088327304214612,3.676264484810523,"Selfish Giant, The (2013)",Drama,2304426,194101.0
3165,-0.27940759738894627,0.36675986552339207,3.005163211327389,Boiling Point (1993),Action|Drama,106455,22213.0
1327,-0.972068344948965,0.5700381736896638,2.061721434165959,"Amityville Horror, The (1979)",Drama|Horror|Mystery|Thriller,78767,11449.0
7024,-0.03102380583875701,0.13152139420147063,3.531106190222017,"Salo, or The 120 Days of Sodom (Salò o le 120 giornate di Sodoma) (1976)",Drama,73650,5336.0
57536,0.034736891261978306,0.13152139420147063,4.031106190222017,Strange Wilderness (2008),Comedy,489282,14220.0
5723,0.19278482572024758,0.21112033903603206,4.680141656026404,Continental Divide (1981),Comedy|Romance,82200,26560.0
492,0.046889504654494346,1.2004897398488106,3.8060489379944267,Manhattan Murder Mystery (1993),Comedy|Mystery,107507,10440.0
1179,-0.38386778769683844,3.8442786659686745,3.6671359828075976,"Grifters, The (1990)",Crime|Drama|Film-Noir,99703,18129.0
352,-0.07978007972918677,0.16161900022557843,3.2733597180137286,Crooklyn (1994),Comedy|Drama,109504,34152.0
3869,-1.2325910153193065,6.680304132488956,3.582479078767374,"Naked Gun 2 1/2: The Smell of Fear, The (1991)",Comedy,102510,37137.0
2300,3.196715008061735,6.571541884511169,4.25343853495305,"Producers, The (1968)",Comedy,63462,30197.0
122922,-0.9527122385031198,4.850971784416125,3.5705941296592725,Doctor Strange (2016),Action|Adventure|Sci-Fi,1211837,284052.0
338,-1.8174991609208002,2.2022897434935986,2.9417132511767505,Virtuosity (1995),Action|Sci-Fi|Thriller,114857,9271.0
798,-0.47844580167892237,3.151599427297319,3.6151798176547025,Daylight (1996),Action|Adventure|Drama|Thriller,116040,11228.0
866,2.185563519114761,4.082145799405491,4.302386043033927,Bound (1996),Crime|Drama|Romance|Thriller,115736,9303.0
2870,0.58963875448134,0.7119599178383267,4.595181232504472,Barefoot in the Park (1967),Comedy,61385,17887.0
3063,-0.1437561566086557,0.8554942139018294,3.5989515666599003,Poison Ivy (1992),Drama|Thriller,105156,9264.0
3477,0.5744792423557757,1.727312357805322,4.099575905994664,Empire Records (1995),Comedy|Drama,112950,13531.0
136016,-0.1490483589277348,0.5716746580518313,3.506267943632339,The Good Dinosaur (2015),Adventure|Animation|Children|Comedy|Fantasy,1979388,105864.0
5292,-0.40200084385010787,0.5391723170513802,3.0214014857229983,Slap Shot (1977),Comedy,76723,11590.0
2943,-0.014468646322808087,0.06882740214731119,3.55677392581163,Indochine (1992),Drama|Romance,104507,2731.0
3385,0.7036965735646019,0.7656184191241542,4.686112083511611,Volunteers (1985),Comedy,90274,19259.0
122898,-2.0472605219879423,0.9227078638115428,1.5482376369484818,Justice League (2017),Action|Adventure|Sci-Fi,974015,141052.0
142602,-1.599973812039704,0.8985360176309931,1.9863451299718133,"F*ck You, Goethe 2 (2015)",Comedy,3702996,329263.0
53000,-1.2709604358251878,5.69395258265171,3.5437779589892013,28 Weeks Later (2007),Horror|Sci-Fi|Thriller,463854,1562.0
6944,-0.7128049922197683,1.8480504933712856,3.3812838428850456,Father of the Bride (1991),Comedy,101862,11846.0
1337,0.3686890942884748,0.3338523294738158,4.871338117349092,"Body Snatcher, The (1945)",Drama|Horror|Thriller,37549,30346.0
65802,-1.2466416084117984,1.4231355239635106,2.89100793580815,Paul Blart: Mall Cop (2009),Action|Comedy|Crime,1114740,14560.0
7036,0.026792721029059382,0.05281164506088962,4.274316298588143,Teen Wolf (1985),Comedy|Fantasy,90142,11824.0
27815,-0.04246275826264023,1.3134709708761836,3.7346616298724484,"Chorus, The (Choristes, Les) (2004)",Drama,372824,5528.0
157312,-0.0009675103148327097,0.002847433546159135,3.4272070095283897,The Boss (2016),Comedy,2702724,323676.0
5637,0.28011892875115235,0.4948670574548086,4.333039141213586,Flirting (1991),Drama,101898,21828.0
78893,-0.537117963502877,0.8218261900899324,3.1134239167905458,"Last Airbender, The (2010)",Action|Adventure|Fantasy,938283,10196.0
2178,-0.7080366154128555,0.9716672700878548,3.0383081207195004,Frenzy (1972),Thriller,68611,573.0
1042,-1.4374242054385369,5.637486189221926,3.5120141978063883,That Thing You Do! (1996),Comedy|Drama,117887,9591.0
1348,-0.8864930776498133,2.9350457730301063,3.4649530672448057,"Nosferatu (Nosferatu, eine Symphonie des Grauens) (1922)",Horror,13442,653.0
195,0.1637581029503863,1.083862210912982,3.9180778569153807,Something to Talk About (1995),Comedy|Drama|Romance,114496,18402.0
1604,0.07869893105861932,0.6331110485894766,3.891295389449815,Money Talks (1997),Action|Comedy,119695,9416.0
2100,-2.090987298614363,10.208678528064167,3.562165808556942,Splash (1984),Comedy|Fantasy|Romance,88161,2619.0
678,0.02112942319935012,0.7693002591885293,3.7944560602476267,Some Folks Call It a Sling Blade (1993),Drama|Thriller,108181,27768.0
3275,7.393088048431768,8.767610095109942,4.610217575348959,"Boondock Saints, The (2000)",Action|Crime|Drama|Thriller,144117,8374.0
8361,-3.764198229713491,7.660400776659534,3.275606310259129,"Day After Tomorrow, The (2004)",Action|Adventure|Drama|Sci-Fi|Thriller,319262,435.0
44199,1.797029674411226,8.079971005281047,3.9893957520288508,Inside Man (2006),Crime|Drama|Thriller,454848,388.0
107846,-0.10653362994789009,0.45905478312309717,3.5349185781147257,MacGyver: Trail to Doomsday (1994),Action|Adventure,110420,13632.0
911,0.9859862842849703,2.7467827682928703,4.125950706940643,Charade (1963),Comedy|Crime|Mystery|Romance|Thriller,56923,4808.0
933,1.9064321220260412,2.8709907559099244,4.431023123169259,To Catch a Thief (1955),Crime|Mystery|Romance|Thriller,48728,381.0
1257,-1.8422054602116142,3.537429100689084,3.24621505937049,Better Off Dead... (1985),Comedy|Romance,88794,13667.0
2016,0.07151564068968057,0.7837168318031279,3.858242179428353,"Apple Dumpling Gang Rides Again, The (1979)",Children|Comedy|Western,78790,22328.0
103141,1.1398634118444977,2.9788133014846503,4.149647173879246,Monsters University (2013),Adventure|Animation|Comedy,1453405,62211.0
109723,0.13678897009818083,0.5716746580518313,4.00626794363234,"Bag Man, The (2014)",Crime|Drama|Thriller,2212008,242076.0
714,1.4518703710544745,2.642428829086783,4.316435693565076,Dead Man (1995),Drama|Mystery|Western,112817,922.0
6281,-1.249033439421591,4.044348071738492,3.458155982922131,Phone Booth (2002),Drama|Thriller,183649,1817.0
58293,-2.242355046759172,3.7853910827212363,3.1746195169464766,"10,000 BC (2008)",Adventure|Romance|Thriller,443649,7840.0
5810,-5.231212902655729,10.508099926165087,3.2691635728817703,8 Mile (2002),Drama,298203,65.0
115203,0.19709822322228226,0.8985360176309931,3.9863451299718133,"Culture High, The (2014)",Documentary,1778338,295538.0
2615,-0.6263695901199156,0.609513768521833,2.7393357533852303,My Science Project (1985),Adventure|Sci-Fi,89652,18252.0
3507,0.9656334483528731,2.4121855157525722,4.167305044023434,"Odd Couple, The (1968)",Comedy,63374,11356.0
1185,0.8509767041031162,2.0363288729285456,4.184887771092732,My Left Foot (1989),Drama,97937,10161.0
7889,-0.22408032214914422,0.8262961879249688,3.4958038505841698,Pat Garrett and Billy the Kid (1973),Western,70518,11577.0
1131,0.5594680204964315,0.9805623498490956,4.337548625041249,Jean de Florette (1986),Drama|Mystery,91288,4480.0
1140,0.9200514708807738,0.7109488638624162,5.061107938320959,Entertaining Angels: The Dorothy Day Story (1996),Drama,116212,99479.0
6271,0.4933546253588387,0.3349380025371933,5.239963264235109,Day for Night (La Nuit Américaine) (1973),Comedy|Drama|Romance,70460,1675.0
42013,0.07206779747136811,0.9496810991449804,3.842876604611167,"Ringer, The (2005)",Comedy,267891,9927.0
124404,-0.5114593822527412,0.3349380025371933,2.239963264235109,"Snowflake, the White Gorilla (2011)",Adventure|Animation|Children|Comedy,1429433,85439.0
102666,0.28960391320658585,0.7548520770222206,4.150646800957427,Ivan Vasilievich: Back to the Future (Ivan Vasilievich menyaet professiyu) (1973),Adventure|Comedy,70233,20803.0
148652,-0.6868120334241531,0.6583845882038405,2.7238127234246714,The Ridiculous 6 (2015),Comedy|Western,2479478,347969.0
152970,0.4462703530934182,1.0755711213475414,4.181905069314473,Hunt for the Wilderpeople (2016),Adventure|Comedy,4698684,371645.0
2330,0.18777313174352833,0.4466699559418348,4.1873748039110685,Hands on a Hard Body (1996),Comedy|Documentary,116481,18603.0
85885,-0.5168636866041566,0.4243972472575414,2.549113196290069,Room in Rome (Habitación en Roma) (2010),Drama|Romance,1263750,48650.0
1936,0.31124085155045766,0.49842644783279677,4.391437193917003,Mrs. Miniver (1942),Drama|War,35093,27367.0
43560,0.31124085155045766,0.49842644783279677,4.391437193917003,Nanny McPhee (2005),Children|Comedy|Fantasy,396752,11283.0
52694,-0.1871855962823391,0.49842644783279677,3.391437193917003,Mr. Bean's Holiday (2007),Comedy,453451,1268.0
4275,-0.8986165824455403,0.5946145621735813,2.2557313352744184,Krull (1983),Action|Adventure|Fantasy|Sci-Fi,85811,849.0
4723,-1.5540265180001462,0.9712702059620405,2.1669962747043163,"Deep End, The (2001)",Drama,250323,24936.0
1602,-0.27940759738894627,0.36675986552339207,3.005163211327389,Leave It to Beaver (1997),Comedy,119509,37244.0
43556,-0.3626965678154139,0.4832217024063165,3.016410244858424,Annapolis (2006),Drama,417433,13275.0
95583,-0.21256674315003746,0.3052090780163887,3.0705275761569735,Savages (2012),Crime|Drama|Thriller,1615065,82525.0
3302,0.19278482572024758,0.21112033903603206,4.680141656026404,Beautiful People (1999),Comedy,159272,61416.0
345,2.027040107284121,5.1161539793909325,4.1631941810296285,"Adventures of Priscilla, Queen of the Desert, The (1994)",Comedy|Drama,109045,2759.0
1188,-1.0739489552356747,1.4240114058702715,3.0128186948771054,Strictly Ballroom (1992),Comedy|Romance,105488,10409.0
490,-0.612612304002247,1.60529928312171,3.385371542382523,Malice (1993),Thriller,107497,2246.0
115149,-0.1425149523538532,2.621971817428732,3.7126361782977897,John Wick (2014),Action|Thriller,2911666,245891.0
3466,0.03271563660690227,0.9673146471906147,3.8008113821573466,Heart and Souls (1993),Comedy|Fantasy,107091,12187.0
94777,0.17311200828992457,2.7114412327311905,3.8308353070420105,Men in Black III (M.III.B.) (M.I.B.³) (2012),Action|Comedy|Sci-Fi|IMAX,1409024,41154.0
1792,-0.6090646907858227,3.7790518596155915,3.60582164012651,U.S. Marshals (1998),Action|Crime|Thriller,120873,11808.0
137857,-1.299047615154417,2.7885036343461675,3.3011319724297814,The Jungle Book (2016),Adventure|Drama|Fantasy,3040964,278927.0
68554,-0.14235759523483527,2.57213974960873,3.7116443112248962,Angels & Demons (2009),Crime|Drama|Mystery|Thriller,808151,13448.0
8677,-3.196636159454799,1.057803299214644,0.7450332205779069,Flash Gordon Conquers the Universe (1940),Action|Sci-Fi,32475,68064.0
50806,0.254522256405495,0.11394494335438751,6.000720449992295,Norbit (2007),Comedy|Romance,477051,9757.0
51709,0.004396789281504495,0.24546633755585814,3.784902275957406,"Host, The (Gwoemul) (2006)",Comedy|Drama|Horror|Sci-Fi|Thriller,468492,1255.0
5812,-0.45617038326105286,2.714184968944096,3.5989212803138817,Far from Heaven (2002),Drama|Romance,297884,10712.0
287,-0.34407826576967365,0.4990838211411603,3.077570496040293,Nina Takes a Lover (1994),Comedy|Romance,110671,131957.0
8266,-0.6350494801868473,0.4260243402500168,2.2763489823309095,Purple Rain (1984),Drama|Musical,87957,13763.0
111622,0.004820209561826799,1.0600611550386092,3.7715373964351873,Begin Again (2013),Comedy|Romance,1980929,198277.0
118985,-0.08782212530452445,0.7548520770222206,3.6506468009574267,Big Eyes (2014),Drama,1126590,87093.0
134095,0.6670299517176961,0.7548520770222206,4.650646800957427,My Love (2006),Animation|Drama,874952,104522.0
87529,-0.20619966158047073,0.49676252933268933,3.3519033042112754,Your Highness (2011),Action|Adventure|Comedy|Fantasy,1240982,38319.0
129737,-0.0023912270879122774,0.002847433546159135,2.9272070095283897,Unfinished Business (2015),Comedy,2358925,239573.0
6950,0.03497597112483446,0.4222425074345403,3.849824137947401,"Missing, The (2003)",Adventure|Thriller|Western,338188,12146.0
49524,0.0002390798628561496,0.29072111323306965,3.7678126596831887,"Nativity Story, The (2006)",Drama,762121,2447.0
2130,0.6382217652158672,1.280078388173652,4.265570511905067,Atlantic City (1980),Crime|Drama|Romance,80388,23954.0
8571,-0.054539256178483465,0.2837467184187765,3.574779235985754,Bob & Carol & Ted & Alice (1969),Comedy|Drama,64100,26520.0
4735,-0.8880624846085762,1.2838330368911361,3.075262894404471,Ghosts of Mars (2001),Horror|Sci-Fi|Thriller,228333,10016.0
4699,-0.006694739185168349,0.5946145621735813,3.7557313352744184,Original Sin (2001),Drama|Romance|Thriller,218922,2057.0
3627,0.7112825143138526,0.5807306604208037,4.991796492812524,Carnival of Souls (1962),Horror|Thriller,55830,16093.0
5784,-1.0559072077308835,0.9951190747169703,2.705904000627819,Ghost Ship (2002),Horror,288477,9645.0
47810,-0.8229848991828148,0.3052090780163887,1.0705275761569735,"Wicker Man, The (2006)",Horror|Mystery|Thriller,450345,9708.0
95873,-0.059962204141843105,0.3052090780163887,3.5705275761569735,Ruby Sparks (2012),Comedy|Fantasy|Romance,1839492,103332.0
173941,-0.21256674315003746,0.3052090780163887,3.0705275761569735,Atomic Blonde (2017),Thriller,2406566,341013.0
5241,0.19278482572024758,0.21112033903603206,4.680141656026404,Seems Like Old Times (1980),Comedy|Romance,81480,28124.0
1920,-4.671354189426912,5.938023820754627,2.9803053047352113,Small Soldiers (1998),Animation|Children|Fantasy|War,122718,11551.0
3255,-1.0559141667898844,7.023078120172589,3.616641092702469,"League of Their Own, A (1992)",Comedy|Drama,104694,11287.0
8636,0.8611158387699198,15.040524054055558,3.8242433388072263,Spider-Man 2 (2004),Action|Adventure|Sci-Fi|IMAX,316654,558.0
1593,-0.20967343149143255,0.34520005231493467,3.159593420707371,Picture Perfect (1997),Comedy|Romance,119896,9413.0
50189,-0.7288091111597966,0.5745220915979904,2.498441837132777,American Pie Presents The Naked Mile (American Pie 5: The Naked Mile) (2006),Comedy|Romance,808146,8275.0
44204,-0.30792760554834425,0.7891870497857202,3.3768069936117846,Tsotsi (2005),Crime|Drama,468565,868.0
89759,0.21852320197818667,0.2927131779584352,4.513534070063979,"Separation, A (Jodaeiye Nader az Simin) (2011)",Drama,1832382,60243.0
828,-0.49424815504277964,2.0462965548985075,3.525457286742518,"Adventures of Pinocchio, The (1996)",Adventure|Children,115472,18975.0
3004,0.09107685830696179,0.23865220099688622,4.148620370207648,"Bachelor, The (1999)",Comedy|Romance,120596,2020.0
2533,-1.5074172992513968,1.9415119699200072,2.990576175559566,Escape from the Planet of the Apes (1971),Action|Sci-Fi,67065,1687.0
33646,-0.4307568383808173,2.103689804104878,3.5622277651804426,"Longest Yard, The (2005)",Comedy|Drama,398165,9291.0
1631,-0.19456466428039204,0.3017162185217673,3.1221304781780237,"Assignment, The (1997)",Action|Thriller,118647,18355.0
6979,-0.5891571950959025,2.992602167548985,3.5701190861669274,WarGames (1983),Drama|Sci-Fi|Thriller,86567,860.0
56379,0.0836048413739137,0.11394494335438751,4.500720449992295,"Maxed Out: Hard Times, Easy Credit and the Era of Predatory Lenders (2006)",Documentary,762117,33003.0
3307,1.6094392716267185,2.732591433702101,4.3559694016321995,City Lights (1931),Comedy|Drama|Romance,21749,901.0
1173,-0.04097841855718041,1.1626351509898234,3.7317441364195845,"Cook the Thief His Wife & Her Lover, The (1989)",Comedy|Drama,97108,7452.0
95633,-0.34399038098414453,0.3349380025371933,2.739963264235109,Spirit Camp (2009),Horror,1078933,40770.0
128852,-0.34399038098414453,0.3349380025371933,2.739963264235109,Chris Rock: Bigger & Blacker (1999),Comedy,206636,17870.0
6731,0.4034259855504531,0.46537372367528645,4.633876333654901,Day of the Dead (1985),Horror|Sci-Fi|Thriller,88993,8408.0
93270,-0.21780540378410887,0.3080565115625478,3.0599596147173047,Project X (2012),Comedy,1636826,57214.0
4553,0.34119091931542234,0.6053680431791463,4.330599360422157,They Live (1988),Action|Sci-Fi|Thriller,96256,8337.0
6987,0.2527150591351406,2.229412230857864,3.8803453072781275,"Cabinet of Dr. Caligari, The (Cabinet des Dr. Caligari., Das) (1920)",Crime|Fantasy|Horror,10323,234.0
4535,-0.0662070099095542,0.7292378927212628,3.676200974675072,"Man from Snowy River, The (1982)",Drama|Romance|Western,84296,24266.0
2314,1.2781089842948705,0.5576970805160844,6.0587523049921135,Beloved (1998),Drama,120603,39437.0
3877,-1.0036307824552335,1.1230261492841664,2.8733060408152853,Supergirl (1984),Action|Adventure|Fantasy,88206,9651.0
6969,0.5879198229884129,0.5946145621735813,4.755731335274418,"Dernier Combat, Le (Last Battle, The) (1983)",Drama|Sci-Fi,85426,19184.0
1767,-0.039633774555396455,0.08467215473198333,3.2989051848791573,Music From Another Room (1998),Drama|Romance,119734,39424.0
2744,0.2356459346494154,0.4632355980287654,4.275685943436049,Otello (1986),Drama,91699,198469.0
87234,0.049474404087813825,0.12088327304214612,4.176264484810523,Submarine (2010),Comedy|Drama|Romance,1440292,49020.0
2327,-0.4974481490935849,0.5755405061739696,2.9026755405932745,Tales from the Darkside: The Movie (1990),Fantasy|Horror|Thriller,100740,20701.0
5458,-0.3626965678154139,0.4832217024063165,3.016410244858424,Like Mike (2002),Children|Comedy|Fantasy,308506,21972.0
51937,-0.28363091665248324,0.6147430966077871,3.30560907654401,"Hills Have Eyes II, The (2007)",Horror|Thriller,800069,9793.0
3767,-0.941044539110208,0.43851677948819323,1.6210187272810934,Missing in Action 2: The Beginning (1985),Action|War,89604,12764.0
4815,0.07050377908241268,1.0331313416617744,3.8352330947076383,Hearts in Atlantis (2001),Drama,252501,11313.0
2389,-2.0202448366005976,1.9024133944801789,2.7050524167379635,Psycho (1998),Crime|Horror|Thriller,155975,11252.0
1203,5.071336973805416,12.538102177784118,4.171464341791982,12 Angry Men (1957),Drama,50083,389.0
3079,-0.0009950567447398265,0.12867318511564532,3.759257081395251,Mansfield Park (1999),Comedy|Drama|Romance,178737,10399.0
77841,1.1260715908864263,0.8807263839335178,5.0455617198335645,St Trinian's 2: The Legend of Fritton's Gold (2009),Adventure|Comedy,1210106,37565.0
1562,-7.480208625567689,7.524968047921408,2.7729384125124423,Batman & Robin (1997),Action|Adventure|Fantasy|Thriller,118688,415.0
3802,-0.20967343149143255,0.34520005231493467,3.159593420707371,Freejack (1992),Action|Sci-Fi,104299,9278.0
4005,0.49155653100046026,2.4568386776152997,3.9670671361437804,"Living Daylights, The (1987)",Action|Adventure|Thriller,93428,708.0
1284,1.4808419850129917,2.9533410411697063,4.268402747314447,"Big Sleep, The (1946)",Crime|Film-Noir|Mystery,38355,910.0
6796,-0.11982651074385582,4.025129234730027,3.73722068542937,Boyz N the Hood (1991),Crime|Drama,101507,650.0
2352,0.6927744084359593,3.9702004731591862,3.941483849740986,"Big Chill, The (1983)",Comedy|Drama,85244,12560.0
8873,-1.0167170226227062,5.814066938393136,3.5921183757173,"Motorcycle Diaries, The (Diarios de motocicleta) (2004)",Adventure|Drama,318462,1653.0
3077,-0.08731257365766756,0.11394494335438751,3.000720449992295,42 Up (1998),Documentary,164312,20565.0
62293,0.8362996690799743,0.6123713911871843,5.132664261528232,"Duchess, The (2008)",Drama|Romance,864761,12783.0
67408,0.43301951515878784,0.3263745875731957,5.093746514467397,Monsters vs. Aliens (2009),Animation|Sci-Fi|IMAX,892782,15512.0
7067,0.3258856240902421,0.3349380025371933,4.739963264235109,Juliet of the Spirits (Giulietta degli spiriti) (1965),Comedy|Drama|Fantasy|Romance,59229,19120.0
76301,-0.34399038098414453,0.3349380025371933,2.739963264235109,"Emperor's New Groove 2: Kronk's New Groove, The (2005)",Animation|Children|Comedy|Romance,401398,13417.0
3979,-2.203910160043645,3.856222804128017,3.195469849630911,Little Nicky (2000),Comedy,185431,9678.0
4649,0.19997494978905214,1.6551633659881506,3.8878091505350785,Wet Hot American Summer (2001),Comedy,243655,2171.0
127116,0.003303640004405993,0.002847433546159135,4.92720700952839,Experimenter (2015),Drama,3726704,309299.0
2132,1.0675680176897413,1.244572915537598,4.624768894959776,Who's Afraid of Virginia Woolf? (1966),Drama,61184,396.0
110718,-0.03644596545721451,0.20620743613950301,3.5902461052156243,Fading Gigolo (2013),Comedy,2258345,214030.0
1844,0.41464755738572406,0.6803043576935595,4.376493306635294,Live Flesh (Carne trémula) (1997),Drama|Romance,118819,267.0
91470,0.41584682375448906,0.6494787702890066,4.4072680690399135,Violet & Daisy (2011),Action|Drama,1634136,91550.0
990,-0.865327069635021,0.9244569460394765,2.8309520329719877,Maximum Risk (1996),Action|Adventure|Thriller,117011,10861.0
3521,-0.07853298352907556,0.994974489898373,3.6880606460034953,Mystery Train (1989),Comedy|Drama,97940,11305.0
179511,0.021710594049893332,0.27236927080775303,3.846700436189672,Emerald Green (2016),Adventure|Drama|Fantasy|Romance,4960934,337556.0
809,-0.3296388463672438,0.7047675554560926,3.2992632459189135,Fled (1996),Action|Adventure,116320,18550.0
6625,-0.04826759144197507,0.09217201077620096,3.2433216522088815,Camp Nowhere (1994),Adventure|Children|Comedy,109369,17745.0
45361,-0.16254520004022763,0.13152139420147063,2.531106190222017,"American Haunting, An (2005)",Drama|Horror|Mystery|Thriller,429573,10008.0
3384,0.19278482572024758,0.21112033903603206,4.680141656026404,"Taking of Pelham One Two Three, The (1974)",Action|Crime,72251,8333.0
1995,-0.5025277596220148,0.43851677948819323,2.6210187272810934,Poltergeist II: The Other Side (1986),Horror|Thriller,91778,11133.0
2450,-4.486774738618907,3.5351222963046034,2.4977909927515576,Howard the Duck (1986),Adventure|Comedy|Sci-Fi,91225,10658.0
32,11.001298031857583,31.459780124029795,4.116684344700689,Twelve Monkeys (a.k.a. 12 Monkeys) (1995),Mystery|Sci-Fi|Thriller,114746,63.0
33493,-4.814763907095467,13.524170262776934,3.4109785128281334,Star Wars: Episode III - Revenge of the Sith (2005),Action|Adventure|Sci-Fi,121766,1895.0
113275,-1.0757443689473682,0.8807263839335178,2.5455617198335645,The Hundred-Foot Journey (2014),Comedy|Drama,2980648,228194.0
3081,3.1886654294653036,7.715848339356833,4.180252098547879,Sleepy Hollow (1999),Fantasy|Horror|Mystery|Romance,162661,2668.0
63433,-0.21953636146756333,0.3052305724215733,3.047742675514302,Farscape: The Peacekeeper Wars (2004),Action|Adventure|Sci-Fi,387736,13905.0
1014,0.9430030053367336,0.756110015812423,5.014167270294081,Pollyanna (1960),Children|Comedy|Drama,54195,31102.0
4241,0.3804322584207394,0.5969830145898822,4.404248385920139,Pokémon 3: The Movie (2001),Animation|Children,266860,10991.0
90866,0.6066958097897907,2.307384820923907,4.0299268436257165,Hugo (2011),Children|Drama|Mystery,970179,44826.0
3553,-0.41779401862791343,0.7634237136433941,3.2197266797690944,Gossip (2000),Drama|Thriller,176783,18041.0
6753,0.5788108592932544,2.1634354739983794,4.034532756128684,Secondhand Lions (2003),Children|Comedy|Drama,327137,13156.0
8341,-0.2978413293365402,1.3924227326732015,3.5530887782031395,Oliver Twist (1948),Adventure|Crime|Drama,40662,10949.0
6586,-0.8343066958671492,3.2445948351122054,3.5098528863576814,American Wedding (American Pie 3) (2003),Comedy,328828,8273.0
127134,-0.009052378446951226,0.3349380025371933,3.739963264235109,A Walk in the Woods (2015),Adventure|Comedy|Drama,1178665,232572.0
3746,0.7256742537072403,0.516047243089655,5.173206996078765,Butterfly (La lengua de las mariposas) (1999),Drama,188030,31023.0
142020,0.6670299517176961,0.7548520770222206,4.650646800957427,Oscar (1967),Comedy,62083,2798.0
3684,-0.20157093911788962,0.3596578809081515,3.206538401235663,"Fabulous Baker Boys, The (1989)",Drama|Romance,97322,10875.0
6808,0.24739155940674287,1.2239401630902669,3.9691174596215073,Where Eagles Dare (1968),Action|Adventure|War,65207,11046.0
4205,-0.2839951085303,0.4948670574548086,3.193108671436928,Mermaids (1990),Comedy|Drama|Romance,100140,4587.0
1931,0.23619132313996027,0.5799706469711257,4.174237320699678,Mutiny on the Bounty (1935),Adventure|Drama,26752,12311.0
1937,0.08735226813444577,0.36675986552339207,4.005163211327389,Going My Way (1944),Comedy|Drama|Musical,36872,17661.0
2152,-0.9444805570511887,0.9367980392130559,2.7587894651325398,Air Bud: Golden Receiver (1998),Children|Comedy,140796,21661.0
55292,-1.3058589926632391,0.6029676852874424,1.6012705942924392,"Comebacks, The (2007)",Comedy,790804,10759.0
33639,-0.12108571661225562,0.4832217024063165,3.516410244858424,Mad Hot Ballroom (2005),Children|Documentary,438205,14358.0
96411,0.09264233486635125,0.3052090780163887,4.070527576156973,6 Days to Air: The Making of South Park (2011),Documentary,2076781,76360.0
2098,-0.22950481260373895,0.7093812169015037,3.44346211327317,Son of Flubber (1963),Children|Comedy,57518,19762.0
3525,-0.2939450593401942,0.7093812169015037,3.352622032931146,Bachelor Party (1984),Comedy,86927,12309.0
3738,0.0035102890911864405,0.024664399667020533,3.909312388640413,"Sugarland Express, The (1974)",Drama,72226,5121.0
1282,-0.32139974373984864,6.765528982255873,3.7194848050565796,Fantasia (1940),Animation|Children|Fantasy|Musical,32455,756.0
382,-0.15411317866242302,1.5172625474228991,3.6654171133542075,Wolf (1994),Drama|Horror|Romance|Thriller,111742,10395.0
469,-0.05395605373675598,0.577706035852938,3.6735932166459877,"House of the Spirits, The (1993)",Drama|Romance,107151,2259.0
32029,-1.218394652635437,1.9641398453504273,3.146670584638568,Hostage (2005),Action|Crime|Drama|Thriller,340163,2026.0
3896,-1.0729301019186726,1.0536693452966786,2.748710594023178,"Way of the Gun, The (2000)",Crime|Thriller,202677,1619.0
34150,-2.421779122060006,5.830988541055144,3.3516612085502406,Fantastic Four (2005),Action|Adventure|Sci-Fi,120667,9738.0
79695,-0.6655858680495234,2.4184370865861173,3.491777067093022,"Expendables, The (2010)",Action|Adventure|Thriller,1320253,27578.0
1919,-0.8845622474080446,1.5791515320066147,3.2068399640265737,Madeline (1998),Children|Comedy,123987,35680.0
2088,-1.7667597081516424,2.952459712085847,3.1685876438290688,Popeye (1980),Adventure|Comedy|Musical,81353,11335.0
2491,0.33644162780357545,0.4591449956693222,4.499747113130846,Simply Irresistible (1999),Comedy|Romance,145893,16172.0
6817,-0.0039255852763852486,0.19457248761213886,3.746814852665645,"White Hunter, Black Heart (1990)",Adventure|Drama,100928,28761.0
786,-5.948393464986454,12.486111732300477,3.290589503529436,Eraser (1996),Action|Drama|Thriller,116213,9268.0
1027,-1.7636439580070733,3.705308745435146,3.2910126928555683,Robin Hood: Prince of Thieves (1991),Adventure|Drama,102798,8367.0
2195,-0.0746949076485139,1.7750638168751418,3.724910166064154,Dirty Work (1998),Comedy,120654,14577.0
3268,-1.5275524475603308,1.8986310348339812,2.962435630807056,Stop! Or My Mom Will Shoot (1992),Action|Comedy,105477,9876.0
45666,-2.0765455066109424,1.5652428882899465,2.4403300507677024,Nacho Libre (2006),Comedy,457510,9353.0
8376,-1.1526328071662049,5.72253265409369,3.5655702423364817,Napoleon Dynamite (2004),Comedy,374900,8193.0
7010,-0.03034010198047381,0.11394494335438751,3.500720449992295,"Lover, The (Amant, L') (1992)",Drama|Romance,101316,10995.0
45720,-2.299187605160201,3.5450620554495753,3.118429682393295,"Devil Wears Prada, The (2006)",Comedy|Drama,458352,350.0
52287,0.31929724375254703,1.155260611675797,4.043375758338159,Meet the Robinsons (2007),Action|Adventure|Animation|Children|Comedy|Sci-Fi,396555,1267.0
6270,0.6022158657758246,0.8262961879249688,4.49580385058417,Akira Kurosawa's Dreams (Dreams) (1990),Drama|Fantasy,100998,12516.0
6783,0.15841662282164543,0.3349380025371933,4.239963264235109,"Rules of the Game, The (La règle du jeu) (1939)",Comedy|Drama,31885,776.0
8814,-0.06880225987876153,0.9525285326911395,3.69475911128438,Without a Paddle (2004),Comedy,364751,10762.0
60289,-0.7412324777561825,0.6310382583943828,2.592366616871651,Kit Kittredge: An American Girl (2008),Children|Comedy|Drama|Mystery,846308,8359.0
118530,-0.34399038098414453,0.3349380025371933,2.739963264235109,Fans (1999),Comedy,200215,42441.0
135777,-0.34399038098414453,0.3349380025371933,2.739963264235109,Golmaal (2006),Children|Comedy,495034,19670.0
57522,-0.12056071425485042,0.29610025585718946,3.359828487548608,First Sunday (2008),Comedy|Crime,486578,14423.0
173351,0.6670299517176961,0.7548520770222206,4.650646800957427,Wow! A Talking Fish! (1983),Animation|Children|Comedy|Fantasy,1352408,165095.0
171251,0.0018799232313264256,0.002847433546159135,4.42720700952839,"Nobody Speak: Hulk Hogan, Gawker and Trials of a Free Press (2017)",Documentary,6333064,430830.0
5508,-0.0011992663687650205,0.030825587404552823,3.7280853921266894,24 Hour Party People (2002),Comedy|Drama|Musical,274309,2750.0
75,0.16417135707086292,0.3026909395994036,4.309363172618069,Big Bully (1996),Comedy|Drama,115676,36929.0
71970,0.31124085155045766,0.49842644783279677,4.391437193917003,"Princess and the Pirate, The (1944)",Adventure|Comedy|Romance,37193,30506.0
38304,0.07162986784268542,0.3543793461690756,3.969117950836604,No Direction Home: Bob Dylan (2005),Documentary,367555,19082.0
1895,-0.7964272062051349,0.944982284105243,2.9241943789988363,Can't Hardly Wait (1998),Comedy|Drama|Romance,127723,15037.0
3788,-0.4411155413550406,1.0389707356566706,3.342420545246876,Blow-Up (Blowup) (1966),Drama|Mystery,60176,1052.0
640,-1.072944254150739,0.6313988020046891,2.0676771935113254,Diabolique (1996),Drama|Thriller,116095,10988.0
662,-0.07978007972918677,0.16161900022557843,3.2733597180137286,Fear (1996),Thriller,116287,10543.0
835,0.08183892049639166,0.16161900022557843,4.273359718013729,Foxfire (1996),Drama,116353,18555.0
5502,-1.8310564281419097,8.555208607346279,3.552962029394904,Signs (2002),Horror|Sci-Fi|Thriller,286106,2675.0
48783,0.8565364363168777,1.7903485417341978,4.2454091110340695,Flags of Our Fathers (2006),Drama|War,418689,3683.0
2421,-0.724462544266099,5.463447046710539,3.6343885586797207,"Karate Kid, Part II, The (1986)",Action|Adventure|Drama,91326,8856.0
1906,-0.20967343149143255,0.34520005231493467,3.159593420707371,Mr. Jealousy (1997),Comedy|Romance,119717,53765.0
2806,-1.1926928712413731,1.0168420761854065,2.5940521338290217,Teaching Mrs. Tingle (1999),Comedy|Thriller,133046,10342.0
3082,-1.8554013782090997,6.217665189607667,3.4685822358862604,"World Is Not Enough, The (1999)",Action|Adventure|Thriller,143145,36643.0
3396,0.8253586549710206,4.774361161510799,3.9398633997367876,"Muppet Movie, The (1979)",Adventure|Children|Comedy|Musical,79588,11176.0
97913,-1.381572569361227,4.960106333639271,3.4884534058749317,Wreck-It Ralph (2012),Animation|Comedy,1772341,82690.0
1237,1.9162434914321191,2.910427764330814,4.425396424861097,"Seventh Seal, The (Sjunde inseglet, Det) (1957)",Drama,50976,490.0
2530,-3.549097509212412,2.582686359524552,2.3928019403910037,Beneath the Planet of the Apes (1970),Action|Sci-Fi,65462,1685.0
27193,0.7344712965840435,1.388521945246877,4.295949375487092,Taxi 2 (2000),Action|Comedy,183869,2332.0
782,-0.3401165903663277,0.7690489059969201,3.3247341646177144,"Fan, The (1996)",Drama|Thriller,116277,9566.0
167370,-1.2106680073660505,1.2037450956473819,2.7612391469844138,Assassin's Creed (2016),Action|Adventure|Sci-Fi,2094766,121856.0
172013,0.19709822322228226,0.8985360176309931,3.9863451299718133,Stefan Zweig: Farewell to Europe (2016),Drama,3397160,391663.0
2634,0.08632034865166974,0.4688539458964984,3.9510995419299877,"Mummy, The (1959)",Horror,53085,18990.0
34072,0.5192943393504487,2.4920318678297626,3.9753721928157013,"March of the Penguins (Marche de l'empereur, La) (2005)",Documentary,428803,1667.0
1515,-2.8331136061677853,2.9770616830286603,2.815342691107084,Volcano (1997),Action|Drama|Thriller,120461,10357.0
6383,-3.7085438673415387,6.3309385611511,3.1812092366016964,"2 Fast 2 Furious (Fast and the Furious 2, The) (2003)",Action|Crime|Thriller,322259,584.0
31522,0.6022158657758246,0.8262961879249688,4.49580385058417,"Marriage of Maria Braun, The (Ehe der Maria Braun, Die) (1979)",Drama,79095,661.0
6183,0.1473366361759558,0.2659246604151398,4.32104434531619,Pillow Talk (1959),Comedy|Musical|Romance,53172,4952.0
173535,0.28960391320658585,0.7548520770222206,4.150646800957427,The Adventures of Sherlock Holmes and Doctor Watson: The Hunt for the Tiger (1980),(no genres listed),459945,406403.0
4339,0.139959440292519,0.3445998294392414,4.173140928423714,Von Ryan's Express (1965),Action|Adventure|Drama|War,59885,21876.0
45732,-2.966591493267813,1.4869304710933169,1.7718791875892625,My Super Ex-Girlfriend (2006),Comedy|Fantasy|Romance,465624,4474.0
30818,-1.1225573647745763,0.5277933064494101,1.6401020737394774,Beyond the Sea (2004),Drama|Musical,363473,6478.0
5279,0.06705697272183002,0.08970244219838251,4.514539310869979,Impromptu (1991),Comedy|Romance,102103,17990.0
82053,-0.21256674315003746,0.3052090780163887,3.0705275761569735,Casino Jack (2010),Comedy|Crime,1194417,45324.0
87298,-0.059962204141843105,0.3052090780163887,3.5705275761569735,Everything Must Go (2010),Comedy|Drama,1531663,45658.0
6983,0.7011597029532284,0.9014910466541509,4.544768069039914,Jane Eyre (1944),Drama|Romance,36969,22744.0
2460,-0.06401098013382155,0.43851677948819323,3.6210187272810934,"Texas Chainsaw Massacre 2, The (1986)",Horror,92076,16337.0
608,16.988016432175378,36.02110882942881,4.2386031034223315,Fargo (1996),Comedy|Crime|Drama|Thriller,116282,275.0
899,4.730449850199765,6.238854252046471,4.525214423304984,Singin' in the Rain (1952),Comedy|Musical|Romance,45152,872.0
141,-0.7124690563459767,13.313421268913226,3.713475192328882,"Birdcage, The (1996)",Comedy,115685,11000.0
4306,3.769440516979988,31.960350725311216,3.884931441200605,Shrek (2001),Adventure|Animation|Children|Comedy|Fantasy|Romance,126029,808.0
5464,-1.0121081840904853,12.233623237656296,3.6842586128027963,Road to Perdition (2002),Crime|Drama,257044,4147.0
4558,-2.0397738655170228,3.297740198810988,3.148453431914492,Twins (1988),Comedy,96320,9493.0
414,-0.6691847441907235,1.0611906516073313,3.136392251996389,"Air Up There, The (1994)",Comedy,109067,46094.0
724,1.4425106878630423,3.4647003797059717,4.183335293650325,"Craft, The (1996)",Drama|Fantasy|Horror|Thriller,115963,9100.0
103801,-1.7908017472073505,0.87688373606822,1.7247563284827998,Drinking Buddies (2013),Comedy|Drama|Romance,2265398,172533.0
112138,0.8286718566120437,4.2584766968854195,3.96158378456882,22 Jump Street (2014),Action|Comedy|Crime,2294449,187017.0
112175,0.250979563229966,2.136130300374535,3.8844829194908357,How to Train Your Dragon 2 (2014),Action|Adventure|Animation,1646971,82702.0
2160,2.8819560895291922,4.051773924398025,4.478272841400312,Rosemary's Baby (1968),Drama|Horror|Thriller,63522,805.0
71464,0.005725665817383652,1.063225675246378,3.772375475189393,"Serious Man, A (2009)",Comedy|Drama,1019452,12573.0
71135,0.05357664266835409,0.3473065255165556,3.9212535680280087,Pandorum (2009),Horror|Sci-Fi|Thriller,1188729,19898.0
433,-0.38686202769835254,1.5497169991846045,3.517356307830385,Clean Slate (1994),Comedy,109443,18658.0
4516,0.15159788670427243,0.34923073376900454,4.2010812003530456,Johnny Be Good (1988),Comedy,95409,20443.0
175781,0.19709822322228226,0.8985360176309931,3.9863451299718133,Der Herr Karl (1961),Comedy,273646,28469.0
151739,0.9153000895815022,0.684401403109603,5.104363483986176,Dirty Grandpa (2016),Comedy,1860213,291870.0
2594,0.8879493044915211,1.2895317859537343,4.455573011101644,Open Your Eyes (Abre los ojos) (1997),Drama|Romance|Sci-Fi|Thriller,125659,1902.0
6791,0.6895499688067295,1.1100429063437454,4.388182467587974,Babette's Feast (Babettes gæstebud) (1987),Drama,92603,11832.0
53280,-0.5114593822527412,0.3349380025371933,2.239963264235109,"Breed, The (2006)",Horror|Thriller,455362,10063.0
70728,0.027489413673744318,0.29610025585718946,3.859828487548608,Bronson (2009),Action|Comedy|Drama|Thriller,1172570,18533.0
96373,0.28960391320658585,0.7548520770222206,4.150646800957427,Broken (2012),Drama,1441940,109584.0
99437,0.41584682375448906,0.6494787702890066,4.4072680690399135,John Dies at the End (2012),Comedy|Fantasy|Horror,1783732,75761.0
26865,-0.726563703219818,0.29072111323306965,1.2678126596831887,Fist of Legend (Jing wu ying xiong) (1994),Action|Drama,110200,17809.0
3992,0.5879198229884129,0.5946145621735813,4.755731335274418,Malèna (2000),Drama|Romance|War,213847,10867.0
5046,-0.006694739185168349,0.5946145621735813,3.7557313352744184,Impostor (2002),Action|Drama|Sci-Fi|Thriller,160399,4965.0
2432,0.3129183168452877,0.7898199497259042,4.163179722731779,Stepmom (1998),Drama,120686,9441.0
42728,-0.3626965678154139,0.4832217024063165,3.016410244858424,Tristan & Isolde (2006),Drama|Romance,375154,9044.0
341,0.0035102890911864405,0.024664399667020533,3.909312388640413,Double Happiness (1994),Drama,109655,60855.0
943,0.06201515921968637,1.5735776586339925,3.8064005859364523,"Ghost and Mrs. Muir, The (1947)",Drama|Fantasy|Romance,39420,22292.0
1023,0.16223785523579204,2.394073028059627,3.834756751739444,Winnie the Pooh and the Blustery Day (1968),Animation|Children|Musical,63819,81310.0
70946,-2.5641025584182375,0.9999999977831125,1.2028877271595717,Troll 2 (1990),Fantasy|Horror,105643,26914.0
801,-0.10754734238391618,1.9633797319939659,3.7122136524737273,Harriet the Spy (1996),Children|Comedy,116493,38223.0
1909,-1.7823321178025373,5.938529500317147,3.4668600792782853,"X-Files: Fight the Future, The (1998)",Action|Crime|Mystery|Sci-Fi|Thriller,120902,846.0
84152,2.2569712819146837,7.61756505702779,4.063275425031024,Limitless (2011),Sci-Fi|Thriller,1219289,51876.0
1547,0.297552231284284,0.679340323859593,4.204992012687674,Shiloh (1997),Children|Drama,120118,33660.0
3565,-0.038285977966526746,1.4333706531398809,3.740279839305652,Where the Heart Is (2000),Comedy|Drama,198021,10564.0
109864,-1.0065603460054817,0.5716746580518313,2.006267943632339,Veronica Mars (2014),Comedy|Crime|Drama,2771372,177494.0
334,-1.676011454045789,1.9033396332266732,2.886426767659941,Vanya on 42nd Street (1994),Drama,111590,32636.0
5747,0.3358751115240762,0.9955877624321033,4.104353931312886,Gallipoli (1981),Drama|War,82432,11646.0
37739,0.26219918579390833,0.968515303251525,4.037713102676315,"Greatest Game Ever Played, The (2005)",Drama,388980,15487.0
953,1.167354664554311,8.760119843555684,3.900248133095552,It's a Wonderful Life (1946),Children|Drama|Fantasy|Romance,38650,1585.0
63876,-0.0007903761790242977,1.5679911890592164,3.7664862219889543,Milk (2008),Drama,1013753,10139.0
8157,0.5657873175107571,1.232388347104809,4.226088528307248,Jin Roh: The Wolf Brigade (Jin-Rô) (1998),Animation|Fantasy|Thriller,193253,823.0
3494,1.0178492332843851,1.3513524875969427,4.520198090579091,True Grit (1969),Adventure|Drama|Western,65126,17529.0
6296,0.888070471675013,1.527106753366459,4.348528202555691,"Mighty Wind, A (2003)",Comedy|Musical,310281,13370.0
60030,0.03658300309087828,0.15273403790441675,4.0065112493459685,Spiral (2007),Drama|Horror|Thriller,491162,18467.0
8978,-0.036810943725171796,0.8181597049435099,3.721997921798385,Christmas with the Kranks (2004),Children|Comedy,388419,13673.0
125974,-0.009052378446951226,0.3349380025371933,3.739963264235109,Halloweentown High (2004),Adventure|Children|Comedy|Fantasy,414078,34560.0
5438,-0.1320893999222489,0.3338523294738158,3.3713381173490924,Men at Work (1990),Action|Comedy,100135,10169.0
5650,-0.9216830155024905,1.5109317057238094,3.1569805787047045,Strange Brew (1983),Comedy,86373,12921.0
100083,0.7367712650380005,0.6523262038351657,4.896442489727205,Movie 43 (2013),Comedy,1333125,87818.0
156609,-0.2163816870110293,0.3080565115625478,3.064581223804086,Neighbors 2: Sorority Rising (2016),Comedy,4438848,325133.0
1043,-0.09036238537928076,0.689440013192602,3.635923942268497,To Gillian on Her 37th Birthday (1996),Drama|Romance,117924,30500.0
110730,-0.24901270860725197,0.5114165141558917,3.2800824544703286,Transcendence (2014),Drama|Sci-Fi|IMAX,2209764,157353.0
8600,0.31124085155045766,0.49842644783279677,4.391437193917003,Angels with Dirty Faces (1938),Crime|Drama|Film-Noir|Thriller,29870,13696.0
8609,-0.1871855962823391,0.49842644783279677,3.391437193917003,Our Hospitality (1923),Comedy,14341,701.0
3915,0.29061254190162233,0.5946145621735813,4.255731335274419,Girlfight (2000),Drama,210075,19348.0
6341,0.29061254190162233,0.5946145621735813,4.255731335274419,"Shape of Things, The (2003)",Drama,308878,22958.0
2670,-0.032579554289957825,0.05387871620617172,3.1623070956698496,Run Silent Run Deep (1958),War,52151,18784.0
52283,-0.3626965678154139,0.4832217024063165,3.016410244858424,"Reaping, The (2007)",Horror|Thriller,444682,1683.0
1440,-0.4363582698832278,0.2708644374133104,2.156006309568772,Amos & Andrew (1993),Comedy,106266,31000.0
145,-2.397737904354255,4.287646050256969,3.2077701792823814,Bad Boys (1995),Action|Comedy|Crime|Drama|Thriller,112442,9737.0
4963,5.408301337544979,22.823714316453266,4.003950028076149,Ocean's Eleven (2001),Crime|Thriller,240772,161.0
27773,5.033631934568384,9.861567766157409,4.277419469860151,Old Boy (2003),Mystery|Thriller,364569,670.0
37386,-2.452319550493887,3.287205214961734,3.0209706818589446,Aeon Flux (2005),Action|Sci-Fi,402022,8202.0
2372,-0.9422503140180708,1.157611965239153,2.9530298776589388,Fletch Lives (1989),Comedy,97366,14628.0
2550,-0.05903804345688993,0.646916270836702,3.6757295731161355,"Haunting, The (1963)",Horror|Thriller,57129,11772.0
2710,-2.7402655368264437,11.160901795502667,3.5214666241754276,"Blair Witch Project, The (1999)",Drama|Horror|Thriller,185937,2667.0
3594,0.011351479969848532,0.6395352066866404,3.7847398691605276,Center Stage (2000),Drama|Musical,210616,10560.0
4990,-0.21960443930964646,0.7240452467777163,3.4636881975228677,Jimmy Neutron: Boy Genius (2001),Adventure|Animation|Children|Comedy,268397,12589.0
66097,1.3806927657105246,6.897763762674847,3.9671555641266147,Coraline (2009),Animation|Fantasy|Thriller,327597,14836.0
27450,-0.10121182908245467,0.19457248761213886,3.246814852665645,Blueberry (2004),Adventure|Western,276830,10046.0
4975,-2.9984161057667444,8.330298774285184,3.40704928710241,Vanilla Sky (2001),Mystery|Romance|Sci-Fi|Thriller,259711,1903.0
2978,-0.48354706719819274,0.9839647124626123,3.2755630468968397,Three to Tango (1999),Comedy|Romance,144640,10563.0
3614,0.1558491960317946,1.1357329352874312,3.9042137451125365,Honeymoon in Vegas (1992),Comedy|Romance,104438,12518.0
57532,-0.9284342796552701,0.47620606705002844,1.8173421370362213,Meet the Spartans (2008),Comedy,1073498,7278.0
142222,0.09308873747724392,0.6736506164695563,3.905175776736936,Demolition (2016),Drama,1172049,303991.0
3041,0.2955459006067158,0.5709816049294515,4.284600487554243,Meatballs Part II (1984),Comedy,87700,40771.0
123947,0.4200655409913371,0.3466159670262506,4.978895053166898,Cake (2014),Drama,3442006,284276.0
735,-0.3442766670650663,0.5207727303160613,3.10590216774207,Cemetery Man (Dellamorte Dellamore) (1994),Horror,109592,21588.0
50912,-0.06423689985387827,0.8622268006054221,3.692489127752983,"Paris, I Love You (Paris, je t'aime) (2006)",Romance,401711,2266.0
178613,-0.08782212530452445,0.7548520770222206,3.6506468009574267,Dave Chappelle: Killin' Them Softly (2000),Comedy,251654,16275.0
73929,-0.181644795749051,0.43957790576401845,3.353764800701278,Legion (2010),Action|Fantasy|Horror|Thriller,1038686,22894.0
160289,0.003303640004405993,0.002847433546159135,4.92720700952839,O.J.: Made in America (2016),Documentary,5275892,377462.0
112868,0.066657752612537,0.20620743613950301,4.090246105215624,"Signal, The (2014)",Sci-Fi|Thriller,2910814,242095.0
5248,-1.1225573647745763,0.5277933064494101,1.6401020737394774,Smokey and the Bandit III (1983),Action|Comedy,86325,15120.0
2747,0.44327648005303427,0.6714782192022232,4.427140490295676,"Little Shop of Horrors, The (1960)",Comedy|Horror,54033,24452.0
44397,-0.26219897945270026,0.6147430966077871,3.3404723183080027,"Hills Have Eyes, The (2006)",Drama|Horror|Thriller,454841,9792.0
1707,-1.2707620969094258,0.6968504629695528,1.9434109662313241,Home Alone 3 (1997),Children|Comedy,119303,9714.0
90888,0.06705697272183002,0.08970244219838251,4.514539310869979,Immortals (2011),Action|Drama|Fantasy,1253864,37958.0
2043,-0.06401098013382155,0.43851677948819323,3.6210187272810934,Darby O'Gill and the Little People (1959),Adventure|Children|Fantasy,52722,18887.0
2660,0.0035102890911864405,0.024664399667020533,3.909312388640413,"Thing from Another World, The (1951)",Horror|Sci-Fi,44121,10785.0
80839,-0.2714150321679208,0.33860448768361584,2.9654207845356786,Secretariat (2010),Adventure|Drama,1028576,39486.0
940,0.3791372404689106,2.109005674563686,3.9467609030919726,"Adventures of Robin Hood, The (1938)",Action|Adventure|Romance,29843,10907.0
1617,4.783543658043074,20.470851439074526,4.000666143596852,L.A. Confidential (1997),Crime|Film-Noir|Mystery|Thriller,119488,2118.0
2093,0.5201083042226664,0.4867458983241194,4.83553202117381,Return to Oz (1985),Adventure|Children|Fantasy,89908,13155.0
3247,-0.9775201359874571,5.56171283439085,3.5912314620858146,Sister Act (1992),Comedy|Crime,105417,2005.0
1883,0.4592699410526153,4.567439360252981,3.8675433374720756,Bulworth (1998),Comedy|Drama|Romance,118798,9452.0
254,-0.07978007972918677,0.16161900022557843,3.2733597180137286,Jefferson in Paris (1995),Drama,113463,87729.0
378,-0.717451398029319,1.3987893668740574,3.254081475238861,Speechless (1994),Comedy|Romance,111256,15128.0
86880,-0.9060204072891316,5.60297466895843,3.6052868282233574,Pirates of the Caribbean: On Stranger Tides (2011),Action|Adventure|Fantasy|IMAX,1298650,1865.0
639,0.032034078149222975,0.8218219993198801,3.8059696300675387,Girl 6 (1996),Comedy|Drama,116414,61752.0
1726,-1.2700645268560387,2.7856968184866604,3.3110668331070574,"Postman, The (1997)",Action|Adventure|Drama|Sci-Fi,119925,9922.0
2795,-1.4027505595061582,5.08818739421279,3.4913026149195505,National Lampoon's Vacation (1983),Comedy,85995,11153.0
94015,0.048998472651698155,0.14251408725927212,4.110805233307525,Mirror Mirror (2012),Adventure|Comedy|Fantasy,1667353,62764.0
5889,0.6670299517176961,0.7548520770222206,4.650646800957427,"Cruel Romance, A (Zhestokij Romans) (1984)",Drama|Romance,90368,66091.0
118166,-0.4652481638156347,0.7548520770222206,3.1506468009574267,Courier (1987),Comedy|Drama|Romance,91364,70966.0
5051,-0.002519524923211167,0.002553118588853982,2.780148185998978,Italian for Beginners (Italiensk for begyndere) (2000),Comedy|Drama|Romance,243862,112.0
85367,0.004727356777485561,0.002847433546159135,5.42720700952839,Just Go with It (2011),Comedy|Romance,1564367,50546.0
136471,0.0004562064582468579,0.002847433546159135,3.9272070095283897,Kevin Hart: Laugh at My Pain (2011),Comedy|Documentary,1999192,74510.0
4003,-0.1412017109451529,0.21835316125539117,3.1203236245954695,She's Having a Baby (1988),Comedy,96094,12714.0
487,-0.20934631367190143,0.7212813779504134,3.4767480639266988,Lightning Jack (1994),Comedy|Western,110353,22317.0
128488,-0.24265340159671753,0.20620743613950301,2.5902461052156243,Wild Card (2015),Action|Crime|Drama|Thriller,2231253,265208.0
6684,0.08733410303090479,0.2837467184187765,4.074779235985754,Death in Venice (Morte a Venezia) (1971),Drama|Romance,67445,6619.0
31114,0.12052513459090264,0.4832217024063165,4.016410244858424,Imaginary Heroes (2004),Comedy|Drama,373024,25350.0
60538,0.034736891261978306,0.13152139420147063,4.031106190222017,Shrooms (2007),Horror|Thriller,492486,14456.0
2253,-0.5032020215463852,2.7807719450136,3.5860326178187196,Toys (1992),Comedy|Fantasy,105629,11597.0
2427,-1.4571345572140566,9.58872108206896,3.615026901698233,"Thin Red Line, The (1998)",Action|Drama|War,120863,8741.0
91658,0.9191926176495604,7.331841309052194,3.89236024662583,"Girl with the Dragon Tattoo, The (2011)",Drama|Thriller,1568346,65754.0
534,0.2507710423756934,1.6455319290566819,3.9193854152628296,Shadowlands (1993),Drama|Romance,108101,10445.0
5952,7.389333194283776,38.53445869756825,3.9587493932201476,"Lord of the Rings: The Two Towers, The (2002)",Adventure|Fantasy,167261,121.0
45186,1.048789813813182,3.1631861562480394,4.098551496327976,Mission: Impossible III (2006),Action|Adventure|Thriller,317919,956.0
95170,0.4226262991240965,0.5716746580518313,4.50626794363234,Beauty and the Beast: The Enchanted Christmas (1997),Animation|Children|Fantasy|Musical,118692,13313.0
62799,-0.0039255852763852486,0.19457248761213886,3.746814852665645,"Express, The (2008)",Drama,469903,14325.0
64620,0.28488465714426287,2.1746380295203465,3.8979935448045655,Frost/Nixon (2008),Drama,870111,11499.0
1446,1.9396211537402466,2.5263467050376462,4.5347476025894204,Kolya (Kolja) (1996),Comedy|Drama,116790,784.0
3019,-0.34723753772470034,3.46938466979306,3.6669040884412154,Drugstore Cowboy (1989),Crime|Drama,97240,476.0
5528,-0.6063646777351133,2.7154832714746093,3.5436912991067415,One Hour Photo (2002),Drama|Thriller,265459,9357.0
52885,0.2988920872060906,1.1197598540308462,4.03391545930612,Paprika (Papurika) (2006),Animation|Mystery|Sci-Fi,851578,4977.0
85397,-0.039784015861330096,0.15273403790441675,3.5065112493459685,Red Riding Hood (2011),Fantasy|Horror|Mystery|Thriller,1486185,49730.0
49735,-0.009052378446951226,0.3349380025371933,3.739963264235109,Another Gay Movie (2006),Comedy,443431,12795.0
121342,-0.009052378446951226,0.3349380025371933,3.739963264235109,Carry on Cruising (1962),Comedy|Romance,55831,26190.0
126088,-0.5114593822527412,0.3349380025371933,2.239963264235109,A Flintstones Christmas Carol (1994),Animation|Children|Comedy,193164,48874.0
213,-0.9671186960310801,2.8854501053861474,3.4318194649755194,Burnt by the Sun (Utomlyonnye solntsem) (1994),Drama,111579,50797.0
69685,-2.352378356371186,0.7548520770222206,0.6506468009574267,Daria: Is It College Yet? (2002),Animation|Comedy,285627,24232.0
127098,0.28960391320658585,0.7548520770222206,4.150646800957427,Louis C.K.: Live at The Comedy Store (2015),Comedy,4368814,321594.0
134252,0.28960391320658585,0.7548520770222206,4.150646800957427,That Munchhausen (1979),Comedy|Drama|Fantasy,80037,27937.0
56715,1.0032635700592165,0.555918641459012,5.571685250629113,Wristcutters: A Love Story (2006),Drama|Fantasy|Romance,477139,13198.0
152270,0.5441294315396968,0.4243972472575414,5.049113196290069,The Wait (2015),Drama,3715122,330348.0
7089,0.08733410303090479,0.2837467184187765,4.074779235985754,Amarcord (1973),Comedy|Drama,71129,7857.0
2765,-0.006694739185168349,0.5946145621735813,3.7557313352744184,"Acid House, The (1998)",Comedy|Drama,122515,12229.0
3879,-1.4932311446191218,0.5946145621735813,1.2557313352744184,"Art of War, The (2000)",Action|Thriller,160009,11398.0
6062,-1.0952455670472314,2.142988082264239,3.255906923084924,Lost in La Mancha (2002),Documentary,308514,21189.0
159779,0.021710594049893332,0.27236927080775303,3.846700436189672,A Midsummer Night's Dream (2016),(no genres listed),5051278,398854.0
1686,0.08735226813444577,0.36675986552339207,4.005163211327389,Red Corner (1997),Crime|Thriller,119994,9407.0
89840,-0.21256674315003746,0.3052090780163887,3.0705275761569735,Killer Elite (2011),Action|Thriller,1448755,49021.0
60979,-0.09678450293949233,0.13152139420147063,3.031106190222017,Batman: Gotham Knight (2008),Action|Animation|Crime,1117563,13851.0
3957,-0.5025277596220148,0.43851677948819323,2.6210187272810934,Billy Jack (1971),Action|Drama,66832,21142.0
4492,-0.06401098013382155,0.43851677948819323,3.6210187272810934,Critters (1986),Comedy|Sci-Fi,90887,3980.0
7619,0.15524740961027506,0.43851677948819323,4.121018727281093,"Miracle Worker, The (1962)",Drama,56241,1162.0
1408,0.849723428093966,7.424427714394562,3.881439978265824,"Last of the Mohicans, The (1992)",Action|Romance|War|Western,104691,9361.0
2390,-0.458631321297863,1.2943254704372382,3.412650264913947,Little Voice (1998),Comedy,147004,8545.0
303,-2.5586601156197446,4.835822025812627,3.237884773738509,"Quick and the Dead, The (1995)",Action|Thriller|Western,114214,12106.0
426,0.08293474353351513,0.7193160807416628,3.8822869539587406,Body Snatchers (1993),Horror|Sci-Fi|Thriller,106452,4722.0
7149,-0.021502103234311898,3.745125309334478,3.7612489337751867,Something's Gotta Give (2003),Comedy|Drama|Romance,337741,6964.0
1281,2.2214775318740925,3.531491587366503,4.396038237977107,"Great Dictator, The (1940)",Comedy|Drama|War,32553,914.0
38038,0.3736809775849496,4.7038021703434545,3.8464326155888124,Wallace & Gromit in The Curse of the Were-Rabbit (2005),Adventure|Animation|Children|Comedy,312004,533.0
45722,0.6997193007926485,11.713056480916588,3.826728695318555,Pirates of the Caribbean: Dead Man's Chest (2006),Action|Adventure|Fantasy,383574,58.0
77561,-2.458339725751696,8.142024261690985,3.4650580386995364,Iron Man 2 (2010),Action|Adventure|Sci-Fi|Thriller|IMAX,1228705,10138.0
1474,-1.6574648048926937,1.4809111891414866,2.647770707369628,Jungle2Jungle (a.k.a. Jungle 2 Jungle) (1997),Children|Comedy,119432,9446.0
111113,0.17080954974535012,1.8758259069296364,3.8580486080890597,Neighbors (2014),Comedy,2004420,195589.0
6920,0.2789869553102119,0.43003084831255595,4.415750621840648,"Cercle Rouge, Le (Red Circle, The) (1970)",Crime|Thriller,65531,11657.0
1120,-0.04622249205743307,5.032125128473946,3.7578048098050303,"People vs. Larry Flynt, The (1996)",Comedy|Drama,117318,1630.0
1105,-0.017704205276190203,0.039574105911483956,3.319621870209504,Children of the Corn IV: The Gathering (1996),Horror,115885,25750.0
64278,0.6463662320377788,0.8985360176309931,4.486345129971813,"Pervert's Guide to Cinema, The (2006)",Documentary,828154,34283.0
3230,-0.048965027801001065,0.5924373317548369,3.68434015229138,"Odessa File, The (1974)",Thriller,71935,21489.0
47978,0.0836048413739137,0.11394494335438751,4.500720449992295,SherryBaby (2006),Drama,423169,13075.0
49274,-1.0891344315745934,0.9321046482978974,2.5985223155220236,Happy Feet (2006),Adventure|Animation|Children|Comedy|IMAX,366548,9836.0
6566,-0.6487667308350532,0.7829854402745383,2.9384094550621986,Spy Kids 3-D: Game Over (2003),Action|Adventure|Children,338459,12279.0
118270,-0.5114593822527412,0.3349380025371933,2.239963264235109,Hellbenders (2012),Comedy|Horror|Thriller,1865393,123107.0
4954,0.06412064466502898,3.8073849043417725,3.783831416148645,Ocean's Eleven (a.k.a. Ocean's 11) (1960),Comedy|Crime,54135,299.0
134109,0.6670299517176961,0.7548520770222206,4.650646800957427,Radio Day (2008),Comedy,1217565,25936.0
5881,-3.982458747548324,4.586224135464717,2.8986378885192234,Solaris (2002),Drama|Romance|Sci-Fi,307479,2103.0
158813,-0.0023912270879122774,0.002847433546159135,2.9272070095283897,Alice Through the Looking Glass (2016),Adventure|Children|Fantasy,2567026,241259.0
1554,3.2272343515335615,1.0308255708509817,6.897718168791764,"Pillow Book, The (1996)",Drama|Romance,114134,26422.0
718,0.7137171645936179,1.1523116426896656,4.386368884823593,"Visitors, The (Visiteurs, Les) (1993)",Comedy|Fantasy|Sci-Fi,108500,11687.0
65261,0.9987982949622916,1.4667734068212415,4.447939571033212,Ponyo (Gake no ue no Ponyo) (2008),Adventure|Animation|Children|Fantasy,876563,12429.0
574,-0.05644946236421094,0.06893676767508185,2.9481317304680914,Spanking the Monkey (1994),Comedy|Drama,111252,17600.0
2816,0.08735226813444577,0.36675986552339207,4.005163211327389,Iron Eagle II (1988),Action|War,95382,11955.0
3432,-0.6461674629123384,0.36675986552339207,2.005163211327389,Death Wish 3 (1985),Action|Drama,89003,24873.0
6872,-0.16254520004022763,0.13152139420147063,2.531106190222017,"House of the Dead, The (2003)",Action|Horror,317676,11059.0
3559,0.0035102890911864405,0.024664399667020533,3.909312388640413,Limelight (1952),Comedy|Drama|Romance,44837,28971.0
1196,9.316451034361277,41.160775920956965,3.9933332312555927,Star Wars: Episode V - The Empire Strikes Back (1980),Action|Adventure|Sci-Fi,80684,1891.0
708,-1.4286996683179698,6.827570598072023,3.55773582105257,"Truth About Cats & Dogs, The (1996)",Comedy|Romance,117979,8866.0
170,-0.4714780032826237,5.197641471908066,3.676280301773472,Hackers (1995),Action|Adventure|Crime|Thriller,113243,10428.0
354,0.5245005379984352,1.49314519469152,4.118262585385412,Cobb (1994),Drama,109450,29973.0
3977,-3.4692349172312436,9.098293514974978,3.3856841802292053,Charlie's Angels (2000),Action|Comedy,160127,4327.0
1544,0.1330150430482368,8.640043872991091,3.7823854726991244,"Lost World: Jurassic Park, The (1997)",Action|Adventure|Sci-Fi|Thriller,119567,330.0
7373,2.8042173487863837,5.587639991889112,4.268851068416161,Hellboy (2004),Action|Adventure|Fantasy|Horror,167190,1487.0
103819,-1.0065603460054817,0.5716746580518313,2.006267943632339,Coffee Town (2013),Comedy,2234025,198062.0
1953,0.6280178929799389,7.404038070709291,3.8518112885317755,"French Connection, The (1971)",Action|Crime|Thriller,67116,1051.0
6708,1.5997565234369058,7.406422699352603,3.9829861354605427,Matchstick Men (2003),Comedy|Crime|Drama,325805,7270.0
26422,0.19709822322228226,0.8985360176309931,3.9863451299718133,Hair (1979),Comedy|Drama|Musical,79261,10654.0
4971,-0.03834333598108081,0.17099698903363977,3.542756307975228,Moscow on the Hudson (1984),Comedy|Drama,87747,23111.0
1268,-0.30377303638555986,0.883233593107525,3.423057453158934,Pump Up the Volume (1990),Comedy|Drama,100436,8428.0
114678,-0.010104624223016659,0.024171846180549645,3.34895750437689,Hector and the Search for Happiness (2014),Adventure|Comedy|Drama,1626146,254375.0
4616,-0.22564020977153468,0.5852104879948,3.3814192627170363,Lean on Me (1989),Drama,97722,14621.0
138204,-0.00721607468168757,0.6518250450426393,3.7559197214266127,7 Days in Hell (2015),Comedy,3895884,287689.0
4300,0.11409116218607446,0.9295525647107746,3.8897280110182786,Bread and Roses (2000),Drama,212826,37691.0
32243,-0.009052378446951226,0.3349380025371933,3.739963264235109,Stealing Rembrandt (Rembrandt) (2003),Action|Comedy|Crime,345853,11196.0
54780,0.0003868984986145746,0.05281164506088962,3.7743162985881433,"Nanny Diaries, The (2007)",Comedy|Drama|Romance,489237,12435.0
5135,0.17379449783872986,0.2808167101442762,4.385879736086979,Monsoon Wedding (2001),Comedy|Romance,265343,480.0
162344,0.004727356777485561,0.002847433546159135,5.42720700952839,Tom Segura: Mostly Stories (2016),Comedy,4970632,376482.0
90403,-1.0956774599735617,0.9546878483053953,2.6193089188445153,"Three Musketeers, The (2011)",Action|Adventure,1509767,52451.0
3812,0.7460354560385167,1.653593409564398,4.2181504444917275,Everything You Always Wanted to Know About Sex * But Were Afraid to Ask (1972),Comedy,68555,11624.0
4634,0.648779282829649,0.47384664897767564,5.136165918502279,Penn & Teller Get Killed (1989),Adventure|Comedy,98073,37146.0
1162,-0.19641261538787172,0.2837467184187765,3.074779235985754,"Ruling Class, The (1972)",Comedy|Drama,69198,30892.0
2367,-0.807999239135986,1.6338381629409802,3.272449731821688,King Kong (1976),Adventure|Fantasy|Romance|Sci-Fi|Thriller,74751,10730.0
147382,1.1404279127548875,1.2723692654882595,4.663292916363081,Doctor Who: Voyage Of The Damned (2007),Action|Sci-Fi,1061123,335209.0
2373,-0.8975500476133503,1.3706057137796674,3.112133800741452,Red Sonja (1985),Action|Adventure|Fantasy,89893,9626.0
91622,0.09264233486635125,0.3052090780163887,4.070527576156973,Young Adult (2011),Comedy|Drama,1625346,57157.0
304,-0.08365491197352573,0.43248343763888886,3.573561122204857,Roommates (1995),Comedy|Drama,114296,161495.0
536,-0.07978007972918677,0.16161900022557843,3.2733597180137286,"Simple Twist of Fate, A (1994)",Drama,111194,43535.0
783,0.14394845932578476,9.766835235370493,3.781728786983296,"Hunchback of Notre Dame, The (1996)",Animation|Children|Drama|Musical|Romance,116583,10545.0
6044,-1.0903860620084553,0.864788945730844,2.506120726044745,Blind Date (1984),Horror|Thriller,86978,80965.0
611,-0.3808415804531476,0.41912870809217345,2.8583396235789427,Hellraiser: Bloodline (1996),Action|Horror|Sci-Fi,116514,8766.0
2936,0.2090917049899752,1.1051623822439403,3.9561857509966885,Sullivan's Travels (1941),Adventure|Comedy|Romance,34240,16305.0
3424,0.4996178270957386,7.183238238794093,3.8365435777447536,Do the Right Thing (1989),Drama,97216,925.0
4449,0.3831283660454087,0.24082354437139974,5.357899382171227,Adanggaman (2000),Drama,262210,78248.0
2990,2.770617457363987,3.7900735905602345,4.498009726943976,Licence to Kill (1989),Action|Adventure|Thriller,97742,709.0
58025,-2.149535105793619,4.686741632265702,3.308348600626744,Jumper (2008),Action|Adventure|Drama|Sci-Fi|Thriller,489099,8247.0
167036,0.4245062223554229,0.5745220915979904,4.505876103598247,Sing (2016),Animation|Children|Comedy,3470600,335797.0
2908,3.859058937952587,6.761384774065039,4.3377400809731075,Boys Don't Cry (1999),Drama,171804,226.0
8493,0.13241344796339696,0.9417090462259317,3.9076000140784,Memphis Belle (1990),Action|Drama|War,100133,12651.0
48738,0.49956253206738244,4.591627691911827,3.8757888623978936,"Last King of Scotland, The (2006)",Drama|Thriller,455590,1523.0
612,-0.8419860881468597,0.8683137676096764,2.7973107588683246,"Pallbearer, The (1996)",Comedy,117283,23570.0
55280,0.3390483365690893,0.7759348803647517,4.203944918704209,Lars and the Real Girl (2007),Comedy|Drama,805564,6615.0
2146,-0.4941425196755257,2.2415666179604,3.546545127725062,St. Elmo's Fire (1985),Drama|Romance,90060,11557.0
141646,-0.009052378446951226,0.3349380025371933,3.739963264235109,The Unauthorized Saved by the Bell Story (2014),Comedy|Drama,3816372,287241.0
163386,0.6670299517176961,0.7548520770222206,4.650646800957427,Winnie the Pooh and the Day of Concern (1972),Animation,208558,36162.0
118930,0.003303640004405993,0.002847433546159135,4.92720700952839,Bill Burr: I'm Sorry You Feel That Way (2014),Comedy,3823690,308571.0
3342,0.6201257664009598,1.1569323174522816,4.302998973054827,Birdy (1984),Drama|War,86969,11296.0
5358,-0.14512147675367867,0.29072111323306965,3.2678126596831887,Mountains of the Moon (1990),Adventure,100196,33796.0
2977,-0.39498225725338243,0.5576970805160844,3.058752304992113,Crazy in Alabama (1999),Comedy|Drama,142201,31306.0
27772,-0.2839700992218314,0.6299478420342675,3.316206781464218,Ju-on: The Grudge (2002),Horror,364385,11838.0
6041,0.29061254190162233,0.5946145621735813,4.255731335274419,Amen. (2002),Drama,280653,9045.0
2527,-0.3107605535797697,2.170875414886587,3.6238404119789878,Westworld (1973),Action|Sci-Fi|Thriller|Western,70909,2362.0
4785,0.13055185389304885,0.5807306604208037,3.9917964928125236,"Great Silence, The (Grande silenzio, Il) (1969)",Drama|Western,63032,9028.0
668,0.8017455204347376,0.6369006470743243,5.025813820673901,Song of the Little Road (Pather Panchali) (1955),Drama,48473,5801.0
185029,-2.4976102660445494,1.3052090769452254,1.8534192702192258,A Quiet Place (2018),Drama|Horror|Thriller,6644200,447332.0
6298,-0.07718129727802972,0.5753937131825175,3.6328537939216665,Malibu's Most Wanted (2003),Comedy|Crime,328099,13411.0
4789,-0.12108571661225562,0.4832217024063165,3.516410244858424,Phantom of the Paradise (1974),Comedy|Fantasy|Horror|Musical|Thriller,71994,27327.0
3544,0.10537060494339302,0.2708644374133104,4.156006309568772,Shakes the Clown (1992),Comedy,102898,26291.0
105,-0.06431314657566342,3.325797167628545,3.7476526277384394,"Bridges of Madison County, The (1995)",Drama|Romance,112579,688.0
370,-5.60626250833646,11.14653440586983,3.2640301509889253,Naked Gun 33 1/3: The Final Insult (1994),Action|Comedy,110622,36593.0
64614,1.1108458722352632,7.945170089430258,3.9068042738114914,Gran Torino (2008),Crime|Drama,1205489,13223.0
913,0.8857164254862198,8.722387479349269,3.8685354734250703,"Maltese Falcon, The (1941)",Film-Noir|Mystery,33870,963.0
2707,2.8098659075404386,3.663099142127152,4.534063689638342,Arlington Road (1999),Thriller,137363,1073.0
37729,1.1150602703023305,4.74001921652425,4.002234120319854,Corpse Bride (2005),Animation|Comedy|Fantasy|Musical|Romance,121164,3933.0
60684,3.08153656727793,9.936234233238794,4.077121523572416,Watchmen (2009),Action|Drama|Mystery|Sci-Fi|Thriller|IMAX,409459,13183.0
83349,-1.208655678206363,1.7551945526582675,3.0783739345307204,"Green Hornet, The (2011)",Action|Comedy|Crime|Fantasy|Thriller|IMAX,990407,40805.0
2518,-0.8965734943878283,1.9663138032496783,3.3110236531263086,Night Shift (1982),Comedy,84412,14742.0
3203,0.4448685927272351,1.828064293076431,4.0103452949193485,Dead Calm (1989),Thriller,97162,10493.0
2430,0.31331307200199987,0.8706606657026642,4.126846988990799,Mighty Joe Young (1949),Adventure|Children|Drama,41650,39314.0
81591,1.3833592630611453,8.460502860519465,3.9304982157752906,Black Swan (2010),Drama|Thriller,947798,44214.0
115502,0.13678897009818083,0.5716746580518313,4.00626794363234,"Rewrite, The (2014)",Comedy|Romance,2509850,289727.0
2151,0.596834305954086,0.9181280086659174,4.417045948339099,"Gods Must Be Crazy II, The (1989)",Comedy,97443,11937.0
85780,-0.33333228278114985,0.7569394574541286,3.3266218053831316,Family Guy Presents: It's a Trap (2010),Animation|Comedy|Sci-Fi,1701991,110639.0
96935,-0.5114593822527412,0.3349380025371933,2.239963264235109,My Left Eye Sees Ghosts (Ngo joh aan gin diy gwai) (2002),Comedy|Fantasy|Romance,319901,45397.0
141830,0.7829585385654245,1.089790079559414,4.485439241432395,Unbelievable Adventures of Italians in Russia (1974),Adventure|Comedy,70439,57778.0
2103,0.03795705409828226,0.13149408026904932,4.055650085076569,Tall Tale (1995),Adventure|Children|Fantasy|Western,111359,41841.0
2280,1.0837991481288125,1.053878703229794,4.79538107741933,Clay Pigeons (1998),Crime,118863,26618.0
101962,-0.08782212530452445,0.7548520770222206,3.6506468009574267,Wolf Children (Okami kodomo no ame to yuki) (2012),Animation|Fantasy,2140203,110420.0
82852,-0.028313967583537186,0.03535732870589819,2.9661954173322527,Little Fockers (2010),Comedy,970866,39451.0
155064,-0.8831107168235242,0.6494787702890066,2.407268069039914,The Neon Demon (2016),Drama|Horror|Mystery,1974419,301365.0
159415,-0.040743066865419605,0.7703620433311527,3.7141020847128607,Swiss Army Man (2016),Comedy|Drama|Romance,4034354,347031.0
4350,0.711529726005073,1.175345222594385,4.3723696405179115,Forgotten Silver (1996),Comedy|Documentary,116344,32458.0
4407,0.5879198229884129,0.5946145621735813,4.755731335274418,Salvador (1986),Drama|Thriller|War,91886,6106.0
5804,-1.0277778709249776,0.6762147139586787,2.2470915820072204,"Santa Clause 2, The (2002)",Children|Comedy|Fantasy|Romance,304669,9021.0
5570,1.0765445920197074,1.5194681234792156,4.475491230100313,Thesis (Tesis) (1996),Drama|Horror|Thriller,117883,9299.0
34321,-0.03146592038186036,0.593879787215751,3.7140066385781814,Bad News Bears (2005),Children|Comedy,408524,13341.0
298,-0.4405761913878486,0.21112033903603206,1.6801416560264038,Pushing Hands (Tui shou) (1992),Drama,105652,25296.0
133712,0.4480205360282313,1.089790079559414,4.178097480097402,Office Romance (1977),Comedy|Romance,76727,31139.0
1573,-4.2210485782828275,13.060631876956082,3.4438015957955437,Face/Off (1997),Action|Crime|Drama|Thriller,119094,754.0
2916,2.609480055585797,13.519734776646118,3.9600029574642415,Total Recall (1990),Action|Adventure|Sci-Fi|Thriller,100802,861.0
58,4.135833903590945,7.657030809118042,4.307125757174846,"Postman, The (Postino, Il) (1994)",Comedy|Drama|Romance,110877,11010.0
837,-1.3026454147850963,6.546655220972091,3.5680115195357596,Matilda (1996),Children|Comedy|Fantasy,117008,10830.0
5349,-4.762986712429155,21.992173085857534,3.550413844094572,Spider-Man (2002),Action|Adventure|Sci-Fi|Thriller,145487,557.0
1370,-1.2473880965398736,14.348417115678647,3.68005470202722,Die Hard 2 (1990),Action|Adventure|Thriller,99423,1573.0
4378,0.603762770937422,2.69270129819611,3.9912122542930497,Sexy Beast (2000),Crime|Drama,203119,11826.0
52281,-0.6634801463963915,5.590434656637194,3.6483089744867616,Grindhouse (2007),Action|Crime|Horror|Sci-Fi|Thriller,462322,253768.0
8983,-0.08730234313155354,1.5175304237806873,3.7094610702570945,House of Flying Daggers (Shi mian mai fu) (2004),Action|Drama|Romance,385004,9550.0
40414,0.35821040051767566,0.6777941900184554,4.295484642191763,Joyeux Noël (Merry Christmas) (2005),Drama|War,424205,11661.0
61236,-0.5664599928980893,0.9494245646343594,3.1703552198741916,Waltz with Bashir (Vals im Bashir) (2008),Animation|Documentary|Drama|War,1185616,8885.0
3362,0.966513742097168,8.750369717099874,3.877444337587564,Dog Day Afternoon (1975),Crime|Drama,72890,968.0
6662,0.0340281837087479,3.4263293162263793,3.776921672798522,"Pink Panther, The (1963)",Comedy|Crime,57413,936.0
4541,0.15159788670427243,0.34923073376900454,4.2010812003530456,"Serpent and the Rainbow, The (1988)",Horror,96071,11503.0
8623,0.01921374668759221,1.1128524063535785,3.7842556056721115,Roxanne (1987),Comedy|Romance,93886,11584.0
4611,-0.009260603239608754,0.4564154453807231,3.7467004361896725,Johnny Handsome (1989),Crime|Drama,97626,505.0
726,-0.34407826576967365,0.4990838211411603,3.077570496040293,Last Dance (1996),Drama,116827,46063.0
131104,-0.34399038098414453,0.3349380025371933,2.739963264235109,The Brain (1969),Comedy|Crime,64146,33436.0
157296,-0.35711949984500235,0.82041585921847,3.331699461822058,Finding Dory (2016),Adventure|Animation|Comedy,2277860,127380.0
160567,0.2630263188287272,0.987264206372359,4.033409672346761,Mike & Dave Need Wedding Dates (2016),Comedy,2823054,316023.0
163527,-0.17652137971554788,0.3349380025371933,3.239963264235109,Comedy Central Roast of David Hasselhoff (2010),Comedy,1694505,296193.0
4316,-0.6328678941329726,0.3338523294738158,1.8713381173490926,Ice Castles (1978),Drama,77716,50541.0
94953,0.003303640004405993,0.002847433546159135,4.92720700952839,Wanderlust (2012),Comedy,1655460,50647.0
63276,0.41584682375448906,0.6494787702890066,4.4072680690399135,Crows Zero (Kurôzu zero) (2007),Action,1016290,14943.0
188,0.3783880314699478,1.6608504772876949,3.994818164176913,"Prophecy, The (1995)",Fantasy|Horror|Mystery,114194,11980.0
6986,0.23053792292908348,0.23554961690580273,4.7457136955174555,Ben-Hur: A Tale of the Christ (1925),Adventure|Drama|Romance,16641,31510.0
2126,0.08082715217175168,1.6505929024145283,3.815958847987126,Snake Eyes (1998),Action|Crime|Mystery|Thriller,120832,8688.0
3747,0.29061254190162233,0.5946145621735813,4.255731335274419,Jesus' Son (1999),Drama,186253,25636.0
5666,-0.7780914478546377,1.0778362645798978,3.0450889474082903,"Rules of Attraction, The (2002)",Comedy|Drama|Romance|Thriller,292644,1809.0
6881,0.29061254190162233,0.5946145621735813,4.255731335274419,Pieces of April (2003),Comedy|Drama,311648,1550.0
117192,-0.11447404135398317,0.27236927080775303,3.346700436189672,Doctor Who: The Time of the Doctor (2013),Adventure|Drama,2986512,282848.0
8364,-1.549970086855573,1.495436166119264,2.730523391522893,Baadasssss! (How to Get the Man's Foot Outta Your Ass) (2003),Drama,367790,28219.0
3672,0.08176358984378822,0.732981410842965,3.87853962748576,Benji (1974),Adventure|Children,71206,23069.0
99910,-0.059962204141843105,0.3052090780163887,3.5705275761569735,"Last Stand, The (2013)",Action|Crime|Thriller,1549920,76640.0
2400,-0.06401098013382155,0.43851677948819323,3.6210187272810934,Prancer (1989),Children|Drama|Fantasy,98115,24951.0
6453,-0.05590169900832807,0.44721359206662453,3.641990291262136,Man of Aran (1934),Documentary,25456,47684.0
3849,0.0035102890911864405,0.024664399667020533,3.909312388640413,The Spiral Staircase (1945),Horror|Mystery|Thriller,38975,27452.0
2347,-0.06401098013382155,0.43851677948819323,3.6210187272810934,"Pope of Greenwich Village, The (1984)",Drama,87932,32081.0
1024,-0.765948690887705,0.9647382726444818,2.9730457442212757,"Three Caballeros, The (1945)",Animation|Children|Musical,38166,15947.0
2058,-2.1813402608568837,6.415339142044102,3.4269708141060384,"Negotiator, The (1998)",Action|Crime|Drama|Mystery|Thriller,120768,9631.0
11,3.6762850152008446,8.971235368322356,4.17677610829486,"American President, The (1995)",Comedy|Drama|Romance,112346,9087.0
204,-2.3800797367247917,3.1400521275854674,3.0090156972050157,Under Siege 2: Dark Territory (1995),Action,114781,3512.0
575,-0.3787486445963324,2.4543274381135483,3.6126715810873247,"Little Rascals, The (1994)",Children|Comedy,110366,10897.0
888,0.045864305168379554,0.5482556423565511,3.850645253701268,Land Before Time III: The Time of the Great Giving (1995),Adventure|Animation|Children|Musical,113596,19004.0
8949,4.0406537802180065,6.978600584899904,4.345996602206633,Sideways (2004),Comedy|Drama|Romance,375063,9675.0
3735,-0.41365105033981014,5.636691306396861,3.693604855045259,Serpico (1973),Crime|Drama,70666,9040.0
8869,-1.516107560914127,0.8807263839335178,2.0455617198335645,First Daughter (2004),Comedy|Romance,361620,13969.0
112006,-0.586414332186953,2.2072531190075697,3.501314222152936,Tangled Ever After (2012),Action|Animation|Children,2112281,82881.0
3400,0.13552662082350211,0.34520005231493467,4.15959342070737,We're Back! A Dinosaur's Story (1993),Adventure|Animation|Children|Fantasy,108526,18890.0
3550,0.337289550375069,0.6790523817887505,4.263696523978065,The Hunger (1983),Horror,85701,11654.0
5299,0.3898816949703904,7.937426363315996,3.8161097006430262,My Big Fat Greek Wedding (2002),Comedy|Romance,259446,8346.0
45447,-1.1693182184897046,6.635696235126588,3.5907739339943294,"Da Vinci Code, The (2006)",Drama|Mystery|Thriller,382625,591.0
1859,0.06397153115393392,0.43003084831255595,3.9157506218406484,Taste of Cherry (Ta'm e guilass) (1997),Drama,120265,30020.0
2121,-0.7771983215147027,0.9346958590362746,2.935491666333981,Cujo (1983),Horror|Thriller,85382,10489.0
781,0.11669346398280825,0.42635171838592756,4.040692633601892,Stealing Beauty (1996),Drama,117737,14553.0
6305,0.5190869104495438,1.8594275295867433,4.046155196691341,Fahrenheit 451 (1966),Drama|Sci-Fi,60390,1714.0
7312,-3.3372134725059066,0.9438583558602565,0.23127600554785044,"Follow Me, Boys! (1966)",Comedy|Drama,60420,40454.0
108981,0.28960391320658585,0.7548520770222206,4.150646800957427,Nymphomaniac: Volume II (2013),Drama|Mystery,2382009,249397.0
134041,-0.08782212530452445,0.7548520770222206,3.6506468009574267,Afonya (1975),Comedy|Drama|Romance,72613,20870.0
34530,-0.003814943860991845,0.002847433546159135,2.4272070095283897,Deuce Bigalow: European Gigolo (2005),Comedy,367652,11453.0
171867,0.003303640004405993,0.002847433546159135,4.92720700952839,Rough Night (2017),Comedy|Drama,4799050,397422.0
176329,0.0018799232313264256,0.002847433546159135,4.42720700952839,Ari Shaffir: Double Negative (2017),Comedy,6254796,466986.0
6324,-0.5148129744679835,0.2943351543717058,2.0179196592918762,It Runs in the Family (2003),Comedy|Drama,311110,31459.0
5244,0.7112825143138526,0.5807306604208037,4.991796492812524,Shogun Assassin (1980),Action|Adventure,81506,15119.0
168366,0.049474404087813825,0.12088327304214612,4.176264484810523,Beauty and the Beast (2017),Fantasy|Romance,2771200,321612.0
101025,-0.21256674315003746,0.3052090780163887,3.0705275761569735,Jack the Giant Slayer (2013),Adventure|Fantasy|IMAX,1351685,81005.0
5272,-0.22945585235181654,0.21112033903603206,2.6801416560264038,Time Out (L'emploi du temps) (2001),Drama,279065,35651.0
1860,0.06062115564907546,0.0389707429172628,5.322545846817691,Character (Karakter) (1997),Drama,119448,17139.0
508,0.8016460808110673,8.557596496437503,3.8606668371409687,Philadelphia (1993),Drama,107818,9800.0
4131,-1.9551750077392993,0.864788945730844,1.506120726044745,Making Mr. Right (1987),Comedy|Romance|Sci-Fi,93477,32058.0
541,7.086428523311107,21.84069999991133,4.0914500623930925,Blade Runner (1982),Action|Sci-Fi|Thriller,83658,78.0
2953,-1.1974785766686813,3.7277464853758264,3.4457563818837857,Home Alone 2: Lost in New York (1992),Children|Comedy,104431,772.0
4728,-2.2097373402742084,3.547404733290394,3.144073678579893,Rat Race (2001),Comedy,250687,9896.0
69640,-0.4907240554015635,2.329125963274796,3.556300073927735,Public Enemies (2009),Crime|Drama|Thriller,1152836,11322.0
1129,0.0187669947407295,4.165131814456389,3.771496029754155,Escape from New York (1981),Action|Adventure|Sci-Fi|Thriller,82340,1103.0
3418,0.6682467037303268,7.675429417840451,3.854053394490873,Thelma & Louise (1991),Adventure|Crime|Drama,103074,1541.0
103372,0.005394671081022345,0.6954053646401365,3.774747883244208,"Heat, The (2013)",Action|Comedy|Crime,2404463,136795.0
3178,-0.13520964250667705,2.103289311527368,3.7027054390710266,"Hurricane, The (1999)",Drama,174856,10400.0
5955,-0.03426568725685906,0.3085174309665264,3.655924646933674,Antwone Fisher (2002),Drama,168786,13435.0
27801,-0.030926410668835655,0.827512628886357,3.729617555681707,Ong-Bak: The Thai Warrior (Ong Bak) (2003),Action|Thriller,368909,9316.0
413,-0.5232306812750448,3.3013187132635924,3.608498874128468,Airheads (1994),Comedy,109068,13595.0
1033,-0.016818109936564386,1.6189647969491363,3.756602103718925,"Fox and the Hound, The (1981)",Animation|Children|Drama,82406,10948.0
8371,-1.5128180231217994,3.774411236661675,3.3661812833756954,"Chronicles of Riddick, The (2004)",Action|Sci-Fi|Thriller,296572,2789.0
369,0.1550055553714866,0.4990838211411603,4.077570496040293,Mrs. Parker and the Vicious Circle (1994),Drama,110588,23333.0
32596,-0.349935630100316,1.24040221237805,3.4848756460218366,Sahara (2005),Action|Adventure|Comedy,318649,7364.0
26471,-0.4652481638156347,0.7548520770222206,3.1506468009574267,Eddie Murphy Delirious (1983),Comedy|Documentary,85474,15251.0
140265,0.6670299517176961,0.7548520770222206,4.650646800957427,George Carlin: Jammin' in New York (1992),Comedy,246643,25161.0
141810,-0.08782212530452445,0.7548520770222206,3.6506468009574267,Autumn Marathon (1979),Comedy|Drama,79679,27924.0
121372,0.003303640004405993,0.002847433546159135,4.92720700952839,Bill Burr: Let It Go (2010),Comedy,1717578,46967.0
4031,-0.14512147675367867,0.29072111323306965,3.2678126596831887,All the Pretty Horses (2000),Drama|Romance|Western,149624,21355.0
3223,-0.7639060522254247,0.2837467184187765,1.074779235985754,"Zed & Two Noughts, A (1985)",Drama,90366,33078.0
83,0.018180976470354507,0.13332716078259985,3.9033539276257723,Once Upon a Time... When We Were Colored (1995),Drama|Romance,114039,146599.0
6186,-0.12108571661225562,0.4832217024063165,3.516410244858424,Gods and Generals (2003),Action|Drama|War,279111,16072.0
36509,-0.852839897634512,1.0532598760959804,2.957275692814074,"Cave, The (2005)",Action|Adventure|Horror|Mystery|Sci-Fi|Thriller,402901,9042.0
1821,-0.45440842864978515,0.5056600320075835,2.8683461432449753,"Object of My Affection, The (1998)",Comedy|Romance,120772,17127.0
260,16.534515529722984,46.68334892611484,4.1211747255428035,Star Wars: Episode IV - A New Hope (1977),Action|Adventure|Sci-Fi,76759,11.0
2459,-1.0978258428086576,1.6506405086391531,3.1018994752650513,"Texas Chainsaw Massacre, The (1974)",Horror,72271,30497.0
106,-0.017320330185450143,0.0389707429172628,3.3225458468176914,Nobody Loves Me (Keiner liebt mich) (1994),Comedy|Drama,110251,11907.0
3358,0.6982880957827946,2.3869753603566086,4.0595312648222786,Defending Your Life (1991),Comedy|Drama|Fantasy|Romance,101698,12186.0
103339,-0.6007049952085414,1.7910055296689649,3.4315893194295306,White House Down (2013),Action|Drama|Thriller|IMAX,2334879,117251.0
2001,-1.288990358652387,8.516753273053917,3.6156426688376833,Lethal Weapon 2 (1989),Action|Comedy|Crime|Drama,97733,942.0
157108,0.3525211531752071,0.45905478312309717,4.534918578114725,Texas - Doc Snyder hält die Welt in Atem (1993),Comedy|Western,108317,1659.0
3238,-1.507552821575834,0.902897132831019,2.097306374060043,Eye of the Beholder (1999),Thriller,120662,18681.0
56171,-0.77222543779064,2.051036392018925,3.3904853005191367,"Golden Compass, The (2007)",Adventure|Children|Fantasy,385752,2268.0
61986,-0.0039255852763852486,0.19457248761213886,3.746814852665645,Appaloosa (2008),Western,800308,12690.0
6242,0.19218018938863296,1.1613649583601728,3.9324681524677882,Ringu (Ring) (1998),Horror|Mystery|Thriller,178868,2671.0
3347,2.727412836541439,2.4726534014396817,4.870021081971997,Never Cry Wolf (1983),Adventure|Drama,86005,14280.0
53993,-0.32682958575239807,1.4388642875459199,3.539846155028254,Evan Almighty (2007),Comedy|Fantasy,413099,2698.0
2917,0.6313888908840667,1.4125104894108196,4.213987956495354,Body Heat (1981),Crime|Thriller,82089,14412.0
74154,0.2564021796368214,0.11679237690054664,5.962357715414811,When in Rome (2010),Comedy|Romance,1185416,13477.0
111320,0.7666815080175876,0.3466159670262506,5.978895053166898,Mom's Night Out (2014),Comedy,3014666,252680.0
2360,0.4375216302993946,2.539250920430763,3.939293716173437,"Celebration, The (Festen) (1998)",Drama,154420,309.0
1730,0.4997151489199799,1.3055634260359974,4.1497485234203655,Kundun (1997),Drama,119485,9746.0
133879,-0.17652137971554788,0.3349380025371933,3.239963264235109,Carry On Don't Lose Your Head (1966),Comedy,60330,5061.0
68,-0.40081567160254156,0.3576184039191517,2.6461987793880555,French Twist (Gazon maudit) (1995),Comedy|Romance,113149,4482.0
98604,0.28960391320658585,0.7548520770222206,4.150646800957427,From Up on Poppy Hill (Kokuriko-zaka kara) (2011),Animation|Drama|Romance,1798188,83389.0
172637,0.6670299517176961,0.7548520770222206,4.650646800957427,Priklyucheniya Kapitana Vrungelya (1979),Action|Adventure|Animation|Comedy,219263,74535.0
71,-0.5779080334559352,0.21835316125539117,1.1203236245954695,Fair Game (1995),Action,113010,11859.0
69516,-0.8831107168235242,0.6494787702890066,2.407268069039914,"Limits of Control, The (2009)",Crime|Drama|Film-Noir,1135092,8284.0
152083,0.09110743860998576,0.6494787702890066,3.907268069039914,Whiskey Tango Foxtrot (2016),Comedy|War,3553442,279641.0
567,-1.2425351755744096,0.5629979531084001,1.5599926126486032,Kika (1993),Comedy|Drama,107315,8223.0
3873,0.27429336431986723,1.2838490485533498,3.980639524113103,Cat Ballou (1965),Comedy|Western,59017,11694.0
26078,0.5372340386525546,0.9999999927394079,4.304224333815328,Advise and Consent (1962),Drama,55728,17185.0
7369,-0.9139179412560988,0.6299478420342675,2.316206781464218,Scooby-Doo 2: Monsters Unleashed (2004),Action|Adventure|Children|Comedy|Mystery,331632,11024.0
2474,0.06247536708152289,1.1079898466219211,3.823376518330913,"Color of Money, The (1986)",Drama,90863,11873.0
4152,0.29061254190162233,0.5946145621735813,4.255731335274419,Vatel (2000),Drama,190861,7093.0
40697,0.021710594049893332,0.27236927080775303,3.846700436189672,Babylon 5,Sci-Fi,105946,
166203,0.021710594049893332,0.27236927080775303,3.846700436189672,Sapphire Blue (2014),Adventure|Children|Fantasy|Sci-Fi,3260022,279229.0
6785,0.1473366361759558,0.2659246604151398,4.32104434531619,Seven Brides for Seven Brothers (1954),Comedy|Musical|Romance|Western,47472,16563.0
2028,9.03720327378705,40.00572367793712,3.992888048956518,Saving Private Ryan (1998),Action|Drama|War,120815,857.0
2353,-2.5026930912653618,11.132646510486191,3.542183630158867,Enemy of the State (1998),Action|Thriller,120660,9798.0
4021,1.2607886541094204,0.5966678234333471,5.880039804900374,Before Night Falls (2000),Drama,247196,5001.0
7445,-0.48756481439369104,7.236131230522993,3.699611080070239,Man on Fire (2004),Action|Crime|Drama|Mystery|Thriller,328107,9509.0
44191,8.295399267148385,17.780253144954486,4.233541537721885,V for Vendetta (2006),Action|Sci-Fi|Thriller|IMAX,434409,752.0
49651,-0.6330359551476441,1.963018791983446,3.4445094481174707,Rocky Balboa (2006),Action|Drama,479143,1246.0
86190,-1.2221343254296841,2.1516329623707358,3.198987129569029,Hanna (2011),Action|Adventure|Mystery|Thriller,993842,50456.0
114066,0.12299376161365849,0.45905478312309717,4.034918578114725,"20,000 Days on Earth (2014)",Documentary|Drama|Musical,2920540,246400.0
3409,-2.1834825985922723,7.106008770964496,3.459717577567482,Final Destination (2000),Drama|Thriller,195714,9532.0
114180,-0.07692532743235644,1.4133549880354213,3.7125628274730964,"Maze Runner, The (2014)",Action|Mystery|Sci-Fi,1790864,198663.0
122896,-0.4098473997131751,2.630685127730422,3.611195363396039,Pirates of the Caribbean: Dead Men Tell No Tales (2017),(no genres listed),1790809,166426.0
26695,0.09336065852968418,0.19457248761213886,4.246814852665645,"Krays, The (1990)",Drama,99951,21344.0
132424,-0.27467056189268785,0.49617907954808144,3.2134188626907076,The Longest Ride (2015),Drama|Romance,2726560,228205.0
7063,-0.2170180821526868,2.518806835727572,3.6808312102740937,"Aguirre: The Wrath of God (Aguirre, der Zorn Gottes) (1972)",Adventure|Drama,68182,2000.0
142448,-0.7014377944087109,0.8985360176309931,2.9863451299718133,Everest (2015),Adventure|Drama|Thriller,2719848,253412.0
2379,-1.02964911427817,1.9194776169896903,3.2305687642984795,Police Academy 2: Their First Assignment (1985),Comedy|Crime,89822,10157.0
158966,1.3742688783287107,1.0980478637270976,5.01854673404236,Captain Fantastic (2016),Drama,3553976,334533.0
6022,-0.7015095334116125,0.4589685639695771,2.2385424007479777,American Me (1992),Drama,103671,13199.0
6636,-0.009260603239608754,0.4564154453807231,3.7467004361896725,"Sure Thing, The (1985)",Comedy|Romance,90103,8992.0
4372,0.02921908195121674,0.1164980619432415,4.017802034082823,Crazy/Beautiful (2001),Drama|Romance,250224,10691.0
69394,-0.14428504533486133,0.11394494335438751,2.500720449992295,"Stoning of Soraya M., The (2008)",Crime|Drama,1277737,33409.0
7381,-1.0526762623518717,1.9016424203810822,3.2134286694400274,"Whole Ten Yards, The (2004)",Action|Comedy|Crime,327247,2122.0
74342,-0.34399038098414453,0.3349380025371933,2.739963264235109,"Captain Newman, M.D. (1963)",Comedy|Drama|War,56903,33728.0
1241,-0.15692173081374428,1.4006258965231113,3.654953428882764,Dead Alive (Braindead) (1992),Comedy|Fantasy|Horror,103873,763.0
2931,0.4642339380902919,0.8747239000331383,4.297710828419866,Time of the Gypsies (Dom za vesanje) (1989),Comedy|Crime|Drama|Fantasy,97223,20123.0
65585,-0.16425562388083806,1.0674004261271886,3.613106500455718,Bride Wars (2009),Comedy|Romance,901476,10521.0
142422,0.034448874472548636,0.9575352818515543,3.8029669023859958,The Night Before (2015),Comedy,3530002,296100.0
100882,0.41584682375448906,0.6494787702890066,4.4072680690399135,Journey to the West: Conquering the Demons (Daai wa sai you chi Chui mo chun kei) (2013),Adventure|Comedy|Fantasy|Romance|IMAX,2017561,170657.0
70159,-0.4363988201987375,0.49842644783279677,2.891437193917003,Orphan (2009),Drama|Horror|Mystery|Thriller,1148204,21208.0
6679,0.29061254190162233,0.5946145621735813,4.255731335274419,Revolution OS (2001),Documentary,308808,19433.0
5607,0.6988815326781809,0.4632355980287654,5.275685943436049,"Son of the Bride (Hijo de la novia, El) (2001)",Comedy|Drama,292542,19460.0
49220,-0.6043074190185721,0.4832217024063165,2.516410244858424,For Your Consideration (2006),Comedy,470765,14799.0
49793,0.12052513459090264,0.4832217024063165,4.016410244858424,We Are Marshall (2006),Drama,758794,11170.0
1080,2.963996613488317,15.36897376979982,3.959846148646225,Monty Python's Life of Brian (1979),Comedy,79470,583.0
1224,0.826003186379104,3.283185508789403,4.018576192871355,Henry V (1989),Action|Drama|Romance|War,97499,10705.0
910,0.40223252275038734,8.096759457496269,3.816668502015697,Some Like It Hot (1959),Comedy|Crime,53291,239.0
45517,1.4728659946145684,8.104501411117312,3.9487246040718262,Cars (2006),Animation|Children|Comedy,317219,920.0
5782,0.21331063718935134,5.283381713366325,3.8073641746500617,"Professional, The (Le professionnel) (1981)",Action|Drama|Thriller,82949,1672.0
118900,-0.8366344355048558,1.0903724487651483,2.9996979440899856,Wild (2014),Drama,2305051,228970.0
1972,-2.483584569737906,1.3629182978562437,1.9447353742620659,"Nightmare on Elm Street 5: The Dream Child, A (1989)",Horror,97981,10160.0
2263,-0.05807554478716012,0.6944307860839392,3.683359861922069,"Seventh Sign, The (1988)",Drama|Fantasy|Thriller,96073,11082.0
147,0.8929848146457249,2.152693513218112,4.181812377714555,"Basketball Diaries, The (1995)",Drama,112461,10474.0
36527,-0.1890222820224624,1.1163109695066487,3.5976626691336886,Proof (2005),Drama,377107,9777.0
51080,-0.07059084432512716,1.0560139953556331,3.700143786731337,Breach (2007),Drama|Thriller,401997,4169.0
5021,0.19709822322228226,0.8985360176309931,3.9863451299718133,Murder by Death (1976),Comedy|Crime|Mystery|Thriller,74937,6037.0
1797,-0.17326550236417815,0.355594934727939,3.2797350312941016,Everest (1998),Documentary|IMAX,120661,21736.0
104069,0.46967103391865117,1.2428339741519179,4.144893570128603,Louis C.K.: Oh My God (2013),Comedy,2510998,185574.0
5026,0.6278299615220659,2.6495838062173878,4.00394447253726,"Brotherhood of the Wolf (Pacte des loups, Le) (2001)",Action|Mystery|Thriller,237534,6312.0
3604,0.9957616291646286,0.3349380025371933,6.739963264235109,Gypsy (1962),Musical,56048,39391.0
108078,-0.5114593822527412,0.3349380025371933,2.239963264235109,Chinese Puzzle (Casse-tête chinois) (2013),Comedy|Romance,1937118,206408.0
149508,-0.5114593822527412,0.3349380025371933,2.239963264235109,Spellbound (2011),Comedy|Romance,2132405,92499.0
116,-0.06839970879664366,0.07387168550037518,2.8410643653362104,Anne Frank Remembered (1995),Documentary,112373,51352.0
85316,-0.4652481638156347,0.7548520770222206,3.1506468009574267,Winnie the Pooh and Tigger Too (1974),Animation|Children,72410,72185.0
93443,0.09594597487075723,0.3080565115625478,4.078446051064429,Goon (2011),Comedy|Drama,1456635,74387.0
5379,1.2473630898692645,1.0778362645798978,4.924274686731463,"Believer, The (2001)",Drama,247199,4012.0
2024,-0.05644946236421094,0.06893676767508185,2.9481317304680914,"Rapture, The (1991)",Drama|Mystery,102757,1411.0
6862,0.12052513459090264,0.4832217024063165,4.016410244858424,Out of Time (2003),Crime|Drama|Thriller,313443,2116.0
41769,-0.3626965678154139,0.4832217024063165,3.016410244858424,Mozart and the Whale (2005),Comedy|Drama|Romance,392465,23478.0
50147,-0.16254520004022763,0.13152139420147063,2.531106190222017,Black Christmas (2006),Action|Horror|Thriller,454082,9656.0
2478,-1.9669421989744107,6.180865352319136,3.4487594147010747,¡Three Amigos! (1986),Comedy|Western,92086,8388.0
546,-4.98813295853263,4.266578875029687,2.5978725731470753,Super Mario Bros. (1993),Action|Adventure|Children|Comedy|Fantasy|Sci-Fi,108255,9607.0
7153,11.523274262108398,36.12289462561098,4.085992253356792,"Lord of the Rings: The Return of the King, The (2003)",Action|Adventure|Drama|Fantasy,167260,122.0
5902,1.1247695728644425,8.708018986837905,3.896155096089103,Adaptation (2002),Comedy|Drama|Romance,268126,2757.0
1680,0.24264045172110793,2.9251580370894326,3.8499398101067785,Sliding Doors (1998),Drama|Romance,120148,10215.0
1228,0.5973498325293095,6.337206375295754,3.8612510423176722,Raging Bull (1980),Drama,81398,1578.0
57669,3.385618603529281,8.76701008521266,4.153167399606041,In Bruges (2008),Comedy|Crime|Drama|Thriller,780536,8321.0
85259,0.4226262991240965,0.5716746580518313,4.50626794363234,Winnie the Pooh and the Honey Tree (1966),Animation|Children,61199,36540.0
53953,-1.3300970455458159,5.09874499625476,3.5061227549325436,1408 (2007),Drama|Horror|Thriller,450385,3021.0
805,0.46956121315719285,6.152957171970101,3.843305012790881,"Time to Kill, A (1996)",Drama|Thriller,117913,1645.0
1672,-0.1767415276651207,1.9910306310121701,3.6782214270808393,"Rainmaker, The (1997)",Drama,119978,11975.0
139644,0.19709822322228226,0.8985360176309931,3.9863451299718133,Sicario (2015),Crime|Drama|Mystery,3397884,273481.0
198,-0.061122559294192455,4.26772103244806,3.7526682306519255,Strange Days (1995),Action|Crime|Drama|Mystery|Sci-Fi|Thriller,114558,281.0
8968,-0.3223432336243107,0.597166645760704,3.227202552089778,After the Sunset (2004),Action|Adventure|Comedy|Crime|Thriller,367479,10589.0
58078,0.026632369696719945,0.11394494335438751,4.000720449992295,"Air I Breathe, The (2007)",Crime|Drama|Romance|Thriller,485851,13641.0
48414,0.1827465773443902,0.7851327465144438,3.9997491185504948,Open Season (2006),Adventure|Animation|Children|Comedy|IMAX,400717,7484.0
6750,0.10843327245026721,0.28455899244174154,4.148047559984603,Anything Else (2003),Comedy|Drama|Romance,313792,10739.0
14,2.196792182996993,3.218670411257527,4.4495057098379425,Nixon (1995),Drama,113987,10858.0
86059,-0.17652137971554788,0.3349380025371933,3.239963264235109,Hop (2011),Animation|Children|Comedy,1411704,50359.0
170993,-0.17652137971554788,0.3349380025371933,3.239963264235109,Mini's First Time (2006),Comedy|Crime|Drama,425253,15314.0
182293,-0.17652137971554788,0.3349380025371933,3.239963264235109,Hare-um Scare-um (1939),Animation|Children|Comedy,31405,152047.0
132046,-0.8251529946713551,0.9492112564261985,2.897686446533119,Tomorrowland (2015),Action|Adventure|Children|Mystery|Sci-Fi,1964418,158852.0
7371,2.2749798860205037,4.676251689625825,4.253486749754202,Dogville (2003),Drama|Mystery|Thriller,276919,553.0
141836,0.28960391320658585,0.7548520770222206,4.150646800957427,It Can't Be! (1975),Comedy,73442,42275.0
89190,-0.5583713316790209,0.6494787702890066,2.907268069039914,Conan the Barbarian (2011),Action|Adventure|Fantasy,816462,37430.0
159717,-0.23363194653451755,0.6494787702890066,3.407268069039914,The Fundamentals of Caring (2016),Drama,2452386,318121.0
37830,0.3432116283637706,0.8879678204471977,4.153503879323157,Final Fantasy VII: Advent Children (2004),Action|Adventure|Animation|Fantasy|Sci-Fi,385700,647.0
2946,-0.09141965532762017,1.254144819833232,3.694096273057941,Help! (1965),Comedy|Musical,59260,14831.0
2084,0.07385733427542816,0.2943351543717058,4.017919659291876,Newsies (1992),Children|Musical,104990,15300.0
600,0.29061254190162233,0.5946145621735813,4.255731335274419,Love and a .45 (1994),Action|Comedy|Crime,110395,15477.0
3078,0.29061254190162233,0.5946145621735813,4.255731335274419,Liberty Heights (1999),Drama,165859,27141.0
5486,-0.6013093013587497,0.5946145621735813,2.7557313352744184,Who Is Cletis Tout? (2001),Comedy,246500,33152.0
1430,-0.2964337688601521,0.6391853141047033,3.303222175320107,Underworld (1996),Comedy|Thriller,120414,85242.0
27768,0.19692590134894908,0.5277933064494101,4.140102073739477,Intimate Strangers (Confidences trop intimes) (2004),Drama,363532,21200.0
78103,-0.15096481421611319,0.1887060177701415,2.966990291262136,Shake Hands with the Devil (2007),Drama|War,472562,30527.0
59727,-0.16254520004022763,0.13152139420147063,2.531106190222017,"Strangers, The (2008)",Horror|Thriller,482606,10665.0
3928,0.15524740961027506,0.43851677948819323,4.121018727281093,Abbott and Costello Meet Frankenstein (1948),Comedy|Horror,40068,3073.0
349,0.38507312498481383,15.438213200523162,3.7919331470177338,Clear and Present Danger (1994),Action|Crime|Drama|Thriller,109444,9331.0
6238,1.4442024589536069,1.5092270882247252,4.723905569434352,Green Card (1990),Comedy|Drama|Romance,99699,12157.0
3623,-10.991309533659543,12.570270445492469,2.8926010264232973,Mission: Impossible II (2000),Action|Adventure|Thriller,120755,955.0
7458,-0.9176855614100371,7.05519773795048,3.6369180246162656,Troy (2004),Action|Adventure|Drama|War,332452,652.0
1693,0.9610968314973727,3.162534161403622,4.0708911449594165,Amistad (1997),Drama|Mystery,118607,11831.0
81788,0.714657138969268,0.9422764855294137,4.52542706639586,"Next Three Days, The (2010)",Crime|Drama|Romance|Thriller,1458175,43539.0
1285,0.22088040584484836,9.423421197074378,3.7904298044947,Heathers (1989),Comedy,97493,2640.0
1658,0.6748856463097229,0.4448208929880575,5.284197906615407,"Life Less Ordinary, A (1997)",Romance|Thriller,119535,8067.0
55820,0.7661541960637612,11.565569896492287,3.833234687597169,No Country for Old Men (2007),Crime|Drama,477348,6977.0
52241,-0.1984980728885241,0.19457248761213886,2.746814852665645,"Lookout, The (2007)",Crime|Drama|Thriller,427470,8270.0
424,0.9804978633689649,0.7932498457415034,5.0030420454889875,Blue Chips (1994),Drama,109305,19819.0
1184,-0.43190888984720155,0.8233753181685299,3.2424313443071613,Mediterraneo (1991),Comedy|Drama,102426,38251.0
7235,-0.13025013714534456,0.4316385617176117,3.465232874994594,Ichi the Killer (Koroshiya 1) (2001),Action|Comedy|Crime|Drama|Horror|Thriller,296042,9696.0
27721,-0.1776051279067395,1.384915081778932,3.6387476789579907,"Very Long Engagement, A (Un long dimanche de fiançailles) (2004)",Drama|Mystery|Romance|War,344510,2841.0
4800,-0.29901556465915685,0.3338523294738158,2.8713381173490924,King Solomon's Mines (1937),Action|Adventure|Drama|Romance|Thriller,29081,43860.0
5011,-0.006661145519525534,0.5971676807624353,3.7558357265827134,Charlotte Gray (2001),Drama|Romance,245046,12660.0
7439,-0.7290630910146603,1.0787632198687216,3.0911579328847503,"Punisher, The (2004)",Action|Crime|Thriller,330793,7220.0
70565,0.16577325796532097,0.5185790311122147,4.086658553994976,"Goods: Live Hard, Sell Hard, The (2009)",Comedy,1092633,19905.0
31610,-0.066970751875756,0.5277933064494101,3.6401020737394774,Purple Butterfly (Zi hudie) (2003),Drama,363290,34561.0
342,-2.1673721548864213,6.150901232216432,3.41462369113947,Muriel's Wedding (1994),Comedy,110598,236.0
2411,-2.6538499777234663,3.315088639748961,2.9664536341414287,Rocky IV (1985),Action|Drama,89927,1374.0
3785,-4.341640593005949,9.300049924834328,3.3001497228677366,Scary Movie (2000),Comedy|Horror,175142,4247.0
5944,-0.8662970341701448,1.9545732281895232,3.323774850839586,Star Trek: Nemesis (2002),Action|Drama|Sci-Fi|Thriller,253754,201.0
97752,0.01340913952226444,3.2011045760356494,3.7711792014347836,Cloud Atlas (2012),Drama|Sci-Fi|IMAX,1371111,83542.0
379,-1.2944490870309635,2.5542803545649093,3.2602138582376345,Timecop (1994),Action|Sci-Fi|Thriller,111438,8831.0
832,-1.2299097142804822,5.936916883765345,3.5598272572564382,Ransom (1996),Crime|Thriller,117438,3595.0
965,0.024239025221230698,2.9486742448631467,3.7752106042599034,"39 Steps, The (1935)",Drama|Mystery|Thriller,26029,260.0
3770,-0.7122011911134474,0.7837168318031279,2.858242179428353,Dreamscape (1984),Horror|Sci-Fi|Thriller,87175,24099.0
1018,-1.1791527944986915,1.5958848297046537,3.0281194325693352,That Darn Cat! (1965),Children|Comedy|Mystery,59793,20723.0
68791,-0.7984118921525247,4.682991319634049,3.5964984330335974,Terminator Salvation (2009),Action|Adventure|Sci-Fi|Thriller,438488,534.0
103228,-0.6406064599456591,3.0840679089259035,3.559275520101742,Pacific Rim (2013),Action|Adventure|Sci-Fi|IMAX,1663662,68726.0
8370,0.8666640064806292,2.006371652900147,4.198946158076688,"Blind Swordsman: Zatoichi, The (Zatôichi) (2003)",Action|Comedy|Crime|Drama,363226,246.0
61024,-0.18150396121410683,4.461135275270678,3.726304692190475,Pineapple Express (2008),Action|Comedy|Crime,910936,10189.0
1678,0.6383138682138157,1.4351130627617381,4.211773273716105,"Joy Luck Club, The (1993)",Drama|Romance,107282,19931.0
3100,2.0261551425536144,3.0516097652524827,4.430953018614981,"River Runs Through It, A (1992)",Drama,105265,293.0
3360,0.09375577666481821,2.651881279281605,3.802344730918732,Hoosiers (a.k.a. Best Shot) (1986),Drama|Romance,91217,5693.0
4980,0.745391278222393,2.5690689705348126,4.057130916823941,Bill & Ted's Bogus Journey (1991),Adventure|Comedy|Fantasy|Sci-Fi,101452,1649.0
1753,-0.925890175612188,2.1412111723809852,3.3345760634853323,Half Baked (1998),Comedy,120693,9490.0
6666,1.6106105408163334,2.343516926511932,4.4542524665832035,"Discreet Charm of the Bourgeoisie, The (Charme discret de la bourgeoisie, Le) (1972)",Comedy|Drama|Fantasy,68361,4593.0
5712,0.2550143961575465,0.9379654098587329,4.038870675631485,Blow Out (1981),Mystery|Thriller,82085,11644.0
2476,-0.37004357317591086,1.6910513621219447,3.548165729534113,Heartbreak Ridge (1986),Action|War,91187,10015.0
3643,0.15503679996388905,0.2553547293522878,4.374133148404994,"Fighting Seabees, The (1944)",Action|Drama|War,36824,22994.0
27808,-0.3062900140273366,1.005819996419663,3.462472569286422,Spanglish (2004),Comedy|Drama|Romance,371246,2539.0
118696,0.12033343666793322,3.2756861892573803,3.8037256284450955,The Hobbit: The Battle of the Five Armies (2014),Adventure|Fantasy,2310332,122917.0
6338,-1.2014233983943343,1.6912880437081612,3.056630277269366,Daddy Day Care (2003),Children|Comedy,317303,10708.0
971,0.7475347702502401,1.6857259984896409,4.210440039868972,Cat on a Hot Tin Roof (1958),Drama,51459,261.0
128087,-0.5114593822527412,0.3349380025371933,2.239963264235109,Trinity and Sartana Are Coming (1972),Comedy|Western,69409,102959.0
27317,0.4034259855504531,0.46537372367528645,4.633876333654901,Audition (Ôdishon) (1999),Drama|Horror|Mystery|Romance|Thriller,235198,11075.0
1958,1.8341077567676576,2.332821460490761,4.553208948725023,Terms of Endearment (1983),Comedy|Drama,86425,11050.0
7050,-0.026018924031830235,0.05281164506088962,3.2743162985881433,Follow the Fleet (1936),Comedy|Musical|Romance,27630,28292.0
126090,0.28960391320658585,0.7548520770222206,4.150646800957427,Hedgehog in the Fog (1975),Animation,73099,36129.0
148956,-0.5550676916746149,0.6523262038351657,2.916085194377705,How to Be Single (2016),Comedy|Romance,1292566,259694.0
165645,-0.008086094180230548,0.002847433546159135,0.9272070095283897,Bad Santa 2 (2016),Comedy,1798603,338964.0
373,-0.6564108590221605,1.5258307154882635,3.3367912840202942,Red Rock West (1992),Thriller,105226,10427.0
4056,-0.15840238379256802,0.885335675406651,3.588072409386642,"Pledge, The (2001)",Crime|Drama|Mystery|Thriller,237572,5955.0
1264,-0.9044492308007271,1.2554139885066313,3.0465512655056934,Diva (1981),Action|Drama|Mystery|Romance|Thriller,82269,4485.0
6192,0.8852271040752037,0.5946145621735813,5.255731335274419,Open Hearts (Elsker dig for evigt) (2002),Romance,315543,102.0
4813,-0.07504952841049738,0.08154419913832892,2.8466363089612514,When Worlds Collide (1951),Sci-Fi,44207,16380.0
27790,-0.12108571661225562,0.4832217024063165,3.516410244858424,Millions (2004),Children|Comedy|Crime|Drama|Fantasy,366777,13373.0
33815,-0.12108571661225562,0.4832217024063165,3.516410244858424,"Perfect Man, The (2005)",Comedy|Drama|Romance,380623,15648.0
123,0.06705697272183002,0.08970244219838251,4.514539310869979,Chungking Express (Chung Hing sam lam) (1994),Drama|Mystery|Romance,109424,11104.0
1992,-0.03102380583875701,0.13152139420147063,3.531106190222017,Child's Play 2 (1990),Horror|Thriller,99253,11186.0
1086,2.330941244065773,5.102190939916494,4.22384133261182,Dial M for Murder (1954),Crime|Mystery|Thriller,46912,521.0
270,-0.4238583454988604,0.6607028213667387,3.125463826122996,Love Affair (1994),Drama|Romance,110391,43742.0
5377,-0.3298932570940374,8.696315199214581,3.7290554591479745,About a Boy (2002),Comedy|Drama|Romance,276751,245.0
97938,2.500840937089152,7.794133171551578,4.087852262958639,Life of Pi (2012),Adventure|Drama|IMAX,454876,87827.0
3535,2.880621978913135,9.01137806919492,4.086655270002784,American Psycho (2000),Crime|Horror|Mystery|Thriller,144084,1359.0
27831,2.635106852251164,3.7821683968501003,4.463708833579226,Layer Cake (2004),Crime|Drama|Thriller,375912,4836.0
2065,-0.5138586897526567,1.897459013774062,3.496176173000584,"Purple Rose of Cairo, The (1985)",Comedy|Drama|Fantasy|Romance,89853,10849.0
2416,1.0518852593305583,2.9679021679827557,4.121410753863001,Back to School (1986),Comedy,90685,15596.0
2709,-0.4310744123076123,1.4004419067846172,3.45917715726549,Muppets From Space (1999),Children|Comedy,158811,10208.0
3822,1.2639759985734569,1.39767370798241,4.671332979655444,"Girl on the Bridge, The (Fille sur le pont, La) (1999)",Drama|Romance,144201,10401.0
3250,-0.10877353467608084,1.1316003157450283,3.6708666571816115,Alive (1993),Drama,106246,7305.0
47629,-0.43785796898015406,2.8754121711538785,3.6147136982321895,The Queen (2006),Drama,436697,1165.0
56145,-2.4196278846564567,2.2299209857936764,2.681916918675681,"Mist, The (2007)",Horror|Sci-Fi,884328,5876.0
61167,0.1906469023357536,0.19457248761213886,4.746814852665645,Henry Poole is Here (2008),Drama|Mystery,1029120,13107.0
53894,1.0724133585968103,2.522433105594084,4.192140657477392,Sicko (2007),Documentary|Drama,386032,2359.0
26326,1.0956342408532753,0.8985360176309931,4.986345129971813,"Holy Mountain, The (Montaña sagrada, La) (1973)",Drama,71615,8327.0
55112,-0.08731257365766756,0.11394494335438751,3.000720449992295,Shanghai Kiss (2007),Comedy|Drama|Romance,469184,15361.0
5414,-0.33867092003170196,0.4160803866432122,2.9530347891439566,Bad Company (2002),Action|Comedy|Crime,280486,3132.0
48520,0.2773643290384172,0.9525285326911395,4.05817771454571,Employee of the Month (2006),Comedy,424993,9794.0
171751,0.3258856240902421,0.3349380025371933,4.739963264235109,Munna bhai M.B.B.S. (2003),Comedy,374887,19625.0
7308,-0.29901556465915685,0.3338523294738158,2.8713381173490924,King Solomon's Mines (1985),Adventure|Comedy,89421,9838.0
1684,0.13804014625763125,0.35344308952702075,4.157548631056973,Mrs. Dalloway (1997),Drama|Romance,119723,38904.0
40148,-1.2078501019680274,0.6494787702890066,1.907268069039914,Revolver (2005),Crime|Drama|Thriller,365686,10851.0
5159,-1.019525931221083,0.7957958096709967,2.485850181159543,Ferngully: The Last Rainforest (1992),Animation|Children|Comedy|Musical,104254,13225.0
242,-0.38249495194251154,0.6266338481911662,3.156594039852135,Farinelli: il castrato (1994),Drama|Musical,109771,10954.0
7243,0.06202762763405927,0.49842644783279677,3.891437193917003,Intolerance: Love's Struggle Throughout the Ages (1916),Drama,6864,3059.0
4640,0.4072804940418936,1.175345222594385,4.113510178536521,Brother (2000),Action|Crime|Thriller,222851,327.0
6971,0.29061254190162233,0.5946145621735813,4.255731335274419,Europa (Zentropa) (1991),Drama|Thriller,101829,9065.0
7844,0.13055185389304885,0.5807306604208037,3.9917964928125236,"Legend, The (Legend of Fong Sai-Yuk, The) (Fong Sai Yuk) (1993)",Action|Comedy,106936,17653.0
147384,0.6404279154146343,1.2723692654882595,4.2703252371662845,Doctor Who: The Runaway Bride (2007),Sci-Fi,827573,282758.0
71823,-0.10621432338224154,1.0493482471545492,3.6657709642462897,"New York, I Love You (2009)",Drama|Romance,808399,12572.0
8142,0.034736891261978306,0.13152139420147063,4.031106190222017,Dead or Alive: Hanzaisha (1999),Action|Crime,221111,11315.0
1983,-0.5025277596220148,0.43851677948819323,2.6210187272810934,Halloween II (1981),Horror,82495,11281.0
2617,-3.53507818004211,15.051349797700706,3.532122440367983,"Mummy, The (1999)",Action|Adventure|Comedy|Fantasy|Horror|Thriller,120616,564.0
902,2.6078791460477015,4.203461679410796,4.387402547860429,Breakfast at Tiffany's (1961),Drama|Romance,54698,164.0
2762,5.597743011974282,32.502017437513004,3.9392178467588455,"Sixth Sense, The (1999)",Drama|Horror|Mystery,167404,745.0
135,-0.47589268747441094,4.217360100575054,3.6541489222243055,Down Periscope (1996),Comedy,116130,9101.0
248,-1.340606401331539,2.6657137001949813,3.264083170653692,Houseguest (1994),Comedy,110066,17207.0
30812,1.2508276582261528,5.138987332586288,4.010389929610077,"Aviator, The (2004)",Drama,338751,2567.0
1095,0.9365988574943721,2.8479262220387858,4.095860769101929,Glengarry Glen Ross (1992),Drama,104348,9504.0
7154,-0.7686877521867426,2.0225628162430613,3.3869339854636387,Mona Lisa Smile (2003),Drama|Romance,304415,11820.0
66203,0.30530408674340564,1.4807404632403809,3.9731736801291446,He's Just Not That Into You (2009),Comedy|Drama|Romance,1001508,10184.0
134853,5.327608178185738,9.742500427485535,4.313832266568136,Inside Out (2015),Adventure|Animation|Children|Comedy|Drama|Fantasy,2096673,150540.0
80463,-0.7616527454152495,11.379714018846565,3.700059545537434,"Social Network, The (2010)",Drama,1285016,37799.0
86628,0.035171636309134044,1.2139068601453178,3.7959642080129843,Kill the Irishman (2011),Action|Crime,1416801,51209.0
3146,-3.139066170721171,3.538286855117592,2.8798190981800964,Deuce Bigalow: Male Gigolo (1999),Comedy,205000,10402.0
3355,0.4013374882187781,2.0854485345867944,3.9594368952241457,"Ninth Gate, The (1999)",Fantasy|Horror|Mystery|Thriller,142688,622.0
3948,-2.0154043848749255,13.133760290677808,3.6135380932419365,Meet the Parents (2000),Comedy,212338,1597.0
5293,-0.6059972739890878,1.3316171860930623,3.3119065927954083,Changing Lanes (2002),Drama|Thriller,264472,1537.0
81229,-0.7129817749861046,4.687632542037994,3.6148918132794465,Red (2010),Action|Comedy,1245526,39514.0
106916,-1.4760208145477165,1.8350647598644563,2.962647661601077,American Hustle (2013),Crime|Drama,1800241,168672.0
34437,-1.5525889459582023,4.563739169697747,3.4267892218699454,Broken Flowers (2005),Comedy|Drama,412019,308.0
2890,-2.249501194630742,10.262998609116865,3.547804721790027,Three Kings (1999),Action|Adventure|Comedy|Drama|War,120188,6415.0
3142,0.25904996950718157,0.600704144479979,4.198234143810278,U2: Rattle and Hum (1988),Documentary|Musical,96328,18161.0
3946,-1.8954859848653103,1.6828097113509932,2.640608637959472,Get Carter (2000),Action|Drama|Thriller,208988,10461.0
2731,-0.3207614857181496,1.2824365233797494,3.5168714901593643,"400 Blows, The (Les quatre cents coups) (1959)",Crime|Drama,53198,147.0
151759,-0.2521697855932143,0.8985360176309931,3.4863451299718133,Requiem for the American Dream (2015),Documentary,3270538,333377.0
522,0.16934598471148238,1.7202993995126163,3.8654301237467954,Romper Stomper (1992),Action|Drama,105275,10412.0
7256,0.19908300487206754,1.6814155507978787,3.8853923155431636,Touching the Void (2003),Adventure|Documentary,379557,11194.0
112450,0.5933735245044623,0.3466159670262506,5.478895053166898,They Came Together (2014),Comedy|Romance,2398249,180296.0
1606,-0.241450543290664,0.4982539457924414,3.282396952203572,Kull the Conqueror (1997),Action|Adventure,119484,17832.0
85022,0.0018799232313264256,0.002847433546159135,4.42720700952839,Hall Pass (2011),Comedy,480687,48988.0
6251,-0.032024853773317846,0.030825587404552823,2.7280853921266894,Piglet's Big Movie (2003),Animation|Children,323642,13691.0
34534,0.20461136774564848,0.9054642098408567,3.992964289485225,Four Brothers (2005),Action|Crime|Drama,430105,8292.0
95949,0.010858304983352846,0.03250989515973905,4.100990291262136,"Immature, The (Immaturi) (2011)",Comedy,1630637,56909.0
6220,-0.16254520004022763,0.13152139420147063,2.531106190222017,Willard (2003),Drama|Horror|Thriller,310357,10929.0
3914,-0.018335513315784476,0.21112033903603206,3.6801416560264038,"Broken Hearts Club, The (2000)",Drama,222850,22597.0
4116,0.19278482572024758,0.21112033903603206,4.680141656026404,Hollywood Shuffle (1987),Comedy,93200,34101.0
499,-0.1654938324699174,0.2708644374133104,3.156006309568772,Mr. Wonderful (1993),Comedy|Romance,107613,31911.0
1954,0.6585351270891509,10.176914116967934,3.8316990152938324,Rocky (1976),Drama,75148,1366.0
2005,-1.9880198423117366,9.625766704629822,3.5604592269516395,"Goonies, The (1985)",Action|Adventure|Children|Comedy|Fantasy,89218,9340.0
3448,1.8880899124300035,5.927031163785478,4.085546050504022,"Good Morning, Vietnam (1987)",Comedy|Drama|War,93105,801.0
5060,-0.07366253121307198,6.930014466830871,3.756360799568339,M*A*S*H (a.k.a. MASH) (1970),Comedy|Drama|War,66026,651.0
3160,2.541460627948143,8.890662269450289,4.052847581858024,Magnolia (1999),Drama,175880,334.0
466,-0.08948324403810332,8.474052703678401,3.756430616078707,Hot Shots! Part Deux (1993),Action|Comedy|War,107144,9255.0
5991,2.3915322973772266,8.176936223703482,4.059463196999691,Chicago (2002),Comedy|Crime|Drama|Musical,299658,1574.0
72998,-1.0386317965795273,16.842077676300306,3.705321427328498,Avatar (2009),Action|Adventure|Sci-Fi|IMAX,499549,19995.0
71057,0.48428786221956255,1.6939398720090233,4.052884655177896,9 (2009),Adventure|Animation|Sci-Fi,472033,12244.0
37733,-0.6175588617774762,5.629912922415095,3.6572978554664224,"History of Violence, A (2005)",Action|Crime|Drama|Thriller,399146,59.0
53464,-2.4156834349269944,3.184906331730098,3.008511647522949,Fantastic Four: Rise of the Silver Surfer (2007),Action|Adventure|Sci-Fi,486576,1979.0
1566,-1.1935808732377038,5.823554396472206,3.5620328388236815,Hercules (1997),Adventure|Animation|Children|Comedy|Musical,119282,11970.0
3113,-2.47749432531837,3.173062259938812,2.986200592743537,End of Days (1999),Action|Fantasy|Horror|Mystery|Thriller,146675,9946.0
46972,0.34891513042731637,2.4696219912735162,3.9082730995867374,Night at the Museum (2006),Action|Comedy|Fantasy|IMAX,477347,1593.0
130450,-0.1490483589277348,0.5716746580518313,3.506267943632339,Pan (2015),Adventure|Children|Fantasy,3332064,266647.0
139717,-1.578235004057313,0.5716746580518313,1.0062679436323392,10 Cent Pistol (2015),Crime|Thriller,2134170,346592.0
60753,-0.0039255852763852486,0.19457248761213886,3.746814852665645,Felon (2008),Crime|Drama,1117385,13012.0
65230,-0.682339948812599,2.861207380666808,3.528510566435766,Marley & Me (2008),Comedy|Drama,822832,14306.0
4509,0.5008286204732769,0.34923073376900454,5.201081200353045,"Great Outdoors, The (1988)",Comedy,95253,2617.0
2124,-0.15631155281903064,3.872740960883103,3.7266282958697596,"Addams Family, The (1991)",Children|Comedy|Fantasy,101272,2907.0
909,1.9651522904839713,5.03489759706443,4.157296598907746,"Apartment, The (1960)",Comedy|Drama|Romance,53604,284.0
2334,-1.6420979497279231,1.9237375648005148,2.91339259697466,"Siege, The (1998)",Action|Thriller,133952,9882.0
62155,0.42170178464393326,2.1402639406969923,3.9640228986080333,Nick and Norah's Infinite Playlist (2008),Comedy|Drama|Romance,981227,12182.0
6395,0.03483676481465899,0.3338523294738158,3.8713381173490924,"Crazies, The (a.k.a. Code Name: Trixie) (1973)",Action|Drama|Horror|Sci-Fi|Thriller,69895,29425.0
95377,0.28960391320658585,0.7548520770222206,4.150646800957427,One Man Band (2005),Animation|Comedy|Musical,479113,13933.0
3103,-0.3595548722005441,0.21835316125539117,2.1203236245954695,Stanley & Iris (1990),Drama|Romance,100680,36094.0
138210,0.1697614706822885,0.20620743613950301,4.590246105215624,13 Hours (2016),Drama,4172430,300671.0
3286,-0.25526655777872576,0.5365310899017339,3.2912181271076264,Snow Day (2000),Comedy,184907,15489.0
51939,-0.4363988201987375,0.49842644783279677,2.891437193917003,TMNT (Teenage Mutant Ninja Turtles) (2007),Action|Adventure|Animation|Children|Comedy|Fantasy,453556,1273.0
72731,-0.06666046169143647,0.9816481502391132,3.6990836164772865,"Lovely Bones, The (2009)",Crime|Drama|Fantasy|Horror|Thriller,380510,7980.0
1437,-0.006694739185168349,0.5946145621735813,3.7557313352744184,"Cement Garden, The (1993)",Drama,106535,14832.0
1312,-0.12538623003929278,0.06893676767508185,1.9481317304680916,Female Perversions (1996),Drama,116293,41801.0
42,0.14577456997760976,0.29446463135477174,4.262039796212631,Dead Presidents (1995),Action|Crime|Drama,112819,11443.0
7016,-0.21256674315003746,0.3052090780163887,3.0705275761569735,Over the Top (1987),Action|Drama,93692,1825.0
5569,0.034736891261978306,0.13152139420147063,4.031106190222017,"Last House on the Left, The (1972)",Crime|Horror|Thriller,68833,15516.0
2944,0.15728626655789457,4.804519999554985,3.7997274359867834,"Dirty Dozen, The (1967)",Action|Drama|War,61578,1654.0
892,-0.22344543006423756,1.6004360228802097,3.627374944650457,Twelfth Night (1996),Comedy|Drama|Romance,117991,44705.0
2,-0.791429976855346,14.178667045403435,3.7111719287657885,Jumanji (1995),Adventure|Children|Fantasy,113497,8844.0
79,-2.2460683163156627,3.626811202178929,3.147694664578767,"Juror, The (1996)",Drama|Thriller,116731,9623.0
201,-0.07978007972918677,0.16161900022557843,3.2733597180137286,Three Wishes (1995),Drama|Fantasy,114663,47939.0
765,-1.8618857981905512,3.2680168322574286,3.1972607293417257,Jack (1996),Comedy|Drama,116669,7095.0
778,8.424419594557387,17.943578402218424,4.236485249609789,Trainspotting (1996),Comedy|Crime|Drama,117951,627.0
67255,0.5944573280896328,4.034814605858857,3.9143222968582383,"Girl with the Dragon Tattoo, The (Män som hatar kvinnor) (2009)",Crime|Drama|Mystery|Thriller,1132620,15472.0
2266,0.19014062252356329,0.4938875039726538,4.15197800808862,"Butcher's Wife, The (1991)",Comedy|Romance,101523,20096.0
4901,0.628299259844284,5.582691563509345,3.8795344382379593,Spy Game (2001),Action|Crime|Drama|Thriller,266987,1535.0
64032,-0.10854385740516147,0.9094600941351837,3.647640516483533,Four Christmases (2008),Comedy,369436,12193.0
7064,0.09497535294923619,1.0599786903468233,3.8565914821296245,Beauty and the Beast (La belle et la bête) (1946),Drama|Fantasy,38348,648.0
3556,0.6043120886124298,5.503548858376163,3.8767943657172386,"Virgin Suicides, The (1999)",Drama|Romance,159097,1443.0
1262,3.836361055704747,6.320813544351293,4.373931316936462,"Great Escape, The (1963)",Action|Adventure|Drama|War,57115,5925.0
54001,-0.9964888341833424,8.450634757086837,3.649071476542606,Harry Potter and the Order of the Phoenix (2007),Adventure|Drama|Fantasy|IMAX,373889,675.0
6371,0.5601461256366584,0.17099698903363977,7.042756307975228,Pokémon Heroes (2003),Animation|Children,347791,33875.0
7007,0.13979749340209033,0.47620606705002844,4.060555415848009,"Last Boy Scout, The (1991)",Action|Comedy|Crime|Drama|Thriller,102266,9319.0
70521,-0.08731257365766756,0.11394494335438751,3.000720449992295,Lost in Austen (2008),Drama|Fantasy|Romance|Sci-Fi,1117666,19422.0
72701,-0.17652137971554788,0.3349380025371933,3.239963264235109,Planet 51 (2009),Adventure|Animation|Children|Comedy|Sci-Fi,762125,16866.0
84246,-0.34399038098414453,0.3349380025371933,2.739963264235109,It Happened on Fifth Avenue (1947),Comedy|Romance,39502,52844.0
111146,-0.34399038098414453,0.3349380025371933,2.739963264235109,Alpha and Omega 3: The Great Wolf Games (2014),Action|Adventure|Animation|Children|Comedy,3600760,258096.0
136503,-0.5114593822527412,0.3349380025371933,2.239963264235109,Tom and Jerry: Shiver Me Whiskers (2006),Animation|Children|Comedy,808508,60293.0
79333,-0.08782212530452445,0.7548520770222206,3.6506468009574267,Watch Out for the Automobile (Beregis avtomobilya) (1966),Comedy|Crime|Romance,60161,39768.0
84156,0.28960391320658585,0.7548520770222206,4.150646800957427,Happy People: A Year in the Taiga (2010),Documentary,1683876,89704.0
104925,0.004727356777485561,0.002847433546159135,5.42720700952839,"Family, The (2013)",Action|Comedy|Crime,2404311,112205.0
95088,-0.49906555744864606,1.6102250029630767,3.457054998659994,Safety Not Guaranteed (2012),Comedy|Drama,1862079,84332.0
98607,0.41584682375448906,0.6494787702890066,4.4072680690399135,Redline (2009),Action|Animation|Sci-Fi,1483797,71883.0
6246,0.14559963647939098,0.29072111323306965,4.267812659683189,Talent for the Game (1991),Drama,103036,41164.0
2162,-0.7739884475766998,1.8521617093935476,3.3491064511787956,"NeverEnding Story II: The Next Chapter, The (1990)",Adventure|Children|Fantasy,100240,34636.0
4920,0.560454075466856,0.49842644783279677,4.891437193917003,"Now, Voyager (1942)",Drama|Romance,35140,32847.0
50005,-0.12108571661225562,0.4832217024063165,3.516410244858424,Curse of the Golden Flower (Man cheng jin dai huang jin jia) (2006),Action|Drama,473444,1494.0
5820,-0.25145982208525797,0.967642859669854,3.5071218702095046,Standing in the Shadows of Motown (2002),Documentary|Musical,314725,30192.0
6196,0.034736891261978306,0.13152139420147063,4.031106190222017,Cradle 2 the Grave (2003),Action|Crime|Drama|Thriller,306685,10623.0
6868,0.10049758836271362,0.13152139420147063,4.531106190222017,Wonderland (2003),Crime|Drama|Mystery|Thriller,335563,4997.0
8906,0.034736891261978306,0.13152139420147063,4.031106190222017,Cannibal Holocaust (1980),Horror,78935,8689.0
132153,-0.5114593822527412,0.3349380025371933,2.239963264235109,Buzzard (2015),Comedy|Drama|Horror,2656588,253303.0
5746,-2.5641025584182375,0.9999999977831125,1.2028877271595717,Galaxy of Terror (Quest) (1981),Action|Horror|Mystery|Sci-Fi,82431,28893.0
276,-0.527033536336288,1.7772045957796527,3.470438314304705,Milk Money (1994),Comedy|Romance,110516,8986.0
6502,2.980406992181029,12.797098071800288,3.999887388358599,28 Days Later (2002),Action|Horror|Sci-Fi,289043,170.0
2302,-2.240958920394263,11.044135086970506,3.5640808825355017,My Cousin Vinny (1992),Comedy,104952,10377.0
2605,-2.282319904213604,8.310654072280478,3.4923645055702375,Entrapment (1999),Crime|Thriller,137494,1844.0
3536,0.14487802746469683,2.945018352828395,3.8161845610790137,Keeping the Faith (2000),Comedy|Drama|Romance,171433,4967.0
3988,-3.7730391042246327,6.5123197516856095,3.187620842572513,How the Grinch Stole Christmas (a.k.a. The Grinch) (2000),Children|Comedy|Fantasy,170016,8871.0
135887,-1.5800893821130497,4.187084845546273,3.389618100251065,Minions (2015),Adventure|Animation|Children|Comedy,2293640,211672.0
3107,-1.8026884132088103,3.27725078397565,3.2169291174199683,Backdraft (1991),Action|Drama,101393,2924.0
48879,-0.10121182908245467,0.19457248761213886,3.246814852665645,Catch a Fire (2006),Drama|Thriller,437232,1123.0
3968,0.8719307883273137,4.599150005030784,3.9565754944787197,Bedazzled (2000),Comedy,230030,1636.0
3274,0.8722330698905931,1.2261402625143951,4.478355129818159,Single White Female (1992),Drama|Thriller,105414,9605.0
117881,0.7636980834263809,1.76561874166467,4.199528792018164,Still Alice (2014),Drama,3316960,284293.0
8253,0.6463662320377788,0.8985360176309931,4.486345129971813,Lupin III: The Castle Of Cagliostro (Rupan sansei: Kariosutoro no shiro) (1979),Action|Adventure|Animation|Comedy|Crime|Mystery,79833,15371.0
3917,-0.7469588785744755,1.0748874921971194,3.072072093779293,Hellraiser (1987),Horror,93177,9003.0
59731,-0.03034010198047381,0.11394494335438751,3.500720449992295,"Bigger, Stronger, Faster* (2008)",Documentary,1151309,13636.0
126577,-0.17652137971554788,0.3349380025371933,3.239963264235109,"Daddy, I'm A Zombie (2012)",Animation|Comedy|Fantasy,2243469,89247.0
132800,-0.34399038098414453,0.3349380025371933,2.739963264235109,Welcome to Me (2014),Comedy|Drama,2788716,284537.0
144222,0.15841662282164543,0.3349380025371933,4.239963264235109,Bros Before Hos (2013),Comedy,2947832,230211.0
2419,0.03483676481465899,0.3338523294738158,3.8713381173490924,Extremities (1986),Drama|Thriller,91024,44326.0
106766,-0.12056071425485042,0.29610025585718946,3.359828487548608,Inside Llewyn Davis (2013),Drama,2042568,86829.0
33124,-0.4652481638156347,0.7548520770222206,3.1506468009574267,Before the Fall (NaPolA - Elite für den Führer) (2004),Drama|War,384369,9393.0
110773,-0.008086094180230548,0.002847433546159135,0.9272070095283897,"Haunted House 2, A (2014)",Comedy|Horror,2828996,184345.0
2166,-0.17789281674692936,1.1527058855599348,3.612664006495648,Return to Paradise (1998),Crime|Drama|Romance|Thriller,124595,10278.0
130490,-0.4911818761633258,0.9880832579726224,3.2698845340295453,Insurgent (2015),Action|Sci-Fi|Thriller,2908446,262500.0
39307,-0.2904820333702135,0.29072111323306965,2.7678126596831887,Dreamer: Inspired by a True Story (2005),Children|Drama,418647,12920.0
3130,-0.36190644785778914,0.554611155832087,3.1144494181619216,Bonfire of the Vanities (1990),Comedy|Crime|Drama,99165,9586.0
6330,-0.006694739185168349,0.5946145621735813,3.7557313352744184,People I Know (2002),Crime|Drama,274711,11458.0
25841,0.19692590134894908,0.5277933064494101,4.140102073739477,Stage Door (1937),Drama,29604,43864.0
118198,-0.15096481421611319,0.1887060177701415,2.966990291262136,The Green Prince (2014),Documentary|Drama|Thriller,2304915,250798.0
93766,-0.21256674315003746,0.3052090780163887,3.0705275761569735,Wrath of the Titans (2012),Action|Adventure|Fantasy|IMAX,1646987,57165.0
2974,-0.09678450293949233,0.13152139420147063,3.031106190222017,Bats (1999),Horror|Thriller,200469,10496.0
4771,-0.09678450293949233,0.13152139420147063,3.031106190222017,Hardball (2001),Drama,180734,20857.0
2624,0.19278482572024758,0.21112033903603206,4.680141656026404,After Life (Wandafuru raifu) (1998),Drama|Fantasy,165078,17962.0
1984,-0.2832693698779182,0.43851677948819323,3.1210187272810934,Halloween III: Season of the Witch (1982),Horror,85636,10676.0
43460,-0.06401098013382155,0.43851677948819323,3.6210187272810934,Tristram Shandy: A Cock and Bull Story (2005),Comedy|Drama,423409,8435.0
1092,-1.0345510319197253,7.042663671552258,3.620092600250902,Basic Instinct (1992),Crime|Mystery|Thriller,103772,402.0
2115,2.2862626297302,22.15212517757513,3.8701976635301754,Indiana Jones and the Temple of Doom (1984),Action|Adventure|Fantasy,87469,87.0
999,-0.6694389020087619,1.6351362152586164,3.3575816464276858,2 Days in the Valley (1996),Crime|Film-Noir,115438,9401.0
4886,6.300284755906076,27.051662300702983,3.9998885392837504,"Monsters, Inc. (2001)",Adventure|Animation|Children|Comedy|Fantasy,198781,585.0
105211,0.6857083989196673,0.8807263839335178,4.5455617198335645,Enough Said (2013),Comedy|Drama|Romance,2390361,209263.0
71899,0.5037221927952011,1.5460630047853026,4.092799906546961,Mary and Max (2009),Animation|Comedy|Drama,978762,24238.0
2548,-0.3722186315316602,0.4767214465164053,2.9862017736663558,"Rage: Carrie 2, The (1999)",Horror,144814,7341.0
3984,1.4565221817009908,3.130670725757052,4.2322331447240815,Diamonds Are Forever (1971),Action|Adventure|Thriller,66995,681.0
101525,0.23996087654149634,1.0941013355229054,3.9863126417159096,"Place Beyond the Pines, The (2012)",Crime|Drama,1817273,97367.0
46862,0.6463662320377788,0.8985360176309931,4.486345129971813,Orchestra Rehearsal (Prova d'orchestra) (1978),Drama,79759,47850.0
175303,-0.912860133329537,1.4578753963928224,3.1408324347071797,It (2017),Horror,1396484,346364.0
365,1.077077703391587,1.7350200356327612,4.387777187823119,Little Buddha (1993),Drama,107426,1689.0
54004,0.03622951921719987,1.0367445515247224,3.8019357550834,I Now Pronounce You Chuck and Larry (2007),Comedy|Romance,762107,3563.0
72226,1.2480455214759032,2.8184151179529238,4.209808495552207,Fantastic Mr. Fox (2009),Adventure|Animation|Children|Comedy|Crime,432283,10315.0
116817,-0.34399038098414453,0.3349380025371933,2.739963264235109,Rudderless (2014),Comedy|Drama,1798243,244403.0
6049,3.359366564281538e-05,0.002553118588853982,3.780148185998978,Ethan Frome (1993),Drama,106833,61807.0
78174,-0.005238660634071413,0.002847433546159135,1.9272070095283897,Sex and the City 2 (2010),Comedy|Drama|Romance,1261945,37786.0
134861,-0.0023912270879122774,0.002847433546159135,2.9272070095283897,Trevor Noah: African American (2013),(no genres listed),3043546,250556.0
77866,-0.6858445231093204,0.6555371546576814,2.7207574145498077,Robin Hood (2010),Action|Adventure|Drama|Romance|War,955308,20662.0
3737,0.14559963647939098,0.29072111323306965,4.267812659683189,Lonely Are the Brave (1962),Drama|Western,56195,43002.0
7045,-0.22047782009627764,0.2943351543717058,3.0179196592918762,"Witches, The (1990)",Children|Fantasy,100944,10166.0
8582,0.4209171841034507,0.5807306604208037,4.491796492812524,Manufacturing Consent: Noam Chomsky and the Media (1992),Documentary|War,104810,36947.0
7056,0.19692590134894908,0.5277933064494101,4.140102073739477,"Public Enemy, The (1931)",Action|Crime|Drama,22286,17687.0
8535,-0.019023921547160552,0.06714325251939021,3.483656957928803,De-Lovely (2004),Drama|Musical,352277,15237.0
2593,0.2636306546749994,0.9716672700878548,4.038308120719501,"Monster, The (Mostro, Il) (1994)",Comedy,110570,22826.0
51498,0.034736891261978306,0.13152139420147063,4.031106190222017,2001 Maniacs (2005),Comedy|Horror,264323,10845.0
102007,1.2580645121752918,0.9999999968572834,5.025054807391168,"Invincible Iron Man, The (2007)",Animation,903135,13647.0
2000,2.514131311023225,12.619500633341644,3.966216186491358,Lethal Weapon (1987),Action|Comedy|Crime|Drama,93409,941.0
357,4.187885812013055,12.390438249141045,4.104983647736301,Four Weddings and a Funeral (1994),Comedy|Romance,109831,712.0
1004,-0.4371337432368375,1.219388818821817,3.408504354299716,"Glimmer Man, The (1996)",Action|Thriller,116421,9625.0
45730,-2.479820754586668,1.5418973379158871,2.1586985499075984,Lady in the Water (2006),Drama|Fantasy|Mystery,452637,9697.0
49824,-0.5081283549309872,1.554854715057652,3.4401891116984578,Dreamgirls (2006),Drama|Musical,443489,1125.0
529,0.9243968029963661,4.771091193782859,3.9607398477998386,Searching for Bobby Fischer (1993),Drama,108065,14291.0
6016,7.1374216692039925,16.800537422029738,4.19182322903739,City of God (Cidade de Deus) (2002),Action|Adventure|Crime|Drama|Thriller,317248,598.0
2144,-2.399771117107846,7.799419960882108,3.459304446783461,Sixteen Candles (1984),Comedy|Romance,88128,15144.0
4783,0.021893049488309047,0.24082354437139974,3.857899382171227,"Endurance: Shackleton's Legendary Antarctic Expedition, The (2000)",Documentary,264578,32567.0
117529,-1.170282454779888,3.49411310813748,3.4320605341073365,Jurassic World (2015),Action|Adventure|Drama|Sci-Fi|Thriller,369610,135397.0
5617,0.6667169508307016,4.2585072801944035,3.9235514773687066,Secretary (2002),Comedy|Drama|Romance,274812,11013.0
3950,0.5839942377120277,0.7891870497857202,4.506984995775589,Tigerland (2000),Drama,170691,10687.0
175661,-1.1366385812666744,0.9227078638115428,2.535139316706201,The Hitman's Bodyguard (2017),Action|Comedy,1959563,390043.0
5878,-0.5492808119423385,1.3363581376604963,3.355962142098514,Talk to Her (Hable con Ella) (2002),Drama|Romance,287467,64.0
5644,-0.009260603239608754,0.4564154453807231,3.7467004361896725,"Pride of the Yankees, The (1942)",Drama,35211,19140.0
8781,-0.020730917240770363,1.6925298267425113,3.754741811552523,"Manchurian Candidate, The (2004)",Thriller,368008,14462.0
68952,0.06794945219521338,0.7286880399621747,3.8602393202962073,Drag Me to Hell (2009),Comedy|Horror,1127180,16871.0
69904,0.0836048413739137,0.11394494335438751,4.500720449992295,Open Water 2: Adrift (2006),Drama|Thriller,470055,9592.0
6952,-0.6040465193321429,1.6086957675887679,3.391501941319168,Gothika (2003),Horror|Thriller,348836,4970.0
1187,-0.14778315095823963,0.7348685598442128,3.5658888167486955,Passion Fish (1992),Drama,105107,41768.0
905,1.848925395189964,4.484205276605915,4.179309817496986,It Happened One Night (1934),Comedy|Romance,25316,3078.0
26645,-0.17652137971554788,0.3349380025371933,3.239963264235109,Life Is a Long Quiet River (La vie est un long fleuve tranquille) (1988),Comedy,96386,4271.0
49013,-0.009052378446951226,0.3349380025371933,3.739963264235109,"Santa Clause 3: The Escape Clause, The (2006)",Comedy|Fantasy,452681,13767.0
78142,-0.34399038098414453,0.3349380025371933,2.739963264235109,Baarìa (2009),Comedy|Drama|War,1081935,25846.0
6777,-0.4652481638156347,0.7548520770222206,3.1506468009574267,Judgment at Nuremberg (1961),Drama,55031,821.0
110586,-0.08782212530452445,0.7548520770222206,3.6506468009574267,Calvary (2014),Comedy|Drama,2234003,157832.0
4836,0.0002390798628561496,0.29072111323306965,3.7678126596831887,"Competition, The (1980)",Drama|Romance,80556,42158.0
5643,0.03285286029750989,1.0998968830277849,3.796859327900437,Powaqqatsi (1988),Documentary,95895,24348.0
6688,-0.006694739185168349,0.5946145621735813,3.7557313352744184,Autumn Spring (Babí léto) (2001),Comedy|Drama,286476,15920.0
55854,0.05779826147504624,0.21145705417699837,4.0403236245954695,"Fugitive, The (1947)",Drama,39402,37368.0
32213,-0.17782985188805916,0.4367304722178593,3.359805853260864,Cube Zero (2004),Horror|Mystery|Sci-Fi|Thriller,377713,438.0
86835,-0.059962204141843105,0.3052090780163887,3.5705275761569735,Priest (2011),Action|Horror|Sci-Fi|Thriller,822847,38321.0
294,-0.0002692309142212926,0.002557693685102283,3.6617271333673993,"Perez Family, The (1995)",Comedy|Romance,114113,63020.0
1964,-1.6761935964095238,0.9963316697548753,2.084625224193744,Klute (1971),Drama|Mystery,67309,466.0
3617,-5.494194515162546,6.97723938234286,2.97954496882321,Road Trip (2000),Comedy,215129,9285.0
26409,-2.064102559526681,0.9999999977831125,1.7028877271595717,"Clonus Horror, The (1979)",Horror|Sci-Fi,78062,98851.0
1449,0.6178047801920944,4.358008412255415,3.908753390767573,Waiting for Guffman (1996),Comedy,118111,16448.0
1885,-1.7212585441926416,1.3101523520303058,2.4532052634939863,"Opposite of Sex, The (1998)",Comedy|Drama|Romance,120777,9844.0
8972,0.10350738935787591,5.742379666350638,3.7850154646870857,National Treasure (2004),Action|Adventure|Drama|Mystery|Thriller,368891,2059.0
118,0.13552662082350211,0.34520005231493467,4.15959342070737,If Lucy Fell (1996),Comedy|Romance,116606,10324.0
1373,-2.0895213823259864,4.330743248229492,3.284504661761881,Star Trek V: The Final Frontier (1989),Action|Sci-Fi,98382,172.0
2642,-3.5990940432640413,4.22050096105977,2.914225636906908,Superman III (1983),Action|Adventure|Sci-Fi,86393,9531.0
4903,-0.9164433199330974,1.4741658451706179,3.1453212145192615,In the Bedroom (2001),Drama,247425,1999.0
7025,0.5137068600091541,0.6417860796787633,4.567423451586029,"Midnight Clear, A (1992)",Drama|War,102443,23908.0
27408,-0.10121182908245467,0.19457248761213886,3.246814852665645,Ripley's Game (2002),Drama|Thriller,265651,10955.0
3186,-0.20827634309126758,2.7473396985677656,3.691180101790537,"Girl, Interrupted (1999)",Drama,172493,3558.0
4679,-0.8142511871660189,0.9791785758032718,2.9354247246870653,Uncle Buck (1989),Comedy,98554,2616.0
1390,0.12487302275536938,0.7974449213102475,3.92358169891722,My Fellow Americans (1996),Comedy,117119,17795.0
2925,-1.4985858172785662,2.6250553647410686,3.1961124966803123,"Conformist, The (Conformista, Il) (1970)",Drama,65571,8416.0
175485,-2.0492418208552006,0.8985360176309931,1.4863451299718133,Death Note (2017),Horror|Thriller,1241317,351460.0
45728,0.8011018779326271,1.3146429873948111,4.3763586791924185,Clerks II (2006),Comedy,424345,2295.0
102217,0.6680490178417626,0.48798189712969725,5.135993981299036,Bill Hicks: Revelations (1993),Comedy,152183,25117.0
4128,0.14233545922618107,2.6852276651639646,3.819997140950425,"Lost Boys, The (1987)",Comedy|Horror|Thriller,93437,1547.0
47999,0.223807361075945,1.1778799994123297,3.956998917936846,Jesus Camp (2006),Documentary|Drama,486358,1776.0
86293,-0.07153322364068312,0.4220014549169353,3.59748086704756,Arthur (2011),Comedy,1334512,49012.0
2010,1.386680696348441,4.226781249713215,4.09506042653174,Metropolis (1927),Drama|Sci-Fi,17136,19.0
722,0.1550055553714866,0.4990838211411603,4.077570496040293,"Haunted World of Edward D. Wood Jr., The (1996)",Documentary,113270,73183.0
128594,-0.17652137971554788,0.3349380025371933,3.239963264235109,Boy Meets Girl (2015),Comedy|Drama|Romance,3007302,263105.0
1981,-1.4186210671655315,0.8915494099899002,2.1758041480492745,Friday the 13th Part VIII: Jason Takes Manhattan (1989),Horror,97388,10283.0
9010,1.0301901221055783,1.4043308473112273,4.500571073937394,Love Me If You Dare (Jeux d'enfants) (2003),Drama|Romance,364517,8424.0
5873,0.36470895603990666,1.179670829778357,4.076151920789273,The Emperor's Club (2002),Drama,283530,17187.0
3224,0.3710808214496813,0.2837467184187765,5.074779235985754,Woman in the Dunes (Suna no onna) (1964),Drama,58625,16672.0
6412,0.31124085155045766,0.49842644783279677,4.391437193917003,Destry Rides Again (1939),Comedy|Western,31225,43828.0
6645,0.743167232598688,1.0331313416617744,4.48632499986106,THX 1138 (1971),Action|Adventure|Drama|Sci-Fi,66434,636.0
5493,0.006494670727831535,0.08154419913832892,3.8466363089612514,In Like Flint (1967),Action|Adventure|Comedy,61810,24130.0
46572,0.13055185389304885,0.5807306604208037,3.9917964928125236,Edmond (2005),Drama|Thriller,443496,18191.0
3329,0.012487305310870908,0.06893676767508185,3.9481317304680914,The Year My Voice Broke (1987),Drama|Romance,94347,19958.0
56915,0.021710594049893332,0.27236927080775303,3.846700436189672,"Water Horse: Legend of the Deep, The (2007)",Adventure|Children|Fantasy,760329,54318.0
6013,-0.3626965678154139,0.4832217024063165,3.016410244858424,Kangaroo Jack (2003),Action|Comedy,257568,10628.0
2348,-1.7029241115900389,0.967642859669854,2.0071218702095046,Sid and Nancy (1986),Drama,91954,14924.0
1503,0.034736891261978306,0.13152139420147063,4.031106190222017,8 Heads in a Duffel Bag (1997),Comedy,118541,13982.0
80846,0.034736891261978306,0.13152139420147063,4.031106190222017,Devil (2010),Horror|Mystery|Thriller,1314655,44040.0
1571,0.19278482572024758,0.21112033903603206,4.680141656026404,When the Cat's Away (Chacun cherche son chat) (1996),Comedy|Romance,115856,11956.0
4953,-0.2832693698779182,0.43851677948819323,3.1210187272810934,"People That Time Forgot, The (1977)",Adventure|Sci-Fi,76535,27591.0
2137,-1.4128077258995235,3.793787612341223,3.3945899699305864,Charlotte's Web (1973),Animation|Children,70016,15171.0
95543,-2.1850474302339724,2.422256915664252,2.8649194101331745,Ice Age 4: Continental Drift (2012),Adventure|Animation|Comedy,1667889,57800.0
1193,11.615479234939317,30.408428490264075,4.148972518283775,One Flew Over the Cuckoo's Nest (1975),Drama,73486,510.0
3174,1.6462759779099632,4.155865478318149,4.163123415998454,Man on the Moon (1999),Comedy|Drama,125664,1850.0
52604,0.3630542213795065,1.8121813050593159,3.967331294872491,Fracture (2007),Crime|Drama|Mystery|Thriller,488120,6145.0
68319,-1.8920701516800096,3.02024219478281,3.140527236428856,X-Men Origins: Wolverine (2009),Action|Sci-Fi|Thriller,458525,2080.0
3483,-1.030436890261031,2.7354457597928135,3.3902923119393518,"Road to El Dorado, The (2000)",Animation|Children,138749,10501.0
1011,-0.46888024654858546,2.9607592885574716,3.608625425749198,Herbie Rides Again (1974),Children|Comedy|Fantasy|Romance,71607,10869.0
2661,0.13265365305255897,0.17099698903363977,4.542756307975228,It Came from Outer Space (1953),Sci-Fi,45920,19483.0
1428,0.4088677727631425,0.3017162185217673,5.122130478178024,Angel Baby (1995),Drama,112362,2892.0
4388,-4.340878477719009,5.077316329271738,2.912034996731247,Scary Movie 2 (2001),Comedy,257106,4248.0
42725,0.461363309205249,0.46930683028482306,4.750064219517659,Grandma's Boy (2006),Comedy,456554,9900.0
131826,-0.0071724552156248005,0.33778543608335243,3.7457565302723492,Iliza Shlesinger: Freezing Hot (2015),Comedy,4073952,320996.0
1366,0.005471976703731519,0.07387168550037518,3.8410643653362104,"Crucible, The (1996)",Drama,115988,20539.0
108689,-0.03644596545721451,0.20620743613950301,3.5902461052156243,"I, Frankenstein (2014)",Action|Fantasy|Sci-Fi|IMAX,1418377,100241.0
112623,0.37201267171100033,1.6077988488744044,3.9983703995209776,Dawn of the Planet of the Apes (2014),Sci-Fi,2103281,119450.0
3503,0.6616933633513036,0.8783612805923579,4.520317399334414,Solaris (Solyaris) (1972),Drama|Mystery|Sci-Fi,69293,593.0
4146,-0.8634483175352585,1.0578501602023467,2.9507609706841658,"Million Dollar Hotel, The (2001)",Drama|Mystery|Romance,120753,318.0
4911,-0.006694739185168349,0.5946145621735813,3.7557313352744184,Jabberwocky (1977),Adventure|Comedy|Fantasy,76221,11834.0
85056,-0.16207499246795595,0.6438135657000046,3.515248170401829,I Am Number Four (2011),Action|Sci-Fi|Thriller|IMAX,1464540,46529.0
6715,0.034736891261978306,0.13152139420147063,4.031106190222017,Children of the Night (1991),Horror,103957,61054.0
2073,0.2981554306636406,0.48198477644934246,4.385589560849185,Fandango (1985),Comedy,89126,20348.0
2406,0.3499331293417722,7.751387409422286,3.812134871304208,Romancing the Stone (1984),Action|Adventure|Comedy|Romance,88011,9326.0
5459,-7.433234302932065,13.382880925908202,3.2115617296478796,Men in Black II (a.k.a. MIIB) (a.k.a. MIB 2) (2002),Action|Comedy|Sci-Fi,120912,608.0
2883,0.13552662082350211,0.34520005231493467,4.15959342070737,Mumford (1999),Comedy|Drama,140397,24071.0
3225,0.13552662082350211,0.34520005231493467,4.15959342070737,Down to You (2000),Comedy|Romance,186975,10472.0
6297,0.98789663416326,2.9422463875471037,4.102753005881985,Holes (2003),Adventure|Children|Comedy|Mystery,311289,8326.0
34536,-0.24633330583613333,0.4852936008452085,3.259393847774918,The Great Raid (2005),Action|Drama|War,326905,13922.0
55116,-0.0039255852763852486,0.19457248761213886,3.746814852665645,"Hunting Party, The (2007)",Action|Adventure|Comedy|Drama|Thriller,455782,5353.0
65682,-0.004065895542516858,1.1357373059392608,3.7634103300147115,Underworld: Rise of the Lycans (2009),Action|Fantasy|Horror|Thriller,834001,12437.0
47423,0.7416968148283716,1.3224752674730502,4.327830129307339,Half Nelson (2006),Drama,468489,7859.0
72395,0.2215085176553936,0.49617907954808144,4.213418862690707,Precious (2009),Drama,929632,25793.0
7162,-0.5383013336677261,2.671093309546647,3.5654618265904583,Cold Mountain (2003),Drama|Romance|War,159365,2289.0
73023,0.28090074956998384,0.6123713911871843,4.2257000768799955,Crazy Heart (2009),Drama|Romance,1263670,25196.0
2792,0.5645508960149561,2.512337716688648,3.99170167949025,Airplane II: The Sequel (1982),Comedy,83530,2665.0
3315,-0.34399038098414453,0.3349380025371933,2.739963264235109,Happy Go Lovely (1951),Musical,43618,127602.0
3768,-0.6328678941329726,0.3338523294738158,1.8713381173490926,Braddock: Missing in Action III (1988),Action|War,94792,27352.0
99145,0.3004622181899387,0.7873619721819596,4.14859650137321,"Impossible, The (Imposible, Lo) (2012)",Drama|Thriller,1649419,80278.0
141820,-0.08782212530452445,0.7548520770222206,3.6506468009574267,Old Men: Robbers (1971),Comedy,67789,46010.0
145994,0.6670299517176961,0.7548520770222206,4.650646800957427,Formula of Love (1984),Comedy,216755,27940.0
59143,0.0018799232313264256,0.002847433546159135,4.42720700952839,Super High Me (2007),Comedy|Documentary,1111833,14236.0
173145,-0.7290623102329273,0.4243972472575414,2.049113196290069,War for the Planet of the Apes (2017),Action|Adventure|Drama|Sci-Fi,3450958,281338.0
2818,-1.5988468006818053,0.9244569460394765,2.037491900307831,Iron Eagle IV (1995),Action|War,113438,28737.0
6250,-0.5728121091414415,0.9944275527339437,3.190968330118129,Dreamcatcher (2003),Drama|Horror|Sci-Fi|Thriller,285531,6171.0
31297,0.06202762763405927,0.49842644783279677,3.891437193917003,Gold Diggers of 1935 (1935),Comedy|Musical,26421,43892.0
4628,0.3584639706365964,0.8057349012096133,4.211880999233767,New York Stories (1989),Comedy|Drama,97965,9686.0
2557,0.4209171841034507,0.5807306604208037,4.491796492812524,I Stand Alone (Seul contre tous) (1998),Drama|Thriller,157016,1567.0
49263,-0.4501788065277548,0.5807306604208037,2.9917964928125236,Fuck (2005),Comedy|Documentary,486585,21710.0
8833,-0.005640196186871968,0.05387871620617172,3.6623070956698496,Vanity Fair (2004),Drama|Romance,241025,11632.0
5584,-0.0021815860538745902,0.09217201077620096,3.7433216522088815,Ernest Goes to Jail (1990),Comedy,99512,18943.0
27434,-0.3626965678154139,0.4832217024063165,3.016410244858424,Darkness (2002),Horror|Mystery,273517,11056.0
3733,-0.09534499635610104,0.14661541892494787,3.1166835427958786,"Paper Chase, The (1973)",Drama,70509,14328.0
1805,4.078372911907416,5.58732938791618,4.496922720291251,Wild Things (1998),Crime|Drama|Mystery|Thriller,120890,617.0
3578,3.000081801761594,35.19123101344359,3.8522411255002313,Gladiator (2000),Action|Adventure|Drama,172495,98.0
8908,1.4864720725505691,1.8067264335891622,4.5897335936876225,Ladder 49 (2004),Action|Drama|Thriller,349710,11128.0
2011,3.3849985651493553,13.81928623637536,4.011937715264347,Back to the Future Part II (1989),Adventure|Comedy|Sci-Fi,96874,165.0
68358,4.017838838545555,12.065244393543018,4.099999611876958,Star Trek (2009),Action|Adventure|Sci-Fi|IMAX,796366,13475.0
7018,0.7769419619056849,1.20619134173689,4.411118577564461,Presumed Innocent (1990),Crime|Drama|Thriller,100404,11092.0
1702,-1.1117915906996474,1.7310454577588354,3.1247243208819757,Flubber (1997),Children|Comedy|Fantasy,119137,9574.0
2243,-2.3319581951651034,3.002601589659542,2.990344397515867,Broadcast News (1987),Comedy|Drama|Romance,92699,12626.0
3005,-4.5910517414201335,6.771158863234276,3.088959863361764,"Bone Collector, The (1999)",Thriller,145681,9481.0
3048,-0.2736844116252541,0.7837168318031279,3.417776901273334,Under the Rainbow (1981),Comedy,83254,47941.0
3515,0.46437422225175534,1.0710864298723983,4.200544679872099,Me Myself I (2000),Comedy|Romance,183503,49721.0
115877,0.42639288330476666,1.3265267350740517,4.088425865857595,"Simpsons: The Longest Daycare, The (2012)",Animation|Comedy,2175842,116440.0
132660,0.2969032304216048,0.8482949440617278,4.116990291262137,Man Up (2015),Comedy|Romance,3064298,332340.0
8981,0.008296361510465675,1.593242343308935,3.7721975100793532,Closer (2004),Drama|Romance,376541,2288.0
111659,-1.3770026472604258,0.7441297049426854,1.9165028854859,Maleficent (2014),Action|Adventure|Children|IMAX,1587310,102651.0
138208,-0.2521697855932143,0.8985360176309931,3.4863451299718133,The Walk (2015),Adventure|Drama|Thriller,3488710,285783.0
7983,-0.20934032501472058,0.17099698903363977,2.542756307975228,Broadway Danny Rose (1984),Comedy,87003,12762.0
48877,1.2269184211270128,2.2547547526475316,4.311137462783281,Saw III (2006),Crime|Horror|Thriller,489270,214.0
942,-0.20859956122009335,1.2553547226082402,3.600822468364487,Laura (1944),Crime|Film-Noir|Mystery,37008,1939.0
7015,-0.009260603239608754,0.4564154453807231,3.7467004361896725,Only the Lonely (1991),Comedy|Romance,102598,2611.0
4141,0.026632369696719945,0.11394494335438751,4.000720449992295,Head Over Heels (2001),Comedy|Romance,192111,24940.0
34332,-1.9513332162911048,0.9379056878246357,1.6864685057327216,Sky High (2005),Action|Adventure|Children|Comedy,405325,11459.0
5294,0.03483676481465899,0.3338523294738158,3.8713381173490924,Frailty (2001),Crime|Drama|Thriller,264616,12149.0
120625,0.28960391320658585,0.7548520770222206,4.150646800957427,The Fool (2014),Drama,3560686,285700.0
172587,0.6670299517176961,0.7548520770222206,4.650646800957427,Vacations in Prostokvashino (1980),Animation,1315584,77759.0
128975,-0.21353425346487018,0.3080565115625478,3.073824441977648,Hot Tub Time Machine 2 (2015),Comedy|Sci-Fi,2637294,243938.0
165947,0.0018799232313264256,0.002847433546159135,4.42720700952839,The True Memoirs of an International Assassin (2016),Action|Comedy,1542768,339396.0
3372,0.1580869417902619,0.3596578809081515,4.2065384012356635,"Bridge at Remagen, The (1969)",Action|War,64110,15873.0
5646,0.35766951462345237,0.6843170043719639,4.289656705129355,Valmont (1989),Drama|Romance,98575,37606.0
99,0.8017455204347376,0.6369006470743243,5.025813820673901,Heidi Fleiss: Hollywood Madam (1995),Documentary,113283,63076.0
48161,-0.12108571661225562,0.4832217024063165,3.516410244858424,Gridiron Gang (2006),Drama,421206,9766.0
134881,0.32358966953093377,0.29610025585718946,4.859828487548608,Love & Mercy (2014),Drama,903657,271714.0
1090,5.492395863934382,12.822792819816161,4.195320994340058,Platoon (1986),Drama|War,91763,792.0
1445,-0.05542544500825723,0.9928488070593513,3.7111656333543346,McHale's Navy (1997),Comedy|War,119640,14908.0
3033,-0.053255133724543796,8.909272839901586,3.7610127962766833,Spaceballs (1987),Comedy|Sci-Fi,94012,957.0
1371,-1.6986749989928045,6.120666694310725,3.4894592503100523,Star Trek: The Motion Picture (1979),Adventure|Sci-Fi,79945,152.0
302,-0.43564480941398964,0.6756515073078782,3.1222129101684284,"Queen Margot (Reine Margot, La) (1994)",Drama|Romance,110963,10452.0
313,-0.07978007972918677,0.16161900022557843,3.2733597180137286,"Swan Princess, The (1994)",Animation|Children,111333,22586.0
2446,-0.604655688744815,0.902897132831019,3.0973063740600435,In Dreams (1999),Horror|Thriller,120710,28902.0
3248,-2.814932371457349,2.5368635394732113,2.657379022205906,Sister Act 2: Back in the Habit (1993),Comedy,108147,6279.0
5364,-0.3890007560676043,0.5315446576044693,3.0351594836292883,Unfaithful (2002),Drama|Thriller,250797,2251.0
117572,-0.4348856879536504,0.5716746580518313,3.006267943632339,Hit by Lightning (2014),Comedy|Crime|Romance,2402619,294538.0
47610,0.6797124455390434,8.197756545065651,3.8499047376478575,"Illusionist, The (2006)",Drama|Fantasy|Mystery|Romance,443543,1491.0
55094,-0.023606267925957103,0.3233675302262158,3.693988936087598,In the Valley of Elah (2007),Drama|Mystery,478134,6973.0
88911,0.19709822322228226,0.8985360176309931,3.9863451299718133,My Afternoons with Margueritte (La tête en friche) (2010),Comedy,1455151,39413.0
90522,-1.3357831327005008,1.4998453515045713,2.876376381394356,Johnny English Reborn (2011),Adventure|Comedy|Thriller,1634122,58233.0
1202,0.23482532258485367,0.6078537201406149,4.153309095941873,Withnail & I (1987),Comedy,94336,13446.0
65188,-0.10954815407288303,0.24546633755585814,3.320704437308926,Dear Zachary: A Letter to a Son About His Father (2008),Documentary,1152758,15584.0
901,-0.01805749950190172,1.3491240752950564,3.7536056813270178,Funny Face (1957),Comedy|Musical,50419,13320.0
128089,-0.34399038098414453,0.3349380025371933,2.739963264235109,Kevin Hart: I'm a Grown Little Man (2009),Comedy,1420554,27866.0
177765,-0.6670011925631896,3.244134157315565,3.561388068845072,Coco (2017),Adventure|Animation|Children,2380307,354912.0
4850,0.3686890942884748,0.3338523294738158,4.871338117349092,Spriggan (Supurigan) (1998),Action|Animation|Sci-Fi,164917,16767.0
127184,-0.03644596545721451,0.20620743613950301,3.5902461052156243,Eden (2014),Drama,3090634,283330.0
149830,0.41584682375448906,0.6494787702890066,4.4072680690399135,Pride and Prejudice and Zombies (2016),Comedy|Horror|Romance|Thriller,1374989,58431.0
161634,-0.8831107168235242,0.6494787702890066,2.407268069039914,Don't Breathe (2016),Thriller,4160708,300669.0
1836,0.3710808214496813,0.2837467184187765,5.074779235985754,"Last Days of Disco, The (1998)",Comedy|Drama,120728,16980.0
2361,0.8999574934406204,1.9364805561143192,4.231729010480906,Pink Flamingos (1972),Comedy,69089,692.0
2696,0.29061254190162233,0.5946145621735813,4.255731335274419,"Dinner Game, The (Dîner de cons, Le) (1998)",Comedy,119038,9421.0
3895,-1.195923863532331,0.5946145621735813,1.7557313352744184,"Watcher, The (2000)",Crime|Thriller,204626,10685.0
4978,0.7807046487086605,0.8057349012096133,4.735925169888622,Lantana (2001),Drama|Mystery|Thriller,259393,9523.0
45210,0.16150381056057256,0.6686218128139589,4.008537616619154,United 93 (2006),Crime|Drama,475276,9829.0
3214,0.0677522998707463,0.22649714733853482,4.06612121042325,American Flyers (1985),Drama,88707,14040.0
56156,-0.4613696688739188,0.9081767633038311,3.25897281325982,Hitman (2007),Action|Crime|Thriller,465494,1620.0
60937,-1.137669436838173,0.7288877563030858,2.2061608946916333,"Mummy: Tomb of the Dragon Emperor, The (2008)",Action|Adventure|Fantasy|Thriller,859163,1735.0
30846,-0.3308674051004611,0.5277933064494101,3.1401020737394774,"Assassination of Richard Nixon, The (2004)",Crime|Drama|Thriller,364961,842.0
2566,-0.14869006137716198,0.29446463135477174,3.262039796212631,Doug's 1st Movie (1999),Animation|Children,187819,16508.0
2766,-0.25145982208525797,0.967642859669854,3.5071218702095046,"Adventures of Sebastian Cole, The (1998)",Comedy|Drama,168449,67323.0
3176,0.47358051241183374,6.588194056345284,3.838873497549254,"Talented Mr. Ripley, The (1999)",Drama|Mystery|Thriller,134119,1213.0
4029,0.8505379381113528,2.0626045181188895,4.1793514252748984,State and Main (2000),Comedy|Drama,120202,21991.0
66,-0.862695070818289,1.7547885125732003,3.275366904946914,Lawnmower Man 2: Beyond Cyberspace (1996),Action|Sci-Fi|Thriller,116839,11525.0
405,-0.4356627305396538,0.3680309376956493,2.583223694716022,Highlander III: The Sorcerer (a.k.a. Highlander: The Final Dimension) (1994),Action|Fantasy,110027,8011.0
700,0.1872095254397847,0.43248343763888886,4.199861261909801,Angus (1995),Comedy,112368,25969.0
6888,-2.7611931691833895,3.0661467471043173,2.86644853741716,Scary Movie 3 (2003),Comedy|Horror,306047,4256.0
915,1.1643245274183736,3.326989196084664,4.116953714283947,Sabrina (1954),Comedy|Romance,47437,6620.0
2465,-0.5548734838063673,0.34520005231493467,2.159593420707371,Deadly Friend (1986),Horror,90917,33278.0
1012,0.10890695395198269,1.7531269134778709,3.8291118371209762,Old Yeller (1957),Children|Drama,50798,22660.0
4085,-2.1051760068236205,9.878520790060156,3.55388389086443,Beverly Hills Cop (1984),Action|Comedy|Crime|Drama,86960,90.0
93510,0.01758892812854569,4.493367402666397,3.770904711462476,21 Jump Street (2012),Action|Comedy|Crime,1232829,64688.0
105213,-0.21223385835872577,1.5263625063572266,3.6279447778439398,Don Jon (2013),Comedy|Drama|Romance,2229499,138697.0
105844,0.3216970804940499,3.1060374683301584,3.8705618301679428,12 Years a Slave (2013),Drama,2024544,76203.0
108190,-0.03244473349072147,2.7580583534311987,3.7552266773957514,Divergent (2014),Adventure|Romance|Sci-Fi|IMAX,1840309,157350.0
187541,-0.8261644503064526,1.2124296437713562,3.085578009278825,Incredibles 2 (2018),Action|Adventure|Animation|Children,3606756,260513.0
93114,0.19709822322228226,0.8985360176309931,3.9863451299718133,Ro.Go.Pa.G. (1963),Comedy|Drama,56171,59045.0
82461,-1.3597772720157022,1.754277262544167,2.991869219440419,Tron: Legacy (2010),Action|Adventure|Sci-Fi|IMAX,1104001,20526.0
4079,0.2189471194507528,0.4564154453807231,4.2467004361896725,Amazon Women on the Moon (1987),Comedy|Sci-Fi,92546,5709.0
7137,-0.09376767189011967,0.7422914912124053,3.6406683907686164,"Cooler, The (2003)",Comedy|Drama|Romance,318374,10744.0
44937,-0.22408032214914422,0.8262961879249688,3.4958038505841698,"Child, The (L'enfant) (2005)",Crime|Drama,456396,11490.0
118862,-0.17652137971554788,0.3349380025371933,3.239963264235109,Closer to the Moon (2013),Comedy|Drama,2017486,137347.0
74727,0.28960391320658585,0.7548520770222206,4.150646800957427,Gentlemen of Fortune (Dzhentlmeny udachi) (1972),Comedy|Crime|Drama|Mystery,68519,20871.0
5256,-0.14512147675367867,0.29072111323306965,3.2678126596831887,Stolen Summer (2002),Drama,286162,39541.0
64231,-0.7681748507086379,1.1093111959897897,3.074511162334541,Punisher: War Zone (2008),Action|Crime|Drama|Thriller,450314,13056.0
4748,-0.03102380583875701,0.13152139420147063,3.531106190222017,3 Ninjas (1992),Action|Children|Comedy,103596,16314.0
2949,0.9590451958143573,5.86694554354113,3.930456133700398,Dr. No (1962),Action|Adventure|Thriller,55928,646.0
282,0.012328410737655213,5.244162785966872,3.7693411738035105,Nell (1994),Drama,110638,1945.0
802,1.3833469231066204,5.85302607436696,4.003337593585787,Phenomenon (1996),Drama|Romance,117333,9294.0
1101,0.31174090786548964,13.838211372342256,3.789517834705254,Top Gun (1986),Action|Romance,92099,744.0
27716,0.3525211531752071,0.45905478312309717,4.534918578114725,"Green Butchers, The (Grønne slagtere, De) (2003)",Comedy|Crime|Drama|Romance,342492,4972.0
36519,-0.31606046249354536,2.2281740272078676,3.625142994491694,Transporter 2 (2005),Action|Crime|Thriller,388482,9335.0
176101,-1.6833940528442488,1.7865305853587843,2.824720359451158,Kingsman: The Golden Circle (2017),Action|Adventure|Comedy,4649466,343668.0
1376,-0.5019819421345497,6.547016161312227,3.6903168984116843,Star Trek IV: The Voyage Home (1986),Adventure|Comedy|Sci-Fi,92007,168.0
2995,-1.5774914237029147,2.135291626846782,3.0282193412573255,House on Haunted Hill (1999),Horror|Thriller,185371,11377.0
4776,0.8667002575117984,10.717905635497075,3.8478549944035163,Training Day (2001),Crime|Drama|Thriller,139654,2034.0
31696,-3.1279063416781216,7.010834994680904,3.3208371092158813,Constantine (2005),Action|Fantasy|Horror|Thriller,360486,561.0
41569,-1.1529732686893113,5.500811011694795,3.5573896948704267,King Kong (2005),Action|Adventure|Drama|Fantasy|Thriller,360717,254.0
605,2.5435668223792756,1.4098711571433282,5.571103248316335,One Fine Day (1996),Drama|Romance,117247,7300.0
1976,-1.4995429186032034,0.906927814285089,2.113558899056727,Friday the 13th Part 3: 3D (1982),Horror,83972,9728.0
2504,-0.01587896930145077,0.12799411618745177,3.6429301408861963,200 Cigarettes (1999),Comedy|Drama,137338,15256.0
4974,-1.972342729745397,2.822707739202413,3.068248901088067,Not Another Teen Movie (2001),Comedy,277371,11397.0
5882,-0.37664394924391886,0.943485289546982,3.3677853927684183,Treasure Planet (2002),Adventure|Animation|Children|Sci-Fi|IMAX,133240,9016.0
97225,-1.272859380803295,1.5386830981845752,2.9397508276551814,Hotel Transylvania (2012),Animation|Children|Comedy,837562,76492.0
174141,0.6463662320377788,0.8985360176309931,4.486345129971813,Belladonna of Sadness (1973),Animation|Drama|Fantasy,71203,64847.0
92509,0.07344957396508647,0.3466159670262506,3.978895053166898,"Vow, The (2012)",Drama|Romance,1606389,72570.0
103688,-0.039784015861330096,0.15273403790441675,3.5065112493459685,"Conjuring, The (2013)",Horror|Thriller,1457767,138843.0
26265,-0.34399038098414453,0.3349380025371933,2.739963264235109,Dr. Phibes Rises Again (1972),Adventure|Comedy|Horror|Romance,68503,18250.0
96608,-0.5114593822527412,0.3349380025371933,2.239963264235109,Runaway Brain (1995) ,Animation|Comedy|Sci-Fi,114308,67166.0
99117,-0.11661473104143333,1.2924732843887476,3.6767642630339514,This Is 40 (2012),Drama,1758830,89492.0
132584,-0.009052378446951226,0.3349380025371933,3.739963264235109,The Even Stevens Movie (2003),Children|Comedy,327698,50794.0
2325,0.13046525723086935,1.5930790990048427,3.848885319143908,Orgazmo (1997),Comedy,124819,8675.0
6169,0.026792721029059382,0.05281164506088962,4.274316298588143,"Black Stallion Returns, The (1983)",Adventure|Children,85248,24883.0
131237,0.6670299517176961,0.7548520770222206,4.650646800957427,What Men Talk About (2010),Comedy,1595366,35428.0
4719,-1.55576455476436,1.7108860429603763,2.8576576322193437,Osmosis Jones (2001),Action|Animation|Comedy|Crime|Drama|Romance|Thriller,181739,12610.0
51562,0.021710594049893332,0.27236927080775303,3.846700436189672,Babylon 5: The Gathering (1993),Sci-Fi,106336,10942.0
275,-0.4864332090656914,0.6956369469081443,3.0677272471876202,Mixed Nuts (1994),Comedy,110538,24070.0
5456,0.13607643011042686,0.09217201077620096,5.2433216522088815,Wagons East (1994),Comedy|Western,111653,30114.0
7448,-0.03109529188992924,0.5753937131825175,3.7129485261584816,Envy (2004),Comedy,326856,10710.0
4711,0.23236160774966905,0.967642859669854,4.007121870209504,Theremin: An Electronic Odyssey (1993),Documentary,108323,70042.0
2997,10.377928804547794,18.810215379140914,4.3187079933388555,Being John Malkovich (1999),Comedy|Drama|Fantasy,120601,492.0
7991,-2.5641025584182375,0.9999999977831125,1.2028877271595717,Death Race 2000 (1975),Action|Sci-Fi,72856,13282.0
51540,0.23203487322953048,6.299826548506083,3.803822237577317,Zodiac (2007),Crime|Drama|Thriller,443706,1949.0
2248,-0.6843390419828375,6.712113955903174,3.665034477269888,Say Anything... (1989),Comedy|Drama|Romance,98258,2028.0
3159,0.5663575421479977,4.025523177465136,3.907681952241376,Fantasia 2000 (1999),Animation|Children|Musical|IMAX,120910,49948.0
4039,-0.3298599365060313,1.6373185909585444,3.5655267897007694,Annie (1982),Children|Musical,83564,15739.0
134393,-1.2468353713643978,2.418911772974975,3.2515372742093733,Trainwreck (2015),Comedy|Romance,3152624,271718.0
5009,-0.3520502892052742,0.7620431023162221,3.305008169601011,Ali (2001),Drama,248667,8489.0
52722,-3.660910450232086,5.431281927335794,3.0929486010661953,Spider-Man 3 (2007),Action|Adventure|Sci-Fi|Thriller|IMAX,413300,559.0
27706,-2.7332615441200905,3.881913505423636,3.062888682531983,Lemony Snicket's A Series of Unfortunate Events (2004),Adventure|Children|Comedy|Fantasy,339291,11774.0
535,0.5563309888145123,1.088683471605466,4.278002907256112,Short Cuts (1993),Drama,108122,695.0
98279,-0.5114593822527412,0.3349380025371933,2.239963264235109,"Fantastic Fear of Everything, A (2012)",Comedy,2006040,101519.0
131130,-0.5114593822527412,0.3349380025371933,2.239963264235109,Tom and Jerry: A Nutcracker Tale (2007),Animation|Comedy,1114698,24696.0
149144,0.09110743860998576,0.6494787702890066,3.907268069039914,Parasyte: Part 1 (2014),Horror|Sci-Fi,3345472,282069.0
32017,-1.0167485599232584,1.4038906576736536,3.042754002370462,"Pacifier, The (2005)",Action|Comedy,395699,10022.0
63853,-0.6856120441151359,0.49842644783279677,2.391437193917003,Australia (2008),Adventure|Drama|War|Western,455824,6972.0
5139,0.08743821017652068,0.20283009558563542,4.198081199759017,"Bad News Bears, The (1976)",Comedy,74174,23479.0
3194,0.06375772787971773,0.21555218660002973,4.062778187851764,"Way We Were, The (1973)",Drama|Romance,70903,10236.0
628,-1.7269216301226284,4.801990131660066,3.4073640565606444,Primal Fear (1996),Crime|Drama|Mystery|Thriller,117381,1592.0
7155,-0.9435802361255587,1.968765533043901,3.287715222551088,Calendar Girls (2003),Comedy,337909,8696.0
27689,-0.5655884130709873,0.45905478312309717,2.5349185781147257,"Crimson Rivers 2: Angels of the Apocalypse (Rivières pourpres II - Les anges de l'apocalypse, Les) (2004)",Action|Crime|Thriller,337103,60672.0
117176,-0.33406034523235817,4.700649924551301,3.695923449315967,The Theory of Everything (2014),Drama|Romance,2980516,266856.0
2423,2.2299834667906766,4.399961773660852,4.273809118675558,Christmas Vacation (National Lampoon's Christmas Vacation) (1989),Comedy,97958,5825.0
5419,0.09479414955903392,4.121466233570633,3.78999039466876,Scooby-Doo (2002),Adventure|Children|Comedy|Fantasy|Mystery,267913,9637.0
4701,-0.6340463648069276,4.968164056127266,3.6393684257915395,Rush Hour 2 (2001),Action|Comedy,266915,5175.0
7573,1.2307926565334306,0.9102791457354471,5.119094931140521,Never Say Never Again (1983),Action|Adventure|Thriller,86006,36670.0
64030,-0.11920608462035327,0.49978156562852755,3.528473921674876,Transporter 3 (2008),Action|Adventure|Crime|Thriller,1129442,13387.0
4207,-0.1976328470647321,0.34923073376900454,3.201081200353045,Navy Seals (1990),Action|Adventure|War,100232,12773.0
3554,0.014698278196113069,0.19861709808637085,3.840993377289107,Love and Basketball (2000),Drama|Romance,199725,14736.0
4677,0.14274894817266148,0.7007663124446466,3.9706943587060706,Turner & Hooch (1989),Comedy|Crime,98536,6951.0
55232,-0.2994802662651709,2.6146104691528804,3.6524492268097317,Resident Evil: Extinction (2007),Action|Horror|Sci-Fi|Thriller,432021,7737.0
114074,0.339399892344563,0.6518250450426393,4.287681993622792,The Skeleton Twins (2014),Drama,1571249,244772.0
7297,-0.03507130247878146,0.38774964759808295,3.676541975716188,Kitchen Stories (Salmer fra kjøkkenet) (2003),Comedy|Drama,323872,11083.0
48649,-0.34399038098414453,0.3349380025371933,2.739963264235109,Chapayev (1934),Drama|War,24966,46774.0
81087,-0.34399038098414453,0.3349380025371933,2.739963264235109,Luck by Chance (2009),Drama,886539,16344.0
131098,-0.5114593822527412,0.3349380025371933,2.239963264235109,Saving Santa (2013),Animation|Children|Comedy,2204315,238302.0
2456,-1.6350423610227474,1.3300661894780934,2.5376963102879078,"Fly II, The (1989)",Horror|Sci-Fi,97368,10344.0
26082,0.6234603890093281,1.3355827374430242,4.233798053544946,Harakiri (Seppuku) (1962),Drama,56058,14537.0
170777,0.6670299517176961,0.7548520770222206,4.650646800957427,There Once Was a Dog (1982),Animation|Children|Comedy,216434,72215.0
4265,-0.8973199107572811,0.9675545170298512,2.8395801092376365,Driven (2001),Action|Thriller,132245,10477.0
37727,-0.8956408110907875,1.4038906576736536,3.1290198010425287,Flightplan (2005),Action|Drama|Thriller,408790,9315.0
3134,-0.0694953699381673,0.4948670574548086,3.6265578884758307,Grand Illusion (La grande illusion) (1937),Drama|War,28950,777.0
7934,0.327846584184473,1.5946145549129893,3.9725864230510886,Zelig (1983),Comedy,86637,11030.0
2017,-0.07331024291042475,0.2943351543717058,3.5179196592918762,Babes in Toyland (1961),Children|Fantasy|Musical,54649,32611.0
1392,0.3700345404442284,0.5877759828244913,4.396540581265598,Citizen Ruth (1996),Comedy|Drama,115906,13891.0
2382,-0.34900600174878205,0.6376243029367025,3.219636622116579,Police Academy 5: Assignment: Miami Beach (1988),Comedy|Crime,95882,11825.0
58315,-0.3651712821582318,0.3052090780163887,2.5705275761569735,"Love Guru, The (2008)",Comedy,811138,12177.0
101076,-0.21256674315003746,0.3052090780163887,3.0705275761569735,G.I. Joe: Retaliation (2013),Action|Adventure|Sci-Fi|Thriller|IMAX,1583421,72559.0
2448,0.034736891261978306,0.13152139420147063,4.031106190222017,Virus (1999),Horror|Sci-Fi,120458,9423.0
1526,-0.06511362113812935,0.11987182301091769,3.2237965739846492,Fathers' Day (1997),Comedy,119109,12499.0
3809,-1.081769051283598,5.979263450094501,3.5860701728708815,What About Bob? (1991),Comedy,103241,10276.0
5919,-2.5641025584182375,0.9999999977831125,1.2028877271595717,Android (1982),Sci-Fi,83557,38849.0
215,1.7952076894176368,4.590807393068324,4.158034291959753,Before Sunrise (1995),Drama|Romance,112471,76.0
2186,0.6481862214291924,3.8360014747452924,3.9359647365788524,Strangers on a Train (1951),Crime|Drama|Film-Noir|Thriller,44079,845.0
174,-0.4875213682575621,0.8857994898686705,3.216615885052168,Jury Duty (1995),Comedy,113500,19326.0
996,-2.587074685269629,3.2237473924925544,2.964484892950099,Last Man Standing (1996),Action|Crime|Drama|Thriller,116830,9333.0
1584,1.867847422379692,15.14512203438605,3.89032025969282,Contact (1997),Drama|Sci-Fi,118884,686.0
1674,0.4273280417798544,5.816744701873789,3.840455444656645,Witness (1985),Drama|Romance|Thriller,90329,9281.0
3156,-0.47970400601518653,1.8987057453433498,3.5143423982478135,Bicentennial Man (1999),Drama|Romance|Sci-Fi,182789,2277.0
6373,-3.1817218398872247,11.932843580348429,3.5003546131470693,Bruce Almighty (2003),Comedy|Drama|Fantasy|Romance,315327,310.0
7843,0.3525211531752071,0.45905478312309717,4.534918578114725,Lammbock (2001),Comedy,258760,1583.0
69122,-1.278222920173233,12.716928321914674,3.6664767955643964,"Hangover, The (2009)",Comedy|Crime,1119646,18785.0
2287,0.1703633856381611,0.6790523817887505,4.017874302874601,Them! (1954),Horror|Sci-Fi|Thriller,47573,11071.0
88405,-1.4215903583077578,2.248473977143973,3.134743544020048,Friends with Benefits (2011),Comedy|Romance,1632708,50544.0
173307,-1.578235004057313,0.5716746580518313,1.0062679436323392,The Gracefield Incident (2015),Action|Horror|Sci-Fi,4464394,327253.0
54962,-0.10121182908245467,0.19457248761213886,3.246814852665645,"Nines, The (2007)",Drama|Mystery,810988,12994.0
3363,2.3435661818081797,7.030411675931815,4.100337225956051,American Graffiti (1973),Comedy|Drama,69704,838.0
85774,-0.15830260008850394,1.492155874044917,3.660900436413809,Senna (2010),Documentary,1424432,58496.0
8879,0.7121813356277614,1.4509977404735739,4.257812100119896,Murder on the Orient Express (1974),Crime|Mystery|Thriller,71877,4176.0
42718,-0.08731257365766756,0.11394494335438751,3.000720449992295,District 13 (Banlieue 13) (2004),Action|Crime|Sci-Fi,414852,10045.0
54121,0.026632369696719945,0.11394494335438751,4.000720449992295,Broken Arrow (1950),Drama|Romance|Western,42286,37292.0
58839,0.06942555965941781,1.0356834252488971,3.834023863458904,Leatherheads (2008),Comedy|Drama|Romance,379865,4942.0
58154,-0.32598756456117095,1.3247226357577655,3.5209104283822357,"Other Boleyn Girl, The (2008)",Drama|Romance,467200,12184.0
5296,-2.018069748543734,1.2263203540479184,2.121360140965472,"Sweetest Thing, The (2002)",Comedy|Romance,253867,11812.0
69140,0.027489413673744318,0.29610025585718946,3.859828487548608,Sweeney Todd (2006),Crime|Drama|Horror|Thriller,479760,37924.0
1178,-0.08163806093430274,1.113939871244781,3.69370261834396,Paths of Glory (1957),Drama|War,50825,975.0
55245,-0.3593929278110079,0.48606913595247564,3.0276038517039847,Good Luck Chuck (2007),Comedy|Romance,452625,10030.0
161966,0.09110743860998576,0.6494787702890066,3.907268069039914,Elle (2016),Thriller,3716530,337674.0
167790,-0.23363194653451755,0.6494787702890066,3.407268069039914,The Good Boy (2016),Children|Comedy|Drama,5358714,417427.0
5684,-0.304002020271959,0.5946145621735813,3.2557313352744184,Naqoyqatsi (2002),Documentary,145937,21925.0
2799,-0.3376715408134146,0.48705798634676434,3.0737021196705774,Problem Child 2 (1991),Comedy,102719,28597.0
3524,-0.14215254446929315,1.0761410824248958,3.6348955810137573,Arthur (1981),Comedy|Romance,82031,13665.0
36708,0.4189298714060227,1.1318701682815027,4.137112133100301,Family Guy Presents Stewie Griffin: The Untold Story (2005),Adventure|Animation|Comedy,385690,65215.0
2514,-0.006794078217165947,0.2236934049776716,3.7366180135553164,Pet Sematary II (1992),Comedy|Horror,105128,10906.0
37477,-0.3626965678154139,0.4832217024063165,3.016410244858424,"Man, The (2005)",Action|Comedy|Crime,399327,9074.0
2282,-0.02424993193156244,0.20996773195090257,3.6514966784758016,Pecker (1998),Comedy|Drama,126604,11855.0
3555,0.6963081660115659,6.484191131950228,3.874375800393811,U-571 (2000),Action|Thriller|War,141926,3536.0
122924,-0.1389140839407938,1.2153062788861062,3.6526865257388343,X-Men: Apocalypse (2016),Action|Adventure|Fantasy|Sci-Fi,3385516,246655.0
102445,0.34401684076959366,4.0589015025769655,3.851746435394035,Star Trek Into Darkness (2013),Action|Adventure|Sci-Fi|IMAX,1408101,54138.0
116823,0.35509933660948756,5.6900212105647885,3.8293976749024936,The Hunger Games: Mockingjay - Part 1 (2014),Adventure|Sci-Fi|Thriller,1951265,131631.0
1891,-0.20967343149143255,0.34520005231493467,3.159593420707371,"Ugly, The (1997)",Horror|Thriller,120401,40961.0
2900,-0.20967343149143255,0.34520005231493467,3.159593420707371,Monkey Shines (1988),Horror|Sci-Fi,95652,29787.0
3837,-0.01925822478098449,0.6790523817887505,3.738629850598848,Phantasm II (1988),Action|Fantasy|Horror|Sci-Fi|Thriller,95863,15158.0
139915,-0.4348856879536504,0.5716746580518313,3.006267943632339,How to Make Love Like an Englishman (2014),Comedy|Romance,1725986,253344.0
1429,-1.9662843827231395,5.217437502365875,3.390122454928396,First Strike (Police Story 4: First Strike) (Ging chaat goo si 4: Ji gaan daan yam mo) (1996),Action|Adventure|Comedy|Thriller,116704,9404.0
562,0.22341952877468524,1.3364208326732272,3.9341678174667987,Welcome to the Dollhouse (1995),Comedy|Drama,114906,11446.0
1999,-0.050518491333437165,0.2238086340945294,3.5412684752212953,"Exorcist III, The (1990)",Horror,99528,11587.0
6104,1.0085348923341935,2.1278115460052254,4.240967836044064,Monty Python Live at the Hollywood Bowl (1982),Comedy,84352,11949.0
2381,-0.09829323307764404,0.9221832953784441,3.6604027684017195,Police Academy 4: Citizens on Patrol (1987),Comedy|Crime,93756,10587.0
42761,-0.34399038098414453,0.3349380025371933,2.739963264235109,Casper Meets Wendy (1998),Adventure|Children|Comedy|Fantasy,140883,39345.0
4732,2.8021692093455624,1.1623469686296457,6.177775783866975,Bubble Boy (2001),Comedy,258470,9683.0
2969,0.2955046115656294,0.21835316125539117,5.1203236245954695,"Man and a Woman, A (Un homme et une femme) (1966)",Drama|Romance,61138,42726.0
3055,-0.14512147675367867,0.29072111323306965,3.2678126596831887,Felicia's Journey (1999),Thriller,165773,47692.0
1948,-0.06214556645577693,0.6841066461435681,3.676148363609331,Tom Jones (1963),Adventure|Comedy|Romance,57590,5769.0
5665,-0.9200131297004569,0.35509278690193075,1.1760812003530452,Knockaround Guys (2002),Action|Comedy|Crime,211465,7501.0
27075,-0.9578313238683964,0.999999998504112,2.8091589659609313,Addams Family Reunion (1998),Children|Comedy|Fantasy,146402,11508.0
95307,-0.037906537756255736,0.03250989515973905,2.600990291262136,Rock of Ages (2012),Comedy|Drama|Musical|IMAX,1336608,80585.0
27320,0.06705697272183002,0.08970244219838251,4.514539310869979,"Nine Lives of Tomas Katz, The (2000)",Comedy|Drama|Fantasy,235618,16171.0
88954,-0.059962204141843105,0.3052090780163887,3.5705275761569735,"Very Harold & Kumar 3D Christmas, A (2011)",Comedy,1268799,55465.0
40723,0.10049758836271362,0.13152139420147063,4.531106190222017,Wolf Creek (2005),Crime|Horror|Thriller,416315,9885.0
60291,0.10049758836271362,0.13152139420147063,4.531106190222017,Gonzo: The Life and Work of Dr. Hunter S. Thompson (2008),Documentary,479468,13003.0
1676,0.0865573761594521,9.91828588081661,3.7757173411979386,Starship Troopers (1997),Action|Sci-Fi,120201,563.0
55290,0.724719130131607,3.6425094070283466,3.9659517898194867,Gone Baby Gone (2007),Crime|Drama|Mystery,452623,4771.0
1862,-4.969710222588484,2.3532180379115815,1.655111943177158,Species II (1998),Horror|Sci-Fi,120841,10216.0
3701,-1.4231915980869176,1.3203769891692774,2.6891226748457617,Alien Nation (1988),Crime|Drama|Sci-Fi|Thriller,94631,10128.0
102716,-0.2090105630695779,0.87688373606822,3.5286342191028535,"Fast & Furious 6 (Fast and the Furious 6, The) (2013)",Action|Crime|Thriller|IMAX,1905041,82992.0
2500,-1.392781851055467,0.832452436175321,2.093883467940718,Jawbreaker (1999),Comedy,155776,18892.0
3221,0.5899167696735679,0.967472785306075,4.376740538125089,"Draughtsman's Contract, The (1982)",Drama,83851,10831.0
2289,0.9480831516620623,3.5101360946003357,4.037088978637963,"Player, The (1992)",Comedy|Crime|Drama,105151,10403.0
5690,3.3808153985446294,3.45034468727704,4.746838887552009,Grave of the Fireflies (Hotaru no haka) (1988),Animation|Drama|War,95327,12477.0
2340,-3.056763965060641,2.4453483725578935,2.5169581897570277,Meet Joe Black (1998),Romance,119643,297.0
4744,-2.4005890222139517,1.1315213937726536,1.6454316221767504,Jeepers Creepers (2001),Horror,263488,8922.0
109483,0.3769918374934331,0.6546724785887984,4.3428382913278645,That Awkward Moment (2014),Comedy|Romance,1800246,225565.0
136341,-0.5114593822527412,0.3349380025371933,2.239963264235109,Scooby-Doo! and the Samurai Sword (2009),Animation|Children|Comedy,1421378,16390.0
1411,5.378204580738482,3.8032843341738944,5.181085086230095,Hamlet (1996),Crime|Drama|Romance,116477,10549.0
65577,-0.26861084218344516,0.29610025585718946,2.859828487548608,"Tale of Despereaux, The (2008)",Adventure|Animation|Children|Comedy|Fantasy,420238,10199.0
166461,-1.0759587763497807,2.3149220825035854,3.302197638203968,Moana (2016),Adventure|Animation|Children|Comedy|Fantasy,3521164,277834.0
114795,-0.03644596545721451,0.20620743613950301,3.5902461052156243,Dracula Untold (2014),Action|Drama|Fantasy,829150,49017.0
143458,0.03571428530877378,0.9999999886456694,3.8027045769764216,The Great Hypnotist (2014),Drama|Mystery|Thriller,3720058,273197.0
27416,0.11721014312479675,0.3158504909468207,4.138084041262136,Jalla! Jalla! (2000),Comedy|Drama|Romance,269389,10978.0
2745,0.11119114843975127,1.0651506276793594,3.8713803611267177,"Mission, The (1986)",Drama,91530,11416.0
2976,-0.21191521772039246,1.0331313416617744,3.5618709524377707,Bringing Out the Dead (1999),Drama,163988,8649.0
2815,0.2164088624630031,0.4206385817295638,4.281467260001386,Iron Eagle (1986),Action|War,91278,11037.0
4749,-0.7028913073757969,0.6029676852874424,2.6012705942924392,3 Ninjas Kick Back (1994),Action|Children|Comedy,109015,18885.0
8362,-0.12108571661225562,0.4832217024063165,3.516410244858424,Raising Helen (2004),Comedy|Drama|Romance,350028,4599.0
111364,-0.059962204141843105,0.3052090780163887,3.5705275761569735,Godzilla (2014),Action|Adventure|Sci-Fi|IMAX,831387,124905.0
3929,0.23454281480066755,0.4127953540491748,4.335172109443954,"Bank Dick, The (1940)",Comedy,32234,911.0
1278,3.427682805552411,9.10136729461358,4.143602144690027,Young Frankenstein (1974),Comedy|Fantasy,72431,3034.0
2528,-0.4542938550148857,3.673255465002007,3.6433142062897454,Logan's Run (1976),Action|Adventure|Sci-Fi,74812,10803.0
3949,9.691653656218145,20.877738867018433,4.231200219260063,Requiem for a Dream (2000),Drama,180093,641.0
80219,-0.25851629949276644,1.0485192932453733,3.520436602495373,Machete (2010),Action|Adventure|Comedy|Crime|Thriller,985694,23631.0
420,-6.897915444233619,9.10592945639883,3.0094711959009937,Beverly Hills Cop III (1994),Action|Comedy|Crime|Thriller,109254,306.0
785,-1.0130490643777017,8.384850999125252,3.646171320897202,Kingpin (1996),Comedy,116778,11543.0
1013,-0.06550372055586563,1.6874984194892142,3.7281732353174597,"Parent Trap, The (1961)",Children|Comedy|Romance,55277,19186.0
4019,0.1810906537492698,3.764369652896751,3.815096792601588,Finding Forrester (2000),Drama,181536,711.0
79134,-1.0491231176069684,1.1758314254715685,2.874750898029202,Grown Ups (2010),Comedy,1375670,38365.0
851,-0.864064717159982,0.7336739353832031,2.589267224531307,Basquiat (1996),Drama,115632,549.0
3980,0.6421345832338324,3.1670733276461114,3.9697435959073086,Men of Honor (2000),Drama,203019,11978.0
144,0.30581866030634514,1.5088520172939939,3.969673295825305,"Brothers McMullen, The (1995)",Comedy,112585,16388.0
8974,-0.6592691197729953,1.8985360161351053,3.4197389806891163,"SpongeBob SquarePants Movie, The (2004)",Adventure|Animation|Children|Comedy,345950,11836.0
6058,-1.1245373921936839,2.5387385805009983,3.324039055230671,Final Destination 2 (2003),Horror|Thriller,309593,9358.0
83134,-0.3098662337659261,1.146992669705885,3.4968349171694815,Tucker & Dale vs Evil (2010),Comedy|Horror,1465522,46838.0
1962,-0.19152297159460407,4.289737869855944,3.72234351390531,Driving Miss Daisy (1989),Drama,97239,403.0
105037,0.36010333684949397,0.6518250450426393,4.319444265818971,"To Do List, The (2013)",Comedy,1758795,129139.0
74324,0.28960391320658585,0.7548520770222206,4.150646800957427,Temple Grandin (2010),Drama,1278469,33602.0
95654,0.7290575793517553,1.2532785248550173,4.3487106071321415,Geri's Game (1997),Animation|Children,131409,13929.0
152591,-0.08782212530452445,0.7548520770222206,3.6506468009574267,Ip Man 3 (2015),Action,2888046,365222.0
78209,-0.29278565855393474,1.4468153686265457,3.564624692373126,Get Him to the Greek (2010),Comedy,1226229,32823.0
103984,0.13185493292603276,0.23871733129924205,4.319337840593388,"Great Beauty, The (Grande Bellezza, La) (2013)",Comedy|Drama,2358891,179144.0
4337,0.14559963647939098,0.29072111323306965,4.267812659683189,"Sand Pebbles, The (1966)",Drama|Romance|War,60934,5923.0
2295,0.29061254190162233,0.5946145621735813,4.255731335274419,"Impostors, The (1998)",Comedy,120823,28134.0
59014,-1.0134959759472648,0.33771897317612776,0.7659863310294823,Superhero Movie (2008),Action|Comedy|Sci-Fi,426592,11918.0
6615,-0.9772568919213324,0.9199521746241759,2.704699316929077,Freddy vs. Jason (2003),Action|Horror|Thriller,329101,6466.0
45208,-0.3626965678154139,0.4832217024063165,3.016410244858424,RV (2006),Adventure|Children|Comedy,449089,9530.0
70361,-0.3146795314761503,0.6438135657000046,3.2782159810563454,12 Rounds (2009),Action|Thriller,1160368,17134.0
1734,1.2997593970266832,0.5966678234333471,5.945353772549941,My Life in Pink (Ma vie en rose) (1997),Comedy|Drama,119590,27103.0
2002,-2.7649912747286516,9.364036691854803,3.4717125851064408,Lethal Weapon 3 (1992),Action|Comedy|Crime|Drama,104714,943.0
745,3.3442928387001034,8.062928839254555,4.181764240700749,Wallace & Gromit: A Close Shave (1995),Animation|Children|Comedy,112691,532.0
3308,-1.292105591897128,2.201196687547954,3.1799888664433107,"Flamingo Kid, The (1984)",Comedy|Drama,87265,25010.0
3705,-0.4599754852887261,0.871419219080533,3.2391439054846183,Bird on a Wire (1990),Action|Comedy|Romance,99141,1727.0
4621,-2.0832216046698604,2.1172633778055414,2.7830684861114534,Look Who's Talking (1989),Comedy|Romance,97778,9494.0
3271,0.6353279694939353,3.132919112915768,3.969781345418221,Of Mice and Men (1992),Drama,105046,9609.0
2301,1.3153634937159824,2.76610763960461,4.242518963712497,History of the World: Part I (1981),Comedy|Musical,82517,10156.0
3901,-0.10701266857356712,0.8499692915258692,3.641088485584595,Duets (2000),Comedy|Drama,134630,18074.0
26871,0.0836048413739137,0.11394494335438751,4.500720449992295,My Father the Hero (1994),Comedy|Romance,110612,10486.0
949,-0.19346351197317468,1.5610996321482404,3.6430625751900054,East of Eden (1955),Drama,48028,220.0
99853,-0.17652137971554788,0.3349380025371933,3.239963264235109,Codependent Lesbian Space Alien Seeks Same (2011),Comedy|Romance|Sci-Fi,1762248,105538.0
130087,-0.0009675103148327097,0.002847433546159135,3.4272070095283897,The Cobbler (2015),Comedy|Drama|Fantasy,3203616,238215.0
183227,0.0004562064582468579,0.002847433546159135,3.9272070095283897,Dave Chappelle: The Bird Revelation (2017),Comedy,7808620,494368.0
67695,0.5280194657489549,0.9546878483053953,4.320071035597793,Observe and Report (2009),Action|Comedy,1197628,16991.0
927,0.1342670489320948,0.4003599277247916,4.102356144920673,"Women, The (1939)",Comedy,32143,22490.0
1867,-0.27940759738894627,0.36675986552339207,3.005163211327389,Tarzan and the Lost City (1998),Action|Adventure,120856,38618.0
26686,-0.3651712821582318,0.3052090780163887,2.5705275761569735,Ghost Dad (1990),Comedy|Fantasy,99654,10485.0
7255,-0.5738137104810821,1.0046433242364259,3.195828669382842,Win a Date with Tad Hamilton! (2004),Comedy|Romance,335559,13476.0
475,2.569727190072294,4.792007063551065,4.303243088053304,In the Name of the Father (1993),Drama,107207,7984.0
1719,2.164611161620096,2.7180830756463936,4.563364464301467,"Sweet Hereafter, The (1997)",Drama,120255,10217.0
1246,4.263707727982135,13.44524848442393,4.0841066117913964,Dead Poets Society (1989),Drama,97165,207.0
4310,-6.093258752920645,9.186074558785547,3.1036755408834704,Pearl Harbor (2001),Action|Drama|Romance|War,213149,676.0
32587,3.922474855807685,13.87976786879804,4.049594070582212,Sin City (2005),Action|Crime|Film-Noir|Mystery|Thriller,401792,187.0
81847,-0.10992018922304804,4.229959329391385,3.7410041810744374,Tangled (2010),Animation|Children|Comedy|Fantasy|Musical|Romance|IMAX,398286,38757.0
3394,-2.507368123849643,1.8224249004390785,2.3911486183100488,Blind Date (1987),Comedy|Romance,92666,918.0
3395,0.13552662082350211,0.34520005231493467,4.15959342070737,Nadine (1987),Comedy,93596,61178.0
135133,0.23489218836767922,2.2396600646128917,3.87186879138768,The Hunger Games: Mockingjay - Part 2 (2015),Adventure|Sci-Fi,1951266,131634.0
86882,1.942261694986679,4.829916172555759,4.169121845019295,Midnight in Paris (2011),Comedy|Fantasy|Romance,1605783,59436.0
1361,0.1748325497781198,0.36438380698171596,4.246793582265385,Paradise Lost: The Child Murders at Robin Hood Hills (1996),Documentary,117293,17204.0
2501,1.677730489158302,3.4689809974414296,4.250628134881263,October Sky (1999),Drama,132477,13466.0
18,1.7229696523077724,5.915504928205561,4.05825361928212,Four Rooms (1995),Comedy,113101,5.0
51931,1.3279131227715766,0.979400781954398,5.122832707603402,Reign Over Me (2007),Drama,490204,2355.0
8235,0.19709822322228226,0.8985360176309931,3.9863451299718133,Safety Last! (1923),Action|Comedy|Romance,14429,22596.0
3148,0.6620476891087634,2.802073375931235,4.003260938132238,"Cider House Rules, The (1999)",Drama,124315,1715.0
3769,0.09102581983006751,0.693871508840481,3.8981757033598017,Thunderbolt and Lightfoot (1974),Action,72288,8348.0
1762,-1.5787048929392093,1.6036970478007915,2.78257437860323,Deep Rising (1998),Action|Horror|Sci-Fi,118956,9457.0
1292,0.7227531691101309,2.6991421297751934,4.03476172913389,Being There (1979),Comedy|Drama,78841,10322.0
58162,0.0836048413739137,0.11394494335438751,4.500720449992295,Run Fatboy Run (2007),Comedy|Romance,425413,7942.0
100810,-0.039784015861330096,0.15273403790441675,3.5065112493459685,Dark Skies (2013),Horror|Sci-Fi|Thriller,2387433,145135.0
947,1.0319044480771167,0.6186847209559698,5.434890617752589,My Man Godfrey (1936),Comedy|Romance,28010,13562.0
69720,-0.34399038098414453,0.3349380025371933,2.739963264235109,Hood of Horror (2006),Comedy|Drama|Horror,475298,15423.0
145491,-0.009052378446951226,0.3349380025371933,3.739963264235109,Our Lips Are Sealed (2000),Children|Comedy|Drama,270560,34729.0
2117,-0.2977041556900186,2.1354283471807447,3.627578376044725,1984 (Nineteen Eighty-Four) (1984),Drama|Sci-Fi,87803,9314.0
5380,0.17202375537085202,0.3884326765842736,4.209856624969079,"Importance of Being Earnest, The (2002)",Comedy|Drama|Romance,278500,9026.0
4941,-0.15871667416088825,1.0859429867226642,3.620834667899358,Flash Gordon (1980),Action|Adventure|Sci-Fi,80745,3604.0
8796,0.11564948199023445,0.11995489758027983,4.731098337895547,"Funny Thing Happened on the Way to the Forum, A (1966)",Comedy|Musical,60438,17768.0
66371,-0.3981911910938047,0.8445545192206031,3.295509549602882,Departures (Okuribito) (2008),Drama,1069238,16804.0
86347,2.538565211629159,2.001752895178499,5.0351614115555785,Louis C.K.: Chewed Up (2008),Comedy,1190722,30969.0
172577,0.6670299517176961,0.7548520770222206,4.650646800957427,Last Year's Snow Was Falling (1983),Animation|Children|Comedy|Fantasy,219233,145760.0
183197,0.0004562064582468579,0.002847433546159135,3.9272070095283897,Dave Chappelle: Equanimity (2017),Comedy,7807952,488223.0
3831,0.19500205247586783,0.6881995885731478,4.050341307033837,Saving Grace (2000),Comedy,195234,2360.0
4795,0.1520943072072225,0.3722653123713986,4.1755545655920585,Father Goose (1964),Adventure|Comedy|Romance|War,58092,30295.0
1929,0.31124085155045766,0.49842644783279677,4.391437193917003,Grand Hotel (1932),Drama|Romance,22958,33680.0
8918,-0.12108571661225562,0.4832217024063165,3.516410244858424,Eulogy (2004),Comedy|Crime|Drama,349416,16358.0
44929,0.3476087938111913,0.6070232592311171,4.339635224590536,Candy (2006),Drama|Romance,424880,4441.0
2859,1.3202978834180163,1.7448897434541186,4.523655798851403,Stop Making Sense (1984),Documentary|Musical,88178,24128.0
2066,0.0035102890911864405,0.024664399667020533,3.909312388640413,Out of the Past (1947),Film-Noir,39689,678.0
1097,-1.2258207716778522,17.117967113187138,3.6953801074375905,E.T. the Extra-Terrestrial (1982),Children|Drama|Sci-Fi,83866,601.0
1258,5.5757265507297,19.40212092956316,4.054367458478629,"Shining, The (1980)",Horror,81505,694.0
3729,0.06553494661701292,0.9498390662962302,3.8359861337605476,Shaft (1971),Action|Crime|Drama|Thriller,67741,482.0
4121,0.16080929505797525,1.0222673195725505,3.924296792193043,Innerspace (1987),Action|Adventure|Comedy|Sci-Fi,93260,2614.0
8644,0.820364050383756,8.158617215759795,3.867542140759264,"I, Robot (2004)",Action|Adventure|Sci-Fi|Thriller,343818,2048.0
69644,-0.6915294993697023,3.657388557099226,3.5779128966748424,Ice Age: Dawn of the Dinosaurs (2009),Action|Adventure|Animation|Children|Comedy|Romance,1080016,8355.0
5673,1.8730429127944177,6.2393697850749525,4.067187743459132,Punch-Drunk Love (2002),Comedy|Drama|Romance,272338,8051.0
31101,-0.0039255852763852486,0.19457248761213886,3.746814852665645,Stander (2003),Action|Crime|Drama,326208,18927.0
1204,3.8957628028463684,5.496139713488429,4.475808299160576,Lawrence of Arabia (1962),Adventure|Drama|War,56172,947.0
74,1.3294108777646405,1.7981438110799064,4.506314292809176,Bed of Roses (1996),Drama|Romance,115644,20927.0
934,0.010123657013267562,2.005760948383568,3.7720375811804217,Father of the Bride (1950),Comedy,42451,20758.0
5582,-0.2810070696479894,0.7994847939933267,3.415505095096748,Captain Ron (1992),Adventure|Comedy,103924,14361.0
185031,-0.010104624223016659,0.024171846180549645,3.34895750437689,Alpha (2018),Adventure|Thriller,4244998,399360.0
92494,0.6680490178417626,0.48798189712969725,5.135993981299036,Dylan Moran: Monster (2004),Comedy|Documentary,439553,13976.0
8183,-0.6372284161116286,0.8262961879249688,2.9958038505841698,Educating Rita (1983),Comedy|Drama,85478,38291.0
83177,-3.3372134725059066,0.9438583558602565,0.23127600554785044,Yogi Bear (2010),Children|Comedy,1302067,41515.0
130520,0.06621144077824315,1.1971038727918644,3.822299978485707,Home (2015),Adventure|Animation|Children|Comedy|Fantasy|Sci-Fi,2224026,228161.0
5034,-0.4405425977222058,0.21367345762488604,1.7052339897583746,"Truly, Madly, Deeply (1991)",Drama|Romance,103129,18317.0
27482,0.2032800806044516,0.9546878483053953,3.9799186122471375,Cube 2: Hypercube (2002),Horror|Mystery|Sci-Fi,285492,437.0
71520,-0.5789406484188884,1.4531142961381922,3.368576587703176,"Invention of Lying, The (2009)",Comedy,1058017,23082.0
1713,1.083580052743747,1.9777168221354569,4.314884732274041,Mouse Hunt (1997),Children|Comedy,119715,6283.0
4373,-0.08868786576479946,0.42585654857317645,3.5587326841830706,Pootie Tang (2001),Comedy,258038,10615.0
8948,-0.6856120441151359,0.49842644783279677,2.391437193917003,Alfie (2004),Comedy|Drama|Romance,375173,8849.0
80615,-0.022645469476552486,0.08970244219838251,3.5145393108699787,Legend of the Guardians: The Owls of Ga'Hoole (2010),Adventure|Animation|Fantasy|IMAX,1219342,41216.0
90439,-0.059962204141843105,0.3052090780163887,3.5705275761569735,Margin Call (2011),Drama|Thriller,1615147,50839.0
109578,-0.059962204141843105,0.3052090780163887,3.5705275761569735,Non-Stop (2014),Action|Mystery|Thriller,2024469,225574.0
2377,0.1978858414937947,0.14661541892494787,5.116683542795879,Lifeforce (1985),Horror|Sci-Fi,89489,11954.0
2095,0.15524740961027506,0.43851677948819323,4.121018727281093,"Shaggy D.A., The (1976)",Children|Comedy,75200,15943.0
2700,3.2304439125738953,12.672718991909184,4.021903535581398,"South Park: Bigger, Longer and Uncut (1999)",Animation|Comedy|Musical,158983,9473.0
180,-1.3143794611170432,4.007658904940476,3.439023392807597,Mallrats (1995),Comedy|Romance,113749,2293.0
468,-0.7692191210288993,2.857186200368522,3.4977676830437128,"Englishman Who Went Up a Hill But Came Down a Mountain, The (1995)",Comedy|Romance,112966,10612.0
51705,-1.0194205545463961,1.4468529286817504,3.062412421364049,Priceless (Hors de prix) (2006),Comedy|Romance,482088,6691.0
31658,1.2607085658635342,4.351352804271559,4.056718250030716,Howl's Moving Castle (Hauru no ugoku shiro) (2004),Adventure|Animation|Fantasy|Romance,347149,4935.0
2118,2.0089788521377145,2.51740314902261,4.5650264949261015,"Dead Zone, The (1983)",Thriller,85407,11336.0
2140,-0.6971815197397322,4.234691782979335,3.602354573842998,"Dark Crystal, The (1982)",Adventure|Fantasy,83791,11639.0
40815,-1.719453248590986,10.649166567483524,3.6055266464130438,Harry Potter and the Goblet of Fire (2005),Adventure|Fantasy|Thriller|IMAX,330373,674.0
6790,0.06397153115393392,0.43003084831255595,3.9157506218406484,Avalon (2001),Drama|Fantasy|Sci-Fi,267287,10881.0
47894,0.09336065852968418,0.19457248761213886,4.246814852665645,"Wind That Shakes the Barley, The (2006)",Drama|War,460989,1116.0
165969,0.6463662320377788,0.8985360176309931,4.486345129971813,HyperNormalisation (2016),Documentary,6156350,419546.0
2265,0.3055044157038246,0.5377568545570318,4.335099117983608,Nothing But Trouble (1991),Adventure|Comedy,102558,11933.0
1416,0.029393589133209205,0.7375065125787563,3.8068456533936947,Evita (1996),Drama|Musical,116250,8818.0
932,1.2745914667655347,1.962492899522268,4.4164659999772145,"Affair to Remember, An (1957)",Drama|Romance,50105,8356.0
52975,0.36075439077129484,1.2090239020666524,4.065375120672569,Hairspray (2007),Comedy|Drama|Musical,427327,2976.0
56251,0.6139150647646622,1.9999714712451064,4.073952202265027,Futurama: Bender's Big Score (2007),Animation|Comedy|Sci-Fi,471711,7249.0
59126,0.5164342633395517,0.597166645760704,4.6317979073701805,Religulous (2008),Comedy|Documentary,815241,13007.0
27619,-0.34399038098414453,0.3349380025371933,2.739963264235109,"Lion King 1½, The (2004)",Adventure|Animation|Children|Comedy,318403,11430.0
90717,-0.556557124134182,0.640147080553582,2.8975695892995708,Tower Heist (2011),Action|Comedy|Crime,471042,59108.0
147330,0.6670299517176961,0.7548520770222206,4.650646800957427,Sherlock Holmes and Dr. Watson: Acquaintance (1979),Crime,79902,72095.0
167746,0.18420597993458387,0.9575352818515543,3.959365427119679,The Lego Batman Movie (2017),Action|Animation|Comedy,4116284,324849.0
656,0.011472503201584383,1.560355829287922,3.7743427829093905,Eddie (1996),Comedy,116168,11107.0
46337,-0.03644596545721451,0.20620743613950301,3.5902461052156243,Garfield: A Tail of Two Kitties (2006),Animation|Children|Comedy,455499,9513.0
4467,0.23838834959580946,2.447566651138035,3.8643883945926283,"Adventures of Baron Munchausen, The (1988)",Adventure|Comedy|Fantasy,96764,14506.0
5435,-0.14512147675367867,0.29072111323306965,3.2678126596831887,Hombre (1967),Western,61770,27945.0
5809,-0.304002020271959,0.5946145621735813,3.2557313352744184,Femme Fatale (2002),Crime|Thriller,280665,9280.0
3470,0.012487305310870908,0.06893676767508185,3.9481317304680914,Dersu Uzala (1975),Adventure|Drama,71411,9764.0
7811,0.021710594049893332,0.27236927080775303,3.846700436189672,Babylon 5: The River of Souls (1998),Drama|Sci-Fi,146247,10921.0
147380,-0.11447404135398317,0.27236927080775303,3.346700436189672,Doctor Who: The Next Doctor (2008),Adventure|Children|Drama|Sci-Fi,1321969,317190.0
92439,0.049474404087813825,0.12088327304214612,4.176264484810523,"Art of Getting By, The (2011)",Drama|Romance,1645080,64678.0
31427,-0.7137063325797035,1.3584689541123691,3.2416147716971393,Hide and Seek (2005),Horror|Mystery|Thriller,382077,11096.0
31867,-0.12108571661225562,0.4832217024063165,3.516410244858424,Man of the House (2005),Action|Comedy,331933,13498.0
917,0.14577456997760976,0.29446463135477174,4.262039796212631,"Little Princess, The (1939)",Children|Drama,31580,26531.0
8831,0.034736891261978306,0.13152139420147063,4.031106190222017,Suspect Zero (2004),Crime|Thriller,324127,8080.0
37382,0.034736891261978306,0.13152139420147063,4.031106190222017,Domino (2005),Crime|Drama|Thriller,421054,9923.0
58870,-0.03102380583875701,0.13152139420147063,3.531106190222017,Zebraman (2004),Comedy,388556,36223.0
3368,-0.06401098013382155,0.43851677948819323,3.6210187272810934,"Big Country, The (1958)",Romance|Western,51411,12501.0
5544,0.15524740961027506,0.43851677948819323,4.121018727281093,Time After Time (1979),Sci-Fi|Thriller,80025,24750.0
133867,-0.34399038098414453,0.3349380025371933,2.739963264235109,Barely Lethal (2015),Action|Adventure|Comedy,1731701,248574.0
2973,-0.28131802593586064,2.2764166818042675,3.6434109711031875,Crimes and Misdemeanors (1989),Comedy|Crime|Drama,97123,11562.0
991,-0.9159890257674044,1.4131875895821437,3.118818008601313,Michael Collins (1996),Drama,117039,1770.0
2110,-1.1039264688764774,2.793232232413054,3.371775580481428,Dead Men Don't Wear Plaid (1982),Comedy|Crime|Thriller,83798,9442.0
4367,-4.2055641705413676,6.301354568845257,3.099583922584798,Lara Croft: Tomb Raider (2001),Action|Adventure,146316,1995.0
6428,-0.0039255852763852486,0.19457248761213886,3.746814852665645,Two Mules for Sister Sara (1970),Comedy|War|Western,65134,11916.0
82767,0.2215085176553936,0.49617907954808144,4.213418862690707,Rabbit Hole (2010),Drama,935075,27585.0
114335,0.19709822322228226,0.8985360176309931,3.9863451299718133,La cravate (1957),(no genres listed),121731,32891.0
187595,0.0019812988672581644,0.024171846180549645,3.84895750437689,Solo: A Star Wars Story (2018),Action|Adventure|Children|Sci-Fi,3778644,348350.0
3088,1.5744037044580563,1.6050930659184637,4.747870302451489,Harvey (1950),Comedy|Fantasy,42546,11787.0
6025,-0.28573591737194537,0.5485874561569241,3.2461327430898894,CB4 - The Movie (1993),Comedy,106500,15278.0
55282,-0.7299415811011873,1.9352907917329634,3.3898161817074897,30 Days of Night (2007),Horror|Thriller,389722,4513.0
182299,-0.17652137971554788,0.3349380025371933,3.239963264235109,Porky's Hare Hunt (1938),Animation|Children|Comedy,30608,188763.0
4214,-0.5333785851058448,1.5878979919903409,3.431087992880056,Revenge of the Nerds (1984),Comedy,88000,14052.0
91126,0.027489413673744318,0.29610025585718946,3.859828487548608,War Horse (2011),Drama|War,1568911,57212.0
128914,0.004727356777485561,0.002847433546159135,5.42720700952839,Tom Segura: Completely Normal (2014),Comedy,3500822,259395.0
4234,-0.4491234970256377,0.885335675406651,3.2596985266787795,"Tailor of Panama, The (2001)",Drama|Thriller,236784,2575.0
5107,0.5262026031033398,0.977507686182852,4.3053007419534755,Hart's War (2002),Drama|War,251114,10592.0
42015,-0.2212417422438589,0.93694322732099,3.5308588632390556,Casanova (2005),Action|Adventure|Comedy|Drama|Romance,402894,9681.0
48412,-0.30827131289459475,0.9816481502391132,3.4529558657711847,"Guardian, The (2006)",Action|Adventure|Drama,406816,4643.0
5083,0.29061254190162233,0.5946145621735813,4.255731335274419,Rare Birds (2001),Comedy|Drama,295552,74692.0
27592,0.09952804805429184,0.7122520546222744,3.906727407369262,Sympathy for Mr. Vengeance (Boksuneun naui geot) (2002),Crime|Drama,310775,4689.0
48596,-0.3626965678154139,0.4832217024063165,3.016410244858424,"Marine, The (2006)",Action|Drama|Thriller,419946,8975.0
80969,-0.022645469476552486,0.08970244219838251,3.5145393108699787,Never Let Me Go (2010),Drama|Romance|Sci-Fi,1334260,42188.0
2182,1.2352979247628542,0.9716672700878548,5.038308120719501,"Wrong Man, The (1956)",Drama|Film-Noir|Thriller,51207,22527.0
135518,0.014067221957532986,0.024171846180549645,4.34895750437689,Self/less (2015),Action|Mystery|Sci-Fi|Thriller,2140379,238615.0
77455,2.0851952027198304,3.392108733505787,4.381709737641661,Exit Through the Gift Shop (2010),Comedy|Documentary,1587707,39452.0
7482,0.33493997833107936,1.199624930330913,4.046194207305033,Enter the Dragon (1973),Action|Crime,70034,9461.0
2184,-0.8142082117838138,1.4858435947221886,3.2190132264647824,"Trouble with Harry, The (1955)",Comedy|Mystery,48750,11219.0
122892,-1.113148362312093,5.389467516479237,3.5604488548570647,Avengers: Age of Ultron (2015),Action|Adventure|Sci-Fi,2395427,99861.0
407,0.1637013095817091,0.3698644519819552,4.209588407151617,In the Mouth of Madness (1995),Horror|Thriller,113409,2654.0
788,-9.45948307953265,12.944195255555794,3.036200706218405,"Nutty Professor, The (1996)",Comedy|Fantasy|Romance|Sci-Fi,117218,9327.0
2643,-2.802241275678565,2.273502846610686,2.5344247460480114,Superman IV: The Quest for Peace (1987),Action|Adventure|Sci-Fi,94074,11411.0
2733,-0.48908102888037885,0.7119599178383267,3.080040061865317,Vibes (1988),Adventure|Comedy|Romance,96378,21185.0
106540,-0.4900033185968752,1.2146691721515723,3.3635855372508683,Delivery Man (2013),Comedy,2387559,146239.0
61323,-1.614874594822514,6.103136129404304,3.50239278588417,Burn After Reading (2008),Comedy|Crime|Drama,887883,4944.0
2730,1.5942449076979717,1.0246454104861373,5.322889426106834,Barry Lyndon (1975),Drama|Romance|War,72684,3175.0
59725,-0.11824686800719572,1.5147691670492947,3.688927659291923,Sex and the City (2008),Comedy|Romance,1000774,4564.0
42632,0.8002007583477928,1.5303265982259515,4.289885704094557,Lady Vengeance (Sympathy for Lady Vengeance) (Chinjeolhan geumjassi) (2005),Crime|Drama|Mystery|Thriller,451094,4550.0
56339,0.5366457475429725,1.1824095648768482,4.220848043672035,"Orphanage, The (Orfanato, El) (2007)",Drama|Horror|Mystery|Thriller,464141,6537.0
69524,0.21792881417611218,0.7670559439233966,4.051101008221623,Raiders of the Lost Ark: The Adaptation (1989),Action|Adventure|Thriller,772251,62128.0
6484,-0.6579807169031101,1.3637108860975165,3.284497467005207,Hollywood Homicide (2003),Action|Crime|Drama,329717,11375.0
6604,-0.17652137971554788,0.3349380025371933,3.239963264235109,Hawks and Sparrows (Uccellacci e Uccellini) (1966),Comedy,61132,33954.0
79139,0.3307621072978911,1.2884344408757467,4.023706579498791,"Sorcerer's Apprentice, The (2010)",Action|Adventure|Children|Comedy|Fantasy,963966,27022.0
116977,-0.0023912270879122774,0.002847433546159135,2.9272070095283897,Dumb and Dumber To (2014),Comedy,2096672,100042.0
155812,0.0018799232313264256,0.002847433546159135,4.42720700952839,Get a Job (2016),Comedy,1468846,186759.0
69306,0.15623941989967643,1.483221691051986,3.872328165460067,"Taking of Pelham 1 2 3, The (2009)",Crime|Drama|Thriller,1111422,18487.0
78218,-0.5583713316790209,0.6494787702890066,2.907268069039914,Unthinkable (2010),Drama|Thriller,914863,38199.0
5530,-1.7900776261484348,1.7144863805351935,2.7229005589251285,Simone (S1m0ne) (2002),Comedy|Drama|Fantasy|Sci-Fi,258153,9296.0
26131,0.037234042282850655,0.9999999927394079,3.804224333815328,"Battle of Algiers, The (La battaglia di Algeri) (1966)",Drama|War,58946,17295.0
7164,-2.081582650404249,1.1376117619375,1.9372073019767186,Peter Pan (2003),Action|Adventure|Children|Fantasy,316396,10601.0
4178,0.5262584765510377,1.0578501602023467,4.264469515021363,Of Mice and Men (1939),Drama,31742,51802.0
4811,0.29061254190162233,0.5946145621735813,4.255731335274419,Quadrophenia (1979),Drama|Musical,79766,10373.0
8836,0.22102272295361625,0.6147430966077871,4.1265270216024055,Wicker Park (2004),Drama|Romance|Thriller,324554,11208.0
5833,0.10049758836271362,0.13152139420147063,4.531106190222017,Dog Soldiers (2002),Action|Horror,280609,11880.0
3345,-0.06401098013382155,0.43851677948819323,3.6210187272810934,"Charlie, the Lonesome Cougar (1967)",Adventure|Children,62793,57855.0
1009,0.30586463017273696,2.019212941901647,3.9184674454669226,Escape to Witch Mountain (1975),Adventure|Children|Fantasy,72951,14821.0
2599,1.6704725022675961,9.592690088203117,3.9411304424509987,Election (1999),Comedy,126886,9451.0
4232,-2.3022968475371104,3.867690926581908,3.171726375080556,Spy Kids (2001),Action|Adventure|Children|Comedy,227538,10054.0
54503,2.8151980705114075,7.1322815310412615,4.161702426258357,Superbad (2007),Comedy,829482,8363.0
1387,0.9043356354781088,12.173724499511442,3.8412761546817,Jaws (1975),Action|Horror,73195,578.0
2021,-0.7701437462645546,4.503868653705988,3.595994241981071,Dune (1984),Adventure|Sci-Fi,87182,841.0
2690,-0.14219855294137929,0.39025831287370716,3.402619954358136,"Ideal Husband, An (1999)",Comedy|Romance,122541,24137.0
2713,-2.0523967410063637,1.6047081621105888,2.48800586938012,Lake Placid (1999),Horror|Thriller,139414,9825.0
143969,-1.2680430041287778,1.3229332648885346,2.8084816213364325,Er ist wieder da (2015),Comedy,4176826,318917.0
156607,-1.599973812039704,0.8985360176309931,1.9863451299718133,The Huntsman Winter's War (2016),Action|Adventure|Drama|Fantasy,2381991,290595.0
190183,0.6463662320377788,0.8985360176309931,4.486345129971813,The Darkest Minds (2018),Sci-Fi|Thriller,4073790,445651.0
7000,-0.3414297249369695,0.5048493185074556,3.090690032114758,Hudson Hawk (1991),Action|Adventure|Comedy,102070,9292.0
7040,0.21815214756937884,0.17099698903363977,5.042756307975228,To Live and Die in L.A. (1985),Action|Crime|Drama|Thriller,90180,9846.0
91077,0.2212462096764218,0.9323632637540995,4.004286437815131,"Descendants, The (2011)",Comedy|Drama,1033575,65057.0
121338,-0.34399038098414453,0.3349380025371933,2.739963264235109,Carry on Cabby (1963),Adventure|Comedy|Romance,56912,19254.0
617,-0.011140083367309912,0.104697272904928,3.6605874876530504,"Flower of My Secret, The (La flor de mi secreto) (1995)",Comedy|Drama,113083,4307.0
26587,0.6670299517176961,0.7548520770222206,4.650646800957427,"Decalogue, The (Dekalog) (1989)",Crime|Drama|Romance,92337,
65130,0.7972171939365348,1.1804151132815426,4.442360493631266,Revolutionary Road (2008),Drama|Romance,959337,4148.0
7762,0.23053792292908348,0.23554961690580273,4.7457136955174555,"Tinker, Tailor, Soldier, Spy (1979)",Drama|Thriller,80297,140207.0
1107,0.19664200786623823,0.677568903527002,4.057207281508652,Loser (1991),Comedy,102336,
3993,-1.0735074734274486,0.994974489898373,2.6880606460034953,Quills (2000),Drama|Romance,180073,10876.0
3688,-1.0682756578076709,0.6505606132753119,2.1249055477217436,Porky's (1982),Comedy,84522,10246.0
148888,-0.21256674315003746,0.3052090780163887,3.0705275761569735,Zoolander 2 (2016),Comedy,1608290,329833.0
3696,0.10049758836271362,0.13152139420147063,4.531106190222017,Night of the Creeps (1986),Comedy|Horror|Sci-Fi|Thriller,91630,15762.0
6794,-0.16254520004022763,0.13152139420147063,2.531106190222017,Beethoven's 2nd (1993),Children|Comedy,106375,10438.0
963,-0.06401098013382155,0.43851677948819323,3.6210187272810934,"Inspector General, The (1949)",Musical,41509,40206.0
127323,-0.7793217636933445,0.33860448768361584,1.4654207845356786,Vice (2015),Action|Adventure|Sci-Fi|Thriller,3480796,307663.0
954,1.0685637215679566,3.6213677562514723,4.062062151810771,Mr. Smith Goes to Washington (1939),Drama,31679,3083.0
36,6.64246734489605,12.156718936236382,4.313393262305284,Dead Man Walking (1995),Crime|Drama,112818,687.0
315,-5.734940575847607,6.500166573670073,2.8847143509688724,"Specialist, The (1994)",Action|Drama|Thriller,111255,2636.0
187,0.6384557956612156,1.3248101107560688,4.248912787533582,Party Girl (1995),Comedy,114095,36196.0
6942,0.2051233808521835,9.719988110699923,3.788093545557929,Love Actually (2003),Comedy|Drama|Romance,314331,508.0
1882,-7.796192784368926,6.819075629656064,2.623698559687347,Godzilla (1998),Action|Sci-Fi|Thriller,120685,929.0
1359,-1.542172329477693,3.5642069133446017,3.3343071258421633,Jingle All the Way (1996),Children|Comedy,116705,9279.0
2558,-1.7029045761105543,0.939814614488516,1.9550323265125222,Forces of Nature (1999),Comedy|Romance,141098,1641.0
2746,-0.3753969897128696,3.6307028957540726,3.6635951635165203,Little Shop of Horrors (1986),Comedy|Horror|Musical,91419,10776.0
3712,0.13552662082350211,0.34520005231493467,4.15959342070737,Soapdish (1991),Comedy,102951,25562.0
81564,-1.3408443074360366,3.4507163205199514,3.3784204457890086,Megamind (2010),Action|Animation|Children|Comedy|Sci-Fi|IMAX,1001526,38055.0
108945,-0.1490483589277348,0.5716746580518313,3.506267943632339,RoboCop (2014),Action|Crime|Sci-Fi|IMAX,1234721,97020.0
138036,0.4941740645101188,3.2476344375457824,3.919154604707329,The Man from U.N.C.L.E. (2015),Action|Adventure|Comedy,1638355,203801.0
1217,1.0961607669951663,2.8495689049004973,4.151666290887926,Ran (1985),Drama|War,89881,11645.0
2454,-0.32109280575199617,1.666307882157214,3.574293125756139,"Fly, The (1958)",Horror|Mystery|Sci-Fi,51622,11815.0
65514,0.014847893404686827,1.7788367496226052,3.7753372592499725,Ip Man (2008),Action|Drama|War,1220719,14756.0
1277,1.985906208610692,2.5001867862881504,4.561293428732527,Cyrano de Bergerac (1990),Comedy|Drama|Romance,99334,11673.0
4380,0.369486609524224,0.3001171675161411,4.998131490488442,"Princess and the Warrior, The (Krieger und die Kaiserin, Der) (2000)",Drama|Romance,203632,9301.0
3444,0.059087404179019955,0.663961556077213,3.8559824981726045,Bloodsport (1988),Action,92675,11690.0
7624,-0.6470404963830116,0.5852104879948,2.6613359845526485,School Ties (1992),Drama,105327,14684.0
8838,0.6022158657758246,0.8262961879249688,4.49580385058417,Alice Doesn't Live Here Anymore (1974),Drama|Romance,71115,16153.0
56060,0.28960391320658585,0.7548520770222206,4.150646800957427,I Served the King of England (Obsluhoval jsem anglického krále) (2006),Comedy|Drama|Romance|War,284363,12555.0
58554,-1.5975262793489655,0.7548520770222206,1.6506468009574267,"Class, The (Klass) (2007)",Drama,988108,28205.0
47640,0.15856566585728693,0.6175905301539463,4.023739153356511,Beerfest (2006),Comedy,486551,9988.0
393,0.21975427101435188,1.9721279062252297,3.8784203208868244,Street Fighter (1994),Action|Adventure|Fantasy,111301,11667.0
36535,0.7563280551684676,0.4243972472575414,5.549113196290069,Everything Is Illuminated (2005),Comedy|Drama,404030,340.0
2511,-1.308623064051029,1.2554139885066313,2.7246066026689473,"Long Goodbye, The (1973)",Crime|Film-Noir,70334,1847.0
93008,0.8096672993832544,0.49842644783279677,5.391437193917003,"Very Potter Sequel, A (2010)",Comedy|Musical,2040264,59017.0
2208,0.059217520521597414,0.48190412686312056,3.8898726598093085,"Lady Vanishes, The (1938)",Drama|Mystery|Thriller,30341,940.0
3402,0.012487305310870908,0.06893676767508185,3.9481317304680914,Turtle Diary (1985),Comedy|Drama|Romance,90219,123047.0
82169,-0.03694873424222511,0.7048193541118231,3.7145673065261593,"Chronicles of Narnia: The Voyage of the Dawn Treader, The (2010)",Adventure|Children|Fantasy,980970,10140.0
1993,-0.03102380583875701,0.13152139420147063,3.531106190222017,Child's Play 3 (1991),Comedy|Horror|Thriller,103956,11187.0
3046,0.19278482572024758,0.21112033903603206,4.680141656026404,"Incredibly True Adventure of Two Girls in Love, The (1995)",Comedy|Romance,113416,29371.0
5745,0.19278482572024758,0.21112033903603206,4.680141656026404,"Four Seasons, The (1981)",Comedy|Drama,82405,25113.0
2057,-0.06401098013382155,0.43851677948819323,3.6210187272810934,"Incredible Journey, The (1963)",Adventure|Children,57180,37969.0
3846,0.15524740961027506,0.43851677948819323,4.121018727281093,Easy Money (1983),Comedy,85470,18391.0
3053,1.2259362848519237,2.326494697108312,4.293935951776938,"Messenger: The Story of Joan of Arc, The (1999)",Drama|War,151137,10047.0
89,-0.18592358310291462,1.980307483110921,3.6731040717287726,Nick of Time (1995),Action|Thriller,113972,2086.0
46530,-3.9411682721647066,5.223054184836082,3.012418706765278,Superman Returns (2006),Action|Adventure|Sci-Fi|IMAX,348150,1452.0
56367,1.7472375545166936,11.048357609596017,3.9251348423580508,Juno (2007),Comedy|Drama|Romance,467406,7326.0
84374,-0.21078975675418005,1.7437474154054453,3.6461070974624374,No Strings Attached (2011),Comedy|Romance,1411238,41630.0
3668,-1.69268736276621,4.0171714624543835,3.3456273052441023,Romeo and Juliet (1968),Drama|Romance,63518,6003.0
48304,1.509255300179978,4.273051472180493,4.12019345532555,Apocalypto (2006),Adventure|Drama|Thriller,472043,1579.0
2706,-0.9431924745366452,15.828119463441993,3.7074006175352525,American Pie (1999),Comedy|Romance,163651,2105.0
422,0.1942765200790784,1.0298467593845924,3.9556363381702924,Blink (1994),Thriller,109297,26203.0
2555,-1.1581359598563237,0.8153259342000212,2.3465326420243993,Baby Geniuses (1999),Comedy,118665,22345.0
3825,-2.8442772414759228,4.026847462794014,3.060661763113113,Coyote Ugly (2000),Comedy|Drama|Romance,200550,6282.0
2376,2.195422290119045,3.7856028736633047,4.3469302277495965,"View to a Kill, A (1985)",Action|Adventure|Thriller,90264,707.0
107449,-1.0065603460054817,0.5716746580518313,2.006267943632339,"Muppet Christmas: Letters to Santa, A (2008)",Children|Comedy,1292569,27190.0
6721,-0.018702277442031456,1.4575158522261709,3.754158679576084,Once Upon a Time in China (Wong Fei Hung) (1991),Action|Adventure|Drama,103285,10617.0
3836,2.527966622111933,3.556497753622422,4.477792545962594,Kelly's Heroes (1970),Action|Comedy|War,65938,11589.0
27788,-0.33123721076252044,1.4140894315908092,3.5327496531789504,"Jacket, The (2005)",Drama|Mystery|Sci-Fi|Thriller,366627,9667.0
48385,-3.60437259711303,11.72952608618603,3.4596997348808403,Borat: Cultural Learnings of America for Make Benefit Glorious Nation of Kazakhstan (2006),Comedy,443453,496.0
69849,0.09336065852968418,0.19457248761213886,4.246814852665645,Roots (1977),Drama|War,75572,67479.0
1476,-1.3520668065619257,2.2810196816975696,3.1742436273860504,Private Parts (1997),Comedy|Drama,119951,9403.0
2310,-0.3008397982459487,0.6095632481147208,3.2734569308169372,"Mighty, The (1998)",Drama,119670,9821.0
145839,0.2215085176553936,0.49617907954808144,4.213418862690707,Concussion (2015),Drama,3322364,321741.0
142961,-0.2521697855932143,0.8985360176309931,3.4863451299718133,Life Eternal (2015),Comedy|Crime|Thriller,3642618,277967.0
64285,0.424058069276914,0.48798189712969725,4.635993981299036,Wallace and Gromit in 'A Matter of Loaf and Death' (2008),Animation|Comedy,1118511,14447.0
4585,-0.009260603239608754,0.4564154453807231,3.7467004361896725,"Dream Team, The (1989)",Comedy,97235,14550.0
47518,0.4572144294451591,1.7975709475501869,4.021341547922282,Accepted (2006),Comedy,384793,9788.0
6303,0.2741760879161487,1.19667880971615,3.996104474357918,"Andromeda Strain, The (1971)",Mystery|Sci-Fi,66769,10514.0
3910,3.2127207615348166,4.158807271905249,4.539500424933945,Dancer in the Dark (2000),Drama|Musical,168629,16.0
40339,-0.78082879873412,0.8181597049435099,2.8126181876053904,Chicken Little (2005),Action|Adventure|Animation|Children|Comedy|Sci-Fi,371606,9982.0
105746,-0.34399038098414453,0.3349380025371933,2.739963264235109,UnHung Hero (2013),Documentary,2708946,173495.0
6638,-0.46594172939606476,0.3338523294738158,2.3713381173490924,Valley Girl (1983),Comedy|Romance,86525,19053.0
67923,0.004820209561826799,1.0600611550386092,3.7715373964351873,"Fast & Furious (Fast and the Furious 4, The) (2009)",Action|Crime|Drama|Thriller,1013752,13804.0
5391,0.0025867122544967975,0.002553118588853982,4.7801481859989785,Thirteen Conversations About One Thing (a.k.a. 13 Conversations) (2001),Drama,268690,17734.0
2457,0.4722679099208025,0.8873650412644887,4.299204079229064,Running Scared (1986),Action|Comedy,91875,15698.0
79008,-0.11208686237908115,1.4367304707219712,3.6889750582986727,South Park: Imaginationland (2008),Animation|Comedy|Fantasy,1308667,16023.0
147378,-0.11447404135398317,0.27236927080775303,3.346700436189672,Doctor Who: Planet of the Dead (2009),Adventure|Children|Drama|Sci-Fi,1337072,282963.0
517,0.5998867036354476,0.6612244968781638,4.6742263456849376,Rising Sun (1993),Action|Drama|Mystery,107969,7007.0
3406,-0.27940759738894627,0.36675986552339207,3.005163211327389,Captain Horatio Hornblower R.N. (1951),Action|Adventure|Drama|War,43379,23928.0
6306,0.4608225545736541,0.5277933064494101,4.640102073739477,I Am Trying to Break Your Heart (2002),Documentary,327920,14308.0
