movieId,num,den,pred,title,genres,imdbId,tmdbId
1580,2.0647191124017,27.268965642855534,3.354288239375459,Men in Black (a.k.a. MIB) (1997),Action|Comedy|Sci-Fi,119654,607.0
2366,-0.5194155207857983,1.8439105309459094,2.9968790622290427,King Kong (1933),Action|Adventure|Fantasy|Horror,24216,244.0
3175,-2.526047556021407,12.721686843952229,3.0800091162769494,Galaxy Quest (1999),Adventure|Comedy|Sci-Fi,177789,926.0
32460,-0.25582305176162784,0.8597291270096481,2.981009040925631,Knockin' on Heaven's Door (1997),Action|Comedy|Crime|Drama,119472,158.0
44022,1.6100123955482892,2.884705284132374,3.83669166511841,Ice Age 2: The Meltdown (2006),Adventure|Animation|Children|Comedy,438097,950.0
96488,-0.13866574019322467,0.40658914182206396,2.9375250849041668,Searching for Sugar Man (2012),Documentary,2125608,84334.0
1238,-2.395657483721096,2.074901135526734,2.1239826904853922,Local Hero (1983),Comedy,85859,11235.0
1342,0.5897569385950581,0.7572984468612797,4.057335654273173,Candyman (1992),Horror|Thriller,103919,9529.0
1591,3.0208628088313403,4.198906620305285,3.9980117691169648,Spawn (1997),Action|Adventure|Sci-Fi|Thriller,120177,10336.0
1645,1.1889638954150537,7.126667443601846,3.4454045107692624,The Devil's Advocate (1997),Drama|Mystery|Thriller,118971,1813.0
4519,-0.011246249577431991,0.6935308201305095,3.262355495189671,"Land Before Time, The (1988)",Adventure|Animation|Children|Fantasy,95489,12144.0
2142,0.23325105000418206,1.0810502146643108,3.4943348101795726,"American Tail: Fievel Goes West, An (1991)",Adventure|Animation|Children|Musical|Western,101329,10380.0
471,4.421422543104943,6.642733821187566,3.944174275550249,"Hudsucker Proxy, The (1994)",Comedy,110074,11934.0
3997,0.8877059234070281,1.927543303692577,3.7391089022076667,Dungeons & Dragons (2000),Action|Adventure|Comedy|Fantasy,190374,11849.0
3918,-0.3522410217031716,0.496596318288186,2.569260850278421,Hellbound: Hellraiser II (1988),Horror,95294,9064.0
7982,-0.021113694767810404,0.02887772538348671,2.5474302293451228,"Tale of Two Sisters, A (Janghwa, Hongryeon) (2003)",Drama|Horror|Mystery|Thriller,365376,4552.0
1959,-0.47922007721724624,1.1679944997226792,2.8682783344421074,Out of Africa (1985),Drama|Romance,89755,606.0
68135,-0.039599958954053625,0.2722495829957189,3.1331168110902463,17 Again (2009),Comedy|Drama,974661,16996.0
5300,0.17498375809472552,0.6452526079743,3.5497578692493947,3:10 to Yuma (1957),Action|Adventure|Drama|Thriller|Western,50086,14168.0
2659,0.3555477899318432,0.16138339401161678,5.4816964285714285,It Came from Hollywood (1982),Comedy|Documentary,84156,30168.0
5803,1.4915563317509966,1.0205019969585225,4.740162230153779,I Spy (2002),Action|Adventure|Comedy|Crime,297181,8427.0
76143,-0.43077912980328636,0.41944283691372614,2.2515444015444013,"Bone Man, The (Der Knochenmann) (2009)",Crime|Thriller,1181927,21467.0
140541,-0.2210577113464233,0.41944283691372614,2.7515444015444013,The Electric Hotel (1908),Animation|Comedy|Sci-Fi,516,143634.0
2122,-0.4607833786705853,1.220124257134556,2.900918598561534,Children of the Corn (1984),Horror|Thriller,87050,10823.0
6620,-0.8150472270729733,1.352947094409325,2.676147852334835,American Splendor (2003),Comedy|Drama,305206,2771.0
54190,-0.8607794499060877,1.806552754800633,2.8020951963558454,Across the Universe (2007),Drama|Fantasy|Musical|Romance,445922,4688.0
8638,0.9094284385253928,1.996786491673119,3.7340174376053623,Before Sunset (2004),Drama|Romance,381681,80.0
4900,0.020660643395437654,0.524225362337943,3.3179831871008045,Out Cold (2001),Comedy,253798,14369.0
1829,0.24660037361201378,0.3813407839361039,3.925238095238095,Chinese Box (1997),Drama|Romance,118851,30265.0
160563,0.16300452244942254,0.45313998518758414,3.6382936507936505,The Legend of Tarzan (2016),Action|Adventure,918940,258489.0
36525,-0.06607116425259768,0.7385899911213003,3.189115620820377,Just Like Heaven (2005),Comedy|Fantasy|Romance,425123,9007.0
6658,-1.1770337221090998,1.0468900637591363,2.15425688700185,10 (1979),Comedy|Romance,78721,9051.0
148,-1.2588235289728933,0.9999999996513638,2.019747899159664,"Awfully Big Adventure, An (1995)",Drama,112427,22279.0
496,-1.2588235289728933,0.9999999996513638,2.019747899159664,What Happened Was... (1994),Comedy|Drama|Romance|Thriller,111689,83718.0
175197,0.015876104174550577,0.17498994823504618,3.3692972350230415,The Dark Tower (2017),Fantasy|Horror|Sci-Fi|Western,1648190,353491.0
3794,0.7223697556946177,0.3461534025504529,5.365420063807161,Chuck & Buck (2000),Comedy|Drama,200530,44490.0
2866,-0.004329583881187994,0.029660461004242435,3.132599864590386,"Buddy Holly Story, The (1978)",Drama,77280,24153.0
1025,0.9734781868339464,3.4161335228374288,3.5635363400206095,"Sword in the Stone, The (1963)",Animation|Children|Fantasy|Musical,57546,9078.0
1127,-1.705306853276108,10.708738710265584,3.1193270115196454,"Abyss, The (1989)",Action|Adventure|Sci-Fi|Thriller,96754,2756.0
2387,-3.5407431609014726,4.466361098602793,2.485813502659634,Very Bad Things (1998),Comedy|Crime,124198,10029.0
2580,-6.0182692249566285,9.415352301100032,2.639373973978732,Go (1999),Comedy|Crime,139239,9430.0
1084,-1.0651162305637452,6.372864345914717,3.1114383824637497,Bonnie and Clyde (1967),Crime|Drama,61418,475.0
243,-0.3813377488760884,0.7725164719167213,2.784940855323021,Gordy (1995),Children|Comedy|Fantasy,113199,47867.0
540,1.9699770207233909,5.140864533593252,3.661770987293599,Sliver (1993),Thriller,108162,867.0
1721,7.82458514473228,19.698480048291554,3.6757891390521364,Titanic (1997),Drama|Romance,120338,597.0
858,-14.554704906786831,31.27168766250947,2.813143880692842,"Godfather, The (1972)",Crime|Drama,68646,238.0
48780,-2.1742745540013177,8.322048822119758,3.0173046899983307,"Prestige, The (2006)",Drama|Mystery|Sci-Fi|Thriller,482571,1124.0
166635,-0.034116892062155624,0.8201839796300304,3.236974795487294,Passengers (2016),Adventure|Drama|Romance|Sci-Fi,1355644,274870.0
3698,-0.5870114572668329,4.143372136237385,3.1368966192698675,"Running Man, The (1987)",Action|Sci-Fi,93894,865.0
4161,0.165050680805472,2.1512851879730586,3.355293325662619,"Mexican, The (2001)",Action|Comedy,236493,6073.0
6773,-0.5879833040265747,3.2654883890092683,3.098511592497424,"Triplets of Belleville, The (Les triplettes de Belleville) (2003)",Animation|Comedy|Fantasy,286244,9662.0
43921,-0.22287446254596108,0.41332678143623924,2.73935047179841,Running Scared (2006),Action|Crime|Thriller,404390,7304.0
56941,-0.1109691758841375,0.16329994119045588,2.599029384188726,P.S. I Love You (2007),Comedy|Drama|Romance,431308,6023.0
4929,0.30488998965108466,0.34807183367892064,4.154511278195489,"Toy, The (1982)",Comedy,84809,23805.0
8928,-0.2598474454548215,0.21310240235712877,2.059216589861751,"Fearless Vampire Killers, The (1967)",Comedy|Horror,61655,3053.0
69481,-1.975987276348322,3.460537785198253,2.707565591039411,"Hurt Locker, The (2008)",Action|Drama|Thriller|War,887912,12162.0
897,-0.30381121143921375,0.5003949364881167,2.6714285714285713,For Whom the Bell Tolls (1943),Adventure|Drama|Romance|War,35896,27854.0
4158,0.5153923278220641,0.7232697886085734,3.991157984707799,Monkeybone (2001),Animation|Comedy|Fantasy,166276,23685.0
737,0.2928908983992919,0.41108772530368315,3.9910492778745774,Barb Wire (1996),Action|Sci-Fi,115624,11867.0
1395,0.6878549626617336,0.9515077827918494,4.0014819239995125,Tin Men (1987),Comedy|Drama,94155,10896.0
3179,0.43971022762873885,0.7888918789809723,3.8359484777517565,Angela's Ashes (1999),Drama,145653,10397.0
91690,0.05748699065385504,0.7436818040034446,3.3558719492301115,Friends with Kids (2011),Comedy,1720616,80038.0
1483,-1.5137380939185576,1.4630284377366214,2.2439106831792293,Crash (1996),Drama|Thriller,115964,884.0
2563,-0.43365804881692105,0.5121510802442141,2.4318329063952464,Dangerous Beauty (1998),Drama,118892,8583.0
4219,-0.0957578706891975,0.09935779063991923,2.3148033126293996,Girls Just Want to Have Fun (1985),Comedy,89208,16263.0
1460,-0.022214568346726977,0.40501107740181624,3.2237221427463703,That Darn Cat (1997),Children|Comedy|Mystery,120317,20735.0
92008,0.20235154398408642,0.2905418188158605,3.975034143676591,Haywire (2011),Action|Thriller,1506999,70435.0
101362,0.14961986579629943,0.46539927957238825,3.6000585308586754,Olympus Has Fallen (2013),Action|Thriller,2302755,117263.0
185435,0.20235154398408642,0.2905418188158605,3.975034143676591,"Game Over, Man! (2018)",Action|Comedy,3317234,456750.0
1270,-5.704641247011359,31.46731187921968,3.0972835807594716,Back to the Future (1985),Adventure|Comedy|Sci-Fi,88763,105.0
80906,0.13652029069337232,0.9180417276645495,3.4272795826557454,Inside Job (2010),Documentary,1645089,44639.0
31,-0.3219553755215866,7.450512960263794,3.2353589172666783,Dangerous Minds (1995),Drama,112792,9909.0
516,2.1531366125010245,4.431976722582207,3.764390002827509,Renaissance Man (1994),Comedy|Drama,110971,11858.0
2572,-1.1080785936665751,7.578860383105185,3.1323649360838894,10 Things I Hate About You (1999),Comedy|Romance,147800,4951.0
3000,-2.6259324758776494,5.050970917757141,2.7586847535866355,Princess Mononoke (Mononoke-hime) (1997),Action|Adventure|Animation|Drama|Fantasy,119698,128.0
82459,0.39385099961738534,2.6207634136746467,3.4288524488124565,True Grit (2010),Western,1403865,44264.0
74948,-0.04010959584860812,0.14970272948699834,3.010643141718839,Harry Brown (2009),Crime|Drama|Thriller,1289406,25941.0
1322,0.4126645701679647,0.6793985780517078,3.8859682991261937,Amityville 1992: It's About Time (1992),Horror,103678,41671.0
1339,-1.5368449538602964,4.534079365034415,2.939617292542839,Dracula (Bram Stoker's Dracula) (1992),Fantasy|Horror|Romance|Thriller,103874,6114.0
2393,-1.365900947705527,3.8125785187624324,2.920309705964624,Star Trek: Insurrection (1998),Action|Drama|Romance|Sci-Fi,120844,200.0
3213,-3.262724867024964,2.9464838182905244,2.1712431456969905,Batman: Mask of the Phantasm (1993),Animation|Children,106364,14919.0
3704,0.14147354383259247,3.211827552657989,3.3226191059492236,Mad Max Beyond Thunderdome (1985),Action|Adventure|Sci-Fi,89530,9355.0
4489,-0.02035335866310961,2.1796100050216634,3.269233354963665,Coming to America (1988),Comedy|Romance,94898,9602.0
1303,-1.1744560272765106,2.5108298262465936,2.8108153046798345,"Man Who Would Be King, The (1975)",Adventure|Drama,73341,983.0
55363,0.14574044745834847,1.4108473405850919,3.381871369866217,"Assassination of Jesse James by the Coward Robert Ford, The (2007)",Crime|Drama|Western,443680,4512.0
7387,0.6019576213384694,2.3089505136889024,3.5392775882615943,Dawn of the Dead (1978),Action|Drama|Horror,77402,923.0
27266,0.05192904435602523,0.3239414636263084,3.4388752185670475,2046 (2004),Drama|Fantasy|Romance|Sci-Fi,212712,844.0
67618,0.10769855121447588,0.060975140206802794,5.044841269841269,Strictly Sexual (2008),Comedy|Drama|Romance,494277,13808.0
99130,-0.011336292889560236,0.41944283691372614,3.2515444015444013,Ice Cream Man (1995),Comedy|Horror,113376,44470.0
150554,-0.6405005482601495,0.41944283691372614,1.7515444015444013,The Love Bug (1997),Adventure|Children|Comedy|Fantasy,119571,32643.0
6482,0.8941412006697714,0.7369989873793166,4.4917904641215785,Dumb and Dumberer: When Harry Met Lloyd (2003),Comedy,329028,10152.0
135137,-0.001860854968820437,0.002818551722996489,2.6183547103051747,Pixels (2015),Action|Comedy|Sci-Fi,2120120,257344.0
168144,-0.001860854968820437,0.002818551722996489,2.6183547103051747,Joe Rogan: Live (2006),Comedy,822818,24439.0
2996,-7.32726643813283e-05,0.08909955988769268,3.277749060150376,Music of the Heart (1999),Drama,166943,26149.0
3761,-0.23466515959639253,0.48014211712183363,2.789830384559146,"Blood In, Blood Out (1993)",Action|Crime|Drama|Thriller,106469,9702.0
7879,-0.006935275343182442,0.03200896312238048,3.0619047619047617,Notorious C.H.O. (2002),Comedy,300274,57946.0
6559,-0.077862857277103,0.29480564246126767,3.0144555296115474,Little Giants (1994),Children|Comedy,110364,20726.0
1699,-0.3427666182978055,0.30006126913283304,2.1362493311931514,"Butcher Boy, The (1997)",Comedy|Drama,118804,22797.0
1265,-4.906307137842878,20.021965202162008,3.0335251961809595,Groundhog Day (1993),Comedy|Fantasy|Romance,107048,137.0
4239,0.17335394800793413,4.426657134210159,3.3177327963376864,Blow (2001),Crime|Drama,221027,4133.0
251,-0.18280405677481215,0.9941803029035832,3.094697279947765,"Hunted, The (1995)",Action,113360,32631.0
33615,0.8444909481251858,4.325259093727279,3.473817754820395,Madagascar (2005),Adventure|Animation|Children|Comedy,351283,953.0
150548,-0.08675468790315628,0.8241135609216146,3.1733011211563467,Sherlock: The Abominable Bride (2016),Action|Crime|Drama|Mystery|Thriller,3845232,370646.0
3986,2.3581899984070294,2.6333816631052325,4.174070182681494,"6th Day, The (2000)",Action|Sci-Fi|Thriller,216216,8452.0
1884,-2.5680309813328983,6.800393024381989,2.900941639803995,Fear and Loathing in Las Vegas (1998),Adventure|Comedy|Drama,120669,1878.0
808,0.2792354163483943,0.6179800197874302,3.73042328042328,Alaska (1996),Adventure|Children,115493,36344.0
2231,-0.7888550733246569,4.745536343399252,3.1123404662015153,Rounders (1998),Drama,128442,10220.0
71106,-0.08716248493620395,0.5540850648016231,3.121262577506456,Frequently Asked Questions About Time Travel (2009),Comedy|Sci-Fi,910554,22494.0
580,1.2441441043206156,1.05714369466101,4.455463567836914,Princess Caraboo (1994),Drama,110892,37345.0
2443,0.03682666780500046,0.9705991871344524,3.316513627877947,Playing by Heart (1998),Drama|Romance,145734,825.0
1975,1.8782261551703117,2.06691560230038,4.187281079357331,Friday the 13th Part 2 (1981),Horror,82418,9725.0
3098,-0.9713085144257718,2.195694541615052,2.8362018293323095,"Natural, The (1984)",Drama,87781,11393.0
5308,1.1278718533657126,0.9543941727173395,4.460338758682476,Three Men and a Baby (1987),Comedy,94137,12154.0
51086,-0.024547308239561055,0.8114578558206752,3.248320555943256,"Number 23, The (2007)",Drama|Mystery|Thriller,481369,3594.0
33437,-0.0921145864762327,0.35578078266807045,3.0196631598744874,Unleashed (Danny the Dog) (2005),Action|Crime|Drama|Thriller,342258,10027.0
76293,0.716233941074976,1.3394517857161263,3.813293132415399,Date Night (2010),Action|Comedy|Romance,1279935,35056.0
3089,-0.4799297697027598,2.0178965528921964,3.0407347718732,Bicycle Thieves (a.k.a. The Bicycle Thief) (a.k.a. The Bicycle Thieves) (Ladri di biciclette) (1948),Drama,40522,5156.0
142444,-0.6405005482601495,0.41944283691372614,1.7515444015444013,The Editor (2015),Comedy|Horror|Mystery,3067274,285840.0
157775,-0.6405005482601495,0.41944283691372614,1.7515444015444013,Tenchi Muyô! In Love (1996),Animation|Comedy,117876,34935.0
91653,0.025885677799097884,0.06357589921993419,3.6857332322849565,We Bought a Zoo (2011),Comedy|Drama,1389137,74465.0
75341,0.029887061822916283,0.25688641233506565,3.394914918876138,Remember Me (2010),Drama|Romance,1403981,23169.0
101088,0.029887061822916283,0.25688641233506565,3.394914918876138,Stoker (2013),Drama|Mystery|Thriller,1682180,86825.0
4042,-0.04895263648941566,0.11876002089193512,2.8663734841641957,"Alamo, The (1960)",Action|Drama|War|Western,53580,11209.0
85,-1.847397696180323,2.9750704707684004,2.6576121221173605,Angels and Insects (1995),Drama|Romance,112365,8447.0
2748,-0.285107097162914,1.339391205919485,3.0657082293038256,Allan Quatermain and the Lost City of Gold (1987),Action|Adventure|Comedy,92534,9710.0
8911,1.2373317365342758,0.8484560479092176,4.736904761904762,Raise Your Voice (2004),Romance,361696,14024.0
2025,-0.8342360566677449,1.2148288283000692,2.591860644933617,Lolita (1997),Drama|Romance,119558,9769.0
5155,-0.4747362181573093,0.48014211712183363,2.289830384559146,"Big Bird Cage, The (1972)",Action,68273,22910.0
123553,-0.6125795933560475,0.19890819737208132,0.19886128364389233,In the Name of the King III (2014),Action|Adventure|Drama|Fantasy,2379386,252360.0
2525,-0.057139386497266645,0.2399071501563318,3.0403985085061755,Alligator (1980),Action|Horror|Sci-Fi,80354,33518.0
26375,0.012105169781310125,0.09540026660984881,3.405459646094087,Silver Streak (1976),Action|Comedy|Crime,75223,11558.0
83613,0.07513073579872424,0.76046301781521,3.3773674699812695,Cowboys & Aliens (2011),Action|Sci-Fi|Thriller|Western|IMAX,409847,49849.0
26736,-0.3726684997383707,0.29480564246126767,2.0144555296115474,Riki-Oh: The Story of Ricky (Lik Wong) (1991),Action|Crime|Thriller,102293,17467.0
2259,-0.03399004488543043,0.029660461004242435,2.132599864590386,Blame It on Rio (1984),Comedy|Romance,86973,14347.0
2096,0.48326732995833505,2.123832896618977,3.5061163219232876,Sleeping Beauty (1959),Animation|Children|Musical,53285,10882.0
65,4.765498220210655,5.014680398315116,4.228880888335168,Bio-Dome (1996),Comedy,115683,9536.0
458,-0.3368612415966234,0.861616031804414,2.887606974380434,Geronimo: An American Legend (1993),Drama|Western,107004,35588.0
6934,3.5176506823098372,7.566006219211297,3.743499764656847,"Matrix Revolutions, The (2003)",Action|Adventure|Sci-Fi|Thriller|IMAX,242653,605.0
32296,0.32479434031112675,0.5146148226522665,3.9097120914796077,Miss Congeniality 2: Armed and Fabulous (2005),Adventure|Comedy|Crime,385307,10040.0
1223,-1.2944059977729865,4.771787412167899,3.0073091350182213,"Grand Day Out with Wallace and Gromit, A (1989)",Adventure|Animation|Children|Comedy|Sci-Fi,104361,530.0
4383,0.4454384202377498,0.629844846608832,3.9857907106470845,"Crimson Rivers, The (Rivières pourpres, Les) (2000)",Crime|Drama|Mystery|Thriller,228786,60670.0
104241,-0.1215010779856398,0.44306310002585536,3.0043416902372058,Kick-Ass 2 (2013),Action|Comedy|Crime,1650554,59859.0
879,1.058073103334242,0.7090590390559502,4.770792872843507,"Relic, The (1997)",Horror|Thriller,120004,11015.0
2249,1.5791434839227994,2.904699772061228,3.8222226172800675,My Blue Heaven (1990),Comedy,100212,16384.0
2622,-0.2750337041775766,1.78704332532199,3.1246670994035717,William Shakespeare's A Midsummer Night's Dream (1999),Comedy|Fantasy,140379,10210.0
103883,0.06223261449816596,0.2600853605913917,3.5178490809416316,2 Guns (2013),Action|Comedy|Crime,1272878,136400.0
108932,-2.3081360183368425,5.196641944556205,2.8344122883107157,The Lego Movie (2014),Action|Adventure|Animation|Children|Comedy|Fantasy,1490017,137106.0
5682,0.06165178544926152,0.11852113897497156,3.7987468671679196,"Grey Zone, The (2001)",Drama,252480,15192.0
76751,-0.014251729199129703,0.060975140206802794,3.0448412698412697,American Drug War: The Last White Hope (2007),Crime|Documentary,1033467,25572.0
6301,0.07642761375010898,0.9021390203093655,3.363289650518973,Straw Dogs (1971),Drama|Thriller,67800,994.0
3425,0.03278100190860966,0.16138339401161678,3.4816964285714285,Mo' Better Blues (1990),Drama|Musical,100168,41823.0
8501,-0.13396205437901643,0.2216638309868618,2.674223602484472,"Hitcher, The (1986)",Action|Thriller,91209,9542.0
27803,0.23208390548627914,0.7945687115369271,3.570659327473666,"Sea Inside, The (Mar adentro) (2004)",Drama,369702,1913.0
173963,-0.22699935051214937,0.25688641233506565,2.394914918876138,Empties (2007),Comedy,809951,6079.0
101142,0.20055197740224123,1.4281927509309003,3.418995035449086,"Croods, The (2013)",Adventure|Animation|Comedy,481499,49519.0
159441,-0.0032701308303186814,0.002818551722996489,2.1183547103051747,The Do-Over (2016),Comedy,4769836,389053.0
168326,-0.001860854968820437,0.002818551722996489,2.6183547103051747,The Big Sick (2017),Comedy|Romance,5462602,416477.0
7324,-0.06260665740816743,0.513360099084795,3.1566167664935207,Hidalgo (2004),Adventure|Drama,317648,2023.0
2392,1.8543366254869473,1.8233325014951578,4.295575526269663,Jack Frost (1998),Children|Comedy|Drama,141109,9745.0
7333,-0.0182323708014623,0.48966938723926845,3.2413373860182366,"Corbeau, Le (Raven, The) (1943)",Crime|Drama|Thriller,35753,29084.0
46974,0.7169658131290453,0.5929784501300646,4.487663956253986,World Trade Center (2006),Drama,469641,1852.0
2924,-0.9882771088446859,1.5760056388178543,2.6514942884249106,Drunken Master (Jui kuen) (1978),Action|Comedy,80179,11230.0
4307,-0.4747362181573093,0.48014211712183363,2.289830384559146,"Fast Food, Fast Women (2000)",Comedy|Romance,206742,49453.0
3834,0.36197040232899924,0.44204264284420214,4.097429989365473,Bronco Billy (1980),Adventure|Drama|Romance,80472,21866.0
81132,0.07213956609943062,0.15756799963823007,3.736402753872633,Rubber (2010),Action|Adventure|Comedy|Crime|Drama|Film-Noir|Horror|Mystery|Thriller|Western,1612774,45649.0
36533,0.17469814793384292,0.09979443573159218,5.029151474975141,Cry_Wolf (a.k.a. Cry Wolf) (2005),Drama|Horror|Mystery|Thriller,384286,10092.0
52712,0.025006494336454646,0.09979443573159218,3.5291514749751407,"Invisible, The (2007)",Crime|Drama|Fantasy|Mystery|Thriller,435670,9785.0
3566,-0.2911956441291785,0.10496587172098293,0.5043778801843315,"Big Kahuna, The (2000)",Comedy|Drama,189584,15723.0
146210,0.20235154398408642,0.2905418188158605,3.975034143676591,Blue Mountain State: The Rise of Thadland (2015),Comedy,3748440,288171.0
4000,-0.004329583881187994,0.029660461004242435,3.132599864590386,"Bounty, The (1984)",Adventure|Drama,86993,2669.0
804,0.28019441843309556,1.2613240676621262,3.500714512665937,She's the One (1996),Comedy|Romance,117628,11363.0
898,-0.7999129121036228,4.528246145672707,3.101921819347328,"Philadelphia Story, The (1940)",Comedy|Drama|Romance,32904,981.0
799,-1.0062728369297775,3.894313529185933,3.020175993949058,"Frighteners, The (1996)",Comedy|Horror|Thriller,116365,10779.0
48997,0.15057869943780106,0.753822064320677,3.4783250661536584,Perfume: The Story of a Murderer (2006),Crime|Drama|Thriller,396171,1427.0
2027,-0.4655667861123083,2.683502517003394,3.1050792171192865,Jane Austen's Mafia! (1998),Comedy|Crime,120741,9835.0
5995,-1.709019064356792,7.909718450089786,3.062505701941501,"Pianist, The (2002)",Drama|War,253474,423.0
112183,-0.36437705258828895,2.7804620889501983,3.147522329201811,Birdman: Or (The Unexpected Virtue of Ignorance) (2014),Comedy|Drama,2562232,194662.0
2802,0.57008633508358,3.1919192708621225,3.4571744215379776,Tequila Sunrise (1988),Action|Drama|Romance|Thriller,96244,10396.0
5110,-1.3415621260007873,3.0801158109345517,2.8430156870508725,Super Troopers (2001),Comedy|Crime|Mystery,247745,39939.0
481,1.7199868549548738,2.0381574483354834,4.122464453793571,Kalifornia (1993),Drama|Thriller,107302,10909.0
3105,-0.9022334200052292,2.410497704966037,2.9042780126737595,Awakenings (1990),Drama|Mystery,99077,11005.0
6552,-0.07004125528370586,1.780705742118184,3.2392380038359128,Dirty Pretty Things (2002),Crime|Drama|Thriller,301199,3472.0
63033,-0.05686935352571004,0.11852113897497156,2.7987468671679196,Blindness (2008),Drama|Mystery|Romance|Thriller,861689,8338.0
26729,-0.23419993841967168,0.7829458132803088,2.979444803909571,Hearts of Darkness: A Filmmakers Apocalypse (1991),Documentary,102015,4539.0
4477,0.5942384484411528,0.32313760684957815,5.117535497887487,Big Top Pee-Wee (1988),Adventure|Children|Comedy,94744,30502.0
92427,0.3794597616165648,0.21310240235712877,5.059216589861752,Woman in Love (Rubbeldiekatz) (2011),Comedy,1802810,80125.0
67734,0.29521840030104607,0.54298935041118,3.8222623869253836,Adventureland (2009),Comedy|Drama,1091722,16614.0
255,0.6025421022735586,2.6236526744602346,3.5082291527583847,"Jerky Boys, The (1995)",Comedy,110189,18713.0
6832,0.007319011586820159,0.3607227139218554,3.298861283643892,Regarding Henry (1991),Drama,102768,11364.0
171811,-0.2210577113464233,0.41944283691372614,2.7515444015444013,Embassy (2013),Comedy|Sci-Fi|War,3273632,256608.0
4092,0.19853369210127625,0.2216638309868618,4.1742236024844726,Cherry 2000 (1987),Romance|Sci-Fi,92746,15785.0
48872,-0.09855614434461654,0.25688641233506565,2.894914918876138,13 Tzameti (2005),Film-Noir|Thriller,475169,6077.0
2247,0.27884872667106936,1.1903665015265328,3.512825942885694,Married to the Mob (1988),Comedy,95593,2321.0
3028,0.03245782095950357,0.046890064398847256,3.9707824838478105,"Taming of the Shrew, The (1967)",Comedy,61407,25560.0
5847,0.009012788760079944,0.046890064398847256,3.4707824838478105,Ragtime (1981),Drama,82970,25566.0
5527,-0.009962007850213572,0.10155415963357323,3.180475911005645,Possession (2002),Drama|Romance,256276,30072.0
6890,-0.3778063920156878,0.5347445082671138,2.5720538558337442,Elephant (2003),Drama,363589,1807.0
7810,-0.015855001239803566,0.19890819737208132,3.1988612836438923,Babylon 5: A Call to Arms (1999),Adventure|Sci-Fi,146455,10916.0
3042,-0.4451635121131251,1.306831076853108,2.9379279284297777,Meatballs III (1987),Comedy,93516,40772.0
27822,0.7690082425837865,0.362547074686718,5.399698025023206,Open Water (2003),Drama|Thriller,374102,83.0
30745,-0.3726684997383707,0.29480564246126767,2.0144555296115474,Gozu (Gokudô kyôfu dai-gekijô: Gozu) (2003),Comedy|Crime|Drama|Horror|Mystery,361668,12487.0
133217,0.16300452244942254,0.45313998518758414,3.6382936507936505,B/W (2015),Comedy|Crime|Sci-Fi,4312536,335819.0
2542,-0.46738880966445306,9.844740012917764,3.231095435396274,"Lock, Stock & Two Smoking Barrels (1998)",Comedy|Crime|Thriller,120735,100.0
3062,-0.404703915937455,2.315513466912922,3.1037920883860255,"Longest Day, The (1962)",Action|Drama|War,56197,9289.0
1466,-1.0786204928776542,6.996756294562865,3.1244113510343783,Donnie Brasco (1997),Crime|Drama,119008,9366.0
2874,0.17069017528129565,0.7525236641580968,3.5053950932760585,"Pajama Game, The (1957)",Comedy|Musical|Romance,50814,40867.0
472,-0.3263718647189988,1.9923814996383693,3.1147615032241807,I'll Do Anything (1994),Comedy|Drama,110097,106143.0
8950,0.10166661833048259,3.672881294261497,3.3062517727440883,The Machinist (2004),Drama|Mystery|Thriller,361862,4553.0
1718,0.4126645701679647,0.6793985780517078,3.8859682991261937,Stranger in the House (1997),Thriller,120222,191874.0
1888,0.24672150232330614,1.1692139290597607,3.4895862789690035,Hope Floats (1998),Comedy|Drama|Romance,119313,9715.0
95738,-0.06781006579752989,0.2600853605913917,3.0178490809416316,"Adventures of Mary-Kate and Ashley, The: The Case of the Christmas Caper (1995)",Children|Musical|Mystery,283851,193976.0
4396,0.9209045115907637,1.6222680342834812,3.846236260848979,"Cannonball Run, The (1981)",Action|Comedy,82136,11286.0
7206,-0.15329624427625713,0.21310240235712877,2.559216589861751,Mon Oncle (My Uncle) (1958),Comedy,50706,427.0
4291,-0.013266993351058576,0.9058790973652456,3.263925993667758,Nine to Five (a.k.a. 9 to 5) (1980),Comedy|Crime,80319,19494.0
26350,-0.47026884987957446,0.6452526079743,2.5497578692493947,"Passenger, The (Professione: reporter) (1975)",Drama,73580,9652.0
3306,-0.09855614434461654,0.25688641233506565,2.894914918876138,"Circus, The (1928)",Comedy,18773,28978.0
57183,-0.3599099376574415,0.7077729611317531,2.7700609917190047,Like Stars on Earth (Taare Zameen Par) (2007),Drama,986264,7508.0
121715,-0.00045157910732219244,0.002818551722996489,3.1183547103051747,Sebastian Maniscalco: What's Wrong with People? (2012),Comedy,2215489,102517.0
128097,-0.001860854968820437,0.002818551722996489,2.6183547103051747,Jim Norton: American Degenerate (2013),Comedy,3234126,216553.0
173255,0.0023669726156742964,0.002818551722996489,4.118354710305175,"Norm Macdonald: Hitler's Dog, Gossip & Trickery (2017)",Comedy,6878486,456193.0
8640,-0.5355111209815786,0.9559161804459397,2.718364234744288,King Arthur (2004),Action|Adventure|Drama|War,349683,9477.0
4799,0.10245951727474967,0.19181619726568355,3.812726097130693,"It's a Mad, Mad, Mad, Mad World (1963)",Action|Adventure|Comedy|Crime,57193,11576.0
7222,-0.21858434258174222,0.302436631314204,2.55582715770745,Reefer Madness (a.k.a. Tell Your Children) (1938),Comedy|Drama,28346,37833.0
2035,0.18495607041848458,0.23532660461830981,4.064526211365647,Blackbeard's Ghost (1968),Children|Comedy,62737,16249.0
5670,0.14770940417876138,0.3736481792117796,3.673888232979142,Comedian (2002),Comedy|Documentary,328962,19973.0
54372,-0.006644433719684413,0.15756799963823007,3.236402753872633,Tell No One (Ne le dis à personne) (2006),Crime|Drama|Mystery|Thriller,362225,10795.0
3703,-1.0483051906600185,3.8814724326920196,3.008492171578494,"Road Warrior, The (Mad Max 2) (1981)",Action|Adventure|Sci-Fi|Thriller,82694,8810.0
6378,0.032143509991619156,5.182957567777144,3.2847731984241197,"Italian Job, The (2003)",Action|Crime,317740,9654.0
62434,-0.687872980819082,1.612749874830637,2.8520496277922973,Zack and Miri Make a Porno (2008),Comedy|Drama|Romance,1007028,10358.0
106487,1.3206989889487384,2.4884682489900665,3.809299111950446,The Hunger Games: Catching Fire (2013),Action|Adventure|Sci-Fi|IMAX,1951264,101299.0
513,-0.3238733943810097,0.9193057282080396,2.9262692678829256,Radioland Murders (1994),Comedy|Mystery|Romance,110939,22588.0
1016,-0.07346559760374469,0.948966189212282,3.2011549742879235,"Shaggy Dog, The (1959)",Children|Comedy,53271,15944.0
2396,0.8621080283402679,14.886029238975128,3.3364853298879105,Shakespeare in Love (1998),Comedy|Drama|Romance,138097,1934.0
78,-0.11291353618756254,0.46068722764525516,3.033473389355742,"Crossing Guard, The (1995)",Action|Crime|Drama|Thriller,112744,27526.0
322,0.9710666733026162,1.6505040376188331,3.8669169588880736,Swimming with Sharks (1995),Comedy|Drama,114594,20306.0
1005,1.127515369688456,1.1338803346118127,4.272957992365626,D3: The Mighty Ducks (1996),Children|Comedy,116000,10680.0
89753,0.4948939893217604,1.113650901607306,3.722960229952087,Tinker Tailor Soldier Spy (2011),Drama|Film-Noir|Thriller,1340800,49517.0
48342,-0.014251729199129703,0.060975140206802794,3.0448412698412697,Conversations with Other Women (2005),Comedy|Drama|Romance,435623,15624.0
86377,-0.07128545796610887,0.3882276700976518,3.094953764358627,Louis C.K.: Shameless (2007),Comedy,927619,24447.0
5867,0.04126114559880517,0.7343521678619926,3.3347585652131486,Thief (1981),Crime|Drama|Thriller,83190,11524.0
918,0.33265307289102763,1.4091905369199476,3.5146311126068492,Meet Me in St. Louis (1944),Musical,37059,909.0
25887,-0.6405005482601495,0.41944283691372614,1.7515444015444013,Tales of Manhattan (1942),Comedy|Drama,35415,27655.0
4624,0.08770177660784535,0.2216638309868618,3.674223602484472,Meet the Feebles (1989),Animation|Comedy|Musical,97858,8216.0
6678,-0.023130138885585544,0.2216638309868618,3.174223602484472,"Handmaid's Tale, The (1990)",Drama|Sci-Fi,99731,20815.0
95720,-0.2575241998735908,0.6029064502442075,2.8514335205771113,"Watch, The (2012)",Comedy|Sci-Fi,1298649,80035.0
4167,1.7698225294462953,1.6099083643211383,4.3779026505646685,15 Minutes (2001),Thriller,179626,2749.0
178111,0.7688625104480827,0.45088654879668744,4.9837953091684435,"Fireworks, Should We See It from the Side or the Bottom? (2017)",Animation,6317962,431819.0
31364,-0.6178698464841064,0.715793390173145,2.4153756307803254,Memories of Murder (Salinui chueok) (2003),Crime|Drama|Mystery|Thriller,353969,11423.0
5949,-0.16421243335791447,0.15756799963823007,2.236402753872633,Intact (Intacto) (2001),Thriller,220580,10856.0
71462,0.1755277359134674,0.15538520884143014,4.408201058201058,"Cove, The (2009)",Documentary,1313104,23128.0
9018,-0.08329509682853868,0.09540026660984881,2.405459646094087,Control Room (2004),Documentary|War,391024,18889.0
37720,0.5232069408174241,0.4204713642583314,4.522905728816363,"Exorcism of Emily Rose, The (2005)",Crime|Drama|Horror|Thriller,404032,8643.0
53127,0.049226905157698286,0.39460007819285986,3.403322810738258,Bug (2007),Drama|Horror|Thriller,470705,12526.0
4531,0.20235154398408642,0.2905418188158605,3.975034143676591,Red Heat (1988),Action,95963,9604.0
33132,0.5117484276454324,0.29480564246126767,5.014455529611547,State Property 2 (2005),Action|Crime|Drama,403537,13409.0
362,0.2164670773731947,9.60153074116042,3.3011164876051127,"Jungle Book, The (1994)",Adventure|Children|Romance,110213,10714.0
673,0.8955322119232599,9.502031652552136,3.372817821834361,Space Jam (1996),Adventure|Animation|Children|Comedy|Fantasy|Sci-Fi,117705,2300.0
3087,0.5074700230108693,4.136447785072409,3.4012539932691443,Scrooged (1988),Comedy|Fantasy|Romance,96061,9647.0
187593,-1.0994517265436239,1.7414842855945762,2.647241168724582,Deadpool 2 (2018),Action|Comedy|Sci-Fi,5463162,383498.0
56921,0.12091235493674729,0.11852113897497156,4.298746867167919,Battlestar Galactica: Razor (2007),Action|Drama|Sci-Fi|Thriller,991178,69315.0
613,-0.5195564092399763,0.4288402108012502,2.067032967032967,Jane Eyre (1996),Drama|Romance,116684,47333.0
188301,-0.046745043097692736,0.21310240235712877,3.059216589861751,Ant-Man and the Wasp (2018),Action|Adventure|Comedy|Fantasy|Sci-Fi,5095030,363088.0
6939,0.04672341100767309,0.060975140206802794,4.044841269841269,Gloomy Sunday (Ein Lied von Liebe und Tod) (1999),Drama|Romance,155722,1277.0
321,-0.05784893014476364,0.18626084101555768,2.9679912237932715,Strawberry and Chocolate (Fresa y chocolate) (1993),Drama,106966,12527.0
5529,-0.2210577113464233,0.41944283691372614,2.7515444015444013,Serving Sara (2002),Comedy|Romance,261289,12771.0
67888,-0.43077912980328636,0.41944283691372614,2.2515444015444013,Man on the Flying Trapeze (1935),Comedy,26676,55773.0
104875,-0.43077912980328636,0.41944283691372614,2.2515444015444013,"History of Future Folk, The (2012)",Adventure|Comedy|Musical|Sci-Fi,2245195,115199.0
2625,-0.023130138885585544,0.2216638309868618,3.174223602484472,Black Mask (Hak hap) (1996),Action|Adventure|Crime|Sci-Fi|Thriller,115693,9460.0
4126,-0.09889034740047525,0.9549417907139415,3.175015014597188,Less Than Zero (1987),Drama,93407,13703.0
147300,-0.22699935051214937,0.25688641233506565,2.394914918876138,Adventures Of Sherlock Holmes And Dr. Watson: The Twentieth Century Approaches (1986),Crime|Mystery,91942,270393.0
163134,-0.06958892723593448,1.1609129463193373,3.218628150777374,Your Name. (2016),Animation|Drama|Fantasy|Romance,5311514,372058.0
175577,0.005185524338670785,0.002818551722996489,5.118354710305175,Rory Scovel Tries Stand-Up for the First Time (2017),Comedy,7044010,461634.0
4259,-0.07024892335140788,0.15684099211314295,2.8306724296876973,"Luzhin Defence, The (2000)",Drama|Romance,211492,52654.0
5222,-0.0018222930909498783,0.007316370768142061,3.0295007966011687,Kissing Jessica Stein (2001),Comedy|Romance,264761,15647.0
2971,-0.4747362181573093,0.48014211712183363,2.289830384559146,All That Jazz (1979),Drama|Fantasy|Musical,78754,16858.0
5427,0.9656901332081915,0.48014211712183363,5.289830384559146,Caveman (1981),Comedy,82146,18905.0
8042,-0.23466515959639253,0.48014211712183363,2.789830384559146,Mean Streets (1973),Crime|Drama,70379,203.0
62299,0.014923086440458404,0.04815759295761459,3.5884516680923864,Alone in the Dark II (2008),Action|Horror,913951,12683.0
54256,-0.024890723529341442,0.09979443573159218,3.0291514749751407,Hot Rod (2007),Comedy,787475,10074.0
89047,-0.0881902748317741,0.2905418188158605,2.975034143676591,Hesher (2010),Drama,1403177,44835.0
1533,-0.316090451956741,0.3461534025504529,2.3654200638071607,"Promise, The (La promesse) (1996)",Drama,117398,105045.0
5543,-0.03399004488543043,0.029660461004242435,2.132599864590386,"Swarm, The (1978)",Action|Horror|Sci-Fi,78350,46878.0
4061,-0.316090451956741,0.3461534025504529,2.3654200638071607,The Man in the Moon (1991),Drama|Romance,102388,17474.0
593,-13.079716245745605,50.66569912366018,3.0204142044142754,"Silence of the Lambs, The (1991)",Crime|Horror|Thriller,102926,274.0
2797,-0.808710828858094,11.575263646205498,3.2087059936598705,Big (1988),Comedy|Drama|Fantasy|Romance,94737,2280.0
3441,0.40735357434234803,2.50159106584825,3.441409224046294,Red Dawn (1984),Action|Drama|War,87985,1880.0
1199,-5.096236332664446,7.969385744025854,2.6390947491441876,Brazil (1985),Fantasy|Sci-Fi,88846,68.0
1653,-6.669132582063487,11.36209211371074,2.6916079965450517,Gattaca (1997),Drama|Sci-Fi|Thriller,119177,782.0
1212,-0.6584463034565481,4.77612403203814,3.1407093674022244,"Third Man, The (1949)",Film-Noir|Mystery|Thriller,41959,1092.0
148626,-0.9674924746195767,2.631541496531147,2.910919056038102,"Big Short, The (2015)",Drama,1596363,318846.0
2513,1.2941901818439072,0.8772580324866207,4.753838834417206,Pet Sematary (1989),Horror,98084,8913.0
6157,-0.043119910146484475,2.5152742883830954,3.261428204730738,Daredevil (2003),Action|Crime,287978,9480.0
73106,0.7020054985330568,0.9700700163209783,4.0022362019611215,American Pie Presents: The Book of Love (American Pie 7: The Book of Love) (2009),Comedy,1407050,26123.0
60647,0.06165178544926152,0.11852113897497156,3.7987468671679196,Transsiberian (2008),Crime|Drama|Thriller,800241,6687.0
64983,0.18504350815186038,0.7492639466163968,3.5255384806863725,Valkyrie (2008),Drama|Thriller|War,985699,2253.0
1468,0.9680026946516228,1.0689198468719265,4.184161026785339,Booty Call (1997),Comedy|Romance,118750,21915.0
4474,0.07382517078488798,0.165368382558149,3.725,Beaches (1988),Comedy|Drama|Musical,94715,15592.0
140715,0.04323483915558397,0.6972946005519863,3.340575119868276,Straight Outta Compton (2015),Drama,1398426,277216.0
4713,-0.22710814785079056,0.3777963584367433,2.677432368389575,Altered States (1980),Drama|Sci-Fi,80360,11542.0
7132,0.0240617967807515,0.30422339279202804,3.3576639551517253,"Night at the Opera, A (1935)",Comedy|Musical|Romance,26778,37719.0
6188,-0.1291700180475756,4.236149023834157,3.2480791070499673,Old School (2003),Comedy,302886,11635.0
26778,-0.23951740770686653,0.35578078266807045,2.60535516907962,Ladybugs (1992),Comedy,104670,19087.0
50685,0.0818018399221512,0.33001434536894686,3.526445016704996,Waitress (2007),Comedy|Drama|Romance,473308,10758.0
57951,-0.014703308306451895,0.06379369192979928,3.0480892623623945,Fool's Gold (2008),Action|Adventure|Comedy|Romance,770752,8676.0
164707,-0.2210577113464233,0.41944283691372614,2.7515444015444013,Go Figure (2005),Children|Comedy|Drama,447987,55504.0
105593,-0.22699935051214937,0.25688641233506565,2.394914918876138,Filth (2013),Comedy|Crime|Drama,1450321,85889.0
111375,0.0023669726156742964,0.002818551722996489,4.118354710305175,Walk of Shame (2014),Comedy,2463288,187596.0
66297,-0.09432499828217399,0.3256038838963321,2.9888789434774674,Futurama: Into the Wild Green Yonder (2009),Action|Animation|Comedy|Sci-Fi,1054487,15060.0
5298,-0.23466515959639253,0.48014211712183363,2.789830384559146,Human Nature (2001),Comedy|Romance,219822,441.0
106873,0.543419236049739,0.45088654879668744,4.4837953091684435,Evangelion: 3.0 You Can (Not) Redo (2012),Action|Animation|Drama,860907,75629.0
33138,-0.06687734729421922,0.05460239114528025,2.053765227021041,Palindromes (2004),Adventure|Comedy|Drama,362004,13073.0
101531,0.15704692969432738,0.1346886189488228,4.444571428571429,Phil Spector (2013),Drama,1745862,173153.0
4782,0.03819459096648018,0.02587128606547155,4.754902789518174,Sidewalks of New York (2001),Comedy|Romance,239986,31016.0
34330,0.020082580988034157,0.14315275678649989,3.418859198355601,November (2004),Drama|Mystery,368089,9775.0
5962,-2.2608695643164016,0.9999999996014853,1.0177018633540373,Body of Evidence (1993),Drama|Thriller,106453,2149.0
143385,0.19735909533564086,0.2714293783292458,4.00568172352352,Bridge of Spies (2015),Drama|Thriller,3682448,296098.0
54272,0.11133219670786405,3.4153075766750436,3.311169428666123,"Simpsons Movie, The (2007)",Animation|Comedy,462538,35.0
2294,-2.9403409719589444,6.570569341838772,2.83106972529649,Antz (1998),Adventure|Animation|Children|Comedy|Fantasy,120587,8916.0
2606,1.3114820871235917,2.9523944442267593,3.722781073284763,Idle Hands (1999),Comedy|Horror,138510,6552.0
126548,0.24926211596380127,0.6489719271274015,3.6626590994621107,The DUFF (2015),Comedy,1666801,272693.0
7481,-0.17539049250068162,0.11852113897497156,1.7987468671679196,Enemy Mine (1985),Adventure|Drama|Sci-Fi,89092,11864.0
1863,1.7406907319496956,1.888367955623984,4.200367801341644,Major League: Back to the Minors (1998),Comedy,120742,9771.0
3844,0.19418599909982562,0.7918135998387666,3.523813489505172,Steel Magnolias (1989),Drama,98384,10860.0
2739,0.5410670848380633,2.329721724642315,3.510816798958372,"Color Purple, The (1985)",Drama,88939,873.0
78105,0.1171078695647123,0.5298093624246926,3.499609178883661,Prince of Persia: The Sands of Time (2010),Action|Adventure|Fantasy|Romance|IMAX,473075,9543.0
4773,0.2676798508328608,0.5090198425053204,3.804444544863674,Haiku Tunnel (2001),Comedy,273253,75386.0
6754,0.6602481030917432,1.9721810397590092,3.61335210528477,Underworld (2003),Action|Fantasy|Horror,320691,277.0
54734,0.016235840904271694,0.060975140206802794,3.5448412698412697,Sydney White (2007),Comedy,815244,10760.0
64622,0.03115051972905014,0.2954581948872178,3.384002654606438,"Reader, The (2008)",Drama|Romance,976051,8055.0
950,0.14640967272929375,0.7205092471376423,3.4817744732387017,"Thin Man, The (1934)",Comedy|Crime,25878,3529.0
112497,0.000957696754176052,0.002818551722996489,3.6183547103051747,Tammy (2014),Comedy,2103254,226486.0
6213,0.9571608282013757,1.005106448695499,4.230869396059001,Tears of the Sun (2003),Action|Drama|Thriller,314353,9567.0
4452,0.039523296574221545,0.9177936466431751,3.3216348085793177,Made (2001),Comedy,227005,15745.0
155,1.5521504949507898,1.7973230342285964,4.142161593161383,Beyond Rangoon (1995),Adventure|Drama|War,112495,1873.0
3436,-0.3925082000687772,0.3932227498598197,2.2803885914677697,Dying Young (1991),Drama|Romance,101787,9079.0
56274,0.14770940417876138,0.3736481792117796,3.673888232979142,Margot at the Wedding (2007),Drama,757361,13998.0
3431,0.18276776365906516,0.2399071501563318,4.0403985085061755,Death Wish 2 (1982),Action|Drama,82250,14373.0
3843,-0.2000067305739924,0.32067692852673924,2.6548697750322496,Sleepaway Camp (1983),Horror,86320,13567.0
40946,0.17469814793384292,0.09979443573159218,5.029151474975141,Sarah Silverman: Jesus Is Magic (2005),Comedy|Musical,422528,16156.0
77667,0.20235154398408642,0.2905418188158605,3.975034143676591,MacGruber (2010),Action|Comedy,1470023,37931.0
90430,-0.23346118423970433,0.2905418188158605,2.475034143676591,Carnage (2011),Comedy|Drama,1692486,72113.0
99750,0.057080634576156156,0.2905418188158605,3.475034143676591,"Iceman, The (2012)",Crime|Drama|Thriller,1491044,68812.0
51091,-0.22526567850773682,0.29480564246126767,2.5144555296115474,Black Snake Moan (2006),Drama,462200,7874.0
1198,-4.881116550185324,36.216414943809504,3.14379506934983,Raiders of the Lost Ark (Indiana Jones and the Raiders of the Lost Ark) (1981),Action|Adventure,82971,85.0
368,3.506830413077949,13.00473256009524,3.5482294470560674,Maverick (1994),Adventure|Comedy|Western,110478,9359.0
34,-6.755057349931045,24.468425714927978,3.0024990147336292,Babe (1995),Children|Drama,112431,9598.0
193,2.635561358518708,7.434192385808577,3.6330902816952504,Showgirls (1995),Drama,114436,10802.0
94864,0.07374914972344615,1.7663566901045564,3.3203235560644777,Prometheus (2012),Action|Horror|Sci-Fi|IMAX,1446714,70981.0
1924,0.5631190236644237,0.8587617685429486,3.934305118975301,Plan 9 from Outer Space (1959),Horror|Sci-Fi,52077,10513.0
2888,-0.25049816697947136,0.7403737182585106,2.9402312622447697,Drive Me Crazy (1999),Comedy|Romance,164114,14429.0
119964,-0.3278954263889216,0.2600853605913917,2.0178490809416316,A Merry Friggin' Christmas (2014),Comedy,910885,286532.0
138186,-0.7180234672760092,0.2600853605913917,0.5178490809416316,Sorrow (2015),Crime|Drama|Horror,2140423,337879.0
8464,0.2767065518330825,4.5332462166477665,3.339610811523299,Super Size Me (2004),Comedy|Documentary|Drama,390521,9372.0
7587,0.3672852115899068,0.5065816791351014,4.0035980663625566,"Samouraï, Le (Godson, The) (1967)",Crime|Drama|Thriller,62229,5511.0
211,0.0023912159617757362,0.11852113897497156,3.2987468671679196,"Browning Version, The (1994)",Drama,109340,49805.0
62376,0.06165178544926152,0.11852113897497156,3.7987468671679196,City of Ember (2008),Adventure|Children|Sci-Fi,970411,13600.0
1537,-0.5475672803188836,1.9572786625036223,2.9988119386179277,Shall We Dance? (Shall We Dansu?) (1996),Comedy|Drama|Romance,117615,11239.0
4132,0.12380252767625692,0.29100695709913743,3.703999497062867,Mannequin (1987),Comedy|Romance,93493,10019.0
4321,0.5348981746191784,1.3538277668626997,3.6736720371656277,City Slickers (1991),Comedy|Western,101587,1406.0
26258,-0.2598474454548215,0.21310240235712877,2.059216589861751,"Topo, El (1970)",Fantasy|Western,67866,13041.0
5417,0.0077640306156763084,0.02887772538348671,3.5474302293451228,"Fast Runner, The (Atanarjuat) (2001)",Drama|Fantasy,285441,13245.0
6124,0.18768036854774786,0.3607227139218554,3.798861283643892,Savannah Smiles (1982),Comedy,84633,17132.0
7647,0.007319011586820159,0.3607227139218554,3.298861283643892,Noises Off... (1992),Comedy,105017,26670.0
52767,0.04672341100767309,0.060975140206802794,4.044841269841269,21 Up (1977),Documentary,75610,20553.0
72167,-0.08380078172839607,0.3543355107456598,3.042070205332339,"Boondock Saints II: All Saints Day, The (2009)",Action|Crime|Drama|Thriller,1300851,22821.0
3152,-0.4991314718241899,1.0831201134521105,2.817743986051353,"Last Picture Show, The (1971)",Drama,67328,25188.0
44777,-0.43077912980328636,0.41944283691372614,2.2515444015444013,Evil Aliens (2005),Comedy|Horror|Sci-Fi,383353,10177.0
53578,-0.6405005482601495,0.41944283691372614,1.7515444015444013,"Valet, The (La doublure) (2006)",Comedy,449851,21427.0
102378,-0.2210577113464233,0.41944283691372614,2.7515444015444013,Syrup (2013),Comedy|Drama,762138,72525.0
118894,-0.6405005482601495,0.41944283691372614,1.7515444015444013,Scooby-Doo! Abracadabra-Doo (2010),Animation|Children|Mystery,1599351,32916.0
136511,0.003776248477172541,0.002818551722996489,4.618354710305175,Jeff Dunham: All Over the Map (2014),Comedy,4209802,300685.0
1344,0.0017711581144925492,0.38916082902052573,3.2831226525960826,Cape Fear (1962),Crime|Drama|Thriller,55824,11349.0
6005,-0.08334333575212391,0.30212201322940974,3.0027115702934455,Blue Collar Comedy Tour: The Movie (2003),Comedy|Documentary,330069,23626.0
103210,0.7688625104480827,0.45088654879668744,4.9837953091684435,Fullmetal Alchemist: The Sacred Star of Milos (2011),Action|Adventure|Animation,1776196,80518.0
117895,1.2768296938209263,0.7414283676125479,5.000692876301313,Maze Runner: Scorch Trials (2015),Action|Thriller,4046784,294254.0
193573,-0.13291058714529216,0.45088654879668744,2.9837953091684435,Love Live! The School Idol Movie (2015),Animation,3837248,333623.0
6639,-0.10775335298373247,0.5945371285355053,3.0973323640757324,Wait Until Dark (1967),Drama|Thriller,62467,11206.0
7103,-0.0006123381317271404,0.02587128606547155,3.254902789518174,Madhouse (1990),Comedy,100087,51036.0
160954,0.20235154398408642,0.2905418188158605,3.975034143676591,Nerve (2016),Drama|Thriller,3531824,328387.0
8011,-0.1198585227650426,0.4991368619256565,3.03843984962406,"Weather Underground, The (2002)",Documentary,343168,14108.0
3235,-0.8500031046114311,0.6180099413933572,1.903183999212242,Where the Buffalo Roam (1980),Comedy,81748,13005.0
101,0.45613432664930453,1.8085728778568375,3.5307782001281405,Bottle Rocket (1996),Adventure|Comedy|Crime|Romance,115734,13685.0
1500,0.6015233012706002,12.341637349181974,3.3273107720030737,Grosse Pointe Blank (1997),Comedy|Crime|Romance,119229,9434.0
126,-0.7793476307786873,3.4954671206545185,3.0556119201916854,"NeverEnding Story III, The (1994)",Adventure|Children|Fantasy,110647,27793.0
1183,-1.5979592358498746,6.9176321189915075,3.0475734211083148,"English Patient, The (1996)",Drama|Romance|War,116209,409.0
160980,0.07323696245774,0.1767124002960031,3.69301298635155,Sully (2016),Drama,3263904,363676.0
1378,-0.0848181435510043,3.565957430209564,3.254785910877792,Young Guns (1988),Action|Comedy|Western,96487,11967.0
2003,-2.0438934471652814,4.6957230195885975,2.8433043911761198,Gremlins (1984),Comedy|Horror,87363,927.0
2261,0.23962222479385717,1.0401212919735632,3.5089505455484393,One Crazy Summer (1986),Comedy,91680,18282.0
4865,-0.19431188154746856,2.6336084197293435,3.2047898139275026,From Hell (2001),Crime|Horror|Mystery|Thriller,120681,768.0
110130,-0.44822525346628767,0.6795281975051178,2.6189589870098526,"Nut Job, The (2014)",Adventure|Animation|Children|Comedy,1821658,227783.0
3198,-1.4653063588912651,2.587628820045506,2.7122976463581447,Papillon (1973),Crime|Drama,70511,5924.0
2342,-0.7883282990700612,0.7883282990700612,2.2785714285714285,Hard Core Logo (1996),Comedy|Drama,116488,21589.0
7173,-0.4933161957287969,2.511789235367193,3.082171114093339,Along Came Polly (2004),Comedy|Romance,343135,5966.0
2771,0.786615172816443,1.574206545118356,3.778261367770164,Brokedown Palace (1999),Drama,120620,17707.0
4153,1.8992963451773046,1.598287875238019,4.466903252019979,Down to Earth (2001),Comedy|Fantasy|Romance,231775,16300.0
63312,0.16635735925943604,0.21310240235712877,4.059216589861752,Krabat (2008),Drama|Fantasy,772181,4627.0
4992,1.0569979676265318,1.4740605076180366,3.9956369507558303,Kate & Leopold (2001),Comedy|Romance,35423,11232.0
58107,0.34413638932252705,0.9094311881160204,3.656979815945344,Step Up 2 the Streets (2008),Drama|Musical|Romance,1023481,8328.0
55577,-0.055012046752809934,1.1403672369504894,3.230330787337364,Saw IV (2007),Crime|Horror|Thriller,890870,663.0
7118,-0.023130138885585544,0.2216638309868618,3.174223602484472,Wings of Honneamise (Ôritsu uchûgun Oneamisu no tsubasa) (1987),Animation|Drama|Sci-Fi|War,93207,20043.0
86014,0.025885677799097884,0.06357589921993419,3.6857332322849565,Diary of a Wimpy Kid: Rodrick Rules (2011),Comedy,1650043,60307.0
38159,-0.09855614434461654,0.25688641233506565,2.894914918876138,"Short Film About Love, A (Krótki film o milosci) (1988)",Drama|Romance,95467,31056.0
47044,0.45730007429762065,0.42867991735115285,4.345334894243704,Miami Vice (2006),Action|Crime|Drama|Thriller,430357,82.0
39427,-2.6178861587354834,1.0028528747860899,0.6681325251641042,Stay (2005),Thriller,371257,8066.0
62836,-0.015855001239803566,0.19890819737208132,3.1988612836438923,Babylon 5: The Lost Tales - Voices in the Dark (2007),Sci-Fi,871427,15289.0
39400,1.0883941057863402,0.6150079222813706,5.048295144891934,"Fog, The (2005)",Action|Horror|Mystery|Thriller,432291,791.0
2907,1.5702274621106453,1.5198469986436784,4.311719807001578,Superstar (1999),Comedy,167427,13824.0
4683,-0.22526567850773682,0.29480564246126767,2.5144555296115474,"Wizard, The (1989)",Adventure|Children|Comedy|Drama,98663,183.0
3043,0.5206769483940299,0.3232042989320895,4.8895554102647925,Meatballs 4 (1992),Comedy,104837,40773.0
1226,-0.479698022838511,1.0936551333806854,2.8399523354065863,"Quiet Man, The (1952)",Drama|Romance,45061,3109.0
1259,-1.800896676504907,12.56390488188493,3.1352324990399336,Stand by Me (1986),Adventure|Drama,92005,235.0
3538,-0.7974034662249677,0.512616514001765,1.7230158730158731,East is East (1999),Comedy,166175,10557.0
4896,0.47831119450516935,11.782235203173945,3.319167392432031,Harry Potter and the Sorcerer's Stone (a.k.a. Harry Potter and the Philosopher's Stone) (2001),Adventure|Children|Fantasy,241527,671.0
830,1.6486004256382683,3.682551712343787,3.7262502541293197,"First Wives Club, The (1996)",Comedy,116313,2925.0
5447,0.7391304344880546,0.9999999996014853,4.017701863354038,Sunshine State (2002),Drama,286179,57022.0
159093,-0.4636141199918115,1.2388897090825473,2.904354000988518,Now You See Me 2 (2016),Action|Comedy|Thriller,3110958,291805.0
5254,0.8644713088271949,3.7872766269933855,3.506828140179388,Blade II (2002),Action|Horror|Thriller,187738,36586.0
5785,-0.1328493934394862,1.662295349446972,3.198652181078085,Jackass: The Movie (2002),Action|Comedy|Documentary,322802,9012.0
60766,-0.0901208431455639,0.13585294673732062,2.615200884833296,Man on Wire (2008),Documentary,1155592,14048.0
5055,0.06165178544926152,0.11852113897497156,3.7987468671679196,Dragon: The Bruce Lee Story (1993),Action|Drama,106770,10423.0
6953,-0.6095224414497188,2.5350711675512967,3.038135400876602,21 Grams (2003),Crime|Drama|Mystery|Romance|Thriller,315733,470.0
7649,0.24878506351738922,0.3851707685725032,3.924479902985054,Babylon 5: In the Beginning (1998),Adventure|Sci-Fi,120711,10940.0
8977,0.3430362832647693,0.5949021479949708,3.85519782741857,Alexander (2004),Action|Adventure|Drama|War,346491,1966.0
385,-0.09071619843872605,0.4288402108012502,3.067032967032967,"Man of No Importance, A (1994)",Drama,110455,52038.0
4293,0.05233134111777518,0.35919110066623394,3.4242636270159617,Summer Rental (1985),Comedy,90098,19357.0
5151,1.076969744825349,2.450801167264058,3.7180072176557055,40 Days and 40 Nights (2002),Comedy|Romance,243736,2752.0
5585,1.4665235432144006,0.8904125931925215,4.925587154119814,Ernest Scared Stupid (1991),Comedy,101821,32685.0
68932,0.07382517078488798,0.165368382558149,3.725,"Soloist, The (2009)",Drama|Musical,821642,17332.0
127146,-0.046745043097692736,0.21310240235712877,3.059216589861751,Kurt Cobain: Montage of Heck (2015),Documentary,4229236,319075.0
143859,0.23586634603458698,0.31522735222767356,4.026813433485494,"Hail, Caesar! (2016)",Comedy,475290,270487.0
6460,0.4947413089230178,0.9091916150285475,3.822726588765557,"Trial, The (Procès, Le) (1962)",Drama,57427,3009.0
7048,-0.22734614800957237,0.840864831043689,3.008199616579496,Nothing to Lose (1997),Action|Adventure|Comedy|Crime,119807,11676.0
2662,0.08683082105754986,0.5362088949814444,3.440506118335489,"War of the Worlds, The (1953)",Action|Drama|Sci-Fi,46534,8974.0
86833,0.4798987421279676,1.4483434855708894,3.609914612635813,Bridesmaids (2011),Comedy,1478338,55721.0
81535,-0.6445837796654459,0.45522533994176895,1.8626050420168068,Saw VII 3D - The Final Chapter (2010),Horror|Mystery|Thriller,1477076,41439.0
141544,0.3445410738797964,0.8725828221013103,3.6734234301843984,Turbo Kid (2015),Action|Adventure|Sci-Fi,3672742,310135.0
71668,-0.0032701308303186814,0.002818551722996489,2.1183547103051747,Couples Retreat (2009),Comedy|Romance,1078940,19899.0
81,0.17683616008878603,2.306930280321615,3.3552257434405077,Things to Do in Denver When You're Dead (1995),Crime|Drama|Romance,114660,400.0
5699,-0.044623052608227666,0.08909955988769268,2.777749060150376,Tom Horn (1980),Western,80031,5917.0
89804,0.06376197050215075,0.29817280766879684,3.4924137671825872,"Ides of March, The (2011)",Drama,1124035,10316.0
130444,-0.015855001239803566,0.19890819737208132,3.1988612836438923,Ruby Red (2013),Adventure|Children|Fantasy|Sci-Fi,2418558,175774.0
58876,0.025006494336454646,0.09979443573159218,3.5291514749751407,Stop-Loss (2008),Drama|War,489281,8988.0
142115,-0.10919381484657621,0.8371525804904196,3.148136645962733,The Blue Planet (2001),Documentary,296310,200813.0
5452,-0.077862857277103,0.29480564246126767,3.0144555296115474,Look Who's Talking Now (1993),Children|Comedy|Romance,107438,11982.0
6664,-0.013539394840622845,0.39411204060881594,3.244217251470654,Commando (1985),Action|Adventure,88944,10999.0
2212,0.030062950593711883,0.3461534025504529,3.3654200638071607,"Man Who Knew Too Much, The (1934)",Drama|Thriller,25452,8208.0
3313,0.48668690350859944,0.35286475993633193,4.657816280328269,Class Reunion (1982),Comedy,84395,33374.0
130576,-0.22758913894431476,0.17485746075652778,1.977001921844971,Midnight Special (2015),Drama|Sci-Fi,2649554,245703.0
1031,0.37276244677707226,2.3998240439686183,3.433900502681641,Bedknobs and Broomsticks (1971),Adventure|Children|Musical,66817,12335.0
1892,-0.398072909770979,3.9749207081606173,3.178425302649036,"Perfect Murder, A (1998)",Thriller,120787,1965.0
2683,-4.3917928086340225,16.755102449848813,3.0164546899970457,Austin Powers: The Spy Who Shagged Me (1999),Action|Adventure|Comedy,145660,817.0
210,0.43565523032009795,0.861616031804414,3.7841971530693117,Wild Bill (1995),Western,114938,65796.0
1201,-3.185762993357931,13.86846101815474,3.0488586299279774,"Good, the Bad and the Ugly, The (Buono, il brutto, il cattivo, Il) (1966)",Action|Adventure|Western,60196,429.0
1441,0.7802772118734284,2.396444449567806,3.604169300040617,Benny & Joon (1993),Comedy|Romance,106387,4104.0
2052,0.26622324512116047,2.772433278406589,3.374596551049459,Hocus Pocus (1993),Children|Comedy|Fantasy|Horror,107120,10439.0
2463,0.5070390135561155,2.319548779515654,3.4971652421759822,Ruthless People (1986),Comedy,91877,12151.0
3685,-1.14584990367751,2.585429474702755,2.8353762399619047,Prizzi's Honor (1985),Comedy|Drama|Romance,89841,2075.0
80166,0.13549917494073258,0.5534457311302488,3.523399723956444,"Switch, The (2010)",Comedy|Romance,889573,41210.0
1175,-1.6267418603600188,3.6996457879942866,2.838869372326218,Delicatessen (1991),Comedy|Drama|Romance,101700,892.0
5152,0.4412883935898767,1.2893802755614043,3.620819873001631,We Were Soldiers (2002),Action|Drama|War,277434,10590.0
28,1.3912067651634192,1.846501577119165,4.031999848239459,Persuasion (1995),Drama|Romance,114117,17015.0
436,-0.6240493691937258,1.2250420911862703,2.769160875510817,Color of Night (1994),Drama|Thriller,109456,2124.0
3841,-0.06972862373346267,0.40872471683041983,3.1079709709475427,Air America (1990),Action|Comedy,99005,11856.0
4958,0.9782462315189795,1.4214697933493645,3.9667648999317793,Behind Enemy Lines (2001),Action|Drama|War,159273,8007.0
171701,-0.15329624427625713,0.21310240235712877,2.559216589861751,The Death of Louis XIV (2016),Drama,5129510,371859.0
50804,-0.1331350490590869,0.14502210701079107,2.3605386416861824,Hannibal Rising (2007),Drama|Horror|Thriller,367959,1248.0
2313,0.3693358966907108,2.6376678328340386,3.4185950858694283,"Elephant Man, The (1980)",Drama,80678,1955.0
7325,1.0347360452693701,2.4863123904531044,3.694744411999629,Starsky & Hutch (2004),Action|Comedy|Crime|Thriller,335438,9384.0
4326,-0.11129719883106554,0.9932068846309615,3.1665130039337264,Mississippi Burning (1988),Crime|Drama|Thriller,95647,1632.0
44193,-0.1147566927536791,0.2690392051621441,2.8520287888676066,She's the Man (2006),Comedy|Romance,454945,9655.0
167772,0.827549380937892,0.41944283691372614,5.251544401544401,The Spirit of Christmas (1995),Animation|Comedy,122264,16487.0
2522,0.30936560759470716,0.2216638309868618,4.6742236024844726,Airport '77 (1977),Drama,75648,7227.0
95313,-0.09855614434461654,0.25688641233506565,2.894914918876138,Jack-Jack Attack (2005),Adventure|Animation|Children|Comedy,455565,13932.0
172583,-0.22699935051214937,0.25688641233506565,2.394914918876138,Investigation Held by Kolobki (1986),Animation,3066856,213321.0
110882,-0.3783257375699357,0.7436818040034446,2.7698515223786133,Locke (2013),Drama,2692904,210479.0
8827,0.5696111984382883,0.375998876050821,4.793499357136029,"Bill Cosby, Himself (1983)",Comedy|Documentary,83652,20120.0
6319,1.0273724119442587,0.6014222960745359,4.986809414841451,"My Father the Hero (Mon père, ce héros.) (1991)",Comedy|Drama,102465,20978.0
177939,-0.35835386154363585,0.45088654879668744,2.4837953091684435,"The Night Is Short, Walk on Girl (2017)",Animation|Romance,6335734,430214.0
3445,0.36197040232899924,0.44204264284420214,4.097429989365473,Eyes of Laura Mars (1978),Mystery|Thriller,77530,29143.0
57274,-0.16386585670880266,0.3987517137168471,2.867624337758012,[REC] (2007),Drama|Horror|Thriller,1038988,8329.0
4443,-0.004329583881187994,0.029660461004242435,3.132599864590386,Outland (1981),Action|Sci-Fi|Thriller,82869,10540.0
596,-2.0581404233871563,11.262794115032118,3.095833432798229,Pinocchio (1940),Animation|Children|Fantasy|Musical,32910,10895.0
2018,-0.07343883539793217,5.320735659211488,3.2647690448219575,Bambi (1942),Animation|Children|Drama,34492,3170.0
2583,0.06931991793047731,2.2927026285896375,3.3088064521048204,Cookie's Fortune (1999),Comedy|Drama,126250,9465.0
497,-0.9350626599044402,9.20742295737407,3.177016122137334,Much Ado About Nothing (1993),Comedy|Romance,107616,11971.0
762,2.042220471203034,3.914548800305257,3.8002715210683675,Striptease (1996),Comedy|Crime,117765,9879.0
27741,-0.1125534238088006,0.5539931075665411,3.075403875994465,"Twilight Samurai, The (Tasogare Seibei) (2002)",Drama|Romance,351817,12496.0
7147,-1.515736634715377,6.380285894717688,3.0410057991111135,Big Fish (2003),Drama|Fantasy|Romance,319061,587.0
2044,-0.2667340078837431,0.6793985780517078,2.8859682991261937,"Devil and Max Devlin, The (1981)",Comedy|Fantasy,82263,40866.0
2355,-2.8448043339278155,13.080382631606163,3.0610851046580967,"Bug's Life, A (1998)",Adventure|Animation|Children|Comedy,120623,9487.0
106920,-0.5331346300076483,3.4382342216668,3.1235108376878924,Her (2013),Drama|Romance|Sci-Fi,1798709,152601.0
8622,-0.7216479850668013,2.065226247680409,2.929143376377471,Fahrenheit 9/11 (2004),Documentary,361596,1777.0
1243,-1.7491434631595577,2.3760105399392075,2.542403202985901,Rosencrantz and Guildenstern Are Dead (1990),Comedy|Drama,100519,18971.0
1274,-2.6587528697475373,4.175912079452776,2.641883486114568,Akira (1988),Action|Adventure|Animation|Sci-Fi,94625,149.0
1621,0.7669642231637743,0.4288402108012502,5.067032967032967,Soul Food (1997),Drama,120169,29461.0
4155,0.12097998255441096,0.4191461089318921,3.5672058211528213,Sweet November (2001),Drama|Romance,230838,1921.0
4482,-0.2682623158347389,0.18706088584355804,1.8444805194805194,"Bright Lights, Big City (1988)",Drama,94799,17170.0
2905,-0.02314757817998516,0.05204497796561482,2.8338103952344875,Sanjuro (Tsubaki Sanjûrô) (1962),Action|Adventure|Drama,56443,11712.0
1296,-1.0048583111030136,2.504810216868518,2.8773999927732805,"Room with a View, A (1986)",Drama|Romance,91867,11257.0
100390,0.6145578316507103,0.42226138863672263,4.733968128787898,Identity Thief (2013),Comedy|Crime,2024432,109431.0
182731,-0.43077912980328636,0.41944283691372614,2.2515444015444013,Pixel Perfect (2004),Children|Comedy|Sci-Fi,393596,124117.0
168846,-0.0032701308303186814,0.002818551722996489,2.1183547103051747,Neal Brennan: 3 Mics (2017),Comedy,6438918,435351.0
4083,-0.1347404103240901,0.3813407839361039,2.925238095238095,Best Seller (1987),Thriller,92641,4639.0
1051,-0.36585365809771425,0.999999998800418,2.912717770034843,Trees Lounge (1996),Drama,117958,27845.0
4826,-0.4747362181573093,0.48014211712183363,2.289830384559146,"Big Red One, The (1980)",Action|Adventure|Drama|War,80437,16121.0
170697,-0.1591138440604956,0.17498994823504618,2.3692972350230415,Gifted (2017),Drama,4481414,400928.0
55995,0.6416008626011357,0.6851418970087204,4.215021039086153,Beowulf (2007),Action|Adventure|Animation|Fantasy|IMAX,442933,2310.0
162600,-0.16964178587647383,0.09424543659804102,1.4785714285714286,Miss Peregrine's Home for Peculiar Children (2016),Fantasy,1935859,283366.0
1415,-0.08695768314913364,0.03200896312238048,0.5619047619047617,"Thieves (Voleurs, Les) (1996)",Crime|Drama|Romance,118100,49935.0
1030,0.3763175948244265,1.4181497877631355,3.5439295720281905,Pete's Dragon (1977),Adventure|Animation|Children|Musical,76538,11114.0
300,-7.690291956754558,18.6289799653353,2.8657580608473445,Quiz Show (1994),Drama,110932,11450.0
412,-1.344584380635824,1.468579891058355,2.3630036825996186,"Age of Innocence, The (1993)",Drama,106226,10436.0
842,-0.490830231314589,2.2684457925493913,3.062198512398294,Tales from the Crypt Presents: Bordello of Blood (1996),Comedy|Horror,117826,9431.0
1064,1.4225387180801927,2.84631063999393,3.7783547965889217,Aladdin and the King of Thieves (1996),Animation|Children|Comedy|Fantasy|Musical|Romance,115491,11238.0
784,2.72538444865497,8.849369560175878,3.5865464125657462,"Cable Guy, The (1996)",Comedy|Thriller,115798,9894.0
180095,0.3977583165816539,0.6208306055648629,3.9192587803487355,Wonder (2017),Drama,2543472,406997.0
1489,0.530695374011521,0.967918320780401,3.8268567152716932,Cats Don't Dance (1997),Animation|Children|Musical,118829,24662.0
3706,0.41247906964356496,2.0607393613481007,3.478732146311943,Angel Heart (1987),Film-Noir|Horror|Mystery|Thriller,92563,635.0
4848,-2.1842866083043644,5.559526320519055,2.8856806529233996,Mulholland Drive (2001),Crime|Drama|Film-Noir|Mystery|Thriller,166924,1018.0
8132,-0.26072382093064334,0.7842143301560832,2.946106423910329,Gladiator (1992),Action|Drama,104346,16219.0
1772,1.2845993230155368,2.2067014248562398,3.860706967410456,Blues Brothers 2000 (1998),Action|Comedy|Musical,118747,11568.0
136864,2.085085818853433,1.480813772267679,4.686638977578882,Batman v Superman: Dawn of Justice (2016),Action|Adventure|Fantasy|Sci-Fi,2975590,209112.0
406,0.12841191087079404,0.18626084101555768,3.9679912237932715,Federal Hill (1994),Drama,109785,171857.0
1974,2.154377245942541,1.8363733659866586,4.451740940744692,Friday the 13th (1980),Horror|Mystery|Thriller,80761,4488.0
6820,-0.43348874264298126,0.5164694734481294,2.439240616338016,Ginger Snaps (2000),Drama|Horror|Thriller,210070,9871.0
146028,0.029887061822916283,0.25688641233506565,3.394914918876138,The Adventures of Sherlock Holmes and Dr. Watson: The Hound of the Baskervilles (1981),Crime|Mystery,83100,84254.0
1034,0.7372369492060971,1.05456228126212,3.9776642771453012,Freeway (1996),Comedy|Crime|Drama|Thriller,116361,11229.0
45440,-0.26480458561510717,0.48280044619182655,2.7300951632659594,Art School Confidential (2006),Comedy|Drama,364955,9786.0
2682,-0.08732840177320013,0.38916082902052573,3.0541695996592124,Limbo (1999),Drama,164085,62676.0
2349,-0.5551273408557176,1.8375452003192283,2.9764687424664675,Mona Lisa (1986),Comedy|Thriller,91538,10002.0
1163,1.0273724119442587,0.6014222960745359,4.986809414841451,Mina Tannenbaum (1994),Drama,110521,86369.0
8008,0.0054940776771921825,0.007316370768142061,4.029500796601169,Brigadoon (1954),Fantasy|Musical|Romance,46807,18283.0
1752,0.20619081406161713,0.3137090713979886,3.9358390464403175,Hard Rain (1998),Action|Crime|Thriller,120696,11258.0
41716,-0.008947320004958135,0.33069437913394556,3.25151526865607,"Matador, The (2005)",Comedy|Drama|Thriller,365485,9515.0
32584,0.10750543639115893,0.09540026660984881,4.405459646094087,"Ballad of Jack and Rose, The (2005)",Drama,357110,17113.0
6695,0.42841148344675023,0.32067692852673924,4.614531222794753,Jeepers Creepers 2 (2003),Horror|Thriller,301470,11351.0
1826,0.16585372387092462,0.11020543494054859,4.783521923620933,Barney's Great Adventure (1998),Adventure|Children,120598,17644.0
103655,0.20235154398408642,0.2905418188158605,3.975034143676591,R.I.P.D. (2013),Action|Comedy|Fantasy,790736,49524.0
54785,-0.077862857277103,0.29480564246126767,3.0144555296115474,Halloween (2007),Horror,373883,2082.0
5884,1.0685231582450705,0.3461534025504529,6.365420063807161,Chopper Chicks in Zombietown (1989),Comedy|Horror,103959,27070.0
2094,0.648631733758569,5.784543283016779,3.3907033121140633,"Rocketeer, The (1991)",Action|Adventure|Sci-Fi,102803,10249.0
71535,-0.9074357162742356,4.565271504675296,3.079802151575541,Zombieland (2009),Action|Comedy|Horror,1156398,19908.0
587,4.427301676164363,19.887574546561805,3.501187900268313,Ghost (1990),Comedy|Drama|Fantasy|Romance|Thriller,99653,251.0
3624,-1.253743739953394,6.814705600321698,3.094595213972487,Shanghai Noon (2000),Action|Adventure|Comedy|Western,184894,8584.0
1276,-3.7434650082746206,10.73131411800489,2.9297357718093293,Cool Hand Luke (1967),Drama,61512,903.0
6300,-0.11496096059210728,0.14970272948699834,2.510643141718839,Flickering Lights (Blinkende lygter) (2000),Action|Comedy|Crime,236027,10180.0
2015,-0.30966103547865087,0.8811892538786261,2.9271587960232526,"Absent-Minded Professor, The (1961)",Children|Comedy|Fantasy,54594,17984.0
135861,-0.7756504556880197,0.7266263373656602,2.211103301142834,Ted 2 (2015),Comedy,2637276,214756.0
149380,-0.45793810668461743,0.2600853605913917,1.5178490809416316,'Tis the Season for Love (2015),Romance,5056034,362886.0
27793,0.12091235493674729,0.11852113897497156,4.298746867167919,Starship Troopers 2: Hero of the Federation (2004),Action|Horror|Sci-Fi|War,367093,10304.0
64497,0.2796464721481129,0.5088573935224242,3.8281290761715505,"Day the Earth Stood Still, The (2008)",Drama|Sci-Fi|Thriller|IMAX,970416,10200.0
2752,1.2755926823614578,1.628464258708614,4.061881639735052,Outrageous Fortune (1987),Comedy|Mystery,93690,20242.0
42018,-0.16668957971613668,0.060975140206802794,0.5448412698412697,Mrs. Henderson Presents (2005),Comedy|Drama,413015,10773.0
52435,-0.06162701637283131,0.35578078266807045,3.1053551690796195,How the Grinch Stole Christmas! (1966),Animation|Comedy|Fantasy|Musical,60345,13377.0
59440,0.016235840904271694,0.060975140206802794,3.5448412698412697,Bella (2006),Drama|Romance,482463,12586.0
96110,0.39481251157921227,0.4832365288435254,4.09558853719952,"Campaign, The (2012)",Comedy,1790886,77953.0
126921,-0.6405005482601495,0.41944283691372614,1.7515444015444013,The Fox and the Hound 2 (2006),Adventure|Animation|Children|Comedy,465997,9948.0
6288,-0.33357689080425595,1.072737868703494,2.9676129917191756,Better Luck Tomorrow (2002),Crime|Drama,280477,14290.0
60904,0.029887061822916283,0.25688641233506565,3.394914918876138,Heart of a Dog (Sobachye serdtse) (1988),Comedy|Drama|Sci-Fi,96126,43680.0
159811,-0.22699935051214937,0.25688641233506565,2.394914918876138,The Bremen Town Musicians (1969),Animation|Drama|Fantasy,211281,33108.0
3795,-0.48576104925254315,0.47945246419731535,2.2654135338345864,"Five Senses, The (1999)",Drama,168794,47585.0
42007,0.02304388307094095,0.1322734484588311,3.4527854022708677,Rumor Has It... (2005),Comedy|Drama|Romance,398375,2800.0
157699,0.18259700823076863,0.7424375773359098,3.5245140017989067,Snowden (2016),Drama|Thriller,3774114,302401.0
3296,-0.6257839053658817,0.9009140219847723,2.5839614101956028,To Sir with Love (1967),Drama,62376,25934.0
731,0.14770940417876138,0.3736481792117796,3.673888232979142,Heaven's Prisoners (1996),Crime|Thriller,116508,36915.0
4229,0.06406587703195173,0.02587128606547155,5.754902789518174,Say It Isn't So (2001),Comedy|Romance,239949,20309.0
136912,-0.12251906757745332,0.09424543659804102,1.9785714285714286,God Loves Caviar (2012),Adventure,2181959,128767.0
85510,0.057080634576156156,0.2905418188158605,3.475034143676591,Sucker Punch (2011),Action|Fantasy|Thriller|IMAX,978764,23629.0
988,-0.022939756904372683,0.03200896312238048,2.5619047619047617,Grace of My Heart (1996),Comedy|Drama,116442,58985.0
2240,-0.2992627602073612,0.8164582799120477,2.912033703900917,My Bodyguard (1980),Drama,81207,21873.0
1574,1.0685231582450705,0.3461534025504529,6.365420063807161,Fall (1997),Romance,119098,37567.0
914,0.41021590302263533,4.046078026290735,3.379957486961089,My Fair Lady (1964),Comedy|Drama|Musical|Romance,58385,11113.0
2467,-0.3735301259687983,4.502779467686997,3.1956159721362782,"Name of the Rose, The (Name der Rose, Der) (1986)",Crime|Drama|Mystery|Thriller,91605,192.0
76,-0.4515038072901154,2.659096121403622,3.1087754578068267,Screamers (1995),Action|Sci-Fi|Thriller,114367,9102.0
667,-0.3813377488760884,0.7725164719167213,2.784940855323021,Bloodsport 2 (a.k.a. Bloodsport II: The Next Kumite) (1996),Action,112536,25087.0
4700,2.6886519339154917,2.8950108407854924,4.207290553224513,"Princess Diaries, The (2001)",Children|Comedy|Romance,247638,9880.0
6863,3.3769314665890313,7.149197298115756,3.7509225647582918,School of Rock (2003),Comedy|Musical,332379,1584.0
5965,0.7391304344880546,0.9999999996014853,4.017701863354038,"Duellists, The (1977)",Action|War,75968,19067.0
3435,-1.0140853012040436,2.1646432268599343,2.810094550432442,Double Indemnity (1944),Crime|Drama|Film-Noir,36775,996.0
1372,-1.054980996615809,7.120650490935799,3.130413476154196,Star Trek VI: The Undiscovered Country (1991),Action|Mystery|Sci-Fi,102975,174.0
1816,1.0920631482196725,0.6793985780517078,4.885968299126194,Two Girls and a Guy (1997),Comedy|Drama,124179,32456.0
3264,4.342543676309324,5.236962050909315,4.107781881901964,Buffy the Vampire Slayer (1992),Action|Comedy|Horror,103893,10206.0
73319,0.4385845446080888,1.0235181104335584,3.707078301226868,Leap Year (2010),Comedy|Romance,1216492,25195.0
39183,-0.10914665444097524,3.5851789969673487,3.24812757778091,Brokeback Mountain (2005),Drama|Romance,388795,142.0
2032,-0.9567246232264661,0.6179800197874302,1.7304232804232802,"Barefoot Executive, The (1971)",Children|Comedy,66811,20173.0
1480,-0.33131248895554966,2.187301853144072,3.1271005703177703,Smilla's Sense of Snow (1997),Drama|Thriller,120152,9311.0
3252,-1.3777673405615756,4.513032749001015,2.9732850685585186,Scent of a Woman (1992),Drama,105323,9475.0
52952,-0.2045118994181345,0.7637737469492715,3.01080639968033,This Is England (2006),Drama,480025,11798.0
61628,0.12091235493674729,0.11852113897497156,4.298746867167919,Sunflower (Xiang ri kui) (2005),Drama,401808,38019.0
2871,-0.9439747679640922,2.7351617860411777,2.933445676675639,Deliverance (1972),Adventure|Drama|Thriller,68473,10669.0
5040,0.12920318722776808,0.20179067582691834,3.9188546661308754,Conan the Destroyer (1984),Action|Adventure|Fantasy,87078,9610.0
5505,0.8058766782712949,1.5914432922365178,3.784952448996457,"Good Girl, The (2002)",Comedy|Drama,279113,9962.0
107406,-0.24783527749261272,0.9230979940718517,3.010089339904554,Snowpiercer (2013),Action|Drama|Sci-Fi,1706620,110415.0
1889,-0.8800684036572479,1.8741605029359956,2.808991367376796,Insomnia (1997),Drama|Mystery|Thriller,119375,26610.0
69784,-0.08850872942957183,0.7828277482905117,3.165508587323336,Brüno (Bruno) (2009),Comedy,889583,18480.0
3359,-0.4330075752791642,1.439395976294007,2.9777455388159053,Breaking Away (1979),Comedy|Drama,78902,20283.0
74553,-0.01842889616611164,0.04300075772092718,2.85,"Secret of Kells, The (2009)",Animation|Fantasy,485601,26963.0
55269,0.7712788240955153,2.1336436385471913,3.6400557974516428,"Darjeeling Limited, The (2007)",Adventure|Comedy|Drama,838221,4538.0
69304,-0.2210577113464233,0.41944283691372614,2.7515444015444013,Imagine That (2009),Comedy|Drama|Fantasy,780567,19724.0
3013,-0.13396205437901643,0.2216638309868618,2.674223602484472,Bride of Re-Animator (1990),Comedy|Horror,99180,18111.0
179133,-0.22699935051214937,0.25688641233506565,2.394914918876138,Loving Vincent (2017),Animation|Crime|Drama,3262342,339877.0
98083,0.017678904053687654,0.1375071706718193,3.4071385714143343,Jackass 3.5 (2011),Comedy|Documentary,1753968,65851.0
174815,-0.00045157910732219244,0.002818551722996489,3.1183547103051747,The House (2017),Comedy,4481514,345914.0
688,-0.7700933336425408,2.4891328459430646,2.9691892536113076,Operation Dumbo Drop (1995),Action|Adventure|Comedy|War,114048,27281.0
2526,-2.6147105239426334,0.87811650891346,0.30093634552538395,Meteor (1979),Sci-Fi,79550,40160.0
3725,0.36197040232899924,0.44204264284420214,4.097429989365473,American Pop (1981),Animation|Musical,82009,29204.0
66744,-0.11233030820331823,0.1346886189488228,2.4445714285714284,"Divo, Il (2008)",Drama,1023490,8832.0
30894,0.48914653648284534,0.39460007819285986,4.518172137022825,White Noise (2005),Drama|Horror|Mystery|Sci-Fi|Thriller,375210,11804.0
7321,-0.077862857277103,0.29480564246126767,3.0144555296115474,Twisted (2004),Thriller,315297,13572.0
26629,0.21694278518416468,0.29480564246126767,4.014455529611547,Killer Klowns from Outer Space (1988),Comedy|Horror|Sci-Fi,95444,16296.0
56012,-0.077862857277103,0.29480564246126767,3.0144555296115474,"Evening with Kevin Smith 2: Evening Harder, An (2006)",Comedy|Documentary,910873,16768.0
60293,-0.0003193998354832072,0.0032103778335747994,3.179081632653061,"Wackness, The (2008)",Comedy|Drama|Romance,1082886,13990.0
26,-0.6488494522581929,4.211682851509831,3.124512000277679,Othello (1995),Drama,114057,16420.0
27,-0.383262337628359,0.7757268497502962,2.7845027525268518,Now and Then (1995),Children|Drama,114011,9263.0
332,0.248269606476041,1.7467206924296967,3.4207061199116318,Village of the Damned (1995),Horror|Sci-Fi,114852,12122.0
2023,-4.049819737120112,7.434593220507859,2.7338449563888028,"Godfather: Part III, The (1990)",Crime|Drama|Mystery|Thriller,99674,242.0
30793,1.1888329718763009,4.621712746865165,3.5357992220301777,Charlie and the Chocolate Factory (2005),Adventure|Children|Comedy|Fantasy|IMAX,367594,118.0
145283,0.03474176889489105,0.14970272948699834,3.510643141718839,Nowitzki: The Perfect Shot (2014),Documentary,3626804,291343.0
2335,-0.35095136300891094,3.1090088990046927,3.165689357657684,"Waterboy, The (1998)",Comedy,120484,10663.0
2754,1.0920631482196725,0.6793985780517078,4.885968299126194,Deadtime Stories (1987),Horror,92850,66194.0
2857,-0.9452501071185894,2.323815999866691,2.8718050980302774,Yellow Submarine (1968),Adventure|Animation|Comedy|Fantasy|Musical,63823,12105.0
3743,0.4126645701679647,0.6793985780517078,3.8859682991261937,Boys and Girls (2000),Comedy|Romance,204175,10571.0
81834,-0.7178097799187307,4.270819114751557,3.1104983351829985,Harry Potter and the Deathly Hallows: Part 1 (2010),Action|Adventure|Fantasy|IMAX,926084,12444.0
117851,-0.009903808829594435,0.7442445588848515,3.2652642317483385,Penguins of Madagascar (2014),Adventure|Animation|Children|Comedy,1911658,270946.0
38886,0.12091235493674729,0.11852113897497156,4.298746867167919,"Squid and the Whale, The (2005)",Comedy|Drama,367089,10707.0
3270,2.181090400388122,1.4090469730370672,4.826490300067237,"Cutting Edge, The (1992)",Comedy|Drama|Romance,104040,16562.0
86781,-0.058081799951527874,0.6243674203296672,3.1855463954573358,Incendies (2010),Drama|Mystery|War,1255953,46738.0
170875,0.5818113056006512,0.5036442211729892,4.433774409448704,The Fate of the Furious (2017),Action|Crime|Drama|Thriller,4630562,337339.0
1235,-1.477606370436281,1.9492908714205766,2.5205489127426586,Harold and Maude (1971),Comedy|Drama|Romance,67185,343.0
3811,-0.1751433686844605,0.6053608082090997,2.9892508014191606,Breaker Morant (1980),Drama|War,80310,13783.0
6936,0.7027034301030495,2.981614907947853,3.514250230763458,Elf (2003),Children|Comedy|Fantasy,319343,10719.0
27020,0.0077640306156763084,0.02887772538348671,3.5474302293451228,Gia (1998),Drama|Romance,123865,14533.0
33683,-0.006674832076067047,0.02887772538348671,3.0474302293451228,High Tension (Haute tension) (Switchblade Romance) (2003),Horror|Thriller,338095,10226.0
4774,1.1056037418912381,0.790905507996388,4.676467549806036,Big Trouble (2002),Comedy|Crime,246464,2185.0
8643,0.31123535318619033,1.580041440829775,3.475550662877297,"Cinderella Story, A (2004)",Comedy|Romance,356470,11247.0
8656,-0.09855614434461654,0.25688641233506565,2.894914918876138,"Short Film About Killing, A (Krótki film o zabijaniu) (1988)",Crime|Drama,95468,10754.0
147286,-0.22699935051214937,0.25688641233506565,2.394914918876138,The Adventures of Sherlock Holmes and Doctor Watson: The Treasures of Agra (1983),Crime|Mystery,86333,127608.0
501,-0.2901354627381616,0.45313998518758414,2.6382936507936505,Naked (1993),Drama,107653,21450.0
5993,0.19345737689755965,0.5139548445299565,3.654980716189854,Max (2002),Drama,290210,13560.0
5095,-0.4747362181573093,0.48014211712183363,2.289830384559146,"Scotland, Pa. (2001)",Comedy|Crime,265713,27593.0
127212,-0.35835386154363585,0.45088654879668744,2.4837953091684435,The Stanford Prison Experiment (2015),Drama|Thriller,420293,308032.0
8864,0.12480093006804682,0.09979443573159218,4.529151474975141,Mr. 3000 (2004),Comedy|Drama,339412,16232.0
40851,0.07490371220225073,0.09979443573159218,4.029151474975141,Zathura (2005),Action|Adventure|Children|Fantasy,406375,6795.0
577,0.5763252373244059,0.4334097338726381,4.608318299216851,Andre (1994),Adventure|Children|Drama,109120,21352.0
71211,-0.077862857277103,0.29480564246126767,3.0144555296115474,"Informant!, The (2009)",Comedy|Crime|Drama|Thriller,1130080,11323.0
2439,-0.3427666182978055,0.30006126913283304,2.1362493311931514,Affliction (1997),Drama,118564,31662.0
115231,-0.14016040856605086,0.17485746075652778,2.477001921844971,St. Vincent (2014),Comedy,2170593,239563.0
1927,0.8124019469652514,2.275272439548304,3.635628426601314,All Quiet on the Western Front (1930),Action|Drama|War,20629,143.0
103249,-0.10599759066149603,0.782225029138138,3.1430636313097056,World War Z (2013),Action|Drama|Horror|IMAX,816711,72190.0
1269,-1.423400641170439,4.997695596685851,2.993760036274077,Arsenic and Old Lace (1944),Comedy|Mystery|Thriller,36613,212.0
3072,0.030101483701602816,4.752148662168792,3.284905717719669,Moonstruck (1987),Comedy|Romance,93565,2039.0
3387,0.7182567787636155,1.7776427466626077,3.682621556254333,Who's Harry Crumb? (1989),Comedy|Mystery,98645,11718.0
106918,-0.2447504531146848,1.791920524610632,3.1419858770621802,"Secret Life of Walter Mitty, The (2013)",Adventure|Comedy|Drama,359950,116745.0
135536,0.6156780535307886,0.8588125681218667,3.995465983197256,Suicide Squad (2016),Action|Crime|Sci-Fi,1386697,297761.0
42004,0.07215243207019474,0.14818159997921398,3.7654903988100807,Transamerica (2005),Adventure|Comedy|Drama,407265,546.0
103980,-0.2094604484462047,0.38523563094657726,2.7348510880319736,Blue Jasmine (2013),Drama,2334873,160588.0
4876,1.5087986776547566,1.5089553020637883,4.278467631985262,Thirteen Ghosts (a.k.a. Thir13en Ghosts) (2001),Horror|Thriller,245674,9378.0
1019,-0.5452101726517595,2.5499350482123964,3.0647580716257394,"20,000 Leagues Under the Sea (1954)",Adventure|Drama|Sci-Fi,46672,173.0
33154,-0.05881917571256964,0.6121775426997956,3.1824895379271423,Enron: The Smartest Guys in the Room (2005),Documentary,413845,13020.0
60737,-0.6405005482601495,0.41944283691372614,1.7515444015444013,Watching the Detectives (2007),Comedy|Romance,472205,22100.0
101283,0.19838512556730284,0.41944283691372614,3.7515444015444013,"Incredible Burt Wonderstone, The (2013)",Comedy,790628,124459.0
384,0.3406193390701516,0.6675502878358299,3.788824132041043,Bad Company (1995),Action|Crime|Drama,112443,40480.0
8426,-0.13396205437901643,0.2216638309868618,2.674223602484472,Robot Carnival (Roboto kânibauru) (1987),Animation|Comedy|Drama|Fantasy|Sci-Fi,93871,33441.0
175435,-0.09855614434461654,0.25688641233506565,2.894914918876138,The Magic Ring (1982),Animation|Fantasy,189195,79216.0
2331,0.04802735333497507,0.6212479340924357,3.355879296653335,Living Out Loud (1998),Comedy|Drama|Romance,120722,46889.0
4866,0.2536621189736935,0.7847672925602696,3.6018037056788645,"Last Castle, The (2001)",Action,272020,2100.0
2750,0.5963362690579385,0.9213838218298829,3.925789509602638,Radio Days (1987),Comedy|Drama,93818,30890.0
42011,0.6813233732188999,0.5665801469988615,4.4810903957957935,Fun with Dick and Jane (2005),Comedy|Crime,369441,7552.0
4919,0.005405898964524296,0.48014211712183363,3.289830384559146,Subway (1985),Crime|Drama|Romance|Thriller,90095,10656.0
6040,0.19434089402157767,0.39460007819285986,3.7710723295129482,Darkness Falls (2003),Horror|Thriller,282209,10727.0
5258,0.7223697556946177,0.3461534025504529,5.365420063807161,George Washington (2000),Drama,262432,18292.0
4830,0.1221257825687408,0.17485746075652778,3.977001921844971,Brubaker (1980),Crime|Drama,80474,1623.0
2644,0.6071620448697604,0.9762313656982787,3.9005162525174093,Dracula (1931),Horror,21814,138.0
3744,-0.4695961299305076,3.4953262112984427,3.144221699378037,Shaft (2000),Action|Crime|Thriller,162650,479.0
908,0.25860028668315405,11.098138581298077,3.3018726592047285,North by Northwest (1959),Action|Adventure|Mystery|Romance|Thriller,53125,213.0
3481,-2.8921251987153616,11.866541602436964,3.034850444344531,High Fidelity (2000),Comedy|Drama|Romance,146882,243.0
159,3.0431113371075664,2.6821205808850896,4.413162974825979,Clockers (1995),Crime|Drama|Mystery,112688,20649.0
271,0.82527101289003,1.7428404139330202,3.7520921286266122,Losing Isaiah (1995),Drama,113691,28313.0
606,-0.10263523308714012,1.6735788809552907,3.217244631098605,Candyman: Farewell to the Flesh (1995),Fantasy|Horror,112625,10824.0
44,1.934025844737583,10.675209411942344,3.459741255795051,Mortal Kombat (1995),Action|Adventure|Fantasy,113855,9312.0
78469,0.20180166243425857,2.374976093190368,3.363541404906295,"A-Team, The (2010)",Action|Comedy|Thriller,429493,34544.0
743,2.8491882635199044,4.130102603508587,3.968430382946914,Spy Hard (1996),Comedy,117723,10535.0
2134,0.4249787066723003,2.0361171066846606,3.487291597601528,Weird Science (1985),Comedy|Fantasy|Sci-Fi,90305,11814.0
2169,1.2109157771293848,1.5599964893328884,4.054801237682868,Dead Man on Campus (1998),Comedy,118301,14557.0
3017,0.3482424797424791,1.1958680514998372,3.569776197614066,Creepshow 2 (1987),Horror,92796,16288.0
3370,0.4126645701679647,0.6793985780517078,3.8859682991261937,Betrayed (1988),Drama|Thriller,94731,31618.0
5219,2.503473580846093,4.5331083850144935,3.8308356517526017,Resident Evil (2002),Action|Horror|Sci-Fi|Thriller,120804,1576.0
111743,0.1425128630027266,1.1516078233286238,3.402322639804785,A Million Ways to Die in the West (2014),Comedy|Western,2557490,188161.0
57368,0.46863670262029855,1.6180315117917985,3.568205282550782,Cloverfield (2008),Action|Mystery|Sci-Fi|Thriller,1060277,7191.0
3783,-0.9242365711281565,1.7946836778350332,2.76358564999507,Croupier (1998),Crime|Drama,159382,12706.0
71033,-0.05903838531576314,0.8412496117050509,3.2083920377053765,"Secret in Their Eyes, The (El secreto de sus ojos) (2009)",Crime|Drama|Mystery|Romance|Thriller,1305806,25376.0
1350,0.33319952073192444,2.71826014643654,3.4011496597862467,"Omen, The (1976)",Horror|Mystery|Thriller,75005,794.0
2322,0.03345975263093587,0.5822809732077694,3.336034670838486,Soldier (1998),Action|Sci-Fi|War,120157,9425.0
4267,-0.11925665216053348,0.6522723319445095,3.0957388196747524,One Night at McCool's (2001),Comedy,203755,2144.0
54116,-0.014251729199129703,0.060975140206802794,3.0448412698412697,First Snow (2006),Drama|Thriller,432289,16083.0
916,-1.8658804335758292,3.6651115032665946,2.769479022538807,Roman Holiday (1953),Comedy|Drama|Romance,46250,804.0
1135,-0.3819930079098993,0.7790327511082213,2.7882287473857,Private Benjamin (1980),Comedy,81375,10765.0
175397,-0.22699935051214937,0.25688641233506565,2.394914918876138,"In the blue sea, in the white foam. (1984)",Animation|Children|Fantasy,487132,196649.0
7225,-0.001860854968820437,0.002818551722996489,2.6183547103051747,Pumping Iron (1977),Documentary,76578,5205.0
93855,-0.2901354627381616,0.45313998518758414,2.6382936507936505,God Bless America (2011),Comedy|Drama,1912398,74306.0
122890,0.07481424761764845,0.7436818040034446,3.379171237810948,Warcraft (2016),Action|Adventure|Fantasy,803096,68735.0
3287,0.47868604181821944,0.6284445049976902,4.040271209556829,"Tigger Movie, The (2000)",Animation|Children,220099,15655.0
6509,-0.014432243439343684,0.046890064398847256,2.9707824838478105,Ali: Fear Eats the Soul (Angst essen Seele auf) (1974),Drama|Romance,71141,216.0
5214,-0.016380489314394817,0.20566614361406738,3.198925410872313,"Oh, God! (1977)",Comedy|Fantasy,76489,24032.0
3528,-0.02053919960085058,0.6122862510729639,3.2450263349736908,"Prince of Tides, The (1991)",Drama|Romance,102713,10333.0
8815,0.07213956609943062,0.15756799963823007,3.736402753872633,Exorcist: The Beginning (2004),Horror|Thriller,204313,11026.0
1875,-0.37322983845400765,0.5860605527067847,2.6417262481029518,Clockwatchers (1997),Comedy,118866,55561.0
7257,0.025006494336454646,0.09979443573159218,3.5291514749751407,"Big Bounce, The (2004)",Comedy|Crime|Thriller,315824,12634.0
8967,0.5117484276454324,0.29480564246126767,5.014455529611547,Seed of Chucky (Child's Play 5) (2004),Comedy|Horror,387575,11249.0
1210,-5.635099864528655,34.759808874745325,3.116456041664833,Star Wars: Episode VI - Return of the Jedi (1983),Action|Adventure|Sci-Fi,86190,1892.0
112552,-0.6178424041493558,3.6399260620922225,3.108831056484249,Whiplash (2014),Drama,2582802,244786.0
2076,0.7534493518479183,6.5357913244222585,3.3938519377627956,Blue Velvet (1986),Drama|Mystery|Thriller,90756,793.0
253,-2.5563302735001123,21.76363851419359,3.1611126556813645,Interview with the Vampire: The Vampire Chronicles (1994),Drama|Horror,110148,628.0
1148,-2.142808466830482,11.656208293771394,3.094737336658751,Wallace & Gromit: The Wrong Trousers (1993),Animation|Children|Comedy|Crime,108598,531.0
55247,-1.3996523204228084,5.339020632387025,3.016416172618234,Into the Wild (2007),Action|Adventure|Drama,758758,5915.0
74510,-0.11496096059210728,0.14970272948699834,2.510643141718839,"Girl Who Played with Fire, The (Flickan som lekte med elden) (2009)",Action|Crime|Drama|Mystery|Thriller,1216487,24253.0
1689,1.305344031787967,1.4764609773825346,4.162674734912837,"Man Who Knew Too Little, The (1997)",Comedy|Crime|Thriller,120483,9414.0
2371,-0.620257115137882,3.8534908477832004,3.1176116288369364,Fletch (1985),Comedy|Crime|Mystery,89155,9749.0
2804,-1.8304956967638903,7.539987837775414,3.035799724405927,"Christmas Story, A (1983)",Children|Comedy,85334,850.0
4036,-0.25690296956967656,1.65667755847247,3.1235002330597608,Shadow of the Vampire (2000),Drama|Horror,189998,10873.0
1363,1.1395330402212833,1.170243607587031,4.2523285444688,"Preacher's Wife, The (1996)",Drama,117372,21539.0
1280,-1.134389043160164,1.53671487081258,2.5403804572298645,Raise the Red Lantern (Da hong deng long gao gao gua) (1991),Drama,101640,10404.0
1866,0.7849107427767323,2.348304742620756,3.6128171201679784,"Big Hit, The (1998)",Action|Comedy|Crime,120609,9448.0
102123,-0.40173429618617945,1.2391164353379096,2.9543611407169013,This Is the End (2013),Action|Comedy,1245492,109414.0
32598,0.0950484323862919,0.216415841247762,3.7177649360257945,Fever Pitch (2005),Comedy|Romance,332047,11431.0
1955,-0.31605081574571176,0.6291704587480459,2.776242033808354,Kramer vs. Kramer (1979),Drama,79417,12102.0
6949,0.010586037861389496,0.08900113313094145,3.3975141598489613,"Big Empty, The (2003)",Comedy|Mystery|Sci-Fi,321442,14892.0
5480,-0.6932322264479365,0.5943002976702539,2.1121035180462098,Stuart Little 2 (2002),Children|Comedy,243585,10996.0
79897,-0.6405005482601495,0.41944283691372614,1.7515444015444013,Get Low (2009),Comedy|Drama|Mystery,1194263,44718.0
1771,-0.13396205437901643,0.2216638309868618,2.674223602484472,Night Flier (1997),Horror,119784,12238.0
3727,-0.24479396987244734,0.2216638309868618,2.174223602484472,Near Dark (1987),Horror|Western,93605,11879.0
140038,-0.09855614434461654,0.25688641233506565,2.894914918876138,Madly in Love (1981),Comedy,82562,11441.0
99007,-0.03693228068708284,1.0813838744702264,3.2444186345830994,Warm Bodies (2013),Comedy|Horror|Romance,1588173,82654.0
179427,-0.001860854968820437,0.002818551722996489,2.6183547103051747,Dane Cook: Troublemaker (2014),Comedy,4129180,298718.0
25906,-0.012396136206346267,0.007630988852936347,1.6541245259165613,Mr. Skeffington (1944),Drama|Romance,37094,43307.0
60161,-0.2223998370082104,0.302436631314204,2.5432113101830005,Futurama: The Beast with a Billion Backs (2008),Action|Animation|Comedy|Romance|Sci-Fi,1054485,12889.0
7258,-0.052856362940648355,0.39460007819285986,3.1446222332678864,"Perfect Score, The (2004)",Comedy|Crime,314498,13505.0
73431,0.34762245339201664,0.2905418188158605,4.4750341436765915,"Maiden Heist, The (2009)",Comedy|Crime,1107860,24271.0
71619,-0.0003193998354832072,0.0032103778335747994,3.179081632653061,Coco Before Chanel (Coco avant Chanel) (2009),Drama,1035736,11156.0
236,1.2953574805795791,11.490515696131824,3.3913041826823385,French Kiss (1995),Action|Comedy|Romance,113117,397.0
329,3.2402174433384863,20.112694234863792,3.4396745311941404,Star Trek: Generations (1994),Adventure|Drama|Sci-Fi,111280,193.0
460,-0.3813377488760884,0.7725164719167213,2.784940855323021,Getting Even with Dad (1994),Comedy,109891,41579.0
3173,-1.4791808614281847,2.4214581344397903,2.667707734341011,Any Given Sunday (1999),Drama,146838,9563.0
5891,-2.1913296003628706,1.294805642062753,1.5861710179029465,I Spit on Your Grave (Day of the Woman) (1978),Horror|Thriller,77713,25239.0
103772,0.07868497473797029,1.0873766459610268,3.3509336363034405,"Wolverine, The (2013)",Action|Adventure|Fantasy|Sci-Fi,1430132,76170.0
2496,-0.19333067111964755,4.206686808822015,3.2326134859182685,Blast from the Past (1999),Comedy|Romance,124298,11622.0
3258,0.8569988983706857,1.767772498375077,3.76336169381112,Death Becomes Her (1992),Comedy|Fantasy,104070,9374.0
3512,0.2964405271006569,0.8829388503174442,3.6143144157489404,Return to Me (2000),Drama|Romance,122459,2621.0
3972,-0.7876592148805511,2.4280386899159914,2.954170001958328,"Legend of Drunken Master, The (Jui kuen II) (1994)",Action|Comedy,111512,12207.0
4025,3.834856342061672,5.661802247802329,3.955892213406363,Miss Congeniality (2000),Comedy|Crime,212346,1493.0
176371,0.08272694792151195,2.611332058789165,3.310251408772748,Blade Runner 2049 (2017),Sci-Fi,1856101,335984.0
44195,-1.9633659601265958,3.628197987714959,2.7374306289859227,Thank You for Smoking (2006),Comedy|Drama,427944,9388.0
1056,-0.6089549969413446,1.330323776008619,2.8208219634236302,Jude (1996),Drama,116722,25147.0
2497,-0.12582448259940854,0.2761604457312507,2.8229504859478918,Message in a Bottle (1999),Romance,139462,10207.0
4104,1.001033657008926,0.34807183367892064,6.154511278195489,Ernest Goes to Camp (1987),Comedy,92974,18935.0
81018,-0.046745043097692736,0.21310240235712877,3.059216589861751,"Illusionist, The (L'illusionniste) (2010)",Animation,775489,41201.0
1873,0.19982231974791037,0.7479147643436858,3.5457440119650183,"Misérables, Les (1998)",Crime|Drama|Romance|War,119683,4415.0
86892,-0.08257689115545744,0.15786758603249218,2.7554945054945055,The Man from Nowhere (2010),Action|Crime|Thriller,1527788,51608.0
41573,-0.008970594032209293,0.4622305386084272,3.2591642425832075,"Family Stone, The (2005)",Comedy|Drama|Romance,356680,9043.0
53435,0.11122834567483078,0.35578078266807045,3.5912031138488274,Hostel: Part II (2007),Crime|Horror|Thriller,498353,1691.0
93287,0.0017374122787662608,0.19566375915562562,3.287451009983254,"Big Year, The (2011)",Comedy,1053810,73937.0
4899,1.0768447119386746,0.8891059401315216,4.489725986575373,Black Knight (2001),Adventure|Comedy|Fantasy,265087,11469.0
141928,-0.6405005482601495,0.41944283691372614,1.7515444015444013,Bloodsucking Bastards (2015),Comedy|Horror,3487994,317981.0
6030,-0.5842327473141248,0.3875954799921168,1.7712454212454212,Girls! Girls! Girls! (1962),Comedy|Musical,56023,15734.0
63515,0.029887061822916283,0.25688641233506565,3.394914918876138,The Island (2006),Drama|Mystery,851577,22358.0
118888,0.026616930992597602,0.25970496405806215,3.3810605399718825,Dave Chappelle: For What it's Worth (2004),Comedy,424934,20147.0
110330,-0.2901354627381616,0.45313998518758414,2.6382936507936505,Me and you (io e te) (2012),Drama,1801061,119360.0
48082,-0.06203920957741382,0.6404564528520478,3.181704250012849,"Science of Sleep, The (La science des rêves) (2006)",Comedy|Drama|Fantasy|Romance,354899,300.0
4368,0.34991639547433623,0.5952766981890683,3.8663928510105072,Dr. Dolittle 2 (2001),Comedy,240462,10808.0
180497,-0.35835386154363585,0.45088654879668744,2.4837953091684435,The Post (2017),Drama|Thriller,6294822,446354.0
7311,0.05980530308623453,0.09540026660984881,3.905459646094087,"Goodbye, Mr. Chips (1939)",Drama|Romance,31385,42852.0
39435,-0.024890723529341442,0.09979443573159218,3.0291514749751407,"Legend of Zorro, The (2005)",Action|Adventure|Drama|Western,386140,1656.0
5080,-0.22526567850773682,0.29480564246126767,2.5144555296115474,Slackers (2002),Comedy,240900,20009.0
5401,0.9082739153940032,0.8162124530762143,4.3913624818943955,Undercover Brother (2002),Comedy,279493,12277.0
60522,0.06953996395353083,0.29480564246126767,3.5144555296115474,"Machine Girl, The (Kataude mashin gâru) (2008)",Action|Comedy|Fantasy|Horror|Thriller,1050160,13964.0
2069,-0.316090451956741,0.3461534025504529,2.3654200638071607,"Trip to Bountiful, The (1985)",Drama,90203,47908.0
2323,-0.316090451956741,0.3461534025504529,2.3654200638071607,"Cruise, The (1998)",Documentary,150230,32326.0
1085,-0.057139386497266645,0.2399071501563318,3.0403985085061755,"Old Man and the Sea, The (1958)",Adventure|Drama,52027,11331.0
1046,0.7404460757803273,0.512616514001765,4.723015873015873,Beautiful Thing (1996),Drama|Romance,115640,10938.0
4144,-0.6426271229908815,1.9772014408532537,2.9535528898869945,In the Mood For Love (Fa yeung nin wa) (2000),Drama|Romance,118694,843.0
336,-0.3813377488760884,0.7725164719167213,2.784940855323021,"Walking Dead, The (1995)",Drama|War,114888,95963.0
350,1.9566415151774723,10.314955316132083,3.4682611998996067,"Client, The (1994)",Drama|Mystery|Thriller,109446,10731.0
4874,-0.9490803571078039,3.869164022247384,3.0332780391853316,K-PAX (2001),Drama|Fantasy|Mystery|Sci-Fi,272152,167.0
3328,-4.1412452636559935,5.37772236785176,2.508497226077725,Ghost Dog: The Way of the Samurai (1999),Crime|Drama,165798,4816.0
1260,-0.24169147033465793,1.4751079892674035,3.114724800329186,M (1931),Crime|Film-Noir|Thriller,22100,832.0
2723,0.5416283854059515,6.210809650888442,3.365778800210724,Mystery Men (1999),Action|Comedy|Fantasy,132347,9824.0
3741,0.029811277413024105,1.74769188795238,3.2956289417512554,Badlands (1973),Crime|Drama|Thriller,69762,3133.0
1093,0.37035339897087927,7.9902174846309,3.324922281934713,"Doors, The (1991)",Drama,101761,10537.0
2409,-0.7407382808875907,1.5009520567288932,2.7850591424415687,Rocky II (1979),Action|Drama,79817,1367.0
26614,0.1852704323360123,0.8115835959771179,3.5068540518949733,"Bourne Identity, The (1988)",Action|Adventure|Drama|Mystery|Thriller,94791,8677.0
157110,-0.11496096059210728,0.14970272948699834,2.510643141718839,00 Schneider - Jagd auf Nihil Baxter (1994),Comedy|Crime,109000,1652.0
12,0.1518260098643746,2.867535422712796,3.3315179444755776,Dracula: Dead and Loving It (1995),Comedy|Horror,112896,12110.0
984,0.4126645701679647,0.6793985780517078,3.8859682991261937,"Pompatus of Love, The (1996)",Comedy|Drama,117357,85328.0
3548,0.11561803351436628,0.9193057282080396,3.4043381131103523,Auntie Mame (1958),Comedy|Drama,51383,16347.0
2236,0.8029344816708948,1.0128669792996112,4.071305813323627,Simon Birch (1998),Drama,124879,22796.0
4317,0.10585945585237716,0.18706088584355804,3.8444805194805194,Love Potion #9 (1992),Comedy|Romance,102343,26255.0
3196,-0.3820290305985363,2.3721057333898106,3.117520837435845,Stalag 17 (1953),Drama|War,46359,632.0
107565,0.27290856043800044,0.21310240235712877,4.559216589861752,"Fuck You, Goethe (Fack Ju Göhte) (2013)",Comedy,2987732,233063.0
136564,0.05980615808087165,0.21310240235712877,3.559216589861751,Macbeth (2015),Drama,2884018,225728.0
39414,-0.02809679709278661,0.20179067582691834,3.1393340878090337,Shopgirl (2005),Comedy|Drama|Romance,338427,2610.0
71282,0.024354618170426126,0.45557521839966264,3.3320304781131895,"Food, Inc. (2008)",Documentary,1286537,18570.0
96728,-0.38785989512775687,0.6813702479266437,2.709336278800824,"Master, The (2012)",Drama,1560747,68722.0
95311,-0.22699935051214937,0.25688641233506565,2.394914918876138,Presto (2008),Animation|Children|Comedy|Fantasy,1245104,13042.0
127152,-0.13618071797561085,0.45370510051968393,2.978418933438298,Going Clear: Scientology and the Prison of Belief (2015),Documentary,4257858,318224.0
105355,0.22146142248780026,0.12426832170945533,5.060694333599361,Blue Is the Warmest Color (La vie d'Adèle) (2013),Drama|Romance,2278871,152584.0
2531,1.7973954122320295,1.0731253999229804,4.953487903720587,Battle for the Planet of the Apes (1973),Action|Sci-Fi,69768,1705.0
4305,0.7256190746472747,0.48014211712183363,4.789830384559146,Angel Eyes (2001),Romance|Thriller,225071,5852.0
3054,0.005552788300693563,0.45783879098818675,3.2906996894571185,Pokémon: The First Movie (1998),Adventure|Animation|Children|Fantasy|Sci-Fi,190641,10228.0
27837,0.09454645828998548,0.39460007819285986,3.5181721370228245,Flight of the Phoenix (2004),Action|Adventure,377062,11866.0
53468,0.06953996395353083,0.29480564246126767,3.5144555296115474,Fido (2006),Comedy|Horror|Thriller,457572,10288.0
223,-3.933136186523976,16.527877592919083,3.04060160066025,Clerks (1994),Comedy,109445,2292.0
2090,-0.2604154230604709,0.8820398240360549,2.983329177638974,"Rescuers, The (1977)",Adventure|Animation|Children|Crime|Drama,76618,11319.0
2692,-2.3389231044247145,12.425565062605425,3.0903366808846875,Run Lola Run (Lola rennt) (1998),Action|Crime,130827,104.0
3083,-0.9756898506773134,4.317753921451135,3.052599808042068,All About My Mother (Todo sobre mi madre) (1999),Drama,185125,99.0
4033,-1.5174391727625982,2.406064139384212,2.6478986431190177,Thirteen Days (2000),Drama|Thriller|War,146309,11973.0
2701,3.339285696569762,5.657819609425215,3.868778597956421,Wild Wild West (1999),Action|Comedy|Sci-Fi|Western,120891,8487.0
5841,-2.2608695643164016,0.9999999996014853,1.0177018633540373,Return to the Blue Lagoon (1991),Adventure|Romance,102782,13888.0
158972,0.1977462913443136,0.6028427146745825,3.606594454363584,Toni Erdmann (2016),Drama,4048272,374475.0
3500,0.10452377484756296,1.209453975544067,3.364993712478961,Mr. Saturday Night (1992),Comedy|Drama,104928,54087.0
2006,1.9722195696634024,5.737466725448521,3.6223153950358657,"Mask of Zorro, The (1998)",Action|Comedy|Romance,120746,9342.0
3990,-0.5753184993762492,0.7011618089834457,2.45804970019841,Rugrats in Paris: The Movie (2000),Animation|Children|Comedy,213203,16340.0
4446,0.39335094077661864,2.420304353421794,3.4410927000059504,Final Fantasy: The Spirits Within (2001),Adventure|Animation|Fantasy|Sci-Fi,173840,2114.0
102993,-0.3995142963318941,0.43507530882643786,2.3603067322604963,"Way, Way Back, The (2013)",Comedy|Drama,1727388,147773.0
3037,-1.3885041853825244,4.215917089190424,2.949223351745478,Little Big Man (1970),Western,65988,11040.0
33166,1.3114378861459615,3.4137616360166696,3.6627335423844496,Crash (2004),Crime|Drama,375679,1640.0
52328,0.7320932952171375,1.1787311795331878,3.89965731136539,Sunshine (2007),Adventure|Drama|Sci-Fi|Thriller,448134,1272.0
61210,-0.05686935352571004,0.11852113897497156,2.7987468671679196,Mutant Chronicles (2008),Action|Adventure|Sci-Fi,490181,13256.0
111921,0.057713625084913935,0.7666776881860018,3.3538489878042625,The Fault in Our Stars (2014),Drama|Romance,2582846,222935.0
1769,1.6637009129504143,2.0939628783331066,4.073094067996058,"Replacement Killers, The (1998)",Action|Crime|Thriller,120008,11702.0
5307,0.30488998965108466,0.34807183367892064,4.154511278195489,Taking Care of Business (1990),Comedy,103035,6393.0
57147,0.17498375809472552,0.6452526079743,3.5497578692493947,Cassandra's Dream (2007),Crime|Drama|Thriller,795493,4787.0
96691,0.035488794573813286,0.37343462985933773,3.373604914317464,Resident Evil: Retribution (2012),Action|Horror|Sci-Fi|IMAX,1855325,71679.0
174681,-0.011336292889560236,0.41944283691372614,3.2515444015444013,"Oh, Hello: On Broadway (2017)",Comedy,6987652,460822.0
90890,-0.32092014113344786,0.23843335997646198,1.932618239952483,Jack and Jill (2011),Comedy,810913,71880.0
3325,-0.5842327473141248,0.3875954799921168,1.7712454212454212,"Next Best Thing, The (2000)",Comedy|Drama,156841,1831.0
107408,-0.09855614434461654,0.25688641233506565,2.894914918876138,Only Old Men Are Going to Battle (V boy idut odni stariki) (1973),Comedy|Drama|War,70861,37129.0
3679,0.008013242806133823,0.3766224118882872,3.2998480243161095,"Decline of Western Civilization, The (1981)",Documentary|Musical,82252,21137.0
3076,0.03245782095950357,0.046890064398847256,3.9707824838478105,Irma la Douce (1963),Comedy,57187,2690.0
6538,-0.2110671437284273,0.6968225626843847,2.9756720176864984,Swimming Pool (2003),Drama|Mystery|Thriller,324133,302.0
56176,0.010496830352462775,0.007630988852936347,4.654124525916561,Alvin and the Chipmunks (2007),Children|Comedy,952640,6477.0
191005,-0.35835386154363585,0.45088654879668744,2.4837953091684435,Gintama (2017),Action|Adventure|Comedy|Sci-Fi,5805470,432985.0
50158,0.07490371220225073,0.09979443573159218,4.029151474975141,Stomp the Yard (2007),Drama|Musical,775539,1931.0
57326,0.2744925836654351,0.09979443573159218,6.029151474975141,In the Name of the King: A Dungeon Siege Tale (2008),Action|Adventure|Fantasy,460780,2312.0
6254,-0.316090451956741,0.3461534025504529,2.3654200638071607,"Awful Truth, The (1937)",Comedy|Romance,28597,14675.0
1208,-8.514845576753293,18.275976505225934,2.8126677011115846,Apocalypse Now (1979),Action|Drama|War,78788,28.0
417,-1.4186496642150148,2.7567539926839615,2.763962701068027,Barcelona (1994),Comedy|Romance,109219,16771.0
548,-0.8863452317200287,2.1994845070679547,2.8755928084121165,Terminal Velocity (1994),Action|Mystery|Thriller,111400,9057.0
6440,-0.042836051413541076,2.1643778223633285,3.2587800358806795,Barton Fink (1991),Drama|Thriller,101410,290.0
87232,1.5519674954791505,4.995728460490217,3.5892303260181606,X-Men: First Class (2011),Action|Adventure|Sci-Fi|Thriller|War,1270798,49538.0
3519,-0.038243171488491295,1.3295902737922065,3.2498083033874456,Force 10 from Navarone (1978),Action|Drama|War,77572,17339.0
3260,-0.3549332518218351,1.9070774592235804,3.0924577234855652,Howards End (1992),Drama,104454,8293.0
98961,0.22443526929877133,1.0855976485842769,3.4853103337187052,Zero Dark Thirty (2012),Action|Drama|Thriller,1790885,97630.0
3502,-0.2682623158347389,0.18706088584355804,1.8444805194805194,My Life (1993),Drama,107630,41659.0
4591,0.32121313965670395,0.5328529287445313,3.881389058594637,Erik the Viking (1989),Adventure|Comedy|Fantasy,97289,11828.0
8947,0.8291985966017269,0.7537480260684595,4.378671950130094,"Grudge, The (2004)",Horror|Mystery|Thriller,391198,1970.0
6852,0.18708892787603565,0.7406528745841487,3.531171444444019,In Cold Blood (1967),Crime|Drama,61809,18900.0
72624,-0.011336292889560236,0.41944283691372614,3.2515444015444013,Garage (2007),Drama,878674,18595.0
84512,-0.6405005482601495,0.41944283691372614,1.7515444015444013,Girls About Town (1931),Comedy,21910,120843.0
105540,-0.43077912980328636,0.41944283691372614,2.2515444015444013,"All Dogs Christmas Carol, An (1998)",Animation|Children|Comedy|Musical,166960,51985.0
116738,-0.011336292889560236,0.41944283691372614,3.2515444015444013,DeadHeads (2011),Adventure|Comedy|Horror,1273207,77067.0
146684,-0.6405005482601495,0.41944283691372614,1.7515444015444013,Cosmic Scrat-tastrophe (2015),Animation|Children|Comedy,5184298,367326.0
4873,-0.18827961534473844,2.0460578859498337,3.186550759636476,Waking Life (2001),Animation|Drama|Fantasy,243017,9081.0
172547,-0.21533855846411382,0.1270868734324518,1.5841512839247132,Despicable Me 3 (2017),Adventure|Animation|Children|Comedy,3469046,324852.0
127096,-0.16353790205956098,0.6775942194229818,3.0372206357638616,Project Almanac (2015),Sci-Fi|Thriller,2436386,227719.0
40826,0.2962390009456556,0.4022310670457962,4.0150610366999,Rent (2005),Drama|Musical|Romance,294870,1833.0
5062,-0.23466515959639253,0.48014211712183363,2.789830384559146,Seconds (1966),Mystery|Sci-Fi|Thriller,60955,20620.0
6572,-0.23466515959639253,0.48014211712183363,2.789830384559146,Scorched (2003),Comedy|Crime,286947,4613.0
5909,0.057265007804591865,0.34940803360654793,3.4424629316187665,Visitor Q (Bizita Q) (2001),Comedy|Drama|Horror,290329,4241.0
388,0.22977664914311405,0.17024360822876175,4.628264680105171,Boys Life (1995),Drama,112570,39953.0
1777,0.19333091904065328,6.2676767477111355,3.3094171353337076,"Wedding Singer, The (1998)",Comedy|Romance,120888,11003.0
2502,-2.002050367927408,12.101109001360754,3.113127883876287,Office Space (1999),Comedy|Crime,151804,1542.0
1077,0.6737485410283427,3.8718907157865936,3.452581644893215,Sleeper (1973),Comedy|Sci-Fi,70707,11561.0
4014,-1.0866564995279138,4.290636224072234,3.025309105042036,Chocolat (2000),Drama|Romance,241303,392.0
5843,-0.3387324223905338,1.294805642062753,3.01696272732195,Toy Soldiers (1991),Action|Drama,103112,10750.0
5333,0.08770288296695473,0.2496952668000358,3.629811097992916,Bob le Flambeur (1955),Crime|Drama,47892,26030.0
4047,-0.6475416155593517,0.9532558779520709,2.5992767811043715,Gettysburg (1993),Drama|War,107007,10655.0
100714,0.6481174217571763,0.7950170870696028,4.0937959467589655,Before Midnight (2013),Drama|Romance,2209418,132344.0
135143,0.6148642635998962,1.4601486471250076,3.6996684619526166,Fantastic Beasts and Where to Find Them (2016),Fantasy,3183660,259316.0
6880,1.3528278880371485,0.7833489621652756,5.005551297540376,"Texas Chainsaw Massacre, The (2003)",Horror,324216,9373.0
1564,-0.31949746921129096,0.8817357204242207,2.9162208264459135,For Roseanna (Roseanna's Grave) (1997),Comedy|Drama|Romance,120034,65889.0
179401,0.5561984775638662,0.7708986040425247,4.0000651174265,Jumanji: Welcome to the Jungle (2017),Action|Adventure|Children,2283362,353486.0
663,0.5675300964125809,1.0653910373941968,3.8112679470259887,Kids in the Hall: Brain Candy (1996),Comedy,116768,18414.0
89087,0.018107582402103237,0.34970761702302855,3.330350633600614,Colombiana (2011),Action|Adventure|Drama|Thriller,1657507,62835.0
926,0.39466283771900723,4.304180572071145,3.370264337618945,All About Eve (1950),Drama,42192,705.0
63436,-0.25523167891419274,0.8498254181346288,2.978237179362423,Saw V (2008),Crime|Horror|Thriller,1132626,11917.0
96917,-0.02159184000234287,0.08289281104347726,3.018092386655261,House at the End of the Street (2012),Horror|Thriller,1582507,82505.0
6650,1.4219064540891762,0.7960652488020133,5.064739655647013,Kind Hearts and Coronets (1949),Comedy|Drama,41546,11898.0
121781,-0.6405005482601495,0.41944283691372614,1.7515444015444013,Stuart Little 3: Call of the Wild (2005),Animation|Children|Comedy|Fantasy,472602,30178.0
6629,-0.1382916382602044,0.25132429199110423,2.7283196516158634,House of Wax (1953),Crime|Horror|Mystery|Thriller,45888,18573.0
1659,0.035850062923614846,0.5736010067778375,3.3410714285714285,Hurricane Streets (1997),Drama,119338,125052.0
172793,-0.22699935051214937,0.25688641233506565,2.394914918876138,Vovka in the Kingdom of Far Far Away (1965),Adventure|Animation|Children|Fantasy,213309,160046.0
184015,0.05662905546883396,0.293360370538857,3.471607234208077,When We First Met (2018),Comedy,5783956,433310.0
142420,0.6161445076370067,0.45313998518758414,4.638293650793651,High Rise (2015),Action|Drama|Sci-Fi,462335,254302.0
2022,-0.35283687438922695,0.9221847599660358,2.895961685159249,"Last Temptation of Christ, The (1988)",Drama,95497,11051.0
3711,-0.016380489314394817,0.20566614361406738,3.198925410872313,Sarafina! (1992),Drama,105316,35936.0
55451,0.04793942174580823,0.11745158327723017,3.686734693877551,The Jane Austen Book Club (2007),Comedy|Drama|Romance,866437,5951.0
32009,0.0908108851826164,0.1294548967358346,3.9800581044128602,Tyler Perry's Diary of a Mad Black Woman (2005),Comedy|Drama|Romance,422093,16186.0
86960,0.4928933627999469,0.2905418188158605,4.9750341436765915,Across the Hall (2009),Thriller,1176724,21469.0
333,4.127410800661865,11.79514781434697,3.6284958945998667,Tommy Boy (1995),Comedy,114694,11381.0
3450,-1.2374288821289932,3.5852681045624997,2.933428793198001,Grumpy Old Men (1993),Comedy,107050,11520.0
45499,-0.26128602207282203,3.2508749187849437,3.198197366634133,X-Men: The Last Stand (2006),Action|Sci-Fi|Thriller,376994,36668.0
1215,-2.603365631827771,8.14635123712613,2.9589969889176104,Army of Darkness (1993),Action|Adventure|Comedy|Fantasy|Horror,106308,766.0
1457,-0.270333142724714,1.7381784714195256,3.123044739471465,Fools Rush In (1997),Comedy|Drama|Romance,119141,1968.0
2227,-0.271499155237153,0.6870295669046441,2.8833931592279844,"Lodger: A Story of the London Fog, The (1927)",Crime|Drama|Thriller,17075,2760.0
2255,0.4126645701679647,0.6793985780517078,3.8859682991261937,Young Doctors in Love (1982),Comedy,84938,47947.0
2668,0.8494096055667204,1.2730966930942496,3.945771029492737,Swamp Thing (1982),Horror|Sci-Fi,84745,17918.0
2726,0.41850082122042664,1.4068024598910038,3.576055142989195,"Killing, The (1956)",Crime|Film-Noir,49406,247.0
61011,0.12091235493674729,0.11852113897497156,4.298746867167919,"Walker, The (2007)",Drama|Mystery,783608,13251.0
31184,-0.08327121048693675,0.2501230815323584,2.9456504922996434,Appleseed (Appurushîdo) (2004),Action|Animation|Fantasy|Sci-Fi,401233,11633.0
3814,0.12008317657648457,0.8188199399314707,3.4252253761860096,Love and Death (1975),Comedy,73312,11686.0
707,1.3259151250690453,2.6906362610109507,3.771360121076026,Mulholland Falls (1996),Crime|Drama|Thriller,117107,10990.0
2961,0.5712470120668705,0.8235992354202062,3.9721697073209423,"Story of Us, The (1999)",Comedy|Drama,160916,12220.0
4823,2.016025869677799,2.4264407940590904,4.109428655590462,Serendipity (2001),Comedy|Romance,240890,9778.0
4989,0.8342566893207743,1.1985739567460127,3.9746124902224618,How High (2001),Comedy,278488,8386.0
1290,0.450177855158069,0.772930588255438,3.861001289672092,Some Kind of Wonderful (1987),Drama|Romance,94006,15143.0
65588,0.4081065440241659,0.41944283691372614,4.251544401544401,"Gamers, The: Dorkness Rising (2008)",Action|Adventure|Comedy|Fantasy,447166,26235.0
3071,-0.04422217759158804,1.0156436496220396,3.235030391704763,Stand and Deliver (1988),Comedy|Drama,94027,29154.0
69529,-0.22699935051214937,0.25688641233506565,2.394914918876138,Home (2009),Documentary,1014762,62320.0
4994,1.0336153351691024,1.3722417620617233,4.031802647548577,"Majestic, The (2001)",Comedy|Drama|Romance,268995,11086.0
49396,-0.0925835425844314,0.527843425219272,3.1031717964817207,Tenacious D in The Pick of Destiny (2006),Adventure|Comedy|Musical,365830,2179.0
3546,-0.5160811942601939,0.3813407839361039,1.925238095238095,What Ever Happened to Baby Jane? (1962),Drama|Horror|Thriller,56687,10242.0
2772,-2.3201672534140823,1.622315903324887,1.8484139304793676,Detroit Rock City (1999),Comedy,165710,9781.0
2789,1.0273724119442587,0.6014222960745359,4.986809414841451,Damien: Omen II (1978),Horror,77394,10766.0
4389,-0.4831094081481043,0.9177936466431751,2.7521901336964048,Lost and Delirious (2001),Drama,245238,17612.0
3963,-0.18488365986245148,0.5512894584989461,2.943205574912892,"Unsinkable Molly Brown, The (1964)",Musical,58708,42797.0
1582,0.5191858508271393,0.6733168840289698,4.049658361250813,Wild America (1997),Adventure|Children,120512,38225.0
96448,-0.04498599872890683,0.1346886189488228,2.9445714285714284,Piranha 3DD (a.k.a. Piranha DD) (2012),Comedy|Horror,1714203,71668.0
1804,-0.09581457088409434,0.15121755404836654,2.644950738916256,"Newton Boys, The (1998)",Crime|Drama,120769,42807.0
222,-0.9504340042014886,2.8524018757080913,2.9453666258766646,Circle of Friends (1995),Drama|Romance,112679,22625.0
4720,-0.8752809483311967,4.888031539238363,3.0995052868526334,"Others, The (2001)",Drama|Horror|Mystery|Thriller,230600,1933.0
3108,-4.139693681462279,6.496099748846746,2.641313097955862,"Fisher King, The (1991)",Comedy|Drama|Fantasy|Romance,101889,177.0
1324,0.4126645701679647,0.6793985780517078,3.8859682991261937,Amityville: Dollhouse (1996),Horror,115535,52263.0
4090,0.11130699174836506,0.8583667489857869,3.4082444289292373,"Brave Little Toaster, The (1987)",Animation|Children,92695,19933.0
2288,-2.3944226171761143,4.835608326781053,2.7834067139449186,"Thing, The (1982)",Action|Horror|Sci-Fi|Thriller,84787,1091.0
59900,0.30288327332962905,1.1709825515487626,3.5372288038918636,You Don't Mess with the Zohan (2008),Comedy,960144,10661.0
1249,-1.8830783756907006,3.5389185634321727,2.7464658313563226,"Femme Nikita, La (Nikita) (1990)",Action|Crime|Romance|Thriller,100263,9322.0
2532,1.0176087630133657,2.1950310071247245,3.7421679607891365,Conquest of the Planet of the Apes (1972),Action|Sci-Fi,68408,1688.0
3654,1.2678132780518192,2.833782259553744,3.725964051549974,"Guns of Navarone, The (1961)",Action|Adventure|Drama|War,54953,10911.0
31116,0.0023912159617757362,0.11852113897497156,3.2987468671679196,Sergeant York (1941),Drama|War,34167,16442.0
116897,0.24539045538556487,2.3422956243806548,3.3833363663663536,Wild Tales (2014),Comedy|Drama|Thriller,3011894,265195.0
5932,-0.15329624427625713,0.21310240235712877,2.559216589861751,Burden of Dreams (1982),Documentary,83702,42124.0
80693,-0.14792208682304245,0.6105538740616978,3.0362961878314203,It's Kind of a Funny Story (2010),Comedy|Drama,804497,43923.0
875,0.016235840904271694,0.060975140206802794,3.5448412698412697,Nothing to Lose (1994),Action|Crime|Drama,110693,410921.0
4387,-0.09638336823891214,0.78735914654437,3.1561579547940197,Kiss of the Dragon (2001),Action,271027,2140.0
74795,0.04769596155029855,1.7183791495539371,3.3063277951234085,Green Zone (2010),Action|Drama|Thriller|War,947810,22972.0
33090,-0.6405005482601495,0.41944283691372614,1.7515444015444013,Mutant Aliens (2001),Animation|Comedy|Sci-Fi,277909,30863.0
80727,-0.2210577113464233,0.41944283691372614,2.7515444015444013,Middle Men (2009),Comedy|Crime|Drama,1251757,38842.0
8511,-0.09855614434461654,0.25688641233506565,2.894914918876138,"Immigrant, The (1917)",Comedy,8133,47653.0
93790,0.029887061822916283,0.25688641233506565,3.394914918876138,Detachment (2011),Drama,1683526,74308.0
112454,0.1593272616330726,0.12426832170945533,4.560694333599361,Honey (Miele) (2013),Drama,2357461,186988.0
3888,-0.23466515959639253,0.48014211712183363,2.789830384559146,Skipped Parts (2000),Drama|Romance,209322,41282.0
117646,0.0835990974462371,0.19890819737208132,3.6988612836438923,Dragonheart 2: A New Beginning (2000),Action|Adventure|Comedy|Drama|Fantasy|Thriller,214641,10473.0
7216,-0.03559496352361428,0.09540026660984881,2.905459646094087,High Sierra (1941),Crime|Drama|Film-Noir|Thriller,33717,27725.0
62250,0.022358310745504578,0.1346886189488228,3.4445714285714284,Gomorrah (Gomorra) (2008),Crime|Drama,929425,8882.0
22,2.296553734782777,4.420513803957746,3.7980933295610013,Copycat (1995),Crime|Drama|Horror|Mystery|Thriller,112722,1710.0
209,-0.3813377488760884,0.7725164719167213,2.784940855323021,White Man's Burden (1995),Drama,114928,31611.0
330,-0.19782884953215174,2.6274470763632145,3.2032782470981114,Tales from the Hood (1995),Action|Crime|Horror,114609,25066.0
1961,-2.238618574533356,11.114848895007341,3.07716351059794,Rain Man (1988),Drama,95953,380.0
8917,0.5208351565492416,1.6935124003860895,3.5861187228401334,Team America: World Police (2004),Action|Adventure|Animation|Comedy,372588,3989.0
372,2.6295714285892893,3.2719025109387925,4.082254123822271,Reality Bites (1994),Comedy|Drama|Romance,110950,2788.0
1550,0.3511955997895101,0.948966189212282,3.6486537389654696,Trial and Error (1997),Comedy|Romance,120373,17770.0
1848,0.05011212543948322,1.7071490351587708,3.3079257054432323,"Borrowers, The (1997)",Adventure|Children|Comedy|Fantasy,118755,9449.0
2407,1.156312720141153,6.338619893620539,3.4609948487397393,Cocoon (1985),Comedy|Sci-Fi,88933,10328.0
4718,4.233146903427919,5.47069458327054,4.052357433071285,American Pie 2 (2001),Comedy,252866,2770.0
107013,-0.7180234672760092,0.2600853605913917,0.5178490809416316,"Christmas Carol, A (1977)",Drama|Fantasy,188504,45697.0
49530,-0.8782388572610879,3.5632914826427924,3.0321029985990022,Blood Diamond (2006),Action|Adventure|Crime|Drama|Thriller|War,450259,1372.0
685,-1.085944182131619,0.8807263839335178,2.0455617198335645,It's My Party (1996),Drama,113443,33245.0
4203,-0.04723813442335241,0.470928148862404,3.178262847448251,Harley Davidson and the Marlboro Man (1991),Action|Crime|Drama,102005,2453.0
6887,-0.024539756986068556,0.28552611760316265,3.192625676245629,Radio (2003),Drama,316465,13920.0
1295,0.10167046293405985,1.699227452820982,3.338404773875067,"Unbearable Lightness of Being, The (1988)",Drama,96332,10644.0
72692,-0.6405005482601495,0.41944283691372614,1.7515444015444013,Mickey's Once Upon a Christmas (1999),Animation|Comedy|Fantasy,238414,15400.0
129011,-0.011336292889560236,0.41944283691372614,3.2515444015444013,Eddie Izzard: Glorious (1997),Comedy,195753,13590.0
1125,-0.8753230093984437,3.520869418130198,3.0299615241850013,"Return of the Pink Panther, The (1975)",Comedy|Crime,72081,11843.0
4788,-0.22699935051214937,0.25688641233506565,2.394914918876138,Moscow Does Not Believe in Tears (Moskva slezam ne verit) (1979),Drama|Romance,79579,21028.0
171749,-0.22699935051214937,0.25688641233506565,2.394914918876138,Death Note: Desu nôto (2006–2007),(no genres listed),877057,419787.0
152091,0.13878607383971692,0.7436818040034446,3.4651916646624463,The Brothers Grimsby (2016),Comedy,3381008,267193.0
5282,-0.044623052608227666,0.08909955988769268,2.777749060150376,High Crimes (2002),Thriller,257756,11560.0
3200,-0.7362695901117254,0.8380866730541251,2.400058962278845,"Last Detail, The (1973)",Comedy|Drama,70290,14886.0
7080,0.0045444247502504365,0.014947359621078408,3.582600023952381,42nd Street (1933),Drama|Musical|Romance,24034,3062.0
1731,0.7034447120530951,0.5631114490884213,4.527781888049475,Mr. Magoo (1997),Comedy,119718,9438.0
25773,0.012105169781310125,0.09540026660984881,3.405459646094087,Little Caesar (1931),Crime|Drama,21079,27899.0
50798,0.9581333295496504,0.3903362545474527,5.733207190398085,Epic Movie (2007),Adventure|Comedy,799949,9760.0
90057,-0.23346118423970433,0.2905418188158605,2.475034143676591,Take Shelter (2011),Drama,1675192,64720.0
128,0.3792783391606139,0.4991368619256565,4.03843984962406,Jupiter's Wife (1994),Documentary,110217,290157.0
6337,0.3897789857815471,0.5287973229298989,4.0156761166623305,Owning Mahowny (2003),Crime|Drama|Thriller,285861,15394.0
1291,-4.9976729260585095,22.449718678266564,3.0559551455933827,Indiana Jones and the Last Crusade (1989),Action|Adventure,97576,89.0
319,1.5007473199750705,4.450502896154614,3.615779909274085,Shallow Grave (1994),Comedy|Drama|Thriller,111149,9905.0
230,1.3073917209489703,6.650151838992015,3.475167198503072,Dolores Claiborne (1995),Drama|Thriller,109642,11929.0
493,-0.8941877582412134,3.894667131176569,3.048978570408199,Menace II Society (1993),Action|Crime|Drama,107554,9516.0
110102,-0.7219982328218406,3.5394554063050467,3.0745857443512796,Captain America: The Winter Soldier (2014),Action|Adventure|Sci-Fi|IMAX,1843866,100402.0
1583,-0.2667340078837431,0.6793985780517078,2.8859682991261937,"Simple Wish, A (1997)",Children|Fantasy,120133,17834.0
6503,2.776436045967755,2.2884563373571005,4.49180674385571,Charlie's Angels: Full Throttle (2003),Action|Adventure|Comedy|Crime|Thriller,305357,9471.0
54276,0.06509845599769239,0.26771634944432804,3.5217334772576994,No Reservations (2007),Comedy|Drama|Romance,481141,3638.0
119155,-0.3567434092099352,0.906800983463512,2.885162714073392,Night at the Museum: Secret of the Tomb (2014),Adventure|Children|Comedy|Fantasy,2692250,181533.0
122912,-1.2596984203537434,2.1923708343912636,2.7039886980437653,Avengers: Infinity War - Part I (2018),Action|Adventure|Sci-Fi,4154756,299536.0
4251,0.12091235493674729,0.11852113897497156,4.298746867167919,Chopper (2000),Drama|Thriller,221073,9519.0
122,0.8580352602242907,4.159390164771081,3.484860145482773,Boomerang (1992),Comedy|Romance,103859,11066.0
4280,-0.521820250538793,1.1048545324867332,2.8062737321820994,"World According to Garp, The (1982)",Comedy|Drama|Romance,84917,11307.0
5500,-0.6497364497256042,1.3568506099351503,2.799715138152944,Top Secret! (1984),Comedy,88286,8764.0
5568,0.575249694189157,0.8938502277133762,3.922135278927819,Johnny Dangerously (1984),Comedy,87507,16806.0
67267,-0.06331724784427575,0.1684005647913313,2.902579531378367,Sunshine Cleaning (2008),Comedy|Drama,862846,13090.0
71518,-0.07145088412432113,0.26140821630920774,3.0052407539157966,Whip It (2009),Comedy|Drama,1172233,22798.0
48698,-0.47026884987957446,0.6452526079743,2.5497578692493947,Deliver Us from Evil (2006),Documentary,814075,13364.0
31851,0.19838512556730284,0.41944283691372614,3.7515444015444013,Sons of the Desert (1933),Comedy,24601,43128.0
50613,-0.43077912980328636,0.41944283691372614,2.2515444015444013,Dead Meat (2004),Horror,369359,15689.0
32892,-0.22699935051214937,0.25688641233506565,2.394914918876138,Ivan's Childhood (a.k.a. My Name is Ivan) (Ivanovo detstvo) (1962),Drama|War,56111,31442.0
5025,0.3204227995823192,0.8750690962191561,3.6447399985354982,Orange County (2002),Comedy,273923,11857.0
99112,0.23705187763905225,0.8209003015813937,3.567342034675961,Jack Reacher (2012),Action|Crime|Thriller,790724,75780.0
141004,0.09333445180803573,0.28873247681622577,3.6018272425249167,Victor Frankenstein (2015),Drama|Horror|Sci-Fi,1976009,228066.0
7265,-0.6826372589993343,1.248116952023517,2.7316376994103875,"Dreamers, The (2003)",Drama,309987,1278.0
130634,2.1777711719269828,0.5609410594357379,7.1609243697478995,Furious 7 (2015),Action|Crime|Thriller,2820852,168259.0
2013,-0.3236415907973911,2.8181383599001757,3.163729093147963,"Poseidon Adventure, The (1972)",Action|Adventure|Drama,69113,551.0
7065,0.010496830352462775,0.007630988852936347,4.654124525916561,"Birth of a Nation, The (1915)",Drama|War,4972,618.0
1176,0.36197040232899924,0.44204264284420214,4.097429989365473,"Double Life of Veronique, The (Double Vie de Véronique, La) (1991)",Drama|Fantasy|Romance,101765,1600.0
46335,0.6888148283068825,0.4436386168404595,4.831219918039135,"Fast and the Furious: Tokyo Drift, The (Fast and the Furious 3, The) (2006)",Action|Crime|Drama|Thriller,463985,9615.0
27820,0.012105169781310125,0.09540026660984881,3.405459646094087,"Story of the Weeping Camel, The (Geschichte vom weinenden Kamel, Die) (2003)",Documentary|Drama,373861,1114.0
80862,0.20235154398408642,0.2905418188158605,3.975034143676591,Catfish (2010),Documentary|Mystery,1584016,42296.0
143365,0.34762245339201664,0.2905418188158605,4.4750341436765915,The Circle (2016),Drama|Sci-Fi|Thriller,4287320,339988.0
2517,-0.05253198015404856,0.3244661034655101,3.1166685992990555,Christine (1983),Horror,85333,8769.0
3728,0.3335110039791923,0.646214671683286,3.794670828033297,One False Move (1992),Crime|Drama|Film-Noir|Thriller,102592,21128.0
3689,0.45702644250435703,0.35286475993633193,4.573760108185735,Porky's II: The Next Day (1983),Comedy,86129,19698.0
2828,-0.4024465997008425,0.17485746075652778,0.977001921844971,Dudley Do-Right (1999),Children|Comedy,160236,17709.0
157,0.06608842173518537,1.6456453350128173,3.3187310062939703,Canadian Bacon (1995),Comedy|War,109370,1775.0
2414,-0.3207489189844756,2.6353181416601874,3.15685977868979,Young Sherlock Holmes (1985),Action|Adventure|Children|Fantasy|Mystery|Thriller,90357,11904.0
190,0.6858138145320019,1.2964214460735595,3.8075767274340087,Safe (1995),Thriller,114323,32646.0
232,0.2547681744848899,2.770781239449132,3.3705195661066534,Eat Drink Man Woman (Yin shi nan nu) (1994),Comedy|Drama|Romance,111797,10451.0
93,2.09311115507721,2.7447799120503547,4.041150295418954,Vampire in Brooklyn (1995),Comedy|Horror|Romance,114825,12158.0
225,-2.6806029326160097,15.424357231188528,3.1047811764113096,Disclosure (1994),Drama|Thriller,109635,8984.0
924,-3.8711072388717613,17.92493719636545,3.062609319668939,2001: A Space Odyssey (1968),Adventure|Drama|Sci-Fi,62622,62.0
5266,0.8820222292524312,2.5101093323291925,3.6299594011558662,Panic Room (2002),Thriller,258000,4547.0
2148,-0.5058647216287858,1.9755809153835808,3.0225127079745215,House (1986),Comedy|Fantasy|Horror,91223,11415.0
2724,5.432662630944952,6.832321804785398,4.073712931879994,Runaway Bride (1999),Comedy|Romance,163187,4806.0
7123,-0.3697255746276815,2.3955412061757886,3.124232369959322,Naked Lunch (1991),Drama|Fantasy|Mystery|Sci-Fi,102511,2742.0
1633,-0.10335859700998663,1.075054882484536,3.182428804884053,Ulee's Gold (1997),Drama,120402,55306.0
2042,0.42449978183592196,0.9660817750722779,3.7179749995622617,D2: The Mighty Ducks (1994),Children|Comedy,109520,11164.0
27513,-0.046745043097692736,0.21310240235712877,3.059216589861751,Dog Days (Hundstage) (2001),Drama,290661,9025.0
79357,0.03414080229238822,0.8550485045334408,3.318499926324918,Mr. Nobody (2009),Drama|Fantasy|Romance|Sci-Fi,485947,31011.0
128512,0.0843981114570997,0.14502210701079107,3.8605386416861824,Paper Towns (2015),Drama|Mystery|Romance,3622592,286565.0
7454,0.4325755035026113,1.998971996137873,3.4949704098169745,Van Helsing (2004),Action|Adventure|Fantasy|Horror,338526,7131.0
79057,-0.004546381796675145,0.646322601483931,3.271537198627687,Predators (2010),Action|Sci-Fi|Thriller,1424381,34851.0
4386,0.014370996825840476,1.324978731587533,3.2894176380110487,Cats & Dogs (2001),Children|Comedy,239395,10992.0
82854,0.708106173959532,0.9484180157060486,4.025189652005726,Gulliver's Travels (2010),Adventure|Comedy|Fantasy,1320261,38745.0
104339,-0.011336292889560236,0.41944283691372614,3.2515444015444013,In a World... (2013),Comedy,2294677,157360.0
164226,-0.43077912980328636,0.41944283691372614,2.2515444015444013,Maximum Ride (2016),Action|Adventure|Comedy|Fantasy|Sci-Fi|Thriller,825283,339116.0
233,-0.08321323471750486,2.85942842580089,3.249470076019057,Exotica (1994),Drama,109759,20156.0
80124,-0.22699935051214937,0.25688641233506565,2.394914918876138,Sisters (Syostry) (2001),Action|Crime|Drama,284492,49943.0
175387,-0.22699935051214937,0.25688641233506565,2.394914918876138,On the Trail of the Bremen Town Musicians (1973),Adventure|Animation|Children,251333,70061.0
168632,-0.001860854968820437,0.002818551722996489,2.6183547103051747,Bill Burr: Walk Your Way Out (2017),Comedy,6184894,437752.0
151695,-0.06356547014436952,0.45313998518758414,3.1382936507936505,The Survivalist (2015),Drama|Sci-Fi|Thriller,2580382,329004.0
4727,0.049882406243989305,0.5692416770095263,3.3662010035984067,Captain Corelli's Mandolin (2001),Drama|Romance|War,238112,1722.0
120799,0.21162855083450366,0.41451073560063123,3.789121657211107,Terminator Genisys (2015),Action|Adventure|Sci-Fi|Thriller,1340138,87101.0
94266,0.057080634576156156,0.2905418188158605,3.475034143676591,"Five-Year Engagement, The (2012)",Comedy|Romance,1195478,72207.0
31909,-0.22526567850773682,0.29480564246126767,2.5144555296115474,Dr. Giggles (1992),Comedy|Horror,104139,37527.0
69275,-0.22526567850773682,0.29480564246126767,2.5144555296115474,Dead Snow (Død snø) (2009),Action|Adventure|Comedy|Horror,1278340,14451.0
367,3.266637560577112,27.664955216131226,3.396649969998901,"Mask, The (1994)",Action|Comedy|Crime|Fantasy,110475,854.0
539,-2.7080103716540918,18.386346325465148,3.1312876602947757,Sleepless in Seattle (1993),Comedy|Drama|Romance,108160,858.0
599,-0.8823406520363921,1.0202984819972623,2.413784635681973,"Wild Bunch, The (1969)",Adventure|Western,65214,576.0
2791,-0.2025965078564788,15.635539317862888,3.2656139920712994,Airplane! (1980),Comedy,80339,813.0
360,-0.4966365896281517,2.136932295244505,3.046165099773198,I Love Trouble (1994),Action|Comedy,110093,10879.0
1061,-1.5522887290238345,4.411839445086826,2.9267252772450205,Sleepers (1996),Thriller,117665,819.0
32031,0.2068041472975939,1.450221430811672,3.4211732015860834,Robots (2005),Adventure|Animation|Children|Comedy|Fantasy|Sci-Fi|IMAX,358082,9928.0
91500,2.333526364662914,5.183438242290743,3.728760329371691,The Hunger Games (2012),Action|Adventure|Drama|Sci-Fi|Thriller,1392170,70160.0
1588,0.9883190806530855,3.3705913945391384,3.5717897291504634,George of the Jungle (1997),Children|Comedy,119190,10603.0
4040,0.7792496586769296,1.4840153867541768,3.803666832320103,Don't Tell Mom the Babysitter's Dead (1991),Comedy,101757,15413.0
109576,-0.19785274609322576,0.2600853605913917,2.5178490809416316,Welcome to the Jungle (2013),Comedy,2193265,205724.0
246,-0.073830967027403,5.843137331632221,3.265935927668906,Hoop Dreams (1994),Documentary,110057,14275.0
96829,-0.6855796008486982,1.7427237153830908,2.8851759667451735,"Hunt, The (Jagten) (2012)",Drama,2106476,103663.0
135456,-0.046745043097692736,0.21310240235712877,3.059216589861751,Ghost in the Shell: Stand Alone Complex - The Laughing Man (2005),Action|Animation|Crime|Sci-Fi,1024215,18839.0
175705,-0.15329624427625713,0.21310240235712877,2.559216589861751,Themroc (1973),Comedy|Horror,69369,7014.0
861,-0.48074614934372273,2.0570304501435146,3.0448626133663925,Supercop (Police Story 3: Supercop) (Jing cha gu shi III: Chao ji jing cha) (1992),Action|Comedy|Crime|Thriller,104558,11134.0
172591,-0.1331350490590869,0.14502210701079107,2.3605386416861824,The Godfather Trilogy: 1972-1990 (1992),(no genres listed),150742,364150.0
55830,0.1288105399202839,0.45131139475425547,3.5639853166706263,Be Kind Rewind (2008),Comedy,799934,4953.0
3991,-0.5078648729015399,1.4213724406205885,2.9212654485287874,102 Dalmatians (2000),Children|Comedy,211181,10481.0
44851,-0.6405005482601495,0.41944283691372614,1.7515444015444013,Go for Zucker! (Alles auf Zucker!) (2004),Comedy,416331,460.0
136353,-0.6405005482601495,0.41944283691372614,1.7515444015444013,Scooby-Doo! and the Loch Ness Monster (2004),Animation|Children|Comedy,418141,12902.0
155589,0.19838512556730284,0.41944283691372614,3.7515444015444013,Noin 7 veljestä (1968),(no genres listed),134854,55495.0
6744,-0.023130138885585544,0.2216638309868618,3.174223602484472,Once Bitten (1985),Comedy|Horror,89730,19064.0
3244,0.23598310391015065,0.6150674482194748,3.6622417148031015,"Goodbye Girl, The (1977)",Comedy|Romance,76095,14741.0
346,-0.4933513159473831,0.6328850214678551,2.4990438695163104,Backbeat (1993),Drama|Musical,106339,12635.0
5524,1.080945666501722,0.604391918417938,5.0670560749763895,Blue Crush (2002),Adventure|Drama|Romance,300532,9266.0
161580,0.15973439161910385,0.45595853691058064,3.6288980014686256,Bad Moms (2016),Comedy,4651520,376659.0
170401,0.000957696754176052,0.002818551722996489,3.6183547103051747,Table 19 (2017),Comedy|Drama,1412528,353569.0
171891,-0.00045157910732219244,0.002818551722996489,3.1183547103051747,Generation Iron 2,(no genres listed),6263642,447818.0
26084,0.008013242806133823,0.3766224118882872,3.2998480243161095,"Music Man, The (1962)",Children|Comedy|Musical|Romance,56262,13671.0
101973,-0.08920938178583807,0.12426832170945533,2.5606943335993613,Disconnect (2012),Drama|Thriller,1433811,127517.0
34336,0.03168783026244925,0.10742542458452853,3.573546574213189,Must Love Dogs (2005),Comedy|Romance,417001,11648.0
725,0.5830896649160914,0.4029538811547237,4.725609643577975,"Great White Hype, The (1996)",Comedy,116448,20759.0
68959,0.7688625104480827,0.45088654879668744,4.9837953091684435,Fullmetal Alchemist the Movie: Conqueror of Shamballa (Gekijô-ban hagane no renkinjutsushi: Shanbara wo yuku mono) (2005),Action|Adventure|Animation|Drama,485323,14003.0
476,2.396801787812706,0.9587207151250824,5.7785714285714285,"Inkwell, The (1994)",Comedy|Drama,110137,59930.0
60760,-0.01915981438330921,0.029660461004242435,2.632599864590386,"X-Files: I Want to Believe, The (2008)",Drama|Mystery|Sci-Fi|Thriller,443701,8836.0
1197,-5.55795650755957,22.46772285783355,3.0311962698725243,"Princess Bride, The (1987)",Action|Adventure|Comedy|Fantasy|Romance,93779,2493.0
2628,4.612237072636232,20.65501593048979,3.5018700737120456,Star Wars: Episode I - The Phantom Menace (1999),Action|Adventure|Sci-Fi,120915,1893.0
224,-1.9832006607862427,9.384031811514134,3.067233626161928,Don Juan DeMarco (1995),Comedy|Drama|Romance,112883,1909.0
4018,0.25089448651367086,6.573696800858808,3.316737850618897,What Women Want (2000),Comedy|Romance,207201,3981.0
111,-5.468173238781894,20.034103011095844,3.0056281759709322,Taxi Driver (1976),Crime|Drama|Thriller,75314,103.0
6350,-0.4239252626782342,2.6283377571110944,3.1172811752425766,Laputa: Castle in the Sky (Tenkû no shiro Rapyuta) (1986),Action|Adventure|Animation|Children|Fantasy|Sci-Fi,92067,10515.0
1729,-1.1914624173917716,5.993936732993713,3.0797934850483766,Jackie Brown (1997),Crime|Drama|Thriller,119396,184.0
53996,0.7722142854321167,3.035503499319754,3.5329655630552685,Transformers (2007),Action|Sci-Fi|Thriller|IMAX,418279,1858.0
1785,-0.1628666703673493,0.7036291278177881,3.047104788080779,King of New York (1990),Crime|Thriller,99939,9558.0
6993,-0.09377147670506392,1.1403961588375586,3.1963443218082417,Hannah and Her Sisters (1986),Comedy|Drama|Romance,91167,5143.0
2404,1.4394100114095862,1.058050793078668,4.639007071950378,Rambo III (1988),Action|Adventure|Thriller|War,95956,1370.0
519,0.20733887926874578,3.298654402022578,3.34142702179199,RoboCop 3 (1993),Action|Crime|Drama|Sci-Fi|Thriller,107978,5550.0
7160,-0.2575963512259165,1.2442703814526037,3.071545403468115,Monster (2003),Crime|Drama,340855,504.0
3504,-2.6211273324534803,3.692682887848683,2.56875490436387,Network (1976),Comedy|Drama,74958,10774.0
99149,0.3465391181497309,0.5975093996729116,3.8585440923310834,"Misérables, Les (2012)",Drama|Musical|Romance|IMAX,1707386,82695.0
37444,-0.2210577113464233,0.41944283691372614,2.7515444015444013,Frankenstein 90 (1984),Comedy|Horror|Romance,87289,3118.0
108949,-0.09952656772133434,0.7099846557295866,3.138390134626336,"Art of the Steal, The (2013)",Crime,2172985,209247.0
149566,-0.6405005482601495,0.41944283691372614,1.7515444015444013,Unicorn City (2012),Comedy|Romance,1734589,102051.0
5346,0.19853369210127625,0.2216638309868618,4.1742236024844726,Wild Orchid (1990),Drama|Romance,100934,5203.0
1942,-0.8670966520856395,0.7773969984216078,2.163186813186813,All the King's Men (1949),Drama,41113,25430.0
107159,0.029887061822916283,0.25688641233506565,3.394914918876138,Zatoichi and the Chest of Gold (Zatôichi senryô-kubi) (Zatôichi 6) (1964),Action|Drama,130377,40897.0
56805,0.07129459843747799,0.32349548024973573,3.4989596651626758,Walk Hard: The Dewey Cox Story (2007),Comedy|Musical,841046,6575.0
136443,0.005185524338670785,0.002818551722996489,5.118354710305175,Gabriel Iglesias: Hot and Fluffy (2007),Comedy,1082588,20720.0
5102,0.11401647123299585,0.38390520234896036,3.575562640296029,Rookie of the Year (1993),Comedy|Fantasy,107985,21845.0
4784,0.03245782095950357,0.046890064398847256,3.9707824838478105,"French Lieutenant's Woman, The (1981)",Drama,82416,12537.0
61406,-0.004765147353409919,0.007630988852936347,2.6541245259165613,John Adams (2008),Drama,472027,118309.0
2181,0.005405898964524296,0.48014211712183363,3.289830384559146,Marnie (1964),Drama|Mystery|Romance|Thriller,58329,506.0
2607,-0.4747362181573093,0.48014211712183363,2.289830384559146,Get Real (1998),Drama|Romance,162973,24584.0
3862,0.005405898964524296,0.48014211712183363,3.289830384559146,About Adam (2000),Comedy,199314,18168.0
157369,-0.13291058714529216,0.45088654879668744,2.9837953091684435,Bakuman (2015),Comedy|Drama,3715854,327536.0
3132,0.18276776365906516,0.2399071501563318,4.0403985085061755,Daddy Long Legs (1919),Comedy|Drama,10040,70801.0
5478,0.29184649738641544,0.39460007819285986,4.018172137022825,Eight Legged Freaks (2002),Action|Comedy|Horror|Sci-Fi,271367,8869.0
49276,0.025006494336454646,0.09979443573159218,3.5291514749751407,Let's Go to Prison (2006),Comedy,454987,9809.0
183011,-0.16964178587647383,0.09424543659804102,1.4785714285714286,The Commuter (2018),Crime|Drama|Mystery|Thriller,1590193,399035.0
4459,0.02533087712305444,0.029660461004242435,4.132599864590386,Alaska: Spirit of the Wild (1997),Documentary|IMAX,130445,13795.0
47,-13.009503804625718,37.385676741261044,2.9305904653094297,Seven (a.k.a. Se7en) (1995),Mystery|Thriller,114369,807.0
1207,0.5403617510236542,5.721623226577917,3.3730134653195982,To Kill a Mockingbird (1962),Drama,56592,595.0
53318,0.3957592592965125,0.3440956432949181,4.428714614073241,Cashback (2006),Comedy|Drama|Romance,460740,12225.0
79293,-0.26838626113884045,1.909652983993462,3.1380295273001346,Salt (2010),Action|Thriller,944835,27576.0
1456,0.4126645701679647,0.6793985780517078,3.8859682991261937,"Pest, The (1997)",Comedy,119887,17949.0
5388,0.6117725605790802,2.0526830977070576,3.576606990545149,Insomnia (2002),Action|Crime|Drama|Mystery|Thriller,278504,320.0
35836,-1.0461346821717319,6.979438652308767,3.1286833452617953,"40-Year-Old Virgin, The (2005)",Comedy|Romance,405422,6957.0
1939,-0.10729730086161049,1.4248206697959136,3.203265600170596,"Best Years of Our Lives, The (1946)",Drama|War,36868,887.0
2064,-3.605912783564553,8.50926404900183,2.854808249664371,Roger & Me (1989),Documentary,98213,1779.0
93838,-0.33110941140839445,0.7227057512309472,2.8204189773913555,The Raid: Redemption (2011),Action|Crime,1899353,94329.0
3045,-0.6505767626487644,1.3412597675318056,2.793522388558874,Peter's Friends (1992),Comedy|Drama,105130,11790.0
1944,-0.1891544371546235,1.9852572728589388,3.18329186972502,From Here to Eternity (1953),Drama|Romance|War,45793,11426.0
27539,-0.0447392993025311,0.060975140206802794,2.5448412698412697,Undertaking Betty (Plots with a View) (2002),Comedy|Romance,298504,10918.0
95218,0.016235840904271694,0.060975140206802794,3.5448412698412697,First Position (2011),Documentary,2008513,89874.0
83910,0.4081065440241659,0.41944283691372614,4.251544401544401,"Dilemma, The (2011)",Comedy|Drama,1578275,44564.0
109241,-0.6405005482601495,0.41944283691372614,1.7515444015444013,On the Other Side of the Tracks (De l'autre côté du périph) (2012),Action|Comedy|Crime,1937133,146375.0
135937,0.19838512556730284,0.41944283691372614,3.7515444015444013,The Silence of the Hams (1994),Comedy|Thriller,111190,10450.0
5640,0.08770177660784535,0.2216638309868618,3.674223602484472,"Godzilla, King of the Monsters! (Kaijû-ô Gojira) (1956)",Horror|Sci-Fi,197521,18983.0
151769,-0.22699935051214937,0.25688641233506565,2.394914918876138,Three from Prostokvashino (1978),Animation,189160,77294.0
84952,-0.06356547014436952,0.45313998518758414,3.1382936507936505,Confessions (Kokuhaku) (2010),Drama|Horror,1590089,54186.0
7171,0.008013242806133823,0.3766224118882872,3.2998480243161095,Aileen: Life and Death of a Serial Killer (2003),Documentary,364930,37088.0
2051,0.9933823670588282,0.6310827570787784,4.852663504319307,Herbie Goes to Monte Carlo (1977),Adventure|Children|Comedy,76137,14140.0
6339,-0.0018222930909498783,0.007316370768142061,3.0295007966011687,"Man on the Train (Homme du train, L') (2002)",Comedy|Drama,301414,22016.0
4642,-0.5225037467436037,1.6432838154108254,2.9606082490868326,Hedwig and the Angry Inch (2000),Comedy|Drama|Musical,248845,13403.0
67197,0.08719762975449022,0.5651937153039804,3.4328506206314326,Knowing (2009),Action|Drama|Mystery|Sci-Fi|Thriller,448011,13811.0
4384,0.3762163531441648,0.3461534025504529,4.365420063807161,Lumumba (2000),Drama,246765,55551.0
2549,-0.6428278874306386,0.30006126913283304,1.1362493311931514,Wing Commander (1999),Action|Sci-Fi,131646,10350.0
2109,-0.7531688773349288,4.1725330489735875,3.0980650386890995,"Jerk, The (1979)",Comedy,79367,6471.0
140,0.7542346177461223,3.4804396799543578,3.4952781343621213,Up Close and Personal (1996),Drama|Romance,118055,9302.0
177,-0.7049503731044963,1.8485519735145512,2.897218681553874,Lord of Illusions (1995),Horror,113690,8973.0
416,-2.8239216059878998,3.0101655925940682,2.3404431033604784,Bad Girls (1994),Western,109198,11853.0
711,1.2474539603237373,3.2274773940205574,3.6650819468588236,Flipper (1996),Adventure|Children,116322,36355.0
2037,-0.9461325859354509,0.6793985780517078,1.8859682991261937,Candleshoe (1977),Adventure|Children|Comedy,75807,14612.0
6143,0.11803080384355633,0.2885197427286932,3.6876623376623376,Trail of the Pink Panther (1982),Comedy|Crime,84814,9699.0
7701,-0.10610988883227525,0.5837687284361461,3.096804431362564,Look Who's Talking Too (1990),Comedy|Romance,100050,9356.0
78637,-0.04469918421157794,0.9777010051739147,3.232852764097286,Shrek Forever After (a.k.a. Shrek: The Final Chapter) (2010),Adventure|Animation|Children|Comedy|Fantasy|IMAX,892791,10192.0
105653,0.05936470764856963,0.7109719093880791,3.3620693936312067,Escape Plan (2013),Action|Mystery|Thriller,1211956,107846.0
1425,0.42532350025395127,1.2873279563364974,3.608963927359651,Fierce Creatures (1997),Comedy,119115,12145.0
43928,0.29423771334819115,0.5131212171678314,3.851998727041435,Ultraviolet (2006),Action|Fantasy|Sci-Fi|Thriller,370032,9920.0
2306,0.3652471140253795,1.04071415374784,3.629529578520715,Holy Man (1998),Comedy,120701,9713.0
107338,0.05980615808087165,0.21310240235712877,3.559216589861751,Dampfnudelblues (2013),Comedy|Crime,2969050,209232.0
1244,-0.5881704656846698,4.9879291141390745,3.1606526586319346,Manhattan (1979),Comedy|Drama|Romance,79522,696.0
3498,0.45875925334148315,1.3687030621798952,3.6137495004395737,Midnight Express (1978),Drama,77928,11327.0
26712,0.04672341100767309,0.060975140206802794,4.044841269841269,35 Up (1991),Documentary,101254,20562.0
60514,-0.03341154358243892,0.09063560121104523,2.909935449596235,Journey to the Center of the Earth (2008),Action|Adventure|Sci-Fi,373051,88751.0
69069,0.7164349360427614,0.7953013076826959,4.179406029397459,Fired Up (2009),Comedy,1083456,17927.0
1300,-0.3516541501167858,1.1255560124815256,2.966144373660594,My Life as a Dog (Mitt liv som hund) (1985),Comedy|Drama,89606,8816.0
6014,0.44443870517811335,0.4836012113238013,4.197590435909137,National Security (2003),Action|Comedy,271668,11078.0
6946,-0.1674162284004934,0.08900113313094145,1.3975141598489615,Looney Tunes: Back in Action (2003),Action|Animation|Children|Fantasy,318155,10715.0
74683,-0.2210577113464233,0.41944283691372614,2.7515444015444013,Mike Bassett: England Manager (2001),Comedy,282744,19962.0
134004,-0.6405005482601495,0.41944283691372614,1.7515444015444013,What Love Is (2007),Comedy|Romance,439876,25973.0
142831,-0.43077912980328636,0.41944283691372614,2.2515444015444013,Garam Masala (2005),Comedy,453671,19636.0
2398,0.32514324466352656,1.422497966123215,3.5071434563752018,Miracle on 34th Street (1947),Comedy|Drama,39628,11881.0
115122,-0.14849643907718335,0.327252529890849,2.824804305283757,What We Do in the Shadows (2014),Comedy|Horror,3416742,246741.0
4032,-0.23466515959639253,0.48014211712183363,2.789830384559146,"Everlasting Piece, An (2000)",Comedy,218182,29122.0
84187,0.3179759616513953,0.45088654879668744,3.9837953091684435,Evangelion: 2.0 You Can (Not) Advance (Evangerion shin gekijôban: Ha) (2009),Action|Animation|Drama|Sci-Fi,860906,22843.0
175585,0.09253268725305157,0.45088654879668744,3.4837953091684435,Shot Caller (2017),Action|Crime|Drama|Thriller,4633690,339692.0
1055,0.8950057626023207,0.3736481792117796,5.673888232979142,Shadow Conspiracy (1997),Thriller,120107,38153.0
67295,0.07213956609943062,0.15756799963823007,3.736402753872633,Kung Fu Panda: Secrets of the Furious Five (2008),Action|Animation|Children|Comedy,1287845,15854.0
46850,-0.019327982504597416,0.023167252582128112,2.4442911255411253,Wordplay (2006),Documentary,492506,35199.0
61246,0.02700652265965881,0.023167252582128112,4.444291125541126,Hamlet 2 (2008),Comedy,1104733,12621.0
556,0.030062950593711883,0.3461534025504529,3.3654200638071607,"War Room, The (1993)",Documentary,108515,26408.0
2038,-0.1257316494701492,0.3232042989320895,2.8895554102647925,"Cat from Outer Space, The (1978)",Children|Comedy|Sci-Fi,77305,19378.0
1206,-8.54789695065679,14.76578899173499,2.6996726676964498,"Clockwork Orange, A (1971)",Crime|Drama|Sci-Fi|Thriller,66921,185.0
8207,-0.11329206404536246,0.9999773443133105,3.165276797758407,"Day of the Jackal, The (1973)",Crime|Thriller,69947,4909.0
104841,-0.20730664417873138,3.7317976803690818,3.2230200128906543,Gravity (2013),Action|Sci-Fi|IMAX,1454468,49047.0
4327,-0.14782973754856596,1.3441281376645082,3.1685895500539325,"Magnificent Seven, The (1960)",Adventure|Western,54047,966.0
64957,0.037067971086611876,2.3224695913851505,3.2945320126083995,"Curious Case of Benjamin Button, The (2008)",Drama|Fantasy|Mystery|Romance,421715,4922.0
671,0.2585361351569606,8.285670123834004,3.3097742318803935,Mystery Science Theater 3000: The Movie (1996),Comedy|Sci-Fi,117128,3065.0
3104,0.25115338529892745,4.502946679179019,3.3343467692966975,Midnight Run (1988),Action|Comedy|Crime|Thriller,95631,9013.0
8010,-0.11612992301319583,0.11852113897497156,2.2987468671679196,"Power of One, The (1992)",Drama,105159,13823.0
67997,-0.049010655241169904,0.13281887570357048,2.909567738534528,In the Loop (2009),Comedy,1226774,19833.0
45928,0.037750928017847435,0.5167772760899468,3.351622101974639,Who Killed the Electric Car? (2006),Documentary,489037,13508.0
55253,0.5443334730895486,0.7062277481811028,4.0493333739799535,"Lust, Caution (Se, jie) (2007)",Drama|Romance|Thriller|War,808357,4588.0
94959,-0.8717538101216166,2.484313645332514,2.927668147192504,Moonrise Kingdom (2012),Comedy|Drama|Romance,1748122,83666.0
78266,-0.09945469727944586,0.37769845350474496,3.0152537041894925,Splice (2009),Horror|Sci-Fi|Thriller,1017460,37707.0
6536,0.05508660442686022,0.08900113313094145,3.8975141598489613,Sinbad: Legend of the Seven Seas (2003),Adventure|Animation|Children|Fantasy,165982,14411.0
136834,-0.6405005482601495,0.41944283691372614,1.7515444015444013,The Eye: Infinity (2005),Horror,455135,33723.0
665,-0.8581448619027783,0.7782932229500121,2.1759730291531483,Underground (1995),Comedy|Drama|War,114787,11902.0
27834,-0.1341511078682308,0.35228667894491444,2.8977704619552385,"Return, The (Vozvrashcheniye) (2003)",Drama,376968,11190.0
5309,0.47314387914208755,0.47945246419731535,4.265413533834586,Three Men and a Little Lady (1990),Comedy|Romance,98966,11630.0
130578,-0.05103178660007715,0.28873247681622577,3.1018272425249167,"Gunman, The (2015)",Action|Thriller,2515034,266396.0
121231,-0.14849643907718335,0.327252529890849,2.824804305283757,It Follows (2014),Horror,3235888,270303.0
6774,-0.698181670756595,1.090680013188085,2.638437143249932,Videodrome (1983),Fantasy|Horror|Sci-Fi|Thriller,86541,837.0
132,1.0804210919319046,3.4124783050667347,3.5951803547960233,Jade (1995),Thriller,113451,11863.0
4822,0.11938021948171573,0.18889399561928485,3.9105672688326836,Max Keeble's Big Move (2001),Children|Comedy,273799,34549.0
6067,-0.23466515959639253,0.48014211712183363,2.789830384559146,Ordinary Decent Criminal (2000),Comedy|Crime,160611,12490.0
444,0.18276776365906516,0.2399071501563318,4.0403985085061755,Even Cowgirls Get the Blues (1993),Comedy|Romance,106834,34444.0
2056,-0.057139386497266645,0.2399071501563318,3.0403985085061755,In Search of the Castaways (1962),Adventure|Children,56095,34774.0
45028,0.011782895958591525,0.055531747069713984,3.4907544874584358,"Prairie Home Companion, A (2006)",Comedy|Drama|Musical,420087,9526.0
8015,0.12970990819778566,0.4991368619256565,3.53843984962406,"Phantom Tollbooth, The (1970)",Adventure|Animation|Children|Fantasy,64806,28476.0
2829,0.21632795511785388,0.7973230345772327,3.549889258028793,"Muse, The (1999)",Comedy,164108,37718.0
3857,-0.22526567850773682,0.29480564246126767,2.5144555296115474,Bless the Child (2000),Thriller,163983,10391.0
4733,-0.23818190694321517,0.5214068106149465,2.8217651458489152,"Curse of the Jade Scorpion, The (2001)",Comedy,256524,2779.0
2616,-0.9347058971067486,2.6728284244839666,2.9288647700577197,Dick Tracy (1990),Action|Crime,99422,8592.0
4641,-2.4951009259152475,5.25423088846903,2.803696802983312,Ghost World (2001),Comedy|Drama,162346,1548.0
185,4.911922074438947,21.000965105575013,3.5124617307430657,"Net, The (1995)",Action|Crime|Thriller,113957,1642.0
353,-1.4049848701388108,13.08587817910045,3.171204933873142,"Crow, The (1994)",Action|Crime|Fantasy|Thriller,109506,9495.0
355,0.42620580880606057,7.539426579557149,3.3351016970618335,"Flintstones, The (1994)",Children|Comedy|Fantasy,109813,888.0
694,2.3060983438970437,2.4318315648433906,4.226868332533013,"Substitute, The (1996)",Action|Crime|Drama,117774,20762.0
747,-0.1924190286828831,1.3291519867717012,3.133803162340086,"Stupids, The (1996)",Comedy,117768,16299.0
4844,-0.003840458090097504,0.6866244699178454,3.2729781847265698,Bandits (2001),Comedy|Crime|Romance,219965,3172.0
1586,5.017959139976757,5.287389390962617,4.227614286764098,G.I. Jane (1997),Action|Drama,119173,4421.0
305,2.3007412278657418,2.0625280165428124,4.394067174283634,Ready to Wear (Pret-A-Porter) (1994),Comedy,110907,3586.0
48774,0.2001878747732429,7.053893793192262,3.3069511973406214,Children of Men (2006),Action|Adventure|Drama|Sci-Fi|Thriller,206634,9693.0
7361,-5.3727388939254626,13.367355810245694,2.876641610124656,Eternal Sunshine of the Spotless Mind (2004),Drama|Romance|Sci-Fi,338013,38.0
112334,-0.11496096059210728,0.14970272948699834,2.510643141718839,"Internet's Own Boy: The Story of Aaron Swartz, The (2014)",Documentary,3268458,250658.0
164179,0.04010399717435055,3.7818488982956473,3.2891757647712234,Arrival (2016),Sci-Fi,2543164,329865.0
1542,0.2234285067160941,1.9345343085252444,3.3940661529252294,Brassed Off (1996),Comedy|Drama|Romance,115744,9450.0
2092,0.24217563128282785,0.967918320780401,3.5287739777778215,"Return of Jafar, The (1994)",Adventure|Animation|Children|Fantasy|Musical|Romance,107952,15969.0
2898,0.4126645701679647,0.6793985780517078,3.8859682991261937,"Dark Half, The (1993)",Horror|Mystery,106664,10349.0
128360,-0.573668956602139,1.6987426036279762,2.9408693215088495,The Hateful Eight (2015),Western,3460252,273248.0
2312,0.27479321830912273,1.1479054941386997,3.51795805030313,Children of a Lesser God (1986),Drama,90830,1890.0
7234,-0.4712185028065162,0.6528835968272363,2.5568217857615045,"Strada, La (1954)",Drama,47528,405.0
3155,-0.09921357656583514,0.25452629661119014,2.8887744689378545,Anna and the King (1999),Drama|Romance,166485,1439.0
86298,0.7481009466029418,0.9045167026225502,4.105643990563819,Rio (2011),Adventure|Animation|Children|Comedy,1436562,46195.0
128944,-0.011336292889560236,0.41944283691372614,3.2515444015444013,"Honey, We Shrunk Ourselves (1997)",Action|Adventure|Children|Comedy|Sci-Fi,119310,11425.0
7347,0.05546711196491872,0.709836789320636,3.3567120840001285,Secret Window (2004),Mystery|Thriller,363988,1586.0
93831,-0.08300475049310331,0.293360370538857,2.995626767911788,American Reunion (American Pie 4) (2012),Comedy,1605630,71552.0
131749,0.3895745150432146,0.45313998518758414,4.138293650793651,Libre et assoupi (2014),Comedy,2922440,268523.0
1694,1.3797812062357235,0.7276174270907048,5.17487181234951,"Apostle, The (1997)",Drama,118632,2895.0
6480,-0.1002334404781048,0.22816296319358065,2.8392650701899256,Thoroughly Modern Millie (1967),Comedy|Musical,62362,32489.0
5609,0.7256190746472747,0.48014211712183363,4.789830384559146,Ballistic: Ecks vs. Sever (2002),Action|Thriller,308208,10550.0
1599,0.012400577456264189,0.5347127926175994,3.301762527844665,Steel (1997),Action,120207,8854.0
54768,0.061757401532850975,0.023167252582128112,5.944291125541126,Daddy Day Camp (2007),Children|Comedy,462244,14144.0
1288,-8.771441835833452,10.884207797421153,2.472684404077858,This Is Spinal Tap (1984),Comedy,88258,11031.0
291,0.031326821291876306,1.451915049968429,3.300147636692253,Poison Ivy II (1996),Drama|Thriller,114151,18220.0
158872,-0.7427507718371387,0.7578443734642952,2.298487920869392,Sausage Party (2016),Animation|Comedy,1700841,223702.0
7323,0.44152427041593706,3.1835842771181504,3.417259219433247,"Good bye, Lenin! (2003)",Comedy|Drama,301357,338.0
84392,-0.25513267495090025,0.7366080139720209,2.932209903701308,"Lincoln Lawyer, The (2011)",Crime|Drama|Thriller,1189340,50348.0
325,1.904758481852855,2.433614046634422,4.061258594799389,National Lampoon's Senior Trip (1995),Comedy,113936,27993.0
906,0.4580470479104225,1.8364747087945377,3.5279879033624617,Gaslight (1944),Drama|Thriller,36855,13528.0
2082,0.5119548322455585,4.124371608197546,3.4027006004501223,"Mighty Ducks, The (1992)",Children|Comedy,104868,10414.0
2108,1.1634559147168224,4.060534367354396,3.5650992127149874,L.A. Story (1991),Comedy|Romance,102250,2107.0
55721,-0.7413839696810987,1.0985187771653555,2.6036772118387987,Elite Squad (Tropa de Elite) (2007),Action|Crime|Drama|Thriller,861739,7347.0
26554,-0.08090369414341456,0.56984341092318,3.136596119929453,"Quiet Earth, The (1985)",Drama|Mystery|Sci-Fi,89869,10176.0
7748,-0.2598474454548215,0.21310240235712877,2.059216589861751,Pierrot le fou (1965),Crime|Drama,59592,2786.0
81562,-0.20362503421565706,1.5941613338469716,3.1508396677437607,127 Hours (2010),Adventure|Drama|Thriller,1542344,44115.0
955,-0.7908090065969775,3.3885928066429436,3.0451975616828815,Bringing Up Baby (1938),Comedy|Romance,29947,900.0
60072,-1.0088716950765197,2.5993186713620924,2.890442144466432,Wanted (2008),Action|Thriller,493464,8909.0
179819,-0.08354045266352864,0.9727513116637617,3.1926908425862566,Star Wars: The Last Jedi (2017),Action|Adventure|Fantasy|Sci-Fi,2527336,181808.0
3029,0.2446331374555048,1.204055900934006,3.481745664307277,Nighthawks (1981),Action|Drama,82817,21610.0
7001,0.376596360590985,1.4978100447159843,3.530002751201125,Invasion of the Body Snatchers (1978),Horror|Mystery|Sci-Fi|Thriller,77745,11850.0
72178,-0.43077912980328636,0.41944283691372614,2.2515444015444013,Welcome to Dongmakgol (2005),Comedy|Drama|War,475783,14968.0
125970,-0.011336292889560236,0.41944283691372614,3.2515444015444013,Halloweentown (1998),Adventure|Children|Comedy|Fantasy,173886,27850.0
7367,-0.11780101488839514,0.9471287201618172,3.1541944432887217,"Ladykillers, The (2004)",Comedy|Crime,335245,5516.0
5450,0.017389680918239447,0.8869133708172179,3.298178395261102,Lovely & Amazing (2001),Comedy|Drama|Romance,258273,50035.0
25827,-0.0009496529269417458,0.007630988852936347,3.1541245259165613,Mr. Deeds Goes to Town (1936),Comedy|Romance,27996,24807.0
26840,-0.06687734729421922,0.05460239114528025,2.053765227021041,Sonatine (Sonachine) (1993),Action|Comedy|Crime|Drama,108188,7500.0
1306,0.13740611290180862,0.27967615900368126,3.7698757763975155,Until the End of the World (Bis ans Ende der Welt) (1991),Adventure|Drama|Sci-Fi,101458,10341.0
55020,-0.03091160879566147,0.023167252582128112,1.9442911255411253,"Ten, The (2007)",Comedy,811106,13173.0
3095,0.24709183356730072,0.4251219967469243,3.859797136622463,"Grapes of Wrath, The (1940)",Drama,32551,596.0
91628,0.2243912391687388,0.1346886189488228,4.944571428571429,New Year's Eve (2011),Comedy|Romance,1598822,62838.0
72605,0.057080634576156156,0.2905418188158605,3.475034143676591,Brothers (2009),Drama|Thriller|War,765010,7445.0
7236,-0.22526567850773682,0.29480564246126767,2.5144555296115474,"Boy and His Dog, A (1975)",Sci-Fi,72730,4917.0
47950,0.010500646620933224,0.029660461004242435,3.632599864590386,Hollywoodland (2006),Crime|Drama|Mystery|Thriller,427969,1249.0
1266,-3.6194003884028922,8.669358156873159,2.861077962168337,Unforgiven (1992),Drama|Western,105695,33.0
435,0.33683481600341125,14.531008287693261,3.301751844502282,Coneheads (1993),Comedy|Sci-Fi,106598,9612.0
1590,0.7114598148373448,5.010888791192994,3.4205541874160845,Event Horizon (1997),Horror|Sci-Fi|Thriller,119081,8413.0
3753,1.1507369094450137,6.907785288179574,3.4451569348427546,"Patriot, The (2000)",Action|Drama|War,187393,2024.0
55765,0.5597620420433412,4.085204412792984,3.4155932236841586,American Gangster (2007),Crime|Drama|Thriller,765429,4982.0
128620,-0.37751797053392566,1.104677593847937,2.936826495356197,Victoria (2015),Crime|Drama|Romance,4226388,320007.0
1681,-0.04979122269957839,0.9742042205129755,3.227461792982537,Mortal Kombat: Annihilation (1997),Action|Adventure|Fantasy,119707,9823.0
2840,2.1411111767468536,4.956996514961111,3.7105086248725745,Stigmata (1999),Drama|Thriller,145531,10307.0
105954,0.06223261449816596,0.2600853605913917,3.5178490809416316,All Is Lost (2013),Action|Adventure|Drama,2017038,152747.0
2886,-0.9567246232264661,0.6179800197874302,1.7304232804232802,"Adventures of Elmo in Grouchland, The (1999)",Children|Comedy,159421,16112.0
3020,0.7404099884368613,3.1410289450226623,3.514293544284539,Falling Down (1993),Action|Drama,106856,37094.0
6618,-0.3279599884403109,1.2830568638553148,3.022963124934082,Shaolin Soccer (Siu lam juk kau) (2001),Action|Comedy,286112,11770.0
2796,1.0348435143657422,1.6240458949123018,3.915772333796846,Funny Farm (1988),Comedy,95188,14170.0
3261,0.8422573136805864,1.28711748432252,3.932946280859223,Singles (1992),Comedy|Drama|Romance,105415,11068.0
27156,-0.6182013069984573,0.6639889511538162,2.347529871442795,"Neon Genesis Evangelion: The End of Evangelion (Shin seiki Evangelion Gekijô-ban: Air/Magokoro wo, kimi ni) (1997)",Action|Animation|Drama|Fantasy|Sci-Fi,169858,18491.0
473,0.8791340870643578,0.76617337270992,4.426006354370143,In the Army Now (1994),Comedy|War,110123,12475.0
748,-0.1534356905539907,1.5473905263330519,3.1794137253653756,"Arrival, The (1996)",Action|Sci-Fi|Thriller,115571,10547.0
27523,-0.03555255745955376,0.02887772538348671,2.0474302293451228,My Sassy Girl (Yeopgijeogin geunyeo) (2001),Comedy|Romance,293715,11178.0
1382,1.575775494413862,0.9621450099963913,4.916344818280919,Marked for Death (1990),Action|Drama,100114,10173.0
7346,0.23340783420082464,2.0951037485721815,3.389977765541563,"Girl Next Door, The (2004)",Comedy|Romance,265208,10591.0
60363,-0.16668957971613668,0.060975140206802794,0.5448412698412697,Zombie Strippers! (2008),Comedy|Horror,960890,13009.0
66665,0.08294137157921523,0.18524346191625812,3.72631393306376,Away We Go (2009),Comedy|Drama|Romance,1176740,19255.0
6687,0.4194322108416587,0.3838067755922091,4.371392706138715,My Boss's Daughter (2003),Comedy|Romance,270980,2830.0
4987,0.024051270718172493,0.25132429199110423,3.3742695822501974,Spacehunter: Adventures in the Forbidden Zone (1983),Action|Adventure|Sci-Fi,86346,26978.0
935,0.6662506968004143,1.2568864101568478,3.808651705847457,"Band Wagon, The (1953)",Comedy|Musical,45537,29376.0
5303,-0.48576104925254315,0.47945246419731535,2.2654135338345864,Joe Versus the Volcano (1990),Comedy|Romance,99892,2565.0
79553,0.16300452244942254,0.45313998518758414,3.6382936507936505,Ip Man 2 (2010),Action,1386932,37472.0
5947,0.04447650727946501,0.08909955988769268,3.777749060150376,Evelyn (2002),Drama,298856,21868.0
83132,-0.06493753401697792,0.18262093708798252,2.9229849604892255,"Secret World of Arrietty, The (Kari-gurashi no Arietti) (2010)",Animation|Children|Fantasy,1568921,51739.0
6932,0.005405898964524296,0.48014211712183363,3.289830384559146,Shattered Glass (2003),Crime|Drama,323944,13537.0
178827,-0.5837971359419796,0.45088654879668744,1.9837953091684435,Paddington 2 (2017),Adventure|Animation|Children|Comedy,4468740,346648.0
581,-0.9731092446447462,1.9999999947998788,2.7920168049839837,"Celluloid Closet, The (1995)",Documentary,112651,32562.0
1626,0.18276776365906516,0.2399071501563318,4.0403985085061755,Fire Down Below (1997),Action|Drama|Thriller,119123,14289.0
26322,-0.09771767691669381,0.3095460797053506,2.962890877844671,Gone in 60 Seconds (1974),Action|Crime|Drama,71571,16246.0
169984,-0.0881902748317741,0.2905418188158605,2.975034143676591,Alien: Covenant (2017),Action|Horror|Sci-Fi|Thriller,2316204,126889.0
7228,0.06953996395353083,0.29480564246126767,3.5144555296115474,Cool World (1992),Animation|Comedy|Fantasy,104009,14239.0
131439,0.19838512556730284,0.41944283691372614,3.7515444015444013,Kill Me Three Times (2014),Thriller,2393845,237756.0
2329,-7.742658082310853,18.1969511587272,2.8530793769209244,American History X (1998),Crime|Drama,120586,73.0
1304,-2.1330752693886605,12.415402201435262,3.106762635365996,Butch Cassidy and the Sundance Kid (1969),Action|Western,64115,642.0
146,1.1111638160555146,1.742342415737932,3.9163127852753603,"Amazing Panda Adventure, The (1995)",Adventure|Children,112342,30765.0
704,-0.4727585341232573,0.9002153465476874,2.7534098259212634,"Quest, The (1996)",Action|Adventure,117420,9103.0
3798,-0.4675998105847341,2.718175831026526,3.1065443634907477,What Lies Beneath (2000),Drama|Horror|Mystery,161081,2655.0
48394,0.8863643049836929,8.533400639390202,3.3824414262945206,"Pan's Labyrinth (Laberinto del fauno, El) (2006)",Drama|Fantasy|Thriller,457430,1417.0
2320,-0.7483582616806153,1.8037618571890646,2.8636839207233376,Apt Pupil (1998),Drama|Thriller,118636,9445.0
3421,-2.2198864172348953,7.463569289005957,2.981141830040756,Animal House (1978),Comedy,77975,8469.0
3752,0.6783219728469811,6.558524099889079,3.381997437611855,"Me, Myself & Irene (2000)",Adventure|Comedy,183505,2123.0
7570,0.44444375765829847,0.4349428213479195,4.300415532770998,Octopussy (1983),Action|Adventure|Thriller,86034,700.0
111617,0.17625959521248463,0.6823467492281143,3.536885248358616,Blended (2014),Comedy,1086772,232672.0
31225,0.09151696366543013,0.6022207770555241,3.4305372310681306,Coach Carter (2005),Drama,393162,7214.0
51255,-1.7914802146273994,4.331189172943187,2.864948254174262,Hot Fuzz (2007),Action|Comedy|Crime|Mystery,425112,4638.0
62394,0.13633525130534205,0.14168839155709967,4.240790350016377,Max Payne (2008),Action|Crime|Drama|Thriller,467197,13051.0
1488,0.2061798020992287,2.4353306591366004,3.3632333619831014,"Devil's Own, The (1997)",Action|Drama|Thriller,118972,4477.0
149352,0.8827691605452277,0.7128032074525832,4.517018662416053,Daddy's Home (2015),Comedy,1528854,274167.0
4663,0.19095821267010885,0.3875954799921168,3.771245421245421,She's Out of Control (1989),Comedy,98308,47045.0
80584,0.19095821267010885,0.3875954799921168,3.771245421245421,"Patrik Age 1.5 (Patrik 1,5) (2008)",Comedy|Drama|Romance,1067733,15179.0
141844,-0.09855614434461654,0.25688641233506565,2.894914918876138,12 Chairs (1971),Adventure|Comedy,65670,31648.0
97172,0.20612779246125895,0.293360370538857,3.9812150476895614,Frankenweenie (2012),Animation|Comedy|Horror|IMAX,1142977,62214.0
104218,-0.0032701308303186814,0.002818551722996489,2.1183547103051747,Grown Ups 2 (2013),Comedy,2191701,109418.0
117533,0.03554061855403938,0.7170380602102764,3.328137303141067,Citizenfour (2014),Documentary,4044364,293310.0
6902,-0.29823062974076203,0.9332821023094178,2.9590210707505866,Interstate 60 (2002),Adventure|Comedy|Drama|Fantasy|Mystery|Sci-Fi|Thriller,165832,20312.0
5879,0.43961841223901504,0.38390520234896036,4.4236937388427355,Eight Crazy Nights (Adam Sandler's Eight Crazy Nights) (2002),Animation|Comedy|Musical,271263,13376.0
4898,0.2263171431421319,0.5098025781260761,3.7225023792033864,Novocaine (2001),Comedy|Crime|Mystery|Thriller,234354,20794.0
3927,-0.05037053419982525,0.23532660461830981,3.0645262113656466,Fantastic Voyage (1966),Adventure|Sci-Fi,60397,2161.0
4174,0.13740611290180862,0.27967615900368126,3.7698757763975155,Avalon (1990),Drama,99073,2302.0
5047,-0.19890491006594802,0.8393797056583423,3.041604882054864,Kung Pow: Enter the Fist (2002),Action|Comedy,240468,11891.0
39231,0.025006494336454646,0.09979443573159218,3.5291514749751407,Elizabethtown (2005),Comedy|Drama|Romance,368709,9621.0
2054,2.5802299660927863,8.440888916027,3.584253684523597,"Honey, I Shrunk the Kids (1989)",Adventure|Children|Comedy|Fantasy|Sci-Fi,97523,9354.0
4973,-1.7724770882684782,15.985460323672129,3.1676908500719967,"Amelie (Fabuleux destin d'Amélie Poulain, Le) (2001)",Comedy|Romance,211915,194.0
78499,0.5677641614747381,6.491244970967293,3.366037571663257,Toy Story 3 (2010),Adventure|Animation|Children|Comedy|Fantasy|IMAX,435761,10193.0
512,0.39628408085356986,0.8850647216657752,3.72631730653132,"Puppet Masters, The (1994)",Horror|Sci-Fi,111003,25557.0
2614,1.0920631482196725,0.6793985780517078,4.885968299126194,Chopping Mall (a.k.a. Killbots) (1986),Action|Horror|Sci-Fi,90837,28941.0
3826,4.2851569502087115,4.995765850955921,4.136329193457219,Hollow Man (2000),Horror|Sci-Fi|Thriller,164052,9383.0
2941,0.47366487183948247,1.1229483348758502,3.7003761163996085,South Pacific (1958),Musical|Romance|War,52225,17352.0
31410,-0.5432971565142366,2.46299521454094,3.0579875016085425,"Downfall (Untergang, Der) (2004)",Drama|War,363163,613.0
6234,-0.03714475043306316,0.2496952668000358,3.129811097992916,Equus (1977),Drama|Mystery,75995,37258.0
62792,0.036761061919920075,0.21831557470656374,3.4469564005063456,Pride and Glory (2008),Crime|Drama,482572,13150.0
4102,-0.5330704166425977,1.2294785597654854,2.8449970385110785,Eddie Murphy Raw (1987),Comedy|Documentary,92948,17159.0
259,-0.1363899074276752,1.4310111696506251,3.183261265855526,Kiss of Death (1995),Crime|Drama|Thriller,113552,6071.0
174737,-0.046745043097692736,0.21310240235712877,3.059216589861751,Don Camillo in Moscow (1965),Comedy,59049,37991.0
153386,0.19838512556730284,0.41944283691372614,3.7515444015444013,Long Live Ghosts! (1977),Children|Comedy|Fantasy,75703,46632.0
184349,-0.011336292889560236,0.41944283691372614,3.2515444015444013,Elsa & Fred (2005),Comedy|Drama|Romance,453047,22916.0
3819,0.6876973447575762,0.7773969984216078,4.1631868131868135,Tampopo (1985),Comedy,92048,11830.0
77206,0.025885677799097884,0.06357589921993419,3.6857332322849565,Diary of a Wimpy Kid (2010),Children|Comedy,1196141,33217.0
8025,-0.09855614434461654,0.25688641233506565,2.894914918876138,The Thief (1997),Drama,124207,46187.0
181659,0.0023669726156742964,0.002818551722996489,4.118354710305175,Craig Ferguson: Tickle Fight (2017),Comedy,7193448,490928.0
62383,0.3466130471134057,0.6154150020176796,3.841789819376026,"20,000 Leagues Under the Sea (1916)",Action|Adventure|Sci-Fi,6333,30266.0
109846,0.23770069021614862,0.28873247681622577,4.101827242524917,Mr. Peabody & Sherman (2014),Adventure|Animation|Comedy,864835,82703.0
5959,-0.21584928662638717,0.8658115418929205,3.0292685766430782,Narc (2002),Crime|Drama|Thriller,272207,11022.0
5611,0.1335760671671577,0.08909955988769268,4.777749060150375,"Four Feathers, The (2002)",Adventure|War,240510,9093.0
2239,-0.7974954261995885,0.5981795228977933,1.9453672721732984,Swept Away (Travolti da un insolito destino nell'azzurro mare d'Agosto) (1975),Comedy|Drama,73817,37916.0
3283,0.07934788535835083,0.046890064398847256,4.9707824838478105,Minnie and Moskowitz (1971),Action,67433,24349.0
5499,-0.2220466329284622,0.20566614361406738,2.198925410872313,Robin and Marian (1976),Adventure|Drama|Romance,75147,10786.0
26122,-0.0395761517215791,0.05460239114528025,2.553765227021041,Onibaba (1964),Drama|Horror|War,58430,3763.0
50923,0.12480093006804682,0.09979443573159218,4.529151474975141,"Astronaut Farmer, The (2007)",Drama,469263,5172.0
1,-4.266850259133461,38.4152471639086,3.1674996387446486,Toy Story (1995),Adventure|Animation|Children|Comedy|Fantasy,114709,862.0
1391,-4.66956356292333,13.482136239328012,2.9322195240934126,Mars Attacks! (1996),Action|Comedy|Sci-Fi,116996,75.0
7143,-0.024965908346038155,4.140414895326612,3.272541620212315,"Last Samurai, The (2003)",Action|Adventure|Drama|War,325710,616.0
135569,0.17597171253100774,0.5852666553136499,3.579240723384923,Star Trek Beyond (2016),Action|Adventure|Sci-Fi,2660888,188927.0
6387,-0.2286245687942122,0.31131212601140434,2.544181246848032,Once a Thief (Zong heng si hai) (1991),Action|Comedy|Crime|Thriller,101020,47423.0
8982,0.0718742175776954,0.3074151345942564,3.5123732473158404,I Am David (2003),Drama,327919,15397.0
3208,1.5105759516269848,1.0106601212637643,4.77321430588028,Loaded Weapon 1 (National Lampoon's Loaded Weapon 1) (1993),Action|Comedy,107659,9644.0
4041,-1.0902734944681616,1.362645424937225,2.478456098115313,"Officer and a Gentleman, An (1982)",Drama|Romance,84434,2623.0
4351,0.7737585243379121,2.3941246544925523,3.6017620038349016,Point Break (1991),Action|Crime|Thriller,102685,1089.0
107348,0.13826713717673336,0.5999962581272636,3.5090180943694773,Anchorman 2: The Legend Continues (2013),Comedy,1229340,109443.0
98491,-0.36394426673881436,1.2886249625155277,2.9961430438004566,Paperman (2012),Animation|Comedy|Romance,2388725,140420.0
6313,0.36804172550867553,0.3607227139218554,4.298861283643892,Sibling Rivalry (1990),Comedy,100611,108553.0
3452,1.144552933310261,1.757854289219672,3.9296793960118577,Romeo Must Die (2000),Action|Crime|Romance|Thriller,165929,2085.0
55190,-0.014251729199129703,0.060975140206802794,3.0448412698412697,Love and Other Disasters (2006),Comedy|Romance,452643,6641.0
62999,0.15317125169450357,1.1832800452539476,3.4080177522112653,Madagascar: Escape 2 Africa (2008),Action|Adventure|Animation|Children|Comedy|IMAX,479952,10527.0
1172,-1.7845364707058042,3.919606264833674,2.823286802991433,Cinema Paradiso (Nuovo cinema Paradiso) (1989),Drama,95765,11216.0
7087,0.17498375809472552,0.6452526079743,3.5497578692493947,"Passage to India, A (1984)",Adventure|Drama,87892,15927.0
44972,0.9544590822575943,0.6955914375846532,4.650726160049757,Scary Movie 4 (2006),Comedy|Horror,362120,4257.0
74275,0.0023669726156742964,0.002818551722996489,4.118354710305175,I Love You Phillip Morris (2009),Comedy|Drama|Romance,1045772,8952.0
2775,0.22267562705485036,0.08909955988769268,5.777749060150375,Head On (1998),Drama,138487,13817.0
98243,-0.6785622468257274,1.387326497704986,2.7894563947648563,Rise of the Guardians (2012),Adventure|Animation|Children|Fantasy|IMAX,1446192,81188.0
1516,0.3109964256541737,0.5109226992889996,3.8872670807453416,Children of the Revolution (1996),Comedy,115886,9977.0
86487,-0.008580641779878093,0.007630988852936347,2.1541245259165613,Mildred Pierce (2011),Drama,1492030,202241.0
2786,0.1191172577693923,0.2695676111605742,3.7204541060064313,Haunted Honeymoon (1986),Comedy,91178,24103.0
2296,0.3704687987812605,0.7354226305735263,3.782320950791525,"Night at the Roxbury, A (1998)",Comedy,120770,9429.0
4338,-0.03559496352361428,0.09540026660984881,2.905459646094087,Twelve O'Clock High (1949),Drama|War,41996,15497.0
8830,0.5390437543486415,0.39460007819285986,4.644622233267887,Anacondas: The Hunt for the Blood Orchid (2004),Adventure|Drama|Horror|Sci-Fi|Thriller,366174,11237.0
68486,0.14271175096814348,0.5898693807040893,3.5205093145450954,Red Cliff Part II (Chi Bi Xia: Jue Zhan Tian Xia) (2009),Action|Drama|War,1326972,15384.0
1008,-0.004329583881187994,0.029660461004242435,3.132599864590386,"Davy Crockett, King of the Wild Frontier (1955)",Adventure|Western,47977,35115.0
7720,0.03469705219047692,0.17485746075652778,3.477001921844971,"Four Musketeers, The (1974)",Action|Adventure|Comedy|Romance,73012,12310.0
3147,-4.881627744840995,10.691548626005071,2.8219839017684913,"Green Mile, The (1999)",Crime|Drama,120689,497.0
52,-1.1121532072698423,3.419484186891395,2.953331378761201,Mighty Aphrodite (1995),Comedy|Drama|Romance,113819,11448.0
2763,-3.669129007557136,7.572298948105866,2.79402518538924,"Thomas Crown Affair, The (1999)",Action|Mystery,155267,913.0
3060,-2.6538993626368783,3.640898737621609,2.549658170091046,"Commitments, The (1991)",Comedy|Drama|Musical,101605,11663.0
139385,-1.2766230508964063,3.7455455863570233,2.9377337531346517,The Revenant (2015),Adventure|Drama,1663202,281957.0
1485,4.692198227147019,8.86495140261691,3.807869110424698,Liar Liar (1997),Comedy,119528,1624.0
1798,1.0920631482196725,0.6793985780517078,4.885968299126194,Hush (1998),Thriller,118744,17941.0
1812,-0.5637805445373415,0.9193057282080396,2.665303690496639,Wide Awake (1998),Children|Comedy|Drama,120510,32911.0
3622,-0.2667340078837431,0.6793985780517078,2.8859682991261937,"Twelve Chairs, The (1970)",Comedy,66495,24918.0
41997,-0.8974027854614126,2.625112665847689,2.9367183732201347,Munich (2005),Action|Crime|Drama|Thriller,408306,612.0
3030,-1.1170823441276412,1.4277941927795756,2.4961881202649647,Yojimbo (1961),Action|Adventure,55630,11878.0
5791,-0.871375768023416,3.3736096605312578,3.020279611880876,Frida (2002),Drama|Romance,120679,1360.0
1302,-0.9803660513939413,7.1133197090251326,3.1407502576559576,Field of Dreams (1989),Children|Drama|Fantasy,97351,2323.0
3861,2.267973655388943,3.2045088732156564,3.986315967631818,"Replacements, The (2000)",Comedy,191397,10393.0
4466,0.10687383018704438,1.187060885203847,3.3686037356916243,Above the Law (1988),Action|Crime|Drama,94602,9395.0
172461,-0.046745043097692736,0.21310240235712877,3.059216589861751,Get Me Roger Stone (2017),Documentary,6714534,448448.0
2183,-0.20532175957187146,0.6522723319445095,2.9637922335689666,"Man Who Knew Too Much, The (1956)",Adventure|Drama|Mystery|Thriller,49470,574.0
4464,-0.038597443713719835,0.1721302148226759,3.0543374452845202,"Accidental Tourist, The (1988)",Comedy|Drama|Romance,94606,31052.0
3593,2.6628019968769534,2.854485080049022,4.211419883617907,Battlefield Earth (2000),Action|Sci-Fi,185183,5491.0
3774,1.7180505464191662,0.8235992354202062,5.364598797869076,House Party 2 (1991),Comedy|Drama|Romance,102065,16096.0
5900,0.24175232856666634,0.9179350702977054,3.5419368194244667,Analyze That (2002),Comedy|Crime,289848,9932.0
148632,-0.43077912980328636,0.41944283691372614,2.2515444015444013,Applesauce (2015),Comedy,4270878,333088.0
2138,-0.2594068580362697,0.615836196921919,2.8573443890878116,Watership Down (1978),Adventure|Animation|Children|Drama|Fantasy,78480,11837.0
172215,0.000957696754176052,0.002818551722996489,3.6183547103051747,Saved by the Bell: Hawaiian Style (1992),Comedy,105321,37022.0
1683,-0.8934939540551259,0.774384250885404,2.124759282942774,"Wings of the Dove, The (1997)",Drama|Romance,120520,45609.0
2475,-0.3333134306011288,0.6212479340924357,2.742049031779788,52 Pick-Up (1986),Action|Mystery|Thriller,90567,18588.0
2364,1.2571490610873728,0.7716659043032976,4.907707890447888,"Godzilla 1985: The Legend Is Reborn (Gojira) (Godzilla) (Return of Godzilla, The) (1984)",Action|Horror|Sci-Fi|Thriller,87344,39256.0
7078,-0.004765147353409919,0.007630988852936347,2.6541245259165613,Jezebel (1938),Drama,30287,1976.0
38294,0.34762245339201664,0.2905418188158605,4.4750341436765915,Beowulf & Grendel (2005),Action|Adventure|Drama|Fantasy,402057,5471.0
88699,0.20235154398408642,0.2905418188158605,3.975034143676591,Death Race 2 (2010),Action|Sci-Fi|Thriller,1500491,51620.0
139855,0.16300452244942254,0.45313998518758414,3.6382936507936505,Anomalisa (2015),Animation|Comedy|Fantasy,2401878,291270.0
212,0.39056638490890583,0.7983877579821929,3.767765283316903,Bushwhacked (1995),Adventure|Comedy|Crime|Mystery,112602,26258.0
674,-0.6425680195234712,2.0094316373761436,2.9587954244658508,Barbarella (1968),Adventure|Comedy|Sci-Fi,62711,8069.0
1047,-0.6690332083751469,6.318944982604833,3.1726940692627306,"Long Kiss Goodnight, The (1996)",Action|Drama|Thriller,116908,11412.0
1427,1.0920631482196725,0.6793985780517078,4.885968299126194,Turbulence (1997),Action|Thriller,120390,34314.0
4979,-0.31640968344318066,8.452256792466248,3.2411364935934466,"Royal Tenenbaums, The (2001)",Comedy|Drama,265666,9428.0
53322,-0.23323252198637268,2.306281340647013,3.1774421700218447,Ocean's Thirteen (2007),Crime|Thriller,496806,298.0
106491,0.1555670663062017,0.5488178374076175,3.56202990186201,47 Ronin (2013),Action|Adventure|Fantasy,1335975,64686.0
3006,0.8909963824253457,4.78865204371439,3.4646355598325154,"Insider, The (1999)",Drama|Thriller,140352,9008.0
68536,-0.026287662085843523,0.01840136346009047,1.85,Stanley Kubrick: A Life in Pictures (2001),Documentary,278736,30416.0
60046,-0.05686935352571004,0.11852113897497156,2.7987468671679196,"Children of Huang Shi, The (2008)",Drama|War,889588,13405.0
1458,-0.11291353618756254,0.46068722764525516,3.033473389355742,Touch (1997),Drama|Fantasy|Romance,120357,61563.0
715,-0.17078843895392892,0.8708828536454523,3.0824618849755003,"Horseman on the Roof, The (Hussard sur le toit, Le) (1995)",Drama|Romance,113362,11876.0
2155,-0.6922258391667264,2.125107351306709,2.952834548154031,"Slums of Beverly Hills, The (1998)",Comedy|Drama,120831,14662.0
4349,-0.7190743784704385,0.8031926272519316,2.3833012853049222,Catch-22 (1970),Comedy|War,65528,10364.0
6786,-0.014178697142097036,0.5625133897487737,3.253365455877286,Kiss of the Spider Woman (1985),Drama,89424,11703.0
42723,0.12442457398488367,1.3124974517731653,3.3733712880429936,Hostel (2005),Horror,450278,1690.0
8158,0.007319011586820159,0.3607227139218554,3.298861283643892,Rush (1991),Crime|Drama,102820,20289.0
5341,0.17498375809472552,0.6452526079743,3.5497578692493947,Lenny (1974),Drama,71746,27094.0
72129,-0.5500373213754605,0.8498254181346288,2.6313357615296082,Saw VI (2009),Crime|Horror|Mystery|Thriller,1233227,22804.0
1190,0.10547215396642136,0.21826980413793817,3.7617906002886805,Tie Me Up! Tie Me Down! (¡Átame!) (1990),Crime|Drama|Romance,101026,2469.0
73042,-0.5192510216311503,0.4830187361336603,2.203559254535463,Alvin and the Chipmunks: The Squeakquel (2009),Animation|Children|Comedy|Musical,1231580,23398.0
141513,-0.2210577113464233,0.41944283691372614,2.7515444015444013,Fort Tilden (2014),Comedy,3457734,253255.0
4438,-0.023130138885585544,0.2216638309868618,3.174223602484472,"Fist of Fury (Chinese Connection, The) (Jing wu men) (1972)",Action|Drama|Romance|Thriller,68767,11713.0
7802,-0.6370794574277463,1.0743812342973715,2.6855980620509436,"Warriors, The (1979)",Action|Adventure|Crime|Thriller,80120,11474.0
2600,-0.9395113614566715,2.9926535532918654,2.9646321954706822,eXistenZ (1999),Action|Sci-Fi|Thriller,120907,1946.0
45175,0.19095821267010885,0.3875954799921168,3.771245421245421,Kinky Boots (2005),Comedy|Drama,434124,16367.0
36401,1.1892172511449877,1.8714033252741977,3.914039601083489,"Brothers Grimm, The (2005)",Comedy|Fantasy|Horror|Thriller,355295,4442.0
165103,-0.001860854968820437,0.002818551722996489,2.6183547103051747,Keeping Up with the Joneses (2016),Comedy,2387499,331313.0
103606,0.2325565608530302,0.3439899129284405,3.9546277665995975,Stuck in Love (2012),Comedy|Drama|Romance,2205697,111969.0
25771,-0.004765147353409919,0.007630988852936347,2.6541245259165613,"Andalusian Dog, An (Chien andalou, Un) (1929)",Fantasy,20530,626.0
123545,0.002865841499526428,0.007630988852936347,3.6541245259165613,The Blue Lagoon (1949),Drama|Romance,41190,228074.0
1546,0.005405898964524296,0.48014211712183363,3.289830384559146,Schizopolis (1996),Comedy,117561,16375.0
6294,2.09462189608952,1.1245106160505005,5.141267846188399,Bulletproof Monk (2003),Action|Adventure|Sci-Fi,245803,11817.0
2967,-0.11366100487382638,0.2871435912601932,2.8827380952380954,"Bad Seed, The (1956)",Drama|Thriller,48977,42196.0
1473,0.055402983164272196,0.15121755404836654,3.644950738916256,Best Men (1997),Action|Comedy|Crime|Drama,118702,19952.0
274,1.042687186515933,2.2262740660276528,3.7469266964277366,Man of the House (1995),Comedy,113755,40490.0
631,-0.32455040071231367,3.5948147270917556,3.188288500144995,All Dogs Go to Heaven 2 (1996),Adventure|Animation|Children|Fantasy|Musical|Romance,115509,19042.0
6365,2.4196693947189263,9.900080316050298,3.522980495717691,"Matrix Reloaded, The (2003)",Action|Adventure|Sci-Fi|Thriller|IMAX,234215,604.0
1616,3.3303484997699186,4.0986722673790705,4.091114682218673,"Peacemaker, The (1997)",Action|Thriller|War,119874,6623.0
1722,1.7613304686518898,8.4840293946915,3.4861768465528846,Tomorrow Never Dies (1997),Action|Adventure|Thriller,120347,714.0
3754,-1.023995443212554,0.9742042205129755,2.2274617929825364,"Adventures of Rocky and Bullwinkle, The (2000)",Adventure|Animation|Children|Comedy|Fantasy,131704,17711.0
2989,-0.42662515899462977,2.375126155013007,3.0989493238279886,For Your Eyes Only (1981),Action|Adventure|Thriller,82398,699.0
3210,-1.7193900856141444,3.7353052490492202,2.8182636435378505,Fast Times at Ridgemont High (1982),Comedy|Drama|Romance,83929,13342.0
4688,0.06157851278488019,0.20762069886266424,3.575162823948692,Black Robe (1991),Adventure|Drama,101465,41784.0
6537,4.547441856784333,4.904897848127334,4.205694071608842,Terminator 3: Rise of the Machines (2003),Action|Adventure|Sci-Fi,181852,296.0
49961,-0.025673314425688702,0.27929071491336654,3.1866481634759443,Notes on a Scandal (2006),Drama,465551,1259.0
68205,0.12687990266875915,0.7038686002520997,3.4588322082443894,Crank: High Voltage (2009),Action|Comedy|Crime,1121931,15092.0
3987,1.3582554612900863,0.7084676964585046,5.195744883451231,Bounce (2000),Drama|Romance,186894,10862.0
171011,-0.6601445995841241,1.523945845735803,2.8453902880267736,Planet Earth II (2016),Documentary,5491994,420714.0
6975,-0.19954722807390327,0.2965825188858957,2.60574948065792,Funny Games (1997),Drama|Horror|Thriller,119167,10234.0
104913,0.30745107022276125,1.7404084932127066,3.455225973422116,Rush (2013),Action|Drama,1979320,96721.0
2363,1.2469702904645528,0.7735525108972118,4.890576137881005,Godzilla (Gojira) (1954),Drama|Horror|Sci-Fi,47034,1678.0
3446,0.4043704615572171,0.8740431156998963,3.741215037672353,Funny Bones (1995),Comedy|Drama,113133,35292.0
182715,-0.07630321688006993,0.4355639258266516,3.1033888380130965,Annihilation (2018),Adventure|Mystery|Sci-Fi|Thriller,2798920,300668.0
6996,0.14453169211640615,0.7483181939139723,3.4717134546398496,Highlander II: The Quickening (1991),Action|Sci-Fi,102034,8010.0
26578,0.07642761375010898,0.9021390203093655,3.363289650518973,"Sacrifice, The (Offret - Sacraficatio) (1986)",Drama,91670,24657.0
142550,-0.43077912980328636,0.41944283691372614,2.2515444015444013,Ryuzo and the Seven Henchmen (2015),Action|Comedy,4176776,315841.0
5588,-0.10099299616268854,0.5164694734481294,3.083026480893448,"Hills Have Eyes, The (1977)",Horror,77681,12262.0
4325,0.029887061822916283,0.25688641233506565,3.394914918876138,"Night, The (Notte, La) (1960)",Drama,54130,41050.0
8531,0.29139491827909325,0.3974186299158563,4.011790498701052,White Chicks (2004),Action|Comedy|Crime,381707,12153.0
70641,-0.00045157910732219244,0.002818551722996489,3.1183547103051747,Miss March (2009),Comedy,1151922,19556.0
91323,-0.0032701308303186814,0.002818551722996489,2.1183547103051747,"Sitter, The (2011)",Comedy,1366344,57431.0
2344,-0.4282532416669423,2.048514504587293,3.06951591995387,Runaway Train (1985),Action|Adventure|Drama|Thriller,89941,11893.0
8121,0.22267562705485036,0.08909955988769268,5.777749060150375,"Seducing Doctor Lewis (Grande séduction, La) (2003)",Comedy,366532,41277.0
86644,2.3382228847952127,1.0264728264866445,5.5564913349350045,"Fast Five (Fast and the Furious 5, The) (2011)",Action|Crime|Drama|Thriller|IMAX,1596343,51497.0
4450,-1.390591728502824,0.6560246872198161,1.1588467358985834,Bully (2001),Crime|Drama|Thriller,242193,9517.0
3474,-0.23466515959639253,0.48014211712183363,2.789830384559146,Retroactive (1997),Sci-Fi|Thriller,117468,26689.0
161594,0.09253268725305157,0.45088654879668744,3.4837953091684435,Kingsglaive: Final Fantasy XV (2016),Action|Adventure|Animation|Drama|Fantasy|Sci-Fi,5595168,390734.0
168090,-0.13291058714529216,0.45088654879668744,2.9837953091684435,Kizumonogatari II: Passionate Blood (2016),Animation|Fantasy|Mystery,5084196,362584.0
2575,-0.1786843390549324,0.6258295615541342,2.9930554510084604,"Dreamlife of Angels, The (Vie rêvée des anges, La) (1998)",Drama,120449,9840.0
62344,0.003599919950721727,0.09935779063991923,3.3148033126293996,Rachel Getting Married (2008),Drama|Romance,1084950,14976.0
103137,0.5720136925607554,0.4252304377646833,4.623756631135174,"Bling Ring, The (2013)",Crime|Drama,2132285,96936.0
2633,0.38310617782822315,1.0513682101464688,3.6429596363667276,"Mummy, The (1932)",Horror|Romance,23245,15849.0
7261,0.12480093006804682,0.09979443573159218,4.529151474975141,Barbershop 2: Back in Business (2004),Comedy,337579,21301.0
2170,0.5902169123475607,0.6180099413933572,4.233599613096851,Wrongfully Accused (1998),Action|Comedy,120901,9417.0
3192,0.3762163531441648,0.3461534025504529,4.365420063807161,"Terrorist, The (a.k.a. Malli) (Theeviravaathi) (1998)",Drama,169302,48233.0
1644,2.807043877770387,3.5904909898509554,4.060370877645359,I Know What You Did Last Summer (1997),Horror|Mystery|Thriller,119345,3597.0
1608,2.2862167212894793,6.204102201867624,3.6470722441449146,Air Force One (1997),Action|Thriller,118571,9772.0
442,0.9087658354486613,14.733673145707865,3.340250945041047,Demolition Man (1993),Action|Adventure|Sci-Fi,106697,9739.0
3032,-0.5705452193229568,1.1797935145398246,2.794973907232708,"Omega Man, The (1971)",Action|Drama|Sci-Fi|Thriller,67525,11234.0
2059,0.5943814980412161,1.8176208517610515,3.605582145611417,"Parent Trap, The (1998)",Children|Comedy|Romance,120783,9820.0
103810,0.06037175952934552,0.2629039123143882,3.508205742484381,Red 2 (2013),Action|Comedy|Crime|Thriller,1821694,146216.0
3272,0.846578515415548,1.0990581925849219,4.048847762551929,Bad Lieutenant (1992),Crime|Drama,103759,12143.0
1399,0.7792477546440835,0.7445724644062338,4.325142168016516,Marvin's Room (1996),Drama,116999,9819.0
32657,-0.25185238862087367,0.46998881469219445,2.7427025296789793,"Man Who Planted Trees, The (Homme qui plantait des arbres, L') (1987)",Animation|Drama,93488,49565.0
100498,0.5712037435013692,0.5226484820624794,4.371473757967432,"Good Day to Die Hard, A (2013)",Action|Crime|Thriller|IMAX,1606378,47964.0
2380,-0.2582608454585969,1.1489669962891027,3.0537948716357466,Police Academy 3: Back in Training (1986),Comedy|Crime,91777,12118.0
60487,-0.21072765853639575,0.1721302148226759,2.0543374452845202,"It's the Great Pumpkin, Charlie Brown (1966)",Animation|Children|Comedy,60550,13353.0
3978,-0.002696833321904714,1.4002111002295052,3.2766454094722635,"Legend of Bagger Vance, The (2000)",Drama|Romance,146984,4958.0
4877,0.016235840904271694,0.060975140206802794,3.5448412698412697,Better Than Sex (2000),Comedy|Romance,236019,27444.0
67087,1.1374356137274486,2.136983621033414,3.810833633359597,"I Love You, Man (2009)",Comedy,1155056,16538.0
93272,0.2365982736779145,0.45215559939347605,3.8018388037743205,Dr. Seuss' The Lorax (2012),Animation|Fantasy|Musical|IMAX,1482459,73723.0
3197,-0.024358384588656988,0.40129054416794857,3.217871307567674,"Presidio, The (1988)",Action|Crime|Romance|Thriller,95897,11851.0
5621,0.8675484859779611,1.183363570239167,4.011692261252312,"Tuxedo, The (2002)",Action|Comedy,290095,10771.0
8238,-0.6405005482601495,0.41944283691372614,1.7515444015444013,Little Murders (1971),Comedy|Crime,67350,27459.0
51167,-0.43077912980328636,0.41944283691372614,2.2515444015444013,My Father and My Son (Babam ve oglum) (2005),Drama,476735,13393.0
147936,-0.43077912980328636,0.41944283691372614,2.2515444015444013,The Lord's Lantern in Budapest (1999),Comedy|Drama,185534,104515.0
4304,-0.13396205437901643,0.2216638309868618,2.674223602484472,Startup.com (2001),Documentary,256408,14268.0
147282,0.029887061822916283,0.25688641233506565,3.394914918876138,What Men Still Talk About (2011),Comedy,1863347,83456.0
7008,-0.5780277631701446,0.5000300495864314,2.1225853760367377,Last Tango in Paris (Ultimo tango a Parigi) (1972),Drama|Romance,70849,1643.0
107630,-0.2901354627381616,0.45313998518758414,2.6382936507936505,High School (2010),Comedy,1247667,27584.0
4936,0.0054940776771921825,0.007316370768142061,4.029500796601169,Fame (1980),Drama|Musical,80716,3537.0
39449,-0.022024882029815014,0.10742542458452853,3.073546574213189,Prime (2005),Comedy|Drama|Romance,387514,2313.0
107314,0.015876104174550577,0.17498994823504618,3.3692972350230415,Oldboy (2013),Action|Drama|Mystery,1321511,87516.0
8880,0.040141435359922054,0.0786989996518421,3.7886342697448163,Mask (1985),Drama,89560,11177.0
97168,0.08970262021991599,0.1346886189488228,3.9445714285714284,Marley (2012),Documentary,1183919,90125.0
43869,-0.004329583881187994,0.029660461004242435,3.132599864590386,Curious George (2006),Adventure|Animation|Children|Comedy,381971,9975.0
87522,0.1221257825687408,0.17485746075652778,3.977001921844971,Larry Crowne (2011),Comedy|Drama|Romance,1583420,59861.0
4757,0.02252149836425809,0.5214068106149465,3.3217651458489152,Rock Star (2001),Comedy|Drama|Musical,202470,12508.0
348,-2.9952165902060575,8.027858696421164,2.905468624514684,Bullets Over Broadway (1994),Comedy,109348,11382.0
13,-0.5640309978017056,1.7700952537013646,2.959926995949915,Balto (1995),Adventure|Animation|Children,112453,21032.0
218,-1.7292710662315836,2.7577660370116406,2.651516398150701,Boys on the Side (1995),Comedy|Drama,112571,9382.0
440,1.4845740963720284,14.787008733885976,3.378968616609194,Dave (1993),Comedy|Romance,106673,11566.0
1682,-0.24349873684632217,13.667488885927176,3.2607555196741442,"Truman Show, The (1998)",Comedy|Drama|Sci-Fi,120382,37165.0
3022,-0.2467606018974643,2.036411769696414,3.1573972114658915,"General, The (1926)",Comedy|War,17925,961.0
79702,-1.7859662093772368,5.182843139895604,2.9339794428272468,Scott Pilgrim vs. the World (2010),Action|Comedy|Fantasy|Musical|Romance,446029,22538.0
1663,-0.9265296207360803,4.802276630086646,3.0856359331584198,Stripes (1981),Comedy|War,83131,10890.0
2455,2.45828860168896,6.154324023985562,3.678012308204699,"Fly, The (1986)",Drama|Horror|Sci-Fi|Thriller,91064,9426.0
3484,0.7899603652721066,1.3299070430448325,3.872568106311766,"Skulls, The (2000)",Thriller,192614,11478.0
4016,1.430031236790192,4.040780529645627,3.6324711829130987,"Emperor's New Groove, The (2000)",Adventure|Animation|Children|Comedy|Fantasy,120917,11688.0
8574,-0.7180234672760092,0.2600853605913917,0.5178490809416316,"Claymation Christmas Celebration, A (1987)",Animation|Children|Comedy|Musical,272045,21386.0
117922,0.06223261449816596,0.2600853605913917,3.5178490809416316,Ice Age: A Mammoth Christmas (2011),Adventure|Animation|Children,2100546,79218.0
55908,0.17822570843960656,0.9735696435084125,3.461635588005716,"Man from Earth, The (2007)",Drama|Sci-Fi,756683,13363.0
4487,-0.29138961331491786,0.41340440860850985,2.57371776168453,Cocktail (1988),Drama|Romance,94889,7520.0
280,2.0512265505393317,2.673140294272266,4.045918565171214,Murder in the First (1995),Drama|Thriller,113870,8438.0
2956,1.3258010171136394,1.839995541499622,3.9991172055645037,Someone to Watch Over Me (1987),Action|Crime|Thriller,94008,31650.0
2471,5.799685981098965,3.808352374219423,4.801457288703448,Crocodile Dundee II (1988),Action|Adventure|Comedy,92493,9396.0
3786,-0.21406486688983828,0.35578078266807045,2.676895123053959,But I'm a Cheerleader (1999),Comedy,179116,20770.0
99106,0.3574742908490592,0.16161378057761555,5.4904761904761905,"Guilt Trip, The (2012)",Comedy,1694020,82687.0
2318,-2.200381038427886,2.605649891589219,2.4341060821215854,Happiness (1998),Comedy|Drama,147612,10683.0
2383,0.44226185312447797,0.41220543206303095,4.351487549329515,Police Academy 6: City Under Siege (1989),Comedy|Crime,98105,11895.0
6375,0.217411684805631,0.7208006929125182,3.580196672475041,Gigantic (A Tale of Two Johns) (2002),Documentary,304081,30055.0
2337,0.43971022762873885,0.7888918789809723,3.8359484777517565,Velvet Goldmine (1998),Drama,120879,1808.0
6060,0.19095821267010885,0.3875954799921168,3.771245421245421,"Guru, The (2002)",Comedy|Romance,280720,9027.0
120138,-0.22699935051214937,0.25688641233506565,2.394914918876138,PK (2014),Comedy|Drama|Fantasy|Mystery|Romance,2338151,297222.0
7285,-0.09274667982376887,0.3445142585831114,3.009361439396497,Thirteen (2003),Drama,328538,11023.0
5992,-2.073627526977891,2.1107132313512054,2.2961416526181946,"Hours, The (2002)",Drama|Romance,274558,590.0
3572,1.0230428280630706,0.6310827570787784,4.899662825203207,Carnosaur (1993),Horror|Sci-Fi,106521,39283.0
5612,0.7256190746472747,0.48014211712183363,4.789830384559146,Trapped (2002),Action|Thriller,280380,9039.0
7812,-0.015855001239803566,0.19890819737208132,3.1988612836438923,Babylon 5: Thirdspace (1998),Drama|Sci-Fi,121804,10941.0
92507,0.057080634576156156,0.2905418188158605,3.475034143676591,Safe House (2012),Action|Crime|Mystery|Thriller,1599348,59961.0
107953,-0.0881902748317741,0.2905418188158605,2.975034143676591,Dragon Ball Z: Battle of Gods (2013),Action|Animation|Fantasy|IMAX,2263944,126963.0
6,-1.4573872210928642,14.51860173287901,3.178190741236198,Heat (1995),Action|Crime|Thriller,113277,949.0
1089,-12.419056285420256,20.30422952466899,2.666922694482233,Reservoir Dogs (1992),Crime|Mystery|Thriller,105236,500.0
99114,-1.5433219333207513,7.688047409251062,3.0778283983627874,Django Unchained (2012),Action|Drama|Western,1853728,68718.0
474,1.8586643070360296,13.56447495849602,3.4155958480733326,In the Line of Fire (1993),Action|Thriller,107206,9386.0
16,-4.347825592346201,14.696025618944269,2.9827209921962,Casino (1995),Crime|Drama,112641,524.0
86,1.5050326279117872,2.02305813518815,4.0225108150546625,White Squall (1996),Action|Adventure|Drama,118158,10534.0
1100,1.9307673194919361,4.0715245886427525,3.7527837972938682,Days of Thunder (1990),Action|Drama|Romance,99371,2119.0
1267,-3.0146834476148894,4.447976090272824,2.6008062188600656,"Manchurian Candidate, The (1962)",Crime|Thriller|War,56218,982.0
122926,-0.5403832243781512,1.624062216473038,2.945835885008512,Untitled Spider-Man Reboot (2017),Action|Adventure|Fantasy,2250912,202249.0
171023,-0.04010959584860812,0.14970272948699834,3.010643141718839,The Hero (2017),Drama,5655222,425751.0
1367,1.62461048819713,8.800421542508799,3.463177413676773,101 Dalmatians (1996),Adventure|Children|Comedy,115433,11674.0
148675,-0.3278954263889216,0.2600853605913917,2.0178490809416316,North Pole: Open For Christmas (2015),Children|Fantasy,4843046,369879.0
2433,0.437724957666233,1.1538273619062285,3.657939237064955,"Civil Action, A (1998)",Drama,120633,9422.0
104283,-0.15329624427625713,0.21310240235712877,2.559216589861751,"Wind Rises, The (Kaze tachinu) (2013)",Animation|Drama|Romance,2013293,149870.0
2102,-1.5706495647894263,1.3082338864505711,2.07798368882802,Steamboat Willie (1928),Animation|Children|Comedy|Musical,19422,53565.0
6755,-0.3193136606934591,0.6617074658044549,2.7960112683875606,Bubba Ho-tep (2002),Comedy|Horror,281686,9707.0
6244,0.17498375809472552,0.6452526079743,3.5497578692493947,Salaam Bombay! (1988),Drama,96028,45129.0
90405,0.16862654867638702,1.4566922381386882,3.3943313291608983,In Time (2011),Crime|Sci-Fi|Thriller,1637688,49530.0
46105,-0.43077912980328636,0.41944283691372614,2.2515444015444013,I Am a Sex Addict (2005),Comedy|Documentary|Romance,428649,17628.0
81537,0.2844563316833089,1.0476867261963685,3.550080386899104,Due Date (2010),Comedy,1231583,41733.0
84944,-0.3620662413236215,1.0762552820452789,2.9421584535423415,Rango (2011),Action|Adventure|Animation|Children|Comedy|Western,1192628,44896.0
163072,-0.22699935051214937,0.25688641233506565,2.394914918876138,Winnie Pooh (1969),Animation|Children,211729,36161.0
170897,0.003776248477172541,0.002818551722996489,4.618354710305175,Sandy Wexler (2017),Comedy,5893332,419700.0
92694,-0.2901354627381616,0.45313998518758414,2.6382936507936505,Perfect Sense (2011),Drama|Romance|Sci-Fi,1439572,51999.0
8199,0.22267562705485036,0.08909955988769268,5.777749060150375,Ugetsu (Ugetsu monogatari) (1953),Drama|Thriller,46478,14696.0
2210,-0.17547218020481303,0.6014222960745359,2.9868094148414515,Sabotage (1936),Thriller,28212,12684.0
760,-0.23466515959639253,0.48014211712183363,2.789830384559146,Stalingrad (1993),Drama|War,108211,11101.0
189333,0.026600320218899243,1.1016910508425883,3.3027164193095806,Mission: Impossible - Fallout (2018),Action|Adventure|Thriller,4912910,353081.0
193565,0.09253268725305157,0.45088654879668744,3.4837953091684435,Gintama: The Movie (2010),Action|Animation|Comedy|Sci-Fi,1636780,71172.0
95207,0.20235154398408642,0.2905418188158605,3.975034143676591,Abraham Lincoln: Vampire Hunter (2012),Action|Fantasy|Horror|Thriller,1611224,72331.0
131656,-0.09997243191519146,0.22445423423539768,2.833169129720854,Shaun the Sheep Movie (2015),Adventure|Animation|Children|Comedy,2872750,263109.0
4030,0.5117484276454324,0.29480564246126767,5.014455529611547,Dracula 2000 (2000),Horror,219653,10577.0
42285,0.06953996395353083,0.29480564246126767,3.5144555296115474,"Dentist, The (1996)",Horror|Thriller,116075,9568.0
2470,3.370167737188887,6.832896192808797,3.7717982597847843,Crocodile Dundee (1986),Adventure|Comedy,90555,9671.0
168,5.332144732399876,12.187382928666203,3.716084942638343,First Knight (1995),Action|Drama|Romance,113071,6520.0
205,-0.6366007724621382,2.0352244888941127,2.9657800014163582,Unstrung Heroes (1995),Comedy|Drama,114798,52856.0
852,-0.10225222265463865,6.272783048554496,3.262270494542122,Tin Cup (1996),Comedy|Drama|Romance,117918,10478.0
101864,0.7391357765903496,1.3989334928472361,3.8069280519345545,Oblivion (2013),Action|Adventure|Sci-Fi|IMAX,1483013,75612.0
103253,0.41578783155032906,1.6018840820120712,3.5381331760282557,Elysium (2013),Action|Drama|Sci-Fi|IMAX,1535108,68724.0
2699,2.933707655885606,6.762569414540946,3.712386961699638,Arachnophobia (1990),Comedy|Horror,99052,6488.0
1952,0.0035409037836246493,2.9612314046975383,3.279767182398032,Midnight Cowboy (1969),Drama,64665,3116.0
4220,0.6642618589108531,1.1149708451045077,3.874337552705904,"Longest Yard, The (1974)",Comedy,71771,4985.0
4565,0.2929203416959352,0.18706088584355804,4.84448051948052,American Ninja (1985),Action|Adventure,88708,12500.0
4914,-0.30906458351170235,0.35539273336582483,2.4089290456655137,Breathless (À bout de souffle) (1960),Crime|Drama|Romance,53472,269.0
55442,0.909136377579939,2.0706801029873625,3.717623494734778,Persepolis (2007),Animation|Drama,808417,2011.0
176621,0.617827962481029,0.41944283691372614,4.751544401544401,Boniface's Holiday (1965),Animation|Children|Comedy|Romance,1332537,77557.0
69134,-0.25527298149156163,0.35113184893310667,2.5515710659805855,Antichrist (2009),Drama|Fantasy,870984,17609.0
172909,-0.22699935051214937,0.25688641233506565,2.394914918876138,Cheburashka (1971),Animation,201520,213313.0
123200,-0.0032701308303186814,0.002818551722996489,2.1183547103051747,Jim Jefferies: I Swear to God (2009),Comedy,1439235,31981.0
114184,-0.19539802500819003,0.28873247681622577,2.6018272425249167,Camp X-Ray (2014),Drama,2994190,244506.0
5016,0.18234383964471604,0.8489178360132076,3.493367056498227,"Shipping News, The (2001)",Drama,120824,6440.0
150596,0.0835990974462371,0.19890819737208132,3.6988612836438923,Doctor Who: The Husbands of River Song (2015),Comedy|Drama|Sci-Fi,4701546,371759.0
5382,0.10750543639115893,0.09540026660984881,4.405459646094087,Every Which Way But Loose (1978),Comedy,77523,15417.0
178061,-0.02827363097941229,0.09424543659804102,2.9785714285714286,"I, Tonya (2017)",Drama,5580036,389015.0
121171,0.012254685202507373,0.22445423423539768,3.333169129720854,Red Army (2014),Documentary,3264102,256876.0
140725,0.012254685202507373,0.22445423423539768,3.333169129720854,Cop Car (2015),Crime|Thriller,3813310,310133.0
146024,0.012254685202507373,0.22445423423539768,3.333169129720854,A Man from Boulevard des Capucines (1987),Comedy|Romance|Western,92745,45227.0
4966,-0.004329583881187994,0.029660461004242435,3.132599864590386,"Incredible Shrinking Man, The (1957)",Sci-Fi|Thriller,50539,31682.0
165549,-0.31501786932257864,0.17485746075652778,1.477001921844971,Manchester by the Sea (2016),Drama,4034228,334541.0
3,2.401787239818484,7.3985136439716905,3.6032024768327857,Grumpier Old Men (1995),Comedy|Romance,113228,15602.0
1834,0.3568143114942776,1.7596068426188307,3.4813521309715334,"Spanish Prisoner, The (1997)",Crime|Drama|Mystery|Thriller,120176,29193.0
1082,0.5522089911262612,1.5086296202680562,3.644604935873336,"Candidate, The (1972)",Drama,68334,21711.0
2877,-0.2608695651134308,0.9999999996014853,3.0177018633540373,Tommy (1975),Musical,73812,11326.0
2422,1.3945273986461375,0.962884620135656,4.726852322755478,"Karate Kid, Part III, The (1989)",Action|Adventure|Children|Drama,97647,10495.0
112421,-0.13866574019322467,0.40658914182206396,2.9375250849041668,Frank (2014),Comedy|Drama|Mystery,1605717,171372.0
1380,0.407531236498324,6.430745492747878,3.3419437447294706,Grease (1978),Comedy|Musical|Romance,77631,621.0
3549,0.2948930231575867,1.2959415634776716,3.5061226017634035,Guys and Dolls (1955),Comedy|Musical|Romance,48140,4825.0
1218,0.19387322320959266,1.5855784756384639,3.4008442937675367,"Killer, The (Die xue shuang xiong) (1989)",Action|Crime|Drama|Thriller,97202,10835.0
1242,-3.298924662230266,7.683206367886344,2.849203205947753,Glory (1989),Drama|War,97441,9665.0
5004,-0.046745043097692736,0.21310240235712877,3.059216589861751,"Party, The (1968)",Comedy,63415,10794.0
58347,0.011470693550861773,0.06860612905973915,3.4457677666839257,Penelope (2006),Comedy|Fantasy|Romance,472160,7985.0
164200,-0.43077912980328636,0.41944283691372614,2.2515444015444013,Storks (2016),Animation|Children|Comedy,4624424,332210.0
6219,0.15718477822376503,0.41055782660614665,3.661428039838894,"Hunted, The (2003)",Action|Drama|Thriller,269347,10632.0
81156,0.014424815833768513,0.16618888667452286,3.3653691448472416,Jackass 3D (2010),Action|Comedy|Documentary,1116184,16290.0
4738,-0.5383016883016788,0.9332821023094178,2.7017879598113987,Happy Accidents (2000),Romance|Sci-Fi,208196,22230.0
5357,0.028096017965070195,0.29476570350176007,3.373887870176727,Iron Will (1994),Adventure,110157,24767.0
2879,0.5936246041509196,1.2717785277424305,3.7453387085668526,Armour of God II: Operation Condor (Operation Condor) (Fei ying gai wak) (1991),Action|Adventure|Comedy,99558,10975.0
178,2.741176469632562,0.9999999996513638,6.019747899159664,Love & Human Remains (1993),Comedy|Drama,107447,15730.0
100611,0.0835990974462371,0.19890819737208132,3.6988612836438923,Escape from Planet Earth (2013),Adventure|Animation|Comedy|Sci-Fi,765446,68179.0
2537,0.1191172577693923,0.2695676111605742,3.7204541060064313,Beyond the Poseidon Adventure (1979),Adventure,78856,31638.0
95309,-0.23346118423970433,0.2905418188158605,2.475034143676591,Seeking a Friend for the End of the World (2012),Comedy|Drama|Romance,1307068,88005.0
7564,-0.3694269537278708,0.4991368619256565,2.53843984962406,Kwaidan (Kaidan) (1964),Horror,58279,30959.0
3908,0.6591512488760661,0.29480564246126767,5.514455529611547,Urban Legends: Final Cut (2000),Horror,192731,12212.0
4091,0.18262625600445043,0.19056652800464388,4.236904761904762,Can't Buy Me Love (1987),Comedy|Romance,92718,12919.0
998,0.19747264946194032,0.3232042989320895,3.8895554102647925,Set It Off (1996),Action|Crime,117603,9400.0
867,-0.3813377488760884,0.7725164719167213,2.784940855323021,Carpool (1996),Comedy|Crime,115836,23945.0
3893,-0.36621831701621316,2.9275230419901033,3.153476489346881,Nurse Betty (2000),Comedy|Crime|Drama|Romance|Thriller,171580,10480.0
8784,1.1581552191588822,3.694036568082588,3.592091665259294,Garden State (2004),Comedy|Drama|Romance,333766,401.0
328,-0.19085580494834875,2.7603597214228275,3.2094297861010146,Tales from the Crypt Presents: Demon Knight (1995),Horror|Thriller,114608,9059.0
1783,1.1689974764586413,0.8153882023382477,4.712241272096716,Palmetto (1998),Crime|Drama|Mystery|Romance|Thriller,120782,30949.0
2040,-0.802166290758964,1.954541688991829,2.868159977499884,"Computer Wore Tennis Shoes, The (1969)",Children|Comedy,65566,29228.0
60674,0.06165178544926152,0.11852113897497156,3.7987468671679196,Stargate: Continuum (2008),Sci-Fi,929629,12914.0
308,-2.7509594602328153,4.449622628266516,2.6603258625863115,Three Colors: White (Trzy kolory: Bialy) (1994),Comedy|Drama,111507,109.0
1934,0.30488998965108466,0.34807183367892064,4.154511278195489,You Can't Take It with You (1938),Comedy|Romance,30993,34106.0
1646,1.2979489205259105,1.0647681901099586,4.4975681384486,RocketMan (a.k.a. Rocket Man) (1997),Children|Comedy|Romance|Sci-Fi,120029,36797.0
1956,-0.30590421884975016,0.9342749623666392,2.9511472427890597,Ordinary People (1980),Drama,81283,16619.0
34153,0.04672341100767309,0.060975140206802794,4.044841269841269,Murderball (2005),Documentary,436613,14278.0
6764,0.14924564666147977,0.866061141750351,3.4508983457678832,"Rundown, The (2003)",Action|Adventure|Comedy,327850,10159.0
6579,0.38475595266616724,0.3875954799921168,4.271245421245421,"One, Two, Three (1961)",Comedy,55256,430.0
130976,-0.09855614434461654,0.25688641233506565,2.894914918876138,Legend No. 17 (2013),Drama,2182001,184155.0
71530,1.4235550453364754,1.3455862303824138,4.336515552250446,Surrogates (2009),Action|Sci-Fi|Thriller,986263,19959.0
3557,0.23297798671222453,0.8091488271658581,3.5665011380270526,Jennifer 8 (1992),Mystery|Thriller,104549,10424.0
78316,-0.7994131779322913,0.3439899129284405,0.9546277665995975,Letters to Juliet (2010),Drama|Romance,892318,37056.0
1627,-0.6761524424801896,1.361240572200051,2.7818536137421326,U Turn (1997),Crime|Drama|Mystery,120399,10155.0
33903,-0.27545788395472787,0.6733414941115569,2.8694805194805193,"Edukators, The (Die Fetten Jahre sind vorbei) (2004)",Comedy|Crime|Drama|Romance,408777,276.0
5325,0.3816222521086891,0.8262955196722865,3.740418604337361,Dogtown and Z-Boyz (2001),Documentary,275309,1282.0
6334,0.48554801608635795,0.48014211712183363,4.289830384559146,Blue Car (2002),Drama,290145,46989.0
165635,1.2197490592447702,0.45088654879668744,5.9837953091684435,The Thinning (2016),Thriller,5254868,419639.0
188751,-0.1591138440604956,0.17498994823504618,2.3692972350230415,Mamma Mia: Here We Go Again! (2018),Comedy|Romance,6911608,458423.0
1130,-0.6766262064604959,1.013287238925261,2.6108178238007254,"Howling, The (1980)",Horror|Mystery,82533,11298.0
32589,0.12480093006804682,0.09979443573159218,4.529151474975141,Beauty Shop (2005),Comedy,388500,14177.0
86295,0.20235154398408642,0.2905418188158605,3.975034143676591,Scream 4 (2011),Comedy|Horror|Mystery|Thriller,1262416,41446.0
112070,0.057080634576156156,0.2905418188158605,3.475034143676591,Maps to the Stars (2014),Drama,2172584,157851.0
78041,0.06953996395353083,0.29480564246126767,3.5144555296115474,Killers (2010),Action|Comedy,1103153,37821.0
2852,0.02533087712305444,0.029660461004242435,4.132599864590386,"Soldier's Story, A (1984)",Drama,88146,26522.0
33677,0.03469705219047692,0.17485746075652778,3.477001921844971,Rock School (2005),Documentary,436727,23825.0
1275,-1.1326742305491475,7.597107125150042,3.1294785946953,Highlander (1986),Action|Adventure|Fantasy,91203,8009.0
2161,1.3107143190469657,4.019752651358102,3.6046398294726956,"NeverEnding Story, The (1984)",Adventure|Children|Fantasy,88323,34584.0
4347,0.20293883824922088,0.6124109497333572,3.6099483223673023,Divided We Fall (Musíme si pomáhat) (2000),Comedy|Drama,234288,29937.0
839,-0.6926812858150054,2.4529048263250033,2.996179189630468,"Crow: City of Angels, The (1996)",Action|Thriller,115986,10546.0
8666,0.9085410964875257,0.575206390587614,4.85807595312893,Catwoman (2004),Action|Crime|Fantasy,327554,314.0
5120,-0.085073898769191,0.40658914182206396,3.0693334287863236,Sleuth (1972),Comedy|Mystery|Thriller,69281,993.0
3708,0.103885250374321,1.312186894583064,3.357740981935494,Firestarter (1984),Horror|Thriller,87262,11495.0
6711,-0.8519158956188257,7.262404586743191,3.1612664938981503,Lost in Translation (2003),Comedy|Drama|Romance,335266,153.0
2686,-0.15295696547883908,3.19975706114807,3.2307687477566676,"Red Violin, The (Violon rouge, Le) (1998)",Drama|Mystery,120802,14283.0
39444,-0.11411536755811304,0.30604918601170616,2.9057053247754583,"Weather Man, The (2005)",Comedy|Drama,384680,6963.0
52042,0.06165178544926152,0.11852113897497156,3.7987468671679196,Black Book (Zwartboek) (2006),Drama|Thriller|War,389557,9075.0
2391,-1.2553982228327654,4.2576630169367355,2.9837152556336304,"Simple Plan, A (1998)",Crime|Drama|Thriller,120324,10223.0
27728,0.025793103855921713,0.06161685921136856,3.697176079734219,Ghost in the Shell 2: Innocence (a.k.a. Innocence) (Inosensu) (2004),Action|Animation|Drama|Sci-Fi|Thriller,347246,12140.0
112290,0.1410469927578198,1.5394167270062975,3.3701950872490327,Boyhood (2014),Drama,1065073,85350.0
3415,-0.3584035897994381,0.46998881469219445,2.515992450954346,"Mirror, The (Zerkalo) (1975)",Drama,72443,1396.0
128695,0.05980615808087165,0.21310240235712877,3.559216589861751,The Dark Valley (2014),Western,2650978,248933.0
1997,-3.0552172624946023,4.613130848704064,2.6162842828788486,"Exorcist, The (1973)",Horror|Mystery,70047,9552.0
3115,-0.21505724241758373,0.20179067582691834,2.2128272283684196,Flawless (1999),Drama,155711,31582.0
4681,-0.2368117190142121,0.6365175239384853,2.906528695876612,"War of the Roses, The (1989)",Comedy|Drama,98621,249.0
39446,-0.7248549933514221,1.2471318599290653,2.6973538230869125,Saw II (2005),Horror|Thriller,432348,215.0
20,0.6261538584876347,2.5589868239224867,3.5232596202549824,Money Train (1995),Action|Comedy|Crime|Drama|Thriller,113845,11517.0
164,-0.3043773589214377,1.67665094090192,3.0970325336851117,Devil in a Blue Dress (1995),Crime|Film-Noir|Mystery|Thriller,112857,8512.0
6886,0.010586037861389496,0.08900113313094145,3.3975141598489613,Beyond Borders (2003),Drama|Romance|War,294357,9839.0
4645,-0.24479396987244734,0.2216638309868618,2.174223602484472,Cure (1997),Crime|Horror|Thriller,123948,36095.0
7034,0.5432371225761368,0.8315974809760257,3.9318167004769573,Show Me Love (Fucking Åmål) (1998),Drama|Romance,150662,11634.0
112171,0.10607480921035121,0.3626141886675311,3.5710994446430986,"Equalizer, The (2014)",Action|Crime|Thriller,455944,156022.0
3983,-0.5608627024570343,0.9683047585693358,2.6993501684325176,You Can Count on Me (2000),Drama|Romance,203230,14295.0
3167,0.028128237078315577,0.0765505254030897,3.6460181172806383,Carnal Knowledge (1971),Comedy|Drama,66892,36492.0
3925,-0.3183385274880197,1.3775849781712326,3.047486934669194,Stranger Than Paradise (1984),Comedy|Drama,88184,469.0
147376,0.0835990974462371,0.19890819737208132,3.6988612836438923,Doctor Who: A Christmas Carol (2010),Sci-Fi,1672218,315620.0
43679,0.7050765021620635,0.7890879682642997,4.172104888108228,Final Destination 3 (2006),Horror|Mystery|Thriller,414982,9286.0
86142,0.06991610745166946,0.1039460712555794,3.951190476190476,13 Assassins (Jûsan-nin no shikaku) (2010),Action,1436045,58857.0
429,0.42267491381539696,0.2399071501563318,5.0403985085061755,Cabin Boy (1994),Comedy,109361,26391.0
34129,0.025006494336454646,0.09979443573159218,3.5291514749751407,Rebound (2005),Comedy,376108,7233.0
50445,0.07490371220225073,0.09979443573159218,4.029151474975141,"Hitcher, The (2007)",Action|Horror|Thriller,455960,8398.0
7894,-0.077862857277103,0.29480564246126767,3.0144555296115474,"Duck, You Sucker (1971)",Action|Western,67140,336.0
8225,-0.22526567850773682,0.29480564246126767,2.5144555296115474,Night of the Living Dead (1990),Horror,100258,19185.0
8578,-0.077862857277103,0.29480564246126767,3.0144555296115474,Undead (2003),Action|Comedy|Horror|Sci-Fi,339840,8991.0
26242,-0.077862857277103,0.29480564246126767,3.0144555296115474,Duel (1971),Action|Mystery|Thriller,67023,839.0
96121,-0.4024465997008425,0.17485746075652778,0.977001921844971,Hope Springs (2012),Comedy|Drama,1535438,82696.0
470,0.5206769483940299,0.3232042989320895,4.8895554102647925,House Party 3 (1994),Comedy,110064,16097.0
3667,0.5206769483940299,0.3232042989320895,4.8895554102647925,Rent-A-Cop (1988),Action|Comedy|Crime,95977,80287.0
500,6.231897755475066,21.073145076120113,3.574298418205121,Mrs. Doubtfire (1993),Comedy|Drama,107614,788.0
2193,-1.2411908683125092,6.245782385772054,3.0798467866210535,Willow (1988),Action|Adventure|Fantasy,96446,847.0
3793,0.6377565833264013,20.51343464842096,3.309661131210547,X-Men (2000),Action|Adventure|Sci-Fi,120903,36657.0
2351,-1.1206014904351331,1.5668259609140636,2.563366601494533,"Nights of Cabiria (Notti di Cabiria, Le) (1957)",Drama,50783,19426.0
5445,-2.525271993413761,15.00097289052173,3.1102308808054007,Minority Report (2002),Action|Crime|Mystery|Sci-Fi|Thriller,181689,180.0
30816,-0.4972480188944416,1.02807725552119,2.7949034783040543,"Phantom of the Opera, The (2004)",Drama|Musical|Romance,293508,9833.0
5971,-0.13426001398643717,4.1401310278431716,3.246142499853107,My Neighbor Totoro (Tonari no Totoro) (1988),Animation|Children|Drama|Fantasy,96283,8392.0
1171,0.6510829626689121,2.770947069652279,3.5135390935260014,Bob Roberts (1992),Comedy,103850,10608.0
61352,-0.0723967254333618,0.21831557470656374,2.9469564005063456,Traitor (2008),Crime|Drama|Thriller,988047,13291.0
1353,0.2627677636077268,1.239907149514601,3.490496784200352,"Mirror Has Two Faces, The (1996)",Comedy|Drama|Romance,117057,25189.0
3764,0.49039299115787555,0.5102651847756475,4.239626593198211,F/X2 (a.k.a. F/X 2 - The Deadly Art of Illusion) (1991),Action|Crime|Thriller,101846,16820.0
5339,-0.2686227882591229,0.5182836173731288,2.760278395076347,Husbands and Wives (1992),Comedy|Drama,104466,28384.0
60126,-0.10683921795309133,0.9354409675289468,3.164358750634822,Get Smart (2008),Action|Comedy,425061,11665.0
55620,-0.8653155585214216,1.0609751396604954,2.4629862879070425,For the Bible Tells Me So (2007),Documentary,912583,15651.0
118834,-0.6405005482601495,0.41944283691372614,1.7515444015444013,National Lampoon's Bag Boy (2007),Comedy,906325,24388.0
156025,-0.6405005482601495,0.41944283691372614,1.7515444015444013,Ice Age: The Great Egg-Scapade (2016),Adventure|Animation|Children|Comedy,5480340,387893.0
72104,-0.09855614434461654,0.25688641233506565,2.894914918876138,Balance (1989),Animation|Drama|Mystery|Sci-Fi|Thriller,96880,44338.0
54732,0.36389402730747633,0.29762419418426417,4.501234217478245,Balls of Fury (2007),Comedy,424823,9750.0
144976,0.015129825868241168,0.327252529890849,3.324804305283757,Bone Tomahawk (2015),Horror|Western,2494362,294963.0
2729,0.01514937297983556,0.32336324245792,3.325420825753011,Lolita (1962),Drama|Romance,56193,802.0
169,-0.607959755271739,1.5423079564110243,2.8843831260702397,Free Willy 2: The Adventure Home (1995),Adventure|Children|Drama,113114,9073.0
5818,-0.4747362181573093,0.48014211712183363,2.289830384559146,"Crime of Father Amaro, The (Crimen del padre Amaro, El) (2002)",Drama|Romance,313196,542.0
70533,0.09253268725305157,0.45088654879668744,3.4837953091684435,Evangelion: 1.0 You Are (Not) Alone (Evangerion shin gekijôban: Jo) (2007),Action|Animation|Sci-Fi,923811,15137.0
37853,0.025006494336454646,0.09979443573159218,3.5291514749751407,Into the Blue (2005),Action|Adventure|Crime|Thriller,378109,11968.0
97470,-0.4024465997008425,0.17485746075652778,0.977001921844971,Catch .44 (2011),Action|Drama|Thriller,1886493,75736.0
359,-0.3813377488760884,0.7725164719167213,2.784940855323021,I Like It Like That (1994),Comedy|Drama|Romance,110091,48992.0
1461,0.5572116316703242,1.7243765554449548,3.6017094519404265,Vegas Vacation (National Lampoon's Las Vegas Vacation) (1997),Comedy,120434,11419.0
1994,-0.4931604665503618,8.359900099732481,3.2195802372094477,Poltergeist (1982),Horror|Thriller,84516,609.0
2026,0.4126645701679647,0.6793985780517078,3.8859682991261937,Disturbing Behavior (1998),Horror|Thriller,134619,9424.0
2808,3.3316801257954993,2.5519483914772834,4.584115120960459,Universal Soldier (1992),Action|Sci-Fi,105698,9349.0
59369,-0.04865591528359196,3.288844360561898,3.2637771999764094,Taken (2008),Action|Crime|Drama|Thriller,936501,8681.0
5577,-0.9244223886289306,1.0669615278958922,2.412164942058327,Igby Goes Down (2002),Comedy|Drama,280760,9685.0
43396,-0.16431955964672484,1.1435649518676418,3.1348808062081233,"World's Fastest Indian, The (2005)",Drama,412080,9912.0
97921,0.4400276015295941,2.6619175082589024,3.4438761760567873,Silver Linings Playbook (2012),Comedy|Drama,1045658,82693.0
166643,-0.010969120584960135,1.0873448854579408,3.268483442016601,Hidden Figures (2016),Drama,4846340,381284.0
32875,-0.046745043097692736,0.21310240235712877,3.059216589861751,Holiday (Jour de fête) (1949),Comedy,40497,4595.0
479,0.06229382702616981,0.5170032366999906,3.399061635603378,Judgment Night (1993),Action|Crime|Thriller,107286,6.0
2681,0.19658372504890298,0.5003949364881167,3.6714285714285713,Free Enterprise (1998),Comedy|Romance|Sci-Fi,141105,13533.0
114935,-0.6432446555788663,1.3395904598109234,2.7983913475116866,Predestination (2014),Action|Mystery|Sci-Fi|Thriller,2397535,206487.0
7046,-0.24826921478004005,0.4216978541286582,2.6898342264506554,"Witches of Eastwick, The (1987)",Comedy|Fantasy|Horror|Thriller,94332,6069.0
5444,0.09275072223430127,0.7866336882034372,3.3964798319683527,Lilo & Stitch (2002),Adventure|Animation|Children|Sci-Fi,275847,11544.0
31049,-0.0447392993025311,0.060975140206802794,2.5448412698412697,Out Cold (1989),Comedy|Thriller,98042,120328.0
5247,0.17750765145523528,0.6948725594531578,3.534024963238171,Smokey and the Bandit (1977),Action|Comedy,76729,11006.0
91976,-0.06230459703267621,0.35411771803579467,3.1026282496244253,"Grey, The (2012)",Action|Drama,1601913,75174.0
36363,-0.19213393729606976,0.5519501505778873,2.930471265730804,Kin-Dza-Dza! (1986),Comedy|Drama|Sci-Fi,91341,20874.0
283,0.19750474571005672,1.9790384236696716,3.3783697666672747,New Jersey Drive (1995),Crime|Drama,113967,39310.0
80139,0.06486055726171391,0.29762419418426417,3.4964991324648746,Jackass 2.5 (2007),Comedy|Documentary,1117523,14158.0
4991,0.06948300161591967,0.18889399561928485,3.646412668776662,Joe Somebody (2001),Comedy|Drama|Romance,279889,12312.0
5338,0.1335760671671577,0.08909955988769268,4.777749060150375,Full Moon in Blue Water (1988),Drama,95186,40555.0
2880,1.4179973532669785,0.948574228810341,4.77344374346171,Armour of God (Long xiong hu di) (1987),Action|Adventure|Comedy,91431,10974.0
5485,0.7041629024748592,0.3799661299585758,5.131796879354706,Tadpole (2002),Comedy|Drama|Romance,271219,39141.0
25797,-0.0009496529269417458,0.007630988852936347,3.1541245259165613,Gold Diggers of 1933 (1933),Musical,24069,31511.0
51925,0.03124025811987297,0.397967243400389,3.357071000176729,Premonition (2007),Drama|Fantasy|Mystery|Thriller,477071,9963.0
4644,0.005405898964524296,0.48014211712183363,3.289830384559146,Bread and Tulips (Pane e tulipani) (2000),Comedy|Drama|Romance,237539,552.0
104303,0.9932537496168216,0.5855751677455102,4.9747733926009,Jobs (2013),Drama,2357129,115782.0
32632,0.05980530308623453,0.09540026660984881,3.905459646094087,Electra Glide in Blue (1973),Action|Crime,70022,26332.0
100163,0.057080634576156156,0.2905418188158605,3.475034143676591,Hansel & Gretel: Witch Hunters (2013),Action|Fantasy|Horror|IMAX,1428538,60304.0
2736,-0.4489359484022387,0.3232042989320895,1.8895554102647925,Brighton Beach Memoirs (1986),Comedy,90774,32060.0
3439,1.6188360406691134,1.7029985643575685,4.2291512320722,Teenage Mutant Ninja Turtles II: The Secret of the Ooze (1991),Action|Children|Fantasy,103060,1497.0
2712,-3.778713058352641,7.018356768147411,2.7401671862134154,Eyes Wide Shut (1999),Drama|Mystery|Thriller,120663,345.0
340,1.0100688293010989,1.6764217586918753,3.881086174078707,"War, The (1994)",Adventure|Drama|War,111667,19855.0
881,1.0750710057583825,1.7467206924296967,3.894051058725093,First Kid (1996),Children|Comedy,116311,12559.0
431,-1.878581996686739,5.144759960735682,2.913426696645372,Carlito's Way (1993),Crime|Drama,106519,6075.0
1245,-1.4763794588768264,1.944343031946888,2.519250961648205,Miller's Crossing (1990),Crime|Drama|Film-Noir|Thriller,100150,379.0
76077,0.24854530255654722,1.1910087276747072,3.487256131530575,Hot Tub Time Machine (2010),Comedy|Sci-Fi,1231587,23048.0
122900,-0.1581815509768844,2.7188839499124136,3.220392575081937,Ant-Man (2015),Action|Adventure|Sci-Fi,478970,102899.0
162606,0.10370946142275136,0.5852666553136499,3.4557717875550997,The Accountant (2016),Crime|Drama|Thriller,2140479,302946.0
295,-0.2667340078837431,0.6793985780517078,2.8859682991261937,"Pyromaniac's Love Story, A (1995)",Comedy|Romance,114210,2307.0
1021,2.8254717417228408,5.483216308089913,3.793866026297612,Angels in the Outfield (1994),Children|Comedy,109127,24795.0
3497,0.5954323338270299,0.9193057282080396,3.926269267882926,Max Dugan Returns (1983),Comedy,85919,1793.0
104211,0.6661942203118902,1.5487598404654688,3.708718313134028,We're the Millers (2013),Comedy|Crime,1723121,138832.0
117368,0.06223261449816596,0.2600853605913917,3.5178490809416316,The Madagascar Penguins in a Christmas Caper (2005),Animation|Comedy,484439,10258.0
46976,-0.4137038341219659,4.2936726922549875,3.182219455849285,Stranger than Fiction (2006),Comedy|Drama|Fantasy|Romance,420223,1262.0
3791,1.1314022461429507,2.413438883358859,3.7473640107843837,Footloose (1984),Drama,87277,1788.0
7009,-0.044546048624701406,0.1443924250404431,2.9700646034230562,Lorenzo's Oil (1992),Drama,104756,2007.0
8378,-0.11612992301319583,0.11852113897497156,2.2987468671679196,"Doctor, The (1991)",Drama,101746,26142.0
4564,-0.2682623158347389,0.18706088584355804,1.8444805194805194,Always (1989),Drama|Fantasy|Romance,96794,11352.0
1670,0.02277156835444405,1.2381077351422913,3.2969636635184356,Welcome to Sarajevo (1997),Drama|War,120490,14905.0
114662,1.11584288770036,1.7804657108032278,3.905285484860087,American Sniper (2014),Action|War,2179136,190859.0
4639,1.3379402073240865,1.504903858736938,4.167625037914298,America's Sweethearts (2001),Comedy|Romance,265029,11467.0
73015,0.822784233584482,0.4270738257666625,5.205133498039065,It's Complicated (2009),Comedy|Romance,1230414,22897.0
122092,-0.6405005482601495,0.41944283691372614,1.7515444015444013,Guy X (2005),Comedy|War,408828,14407.0
6963,-0.13396205437901643,0.2216638309868618,2.674223602484472,Devil's Playground (2002),Documentary,293088,30068.0
62553,-0.005902271810869208,0.06357589921993419,3.1857332322849565,"Secret Life of Bees, The (2008)",Drama,416212,12837.0
2837,-0.19663726732200795,0.3875954799921168,2.771245421245421,Bedrooms & Hallways (1998),Comedy|Romance,126810,40694.0
5373,0.029887061822916283,0.25688641233506565,3.394914918876138,"Cranes Are Flying, The (Letyat zhuravli) (1957)",Drama|Romance|War,50634,38360.0
73881,-0.09855614434461654,0.25688641233506565,2.894914918876138,3 Idiots (2009),Comedy|Drama|Romance,1187043,20453.0
5564,1.0648835404868289,0.524225362337943,5.309918282408594,Swimfan (2002),Thriller,283026,20616.0
135532,0.09333445180803573,0.28873247681622577,3.6018272425249167,The Last Witch Hunter (2015),Action|Adventure|Fantasy,1618442,274854.0
43836,1.0174126481646417,0.5529344209191763,5.118595506785505,"Pink Panther, The (2006)",Adventure|Comedy|Crime,383216,12096.0
73488,0.8427145002307987,0.45313998518758414,5.138293650793651,Blood: The Last Vampire (2009),Action|Horror|Thriller,806027,1450.0
179709,0.09719310077834493,0.12426832170945533,4.060694333599361,Wonder Wheel (2017),Drama,5825380,429189.0
33564,-0.2630670644210965,0.48966938723926845,2.7413373860182366,Divorce - Italian Style (Divorzio all'italiana) (1961),Comedy,55913,20271.0
692,0.42267491381539696,0.2399071501563318,5.0403985085061755,Solo (1996),Action|Sci-Fi|Thriller,117688,29621.0
37380,0.7416718557087187,0.7083091495908485,4.3256733277028205,Doom (2005),Action|Horror|Sci-Fi,419706,8814.0
73266,0.0028909779980915923,0.0032103778335747994,4.179081632653061,Youth in Revolt (2009),Comedy|Drama|Romance,403702,22327.0
4074,-0.28478695222320266,0.512616514001765,2.723015873015873,"Legend of Rita, The (Stille nach dem Schuß, Die) (1999)",Drama,234805,10499.0
250,0.4993088359448867,1.0904893669601172,3.736447361224285,Heavyweights (Heavy Weights) (1995),Children|Comedy,110006,14819.0
377,3.5747680651605074,29.339335123687565,3.4004135920045857,Speed (1994),Action|Romance|Thriller,111257,1637.0
432,3.3906496560948804,15.48488785103697,3.4975365052779943,City Slickers II: The Legend of Curly's Gold (1994),Adventure|Comedy|Western,109439,11310.0
3863,3.8589885355581033,5.62427386086768,3.9647024085025446,"Cell, The (2000)",Drama|Horror|Thriller,209958,8843.0
33004,0.7977089802890055,4.249390290306116,3.466294590199762,"Hitchhiker's Guide to the Galaxy, The (2005)",Adventure|Comedy|Sci-Fi,371724,7453.0
98809,1.2358464020304352,2.384705844334513,3.7968099379316116,"Hobbit: An Unexpected Journey, The (2012)",Adventure|Fantasy|IMAX,903624,49051.0
1394,-2.623255501214319,8.623698578136024,2.974379963917834,Raising Arizona (1987),Comedy,93822,378.0
2867,-0.2875515683849132,1.4367650511586518,3.078433230504164,Fright Night (1985),Comedy|Horror|Thriller,89175,11797.0
102481,-0.07256386000178087,1.4232348254378162,3.227586265262585,"Internship, The (2013)",Comedy,2234155,116741.0
94,-0.6420538175014117,2.095243168590005,2.972137394027609,Beautiful Girls (1996),Comedy|Drama|Romance,115639,9283.0
3120,-0.13834081648844754,0.42696803599988986,2.954563997512858,"Distinguished Gentleman, The (1992)",Comedy,104114,10411.0
1273,-1.3383085168231093,2.176545631503964,2.663694121405414,Down by Law (1986),Comedy|Drama|Film-Noir,90967,1554.0
6239,0.05547657419968365,0.2427628633613712,3.5070930954834822,Journey to the Center of the Earth (1959),Adventure|Children|Sci-Fi,52948,11571.0
1301,-0.2818873363806865,1.7336977493725207,3.115978302703491,Forbidden Planet (1956),Drama|Sci-Fi,49223,830.0
49649,1.0081407283752188,0.6317011370005778,4.874485491924297,Eragon (2006),Action|Adventure|Fantasy,449010,2486.0
7411,0.06551948138264974,0.02887772538348671,5.547430229345123,Munchies (1987),Comedy|Horror,93582,4365.0
2560,-0.9754111225040564,2.4901130279859425,2.886857835035078,Ravenous (1999),Horror|Thriller,129332,10212.0
6595,0.07061031264589802,0.865916411781529,3.3601154571695524,S.W.A.T. (2003),Action|Thriller,257076,9257.0
8147,-0.13396205437901643,0.2216638309868618,2.674223602484472,Charly (1968),Drama|Sci-Fi,62794,29146.0
3690,0.993669921119468,0.9264657667141696,4.351109623526701,Porky's Revenge (1985),Comedy,89826,23919.0
88108,0.05767362740906498,0.06357589921993419,4.1857332322849565,Monte Carlo (2011),Adventure|Comedy|Romance,1067774,59860.0
149146,-0.06356547014436952,0.45313998518758414,3.1382936507936505,Parasyte: Part 2 (2015),Horror|Sci-Fi,3345474,282070.0
3067,1.4060617420610624,1.4684440081784655,4.2360895458643135,Women on the Verge of a Nervous Breakdown (Mujeres al borde de un ataque de nervios) (1988),Comedy|Drama,95675,4203.0
6322,1.0273724119442587,0.6014222960745359,4.986809414841451,Confidence (2003),Crime|Thriller,310910,10743.0
33669,0.12766677156757325,0.10742542458452853,4.466993741644231,"Sisterhood of the Traveling Pants, The (2005)",Adventure|Comedy|Drama,403508,9779.0
7981,-0.012274956148938969,0.05460239114528025,3.053765227021041,Infernal Affairs (Mou gaan dou) (2002),Crime|Drama|Thriller,338564,10775.0
3529,-0.09273435002088093,0.3353074167661806,3.0020062666217084,"Postman Always Rings Twice, The (1981)",Crime|Thriller,82934,11027.0
26732,-0.11233030820331823,0.1346886189488228,2.4445714285714284,Johnny Stecchino (1991),Comedy,102164,12776.0
58627,-0.024890723529341442,0.09979443573159218,3.0291514749751407,Never Back Down (2008),Action,1023111,8456.0
175569,-0.23346118423970433,0.2905418188158605,2.475034143676591,Wind River (2017),Action|Crime|Mystery|Thriller,5362988,395834.0
3489,-1.129694720859313,6.9753525371391145,3.1166162134271844,Hook (1991),Adventure|Comedy|Fantasy,102057,879.0
920,-1.5434572360590249,6.268140177726995,3.0323329603343114,Gone with the Wind (1939),Drama|Romance|War,31381,770.0
8957,-1.7240969435131217,2.800367081627094,2.6629032346318784,Saw (2004),Horror|Mystery|Thriller,387564,176.0
3699,0.6836719808410217,1.7547550240015521,3.66818249763221,Starman (1984),Adventure|Drama|Romance|Sci-Fi,88172,9663.0
26340,-0.03792300397461361,0.5169717729264574,3.205215384855656,"Twelve Tasks of Asterix, The (Les douze travaux d'Astérix) (1976)",Action|Adventure|Animation|Children|Comedy|Fantasy,72901,9385.0
76093,0.13733019742321312,5.170937810885985,3.3051295119299446,How to Train Your Dragon (2010),Adventure|Animation|Children|Fantasy|IMAX,892769,10191.0
91630,0.6020124326988819,1.3646186034129895,3.7197294423880467,Mission: Impossible - Ghost Protocol (2011),Action|Adventure|Thriller|IMAX,1229238,56292.0
36517,-0.49531960798804503,1.8637476534596968,3.01280604608063,"Constant Gardener, The (2005)",Drama|Thriller,387131,1985.0
62849,-0.15783996784429816,1.0217301527939682,3.1240884005305336,RocknRolla (2008),Action|Crime,1032755,13809.0
57,0.4572410432643259,2.1565847788625776,3.4905923274231228,Home for the Holidays (1995),Drama,113321,9089.0
7980,-0.14331819964005946,0.4206672490392843,2.937878874141845,"Bridge Too Far, A (1977)",Action|Drama|War,75784,5902.0
7028,0.213833130180623,0.9856951851247393,3.495507793289049,Quick Change (1990),Comedy|Crime,100449,10729.0
5553,-0.05887478180735737,0.15007470009449547,2.886268250418905,Stakeout (1987),Comedy|Crime|Romance|Thriller,94025,10859.0
8807,0.6706356303762123,2.514881862308629,3.545238280970045,Harold and Kumar Go to White Castle (2004),Adventure|Comedy,366551,11282.0
149354,0.6643810606346456,0.6175723174881962,4.3543661846201305,Sisters (2015),Children|Comedy,1850457,266294.0
7669,1.0318909761654729,0.8869172296192824,4.442029462426991,Pride and Prejudice (1995),Drama|Romance,112130,164721.0
78349,-0.09204850179262467,0.8265746150469219,3.1672100340681633,Exam (2009),Mystery|Thriller,1258197,29917.0
98361,-0.02159184000234287,0.08289281104347726,3.018092386655261,Byzantium (2012),Drama|Fantasy|Thriller,1531901,102780.0
2384,5.05978898066077,4.806690551892627,4.331226873317811,Babe: Pig in the City (1998),Adventure|Children|Drama,120595,9447.0
33830,-0.43077912980328636,0.41944283691372614,2.2515444015444013,Herbie: Fully Loaded (2005),Adventure|Comedy|Romance,400497,11451.0
5246,0.035850062923614846,0.5736010067778375,3.3410714285714285,Smokey and the Bandit II (1980),Action|Comedy,81529,12705.0
92264,0.000957696754176052,0.002818551722996489,3.6183547103051747,One for the Money (2012),Action|Comedy|Crime,1598828,54054.0
136598,0.23583983524732818,0.29155102853922227,4.087485862620838,Vacation (2015),Adventure|Comedy,1524930,296099.0
147142,0.3895745150432146,0.45313998518758414,4.138293650793651,Those Happy Days (2006),Children|Comedy,478566,19100.0
133780,0.09719310077834493,0.12426832170945533,4.060694333599361,Güeros (2014),Comedy|Drama,3499048,256057.0
6002,0.2454769575254411,0.48014211712183363,3.789830384559146,Love Liza (2002),Drama,282698,15395.0
8532,0.3345334937846512,0.3736481792117796,4.173888232979142,"Door in the Floor, The (2004)",Drama,348593,1944.0
84637,0.20235154398408642,0.2905418188158605,3.975034143676591,Gnomeo & Juliet (2011),Adventure|Animation|Children|Comedy|Fantasy|Romance,377981,45772.0
70984,0.006101355831666391,0.0032103778335747994,5.179081632653061,Taking Woodstock (2009),Comedy,1127896,26320.0
1968,-1.0656313634986483,16.488955118521293,3.213944449127372,"Breakfast Club, The (1985)",Comedy|Drama,88847,2108.0
4166,-0.28478695222320266,0.512616514001765,2.723015873015873,Series 7: The Contenders (2001),Action|Drama,251031,19513.0
647,0.07451732108969178,3.9788862235720632,3.2972996145266413,Courage Under Fire (1996),Action|Crime|Drama|War,115956,10684.0
33162,-0.23247829297251127,1.4752682762639,3.1209876882355623,Kingdom of Heaven (2005),Action|Drama|Romance|War,320661,1495.0
2694,1.9548514765907545,7.4212320882400356,3.5419847612023383,Big Daddy (1999),Comedy,142342,9032.0
116797,-1.4945477347731624,5.656522577629813,3.0143547275396427,The Imitation Game (2014),Drama|Thriller|War,2084970,205596.0
99532,-0.45793810668461743,0.2600853605913917,1.5178490809416316,"Misérables, Les (2000)",Drama|Romance,230534,193380.0
2405,1.7594622426607884,2.0783747431402384,4.125128214573552,"Jewel of the Nile, The (1985)",Action|Adventure|Comedy|Romance,89370,10303.0
53550,0.02253710002213309,0.4921693181867512,3.324362783678984,Rescue Dawn (2006),Action|Adventure|Drama|War,462504,9952.0
1615,0.48620735738066834,1.5676576399195092,3.5887203698961634,"Edge, The (1997)",Adventure|Drama,119051,9433.0
171763,-1.2557472872240851,1.5145804080459695,2.4494657036108216,Baby Driver (2017),Action|Crime|Thriller,3890160,339403.0
89904,0.3424622897162778,0.652313666258079,3.8035677722488077,The Artist (2011),Comedy|Drama|Romance,1655442,74643.0
5541,0.23446308962040324,1.6001613159627042,3.4250960866052615,Hot Shots! (1991),Action|Comedy|Romance|War,102059,9595.0
179211,0.4076549649168437,0.42226138863672263,4.243980475874958,Christina P: Mother Inferior (2017),Comedy,7057376,480409.0
2782,-0.24323346783970518,0.9966115905699631,3.034510984019906,Pit and the Pendulum (1961),Horror,55304,28501.0
85401,-0.3333543727419102,0.6781372988079772,2.786997858841704,Super (2010),Action|Comedy|Drama,1512235,45132.0
99636,-0.10737108105372392,0.19152679323096702,2.717965367965368,English Vinglish (2012),Comedy|Drama,2181931,118628.0
161024,-0.0032701308303186814,0.002818551722996489,2.1183547103051747,Jim Jefferies: Freedumb (2016),Comedy,5849950,404022.0
44399,0.3973737749886933,0.18889399561928485,5.38225806872064,"Shaggy Dog, The (2006)",Adventure|Children|Comedy|Fantasy,393735,10067.0
72733,0.020241346983044726,0.10742542458452853,3.4669937416442305,Invictus (2009),Drama,1057500,22954.0
6978,0.09274889096665277,0.6707086451264775,3.416856348022799,Slacker (1991),Comedy|Drama,102943,14022.0
148978,-0.13291058714529216,0.45088654879668744,2.9837953091684435,Blue Exorcist: The Movie (2012),Animation|Fantasy|Horror|Mystery,3028018,201223.0
3932,0.13740611290180862,0.27967615900368126,3.7698757763975155,"Invisible Man, The (1933)",Horror|Sci-Fi,24184,10787.0
4544,-0.09141083844156592,0.32067692852673924,2.9935155660822637,Short Circuit 2 (1988),Comedy|Sci-Fi,96101,11966.0
6959,0.0058466799531454346,0.1294548967358346,3.323735266329348,Timeline (2003),Action|Adventure|Sci-Fi,300556,9562.0
47254,0.057080634576156156,0.2905418188158605,3.475034143676591,Chaos (2005),Action|Crime|Drama|Thriller,402910,5289.0
6086,-0.5634810602975586,0.4648170614127721,2.0663072776280322,"I, the Jury (1982)",Crime|Drama|Thriller,84112,37191.0
3871,0.1221257825687408,0.17485746075652778,3.977001921844971,Shane (1953),Drama|Western,46303,3110.0
919,6.00352482279145,13.133252565364769,3.735695419213628,"Wizard of Oz, The (1939)",Adventure|Children|Fantasy|Musical,32138,630.0
923,-1.8660210224895184,11.246062113211647,3.1126448132188993,Citizen Kane (1941),Drama|Mystery,33467,15.0
1517,0.17984482168963645,13.397398798958589,3.291995289754363,Austin Powers: International Man of Mystery (1997),Action|Adventure|Comedy,118655,816.0
68157,-1.9112912140581797,9.326806476500135,3.0736469221099854,Inglourious Basterds (2009),Action|Drama|War,361748,16869.0
89774,0.3093044279382403,1.6029981861467488,3.4715251265925966,Warrior (2011),Drama,1291584,59440.0
3996,-7.783725312117996,14.780785983165433,2.7519603727734983,"Crouching Tiger, Hidden Dragon (Wo hu cang long) (2000)",Action|Drama|Romance,190332,146.0
292,4.975187389184169,22.393716809832107,3.500740326724136,Outbreak (1995),Action|Drama|Sci-Fi|Thriller,114069,6950.0
339,2.911042282483595,19.360182591695718,3.4289337647062252,While You Were Sleeping (1995),Comedy|Romance,114924,2064.0
5507,-1.8959084724068829,3.8171779147079836,2.7818933813937607,xXx (2002),Action|Crime|Thriller,295701,7451.0
1355,0.4126645701679647,0.6793985780517078,3.8859682991261937,Nightwatch (1997),Horror|Thriller,119791,2212.0
3269,2.4585708919049014,4.338544272866487,3.8452524942184816,Forever Young (1992),Drama|Romance|Sci-Fi,104291,10326.0
3324,0.4126645701679647,0.6793985780517078,3.8859682991261937,Drowning Mona (2000),Comedy,186045,25166.0
4846,-0.337878949135069,0.510183573715555,2.616302068007013,Iron Monkey (Siu nin Wong Fei-hung ji: Tit Ma Lau) (1993),Action|Comedy,108148,12780.0
54736,0.06292027573632158,0.9600288081345891,3.344111415708461,"Kingdom, The (2007)",Action|Drama|Thriller,431197,4349.0
306,-1.3716922201970383,4.3391876489281325,2.962454143222897,Three Colors: Red (Trois couleurs: Rouge) (1994),Drama,111495,110.0
1251,-0.9080265964220873,1.8921550426307023,2.7986812631441604,8 1/2 (8½) (1963),Drama|Fantasy,56801,422.0
134515,-0.046745043097692736,0.21310240235712877,3.059216589861751,BMX Bandits (1983),Adventure|Crime|Drama,85204,17381.0
142074,0.27290856043800044,0.21310240235712877,4.559216589861752,Knock Knock (2015),Crime|Horror|Thriller,3605418,263472.0
3388,0.4927170535166993,0.7352416639110972,3.9487144273994668,Harry and the Hendersons (1987),Children|Comedy,93148,8989.0
4356,0.016235840904271694,0.060975140206802794,3.5448412698412697,Gentlemen Prefer Blondes (1953),Comedy|Musical|Romance,45810,759.0
84772,0.36369791683688746,1.0063836933053252,3.6399623366875695,Paul (2011),Adventure|Comedy|Sci-Fi,1092026,39513.0
2651,0.5310294385815689,0.2216638309868618,5.6742236024844726,Frankenstein Meets the Wolf Man (1943),Horror,35899,3076.0
100302,0.28677347415798193,0.25688641233506565,4.394914918876138,Upside Down (2012),Drama|Romance|Sci-Fi,1374992,58244.0
103235,-0.07619783359911196,0.3915750312838885,3.0839782407747602,"Best Offer, The (Migliore offerta, La) (2013)",Thriller,1924396,152742.0
162478,-0.009754966398532045,0.7465003557264411,3.265503830781687,Masterminds (2016),Action|Comedy|Crime,2461150,213681.0
3506,-0.11833571451218977,0.639661974491511,3.093574165593183,North Dallas Forty (1979),Comedy|Drama,79640,29786.0
3649,0.9933823670588282,0.6310827570787784,4.852663504319307,American Gigolo (1980),Drama,80365,2768.0
4157,-0.4747362181573093,0.48014211712183363,2.289830384559146,"Price of Milk, The (2000)",Comedy|Drama|Fantasy|Romance,249893,21620.0
5347,0.2454769575254411,0.48014211712183363,3.789830384559146,Deuces Wild (2002),Drama,231448,13201.0
74458,-2.521833661012847,6.105770374908328,2.8655467803834904,Shutter Island (2010),Drama|Mystery|Thriller,1130884,11324.0
54,0.8038432932085977,1.451915049968429,3.8322149032541084,"Big Green, The (1995)",Children|Comedy,112499,26441.0
1917,5.3391368773655605,12.43516225892806,3.7079294671874687,Armageddon (1998),Action|Romance|Sci-Fi|Thriller,120591,95.0
3827,1.4836037429057318,3.698135291120327,3.6797475960491424,Space Cowboys (2000),Action|Adventure|Comedy|Sci-Fi,186566,5551.0
1499,4.417722463048839,3.468303277009289,4.552313114407574,Anaconda (1997),Action|Adventure|Thriller,118615,9360.0
2014,0.3215351387852676,0.948966189212282,3.617398188091878,Freaky Friday (1977),Children|Comedy|Fantasy,76054,16084.0
2232,0.3072133086950535,3.763121006511222,3.360209331834037,Cube (1997),Horror|Mystery|Sci-Fi|Thriller,123755,431.0
115617,0.47708207464102376,6.091764036459599,3.3568873435979554,Big Hero 6 (2014),Action|Animation|Comedy,2245084,177572.0
969,0.7266103449818327,5.979617043336526,3.4000859569627644,"African Queen, The (1951)",Adventure|Comedy|Romance|War,43265,488.0
7090,-0.18016842641476982,3.938165069367358,3.2328220952547038,Hero (Ying xiong) (2002),Action|Adventure|Drama,299977,79.0
3969,-0.611069642358622,3.246927584021779,3.0903720842541382,Pay It Forward (2000),Drama,223897,10647.0
3730,-0.22822217925474853,2.8911241872857403,3.1996325229863976,"Conversation, The (1974)",Drama|Mystery,71360,592.0
4399,-0.15329624427625713,0.21310240235712877,2.559216589861751,"Diary of a Chambermaid (Journal d'une femme de chambre, Le) (1964)",Comedy|Drama,58249,36245.0
4928,0.3579805170262075,0.6325452392708549,3.844508052233093,That Obscure Object of Desire (Cet obscur objet du désir) (1977),Drama,75824,5781.0
5225,-1.2408566747741414,2.3061451444535424,2.740506130401234,And Your Mother Too (Y tu mamá también) (2001),Drama|Romance,245574,1391.0
78703,0.04672341100767309,0.060975140206802794,4.044841269841269,TiMER (2009),Comedy|Drama|Fantasy|Romance,1179794,39545.0
47736,-0.6405005482601495,0.41944283691372614,1.7515444015444013,"Chump at Oxford, A (1940)",Comedy,32339,33810.0
3810,0.08770177660784535,0.2216638309868618,3.674223602484472,White Sands (1992),Drama|Thriller,105813,19380.0
93805,-0.0028395273259495635,0.3875954799921168,3.271245421245421,Iron Sky (2012),Action|Comedy|Sci-Fi,1034314,10679.0
85736,0.12201846390062993,0.5519501505778873,3.499639334382991,BURN-E (2008),Adventure|Animation|Children|Sci-Fi,1334585,13413.0
104644,0.008004076061667274,0.002818551722996489,6.118354710305175,Maria Bamford: The Special Special Special! (2012),Comedy,2546038,147129.0
55278,-0.3783257375699357,0.7436818040034446,2.7698515223786133,Sleuth (2007),Drama|Mystery|Thriller,857265,4520.0
2779,0.121571435644142,0.639661974491511,3.468627177532875,Heaven Can Wait (1978),Comedy,77663,12185.0
3858,-1.6129819319502774,1.0815644131963695,1.7872298937816522,Cecil B. DeMented (2000),Comedy,173716,14195.0
9008,0.006681335925994601,0.007630988852936347,4.154124525916561,"Invisible Man Returns, The (1940)",Horror|Sci-Fi,32635,28421.0
7449,0.7024908012705227,0.7749477595831014,4.185072276639486,Godsend (2004),Drama|Horror|Thriller,335121,11058.0
75813,0.20235154398408642,0.2905418188158605,3.975034143676591,Leaves of Grass (2009),Comedy|Crime|Drama|Thriller,1151359,12834.0
6027,-0.3694269537278708,0.4991368619256565,2.53843984962406,Dogfight (1991),Drama|Romance,101748,14667.0
26492,-0.22526567850773682,0.29480564246126767,2.5144555296115474,Twilight Zone: The Movie (1983),Fantasy|Horror|Sci-Fi|Thriller,86491,15301.0
2640,-3.415885822323757,7.973739566641645,2.8501794810071757,Superman (1978),Action|Adventure|Sci-Fi,78346,1924.0
3967,0.31690392059820127,4.305713145041651,3.3521722259127795,Billy Elliot (2000),Drama,249462,71.0
491,-0.912910275753817,4.8530040445040505,3.090459020796357,"Man Without a Face, The (1993)",Drama,107501,10502.0
2485,3.080486603218447,4.549271921199756,3.95570980512423,She's All That (1999),Comedy|Romance,160862,10314.0
46578,-1.1228187599199349,8.648224881527806,3.148739147924076,Little Miss Sunshine (2006),Adventure|Comedy|Drama,449059,773.0
161582,-0.06483283091915779,0.8675174953802798,3.203837683990591,Hell or High Water (2016),Crime|Drama,2582782,338766.0
1665,2.018690589650406,2.261874703303589,4.171057023242964,Bean (1997),Comedy,118689,1281.0
2245,1.1207685808307035,3.2464969364444736,3.6237954046821703,Working Girl (1988),Comedy|Drama|Romance,96463,3525.0
3534,0.198829783160635,3.1761918248493077,3.341171483645265,28 Days (2000),Drama,191754,10468.0
5103,0.24741373305968378,1.4503714993446746,3.449157883953014,"Sandlot, The (1993)",Children|Comedy|Drama,108037,11528.0
96004,-0.3278954263889216,0.2600853605913917,2.0178490809416316,Dragon Ball Z: The History of Trunks (Doragon bôru Z: Zetsubô e no hankô!! Nokosareta chô senshi - Gohan to Torankusu) (1993),Action|Adventure|Animation,142247,39324.0
2618,-0.3404486750004111,0.5076819679954973,2.6079770477140203,"Castle, The (1997)",Comedy,118826,13852.0
1191,-0.08139191122339395,0.5347051208707325,3.1263531159978504,Madonna: Truth or Dare (1991),Documentary|Musical,102370,10174.0
45880,0.4600157252592972,1.3849216927242665,3.610731526630406,Marie Antoinette (2006),Drama|Romance,422720,1887.0
2613,-0.146167546777176,0.5519032609237987,3.0137287339794185,Night of the Comet (1984),Comedy|Horror|Sci-Fi,87799,18462.0
6323,-0.40435388904162173,1.4614271907099992,3.0018871766209934,Identity (2003),Crime|Horror|Mystery|Thriller,309698,2832.0
168250,-0.28710766788286735,1.5016253552056162,3.0873734930227483,Get Out (2017),Horror,5052448,419430.0
156781,-0.2210577113464233,0.41944283691372614,2.7515444015444013,Jimmy Carr: Telling Jokes (2009),Comedy,1585985,24784.0
172589,-0.22699935051214937,0.25688641233506565,2.394914918876138,Winter in Prostokvashino (1984),Animation,1318414,77762.0
175401,0.029887061822916283,0.25688641233506565,3.394914918876138,Wolf and Calf (1984),Animation,882997,91673.0
5466,0.2064720287818339,0.8594185941558912,3.518817602189103,My Wife is an Actress (Ma Femme est une Actrice) (2001),Comedy|Drama|Romance,269499,14651.0
170937,0.000957696754176052,0.002818551722996489,3.6183547103051747,Win It All (2017),Comedy,3155328,397442.0
8718,-0.004765147353409919,0.007630988852936347,2.6541245259165613,"Snake Pit, The (1948)",Drama,40806,62694.0
67788,0.07905534278308135,0.11063580241810332,3.993126220557513,Confessions of a Shopaholic (2009),Comedy|Romance,1093908,20048.0
5039,-0.016380489314394817,0.20566614361406738,3.198925410872313,Dragonslayer (1981),Action|Adventure|Fantasy,82288,848.0
32387,-0.06687734729421922,0.05460239114528025,2.053765227021041,"Sword of Doom, The (Dai-bosatsu tôge) (1966)",Action|Drama,60277,19884.0
8363,0.022358310745504578,0.1346886189488228,3.4445714285714284,Soul Plane (2004),Comedy,367085,12657.0
33164,0.05574389781894151,0.1294548967358346,3.709176212357185,House of Wax (2005),Horror|Thriller,397065,10066.0
58309,0.14893617013140067,0.9999999994536926,3.427507598784194,War Dance (2007),Documentary,912599,16666.0
6370,-0.3694269537278708,0.4991368619256565,2.53843984962406,"Spanish Apartment, The (L'auberge espagnole) (2002)",Comedy|Drama|Romance,283900,1555.0
3726,-0.077862857277103,0.29480564246126767,3.0144555296115474,Assault on Precinct 13 (1976),Action|Thriller,74156,17814.0
7362,-0.06736221065616978,0.3244661034655101,3.070962035982504,Taking Lives (2004),Crime|Drama|Thriller,364045,11081.0
3833,-0.03399004488543043,0.029660461004242435,2.132599864590386,"Brain That Wouldn't Die, The (1962)",Horror|Sci-Fi,52646,33468.0
129937,-0.31501786932257864,0.17485746075652778,1.477001921844971,Run All Night (2015),Action|Crime|Drama|Thriller,2199571,241554.0
235,-3.373018267753615,14.502309420971306,3.045986522964877,Ed Wood (1994),Comedy|Drama,109707,522.0
3034,1.1340403816613829,6.437785197020058,3.454725237211442,Robin Hood (1973),Adventure|Animation|Children|Comedy|Musical,70608,11886.0
79132,-3.948781842396306,17.13775561594361,3.0481572523579064,Inception (2010),Action|Crime|Drama|Mystery|Sci-Fi|Thriller|IMAX,1375666,27205.0
4226,-4.283022817146071,21.072272650467077,3.075317470719325,Memento (2000),Mystery|Thriller,209144,77.0
4765,0.7404460757803273,0.512616514001765,4.723015873015873,L.I.E. (2001),Drama,242587,18734.0
2412,1.8575391124561753,1.5206778002373318,4.500091932235169,Rocky V (1990),Action|Drama,100507,1375.0
79592,0.9889157020231492,2.536091859921846,3.6685082907376216,"Other Guys, The (2010)",Action|Comedy,1386588,27581.0
96655,0.3679969481755578,0.5691455664007244,3.925149333944161,Robot & Frank (2012),Comedy|Drama|Sci-Fi,1990314,84329.0
1551,0.3555251836706981,0.9193057282080396,3.665303690496639,Buddy (1997),Adventure|Children|Drama,118787,15170.0
88125,-0.02659303008075109,3.59508672584741,3.271174380291743,Harry Potter and the Deathly Hallows: Part 2 (2011),Action|Adventure|Drama|Fantasy|Mystery|IMAX,1201607,12445.0
117590,-0.29402711138233334,1.1345023486215904,3.0194030700928645,Horrible Bosses 2 (2014),Comedy|Crime,2170439,227159.0
3350,0.2792354163483943,0.6179800197874302,3.73042328042328,"Raisin in the Sun, A (1961)",Drama,55353,29478.0
26750,-0.05686935352571004,0.11852113897497156,2.7987468671679196,Quigley Down Under (1990),Adventure|Drama|Western,102744,9588.0
108729,-0.08516223737425645,0.6009323083848006,3.1368545726360946,Enemy (2013),Mystery|Thriller,2316411,181886.0
89492,0.08869796012436242,1.8418763420457975,3.326727734236251,Moneyball (2011),Drama,1210166,60308.0
45501,-0.5392618252648297,0.42904254071215087,2.0216754938006476,"Break-Up, The (2006)",Comedy|Drama|Romance,452594,9767.0
93006,-0.4355442771566963,0.4270738257666625,2.2587377350060875,"Very Potter Musical, A (2009)",Comedy|Musical,2033193,54507.0
4159,1.4381443594257608,0.959594581319149,4.777271387306869,3000 Miles to Graceland (2001),Action|Thriller,233142,12138.0
4976,-0.4604301721294887,0.5091129252015578,2.3741941296701987,Iris (2001),Drama,280778,11889.0
3473,-0.06132230783819094,0.046890064398847256,1.9707824838478105,Jonah Who Will Be 25 in the Year 2000 (Jonas qui aura 25 ans en l'an 2000) (1976),Comedy,74718,42237.0
74754,-0.5837971359419796,0.45088654879668744,1.9837953091684435,"Room, The (2003)",Comedy|Drama|Romance,368226,17473.0
1951,0.17316318655088359,0.290353969093768,3.8749579256851003,Oliver! (1968),Drama|Musical,63385,17917.0
87192,-0.30508005418267686,0.4655317670509067,2.6232347238061964,Attack the Block (2011),Action|Comedy|Sci-Fi,1478964,59678.0
71379,0.3643456064147985,0.29480564246126767,4.514455529611547,Paranormal Activity (2009),Horror|Thriller,1179904,23827.0
5147,0.3762163531441648,0.3461534025504529,4.365420063807161,Wild Strawberries (Smultronstället) (1957),Drama,50986,614.0
4043,0.02533087712305444,0.029660461004242435,4.132599864590386,At Close Range (1986),Crime|Drama,90670,13715.0
5638,-0.03399004488543043,0.029660461004242435,2.132599864590386,Godzilla vs. Mothra (Mosura tai Gojira) (1964),Action|Adventure|Fantasy|Sci-Fi,58379,1682.0
134334,-0.43077912980328636,0.41944283691372614,2.2515444015444013,Phir Hera Pheri (2006),Comedy,419058,20359.0
1029,0.31685644960351605,3.9827728684737984,3.3581281746042335,Dumbo (1941),Animation|Children|Drama|Musical,33563,11360.0
1032,1.0082563042014254,5.257020459726023,3.4703637778547662,Alice in Wonderland (1951),Adventure|Animation|Children|Fantasy|Musical,43274,12092.0
3702,0.948394485983728,4.394619193108978,3.4943795439755725,Mad Max (1979),Action|Adventure|Sci-Fi,79501,9659.0
4027,-1.018361686983844,10.367069456083927,3.1803409989116544,"O Brother, Where Art Thou? (2000)",Adventure|Comedy|Crime,190590,134.0
5890,0.26886158460848014,1.6452526075757854,3.441988026953021,Elling (2001),Comedy|Drama,279064,6007.0
1518,0.08763251050509678,2.20304982389115,3.318349244558502,Breakdown (1997),Action|Thriller,118771,2163.0
3683,-1.9440853678735133,3.278497192992165,2.685590787310236,Blood Simple (1984),Crime|Drama|Film-Noir,86979,11368.0
73858,-0.45793810668461743,0.2600853605913917,1.5178490809416316,"Dennis the Menace Christmas, A (2007)",Comedy,918511,13358.0
1464,-0.41813998998086144,1.6746538301370821,3.028884011114751,Lost Highway (1997),Crime|Drama|Fantasy|Film-Noir|Mystery|Romance,116922,638.0
452,0.037695712432067985,0.6151010518168079,3.339855200271586,Widows' Peak (1994),Drama,111712,25440.0
32659,0.05980615808087165,0.21310240235712877,3.559216589861751,Tanguy (2001),Comedy,274155,2029.0
85796,0.2876068858884352,0.27667830157706297,4.3180706746238995,Hobo with a Shotgun (2011),Action|Adventure|Crime|Thriller,1640459,49010.0
3632,-0.5308105619513631,0.7572813488231824,2.5776290868958487,Monsieur Verdoux (1947),Comedy|Crime,39631,30588.0
3075,0.5560636167612087,0.8623015506297003,3.923431241655541,Repulsion (1965),Drama|Horror,59646,11481.0
27660,-0.7157672785496285,1.0239798773922388,2.5795662094723313,"Animatrix, The (2003)",Action|Animation|Drama|Sci-Fi,328832,55931.0
5954,-0.33002838921500566,2.088755714230214,3.1205690413288236,25th Hour (2002),Crime|Drama,307901,1429.0
50274,0.17498375809472552,0.6452526079743,3.5497578692493947,Venus (2006),Drama|Romance,489327,13771.0
75395,-0.10448465104582012,0.08289281104347726,2.018092386655261,Frozen (2010),Drama|Horror|Thriller,1323045,44363.0
107412,-0.09855614434461654,0.25688641233506565,2.894914918876138,"Kidnapping, Caucasian Style (Kavkazskaya plennitsa) (1967)",Comedy|Romance,60584,20878.0
4024,1.4320488075367184,0.47945246419731535,6.265413533834587,"House of Mirth, The (2000)",Romance,200720,25520.0
2447,-1.7863402663210102,2.1266378682670535,2.4385881418181192,Varsity Blues (1999),Comedy|Drama,139699,14709.0
109282,0.000957696754176052,0.002818551722996489,3.6183547103051747,GLOW: The Story of the Gorgeous Ladies of Wrestling (2012),Documentary,1559038,103732.0
7161,0.11938021948171573,0.18889399561928485,3.9105672688326836,Cheaper by the Dozen (2003),Children|Comedy,349205,11007.0
2477,0.1403332629646737,0.5631114490884213,3.5277818880494745,Firewalker (1986),Adventure,91055,12715.0
2535,-0.09112943138269708,0.2695676111605742,2.94051363672338,Earthquake (1974),Action|Drama|Thriller,71455,11123.0
8044,-0.03559496352361428,0.09540026660984881,2.905459646094087,I Am a Fugitive from a Chain Gang (1932),Crime|Drama|Film-Noir,23042,29740.0
840,-0.06553955237609436,0.32067692852673924,3.0741926705572564,House Arrest (1996),Children|Comedy,116571,18862.0
51088,0.1112529489035839,0.12566572179706373,4.163880065744938,Reno 911!: Miami (2007),Comedy,499554,10090.0
31923,0.02533087712305444,0.029660461004242435,4.132599864590386,"Three Musketeers, The (1973)",Action|Adventure|Comedy,72281,2926.0
2203,-0.03890444610518076,1.192015092053473,3.245933883657328,Shadow of a Doubt (1943),Crime|Drama|Thriller,36342,21734.0
266,4.684445344268391,15.664022263107023,3.57762905665598,Legends of the Fall (1994),Drama|Romance|War|Western,110322,4476.0
70286,-1.6282708276547964,7.607314079795106,3.064531254789271,District 9 (2009),Mystery|Sci-Fi|Thriller,1136608,17654.0
96432,-0.04056117495593031,0.15252128120999484,3.0126336221607626,Lawless (2012),Crime|Drama,1212450,82633.0
48,4.511956852576872,15.058821877011672,3.57819359619031,Pocahontas (1995),Animation|Children|Drama|Musical|Romance,114148,10530.0
2375,0.5954029901391841,2.034288981972272,3.5712550125733102,"Money Pit, The (1986)",Comedy,91541,10466.0
2458,0.14216680154360317,1.2721704881443716,3.3903228037750557,Armed and Dangerous (1986),Comedy|Crime,90660,2620.0
39715,0.44778577415279364,1.0769468274209741,3.694363334681716,American Pie Presents: Band Camp (American Pie 4: Band Camp) (2005),Comedy,436058,8274.0
52973,0.40821653720818357,3.7328975171125554,3.3879279097865744,Knocked Up (2007),Comedy|Drama|Romance,478311,4964.0
68793,0.28126726822974873,1.2523529016620347,3.503162490608711,Night at the Museum: Battle of the Smithsonian (2009),Action|Comedy|IMAX,1078912,18360.0
8012,0.07542792681801577,0.30429765794531605,3.5264469046014497,Kikujiro (Kikujirô no natsu) (1999),Comedy|Drama,199683,4291.0
507,-0.635437739594404,3.324110540745728,3.0874111973440246,"Perfect World, A (1993)",Crime|Drama|Thriller,107808,9559.0
5010,0.9011284782852196,4.953486944904924,3.4604894366954038,Black Hawk Down (2001),Action|Drama|War,265086,855.0
544,-0.42380605285275935,1.2399071493076754,2.936766759496491,Striking Distance (1993),Action|Crime,108238,11074.0
1835,-0.7659989643077957,1.9717418816073988,2.890082969989142,City of Angels (1998),Drama|Fantasy|Romance,120632,795.0
4508,0.04739439103323679,0.26122977471036857,3.4599994112192105,Gorillas in the Mist (1988),Drama,95243,10130.0
6541,1.3196908112649373,2.0972697795681157,3.9078137054218094,"League of Extraordinary Gentlemen, The (a.k.a. LXG) (2003)",Action|Fantasy|Sci-Fi,311429,8698.0
2803,0.09143764118138588,0.8234161942060523,3.389618116534071,"Pelican Brief, The (1993)",Crime|Drama|Mystery|Romance|Thriller,107798,9944.0
6193,0.02164173986879599,0.5411172573286365,3.318565976103762,Poolhall Junkies (2002),Comedy|Drama|Thriller,273982,14293.0
50999,-0.6405005482601495,0.41944283691372614,1.7515444015444013,"Ugly Duckling and Me!, The (2006)",Animation|Comedy,396042,13517.0
94478,0.0010049865307059911,0.010449540575932836,3.3747466166960294,Dark Shadows (2012),Comedy|Horror|IMAX,1077368,62213.0
162602,-0.0032701308303186814,0.002818551722996489,2.1183547103051747,The Girl on the Train (2016),Thriller,3631112,346685.0
141718,-0.41968317433991986,0.26825110112448486,1.7140552995391705,Deathgasm (2015),Comedy|Horror,3705412,323373.0
101112,-0.4054445626640058,0.6520481825596655,2.656769890727397,Oz the Great and Powerful (2013),Action|Adventure|Fantasy|IMAX,1623205,68728.0
6252,-0.01279684924316297,0.007316370768142061,1.5295007966011687,View from the Top (2003),Comedy|Romance,264150,11523.0
3364,-0.0009496529269417458,0.007630988852936347,3.1541245259165613,"Asphalt Jungle, The (1950)",Crime|Film-Noir,42208,16958.0
162968,-0.13291058714529216,0.45088654879668744,2.9837953091684435,Kizumonogatari Part 1: Tekketsu (2016),Action|Animation|Mystery,3138698,357786.0
3894,-0.14227004610187263,0.27967615900368126,2.7698757763975155,Solas (1999),Drama,190798,80713.0
27816,0.07490371220225073,0.09979443573159218,4.029151474975141,Saints and Soldiers (2003),Action|Adventure|Drama|War,373283,10105.0
4529,-0.33936400313415893,0.8452902644761093,2.8770951341005717,Bagdad Cafe (Out of Rosenheim) (1987),Comedy|Drama,95801,3543.0
163,-4.689961058698732,10.836362227962228,2.845772952474282,Desperado (1995),Action|Romance|Western,112851,8068.0
2985,-2.5915837487782043,9.791028374270462,3.0138817913124307,RoboCop (1987),Action|Crime|Drama|Sci-Fi|Thriller,93870,5548.0
5,0.45578495048190004,9.549230806007198,3.326301445757229,Father of the Bride Part II (1995),Comedy,113041,11862.0
191,-2.2209404782495303,1.3223687792524985,1.599054705933004,"Scarlet Letter, The (1995)",Drama|Romance,114345,10533.0
8360,1.5252492126818127,9.67119511945267,3.4362819487132383,Shrek 2 (2004),Adventure|Animation|Children|Comedy|Musical|Romance,298148,809.0
73321,1.4927348488576455,2.4832525719824967,3.8796922592511387,"Book of Eli, The (2010)",Action|Adventure|Drama,1037705,20504.0
180777,-0.11496096059210728,0.14970272948699834,2.510643141718839,Die Frauen von Ravensbrück (2005),Documentary,832879,363444.0
1407,2.2693171132256147,10.648321823897184,3.491686429296967,Scream (1996),Comedy|Horror|Mystery|Thriller,117571,4232.0
1855,0.18981413894019072,1.7639168377550756,3.3861808888800935,Krippendorf's Tribe (1998),Comedy,120725,31220.0
53121,0.6059513941871761,2.957572401578161,3.48345276769396,Shrek the Third (2007),Adventure|Animation|Children|Comedy|Fantasy,413267,810.0
1711,0.16206464356561015,1.8258037435999965,3.367334880905063,Midnight in the Garden of Good and Evil (1997),Crime|Drama|Mystery,119668,8197.0
6974,0.0023912159617757362,0.11852113897497156,3.2987468671679196,"Freshman, The (1990)",Comedy|Crime,99615,10168.0
3249,0.39259176625893,0.5697356646657824,3.9676484700959955,"Hand That Rocks the Cradle, The (1992)",Drama|Thriller,104389,11087.0
146656,0.08970127495943855,0.3403583307931952,3.5421209493085657,Creed (2015),Drama,3076658,312221.0
3937,0.6926490776558317,0.5300553974923592,4.585319894736829,Runaway (1984),Sci-Fi|Thriller,88024,9507.0
93297,0.01985456551939576,0.08289281104347726,3.518092386655261,Act of Valor (2012),Action|Thriller|War,1591479,75674.0
85295,-0.6405005482601495,0.41944283691372614,1.7515444015444013,Scooby-Doo! Curse of the Lake Monster (2010),Adventure|Children|Comedy|Mystery,1618435,47533.0
88785,0.674457017949863,0.7128032074525832,4.224775108490657,"Change-Up, The (2011)",Comedy,1488555,49520.0
116411,-0.09855614434461654,0.25688641233506565,2.894914918876138,Tangerines (2013),Drama,2991224,238628.0
63479,-0.07805807222545622,0.10261298745458866,2.517867796782121,Sex Drive (2008),Comedy,1135985,13523.0
69436,0.02314563936763421,0.10261298745458866,3.5041339030864336,Year One (2009),Adventure|Comedy,1045778,17610.0
94931,0.16300452244942254,0.45313998518758414,3.6382936507936505,Take This Waltz (2011),Drama|Romance,1592281,86555.0
6386,-0.044623052608227666,0.08909955988769268,2.777749060150376,Nevada Smith (1966),Western,60748,5921.0
33421,-0.012274956148938969,0.05460239114528025,3.053765227021041,Dear Wendy (2005),Drama,342272,10913.0
138396,0.1593272616330726,0.12426832170945533,4.560694333599361,There Will Come a Day (2013),Comedy|Drama,1951299,158182.0
2268,0.9104447341990178,8.134563190498419,3.3904944308123435,"Few Good Men, A (1992)",Crime|Drama|Thriller,104257,881.0
258,1.0533919300661692,2.716264783390328,3.6663804288233734,"Kid in King Arthur's Court, A (1995)",Adventure|Children|Comedy|Fantasy|Romance,113538,37108.0
279,-0.3813377488760884,0.7725164719167213,2.784940855323021,My Family (1995),Drama,113896,38722.0
709,1.3016906997019713,2.4914420442102454,3.8010362006205773,Oliver & Company (1988),Adventure|Animation|Children|Comedy|Musical,95776,12233.0
1357,-2.842302195723741,5.093410759599024,2.720536286723277,Shine (1996),Drama|Romance,117631,7863.0
2072,1.8559295547616759,3.69148677802636,3.781330795287606,"'burbs, The (1989)",Comedy,96734,11974.0
96610,-0.4737227283719904,3.0657594424308794,3.1240509134209087,Looper (2012),Action|Crime|Sci-Fi,1276104,59967.0
7317,-0.04424790222485106,1.8867135464294282,3.2551190596049846,EuroTrip (2004),Adventure|Comedy,356150,9352.0
60040,0.1093475016645316,2.7461286367087854,3.3183902120773547,"Incredible Hulk, The (2008)",Action|Sci-Fi,800080,1724.0
1806,1.2695278619090797,1.8642424513897458,3.9595600311872947,Paulie (1998),Adventure|Children|Comedy,125454,36568.0
1010,-1.0329240572281035,1.211520624423616,2.425986638510987,"Love Bug, The (1969)",Children|Comedy,64603,14136.0
1232,-0.3104781877522096,1.6606090019510367,3.0916049678407984,Stalker (1979),Drama|Mystery|Sci-Fi,79944,1398.0
6884,-0.05686935352571004,0.11852113897497156,2.7987468671679196,Veronica Guerin (2003),Crime|Drama|Thriller,312549,10629.0
26649,-0.11612992301319583,0.11852113897497156,2.2987468671679196,Lonesome Dove (1989),Adventure|Drama|Western,96639,13057.0
3552,-0.4916023390934887,7.497481839600725,3.2130024349265343,Caddyshack (1980),Comedy,80487,11977.0
46062,0.3794597616165648,0.21310240235712877,5.059216589861752,High School Musical (2006),Children|Comedy|Drama|Musical|Romance,475293,10947.0
7757,0.047467663697618116,0.1721302148226759,3.5543374452845202,Jason and the Argonauts (1963),Action|Adventure|Fantasy,57197,11533.0
49130,0.011887057951704168,0.14502210701079107,3.3605386416861824,"Good Year, A (2006)",Comedy|Drama|Romance,401445,9726.0
8832,0.0077640306156763084,0.02887772538348671,3.5474302293451228,Warriors of Heaven and Earth (Tian di ying xiong) (2003),Action|Adventure|Drama,374330,14797.0
6879,0.7774148846773099,1.710586287900096,3.7330441962864436,Runaway Jury (2003),Drama|Thriller,313542,11329.0
7158,0.6791618067593219,1.3945472204130802,3.765583841502234,House of Sand and Fog (2003),Drama,315983,11093.0
100507,0.19511499473698415,0.42226138863672263,3.740643026845938,21 and Over (2013),Comedy,1711425,107811.0
128366,-0.2210577113464233,0.41944283691372614,2.7515444015444013,Patton Oswalt: Tragedy Plus Comedy Equals Time (2014),Comedy,3628334,251016.0
3677,-0.09855614434461654,0.25688641233506565,2.894914918876138,Baraka (1992),Documentary,103767,14002.0
173619,-0.22699935051214937,0.25688641233506565,2.394914918876138,Fugitives (1986),Comedy|Crime,91093,30163.0
165843,-0.001860854968820437,0.002818551722996489,2.6183547103051747,Risk (2016),Documentary,4964772,393561.0
4703,-7.32726643813283e-05,0.08909955988769268,3.277749060150376,Chocolat (1988),Drama,94868,41951.0
31700,0.07998364823685289,0.2185544566235273,3.64453810558424,Because of Winn-Dixie (2005),Children|Comedy|Drama,317132,17880.0
2252,1.4186535776630214,1.2149776254426472,4.446209044240416,Hero (1992),Comedy|Drama,104412,10699.0
27912,-0.047869919672553246,0.15000265775512905,2.9594442851664216,Outfoxed: Rupert Murdoch's War on Journalism (2004),Documentary,418038,13372.0
73515,-0.024890723529341442,0.09979443573159218,3.0291514749751407,Bart Got a Room (2008),Comedy|Romance,472050,20107.0
44828,-0.22526567850773682,0.29480564246126767,2.5144555296115474,Slither (2006),Comedy|Horror|Sci-Fi,439815,9035.0
2824,-0.316090451956741,0.3461534025504529,2.3654200638071607,On the Ropes (1999),Documentary|Drama,181733,113273.0
47261,-0.01915981438330921,0.029660461004242435,2.632599864590386,"Night Listener, The (2006)",Fantasy|Mystery|Thriller,448075,9782.0
3007,-0.04270534916497246,0.30006126913283304,3.1362493311931514,American Movie (1999),Documentary,181288,14242.0
2105,-2.1098715438079707,7.893730446244684,3.0112869604513257,Tron (1982),Action|Adventure|Sci-Fi,84827,97.0
2492,2.4933158629522185,1.680908296165885,4.761886055930587,20 Dates (1998),Comedy|Romance,138987,111794.0
3257,0.6436137718474781,4.320491297875638,3.427539156423106,"Bodyguard, The (1992)",Drama|Romance|Thriller,103855,619.0
53972,1.6189433836478504,3.0966933224827486,3.8013688821952427,Live Free or Die Hard (2007),Action|Adventure|Crime|Thriller,337978,1571.0
73323,-0.11496096059210728,0.14970272948699834,2.510643141718839,"Girl Who Kicked the Hornet's Nest, The (Luftslottet som sprängdes) (2009)",Action|Crime|Mystery,1343097,33613.0
1748,-1.84280270247131,6.95585658204023,3.0136432086266183,Dark City (1998),Adventure|Film-Noir|Sci-Fi|Thriller,118929,2666.0
111844,0.06223261449816596,0.2600853605913917,3.5178490809416316,Bad Asses (Bad Ass 2) (2014),Action|Drama,2996648,255268.0
1642,0.6529618233300053,0.34807183367892064,5.154511278195489,Indian Summer (a.k.a. Alive & Kicking) (1996),Comedy|Drama,116631,172545.0
8340,0.38628964836451585,1.1574582577770223,3.6123110220029977,Escape from Alcatraz (1979),Drama|Thriller,79116,10734.0
148775,-0.2210577113464233,0.41944283691372614,2.7515444015444013,Wizards of Waverly Place: The Movie (2009),Adventure|Children|Comedy|Drama|Fantasy|Sci-Fi,1369845,26736.0
8507,0.6502178367149474,1.0232373242267223,3.9140230694762677,Freaks (1932),Crime|Drama|Horror,22913,136.0
104780,-0.22699935051214937,0.25688641233506565,2.394914918876138,"Mystery of the Third Planet, The (Tayna tretey planety) (1981)",Adventure|Animation|Sci-Fi,211653,49802.0
170957,0.000957696754176052,0.002818551722996489,3.6183547103051747,Cars 3 (2017),Adventure|Animation|Comedy,3606752,260514.0
181139,0.005185524338670785,0.002818551722996489,5.118354710305175,Lynne Koplitz: Hormonal Beast (2017),Comedy,6892388,470616.0
136666,-0.19539802500819003,0.28873247681622577,2.6018272425249167,Search Party (2014),Comedy,2758904,239568.0
33201,-0.2901354627381616,0.45313998518758414,2.6382936507936505,Between Your Legs (Entre las piernas) (1999),Drama|Mystery|Romance|Thriller,177747,53116.0
164881,1.0692844928245908,0.45313998518758414,5.638293650793651,Night Guards (2016),Action|Sci-Fi,5487524,402193.0
8614,0.02133609366108858,0.07276135046431881,3.571805316135837,Overboard (1987),Comedy|Romance,93693,10780.0
4867,-0.005480478475020909,0.007316370768142061,2.5295007966011687,Riding in Cars with Boys (2001),Comedy|Drama,200027,11091.0
3150,-0.23466515959639253,0.48014211712183363,2.789830384559146,"War Zone, The (1999)",Drama|Thriller,141974,42739.0
8491,-0.012274956148938969,0.05460239114528025,3.053765227021041,White Heat (1949),Crime|Drama|Film-Noir,42041,15794.0
27685,0.08715947587688029,0.04815759295761459,5.088451668092386,Bring It On Again (2004),Comedy,334965,12540.0
147372,0.0835990974462371,0.19890819737208132,3.6988612836438923,Doctor Who: Last Christmas (2014),Adventure|Drama|Fantasy|Sci-Fi,4050552,317182.0
2515,0.03819459096648018,0.02587128606547155,4.754902789518174,Children of the Corn II: The Final Sacrifice (1993),Horror,106557,25748.0
8912,0.6365493577134792,0.39460007819285986,4.891722040777763,Taxi (2004),Action|Comedy,316732,11045.0
67186,0.38935210075125315,0.39460007819285986,4.2652719445327,"Haunting in Connecticut, The (2009)",Horror|Thriller,492044,18781.0
85131,0.23704859617456334,0.46539927957238825,3.787915999092391,Battle: Los Angeles (2011),Action|Sci-Fi|War,1217613,44943.0
2630,0.21632795511785388,0.7973230345772327,3.549889258028793,Besieged (a.k.a. L' Assedio) (1998),Drama,149723,44297.0
4506,-0.004329583881187994,0.029660461004242435,3.132599864590386,Frantic (1988),Crime|Mystery|Thriller,95174,10675.0
2761,-0.8674279684675184,5.02069836511663,3.105801047762589,"Iron Giant, The (1999)",Adventure|Animation|Children|Drama|Sci-Fi,129167,10386.0
19,4.632553298550915,13.219666707660656,3.6290003312809347,Ace Ventura: When Nature Calls (1995),Comedy,112281,9273.0
2085,3.5971584077178593,7.259132189757993,3.774107026172632,101 Dalmatians (One Hundred and One Dalmatians) (1961),Adventure|Animation|Children,55254,12230.0
3039,-3.397429925620008,6.263819033100311,2.7361818883138405,Trading Places (1983),Comedy,86465,1621.0
59615,0.27512799187438636,3.095487545911623,3.367451770615693,Indiana Jones and the Kingdom of the Crystal Skull (2008),Action|Adventure|Comedy|Sci-Fi,367882,217.0
2822,0.513363389499135,1.1381285558388652,3.7296306580982344,Medicine Man (1992),Adventure|Romance,104839,9096.0
5015,-0.5922985398057775,1.9687965818479305,2.9777284947372786,Monster's Ball (2001),Drama|Romance,285742,1365.0
5463,1.065688542921113,2.3017858497930654,3.7415547869133525,Reign of Fire (2002),Action|Adventure|Fantasy,253556,6278.0
3635,1.2459545860348946,2.725555117434725,3.7357093444641656,"Spy Who Loved Me, The (1977)",Action|Adventure|Thriller,76752,691.0
40583,-0.04948581629270338,0.5039128430083477,3.180368302814057,Syriana (2005),Drama|Thriller,365737,231.0
49265,-0.11612992301319583,0.11852113897497156,2.2987468671679196,Shooting Dogs (a.k.a. Beyond the Gates) (2005),Documentary|Drama|War,420901,8588.0
51471,0.0023912159617757362,0.11852113897497156,3.2987468671679196,Amazing Grace (2006),Drama|Romance,454776,15163.0
7156,-0.324002566551308,2.404774232266136,3.1438383787058766,"Fog of War: Eleven Lessons from the Life of Robert S. McNamara, The (2003)",Documentary|War,317910,12698.0
7396,-0.3196924162411495,0.893501290979329,2.920774053829252,Scenes From a Marriage (Scener ur ett äktenskap) (1973),Drama,70644,133919.0
170705,-0.31432378916977777,0.5642342512902354,2.72149112291644,Band of Brothers (2001),Action|Drama|War,185906,331214.0
2554,-0.038597443713719835,0.1721302148226759,3.0543374452845202,Children of the Damned (1963),Horror|Sci-Fi|Thriller,56931,30202.0
2950,0.35520719693679614,0.757504362896341,3.7474891197892726,"Blue Lagoon, The (1980)",Adventure|Drama|Romance,80453,5689.0
44709,0.02710685273590007,0.24986913582608766,3.3870556262946994,Akeelah and the Bee (2006),Drama,437800,13751.0
37384,0.17852968322901508,0.8427327528950541,3.4904175715102297,Waiting... (2005),Comedy,348333,7553.0
5109,0.035065883092399476,0.18033882733234,3.473015873015873,Return to Never Land (2002),Adventure|Animation|Children,280030,16690.0
6985,-0.44961997394006215,1.2568864117887582,2.920846203982376,"Passion of Joan of Arc, The (Passion de Jeanne d'Arc, La) (1928)",Drama,19254,780.0
26903,0.029887061822916283,0.25688641233506565,3.394914918876138,Whisper of the Heart (Mimi wo sumaseba) (1995),Animation|Drama|Romance,113824,37797.0
7096,-0.6288730095110586,0.4934234382317537,2.00406162464986,Rivers and Tides (2001),Documentary,307385,30140.0
1856,-0.001860854968820437,0.002818551722996489,2.6183547103051747,Kurt & Courtney (1998),Documentary,138563,13907.0
2844,1.0092819414842216,0.3813407839361039,5.925238095238095,"Minus Man, The (1999)",Drama|Mystery,151582,21719.0
70599,0.17780643788672393,0.33488351874378536,3.809521528933821,"Time Traveler's Wife, The (2009)",Drama|Romance|Sci-Fi,452694,24420.0
26681,0.3895745150432146,0.45313998518758414,4.138293650793651,Bullet in the Head (1990),Action|Drama|War,99426,11909.0
81456,0.09719310077834493,0.12426832170945533,4.060694333599361,Heartbeats (Les amours imaginaires) (2010),Drama|Romance,1600524,51241.0
78574,-0.07499701577757657,0.302436631314204,3.030595462658551,Winter's Bone (2010),Drama|Thriller,1399683,39013.0
3947,0.48554801608635795,0.48014211712183363,4.289830384559146,Get Carter (1971),Action|Crime|Drama|Thriller,67128,1485.0
4849,-0.23466515959639253,0.48014211712183363,2.789830384559146,My First Mister (2001),Comedy|Drama,206963,25641.0
4608,0.3345334937846512,0.3736481792117796,4.173888232979142,"Innocent Man, An (1989)",Crime|Drama,97579,29185.0
3138,0.36197040232899924,0.44204264284420214,4.097429989365473,Stealing Home (1988),Drama,96171,32331.0
27604,-0.077862857277103,0.29480564246126767,3.0144555296115474,Suicide Club (Jisatsu saakuru) (2001),Horror|Mystery|Thriller,312843,12720.0
70994,-0.077862857277103,0.29480564246126767,3.0144555296115474,Halloween II (2009),Horror|Thriller,1311067,24150.0
553,-2.4097792859295133,15.19459841482529,3.119976958343225,Tombstone (1993),Action|Drama|Western,108358,11969.0
131724,0.027912827383635763,0.026540065381161868,4.330295566502463,The Jinx: The Life and Deaths of Robert Durst (2015),Documentary,4299972,321640.0
4381,-1.2460214526715978,1.3937149690799822,2.3845425343462914,"Closet, The (Placard, Le) (2001)",Comedy,243493,11444.0
92,1.1132089008033048,1.6735788809552907,3.9437381042932667,Mary Reilly (1996),Drama|Horror|Thriller,117002,9095.0
419,0.24044689781688244,3.5718378446118306,3.3458888456203577,"Beverly Hillbillies, The (1993)",Comedy,106400,11041.0
542,0.5171750809864084,4.4982227409140325,3.393544632606522,Son in Law (1993),Comedy|Drama|Romance,108186,13203.0
2374,0.2829376950715478,1.1210964040349578,3.5309473117276156,Gung Ho (1986),Comedy|Drama,91159,13698.0
3584,0.4126645701679647,0.6793985780517078,3.8859682991261937,Breathless (1983),Action|Drama|Romance|Thriller,85276,1058.0
56775,0.17984379944340398,2.023124450326008,3.3674655148518964,National Treasure: Book of Secrets (2007),Action|Adventure,465234,6637.0
43936,-0.3322048710462786,1.6386100120342066,3.075835653367741,16 Blocks (2006),Crime|Thriller,450232,2207.0
45658,0.12091235493674729,0.11852113897497156,4.298746867167919,On a Clear Day (2005),Drama,410400,38344.0
2664,0.6135190849169845,1.4074568130592193,3.714477581587557,Invasion of the Body Snatchers (1956),Horror|Sci-Fi|Thriller,49366,11549.0
1541,-0.3641060883541708,1.6006298613991277,3.0510946726174306,Addicted to Love (1997),Comedy|Romance,118556,2058.0
127202,0.11772724987293066,1.0141979482356436,3.394650592483893,Me and Earl and the Dying Girl (2015),Drama,2582496,308369.0
836,0.5268073706784546,2.8164633440585503,3.4656171331746064,Chain Reaction (1996),Action|Adventure|Thriller,115857,12123.0
1192,-0.7957566736551938,1.5075367960157622,2.7507191892375147,Paris Is Burning (1990),Documentary,100332,31225.0
69211,-0.6405005482601495,0.41944283691372614,1.7515444015444013,Boy Eats Girl (2005),Comedy|Horror,415679,27134.0
163925,-0.22699935051214937,0.25688641233506565,2.394914918876138,"Wings, Legs and Tails (1986)",Animation|Comedy,1350929,333372.0
85020,0.010254677818141017,0.754131756388614,3.292169420873528,"Mechanic, The (2011)",Action|Drama|Thriller,472399,27582.0
135567,0.8184960516210931,0.7436818040034446,4.379171237810948,Independence Day: Resurgence (2016),Action|Adventure|Sci-Fi,1628841,47933.0
5385,0.19632444875027744,0.3766224118882872,3.7998480243161095,"Last Waltz, The (1978)",Documentary,77838,13963.0
34334,0.114032781559766,0.18889399561928485,3.88225806872064,Stealth (2005),Action|Adventure|Sci-Fi|Thriller,382992,10048.0
1938,-0.004765147353409919,0.007630988852936347,2.6541245259165613,"Lost Weekend, The (1945)",Drama,37884,28580.0
7215,-0.028913627597619677,0.10303125546278516,2.9979417549083403,To Have and Have Not (1944),Adventure|Drama|Romance|Thriller|War,37382,22584.0
6057,0.12480093006804682,0.09979443573159218,4.529151474975141,Biker Boyz (2003),Action|Crime|Drama,326769,12253.0
7262,0.12480093006804682,0.09979443573159218,4.529151474975141,Catch That Kid (2004),Action|Adventure|Children|Comedy|Crime,337917,20483.0
57526,0.025006494336454646,0.09979443573159218,3.5291514749751407,Untraceable (2008),Crime|Thriller,880578,8090.0
1807,0.059533040914352305,0.17024360822876175,3.628264680105171,"Cool, Dry Place, A (1998)",Drama,120642,37272.0
3676,-0.2295952623889248,0.3244661034655101,2.570962035982504,Eraserhead (1977),Drama|Horror,74486,985.0
2964,1.0685231582450705,0.3461534025504529,6.365420063807161,Julien Donkey-Boy (1999),Drama,192194,42881.0
2903,-0.004329583881187994,0.029660461004242435,3.132599864590386,Psycho III (1986),Horror|Thriller,91799,12662.0
3930,-0.06365050588967286,0.029660461004242435,1.1325998645903859,"Creature from the Black Lagoon, The (1954)",Adventure|Horror|Sci-Fi,46876,10973.0
780,8.862416104472903,31.240966102124297,3.5622507512755455,Independence Day (a.k.a. ID4) (1996),Action|Adventure|Sci-Fi|Thriller,116629,602.0
415,1.319222922545643,2.507316393596525,3.804720791258494,Another Stakeout (1993),Comedy|Thriller,106292,9409.0
1227,-0.2871405515421193,1.6497233617524802,3.1045176701054675,Once Upon a Time in America (1984),Crime|Drama,87843,311.0
2836,-0.3053314515974629,0.8515287928743837,2.920002870288391,Outside Providence (1999),Comedy,125971,14578.0
53519,-0.2946018684178119,2.1489316932640996,3.141479184392029,Death Proof (2007),Action|Adventure|Crime|Horror|Thriller,1028528,1991.0
4322,-0.11850547101258838,0.6368831596531062,3.092500452731629,Eight Men Out (1988),Drama,95082,13554.0
140247,-0.33959578561048454,0.165368382558149,1.225,The Gift (2015),Drama|Horror,4178092,328425.0
103042,0.4299904616354102,1.4495356054775188,3.575211580086547,Man of Steel (2013),Action|Adventure|Fantasy|Sci-Fi|IMAX,770828,49521.0
111360,0.1554765613343877,0.8749387877711813,3.4562713585636153,Lucy (2014),Action|Sci-Fi,2872732,240832.0
7566,0.04672341100767309,0.060975140206802794,4.044841269841269,28 Up (1985),Documentary,88650,20561.0
89470,0.056187042182047016,0.8328691880298601,3.346033453808497,Contagion (2011),Sci-Fi|Thriller|IMAX,1598778,39538.0
87485,0.1716826754514698,0.45497415111647255,3.655917427306023,Bad Teacher (2011),Comedy,1284575,52449.0
6249,0.010586037861389496,0.08900113313094145,3.3975141598489613,Boat Trip (2003),Comedy,285462,9557.0
102686,0.0003067638503668965,0.847491826401406,3.278933395307638,"Hangover Part III, The (2013)",Comedy,1951261,109439.0
132422,-0.43077912980328636,0.41944283691372614,2.2515444015444013,Da Sweet Blood of Jesus (2014),Comedy|Romance|Thriller,3104930,278316.0
169912,-0.00896932027388594,0.42226138863672263,3.2573302719910373,Denis Leary: No Cure for Cancer (1993),Comedy,248752,26797.0
64114,0.18482542584893336,0.06357589921993419,6.1857332322849565,Fireproof (2008),Drama|Romance,1129423,14438.0
173355,-0.22699935051214937,0.25688641233506565,2.394914918876138,Travels of an Ant (1983),Animation,216126,193216.0
3327,-0.07128725657566602,0.6762696670015196,3.1731589576975785,Beyond the Mat (1999),Documentary,218043,14271.0
6299,-0.00033604370248474166,0.16799858740892043,3.2765711516187017,"Winged Migration (Peuple migrateur, Le) (2001)",Documentary,301727,11516.0
42730,-0.13372261249592035,0.08909955988769268,1.7777490601503758,Glory Road (2006),Drama,385726,9918.0
2176,0.013911807261768244,0.15585896904915572,3.3678303743134643,Rope (1948),Crime|Drama|Thriller,40746,1580.0
25856,-0.0009496529269417458,0.007630988852936347,3.1541245259165613,Wuthering Heights (1939),Drama|Romance,32145,3084.0
193581,-0.13291058714529216,0.45088654879668744,2.9837953091684435,Black Butler: Book of the Atlantic (2017),Action|Animation|Comedy|Fantasy,5476944,432131.0
55553,-0.2662229325849656,0.14315275678649989,1.4188591983556011,Black Sheep (2006),Comedy|Horror,779982,3603.0
65810,0.20235154398408642,0.2905418188158605,3.975034143676591,Notorious (2009),Drama|Musical,472198,14410.0
1739,1.1566784965371504,0.8078389499624543,4.71038961038961,3 Ninjas: High Noon On Mega Mountain (1998),Action|Children|Comedy,118539,32302.0
7815,-0.618995384690699,0.4991368619256565,2.03843984962406,True Stories (1986),Comedy|Musical,92117,24798.0
74851,0.06953996395353083,0.29480564246126767,3.5144555296115474,From Paris with Love (2010),Action|Crime,1179034,26389.0
1128,-0.03399004488543043,0.029660461004242435,2.132599864590386,"Fog, The (1980)",Horror,80749,790.0
3243,1.0850632304278287,1.7134007583965947,3.911851894399653,Encino Man (1992),Comedy,104187,10406.0
86345,-0.24567982141932598,0.6106790076070765,2.8762654407137265,Louis C.K.: Hilarious (2010),Comedy,1421373,45523.0
122882,-0.6480607980889698,4.693444537374843,3.1404935642378176,Mad Max: Fury Road (2015),Action|Adventure|Sci-Fi|Thriller,1392190,76341.0
1250,0.2330031663659349,6.505071038592001,3.3143901252441657,"Bridge on the River Kwai, The (1957)",Adventure|Drama|War,50212,826.0
4034,-2.7601267428028566,8.821434663215099,2.965682783109661,Traffic (2000),Crime|Drama|Thriller,181865,1900.0
257,1.2937052114231693,2.1641823243390585,3.876351567921872,Just Cause (1995),Mystery|Thriller,113501,9061.0
33836,0.8685263422374916,0.706685061454351,4.507586147589364,Bewitched (2005),Comedy|Fantasy|Romance,374536,9722.0
1186,-2.499450331223517,3.1608187623481028,2.48781102149047,"Sex, Lies, and Videotape (1989)",Drama,98724,1412.0
4262,-2.219509887812452,6.075728399431687,2.9132638075098845,Scarface (1983),Action|Crime|Drama,86250,111.0
1569,-1.1927094170549302,5.043025511918932,3.0420647096908633,My Best Friend's Wedding (1997),Comedy|Romance,119738,8874.0
2153,0.2652572688175184,2.219203224379327,3.398099584399386,"Avengers, The (1998)",Action|Adventure,118661,9320.0
2418,0.6207632109500844,0.948966189212282,3.9327182443450943,Nothing in Common (1986),Comedy,91653,29968.0
6617,-0.3624093598017263,0.9716520530005417,2.9055887763117267,Open Range (2003),Western,316356,2055.0
1841,0.3381240123625241,0.4288402108012502,4.067032967032967,"Gingerbread Man, The (1998)",Drama|Thriller,119196,12488.0
4623,0.19422926926239503,1.5761730339788191,3.4017998210608567,Major League (1989),Comedy,97815,9942.0
115680,-0.05167841219266535,0.5981620921983752,3.1921760971609476,Time Lapse (2014),Crime|Drama|Sci-Fi|Thriller,2669336,273271.0
58103,0.052763519459041494,1.0397404980457399,3.3293182442992126,Vantage Point (2008),Action|Drama|Thriller,443274,7461.0
6686,0.029236738477306123,0.8032496125059352,3.3149695021242995,"Medallion, The (2003)",Action|Comedy|Crime|Fantasy,288045,10610.0
299,-0.8152359553756384,1.9636578390885293,2.8634095102638852,Priest (1994),Drama,110889,40156.0
3097,0.7913105488673958,0.7065864281739194,4.398477666952535,"Shop Around the Corner, The (1940)",Comedy|Drama|Romance,33045,20334.0
62008,0.19838512556730284,0.41944283691372614,3.7515444015444013,Dead Fury (2008),Action|Animation|Comedy|Horror,1282036,37776.0
167018,0.4048364131938472,0.42226138863672263,4.237305577816918,Why Him? (2016),Comedy,4501244,356305.0
158402,0.41521668032551473,0.25688641233506565,4.894914918876138,The Crew (2016),Action,5653294,380111.0
171631,0.00659480020016903,0.002818551722996489,5.618354710305175,Maria Bamford: Old Baby,(no genres listed),6264596,455601.0
172705,-0.5837971359419796,0.45088654879668744,1.9837953091684435,Tickling Giants (2017),Documentary,5494396,390319.0
174909,-0.1591138440604956,0.17498994823504618,2.3692972350230415,Logan Lucky (2017),Comedy,5439796,399170.0
27839,0.6365493577134792,0.39460007819285986,4.891722040777763,"Ring Two, The (2005)",Drama|Horror|Mystery|Thriller,377109,10320.0
70334,-0.024890723529341442,0.09979443573159218,3.0291514749751407,Hannah Montana: The Movie (2009),Comedy|Drama|Musical|Romance,1114677,18126.0
91978,0.057080634576156156,0.2905418188158605,3.475034143676591,Man on a Ledge (2012),Crime|Thriller,1568338,49527.0
1497,0.06953996395353083,0.29480564246126767,3.5144555296115474,Double Team (1997),Action,119013,9405.0
6379,-0.077862857277103,0.29480564246126767,3.0144555296115474,Wrong Turn (2003),Horror|Thriller,295700,9902.0
34528,-0.004329583881187994,0.029660461004242435,3.132599864590386,Junebug (2005),Comedy|Drama,418773,1444.0
1220,0.21168923949539709,10.58276560987691,3.2985746344723346,"Blues Brothers, The (1980)",Action|Comedy|Musical,80455,525.0
1222,-4.958035297704093,15.205711531769769,2.9525074172066783,Full Metal Jacket (1987),Drama|War,93058,600.0
2987,-3.5157919180949553,13.665515172137267,3.0212966845307987,Who Framed Roger Rabbit? (1988),Adventure|Animation|Children|Comedy|Crime|Fantasy|Mystery,96438,856.0
1225,1.2050204475510782,10.784605025299362,3.3903066701240165,Amadeus (1984),Drama,86879,279.0
68237,-0.16545349745221344,3.8238230433065694,3.2353022982852266,Moon (2009),Drama|Mystery|Sci-Fi|Thriller,1182345,17431.0
1299,-0.8399822523323135,4.004639735577355,3.0688191642491516,"Killing Fields, The (1984)",Drama|War,87553,625.0
57640,-0.44200194544600097,1.2273113429218683,2.918433026856894,Hellboy II: The Golden Army (2008),Action|Adventure|Fantasy|Sci-Fi,411477,11253.0
64,3.4374075155287884,2.019460077112894,4.980713280488131,Two if by Sea (1996),Comedy|Romance,118002,19760.0
1603,2.510710757573068,2.585824031201704,4.249523329117527,Mimic (1997),Horror|Sci-Fi|Thriller,119675,4961.0
3056,-0.9461325859354509,0.6793985780517078,1.8859682991261937,Oxygen (1999),Crime|Drama|Thriller,160620,18561.0
96588,-0.2237878831458999,1.2256469977257194,3.095983878027793,Pitch Perfect (2012),Comedy|Musical,1981677,114150.0
3181,-0.6561401351237622,0.7488321287256923,2.4023535020778986,Titus (1999),Drama,120866,12524.0
227,2.3546218244949757,6.788770887574717,3.625412095827495,Drop Zone (1994),Action|Thriller,109676,4954.0
113374,-0.046745043097692736,0.21310240235712877,3.059216589861751,"Old Lady and the Pigeons, The (La vieille dame et les pigeons) (1997)",Animation|Comedy,127710,48347.0
179073,-0.046745043097692736,0.21310240235712877,3.059216589861751,Male Hunt (1964),Comedy,57936,4835.0
96861,0.3791794362494045,0.7242964026428773,3.8020856071119,Taken 2 (2012),Action|Crime|Drama|Thriller,1397280,82675.0
47970,0.07721098111107448,0.060975140206802794,4.544841269841269,"Last Kiss, The (2006)",Comedy|Drama,434139,7511.0
4476,0.19095821267010885,0.3875954799921168,3.771245421245421,Big Business (1988),Comedy,94739,12710.0
2131,-0.2883216583503403,0.3037764767339129,2.329447054458386,Autumn Sonata (Höstsonaten) (1978),Drama,77711,12761.0
109633,-0.22699935051214937,0.25688641233506565,2.394914918876138,"Garden of Words, The (Koto no ha no niwa) (2013)",Animation|Romance,2591814,198375.0
163112,-0.22699935051214937,0.25688641233506565,2.394914918876138,Winnie the Pooh Goes Visiting (1971),Animation,211730,36163.0
4247,0.6077188883141862,1.7385479151160967,3.628126872531455,Joe Dirt (2001),Adventure|Comedy|Mystery|Romance,245686,10956.0
87867,-0.0032701308303186814,0.002818551722996489,2.1183547103051747,Zookeeper (2011),Comedy,1222817,38317.0
4130,0.6279411575481176,0.3813407839361039,4.925238095238095,Maid to Order (1987),Comedy|Fantasy,93476,2608.0
42009,0.20847977936940842,0.18889399561928485,4.38225806872064,Cheaper by the Dozen 2 (2005),Adventure|Comedy,452598,9641.0
5610,0.08715947587688029,0.04815759295761459,5.088451668092386,"Banger Sisters, The (2002)",Comedy|Drama,280460,9034.0
27899,0.15520556969608335,0.09540026660984881,4.905459646094087,What the #$*! Do We Know!? (a.k.a. What the Bleep Do We Know!?) (2004),Comedy|Documentary|Drama,399877,8357.0
2984,-0.02648362419719869,0.02587128606547155,2.254902789518174,On Any Sunday (1971),Documentary,67527,29251.0
3806,-0.004329583881187994,0.029660461004242435,3.132599864590386,Mackenna's Gold (1969),Western,64615,18118.0
4465,0.00724573892243883,0.4498222738095481,3.2946794324305406,"Accused, The (1988)",Drama,94608,10868.0
1298,-2.23825532527925,3.32854007942093,2.606127873176824,Pink Floyd: The Wall (1982),Drama|Musical,84503,12104.0
1733,0.6057056654562372,0.8939572979378689,3.9561269078470556,Afterglow (1997),Drama|Romance,118566,26941.0
8870,0.4494671579530414,0.5417041156692062,4.108299586345867,"Forgotten, The (2004)",Drama|Mystery|Sci-Fi|Thriller,356618,10145.0
1252,-1.6575477177069577,9.670450419991463,3.107168066192324,Chinatown (1974),Crime|Film-Noir|Mystery|Thriller,71315,829.0
1375,5.597342982028412,7.947203773874264,3.982887454848392,Star Trek III: The Search for Spock (1984),Action|Adventure|Sci-Fi,88170,157.0
55118,-0.44293348815810835,1.963044310031077,3.0529354172523075,Eastern Promises (2007),Crime|Drama|Thriller,765443,2252.0
168252,-0.6861271765392508,2.6587810707540758,3.0205106261659664,Logan (2017),Action|Sci-Fi,3315342,263115.0
1973,0.8386146860376875,1.2808208741262437,3.9333192570761577,"Freddy's Dead: The Final Nightmare (Nightmare on Elm Street Part 6: Freddy's Dead, A) (1991)",Horror,101917,11284.0
1050,-0.07985009959803563,0.5497565359328689,3.1333251342958364,Looking for Richard (1996),Documentary|Drama,116913,42314.0
51935,-0.14941218449058472,1.6926804575154923,3.1903018536335273,Shooter (2007),Action|Drama|Thriller,822854,7485.0
87306,0.16434248572667842,1.718534098836042,3.3742008873281604,Super 8 (2011),Mystery|Sci-Fi|Thriller|IMAX,1650062,37686.0
3694,0.47998122753949324,0.18706088584355804,5.84448051948052,"Toxic Avenger, Part II, The (1989)",Comedy|Horror,98503,28165.0
7247,-1.5055894871757631,1.736071006348611,2.411331850426297,Chitty Chitty Bang Bang (1968),Adventure|Children|Comedy|Fantasy|Musical,62803,11708.0
7127,0.18768036854774786,0.3607227139218554,3.798861283643892,Run (1991),Action|Drama|Thriller,102818,48129.0
936,0.3439447088600254,0.8539283813046902,3.681350767436502,Ninotchka (1939),Comedy|Romance,31725,1859.0
53355,-0.6405005482601495,0.41944283691372614,1.7515444015444013,Sun Alley (Sonnenallee) (1999),Comedy|Romance,177242,2241.0
78620,-0.43077912980328636,0.41944283691372614,2.2515444015444013,"Scalphunters, The (1968)",Comedy|Western,63557,32068.0
130452,-0.2210577113464233,0.41944283691372614,2.7515444015444013,While We're Young (2014),Comedy|Drama,1791682,252512.0
139157,-0.43077912980328636,0.41944283691372614,2.2515444015444013,Massu Engira Maasilamani (2015),Comedy|Horror|Thriller,4328798,329134.0
6367,1.5912274300571028,1.7983355509898844,4.1634048675707405,Down with Love (2003),Comedy|Romance,309530,10720.0
6185,0.04447650727946501,0.08909955988769268,3.777749060150376,Dark Blue (2003),Action|Crime|Drama|Thriller,279331,4911.0
764,-0.014432243439343684,0.046890064398847256,2.9707824838478105,Heavy (1995),Drama|Romance,113280,22621.0
31038,-0.014432243439343684,0.046890064398847256,2.9707824838478105,Smooth Talk (1985),Drama|Romance,90037,33766.0
6568,0.0018358922931211523,0.007316370768142061,3.5295007966011687,Camp (2003),Comedy|Musical,342167,33339.0
504,-0.057139386497266645,0.2399071501563318,3.0403985085061755,No Escape (1994),Action|Drama|Sci-Fi,110678,10447.0
7319,0.038590148950722866,0.023167252582128112,4.944291125541126,Club Dread (2004),Comedy|Horror,331953,11217.0
71252,0.12480093006804682,0.09979443573159218,4.529151474975141,"Final Destination, The (Final Destination 4) (Final Destination in 3-D, The) (2009)",Horror|Thriller,1144884,19912.0
886,1.134875083547682,0.8162124530762143,4.668987709615002,Bulletproof (1996),Action|Comedy|Crime,115783,10723.0
1255,-0.3160447642203182,0.8162124530762143,2.8913624818943955,Bad Taste (1987),Comedy|Horror|Sci-Fi,92610,9964.0
54648,0.3643456064147985,0.29480564246126767,4.514455529611547,Rush Hour 3 (2007),Action|Comedy|Crime|Thriller,293564,5174.0
65126,-0.077862857277103,0.29480564246126767,3.0144555296115474,Choke (2008),Comedy|Drama,1024715,13973.0
2286,-0.03399004488543043,0.029660461004242435,2.132599864590386,"Fiendish Plot of Dr. Fu Manchu, The (1980)",Comedy,80731,3486.0
3440,1.4077357748984458,1.762686918851216,4.0772020644735205,Teenage Mutant Ninja Turtles III (1993),Action|Adventure|Children|Comedy|Fantasy,108308,1499.0
4006,0.06925102428295772,0.3793805172419472,3.461108541405806,Transformers: The Movie (1986),Adventure|Animation|Children|Sci-Fi,92106,1857.0
904,-4.941985178192194,13.764763112546447,2.919539810098632,Rear Window (1954),Mystery|Thriller,47396,567.0
2150,0.9605981340629652,5.838341985652258,3.443104122343674,"Gods Must Be Crazy, The (1980)",Adventure|Comedy,80801,8393.0
41,-0.8710373719690683,4.690582519688816,3.092872239118334,Richard III (1995),Drama|War,114279,31174.0
50872,0.5284887280127578,8.904370149127026,3.3379230412247467,Ratatouille (2007),Animation|Children|Drama,382932,2062.0
69757,2.372823727572358,4.773672351692517,3.7756360682782293,(500) Days of Summer (2009),Comedy|Drama|Romance,1022603,19913.0
104879,-0.6601721561169837,1.4744510166820095,2.8308304397913577,Prisoners (2013),Drama|Mystery|Thriller,1392214,146233.0
144210,-0.04010959584860812,0.14970272948699834,3.010643141718839,Just Eat It: A Food Waste Story (2014),Documentary,3597400,259985.0
931,-0.21394450106227858,1.4145468499785188,3.1273254651976967,Spellbound (1945),Mystery|Romance|Thriller,38109,4174.0
2041,-0.7486599364735106,1.0026028769837974,2.5318551028356016,Condorman (1981),Action|Adventure|Children|Comedy,82199,19379.0
6345,0.4120446242494417,0.29583611349683525,4.671385238146606,"Chorus Line, A (1985)",Comedy|Drama|Musical,88915,1816.0
4017,-0.5058702704743987,1.270745148659166,2.880481952480829,Pollock (2000),Drama,183659,12509.0
122916,-0.3788031219601934,2.8524195677280715,3.145770796348201,Thor: Ragnarok (2017),Action|Adventure|Sci-Fi,3501632,284053.0
39381,-0.010145942518036952,0.17949627918177435,3.222046900239773,"Proposition, The (2005)",Crime|Drama|Western,421238,16608.0
92535,-0.42920151420202346,0.7201681957630599,2.6825974370412142,Louis C.K.: Live at the Beacon Theater (2011),Comedy,2112999,80379.0
5291,-0.021923358962780443,1.4901665568503868,3.2638594093934397,Rashomon (Rashômon) (1950),Crime|Drama|Mystery,42876,548.0
1326,1.2698485103133141,0.3607227139218554,6.798861283643893,Amityville II: The Possession (1982),Horror,83550,16235.0
5265,-0.15283106635640326,1.1356704735049568,3.1439980026332432,Death to Smoochy (2002),Comedy|Crime|Drama,266452,9275.0
3675,-0.10723701595676138,1.035577547749091,3.175018569406174,White Christmas (1954),Comedy|Musical|Romance,47673,13368.0
8985,-0.2732889128205126,1.2820365021097677,3.0654036190973786,Blade: Trinity (2004),Action|Fantasy|Horror|Thriller,359013,36648.0
50601,0.08794498118898106,0.3095658092668223,3.562662819016874,Bridge to Terabithia (2007),Adventure|Children|Fantasy,398808,1265.0
1189,1.0636679937052769,1.443044496785538,4.015671355894984,"Thin Blue Line, The (1988)",Documentary,96257,14285.0
154,-0.1554636227468955,1.4682040442707016,3.172684495925007,Beauty of the Day (Belle de jour) (1967),Drama,61395,649.0
70697,-0.011336292889560236,0.41944283691372614,3.2515444015444013,G-Force (2009),Action|Adventure|Children|Fantasy,436339,19585.0
83969,-0.6405005482601495,0.41944283691372614,1.7515444015444013,Down Argentine Way (1940),Comedy|Drama|Romance,32410,43810.0
1321,0.8695405374188293,4.257192195884706,3.482823550018843,"American Werewolf in London, An (1981)",Comedy|Horror|Thriller,82010,814.0
40870,0.11126214783657196,0.4934234382317537,3.50406162464986,C.R.A.Z.Y. (2005),Drama,401085,11421.0
425,-0.014432243439343684,0.046890064398847256,2.9707824838478105,Blue Sky (1994),Drama|Romance,109306,57834.0
3341,-0.18070154287154777,0.8740020749482053,3.071819582035759,Born Yesterday (1950),Comedy,42276,24481.0
1979,-0.17547218020481303,0.6014222960745359,2.9868094148414515,Friday the 13th Part VI: Jason Lives (1986),Horror,91080,10225.0
7366,0.2371841321672094,0.4022310670457962,3.8682427682549063,Jersey Girl (2004),Comedy|Drama|Romance,300051,9541.0
6588,-0.23466515959639253,0.48014211712183363,2.789830384559146,And Now... Ladies and Gentlemen... (2002),Romance|Thriller,283883,50350.0
7072,0.012105169781310125,0.09540026660984881,3.405459646094087,Stagecoach (1939),Action|Drama|Romance|Western,31971,995.0
71254,-0.04567294623028829,0.6851418970087204,3.2119094036249276,Gamer (2009),Action|Sci-Fi|Thriller,1034032,18501.0
86817,-0.14047980840153407,0.17806783859010258,2.489659688451378,Something Borrowed (2011),Comedy|Drama|Romance,491152,49022.0
4110,-0.004329583881187994,0.029660461004242435,3.132599864590386,"Fourth Protocol, The (1987)",Thriller,93044,4918.0
5428,-0.06365050588967286,0.029660461004242435,1.1325998645903859,Cheech & Chong's The Corsican Brothers (1984),Comedy,87042,14774.0
42418,0.02533087712305444,0.029660461004242435,4.132599864590386,"New World, The (2005)",Adventure|Drama|Romance,402399,11400.0
4902,0.1882534100569832,0.5672189051470452,3.610459890589775,"Devil's Backbone, The (Espinazo del diablo, El) (2001)",Drama|Fantasy|Horror|Thriller|War,256009,1433.0
347,-1.1386571699995103,2.8474441358801426,2.8786839801570796,Bitter Moon (1992),Drama|Film-Noir|Romance,104779,10497.0
455,-0.8418813193081309,6.733617549763154,3.1535448268842354,Free Willy (1993),Adventure|Children|Drama,106965,1634.0
2410,1.2859470295257693,1.7192583831727657,4.026537552867794,Rocky III (1982),Action|Drama,84602,1371.0
1688,0.24901511162012532,2.718292684714045,3.3701786028173912,Anastasia (1997),Adventure|Animation|Children|Drama|Musical,118617,9444.0
1035,1.0523024798883807,6.554077504777029,3.4391283458677826,"Sound of Music, The (1965)",Musical|Romance,59742,15121.0
119141,-0.14970336610536117,1.8279370725774156,3.196673988910512,The Interview (2014),Action|Comedy,2788710,228967.0
3256,1.4929064378962993,4.277599863171915,3.6275770592171344,Patriot Games (1992),Action|Crime|Drama|Thriller,105112,9869.0
63062,-0.047274810963855426,0.48283297589456575,3.1806601148790126,Changeling (2008),Crime|Drama|Mystery,824747,3580.0
3285,0.7991098386775048,3.6605240958876033,3.4968761897872502,"Beach, The (2000)",Adventure|Drama,163978,1907.0
484,0.43409228984939713,0.9703239420162989,3.7259398496240603,Lassie (1994),Adventure|Children,110305,29918.0
26680,-0.46923779163433554,0.62527020001026,2.528115399119464,Cry-Baby (1990),Comedy|Musical|Romance,99329,9768.0
52245,0.14548942788960376,0.49391086095801034,3.5731375930153653,Blades of Glory (2007),Comedy|Romance,445934,9955.0
77800,-0.2534484008877129,0.30780882393861664,2.455175927283734,Four Lions (2010),Comedy|Drama,1341167,37495.0
40962,-0.4673087696764459,0.8632271855737589,2.7372205797032465,"Yours, Mine and Ours (2005)",Comedy|Romance,443295,13499.0
66943,-0.6405005482601495,0.41944283691372614,1.7515444015444013,"Cottage, The (2008)",Comedy|Crime|Horror|Thriller,465430,13849.0
93022,-0.6405005482601495,0.41944283691372614,1.7515444015444013,Miss Nobody (2010),Comedy|Crime,1129427,51875.0
176805,-0.2210577113464233,0.41944283691372614,2.7515444015444013,Little Boxes (2017),Comedy|Drama,5030402,390407.0
1529,0.04125596188813914,1.0537431238996713,3.3177232493068844,Nowhere (1997),Comedy|Drama,119809,1811.0
59022,0.11995561913378,1.2024228967483386,3.3783330178244033,Harold & Kumar Escape from Guantanamo Bay (2008),Adventure|Comedy,481536,13335.0
80572,-0.005902271810869208,0.06357589921993419,3.1857332322849565,I'm Still Here (2010),Comedy|Drama,1356864,43939.0
138835,-0.22699935051214937,0.25688641233506565,2.394914918876138,Return to Treasure Island (1988),Adventure|Animation|Comedy,122227,49418.0
112515,0.015129825868241168,0.327252529890849,3.324804305283757,"Babadook, The (2014)",Drama|Horror|Thriller,2321549,242224.0
160718,-0.5775400630348584,0.743029111477981,2.501293588291313,Piper (2016),Animation,5613056,399106.0
2847,0.002865841499526428,0.007630988852936347,3.6541245259165613,Only Angels Have Wings (1939),Adventure|Drama|Romance,31762,43832.0
2810,-0.06687734729421922,0.05460239114528025,2.053765227021041,Perfect Blue (1997),Animation|Horror|Mystery|Thriller,156887,10494.0
33896,-0.012274956148938969,0.05460239114528025,3.053765227021041,3 Extremes (Three... Extremes) (Saam gaang yi) (2004),Horror,420251,33908.0
5572,0.7972734678968685,0.4459478382820451,5.066389194362735,Barbershop (2002),Comedy,303714,10611.0
2365,-0.03399004488543043,0.029660461004242435,2.132599864590386,King Kong vs. Godzilla (Kingukongu tai Gojira) (1962),Action|Sci-Fi,56142,1680.0
1136,-9.885967487638998,21.193166021620485,2.81210183749883,Monty Python and the Holy Grail (1975),Adventure|Comedy|Fantasy,71853,762.0
4308,-0.24195340905369064,6.130029046162009,3.239101238914631,Moulin Rouge (2001),Drama|Musical|Romance,203009,824.0
15,2.325470883908347,2.6132424791176816,4.168450918320693,Cutthroat Island (1995),Action|Adventure|Romance,112760,1408.0
43,1.1538133623232192,1.231017143722214,4.215855988910244,Restoration (1995),Drama,114272,35196.0
2420,0.5506145478587612,3.8724030094310753,3.420760799491181,"Karate Kid, The (1984)",Drama,87538,1885.0
3686,0.9148869819310047,3.3392649781417627,3.552549980114865,Flatliners (1990),Horror|Sci-Fi|Thriller,99582,1551.0
5171,0.9019178869074798,3.3070941155501137,3.5512935995754584,"Time Machine, The (2002)",Action|Adventure|Sci-Fi,268695,2135.0
3638,2.3110659252832955,2.7773253788685888,4.110690683617002,Moonraker (1979),Action|Adventure|Sci-Fi|Thriller,79574,698.0
4235,-1.6452077323397054,3.9844869620140617,2.865668149423015,Amores Perros (Love's a Bitch) (2000),Drama|Thriller,245712,55.0
1253,-0.16018118526044073,3.352150809237367,3.2307868286605186,"Day the Earth Stood Still, The (1951)",Drama|Sci-Fi|Thriller,43456,828.0
60389,-0.11612992301319583,0.11852113897497156,2.2987468671679196,Battle for Haditha (2007),War,870211,14111.0
4629,0.7131178647840732,0.40872471683041983,5.023310210982638,Next of Kin (1989),Action|Crime|Thriller,97967,27418.0
1151,0.1902099586634945,1.8623015494301183,3.3807084636405884,Lesson Faust (1994),Animation|Comedy|Drama|Fantasy,109781,18919.0
4015,3.4823071578727536,3.988096726566427,4.151746628830642,"Dude, Where's My Car? (2000)",Comedy|Sci-Fi,242423,8859.0
41571,-0.12990553882127678,0.730324354887481,3.100697668848201,Memoirs of a Geisha (2005),Drama|Romance,397535,1904.0
68659,0.8669029174727885,0.7709597959363894,4.403017764219669,Fanboys (2009),Adventure|Comedy|Drama,489049,13532.0
80860,0.4853175251352404,0.4804179771205289,4.28876993955155,Life as We Know It (2010),Comedy|Romance,1055292,38408.0
69469,-0.6405005482601495,0.41944283691372614,1.7515444015444013,Garfield's Pet Force (2009),Animation,1389762,19508.0
158398,-0.6405005482601495,0.41944283691372614,1.7515444015444013,World of Glory (1991),Comedy,102083,44238.0
181065,-0.22150929045374548,0.42226138863672263,2.753992822962018,Jack Whitehall: At Large (2017),Comedy,7539884,479269.0
5420,0.2652871166687288,0.7495805043418663,3.6324855380394325,Windtalkers (2002),Action|Drama|War,245562,12100.0
4534,0.04447650727946501,0.08909955988769268,3.777749060150376,Return to Snowy River (a.k.a. The Man From Snowy River II) (1988),Adventure|Drama|Western,95993,13965.0
45081,0.14261650591238256,0.5929784501300646,3.519080178731069,Silent Hill (2006),Fantasy|Horror|Thriller,384537,588.0
1827,0.47327305993741897,0.5347445082671138,4.163616627952908,"Big One, The (1997)",Comedy|Documentary,124295,1774.0
2346,-0.0469698377498702,1.0025938099439131,3.2317231064652927,"Stepford Wives, The (1975)",Mystery|Sci-Fi|Thriller,73747,12223.0
3434,0.42267491381539696,0.2399071501563318,5.0403985085061755,Death Wish 5: The Face of Death (1994),Action|Drama,109578,34746.0
91483,0.2243912391687388,0.1346886189488228,4.944571428571429,Bullet to the Head (2012),Action|Crime|Film-Noir,1308729,70074.0
5667,-0.077862857277103,0.29480564246126767,3.0144555296115474,Tuck Everlasting (2002),Drama|Fantasy,283084,13768.0
34323,-0.3621678531174375,0.3244661034655101,2.162375162615607,"Devil's Rejects, The (2005)",Action|Crime|Horror,395584,1696.0
3527,0.5825737717982875,7.568994596847279,3.3555398772001204,Predator (1987),Action|Sci-Fi|Thriller,93773,106.0
8798,-0.11237037031864712,3.7291610248706224,3.2484385462503855,Collateral (2004),Action|Crime|Drama|Thriller,369339,1538.0
262,1.2465497028794768,3.8136555149738913,3.6054362169575422,"Little Princess, A (1995)",Children|Drama,113670,19101.0
6333,1.4589059980805401,8.461754204163395,3.4509831960229955,X2: X-Men United (2003),Action|Adventure|Sci-Fi|Thriller,290334,36658.0
8865,-1.7372409952280308,2.315026399285679,2.5281519103473293,Sky Captain and the World of Tomorrow (2004),Action|Adventure|Sci-Fi,346156,5137.0
511,0.21874999959470637,0.9999999981472292,3.4973214285714285,"Program, The (1993)",Action|Drama,107889,18133.0
6787,-0.034091186541514426,3.0287182363783276,3.267315450338775,All the President's Men (1976),Drama|Thriller,74119,891.0
44555,-1.0945398382334313,5.628256175095354,3.084099143696285,"Lives of Others, The (Das leben der Anderen) (2006)",Drama|Romance|Thriller,405094,582.0
3040,-1.0432038390992593,1.0322633379880397,2.267972872264524,Meatballs (1979),Comedy,79540,14035.0
3835,1.1096432317049845,1.1797935145398246,4.219111631606701,"Crush, The (1993)",Thriller,106627,33408.0
2565,1.2289005098900831,1.9838543917241973,3.898022389799499,"King and I, The (1956)",Drama|Musical|Romance,49408,16520.0
4638,3.018517973190482,3.594391387562695,4.118356985490786,Jurassic Park III (2001),Action|Adventure|Sci-Fi|Thriller,163025,331.0
6166,-0.7142211941829336,0.8434107457813527,2.431746559721477,Dennis the Menace (1993),Comedy,106701,12139.0
61132,0.4305841930940883,1.833339444899377,3.5134347509594552,Tropic Thunder (2008),Action|Adventure|Comedy|War,942385,7446.0
60735,0.06165178544926152,0.11852113897497156,3.7987468671679196,Shotgun Stories (2007),Drama|Thriller,952682,12247.0
3824,0.8456346298381203,0.6293768099864647,4.622177701348314,Autumn in New York (2000),Drama|Romance,174480,10641.0
5220,2.753503783935938,1.8031530521032182,4.8056208272479415,Showtime (2002),Action|Comedy,284490,5851.0
37545,-0.046745043097692736,0.21310240235712877,3.059216589861751,Woyzeck (1979),Drama,80149,10319.0
136305,0.3794597616165648,0.21310240235712877,5.059216589861752,Sharknado 3: Oh Hell No! (2015),Horror|Sci-Fi,3899796,331446.0
6659,-0.5956614665997676,0.8997241065364152,2.6165224045735824,Tremors (1990),Comedy|Horror|Sci-Fi,100814,9362.0
2385,-0.417993487703738,0.3610364093396358,2.1208114994045024,Home Fries (1998),Comedy|Romance,119304,12257.0
74946,0.35190225902799993,0.9587806499285462,3.645602468522251,She's Out of My League (2010),Comedy,815236,34016.0
51575,0.6936893714374557,0.5220558243683148,4.60733616800675,Wild Hogs (2007),Adventure|Comedy,486946,11199.0
134847,-0.6405005482601495,0.41944283691372614,1.7515444015444013,Ghost Graduation (2012),Comedy,1924273,86541.0
159069,-0.43077912980328636,0.41944283691372614,2.2515444015444013,Comedy of the Strict Regime (1993),Comedy,106591,83501.0
172321,0.617827962481029,0.41944283691372614,4.751544401544401,Late Night with Conan O'Brien: The Best of Triumph the Insult Comic Dog (2004),Comedy,422618,263029.0
3310,-0.06609832338511297,0.3037764767339129,3.0609827459460437,"Kid, The (1921)",Comedy|Drama,12349,10098.0
55261,0.4964540652429109,0.4280489894876798,4.438378080228528,"Heartbreak Kid, The (2007)",Comedy|Drama|Romance,408839,9038.0
2798,2.16385950048515,1.2393811160899408,5.024490801065822,Problem Child (1990),Children|Comedy,100419,11077.0
2691,-0.4747362181573093,0.48014211712183363,2.289830384559146,"Legend of 1900, The (a.k.a. The Legend of the Pianist on the Ocean) (Leggenda del pianista sull'oceano) (1998)",Drama,120731,10376.0
6335,-0.4747362181573093,0.48014211712183363,2.289830384559146,"Dancer Upstairs, The (2002)",Crime|Drama|Thriller,118926,20689.0
2741,0.18276776365906516,0.2399071501563318,4.0403985085061755,No Mercy (1986),Action|Crime|Thriller,91637,26789.0
61348,0.8451925831486584,0.3137090713979886,5.972763787696424,Disaster Movie (2008),Comedy,1213644,13805.0
8939,0.025006494336454646,0.09979443573159218,3.5291514749751407,"Final Cut, The (2004)",Sci-Fi|Thriller,364343,11099.0
33148,0.07490371220225073,0.09979443573159218,4.029151474975141,King's Ransom (2005),Comedy|Crime,388183,27360.0
81786,0.00875204334086493,0.4434368626038204,3.2983082706766917,Certified Copy (Copie conforme) (2010),Drama,1020773,48303.0
44633,0.14893617013140067,0.9999999994536926,3.427507598784194,"Devil and Daniel Johnston, The (2005)",Documentary,436231,13222.0
43549,-0.077862857277103,0.29480564246126767,3.0144555296115474,Helter Skelter (2004),Action|Crime|Drama|Horror,383393,45759.0
1904,0.7223697556946177,0.3461534025504529,5.365420063807161,Henry Fool (1997),Comedy|Drama,122529,37410.0
48416,-0.01915981438330921,0.029660461004242435,2.632599864590386,School for Scoundrels (2006),Comedy|Crime,462519,9842.0
1793,0.055402983164272196,0.15121755404836654,3.644950738916256,Welcome to Woop-Woop (1997),Comedy,120491,6970.0
1947,-0.2673890386256955,5.006466714719632,3.2251626966528604,West Side Story (1961),Drama|Musical|Romance,55614,1725.0
4741,-0.08154520807278469,1.2159442475988653,3.21150814977899,Together (Tillsammans) (2000),Comedy|Drama|Romance,203166,742.0
112,-2.02603290181179,5.480132973651548,2.9088663663853565,Rumble in the Bronx (Hont faan kui) (1995),Action|Adventure|Comedy|Crime,113326,33542.0
105504,0.4560200603917194,1.2251420817421619,3.6507895306084226,Captain Phillips (2013),Adventure|Drama|Thriller|IMAX,1535109,109424.0
5446,0.04686772324124075,0.20762069886266424,3.5043086671896386,Rabbit-Proof Fence (2002),Adventure|Drama,252444,9555.0
50068,0.2399949094814228,1.9853600073548163,3.399453741397493,Letters from Iwo Jima (2006),Drama|War,498380,1251.0
125916,0.2607352661202915,0.09469381213071676,6.032027649769585,Fifty Shades of Grey (2015),Drama|Romance,2322441,216015.0
6663,-0.03463987331638261,0.3085026689669776,3.1662875594160194,"Pink Panther Strikes Again, The (1976)",Comedy|Crime,75066,12268.0
2524,-0.28356891784141075,0.4416978259832501,2.636573888261678,"Towering Inferno, The (1974)",Action|Adventure|Drama|Thriller,72308,5919.0
86290,-0.1818295309447404,0.13281887570357048,1.9095677385345282,American: The Bill Hicks Story (2009),Comedy|Documentary,1179947,46105.0
4448,0.3524941029882463,3.683339633827603,3.374271021340707,"Score, The (2001)",Action|Drama,227445,11371.0
8024,0.007319011586820159,0.3607227139218554,3.298861283643892,"Thing Called Love, The (1993)",Comedy|Drama|Romance,108327,27804.0
7541,0.01350162374789382,0.18703260197398924,3.3507600395696944,100 Girls (2000),Comedy|Romance,214388,10035.0
5874,0.32857022274189684,0.3866253273152056,4.128412862973946,Friday After Next (2002),Comedy,293815,10426.0
1194,1.881961181617945,1.6803629635316328,4.398544447771168,Cheech and Chong's Up in Smoke (1978),Comedy,78446,11455.0
130518,-0.43077912980328636,0.41944283691372614,2.2515444015444013,The Amazing Screw-On Head (2006),Action|Adventure|Animation|Comedy|Sci-Fi,468445,213110.0
143559,-0.6405005482601495,0.41944283691372614,1.7515444015444013,L.A. Slasher (2015),Comedy|Crime|Fantasy,2735292,323792.0
136562,-0.7791951609501696,0.7396190256129132,2.2250626166469916,Steve Jobs (2015),Drama,2080374,321697.0
96737,-0.22201645054625144,0.7171007468542577,2.968968556840807,Dredd (2012),Action|Sci-Fi,1343727,49049.0
75985,-0.31091768543910847,1.0384874464647122,2.979176682397505,Repo Men (2010),Action|Sci-Fi|Thriller,1053424,31867.0
4037,-0.34571377106569284,1.3031598108223872,3.0132825758960817,House of Games (1987),Crime|Film-Noir|Mystery|Thriller,93223,26719.0
6279,-0.044623052608227666,0.08909955988769268,2.777749060150376,"Good Thief, The (2002)",Crime|Drama,281820,6016.0
269,0.7411764703298344,0.9999999996513638,4.019747899159664,My Crazy Life (Mi vida loca) (1993),Drama,107566,32325.0
81512,-0.07478794139513753,0.09979443573159218,2.5291514749751407,Hereafter (2010),Drama|Fantasy,1212419,44603.0
7368,-0.077862857277103,0.29480564246126767,3.0144555296115474,Never Die Alone (2004),Crime|Drama|Thriller,354766,20304.0
38992,-0.077862857277103,0.29480564246126767,3.0144555296115474,Two for the Money (2005),Drama,417217,9910.0
3015,-0.004329583881187994,0.029660461004242435,3.132599864590386,Coma (1978),Thriller,77355,11223.0
3086,0.2969832433252686,0.17485746075652778,4.9770019218449715,Babes in Toyland (1934),Children|Comedy|Fantasy|Musical,24852,25898.0
1732,-3.7400078335652758,13.32047338156958,2.99780003806364,"Big Lebowski, The (1998)",Comedy|Crime,118715,115.0
60756,-0.06789046076183321,1.7485301558026045,3.2397442682067448,Step Brothers (2008),Comedy,838283,12133.0
327,-1.858903367860604,5.48141963332175,2.939443339096165,Tank Girl (1995),Action|Comedy|Sci-Fi,114614,9067.0
849,2.7971904815542783,5.573953420339732,3.7804038391809502,Escape from L.A. (1996),Action|Adventure|Sci-Fi|Thriller,116225,10061.0
2278,-0.08599473680697477,7.4424958957681655,3.2670168724102524,Ronin (1998),Action|Crime|Thriller,122690,8195.0
1263,-0.6581059785576705,4.876209328435309,3.143608810227715,"Deer Hunter, The (1978)",Drama|War,77416,11778.0
4816,-0.3736052073413647,3.836599656030751,3.1811921758901915,Zoolander (2001),Comedy,196229,9398.0
51357,-0.04010959584860812,0.14970272948699834,3.010643141718839,Citizen X (1995),Crime|Drama|Thriller,112681,12554.0
1894,0.7084894032271362,1.930570076236276,3.645555985075259,Six Days Seven Nights (1998),Adventure|Comedy|Romance,120828,6068.0
3999,0.09149060568128442,1.535773754003744,3.3381443998132987,Vertical Limit (2000),Action|Adventure,190865,11678.0
2841,0.8598778494323468,4.375104580462913,3.4751102389285893,Stir of Echoes (1999),Horror|Mystery|Thriller,164181,11601.0
5329,0.6410624956778701,0.9754719555417753,3.9357533106705658,"Salton Sea, The (2002)",Crime|Drama|Thriller,235737,11468.0
8495,0.06165178544926152,0.11852113897497156,3.7987468671679196,Animal Factory (2000),Crime|Drama,204137,9791.0
61248,0.10013013223580043,0.7038686002520997,3.420828281910159,Death Race (2008),Action|Adventure|Sci-Fi|Thriller,452608,10483.0
2794,-0.73727735723221,1.8014353792865951,2.869299263880077,European Vacation (aka National Lampoon's European Vacation) (1985),Adventure|Comedy|Romance,89670,11418.0
3766,0.6292158678205304,1.1999040683843478,3.8029599062834505,Missing in Action (1984),Action|War,87727,15379.0
2106,-1.062627163186074,1.215809430792871,2.404563433343839,Swing Kids (1993),Drama|War,108265,10419.0
175693,0.05980615808087165,0.21310240235712877,3.559216589861751,Rick and Morty: State of Georgia Vs. Denver Fenton Allen (2016),Comedy|Crime,5950978,412103.0
2257,0.007319011586820159,0.3607227139218554,3.298861283643892,No Small Affair (1984),Comedy|Romance,87810,44772.0
62956,-0.18232085972022172,0.5209797711592369,2.9286137722222425,Futurama: Bender's Game (2008),Action|Adventure|Animation|Comedy|Fantasy|Sci-Fi,1054486,13253.0
69654,-0.0630382455240815,0.08289281104347726,2.518092386655261,Prison Break: The Final Break (2009),Action|Drama|Thriller,1131748,176241.0
5094,0.24142994457977585,0.3838067755922091,3.9076117684853147,Rollerball (2002),Action|Sci-Fi,246894,11535.0
8372,-0.42023476634169843,0.5488977336495607,2.512973867168499,Garfield: The Movie (2004),Animation|Children|Comedy,356634,8920.0
8016,-0.023130138885585544,0.2216638309868618,3.174223602484472,"Getaway, The (1972)",Action|Crime|Drama|Thriller,68638,5916.0
5619,0.035850062923614846,0.5736010067778375,3.3410714285714285,"Trials of Henry Kissinger, The (2002)",Documentary,326306,54714.0
5316,0.043573821188761505,1.0486941412068416,3.3201219812794056,Enigma (2001),Romance|Thriller,157583,10491.0
79428,0.08304482566678685,0.3931548062704492,3.489798213395879,Dinner for Schmucks (2010),Comedy,427152,38778.0
182749,0.0023669726156742964,0.002818551722996489,4.118354710305175,Judd Apatow: The Return (2017),Comedy,7738550,487156.0
3404,0.2130463118039312,1.2399071483081472,3.4503958366286227,Titanic (1953),Action|Drama,46435,16535.0
5941,0.9322337438329187,1.1086597342365145,4.119436948482194,Drumline (2002),Comedy|Drama|Musical|Romance,303933,13497.0
122906,-0.17940159564668573,1.1153265132196755,3.117720239686124,Black Panther (2017),Action|Adventure|Sci-Fi,1825683,284054.0
43932,0.6365493577134792,0.39460007819285986,4.891722040777763,Pulse (2006),Action|Drama|Fantasy|Horror|Mystery|Sci-Fi|Thriller,454919,9682.0
4956,0.22057460824524647,0.29506373824282167,4.026120448179271,"Stunt Man, The (1980)",Action|Adventure|Comedy|Drama|Romance|Thriller,81568,42160.0
69251,-0.077862857277103,0.29480564246126767,3.0144555296115474,Special (2006),Drama|Fantasy,479162,13856.0
5876,-0.05949658685590536,0.06774143222545029,2.400281954887218,"Quiet American, The (2002)",Drama|Thriller|War,258068,8198.0
2494,-0.04270534916497246,0.30006126913283304,3.1362493311931514,"Last Days, The (1998)",Documentary,174852,20595.0
1240,-5.5460800088879285,20.161765839410315,3.003492348045308,"Terminator, The (1984)",Action|Sci-Fi|Thriller,88247,218.0
2019,-4.54501556019885,7.241921238605999,2.650973390640582,Seven Samurai (Shichinin no samurai) (1954),Action|Adventure|Drama,47478,346.0
4967,-0.22734915890849913,1.586713801809055,3.135288400057217,No Man's Land (2001),Drama|War,283509,8342.0
165,0.7661183111193635,30.99440569116836,3.3032893831195187,Die Hard: With a Vengeance (1995),Action|Crime|Thriller,112864,1572.0
775,-0.3813377488760884,0.7725164719167213,2.784940855323021,Spirits of the Dead (1968),Horror|Mystery,63715,41225.0
45668,0.2682552066441474,0.4903182926036791,3.825675647791282,"Lake House, The (2006)",Drama|Fantasy|Romance,410297,2044.0
56174,1.1991085801693453,5.93803694964661,3.480508295980229,I Am Legend (2007),Action|Horror|Sci-Fi|Thriller|IMAX,480249,6479.0
140289,-0.04010959584860812,0.14970272948699834,3.010643141718839,Men & Chicken (2015),Comedy|Drama,3877674,296313.0
1330,0.4126645701679647,0.6793985780517078,3.8859682991261937,April Fool's Day (1986),Horror,90655,24913.0
2428,3.929120572539334,4.594873731371581,4.133681014219712,"Faculty, The (1998)",Horror|Sci-Fi,133751,9276.0
3401,1.1161092822210597,1.242510027140129,4.176841267721134,Baby... Secret of the Lost Legend (1985),Adventure|Sci-Fi,88760,19736.0
166492,0.675106991304854,0.7160438975019723,4.221400483689512,Office Christmas Party (2016),Comedy,1711525,384682.0
33495,0.2833363233925596,0.6094800499881284,3.743453459407513,Kicking & Screaming (2005),Comedy,384642,9981.0
32898,-0.25185238862087367,0.46998881469219445,2.7427025296789793,"Trip to the Moon, A (Voyage dans la lune, Le) (1902)",Action|Adventure|Fantasy|Sci-Fi,417,775.0
3074,-0.40235633882445093,0.4794827348137905,2.4394247615267686,Jeremiah Johnson (1972),Western,68762,11943.0
3262,0.36009492587407155,0.8670214955314829,3.693895532679521,Twin Peaks: Fire Walk with Me (1992),Crime|Drama|Mystery|Thriller,105665,1923.0
8605,-0.24251929193640084,0.45951023735318064,2.750793650793651,Taxi 3 (2003),Action|Comedy,295721,2334.0
1703,0.32344206082180355,0.5956879328244022,3.8215437518283917,For Richer or Poorer (1997),Comedy,119142,10371.0
1091,1.3240102194872232,3.262689848318094,3.6843747016498507,Weekend at Bernie's (1989),Comedy,98627,8491.0
1132,-0.1379211706599665,0.6283034838597599,3.059057811023589,Manon of the Spring (Manon des sources) (1986),Drama,91480,4481.0
26184,0.30955039967954934,0.6763292492487918,3.7362632998358625,"Diamond Arm, The (Brilliantovaya ruka) (1968)",Action|Adventure|Comedy|Crime|Thriller,62759,20873.0
79684,-0.2210577113464233,0.41944283691372614,2.7515444015444013,Paper Man (2009),Comedy|Drama,437405,39414.0
177185,-0.43077912980328636,0.41944283691372614,2.2515444015444013,Maz Jobrani: Immigrant (2017),Comedy,7164714,468366.0
86066,0.029887061822916283,0.25688641233506565,3.394914918876138,Playing the Victim (Izobrazhaya zhertvu) (2006),Comedy,820096,64484.0
32298,0.5391218945975613,0.3974186299158563,4.635130618339929,Guess Who (2005),Comedy|Romance,372237,11638.0
2764,-0.5751364903077653,0.5173304082226439,2.166832236043153,"Thomas Crown Affair, The (1968)",Crime|Drama|Romance|Thriller,63688,912.0
5088,-0.5167054553319537,0.45313998518758414,2.1382936507936505,"Going Places (Valseuses, Les) (1974)",Comedy|Crime|Drama,72353,4031.0
8973,-0.5327913791987503,1.287468826288252,2.8647428617588417,Bad Education (La mala educación) (2004),Drama|Thriller,275491,140.0
4921,-0.044623052608227666,0.08909955988769268,2.777749060150376,Little Women (1933),Drama|Romance,24264,39938.0
32666,0.06406587703195173,0.02587128606547155,5.754902789518174,National Lampoon's Lady Killers (National Lampoon's Gold Diggers) (2003),Comedy,376717,44181.0
96417,-0.0881902748317741,0.2905418188158605,2.975034143676591,Premium Rush (2012),Action|Thriller,1547234,49526.0
5462,-0.004329583881187994,0.029660461004242435,3.132599864590386,"Crocodile Hunter: Collision Course, The (2002)",Adventure|Comedy,305396,17043.0
358,1.4567154274350753,2.135009357675531,3.9608707459950576,Higher Learning (1995),Drama,113305,16295.0
366,1.2740513165338077,3.5684725816455183,3.6356013026657137,"Wes Craven's New Nightmare (Nightmare on Elm Street Part 7: Freddy's Finale, A) (1994)",Drama|Horror|Mystery|Thriller,111686,11596.0
4007,-0.16005644836994837,2.5692687512419794,3.216274929502354,Wall Street (1987),Drama,94291,10673.0
1831,5.553120134871465,4.738084083089294,4.450589492727596,Lost in Space (1998),Action|Adventure|Sci-Fi,120738,2157.0
1971,0.7606384040605156,1.2808208741262437,3.872439329560637,"Nightmare on Elm Street 4: The Dream Master, A (1988)",Horror|Thriller,95742,10131.0
2036,0.6296073553521294,0.9742042205129755,3.9248500445895402,Blank Check (1994),Children|Comedy,109287,13962.0
4238,0.4836849177135778,2.441495233132679,3.4766815502500044,Along Came a Spider (2001),Action|Crime|Mystery|Thriller,164334,2043.0
2732,-0.06381383332515189,0.5600537358888091,3.16462908833531,Jules and Jim (Jules et Jim) (1961),Drama|Romance,55032,1628.0
54995,-1.4431783654870736,2.1548848081809955,2.608847292966563,Planet Terror (2007),Action|Horror|Sci-Fi,1077258,1992.0
66198,0.010754765137324943,0.16076957593839497,3.345466953266014,"International, The (2009)",Drama|Thriller,963178,4959.0
74647,0.43828118113786696,0.16161378057761555,5.9904761904761905,Motherhood (2009),Comedy,1220220,22805.0
1286,-0.04031854433872648,0.597262085955904,3.211065813721965,Somewhere in Time (1980),Drama|Romance,81534,16633.0
26974,-0.7674112071185483,1.245216393650094,2.6622840017178184,Gummo (1997),Drama,119237,18415.0
5048,-0.5784103112300051,0.5458338466585976,2.218889412201742,Snow Dogs (2002),Adventure|Children|Comedy,281373,11888.0
85881,-0.44901150060474865,0.9091122241529945,2.784670358191382,Win Win (2011),Comedy|Drama,1606392,55725.0
65088,0.28607991334129546,0.6315881662469112,3.731524679803587,Bedtime Stories (2008),Adventure|Children|Comedy,960731,10202.0
116799,0.17285381900279645,0.3908284291107832,3.720846877663183,Inherent Vice (2014),Comedy|Crime|Drama|Mystery|Romance,1791528,171274.0
40581,-0.4336869014977149,0.4466029003830292,2.307491972692922,Just Friends (2005),Comedy|Romance,433400,10033.0
155509,-0.0668356009746882,0.45595853691058064,3.131988799748327,Mr. Right (2016),Action|Comedy|Romance,2091935,333385.0
142509,-0.2901354627381616,0.45313998518758414,2.6382936507936505,Hardcore Henry (2015),Action|Adventure|Sci-Fi,3072482,325348.0
2734,-0.04663694598338292,0.37661179453592275,3.154738487967826,"Mosquito Coast, The (1986)",Adventure|Drama|Thriller,91557,11120.0
31445,0.07490371220225073,0.09979443573159218,4.029151474975141,Employee of the Month (2004),Comedy|Drama,362590,11413.0
45662,0.5677970750021977,0.3903362545474527,4.733207190398085,"Omen, The (2006)",Horror|Thriller,466909,806.0
51698,0.07490371220225073,0.09979443573159218,4.029151474975141,"Last Mimzy, The (2007)",Adventure|Children|Sci-Fi,768212,2267.0
69606,0.34762245339201664,0.2905418188158605,4.4750341436765915,Ghosts of Girlfriends Past (2009),Comedy|Fantasy|Romance,821640,12556.0
590,0.6120741660533384,36.00146861779743,3.295572795169867,Dances with Wolves (1990),Adventure|Drama|Western,99348,581.0
1073,-1.3058062370124504,15.503637992141844,3.1943456334597062,Willy Wonka & the Chocolate Factory (1971),Children|Comedy|Fantasy|Musical,67992,252.0
179,-1.926370692709531,0.7725164719167213,0.784940855323021,Mad Love (1995),Drama|Romance,113729,47608.0
189,-0.3813377488760884,0.7725164719167213,2.784940855323021,Reckless (1995),Comedy|Fantasy,114241,58372.0
207,1.915201628841917,4.588046351538144,3.6960043579924324,"Walk in the Clouds, A (1995)",Drama|Romance,114887,9560.0
489,0.37223254138530465,2.808647865846707,3.4111022972188194,Made in America (1993),Comedy,107478,12121.0
1527,-2.164348185456479,15.42559615800609,3.1382625443450545,"Fifth Element, The (1997)",Action|Adventure|Comedy|Sci-Fi,119116,18.0
7254,-1.4668727151633125,3.9745771810665445,2.909507588988449,The Butterfly Effect (2004),Drama|Sci-Fi|Thriller,289879,1954.0
85414,1.103444094071538,3.2856721483041986,3.614406546704273,Source Code (2011),Action|Drama|Mystery|Sci-Fi|Thriller,945513,45612.0
76175,0.7320185117277167,0.9265769839950935,4.0685959212708855,Clash of the Titans (2010),Action|Adventure|Drama|Fantasy,800320,18823.0
2354,1.7152844208698266,1.8247117420979728,4.218601780377938,"Rugrats Movie, The (1998)",Animation|Children|Comedy,134067,14444.0
2413,-0.6124985182615947,1.756619232181679,2.9298911300522748,Clue (1985),Comedy|Crime|Mystery|Thriller,88930,15196.0
2876,-0.9567246232264661,0.6179800197874302,1.7304232804232802,Thumbelina (1994),Animation|Children|Fantasy,111419,28032.0
59387,0.437084199763581,1.2925294619049756,3.6167333139642697,"Fall, The (2006)",Adventure|Drama|Fantasy,460791,14784.0
96821,-0.7365733162079325,1.9178739355505243,2.8945142168045352,"Perks of Being a Wallflower, The (2012)",Drama|Romance,1659337,84892.0
2942,0.5815842541645624,0.7868576109931691,4.017694042420825,Flashdance (1983),Drama|Romance,85549,535.0
7022,-1.5514418237532728,3.540053601034255,2.8403176622160244,Battle Royale (Batoru rowaiaru) (2000),Action|Drama|Horror|Thriller,266308,3176.0
1635,-0.12337861145507062,2.6595552301914935,3.232180735099653,"Ice Storm, The (1997)",Drama,119349,68924.0
6550,-0.4600721995477304,1.0307563938640678,2.8322271688739202,Johnny English (2003),Action|Comedy|Thriller,274166,9486.0
7142,0.08548975006364022,0.18879556886253362,3.7313879357527346,Honey (2003),Drama|Romance,322589,10028.0
32060,0.19838512556730284,0.41944283691372614,3.7515444015444013,"Cat and the Canary, The (1927)",Horror|Mystery,17739,76804.0
139994,-0.2210577113464233,0.41944283691372614,2.7515444015444013,Fracchia contro Dracula (1985),Comedy|Horror,128221,30459.0
2817,0.30936560759470716,0.2216638309868618,4.6742236024844726,Aces: Iron Eagle III (1992),Action,103617,2038.0
147196,-0.22699935051214937,0.25688641233506565,2.394914918876138,The Girls (1961),Comedy|Romance,134614,20975.0
4864,0.6161445076370067,0.45313998518758414,4.638293650793651,Titanica (1992),Documentary|IMAX,105601,45929.0
1950,-0.38993397696830834,1.539621986731767,3.0253053799382568,In the Heat of the Night (1967),Drama|Mystery,61811,10633.0
89939,0.002865841499526428,0.007630988852936347,3.6541245259165613,Gigi (1949),Comedy,41414,123723.0
98154,-0.008580641779878093,0.007630988852936347,2.1541245259165613,Lincoln (2012),Drama|War,443272,72976.0
1649,0.3816222521086891,0.8262955196722865,3.740418604337361,"Fast, Cheap & Out of Control (1997)",Documentary,119107,25099.0
6523,0.012323304901008634,0.02587128606547155,3.754902789518174,Mr. Baseball (1992),Comedy|Romance,104926,18722.0
109673,0.057080634576156156,0.2905418188158605,3.475034143676591,300: Rise of an Empire (2014),Action|Drama|War|IMAX,1253863,53182.0
2149,-0.4489359484022387,0.3232042989320895,1.8895554102647925,House II: The Second Story (1987),Comedy|Fantasy|Horror,93220,37530.0
1396,1.8156063242526463,7.171834059401027,3.5317293110900154,Sneakers (1992),Action|Comedy|Crime|Drama|Sci-Fi,105435,2322.0
2336,0.3333827478648786,5.002366651383719,3.3452164330459926,Elizabeth (1998),Drama,127536,4518.0
383,-0.23033463095863013,5.663376652732838,3.2379005276085757,Wyatt Earp (1994),Western,111756,12160.0
3717,0.9954856581240997,7.562245097367963,3.4102103327998274,Gone in 60 Seconds (2000),Action|Crime,187078,9679.0
69951,-0.18109958376596869,1.0731146867278754,3.109810730385315,"Imaginarium of Doctor Parnassus, The (2009)",Drama|Fantasy,1054606,8054.0
91542,0.006967347996735457,4.294231737542298,3.280193918558595,Sherlock Holmes: A Game of Shadows (2011),Action|Adventure|Comedy|Crime|Mystery|Thriller,1515091,58574.0
1747,-2.401372824223773,5.927247717362949,2.873430132183676,Wag the Dog (1997),Comedy,120885,586.0
2267,0.4571410774474297,0.7684981379394005,3.873421376644403,Mortal Thoughts (1991),Mystery|Thriller,102469,30815.0
2468,1.9022492262272748,2.5398912598553878,4.027520510090604,Jumpin' Jack Flash (1986),Action|Comedy|Romance|Thriller,91306,10945.0
133419,-0.06826164490485208,0.2629039123143882,3.018926586073905,Pitch Perfect 2 (2015),Comedy,2848292,254470.0
5146,-1.0617243868984425,0.8195846227441987,1.98312937483512,Vampire Hunter D: Bloodlust (Banpaia hantâ D) (2000),Animation|Fantasy|Horror|Sci-Fi,216651,15999.0
4658,-0.15329624427625713,0.21310240235712877,2.559216589861751,Santa Sangre (1989),Drama|Horror|Mystery|Thriller,98253,19236.0
62644,0.24357166401333313,0.7656763074606348,3.5966845288985607,"Wave, The (Welle, Die) (2008)",Drama,1063669,7735.0
103171,0.3794597616165648,0.21310240235712877,5.059216589861752,Schlussmacher (2013),Comedy,1978524,160085.0
142997,0.16635735925943604,0.21310240235712877,4.059216589861752,Hotel Transylvania 2 (2015),Animation|Comedy,2510894,159824.0
68848,0.011887057951704168,0.14502210701079107,3.3605386416861824,"Brothers Bloom, The (2008)",Adventure|Comedy|Crime|Romance,844286,21755.0
109596,-0.2210577113464233,0.41944283691372614,2.7515444015444013,Wrinkles (Arrugas) (2011),Animation|Drama,1407052,85444.0
135436,0.16537149506509682,0.45595853691058064,3.64126119458743,The Secret Life of Pets (2016),Animation|Comedy,2709768,328111.0
2534,0.36197040232899924,0.44204264284420214,4.097429989365473,Avalanche (1978),Action,77189,166680.0
27776,-0.03559496352361428,0.09540026660984881,2.905459646094087,Red Lights (Feux rouges) (2004),Drama,365190,25500.0
52715,-0.12307017579846573,0.14315275678649989,2.418859198355601,Kickin It Old Skool (2007),Comedy,772178,13280.0
5573,0.5750714010581468,0.9160068888078063,3.9063739135577684,Stealing Harvard (2002),Comedy|Crime,265808,12770.0
42732,0.05033737145950909,0.1294548967358346,3.667412428245836,Last Holiday (2006),Comedy,408985,17379.0
134214,-0.02827363097941229,0.09424543659804102,2.9785714285714286,Youth (2015),Drama,3312830,310593.0
2241,-0.03399004488543043,0.029660461004242435,2.132599864590386,Class (1983),Comedy,85346,21500.0
3412,0.19747264946194032,0.3232042989320895,3.8895554102647925,"Bear, The (Ours, L') (1988)",Adventure|Children|Drama,95800,2383.0
316,3.8018711361792326,28.29677253818359,3.4129284875274983,Stargate (1994),Action|Adventure|Sci-Fi,111282,2164.0
937,-0.28478695222320266,0.512616514001765,2.723015873015873,Love in the Afternoon (1957),Comedy|Romance,50658,18299.0
61,0.9736493875912444,1.3223687792524985,4.014863303324872,Eye for an Eye (1996),Drama|Thriller,116260,17182.0
502,-0.5830995064722173,4.65081354567183,3.153195620501276,"Next Karate Kid, The (1994)",Action|Children|Romance,110657,11231.0
5618,-2.69673807221659,9.80897736808924,3.0036459219646265,Spirited Away (Sen to Chihiro no kamikakushi) (2001),Adventure|Animation|Fantasy,245429,129.0
120466,0.33880158177580977,1.3391647639672133,3.5315661241398257,Chappie (2015),Action|Thriller,1823672,198184.0
3301,0.6908076434323187,6.095247235450796,3.391906887618026,"Whole Nine Yards, The (2000)",Comedy|Crime,190138,2069.0
3784,0.936738055651654,2.1739851702779514,3.7094566381204377,"Kid, The (2000)",Comedy|Fantasy,219854,4244.0
47566,0.1922752947938618,0.2600853605913917,4.017849080941632,Born to Kill (1947),Crime|Drama|Film-Noir,39211,33813.0
1231,-1.4098282287525672,2.6108080709746426,2.738574542386584,"Right Stuff, The (1983)",Drama,86197,9549.0
79242,-0.41130562019502903,0.34022584331467676,2.069652034947911,"Kids Are All Right, The (2010)",Comedy|Drama,842926,39781.0
140174,0.20672263493197293,0.3889431024151526,3.810069824219335,Room (2015),Drama,3170832,264644.0
174055,0.15186435491452324,1.3356426946488966,3.3922727616621953,Dunkirk (2017),Action|Drama|Thriller|War,5013056,374720.0
4518,0.047467663697618116,0.1721302148226759,3.5543374452845202,The Lair of the White Worm (1988),Comedy|Horror,95488,11347.0
2067,-1.9194772482796791,4.42268735233173,2.8445644334200093,Doctor Zhivago (1965),Drama|Romance|War,59113,907.0
523,0.3265840647508469,1.1028266258988906,3.574705070144196,Ruby in Paradise (1993),Drama,108000,47889.0
4572,0.007319011586820159,0.3607227139218554,3.298861283643892,Black Rain (1989),Action|Crime|Drama,96933,4105.0
91355,-0.6405005482601495,0.41944283691372614,1.7515444015444013,Asterix and the Vikings (Astérix et les Vikings) (2006),Adventure|Animation|Children|Comedy|Fantasy,371552,9642.0
167380,-0.43077912980328636,0.41944283691372614,2.2515444015444013,A Dog's Purpose (2017),Comedy|Drama,1753383,381289.0
3163,-0.5127277192787489,0.7337488825425698,2.5797932341814667,Topsy-Turvy (1999),Comedy|Drama|Musical,151568,46435.0
4740,-0.0028395273259495635,0.3875954799921168,3.271245421245421,Maybe Baby (2000),Comedy|Romance,206926,13966.0
108727,-0.16212161448898604,0.7100263975226497,3.050239615761871,Nymphomaniac: Volume I (2013),Drama,1937390,110414.0
34520,0.6439678352168099,0.6879604487317168,4.214625000261474,"Dukes of Hazzard, The (2005)",Action|Adventure|Comedy,377818,6519.0
174045,-0.001860854968820437,0.002818551722996489,2.6183547103051747,Goon: Last of the Enforcers (2017),Comedy,2417712,336890.0
152284,0.16300452244942254,0.45313998518758414,3.6382936507936505,War and Peace (2016),Drama|Romance,3910804,378779.0
4857,-0.10005924418927664,0.30208207426990213,2.9473394465641927,Fiddler on the Roof (1971),Drama|Musical,67093,14811.0
49910,0.01423834582817382,0.18889399561928485,3.353948868608597,Freedom Writers (2007),Drama,463998,1646.0
7259,0.03955137687270012,0.9482504836408098,3.3202812695417623,You Got Served (2004),Drama|Musical,365957,14114.0
3003,-0.4747362181573093,0.48014211712183363,2.289830384559146,Train of Life (Train de vie) (1998),Comedy|Drama|Romance|War,170705,8056.0
3323,-0.23466515959639253,0.48014211712183363,2.789830384559146,Chain of Fools (2000),Comedy|Crime,194368,20682.0
1334,0.993298699472874,0.6477087864582696,4.812128978260265,"Blob, The (1958)",Horror|Sci-Fi,51418,8851.0
461,1.4304935605740696,0.788196045394655,5.093467061367724,Go Fish (1994),Drama|Romance,109913,18620.0
4625,-0.4136713959839662,0.19890819737208132,1.1988612836438923,Millennium (1989),Drama|Sci-Fi|Thriller,97883,4296.0
2932,-0.04270534916497246,0.30006126913283304,3.1362493311931514,Days of Heaven (1978),Drama,77405,16642.0
1966,-0.491962645793385,2.2542724740272435,3.060335766528988,Metropolitan (1990),Comedy,100142,15389.0
531,-0.24711784005738574,4.825126215672429,3.2273566356288677,"Secret Garden, The (1993)",Children|Drama,108071,11236.0
88,0.05271021493698047,3.0823718946165175,3.2956719656704854,Black Sheep (1996),Comedy,115697,13997.0
979,-0.3813377488760884,0.7725164719167213,2.784940855323021,Nothing Personal (1995),Drama|War,114007,125587.0
31878,-0.3255977497095321,1.3767131128727257,3.042067725174486,Kung Fu Hustle (Gong fu) (2004),Action|Comedy,373074,9470.0
47491,-0.3302450585867697,0.6028427146745825,2.7307584575462456,Adam's Apples (Adams æbler) (2005),Comedy|Drama,418455,1023.0
486,0.5185240260203419,0.8664594638952658,3.8770114567860885,Life with Mikey (1993),Comedy,107413,42580.0
903,-5.427571402243087,12.563780746855427,2.84656998636212,Vertigo (1958),Drama|Mystery|Romance|Thriller,52357,426.0
3398,0.6896351693445357,1.4690694868784895,3.7480081539981387,"Muppets Take Manhattan, The (1984)",Children|Comedy|Musical,87755,11899.0
3471,-2.738439061359414,6.619358958717098,2.8648698785515228,Close Encounters of the Third Kind (1977),Adventure|Drama|Sci-Fi,75860,840.0
3410,0.11803080384355633,0.2885197427286932,3.6876623376623376,Soft Fruit (1999),Comedy|Drama,180181,117259.0
4211,0.3259590636251847,1.1099271494997245,3.5722475169274106,Reversal of Fortune (1990),Drama,100486,38718.0
4772,-0.05686935352571004,0.11852113897497156,2.7987468671679196,Dinner Rush (2000),Drama,229340,22617.0
5632,-0.057290185539891264,1.2439158640711052,3.232515109816564,Bloody Sunday (2002),Drama,280491,4107.0
53123,-0.6728831284569494,0.8567636440400597,2.493193648902842,Once (2006),Drama|Musical|Romance,907657,5723.0
1487,0.3363017192715742,0.43615658156939224,4.049628735700631,Selena (1997),Drama|Musical,120094,16052.0
3334,-0.9007388314173795,1.385525859470067,2.628465315242088,Key Largo (1948),Crime|Drama|Film-Noir|Thriller,40506,11016.0
3426,0.4531149117979565,0.6139415273442551,4.016613883132222,Jungle Fever (1991),Drama|Romance,102175,1713.0
5548,-0.17304234537410754,0.3607227139218554,2.798861283643892,Down and Out in Beverly Hills (1986),Comedy,90966,9941.0
2567,0.21943460944067641,1.5741132848807229,3.417973472597316,EDtv (1999),Comedy,131369,11374.0
55052,0.1433446716883654,0.4594119868854307,3.5905891289805236,Atonement (2007),Drama|Romance|War,783233,4347.0
55444,-0.47026884987957446,0.6452526079743,2.5497578692493947,Control (2007),Drama,421082,5708.0
94661,-0.2210577113464233,0.41944283691372614,2.7515444015444013,Rocket Singh: Salesman of the Year (2009),Comedy|Drama,1434447,26815.0
6051,-0.5377509438542227,0.5736010067778375,2.3410714285714285,"Harder They Come, The (1973)",Action|Crime|Drama,70155,7514.0
159161,-0.0032701308303186814,0.002818551722996489,2.1183547103051747,Ali Wong: Baby Cobra (2016),(no genres listed),5066574,396292.0
179953,-0.00045157910732219244,0.002818551722996489,3.1183547103051747,A Bad Moms Christmas (2017),Comedy,6359956,431530.0
86721,-0.5167054553319537,0.45313998518758414,2.1382936507936505,Idiots and Angels (2008),Animation|Drama|Fantasy,1013607,42521.0
1949,0.6419915746622815,0.6766836810211203,4.227303594970818,"Man for All Seasons, A (1966)",Drama,60665,874.0
7614,0.0054940776771921825,0.007316370768142061,4.029500796601169,Oklahoma! (1955),Musical|Romance|Western,48445,13936.0
3955,2.374738512470585,1.296354570198048,5.110430217103172,"Ladies Man, The (2000)",Comedy,213790,16888.0
4770,0.5105545104228126,0.5799365528534258,4.158934130164841,"Glass House, The (2001)",Thriller,221218,2176.0
4808,0.4170822719054899,0.27967615900368126,4.769875776397516,"Vanishing, The (1993)",Mystery|Thriller,108473,1644.0
31431,0.17469814793384292,0.09979443573159218,5.029151474975141,Boogeyman (2005),Drama|Horror|Mystery|Thriller,357507,8968.0
113345,-0.31501786932257864,0.17485746075652778,1.477001921844971,Jupiter Ascending (2015),Action|Adventure|Sci-Fi,1617661,76757.0
2657,-0.5500361507731247,7.0610373854473805,3.20067407146258,"Rocky Horror Picture Show, The (1975)",Comedy|Horror|Musical|Sci-Fi,73629,36685.0
318,-15.338134020227999,59.24510625196471,3.0196785850849786,"Shawshank Redemption, The (1994)",Crime|Drama,111161,278.0
68073,-0.11496096059210728,0.14970272948699834,2.510643141718839,Pirate Radio (2009),Comedy|Drama,1131729,18947.0
2060,-0.004997611323700024,2.614365450280002,3.276659832270626,BASEketball (1998),Comedy,131857,14013.0
3476,-1.2645171887141697,3.828516495010246,2.948282349142822,Jacob's Ladder (1990),Horror|Mystery,99871,2291.0
3797,-0.2667340078837431,0.6793985780517078,2.8859682991261937,"In Crowd, The (2000)",Thriller,163676,36047.0
3839,1.0920631482196725,0.6793985780517078,4.885968299126194,Phantasm IV: Oblivion (1998),Horror,138703,16146.0
6358,-0.026229067520790267,0.2885197427286932,3.1876623376623376,Kiss Me Kate (1953),Comedy|Musical|Romance,45963,34857.0
3697,-1.7554122501991678,3.4142579029481896,2.7644297614515017,Predator 2 (1990),Action|Sci-Fi|Thriller,100403,169.0
4545,-0.06234388329374753,1.590911632201837,3.239383907384307,Short Circuit (1986),Comedy|Sci-Fi,91949,2605.0
52730,-0.7180234672760092,0.2600853605913917,0.5178490809416316,It's a Very Merry Muppet Christmas Movie (2002),Children|Comedy,329737,13352.0
1248,-2.07891620308976,2.0749779539963296,2.27667345703595,Touch of Evil (1958),Crime|Film-Noir|Thriller,52311,1480.0
1271,1.244952230839949,4.799327094565314,3.5379728417924015,Fried Green Tomatoes (1991),Comedy|Crime|Drama,101921,1633.0
7842,0.12144142392088914,0.3466841021685522,3.62886561039649,Dune (2000),Drama|Fantasy|Sci-Fi,142032,876.0
26812,0.0023912159617757362,0.11852113897497156,3.2987468671679196,Barbarians at the Gate (1993),Drama,106356,27678.0
46723,-0.50830068878074,2.1292339674485774,3.0398467526778594,Babel (2006),Drama|Thriller,449467,1164.0
2735,0.4046614925835861,2.9957791842172727,3.413648638105253,"Golden Child, The (1986)",Action|Adventure|Comedy|Fantasy|Mystery,91129,10136.0
1124,-0.5875989564009927,0.4342968670659185,1.9255822615742701,On Golden Pond (1981),Drama,82846,11816.0
5283,1.6444654099185994,2.996747689567977,3.8273214670358517,National Lampoon's Van Wilder (2002),Comedy,283111,11452.0
1858,1.0623721542562665,1.5436485026983717,3.966792971493401,Mr. Nice Guy (Yat goh ho yan) (1997),Action|Comedy,117786,10622.0
1696,0.5560636167612087,0.8623015506297003,3.923431241655541,Bent (1997),Drama|War,118698,19601.0
1216,-0.4805343111933512,1.9547203110905822,3.0327386572706327,"Big Blue, The (Grand bleu, Le) (1988)",Adventure|Drama|Romance,95250,175.0
2401,0.22305531929477046,1.0963828384145204,3.4820179907388287,Pale Rider (1985),Western,89767,8879.0
6059,0.06769969341520332,2.261409430241282,3.3085083751985502,"Recruit, The (2003)",Action|Thriller,292506,1647.0
6958,0.589635328880387,0.9360716744492991,3.9084754679466993,"Haunted Mansion, The (2003)",Children|Comedy|Fantasy|Horror,338094,10756.0
2819,-0.5940054495398919,1.4566099281081948,2.87077148290487,Three Days of the Condor (3 Days of the Condor) (1975),Drama|Mystery|Romance|Thriller,73802,11963.0
3011,0.09087071800218524,0.38916082902052573,3.512075705532953,"They Shoot Horses, Don't They? (1969)",Drama,65088,28145.0
6215,0.3931863617042025,0.8537902963336133,3.7390900868328796,Laurel Canyon (2002),Drama,298408,13819.0
193571,-0.13291058714529216,0.45088654879668744,2.9837953091684435,Silver Spoon (2014),Comedy|Drama,3110014,297825.0
3068,-0.13204769335321198,0.7431090530681184,3.100875176846303,"Verdict, The (1982)",Drama|Mystery,84855,24226.0
49284,0.025006494336454646,0.09979443573159218,3.5291514749751407,10 Items or Less (2006),Comedy|Drama|Romance,499603,2357.0
547,0.02370197103377032,0.10496587172098293,3.5043778801843315,Surviving the Game (1994),Action|Adventure|Thriller,111323,17585.0
151763,-0.16589134365875904,0.6508045020459009,3.0236694677871148,Death Note Rewrite: Genshisuru Kami (2007),Mystery,3355694,333040.0
102684,0.057080634576156156,0.2905418188158605,3.475034143676591,Only God Forgives (2013),Drama|Thriller,1602613,77987.0
4143,-0.077862857277103,0.29480564246126767,3.0144555296115474,Valentine (2001),Horror|Mystery,242998,10984.0
7117,0.0658648525433425,0.362547074686718,3.4602439813020145,Leprechaun (1993),Comedy|Horror,107387,11811.0
71500,0.21694278518416468,0.29480564246126767,4.014455529611547,Trick 'r Treat (2007),Comedy|Horror|Thriller,862856,23202.0
4809,-0.316090451956741,0.3461534025504529,2.3654200638071607,Silkwood (1983),Drama,86312,12502.0
46967,-0.01915981438330921,0.029660461004242435,2.632599864590386,Scoop (2006),Comedy|Fantasy|Mystery,457513,512.0
3634,-0.04270534916497246,0.30006126913283304,3.1362493311931514,Seven Days in May (1964),Thriller,58576,23518.0
134326,-0.09855614434461654,0.25688641233506565,2.894914918876138,The Taming of the Scoundrel (1980),Comedy,80439,10986.0
2826,-2.627271033439497,3.231723481960608,2.465608609164121,"13th Warrior, The (1999)",Action|Adventure|Fantasy,120657,1911.0
3671,-2.2632310981869153,9.648908295493568,3.044013172976447,Blazing Saddles (1974),Comedy|Western,71230,11072.0
1641,-1.9603647340803547,10.55783246804974,3.092892716580796,"Full Monty, The (1997)",Comedy|Drama,119164,9427.0
2926,1.7952213381774782,1.8301556512532056,4.259483263555625,Hairspray (1988),Comedy|Drama,95270,11054.0
374,2.913596959943651,5.479195627677658,3.8103277588666784,Richie Rich (1994),Children|Comedy,110989,11011.0
891,-0.3813377488760884,0.7725164719167213,2.784940855323021,Halloween: The Curse of Michael Myers (Halloween 6: The Curse of Michael Myers) (1995),Horror|Thriller,113253,10987.0
38388,1.1976523580044718,0.995560085385564,4.48156497520467,Goal! The Dream Begins (Goal!) (2005),Drama,380389,9763.0
8117,-0.04010959584860812,0.14970272948699834,3.010643141718839,In China They Eat Dogs (I Kina spiser de hunde) (1999),Action|Comedy,180748,250.0
106839,-0.04010959584860812,0.14970272948699834,3.010643141718839,Mandela: Long Walk to Freedom (2013),Drama,2304771,192136.0
107,-0.41695232455492487,5.320727485877544,3.200207647366393,Muppet Treasure Island (1996),Adventure|Children|Comedy|Musical,117110,10874.0
2004,-1.3137071810810115,2.4579566171094296,2.744100164133109,Gremlins 2: The New Batch (1990),Comedy|Horror,99700,928.0
2279,1.0595300396615794,1.1722057214011228,4.182448640836812,Urban Legend (1998),Horror|Thriller,146336,9877.0
2968,-2.7832602105273754,7.9654660465732485,2.9291555633535062,Time Bandits (1981),Adventure|Comedy|Fantasy|Sci-Fi,81633,36819.0
3501,-0.6952985774340273,1.9825720417689274,2.927866100953848,Murphy's Romance (1985),Comedy|Romance,89643,34322.0
47997,0.27919303822655905,2.4849819534514452,3.390923567724303,Idiocracy (2006),Adventure|Comedy|Sci-Fi|Thriller,387808,7512.0
3773,1.071641948554987,0.8235992354202062,4.579740616772808,House Party (1990),Comedy,99800,16094.0
115210,-0.416604247370849,0.5298093624246926,2.492242841503348,Fury (2014),Action|Drama|War,2713180,228150.0
3981,3.425637299073726,2.395574649849405,4.708557047800232,Red Planet (2000),Action|Sci-Fi|Thriller,199753,8870.0
6893,0.17926314522600204,1.2269850765762946,3.4246719383887174,"Italian Job, The (1969)",Action|Comedy|Crime,64505,10536.0
101612,0.11505361998263586,0.16161378057761555,3.9904761904761905,Admission (2013),Comedy|Romance,1814621,144340.0
6006,1.0711173627432076,0.7388922172659482,4.728197419634862,Just Married (2003),Comedy|Romance,305711,12090.0
113252,-0.2210577113464233,0.41944283691372614,2.7515444015444013,Housebound (2014),Comedy|Horror|Thriller,3504048,253306.0
6203,0.42019752308813807,0.2216638309868618,5.1742236024844726,Life Stinks (1991),Comedy,102303,6524.0
79572,0.08946157701903207,0.06357589921993419,4.6857332322849565,Ramona and Beezus (2010),Children|Comedy,493949,38843.0
64993,-0.09855614434461654,0.25688641233506565,2.894914918876138,5 Centimeters per Second (Byôsoku 5 senchimêtoru) (2007),Animation|Drama|Romance,983213,38142.0
84844,-0.09855614434461654,0.25688641233506565,2.894914918876138,Brother 2 (Brat 2) (2000),Crime|Drama,238883,20993.0
61255,-0.001860854968820437,0.002818551722996489,2.6183547103051747,"Rocker, The (2008)",Comedy,1031969,10186.0
71838,-0.05915998127825547,0.20191938560213696,2.9855833080804883,Law Abiding Citizen (2009),Drama|Thriller,1197624,22803.0
165551,0.09333445180803573,0.28873247681622577,3.6018272425249167,Lion (2016),Drama,3741834,334543.0
7107,0.009012788760079944,0.046890064398847256,3.4707824838478105,Foul Play (1978),Comedy|Thriller,77578,15659.0
35957,-0.16174552990683844,0.4318915280500386,2.904066444328953,Red Eye (2005),Horror|Thriller,421239,11460.0
564,0.42267491381539696,0.2399071501563318,5.0403985085061755,Chasers (1994),Comedy,109403,24405.0
32022,0.012105169781310125,0.09540026660984881,3.405459646094087,Gunner Palace (2004),Documentary|War,424129,30856.0
51037,0.42142624099095466,0.5853474612771281,3.9985305449421986,Unknown (2006),Drama|Mystery|Thriller,450340,9828.0
78039,0.057080634576156156,0.2905418188158605,3.475034143676591,Blue Valentine (2010),Drama|Romance,1120985,46705.0
93512,-0.0881902748317741,0.2905418188158605,2.975034143676591,"Jeff, Who Lives at Home (2012)",Comedy|Drama,1588334,82532.0
619,-0.077862857277103,0.29480564246126767,3.0144555296115474,Ed (1996),Comedy,116165,32308.0
231,-0.6590762651224538,26.237768831312373,3.2534520569754752,Dumb & Dumber (Dumb and Dumber) (1994),Adventure|Comedy,109686,8467.0
552,-0.1651281186141872,10.920179231262205,3.2634500541766327,"Three Musketeers, The (1993)",Action|Adventure|Comedy|Romance,108333,10057.0
1219,-3.601379021305426,12.315217929205465,2.9861381933653526,Psycho (1960),Crime|Horror,54215,539.0
2141,0.4304343709491255,1.9287654388817774,3.5017371709017526,"American Tail, An (1986)",Adventure|Animation|Children|Comedy,90633,4978.0
2654,0.21355103671061282,0.37288138503522833,3.8512764368690062,"Wolf Man, The (1941)",Drama|Fantasy|Horror,34398,13666.0
1597,0.6939937707613663,9.029989472926552,3.3554257563469014,Conspiracy Theory (1997),Drama|Mystery|Romance|Thriller,118883,8834.0
17,1.375839010815318,11.757820398114722,3.3955862292938415,Sense and Sensibility (1995),Drama|Romance,114388,4584.0
3952,0.556432881597786,0.940990799714221,3.8698980194018326,"Contender, The (2000)",Drama|Thriller,208874,6521.0
6709,0.055370505038437365,0.8062306622752924,3.3472496712001254,Once Upon a Time in Mexico (2003),Action|Adventure|Crime|Thriller,285823,1428.0
99813,-0.4233472711103828,1.1658369170174558,2.9154440777980235,"Batman: The Dark Knight Returns, Part 2 (2013)",Action|Animation,2166834,142061.0
185135,-0.2480960096511942,0.2947248364977894,2.436782821274822,Sherlock - A Study in Pink (2010),Crime,1665071,500609.0
1991,0.5461973412769208,0.8515287928743837,3.920002870288391,Child's Play (1988),Horror|Thriller,94862,10585.0
2403,0.5824565964942152,3.4255234884073382,3.4486057601021756,First Blood (Rambo: First Blood) (1982),Action|Adventure|Drama|Thriller,83944,1368.0
30707,-0.2852628398306345,5.353556315151536,3.2252866916530385,Million Dollar Baby (2004),Drama,405159,70.0
3451,0.2134044857466472,1.266294960692925,3.4470981086664603,Guess Who's Coming to Dinner (1967),Drama,61735,1879.0
56587,0.4873662499436731,0.9169605945173769,3.8100732759329152,"Bucket List, The (2007)",Comedy|Drama,825232,7350.0
3066,-1.8968115888915131,1.87404311485124,2.266422042113967,Tora! Tora! Tora! (1970),Action|Drama|War,66473,11165.0
2702,-1.684501853204864,3.6213392855236184,2.813411519380181,Summer of Sam (1999),Drama,162677,10279.0
2805,0.6521577183779517,3.325491428858199,3.474680103734025,Mickey Blue Eyes (1999),Comedy|Romance,130121,10154.0
3298,-0.17449766650304388,4.211696151859551,3.2371397439932332,Boiler Room (2000),Crime|Drama|Thriller,181984,14181.0
164280,-0.15329624427625713,0.21310240235712877,2.559216589861751,Endless Poetry (2016),Drama|Fantasy,4451458,325385.0
175743,-0.046745043097692736,0.21310240235712877,3.059216589861751,Self-criticism of a Bourgeois Dog (2017),Comedy,6354108,433410.0
6873,-0.06876457805393911,2.1468149524777997,3.2465404526484347,Intolerable Cruelty (2003),Comedy|Romance,138524,11775.0
49772,0.13024445879219443,0.7062277481811028,3.4629941719819506,"Painted Veil, The (2006)",Drama|Romance,446755,14202.0
35807,-0.2210577113464233,0.41944283691372614,2.7515444015444013,"Teahouse of the August Moon, The (1956)",Comedy,49830,43313.0
88069,-0.2210577113464233,0.41944283691372614,2.7515444015444013,Delhi Belly (2011),Comedy|Crime,1934231,67109.0
89898,-0.011336292889560236,0.41944283691372614,3.2515444015444013,Generation P (2011),Comedy|Drama|Sci-Fi,459748,63375.0
147410,-0.6405005482601495,0.41944283691372614,1.7515444015444013,A Perfect Day (2015),Comedy|Drama,3577624,321751.0
3687,-0.22699935051214937,0.25688641233506565,2.394914918876138,Light Years (Gandahar) (1988),Adventure|Animation|Fantasy|Sci-Fi,95525,22500.0
58156,0.18192046048431204,0.527843425219272,3.623219958405328,Semi-Pro (2008),Comedy,839980,13260.0
4812,1.0035648530915586,0.38146402454025186,5.909395801331285,SpaceCamp (1986),Adventure|Sci-Fi,91993,13766.0
6619,0.7541104632148401,0.45141533751296903,4.949118263265929,Uptown Girls (2003),Comedy,263757,14926.0
3141,0.12623794975719807,0.046890064398847256,5.97078248384781,"Two Jakes, The (1990)",Drama,100828,32669.0
9,0.005273330024794888,0.31965673237896597,3.2950682812594647,Sudden Death (1995),Action,114576,9091.0
5423,-0.23466515959639253,0.48014211712183363,2.789830384559146,Gangster No. 1 (2000),Action|Crime|Thriller,210065,10394.0
2473,0.023046069303485545,0.5927719100926637,3.31744990596062,Soul Man (1986),Comedy,91991,12278.0
78088,0.126620598529687,0.5853474612771281,3.494888414474848,Buried (2010),Mystery|Thriller,1462758,26388.0
103624,-0.0881902748317741,0.2905418188158605,2.975034143676591,Fruitvale Station (2013),Drama,2334649,157354.0
5137,0.3792783391606139,0.4991368619256565,4.03843984962406,Scratch (2001),Documentary,143861,18984.0
1123,-0.316090451956741,0.3461534025504529,2.3654200638071607,"Perfect Candidate, A (1996)",Documentary,117320,124837.0
1406,-0.316090451956741,0.3461534025504529,2.3654200638071607,La Cérémonie (1995),Crime|Drama|Mystery|Thriller,112769,1802.0
4285,0.7223697556946177,0.3461534025504529,5.365420063807161,Frankie and Johnny (1991),Comedy|Romance,101912,3784.0
1967,-1.5098932111730499,5.82461211559499,3.019345031824696,Labyrinth (1986),Adventure|Fantasy|Musical,91369,13597.0
2770,-0.41446201000280697,9.48025238191688,3.234852971160593,Bowfinger (1999),Comedy,131325,11353.0
609,-0.9509798486785934,4.007471992809046,3.0412697455191156,Homeward Bound II: Lost in San Francisco (1996),Adventure|Children,116552,25059.0
586,0.6082647592501358,15.27198219710081,3.318400230844758,Home Alone (1990),Children|Comedy,99785,771.0
84954,0.8475961770821009,2.210386189092055,3.6620321022151874,"Adjustment Bureau, The (2011)",Romance|Sci-Fi|Thriller,1385826,38050.0
3254,1.470159395285629,3.813668816160129,3.664068823902649,Wayne's World 2 (1993),Comedy,108525,8873.0
111781,-0.004635889097903176,1.0357544311469826,3.274095571207469,Mission: Impossible - Rogue Nation (2015),Action|Adventure|Thriller,2381249,177677.0
8951,0.17737497405650127,0.7637737469492715,3.51080639968033,Vera Drake (2004),Drama,383694,11109.0
64716,-0.24519044281138003,1.3030484029093765,3.090404632722608,Seven Pounds (2008),Drama,814314,11321.0
2861,-1.0334226996393134,0.6933628519512071,1.7881213752823941,For Love of the Game (1999),Comedy|Drama,126916,10390.0
6765,-0.2808164066686887,0.6430656759996031,2.84188756073448,Under the Tuscan Sun (2003),Comedy|Drama|Romance,328589,10934.0
2164,0.3794597616165648,0.21310240235712877,5.059216589861752,Surf Nazis Must Die (1987),Action|Comedy|Drama|Horror,94077,28070.0
4023,-0.6831955786677849,3.2531352574697996,3.068560001257104,"Family Man, The (2000)",Comedy|Drama|Romance,218967,5994.0
7930,-0.2175016478920605,0.3236833678447544,2.6066133686306436,"People Under the Stairs, The (1991)",Horror|Mystery|Thriller,105121,13122.0
45431,0.06311009433612223,0.6539535903368674,3.37507689206099,Over the Hedge (2006),Adventure|Animation|Children|Comedy,327084,7518.0
4546,-0.32794050903043426,1.0218750198625872,2.957651058999685,"Vanishing, The (Spoorloos) (1988)",Drama|Thriller,96163,8740.0
90469,-0.0630382455240815,0.08289281104347726,2.518092386655261,Paranormal Activity 3 (2011),Horror,1778304,72571.0
27397,0.02527136921841666,0.1880201647463972,3.412979188784291,Joint Security Area (Gongdong gyeongbi guyeok JSA) (2000),Crime|Drama|Mystery|Thriller|War,260991,2440.0
324,-0.05784893014476364,0.18626084101555768,2.9679912237932715,"Sum of Us, The (1994)",Comedy|Drama,111309,36614.0
48982,-0.2210577113464233,0.41944283691372614,2.7515444015444013,Flushed Away (2006),Animation|Comedy,424095,11619.0
99764,0.025885677799097884,0.06357589921993419,3.6857332322849565,It's Such a Beautiful Day (2012),Animation|Comedy|Drama|Fantasy|Sci-Fi,2396224,147538.0
149902,0.8427145002307987,0.45313998518758414,5.138293650793651,Garm Wars: The Last Druid (2014),Action|Sci-Fi|Thriller,2504640,302026.0
95558,-0.22677984831370973,0.29817280766879684,2.5180062714508256,Beasts of the Southern Wild (2012),Drama|Fantasy,2125435,84175.0
5680,0.24114737364425312,0.5098025781260761,3.75159252338554,Auto Focus (2002),Crime|Drama,298744,14112.0
6217,-0.4747362181573093,0.48014211712183363,2.289830384559146,"Safety of Objects, The (2001)",Drama,256359,24186.0
7264,-0.23466515959639253,0.48014211712183363,2.789830384559146,An Amazing Couple (2002),Comedy|Romance,234940,44539.0
94780,0.057080634576156156,0.2905418188158605,3.475034143676591,Snow White and the Huntsman (2012),Action|Adventure|Drama,1735898,58595.0
2048,-0.5949481750425393,1.4997919666778812,2.881884295781685,"Great Mouse Detective, The (1986)",Action|Animation|Children|Crime,91149,9994.0
2078,1.6451164748826357,7.483320649777805,3.4984091920289497,"Jungle Book, The (1967)",Animation|Children|Comedy|Musical,61852,9325.0
538,-0.5783080618981609,2.5972161080146403,3.0559068377760825,Six Degrees of Separation (1993),Drama,108149,23210.0
505,-0.5382174969320281,1.1916110511966524,2.826899302510216,North (1994),Comedy,110687,31586.0
2688,2.2719816310199485,2.8728129074138375,4.069427535196636,"General's Daughter, The (1999)",Crime|Drama|Mystery|Thriller,144214,2275.0
3114,1.5314025720250777,11.89289993081415,3.4073375479312036,Toy Story 2 (1999),Adventure|Animation|Children|Comedy|Fantasy,120363,863.0
4571,-0.6158513125233278,5.603444513704599,3.1686655820841274,Bill & Ted's Excellent Adventure (1989),Adventure|Comedy|Sci-Fi,96928,1648.0
36529,-0.8975768000230833,3.5800048527883446,3.0278519918857514,Lord of War (2005),Action|Crime|Drama|Thriller|War,399295,1830.0
2244,0.4126645701679647,0.6793985780517078,3.8859682991261937,"Allnighter, The (1987)",Comedy|Romance,92537,37818.0
2087,-1.7903814784458232,5.050989707041141,2.924109910673261,Peter Pan (1953),Animation|Children|Fantasy|Musical,46183,10693.0
3615,-1.0145674908589453,1.2724727104430174,2.4812517827098532,Dinosaur (2000),Adventure|Animation|Children,130623,10567.0
94677,0.5179477242587102,2.6745482727218683,3.4722294490832804,"Dictator, The (2012)",Comedy,1645170,76493.0
5945,0.36106933017191206,2.270708419939924,3.4375831832296795,About Schmidt (2002),Comedy|Drama,257360,2755.0
2269,-0.3221901590760277,1.0890995590390362,2.982739742292617,Indecent Proposal (1993),Drama|Romance,107211,4478.0
2598,3.4995957498212236,4.19872373961987,4.112061785843197,Pushing Tin (1999),Comedy,120797,12596.0
7327,-0.22996038363190524,0.46998881469219445,2.789282372229713,Persona (1966),Drama,60827,797.0
66335,0.05980615808087165,0.21310240235712877,3.559216589861751,Afro Samurai: Resurrection (2009),Animation,1265998,14711.0
1293,1.385548907125284,4.221763872719516,3.6067633760364486,Gandhi (1982),Drama,83987,783.0
2759,-0.29331056481828055,0.5300553974923592,2.7252131075244126,Dick (1999),Comedy,144168,16406.0
69278,0.3552014071479722,0.6270130601500038,3.845069049949515,Land of the Lost (2009),Action|Adventure|Comedy|Sci-Fi,457400,18162.0
4587,0.4970393936961385,0.25132429199110423,5.256252892461642,Earth Girls Are Easy (1988),Comedy|Musical|Sci-Fi,97257,2210.0
4912,-0.19663726732200795,0.3875954799921168,2.771245421245421,Funny Girl (1968),Drama|Musical|Romance,62994,16085.0
32300,-0.19663726732200795,0.3875954799921168,2.771245421245421,D.E.B.S. (2004),Action|Comedy,367631,540.0
86320,0.5483146891447466,0.8578912745771161,3.9177138297049865,Melancholia (2011),Drama|Sci-Fi,1527186,62215.0
1600,-0.1347404103240901,0.3813407839361039,2.925238095238095,She's So Lovely (1997),Drama|Romance,120112,38295.0
65642,-0.2901354627381616,0.45313998518758414,2.6382936507936505,"Timecrimes (Cronocrímenes, Los) (2007)",Sci-Fi|Thriller,480669,14139.0
27731,-0.2097374676386769,0.6107959918478053,2.935187597573831,"Cat Returns, The (Neko no ongaeshi) (2002)",Adventure|Animation|Children|Fantasy,347618,15370.0
37240,-0.012274956148938969,0.05460239114528025,3.053765227021041,Why We Fight (2005),Documentary,436971,14286.0
72,-0.2588235293215294,0.9999999996513638,3.019747899159664,Kicking and Screaming (1995),Comedy|Drama,113537,28387.0
51082,0.12480093006804682,0.09979443573159218,4.529151474975141,Tyler Perry's Daddy's Little Girls (2007),Comedy|Romance,778661,16555.0
4480,0.23698664441216263,1.1323050534279644,3.487867186542926,"Blob, The (1988)",Horror|Sci-Fi,94761,9599.0
1211,-1.5916985620822388,2.030020039826643,2.4944912072657486,"Wings of Desire (Himmel über Berlin, Der) (1987)",Drama|Fantasy|Romance,93191,144.0
6534,1.5069365000153558,3.480636641201208,3.711519953613472,Hulk (2003),Action|Adventure|Sci-Fi,286716,1927.0
49278,-0.00745720298282726,2.3593698239378686,3.275410752823537,Déjà Vu (Deja Vu) (2006),Action|Sci-Fi|Thriller,453467,7551.0
3300,-1.1924124948112442,5.293788816391747,3.0533239666554857,Pitch Black (2000),Horror|Sci-Fi|Thriller,134847,2787.0
81932,-0.40055904350967275,1.6980002235441656,3.0426709628614756,"Fighter, The (2010)",Drama,964517,45317.0
2720,4.666056558393148,3.683540403395491,4.545302900850644,Inspector Gadget (1999),Action|Adventure|Children|Comedy,141369,332.0
2089,0.2729439092700732,0.723191281134752,3.6559873576487254,"Rescuers Down Under, The (1990)",Adventure|Animation|Children,100477,11135.0
168492,0.1302993390662708,0.3373707240665841,3.6647914819764025,Call Me by Your Name (2017),Drama|Romance,5726616,398818.0
50794,0.07643437304197255,1.1230631479584063,3.3466302667417676,Smokin' Aces (2006),Action|Crime|Drama|Thriller,475394,7516.0
27904,2.4473625591811965,1.9234719182641777,4.550938618309139,"Scanner Darkly, A (2006)",Animation|Drama|Mystery|Sci-Fi|Thriller,405296,3509.0
26504,0.0077640306156763084,0.02887772538348671,3.5474302293451228,Cloak & Dagger (1984),Action|Adventure|Children|Crime|Mystery|Thriller,87065,48677.0
4537,0.007319011586820159,0.3607227139218554,3.298861283643892,Running on Empty (1988),Drama,96018,18197.0
7766,0.007319011586820159,0.3607227139218554,3.298861283643892,Throne of Blood (Kumonosu jô) (1957),Action|Drama|Thriller|War,50613,3777.0
1017,-0.12103592839089669,0.5944997720115974,3.0749785357073156,Swiss Family Robinson (1960),Adventure|Children,54357,18444.0
48322,0.8504197781861718,0.6051513207360817,4.683872464933302,Jackass Number Two (2006),Comedy|Documentary,493430,12094.0
159755,-0.08300475049310331,0.293360370538857,2.995626767911788,Popstar: Never Stop Never Stopping (2016),Comedy,3960412,341012.0
180265,-0.0032701308303186814,0.002818551722996489,2.1183547103051747,Jim & Andy: The Great Beyond (2017),Documentary,7214762,469019.0
117466,0.16300452244942254,0.45313998518758414,3.6382936507936505,In the Heart of the Sea (2015),Action|Adventure|Drama,1390411,205775.0
151455,-0.06356547014436952,0.45313998518758414,3.1382936507936505,Eddie the Eagle (2016),Comedy,1083452,319888.0
6291,-0.14558259532218268,0.31573225360498364,2.817476327706875,Lilya 4-Ever (Lilja 4-ever) (2002),Crime|Drama,300140,12093.0
1969,1.1806646912387506,0.9258883995400461,4.55374097581413,"Nightmare on Elm Street 2: Freddy's Revenge, A (1985)",Horror,89686,10014.0
5421,-0.23466515959639253,0.48014211712183363,2.789830384559146,"Dangerous Lives of Altar Boys, The (2002)",Drama,238924,16857.0
5772,-0.4747362181573093,0.48014211712183363,2.289830384559146,My Dinner with André (1981),Drama,82783,25468.0
3392,-0.5161387898850249,1.0477461001187862,2.7859532362188073,She-Devil (1989),Comedy,98309,11157.0
2205,0.17195678645525786,0.4294942614100905,3.6789418220912378,Mr. & Mrs. Smith (1941),Comedy|Romance,33922,24197.0
102033,0.057080634576156156,0.2905418188158605,3.475034143676591,Pain & Gain (2013),Action|Comedy|Crime,1980209,134374.0
79274,-0.077862857277103,0.29480564246126767,3.0144555296115474,Batman: Under the Red Hood (2010),Action|Animation,1569923,40662.0
131920,-0.2901354627381616,0.45313998518758414,2.6382936507936505,The Road Within (2014),Comedy|Drama,2962876,228108.0
423,0.8963981325267157,1.867846316833639,3.7584814321129856,Blown Away (1994),Action|Thriller,109303,178.0
80489,-0.26807255173520567,2.2286134857909055,3.1582847330791997,"Town, The (2010)",Crime|Drama|Thriller,840361,23168.0
1057,0.5030879300147251,2.425165996826147,3.486016168714216,Everyone Says I Love You (1996),Comedy|Musical|Romance,116242,9716.0
3408,0.19775156276323153,6.953049202863768,3.3070124128063427,Erin Brockovich (2000),Drama,195685,462.0
8907,-0.20191174297549508,0.5144127996397589,2.8860622547777495,Shark Tale (2004),Animation|Children|Comedy,307453,10555.0
175,-2.470192125041929,2.9894552094411964,2.4522696605299967,Kids (1995),Drama,113540,9344.0
60941,-0.003295689490625933,0.474301921643042,3.2716229231148004,"Midnight Meat Train, The (2008)",Horror|Mystery|Thriller,805570,10185.0
45950,-0.20276736289588082,1.0309254511294157,3.0818866317476212,"Inconvenient Truth, An (2006)",Documentary,497116,1781.0
387,0.6676152269749553,0.7352416639110972,4.186592912859458,"Low Down Dirty Shame, A (1994)",Action|Comedy,110399,26352.0
1982,-1.6408889392061552,3.56030659967636,2.817687262203477,Halloween (1978),Horror,77651,948.0
114762,0.016235840904271694,0.060975140206802794,3.5448412698412697,Two Night Stand (2014),Comedy|Romance,2140619,286554.0
44773,0.19838512556730284,0.41944283691372614,3.7515444015444013,"Dead Hate the Living!, The (2000)",Comedy|Horror,225481,28349.0
91386,-0.6405005482601495,0.41944283691372614,1.7515444015444013,Happy Feet Two (2011),Animation|Children|Comedy|IMAX,1402488,65759.0
58425,-0.22699935051214937,0.25688641233506565,2.394914918876138,Heima (2007),Documentary,1094594,14793.0
4889,0.5230262853860769,1.0486941412068416,3.77731197153296,Heist (2001),Crime|Drama,252503,11088.0
27368,-0.08542843353879945,0.15756799963823007,2.736402753872633,Asterix & Obelix: Mission Cleopatra (Astérix & Obélix: Mission Cléopâtre) (2002),Adventure|Comedy|Fantasy,250223,2899.0
58332,0.14167953005296147,0.4523736420994977,3.591762819200239,Diary of the Dead (2007),Horror|Sci-Fi,848557,13025.0
3161,-0.03399004488543043,0.029660461004242435,2.132599864590386,Onegin (1999),Drama|Romance,119079,30237.0
3897,-2.0628170074878875,11.054297929639123,3.091963738004577,Almost Famous (2000),Drama,181875,786.0
381,0.16480234625671408,2.0436739677486777,3.359211662218022,When a Man Loves a Woman (1994),Drama|Romance,111693,10449.0
2490,1.940557935687345,10.796169215962424,3.458316474880834,Payback (1999),Action|Thriller,120784,2112.0
2206,-0.09325142149737628,0.966542169311901,3.1820920151964653,Suspicion (1941),Film-Noir|Mystery|Thriller,34248,11462.0
2718,1.2693764011028907,1.3541007628107775,4.21600270101823,Drop Dead Gorgeous (1999),Comedy,157503,10490.0
93721,-0.005365910044382957,0.21884272623929496,3.254051947679404,Jiro Dreams of Sushi (2011),Documentary,1772925,80767.0
27869,-0.021113694767810404,0.02887772538348671,2.5474302293451228,Tae Guk Gi: The Brotherhood of War (Taegukgi hwinalrimyeo) (2004),Action|Drama|War,386064,11658.0
6707,-0.3236226867992549,0.5774446136549323,2.7181320736160033,Cabin Fever (2002),Horror|Thriller,303816,11547.0
91974,0.07693520009555191,0.37343462985933773,3.484591957852634,Underworld: Awakening (2012),Action|Fantasy|Horror|IMAX,1496025,52520.0
72356,-0.073984282789801,0.29988717005599286,3.0318643661252853,Partly Cloudy (2009),Animation|Children|Comedy|Fantasy,1425244,24480.0
3606,-0.011336292889560236,0.41944283691372614,3.2515444015444013,On the Town (1949),Comedy|Musical|Romance,41716,31516.0
26183,-0.4821702802697003,0.6763292492487918,2.5656490157003993,Asterix and Cleopatra (Astérix et Cléopâtre) (1968),Action|Adventure|Animation|Children|Comedy,62687,9929.0
146244,-0.2210577113464233,0.41944283691372614,2.7515444015444013,Dil To Pagal Hai (1997),Comedy|Drama|Romance,118983,13986.0
153408,-0.2210577113464233,0.41944283691372614,2.7515444015444013,Tears for Sale (2008),Comedy|Drama|Fantasy,380249,16403.0
126430,-0.22699935051214937,0.25688641233506565,2.394914918876138,The Pacific (2010),Action|Adventure|Drama|War,374463,189197.0
144606,-0.001860854968820437,0.002818551722996489,2.6183547103051747,Confessions of a Dangerous Mind (2002),Comedy|Crime|Drama|Romance|Thriller,270288,4912.0
183959,-0.0032701308303186814,0.002818551722996489,2.1183547103051747,Tom Segura: Disgraceful (2018),Comedy,7379330,497520.0
52319,0.14186333864753337,0.7852185742891421,3.4592387526677313,Inglorious Bastards (Quel maledetto treno blindato) (1978),Action|Adventure|Drama|War,76584,22311.0
142456,-0.2901354627381616,0.45313998518758414,2.6382936507936505,The Brand New Testament (2015),(no genres listed),3792960,330764.0
5969,0.17014965828280096,0.31573225360498364,3.817476327706875,My Girl 2 (1994),Comedy|Drama|Romance,110613,11317.0
8128,-0.06825957776442027,0.6319597182479645,3.1705588831616325,Au revoir les enfants (1987),Drama,92593,1786.0
6571,-0.23466515959639253,0.48014211712183363,2.789830384559146,"Mondays in the Sun (Lunes al sol, Los) (2002)",Drama,319769,54580.0
7299,-0.23466515959639253,0.48014211712183363,2.789830384559146,Monsieur Ibrahim (Monsieur Ibrahim et les fleurs du Coran) (2003),Drama,329388,337.0
3433,0.42267491381539696,0.2399071501563318,5.0403985085061755,Death Wish 4: The Crackdown (1987),Action|Drama,92857,26263.0
33158,0.43924931861704924,0.39460007819285986,4.391722040777763,xXx: State of the Union (2005),Action|Crime|Thriller,329774,11679.0
2324,-3.6803867704569977,10.649093797948305,2.9329657986195095,Life Is Beautiful (La Vita è bella) (1997),Comedy|Drama|Romance|War,118799,637.0
594,-2.50406628614851,13.51531549246152,3.0932952293184246,Snow White and the Seven Dwarfs (1937),Animation|Children|Drama|Fantasy|Musical,29583,408.0
880,1.0158920361701849,4.967411461393609,3.4830827810264506,"Island of Dr. Moreau, The (1996)",Sci-Fi|Thriller,116654,9306.0
8373,0.45424221495452116,0.9328087903525765,3.765533193568122,"Stepford Wives, The (2004)",Comedy|Fantasy|Thriller,327162,9890.0
3499,1.8539715508550372,5.136280509759602,3.6395274837035907,Misery (1990),Drama|Horror|Thriller,100157,1700.0
59315,1.1109687136660384,9.760825504992688,3.3923905633462255,Iron Man (2008),Action|Adventure|Sci-Fi,371746,1726.0
71264,-0.8546604749841684,2.470080524055478,2.932566321992574,Cloudy with a Chance of Meatballs (2009),Animation|Children|Fantasy|IMAX,844471,22794.0
152081,-0.4923420725353681,4.682208522865752,3.1734197527904384,Zootopia (2016),Action|Adventure|Animation|Children|Comedy,2948356,269149.0
610,0.6056968431913671,7.7580812150572,3.3566444502891963,Heavy Metal (1981),Action|Adventure|Animation|Horror|Sci-Fi,82509,11827.0
761,-0.874635943004181,3.9921558087512534,3.0594827995437535,"Phantom, The (1996)",Action|Adventure,117331,9826.0
1881,1.0920631482196725,0.6793985780517078,4.885968299126194,Quest for Camelot (1998),Adventure|Animation|Children|Fantasy|Musical,120800,18937.0
2915,-0.417913495584261,7.756147618009857,3.224689847641501,Risky Business (1983),Comedy,86200,9346.0
3316,2.4517412879669758,2.711319674061621,4.1828326676359495,Reindeer Games (2000),Action|Thriller,184858,2155.0
2080,0.09473448250945217,7.781078218404404,3.290746409962231,Lady and the Tramp (1955),Animation|Children|Comedy|Romance,48280,10340.0
4343,1.5923514946460178,3.492596634381804,3.7344933861689933,Evolution (2001),Comedy|Sci-Fi,251075,9397.0
7444,0.44674074335186803,1.6094919685989422,3.5561377364920292,13 Going on 30 (2004),Comedy|Fantasy|Romance,337563,10096.0
61240,0.2804048567268776,1.313646589583881,3.492026751296927,Let the Right One In (Låt den rätte komma in) (2008),Drama|Fantasy|Horror|Romance,1139797,13310.0
8966,0.1565093620639625,0.165368382558149,4.225,Kinsey (2004),Drama,362269,11184.0
136018,0.16872433187511032,0.21592095408012527,4.059988556862271,Black Mass (2015),Crime|Drama,1355683,261023.0
6218,2.324413578598223,4.73904604827255,3.769052752222104,Bend It Like Beckham (2002),Comedy|Drama|Romance,286499,455.0
7139,-0.34945314042182635,0.44440441472006253,2.492231039396959,In America (2002),Drama|Romance,298845,10511.0
50740,0.016235840904271694,0.060975140206802794,3.5448412698412697,Seven Up! (1964),Documentary,58578,51863.0
3468,-0.4589330948157692,1.3353212540216366,2.934884024934601,"Hustler, The (1961)",Drama,54997,990.0
146986,-0.2210577113464233,0.41944283691372614,2.7515444015444013,Le Maître d'école (1981),Comedy,82726,53179.0
5749,0.08770177660784535,0.2216638309868618,3.674223602484472,Ghost Story (1981),Drama|Horror,82449,24634.0
5970,0.019110986068903452,0.7623794940423789,3.303638978549158,My Girl (1991),Comedy|Drama|Romance,102492,4032.0
4736,0.04447650727946501,0.08909955988769268,3.777749060150376,Summer Catch (2001),Comedy|Drama|Romance,234829,26602.0
6332,0.41123285324324504,0.35162090178137684,4.448106149516239,"Lizzie McGuire Movie, The (2003)",Children|Comedy|Romance,306841,18736.0
5264,0.1352977604205096,0.10742542458452853,4.53802896335687,Clockstoppers (2002),Action|Adventure|Sci-Fi|Thriller,250305,15028.0
5999,0.48554801608635795,0.48014211712183363,4.289830384559146,Heavy Metal 2000 (2000),Action|Adventure|Animation|Fantasy|Sci-Fi,119273,16225.0
6285,-0.23466515959639253,0.48014211712183363,2.789830384559146,Levity (2003),Drama,304328,21052.0
61026,0.14271175096814348,0.5898693807040893,3.5205093145450954,Red Cliff (Chi bi) (2008),Action|Adventure|Drama|War,425637,12289.0
2445,0.059533040914352305,0.17024360822876175,3.628264680105171,At First Sight (1999),Drama,132512,15556.0
33834,-0.077862857277103,0.29480564246126767,3.0144555296115474,Land of the Dead (2005),Action|Horror|Thriller,418819,11683.0
91079,-0.0003193998354832072,0.0032103778335747994,3.179081632653061,Like Crazy (2011),Drama|Romance,1758692,60420.0
4412,-0.06365050588967286,0.029660461004242435,1.1325998645903859,"Thing with Two Heads, The (1972)",Comedy|Horror|Sci-Fi,69372,28650.0
1589,0.337085383828076,1.458017645093431,3.5097657388477455,Cop Land (1997),Action|Crime|Drama|Thriller,118887,2142.0
2716,-5.287743904166987,17.937198568683534,2.983779358119645,Ghostbusters (a.k.a. Ghost Busters) (1984),Action|Comedy|Sci-Fi,87332,620.0
2947,-0.03204035156458568,8.173503171886217,3.27465140176153,Goldfinger (1964),Action|Adventure|Thriller,58150,658.0
3740,-1.980227319825162,4.808153785083048,2.866723678200241,Big Trouble in Little China (1986),Action|Adventure|Comedy|Fantasy,90728,6978.0
6874,-4.869752982652398,14.253084172357209,2.9369083243783782,Kill Bill: Vol. 1 (2003),Action|Crime|Thriller,266697,24.0
3681,0.055071651987731216,5.942527555163987,3.2878388070524713,For a Few Dollars More (Per qualche dollaro in più) (1965),Action|Drama|Thriller|Western,59578,938.0
1059,-2.1414724884487204,4.835540840179572,2.8357104210384643,William Shakespeare's Romeo + Juliet (1996),Drama|Romance,117509,454.0
85354,0.2501495989067053,0.7969401163644969,3.592459001514606,Mesrine: Public Enemy #1 (L'ennemi public n°1) (2008),Action|Crime,411272,15362.0
1379,1.9003951915403285,2.6877703399121122,3.9856240972166486,Young Guns II (1990),Action|Western,100994,9086.0
82202,0.12446750072228119,0.5627800876871497,3.499736859697117,"Tourist, The (2010)",Drama|Thriller,1243957,37710.0
2875,0.9583227350465019,1.330894858986892,3.9986303637873926,Sommersby (1993),Drama|Mystery|Romance,108185,1049.0
4577,-0.5559376481484902,0.6672030029653917,2.4453352985216252,Casualties of War (1989),Drama|War,97027,10142.0
171759,-0.046745043097692736,0.21310240235712877,3.059216589861751,The Beguiled (2017),Drama|Thriller|Western,5592248,399019.0
2356,0.047467663697618116,0.1721302148226759,3.5543374452845202,Celebrity (1998),Comedy,120533,9466.0
3201,0.07893597572755082,1.3060365910289884,3.339010757966755,Five Easy Pieces (1970),Drama,65724,26617.0
26429,-0.2210577113464233,0.41944283691372614,2.7515444015444013,Love at First Bite (1979),Comedy|Horror|Romance,79489,18966.0
91666,-0.2210577113464233,0.41944283691372614,2.7515444015444013,Last Holiday (1950),Comedy|Drama|Romance,42665,16939.0
2298,-0.13396205437901643,0.2216638309868618,2.674223602484472,Strangeland (1998),Thriller,124102,27791.0
62439,-0.2934055935684803,0.45595853691058064,2.6350795980280277,My Best Friend's Girl (2008),Comedy|Romance,1046163,13596.0
168266,-0.1329066576565354,0.8379272406014856,3.119957826797208,T2: Trainspotting (2017),Crime|Drama,2763304,180863.0
80126,0.021943313631867297,0.007630988852936347,6.154124525916561,"American, The (2010)",Drama|Thriller,1440728,27579.0
7352,-0.23466515959639253,0.48014211712183363,2.789830384559146,Wilbur Wants to Kill Himself (2002),Comedy|Drama|Romance,329767,156.0
5540,-0.008135643944849887,0.2734075758395177,3.248814959973699,Clash of the Titans (1981),Action|Adventure|Fantasy|Romance,82186,10323.0
183897,-0.22775973085841048,0.2692353848330872,2.4326212166421515,Isle of Dogs (2018),Animation|Comedy,5104604,399174.0
43871,0.14949518104343806,0.6851418970087204,3.4967673697277393,Firewall (2006),Crime|Drama|Thriller,408345,9754.0
45442,0.38935210075125315,0.39460007819285986,4.2652719445327,Poseidon (2006),Action|Adventure|Thriller|IMAX,409182,503.0
33085,0.5645652385761813,0.5853474612771281,4.243067349241173,"Amityville Horror, The (2005)",Horror|Thriller,384806,10065.0
3511,0.3186626304714678,0.8162124530762143,3.668987709615002,Ready to Rumble (2000),Comedy,217756,20697.0
26523,-0.077862857277103,0.29480564246126767,3.0144555296115474,"Silent Night, Deadly Night (1984)",Horror|Thriller,88117,27414.0
131610,-0.6405005482601495,0.41944283691372614,1.7515444015444013,Willy/Milly (1986),Comedy|Fantasy,92216,46836.0
3099,-0.37993085263644455,0.7514351472670406,2.7729644523496644,Shampoo (1975),Comedy|Drama|Romance,73692,31121.0
1377,2.6363132290550855,8.960291498341777,3.5727932437370367,Batman Returns (1992),Action|Crime,103776,364.0
2099,0.08073386028732664,0.18087801505260898,3.724915669267817,Song of the South (1946),Adventure|Animation|Children|Musical,38969,13850.0
2273,1.4666747217243912,4.590971680163695,3.5980407749107846,Rush Hour (1998),Action|Comedy|Crime|Thriller,120812,2109.0
310,-0.3813377488760884,0.7725164719167213,2.784940855323021,Rent-a-Kid (1995),Comedy,114268,36357.0
485,3.2040552126031345,11.41076760812891,3.5593636874831427,Last Action Hero (1993),Action|Adventure|Comedy|Fantasy,107362,9593.0
838,0.08530559964388613,4.748915467687194,3.296534603579349,Emma (1996),Comedy|Drama|Romance,116191,3573.0
4223,1.035139989578208,5.5638514274401265,3.4646188101519364,Enemy at the Gates (2001),Drama|War,215750,853.0
6539,1.410317624615674,14.54672182485232,3.3755223183730205,Pirates of the Caribbean: The Curse of the Black Pearl (2003),Action|Adventure|Comedy|Fantasy,325980,22.0
742,0.14872225501266084,2.3556682438536454,3.34170521466406,Thinner (1996),Horror|Thriller,117894,10280.0
4855,-0.3711238619836668,1.314169783151037,2.9961696668342133,Dirty Harry (1971),Action|Crime|Thriller,66999,984.0
4626,-0.13157083841724068,0.34018496996183334,2.8918087846133425,Miracle Mile (1989),Drama|Romance|Sci-Fi,97889,24739.0
7379,-0.346239615854881,0.7587374065424649,2.822234871457841,The Alamo (2004),Drama|War|Western,318974,10733.0
1513,2.9028565722892123,3.8276426556330034,4.036964213231507,Romy and Michele's High School Reunion (1997),Comedy,120032,9611.0
2297,-0.49920180473640324,0.928810190228466,2.7411076819542526,What Dreams May Come (1998),Adventure|Drama|Fantasy|Romance,120889,12159.0
2906,0.14857521915193317,0.3573044940723198,3.694393847871481,Random Hearts (1999),Drama|Romance,156934,12618.0
6793,0.31657652160507743,0.431087155480954,4.012939218425617,Beethoven (1992),Children|Comedy|Drama,103786,11806.0
54881,0.029835693937372884,0.35578078266807045,3.3624311966950162,"King of Kong, The (2007)",Documentary,923752,13958.0
6235,-0.47026884987957446,0.6452526079743,2.5497578692493947,Europa Europa (Hitlerjunge Salomon) (1990),Drama|War,99776,8996.0
900,-0.10390285096650348,0.6089197423927628,3.1079367065664973,"American in Paris, An (1951)",Musical|Romance,43278,2769.0
77688,-0.43077912980328636,0.41944283691372614,2.2515444015444013,Three Men and a Cradle (3 hommes et un couffin) (1985),Comedy,90206,4180.0
88812,0.7557289974161825,0.7099846557295866,4.3430014712736735,30 Minutes or Less (2011),Action|Comedy|Crime,1622547,62206.0
107951,-0.6405005482601495,0.41944283691372614,1.7515444015444013,Hunting Elephants (2013),Comedy|Crime,2295196,204810.0
140133,-0.6405005482601495,0.41944283691372614,1.7515444015444013,Hollywood Chainsaw Hookers (1988),Comedy|Horror,95312,27412.0
7650,-0.023130138885585544,0.2216638309868618,3.174223602484472,"Witchfinder General (Conquerer Worm, The) (1968)",Horror,63285,31965.0
3102,0.240636804011055,0.38146402454025186,3.9093958013312853,Jagged Edge (1985),Crime|Romance|Thriller,89360,12235.0
43917,0.38393139016492206,0.4836996380805525,4.072310683139538,Eight Below (2006),Action|Adventure|Drama|Romance,397313,9036.0
6429,-0.004765147353409919,0.007630988852936347,2.6541245259165613,Winchester '73 (1950),Western,43137,14551.0
4133,0.005405898964524296,0.48014211712183363,3.289830384559146,Masters of the Universe (1987),Action|Adventure|Fantasy|Sci-Fi,93507,11649.0
698,0.8950057626023207,0.3736481792117796,5.673888232979142,Delta of Venus (1995),Drama,109593,38867.0
870,0.42267491381539696,0.2399071501563318,5.0403985085061755,Gone Fishin' (1997),Comedy,119214,9054.0
27882,-0.06207858772081297,0.12127155267532036,2.766674068050156,Riding Giants (2004),Documentary,389326,291.0
85342,-0.34173317823993415,0.42830558339405067,2.4806990881458963,Elite Squad: The Enemy Within (Tropa de Elite 2 - O Inimigo Agora É Outro) (2010),Action|Crime|Drama,1555149,47931.0
3938,-0.077862857277103,0.29480564246126767,3.0144555296115474,"Slumber Party Massacre, The (1982)",Horror,84695,27475.0
7846,0.21694278518416468,0.29480564246126767,4.014455529611547,Tremors 3: Back to Perfection (2001),Comedy|Horror|Sci-Fi,259685,10829.0
171765,0.4407939993519101,0.6611909990278648,3.9452380952380954,Okja (2017),Action|Adventure|Drama|Sci-Fi,3967856,387426.0
196,4.190037732775126,8.41898091390213,3.7762608491349297,Species (1995),Horror|Sci-Fi,114508,9348.0
437,-2.0362109624146347,3.0990662376518396,2.6215312731607874,Cops and Robbersons (1994),Comedy,109480,26261.0
1438,0.7470338085624888,2.872275057017665,3.538655784607353,Dante's Peak (1997),Action|Thriller,118928,9619.0
162350,0.29108074315234933,0.8915751914908082,3.6050506149938677,The Magnificent Seven (2016),Action|Western,2404435,333484.0
829,0.5698878488690419,1.4987712536364388,3.6588081374663544,Joe's Apartment (1996),Comedy|Fantasy|Musical,116707,11962.0
2369,0.8705558186326174,1.8008194263608321,3.7619934784944857,Desperately Seeking Susan (1985),Comedy|Drama|Romance,89017,8130.0
2135,-0.331217252401408,2.3853292467415743,3.1397154392551276,Doctor Dolittle (1967),Adventure|Children|Musical,61584,16081.0
6156,-0.018722616022861828,1.5758318057198801,3.2666903280917303,Shanghai Knights (2003),Action|Adventure|Comedy,300471,6038.0
456,-0.3070875837484864,1.155100910354679,3.0127179598435805,Fresh (1994),Crime|Drama|Thriller,109842,13815.0
60943,-0.17539049250068162,0.11852113897497156,1.7987468671679196,Frozen River (2008),Drama,978759,10183.0
1272,-0.05341914168054368,3.8638144404905215,3.264745935007156,Patton (1970),Drama|War,66206,11202.0
1945,0.06581754029078155,2.116201399382493,3.3096731660100236,On the Waterfront (1954),Crime|Drama,47296,654.0
69712,0.1565093620639625,0.165368382558149,4.225,My Sister's Keeper (2009),Drama,1078588,10024.0
92475,-0.2598474454548215,0.21310240235712877,2.059216589861751,All Watched Over by Machines of Loving Grace (2011),Documentary,1955162,192695.0
2202,-0.8186383913666742,0.547285000886964,1.7827540938373538,Lifeboat (1944),Drama|War,37017,13321.0
6591,-1.8320508501103947,1.3749446514277612,1.9461171743525636,"Magdalene Sisters, The (2002)",Drama,318411,8094.0
136359,-0.6405005482601495,0.41944283691372614,1.7515444015444013,Scooby-Doo Goes Hollywood (1979),Animation|Children|Comedy,191423,36972.0
140481,-0.43077912980328636,0.41944283691372614,2.2515444015444013,"Family Guy Presents: Something, Something, Something, Dark Side (2009)",Animation|Comedy|Sci-Fi,1329665,278604.0
6433,-0.22699935051214937,0.25688641233506565,2.394914918876138,"Man with the Movie Camera, The (Chelovek s kino-apparatom) (1929)",Documentary,19760,26317.0
172585,-0.22699935051214937,0.25688641233506565,2.394914918876138,Karlson Returns (1970),Adventure|Animation|Children,209074,72203.0
44694,0.4727596990250067,0.9167371158470341,3.794269648762058,Volver (2006),Comedy|Drama,441909,219.0
1957,-0.10250148229828801,0.9658298045899533,3.1724435354259013,Chariots of Fire (1981),Drama,82158,9443.0
4440,0.7499999986138615,0.9999999981518153,4.0285714285714285,"Big Boss, The (Fists of Fury) (Tang shan da xiong) (1971)",Action|Thriller,67824,12481.0
3129,-0.22593877503301824,0.3736481792117796,2.673888232979142,Sweet and Lowdown (1999),Comedy|Drama,158371,9684.0
2469,-0.795183681081776,0.6168070772247953,1.9893779182447444,Peggy Sue Got Married (1986),Comedy|Drama,91738,10013.0
59985,-0.07478794139513753,0.09979443573159218,2.5291514749751407,Chaos Theory (2007),Comedy|Drama|Romance,460745,12912.0
62511,-0.10275358080644445,0.39460007819285986,3.0181721370228245,"Synecdoche, New York (2008)",Comedy|Drama,383028,4960.0
184253,-0.0881902748317741,0.2905418188158605,2.975034143676591,The Cloverfield Paradox (2018),Horror|Mystery|Sci-Fi|Thriller,2548396,384521.0
441,-2.7918865738408294,6.559879789530621,2.8529711640213677,Dazed and Confused (1993),Comedy,106677,9571.0
733,0.842365615353598,16.579379347459298,3.3293794593004367,"Rock, The (1996)",Action|Adventure|Thriller,117500,9802.0
2174,-5.212588484622982,16.375845557136177,2.9602618508194896,Beetlejuice (1988),Comedy|Fantasy,94721,4011.0
2338,1.414585563861337,2.1731970350174206,3.9294951787273815,I Still Know What You Did Last Summer (1998),Horror|Mystery|Thriller,130018,3600.0
800,-0.4426465086393452,3.922426120917323,3.16572124478369,Lone Star (1996),Drama|Mystery|Western,116905,26748.0
290,-0.267448037521384,5.155369842025413,3.226693862903645,Once Were Warriors (1994),Crime|Drama,110729,527.0
217,0.5628930027966244,2.8941150173433337,3.473067155045124,"Babysitter, The (1995)",Drama|Thriller,112438,37141.0
986,0.1312710511469925,3.2737174983877995,3.3186698949820577,Fly Away Home (1996),Adventure|Children,116329,11076.0
111759,0.26393847823467925,4.671286427279276,3.33507373951801,Edge of Tomorrow (2014),Action|Sci-Fi|IMAX,1631867,137113.0
2171,0.18672579513494647,1.0530467572634874,3.455890995672308,Next Stop Wonderland (1998),Comedy|Drama|Romance,119778,41469.0
5630,-0.42825892063827165,2.3278823505512314,3.0946021139121793,Red Dragon (2002),Crime|Mystery|Thriller,289765,9533.0
30825,0.6963843578413861,2.1585814943363304,3.6011834585867666,Meet the Fockers (2004),Comedy,290002,693.0
88744,-0.720248329641484,2.641321845658235,3.0058866246254734,Rise of the Planet of the Apes (2011),Action|Drama|Sci-Fi|Thriller,1318514,61791.0
1643,-0.045759439591892534,1.371277790133569,3.2452015016892646,"Mrs. Brown (a.k.a. Her Majesty, Mrs. Brown) (1997)",Drama|Romance,119280,17589.0
59501,0.16777009207074323,0.9222054060294487,3.4604941227714945,"Chronicles of Narnia: Prince Caspian, The (2008)",Adventure|Children|Fantasy,499448,2454.0
4068,-0.04123766145113809,0.6373946987076369,3.213874214216257,Sugar & Spice (2001),Comedy,186589,16723.0
948,-0.0702450663511099,0.19389182986849401,2.916281452770214,Giant (1956),Drama|Romance|Western,49261,1712.0
158882,-0.6405005482601495,0.41944283691372614,1.7515444015444013,All Yours (2016),Comedy|Drama|Romance,5368354,387398.0
3563,-0.1820348055471483,0.3930683480753193,2.8154590807100663,"Crow: Salvation, The (2000)",Action|Horror,132910,9456.0
1833,-0.3850878602746525,1.3981865660861428,3.0031519176025845,Mercury Rising (1998),Action|Drama|Thriller,120749,8838.0
42191,-0.09855614434461654,0.25688641233506565,2.894914918876138,Luxo Jr. (1986),Animation|Children,91455,13925.0
1735,0.485671111446245,0.6610169429397852,4.013304655357246,Great Expectations (1998),Drama|Romance,119223,9410.0
131023,0.09333445180803573,0.28873247681622577,3.6018272425249167,That Sugar Film (2014),Documentary,3892434,305091.0
2561,-0.13839452868795082,0.652211008976114,3.066378554205183,True Crime (1999),Crime|Thriller,139668,10354.0
33880,-0.03535233532955061,0.8484560479092176,3.236904761904762,Me and You and Everyone We Know (2005),Comedy|Drama,415978,1382.0
5387,-0.008580641779878093,0.007630988852936347,2.1541245259165613,Enough (2002),Drama|Thriller,278435,1957.0
7038,-0.23466515959639253,0.48014211712183363,2.789830384559146,Things You Can Tell Just by Looking at Her (2000),Drama|Romance,210358,20067.0
3422,-0.002115896203386314,0.7911966086552779,3.2758971296926926,She's Gotta Have It (1986),Comedy|Romance,91939,27995.0
27674,-0.2002591841712822,0.39460007819285986,2.7710723295129482,11:14 (2003),Comedy|Crime|Drama|Mystery|Thriller,331811,9282.0
6405,0.06953996395353083,0.29480564246126767,3.5144555296115474,Treasure Island (1950),Adventure|Children,43067,6646.0
74075,0.6591512488760661,0.29480564246126767,5.514455529611547,Stan Helsing (2009),Comedy|Horror,1185266,23988.0
4345,-0.316090451956741,0.3461534025504529,2.3654200638071607,"Anniversary Party, The (2001)",Drama,254099,26475.0
3971,-0.004329583881187994,0.029660461004242435,3.132599864590386,"Private Eyes, The (1981)",Comedy|Mystery,81376,13762.0
3710,0.19747264946194032,0.3232042989320895,3.8895554102647925,Action Jackson (1988),Action|Comedy|Crime|Thriller,94612,10117.0
3273,2.104786277739571,3.142690252408372,3.948311717525005,Scream 3 (2000),Comedy|Horror|Mystery|Thriller,134084,4234.0
537,1.0676425381148764,3.698559498506533,3.567235850097157,Sirens (1994),Drama,111201,12519.0
1037,0.9685809418336863,4.468598184870648,3.4953241778145836,"Lawnmower Man, The (1992)",Action|Horror|Sci-Fi|Thriller,104692,10163.0
5956,0.268656766379192,7.556166158224922,3.314126068418351,Gangs of New York (2002),Crime|Drama,217505,3131.0
3513,0.3692115203071291,0.5924388300805722,3.901777575030323,Rules of Engagement (2000),Drama|Thriller,160797,10479.0
2081,-1.4273369423074345,9.020181442921986,3.120333265476888,"Little Mermaid, The (1989)",Animation|Children|Comedy|Musical|Romance,97757,10144.0
8641,0.9009318914422019,4.107833701850236,3.497891867720756,Anchorman: The Legend of Ron Burgundy (2004),Comedy,357413,8699.0
102125,-0.2989364671447201,2.8604361214715825,3.17406412463243,Iron Man 3 (2013),Action|Sci-Fi|Thriller|IMAX,1300854,68721.0
91535,-0.006087976588809746,1.1432609699510428,3.273246330672678,"Bourne Legacy, The (2012)",Action|Adventure|Drama|Thriller|IMAX,1194173,49040.0
103384,0.38314134720345855,0.43507530882643786,4.159203676438896,"Lone Ranger, The (2013)",Action|Adventure|Western|IMAX,1210819,57201.0
54997,-0.3941858485351068,1.7492992641748448,3.0532321418021935,3:10 to Yuma (2007),Action|Crime|Drama|Western,381849,5176.0
67534,0.0023912159617757362,0.11852113897497156,3.2987468671679196,Big Stan (2007),Comedy,490086,13161.0
307,-1.193117335204665,6.284754392623739,3.0887283160696897,Three Colors: Blue (Trois couleurs: Bleu) (1993),Drama,108394,108.0
1545,-0.5195564092399763,0.4288402108012502,2.067032967032967,Ponette (1996),Drama,117359,38523.0
3326,0.7784683577822932,0.6672030029653917,4.445335298521625,What Planet Are You From? (2000),Comedy|Sci-Fi,181151,10416.0
4361,-1.8615924239062362,2.4379940193071983,2.51499596072215,Tootsie (1982),Comedy|Romance,84805,9576.0
62336,-0.22695278344911632,1.247230515844934,3.0966060416073615,FLCL (2000),Animation|Comedy|Fantasy|Sci-Fi,279077,225130.0
91094,0.17046655640709663,0.5646193613797921,3.580485546412726,"Muppets, The (2011)",Children|Comedy|Musical,1204342,64328.0
149406,-0.05470035208698726,0.6325452392708549,3.1920948436712857,Kung Fu Panda 3 (2016),Action|Adventure|Animation,2267968,140300.0
1096,-0.33094831956472565,0.5228308243848138,2.6455782993806727,Sophie's Choice (1982),Drama,84707,15764.0
27473,-0.0447392993025311,0.060975140206802794,2.5448412698412697,American Psycho II: All American Girl (2002),Comedy|Crime|Horror|Mystery|Thriller,283877,10726.0
326,0.08570656170582158,0.4863221101483907,3.4548055744540207,To Live (Huozhe) (1994),Drama,110081,31439.0
115111,-0.011336292889560236,0.41944283691372614,3.2515444015444013,Ward 13 (2003),Action|Animation|Comedy|Horror,379000,48585.0
7380,-0.011934258560547476,0.42488692984929555,3.2504833474323345,Ella Enchanted (2004),Comedy|Fantasy|Romance,327679,14442.0
88345,0.029887061822916283,0.25688641233506565,3.394914918876138,Mike's New Car (2002),Animation|Comedy,323250,13931.0
100553,-0.09855614434461654,0.25688641233506565,2.894914918876138,Frozen Planet (2011),Documentary,2092588,134481.0
174551,-0.22699935051214937,0.25688641233506565,2.394914918876138,Obsession (1965),Comedy,862766,435041.0
4613,0.6221008285513069,0.38146402454025186,4.909395801331286,K-9 (1989),Action|Comedy|Crime,97637,10345.0
1727,-0.07418957158156805,0.2593431681164544,2.9925042376737903,"Horse Whisperer, The (1998)",Drama|Romance,119314,547.0
766,1.6341463395031217,0.999999998800418,4.912717770034843,I Shot Andy Warhol (1996),Drama,116594,26890.0
6551,-0.23466515959639253,0.48014211712183363,2.789830384559146,"Anarchist Cookbook, The (2002)",Comedy|Romance,284850,20439.0
229,-1.1111141247941319,1.3736481788631434,2.4696931860263027,Death and the Maiden (1994),Drama|Thriller,109579,10531.0
2983,-0.08007224051520288,0.44204264284420214,3.097429989365473,"Ipcress File, The (1965)",Thriller,59319,15247.0
119167,-0.11530909992584422,0.19890819737208132,2.6988612836438923,Paradox (2010),Sci-Fi|Thriller,1343740,51239.0
31692,0.34600610291578093,0.09540026660984881,6.905459646094087,Uncle Nino (2003),Comedy,327210,32588.0
66171,0.057080634576156156,0.2905418188158605,3.475034143676591,Push (2009),Sci-Fi|Thriller,465580,13455.0
7303,-0.5447332970268127,0.5810488501619335,2.3410714285714285,The Diary of Anne Frank (1959),Drama|War,52738,2576.0
5938,-0.316090451956741,0.3461534025504529,2.3654200638071607,Deathtrap (1982),Comedy|Crime|Mystery|Thriller,83806,17590.0
4916,-0.004329583881187994,0.029660461004242435,3.132599864590386,Midway (1976),Drama|War,74899,11422.0
2872,-0.4540366238699214,2.421780180018492,3.091090901801879,Excalibur (1981),Adventure|Fantasy,82348,11527.0
2991,-0.9356523906125942,3.8171011300234734,3.0334502335228604,Live and Let Die (1973),Action|Adventure|Thriller,70328,253.0
4881,-0.9372593511378426,2.7481155105493538,2.937516131754417,"Man Who Wasn't There, The (2001)",Crime|Drama,243133,10778.0
494,0.6121774892022025,5.2415075632174775,3.3953655916664482,Executive Decision (1996),Action|Adventure|Thriller,116253,2320.0
1036,-3.691027731211005,21.803556225430448,3.109285845382664,Die Hard (1988),Action|Crime|Thriller,95016,562.0
74789,0.9318747051208218,3.4333569975134792,3.549989374854238,Alice in Wonderland (2010),Adventure|Fantasy|IMAX,1014759,12155.0
141688,-0.04010959584860812,0.14970272948699834,3.010643141718839,Legend (2015),Crime|Thriller,3569230,276907.0
160438,0.2732229942224187,0.24900912763454663,4.3758123081242815,Jason Bourne (2016),Action,4196776,324668.0
173,2.7770846233950035,14.893086492215597,3.4650394669358433,Judge Dredd (1995),Action|Crime|Sci-Fi,113492,9482.0
810,2.588931718999252,4.650377604677727,3.835285729877863,Kazaam (1996),Children|Comedy|Fantasy,116756,11511.0
2111,-0.08483402689174324,1.3331456283511744,3.214936950021125,"Man with Two Brains, The (1983)",Comedy,85894,11591.0
2402,2.0712584918068093,2.3656636701970886,4.154122132545442,Rambo: First Blood Part II (1985),Action|Adventure|Thriller,89880,1369.0
108156,-0.07959793779441232,0.6823467492281143,3.1619182197967763,Ride Along (2014),Action|Comedy,1408253,168530.0
100383,0.09273008337734201,0.25589218245456263,3.6409509373467994,Side Effects (2013),Crime|Drama|Mystery|Thriller,2053463,109421.0
111732,-0.15329624427625713,0.21310240235712877,2.559216589861751,"Dance of Reality, The (Danza de la realidad, La) (2013)",Drama|Fantasy,2301592,137698.0
4215,0.07272661163136253,0.19800150088814744,3.6458747636731474,Revenge of the Nerds II: Nerds in Paradise (1987),Comedy,93857,16889.0
6564,2.162786126269783,1.6380908944371322,4.598880413631102,Lara Croft Tomb Raider: The Cradle of Life (2003),Action|Adventure|Comedy|Romance|Thriller,325703,1996.0
103341,-0.3007321017463589,1.665110248044207,3.0979635066037448,"World's End, The (2013)",Action|Comedy|Sci-Fi,1213663,107985.0
44004,-0.0689689471085985,0.45839377012265914,3.1281135654766845,Failure to Launch (2006),Comedy|Romance,427229,6877.0
58291,-0.43077912980328636,0.41944283691372614,2.2515444015444013,College Road Trip (2008),Comedy,997047,13493.0
3018,-0.8258717232814268,1.0675367450673185,2.5049477316846787,Re-Animator (1985),Comedy|Horror|Sci-Fi,89885,1694.0
2495,-0.20447785214789127,0.7782932229500121,3.0158454454607875,"Fantastic Planet, The (Planète sauvage, La) (1973)",Animation|Sci-Fi,70544,16306.0
91261,0.1583302679904491,0.25688641233506565,3.894914918876138,Hipsters (Stilyagi) (2008),Drama|Musical|Romance,1239426,38336.0
134849,0.029887061822916283,0.25688641233506565,3.394914918876138,Duck Amuck (1953),Animation|Children|Comedy,45708,53210.0
26171,-0.6288730095110586,0.4934234382317537,2.00406162464986,Play Time (a.k.a. Playtime) (1967),Comedy,62136,10227.0
2970,0.03245782095950357,0.046890064398847256,3.9707824838478105,Fitzcarraldo (1982),Adventure|Drama,83946,9343.0
5131,-0.4747362181573093,0.48014211712183363,2.289830384559146,How to Kill Your Neighbor's Dog (2000),Comedy|Drama,207524,13791.0
813,0.17843817977787718,0.2695676111605742,3.94051363672338,Larger Than Life (1996),Comedy,116823,34170.0
8916,0.07490371220225073,0.09979443573159218,4.029151474975141,Shall We Dance? (2004),Comedy|Romance,358135,4380.0
5319,-0.23687355093139767,0.45580213588314406,2.7588863892013498,Nine Queens (Nueve reinas) (2000),Crime|Thriller,247586,18079.0
5127,0.21694278518416468,0.29480564246126767,4.014455529611547,Dragonfly (2002),Drama|Fantasy|Mystery|Romance|Thriller,259288,10052.0
8241,-0.22526567850773682,0.29480564246126767,2.5144555296115474,Masterminds (1997),Action|Comedy|Thriller,119630,25224.0
278,0.5206769483940299,0.3232042989320895,4.8895554102647925,Miami Rhapsody (1995),Comedy,113808,17402.0
2046,1.0969713168710578,3.4426352778886486,3.5972143367867377,Flight of the Navigator (1986),Adventure|Children|Sci-Fi,91059,10122.0
2993,0.2016187856266181,2.1306090346975357,3.373201077814064,Thunderball (1965),Action|Adventure|Thriller,59800,660.0
2204,0.7404460757803273,0.512616514001765,4.723015873015873,Saboteur (1942),Mystery|Thriller,35279,31997.0
4020,1.394597269104499,3.5167608295221573,3.6751287541072655,"Gift, The (2000)",Thriller,219699,2046.0
4,-3.66677108540888,3.3570788013805,2.186320902935561,Waiting to Exhale (1995),Comedy|Drama|Romance,114885,31357.0
445,0.7367360088053048,2.6161983689728365,3.5601769893510413,Fatal Instinct (1993),Comedy,106873,26141.0
2581,-0.45812454539993347,4.869857407778115,3.184497925583801,Never Been Kissed (1999),Comedy|Romance,151738,11355.0
5608,-0.06481917466289028,1.7021910738247494,3.2404915821548657,"Das Experiment (Experiment, The) (2001)",Drama|Thriller,250258,575.0
1779,1.0359530915015949,2.7800068855678024,3.6512155025410533,Sphere (1998),Sci-Fi|Thriller,120184,10153.0
3505,-0.6667231086744073,1.2962986816524378,2.7642431197402324,No Way Out (1987),Drama|Mystery|Thriller,93640,10083.0
51084,0.056443573372622645,0.428485925382723,3.410299380480718,Music and Lyrics (2007),Comedy|Romance,758766,11172.0
4333,0.37974778706138845,0.4152238490371387,4.1931330269526015,Throw Momma from the Train (1987),Comedy|Crime,94142,11896.0
7360,-0.577918410416393,0.6867960162491709,2.4371011859619793,Dawn of the Dead (2004),Action|Drama|Horror|Thriller,363547,924.0
3653,-0.053670996429064165,0.08684642627227435,2.6605725225393146,"Endless Summer, The (1966)",Documentary,60371,21.0
5049,-0.045163918812220614,0.4071285427572557,3.1676386049812413,48 Hrs. (1982),Action|Comedy|Crime|Drama,83511,150.0
72489,0.0024230397159369504,0.16076957593839497,3.2936429351160834,Ninja Assassin (2009),Action|Crime|Drama|Thriller,1186367,22832.0
112788,0.19822748288711792,0.16443233230061205,4.484097617452106,Sex Tape (2014),Comedy,1956620,225886.0
55,-0.05784893014476364,0.18626084101555768,2.9679912237932715,Georgia (1995),Drama,113158,97406.0
1340,0.08770177660784535,0.2216638309868618,3.674223602484472,"Bride of Frankenstein, The (Bride of Frankenstein) (1935)",Drama|Horror|Sci-Fi,26138,229.0
5363,0.5582060201862282,1.1095728236150713,3.7816533428954937,"New Guy, The (2002)",Comedy,241760,10985.0
6003,0.27795976843975506,0.5595111942479198,3.775361790046468,Confessions of a Dangerous Mind (2002),Comedy|Crime|Drama|Thriller,290538,4912.0
127198,-0.08087199279756208,0.7213910863120689,3.1664658116154443,Dope (2015),Comedy|Drama,3850214,308639.0
167732,-0.017306522653192557,0.26825110112448486,3.2140552995391705,A Street Cat Named Bob (2016),Comedy|Drama,3606888,404378.0
1318,0.3280157850852928,0.31573225360498364,4.317476327706875,Blue Juice (1995),Comedy|Drama,112537,18762.0
3093,-7.32726643813283e-05,0.08909955988769268,3.277749060150376,McCabe & Mrs. Miller (1971),Drama|Western,67411,29005.0
27821,-0.01961655827177302,0.18889399561928485,3.174721868888705,"Interpreter, The (2005)",Drama|Thriller,373926,179.0
5556,0.6591512488760661,0.29480564246126767,5.514455529611547,FearDotCom (a.k.a. Fear.com) (a.k.a. Fear Dot Com) (2002),Crime|Horror|Thriller,295254,9544.0
31193,-0.077862857277103,0.29480564246126767,3.0144555296115474,"Many Adventures of Winnie the Pooh, The (1977)",Animation|Children|Musical,76363,13716.0
113207,0.08734299200212847,0.19056652800464388,3.736904761904762,Get on Up (2014),Drama|Musical,2473602,239566.0
3926,-0.004329583881187994,0.029660461004242435,3.132599864590386,Voyage to the Bottom of the Sea (1961),Adventure|Sci-Fi,55608,2160.0
450,0.006439826983629937,1.9645315639701941,3.281849475665065,With Honors (1994),Comedy|Drama,111732,16297.0
930,-0.3737115201912641,2.2088234032760763,3.109381116825825,Notorious (1946),Film-Noir|Romance|Thriller,38787,303.0
8,-0.6252339194156837,2.3261657991229807,3.009788386687049,Tom and Huck (1995),Adventure|Children,112302,45325.0
100,-0.21274405942676572,3.4494589648286174,3.2168968118863344,City Hall (1996),Drama|Thriller,115907,11062.0
44665,2.0830783107663446,4.631756862810243,3.7283096968928944,Lucky Number Slevin (2006),Crime|Drama|Mystery,425210,186.0
56757,-0.792993910030882,2.550423725675589,2.9676450903133325,Sweeney Todd: The Demon Barber of Fleet Street (2007),Drama|Horror|Musical|Thriller,408236,13885.0
65596,-0.04010959584860812,0.14970272948699834,3.010643141718839,Mesrine: Killer Instinct (L'instinct de mort) (2008),Action|Crime|Drama|Thriller,1259014,13635.0
88094,0.10959313363839022,0.14970272948699834,4.010643141718839,Upside Down: The Creation Records Story (2010),Documentary,1764726,64780.0
95441,-0.25518402149791036,2.0669215383974007,3.1551105149579546,Ted (2012),Comedy|Fantasy,1637725,72105.0
2424,4.191242618841523,6.323624509795643,3.9413626193432805,You've Got Mail (1998),Comedy|Romance,128853,9489.0
4054,-0.22331227810117682,1.011902137371144,3.0578857813592113,Save the Last Dance (2001),Drama|Romance,206275,9816.0
4299,0.5701974842344096,4.365859005953387,3.409175161641341,"Knight's Tale, A (2001)",Action|Comedy|Romance,183790,9476.0
58998,0.7509284949805066,2.811779848711662,3.5456366098389367,Forgetting Sarah Marshall (2008),Comedy|Romance,800039,9870.0
61160,-0.6837386576695108,0.35944315123131093,1.376355027097952,Star Wars: The Clone Wars (2008),Action|Adventure|Animation|Sci-Fi,1185834,12180.0
59129,0.06165178544926152,0.11852113897497156,3.7987468671679196,Outpost (2008),Action|Horror,892899,9017.0
6567,-0.0050153257497625656,0.06161685921136856,3.197176079734219,Buffalo Soldiers (2001),Comedy|Crime|Drama|War,252299,9104.0
2574,0.10585945585237716,0.18706088584355804,3.8444805194805194,"Out-of-Towners, The (1999)",Comedy,129280,8970.0
2159,-0.11646030099082283,0.4669358572839436,3.029157511918625,Henry: Portrait of a Serial Killer (1986),Crime|Horror|Thriller,99763,10692.0
3959,0.47868166364885295,0.8567902537052797,3.8372631989069843,"Time Machine, The (1960)",Action|Adventure|Sci-Fi,54387,2134.0
8866,0.14927516598737564,0.5483650559305118,3.5507900252397975,Wimbledon (2004),Comedy|Romance,360201,11823.0
7209,0.4081065440241659,0.41944283691372614,4.251544401544401,"M. Hulot’s Holiday (Mr. Hulot's Holiday) (Vacances de Monsieur Hulot, Les) (1953)",Comedy,46487,778.0
118572,-0.2210577113464233,0.41944283691372614,2.7515444015444013,The Mule (2014),Comedy|Crime|Drama,2130270,253272.0
167854,-0.43077912980328636,0.41944283691372614,2.2515444015444013,"Dana Carvey: Straight White Male, 60 (2016)",Comedy,6217368,423122.0
4254,1.0668249006333397,1.293790239167343,4.103144739095031,Crocodile Dundee in Los Angeles (2001),Comedy|Drama,231402,9290.0
26236,0.029887061822916283,0.25688641233506565,3.394914918876138,"White Sun of the Desert, The (Beloe solntse pustyni) (1970)",Action|Adventure|Comedy|Drama|Romance|War,66565,20848.0
119153,-0.0032701308303186814,0.002818551722996489,2.1183547103051747,Bill Burr: You People Are All the Same (2012),Comedy,2290153,191489.0
4066,0.23538913261496794,0.7276174270907048,3.6020781559407062,I'm Gonna Git You Sucka (1988),Action|Comedy,95348,17006.0
6212,0.08158504812824532,0.10742542458452853,4.03802896335687,Bringing Down the House (2003),Comedy,305669,10678.0
4160,-0.23466515959639253,0.48014211712183363,2.789830384559146,"Widow of St. Pierre, The (Veuve de Saint-Pierre, La) (2000)",Drama|Romance,191636,48217.0
4313,0.005405898964524296,0.48014211712183363,3.289830384559146,"Man Who Cried, The (2000)",Drama,206917,29572.0
6425,0.18276776365906516,0.2399071501563318,4.0403985085061755,"6th Man, The (Sixth Man, The) (1997)",Comedy,120142,36807.0
30883,0.6864465755792752,0.39460007819285986,5.018172137022825,Fat Albert (2004),Comedy|Fantasy,396592,15045.0
757,-0.0744891299975752,0.29506373824282167,3.026120448179271,Ashes of Time (Dung che sai duk) (1994),Drama,109688,40751.0
4248,1.7244863684702172,0.8162124530762143,5.3913624818943955,Josie and the Pussycats (2001),Comedy,236348,19366.0
1256,-0.6301323570216344,2.744353167388193,3.048960908865128,Duck Soup (1933),Comedy|Musical|War,23969,3063.0
3479,-0.5410086514481351,4.190578035100724,3.1494702289477514,Ladyhawke (1985),Adventure|Fantasy|Romance,89457,526.0
1279,-1.8943720333383758,1.4861820693553522,2.0039146604675846,Night on Earth (1991),Comedy|Drama,102536,339.0
161,-0.3160018673266592,24.13254149660735,3.2654769989038743,Crimson Tide (1995),Drama|Thriller|War,112740,8963.0
1385,-0.04747838668823223,5.842834529850088,3.270445511870267,Under Siege (1992),Action|Drama|Thriller,105690,8845.0
555,-2.7177826430955303,11.632697564376347,3.0449383758719075,True Romance (1993),Crime|Thriller,108399,319.0
88129,-0.4074081178467717,2.1001188930006935,3.0845785459757873,Drive (2011),Crime|Drama|Film-Noir|Thriller,780504,64690.0
2687,0.4794332309045584,3.503049957894787,3.4154330881729607,Tarzan (1999),Adventure|Animation|Children|Drama,120855,37135.0
90249,0.15401030126479903,0.7254846401637799,3.4908575236016843,Real Steel (2011),Action|Drama|Sci-Fi|IMAX,433035,39254.0
134368,0.04934248096658375,1.4246338618666032,3.313206630139594,Spy (2015),Action|Comedy|Crime,3079380,238713.0
139642,-0.7431695760769884,0.6123937366275516,2.0650228051488266,Southpaw (2015),Action|Drama,1798684,307081.0
104863,0.011887057951704168,0.14502210701079107,3.3605386416861824,What If (2013),Comedy|Drama|Romance,1486834,212716.0
54281,0.016235840904271694,0.060975140206802794,3.5448412698412697,Charlie Bartlett (2007),Comedy|Drama,423977,8669.0
987,0.12841191087079404,0.18626084101555768,3.9679912237932715,Bliss (1997),Drama|Romance,118742,63945.0
74698,1.022249433453112,0.7735605549495208,4.600057415560281,Tooth Fairy (2010),Comedy|Fantasy,808510,23023.0
6283,-0.8300086903641137,2.098821094976733,2.883107188026755,Cowboy Bebop: The Movie (Cowboy Bebop: Tengoku no Tobira) (2001),Action|Animation|Sci-Fi|Thriller,275277,11299.0
3629,-0.7231741772205744,1.2773420320875002,2.712415959594396,"Gold Rush, The (1925)",Adventure|Comedy|Romance,15864,962.0
156371,-0.06356547014436952,0.45313998518758414,3.1382936507936505,Everybody Wants Some (2016),Comedy,2937696,295699.0
1066,0.6774418043178864,1.0320089609441627,3.9350015856294736,Shall We Dance (1937),Comedy|Musical|Romance,29546,31530.0
177615,0.09719310077834493,0.12426832170945533,4.060694333599361,Lady Bird (2017),Comedy,4925292,391713.0
180985,0.1588621175908997,0.6258764970317336,3.5323948559477802,The Greatest Showman (2017),Drama,1485796,316029.0
3036,-0.5561049282448355,0.47170310384844455,2.0996414539586077,"Quest for Fire (Guerre du feu, La) (1981)",Adventure|Drama,82484,62204.0
147374,-0.7330967482584229,0.8497126994179822,2.4158130529927613,"Doctor Who: The Doctor, the Widow and the Wardrobe (2011)",Adventure|Drama,1998643,315623.0
58105,0.12480093006804682,0.09979443573159218,4.529151474975141,"Spiderwick Chronicles, The (2008)",Adventure|Children|Drama|Fantasy|IMAX,416236,8204.0
2937,-0.3587958011217135,0.646214671683286,2.7233444786987064,"Palm Beach Story, The (1942)",Comedy,35169,32255.0
2163,-0.03399004488543043,0.029660461004242435,2.132599864590386,Attack of the Killer Tomatoes! (1978),Comedy|Horror,80391,2182.0
1060,-1.2772471946708077,6.022959546090112,3.066508374702845,Swingers (1996),Comedy|Drama,117802,10218.0
4002,2.9637633415950515,4.589245461105966,3.9243776655036346,"Planes, Trains & Automobiles (1987)",Comedy,93748,2609.0
39,4.892422009890337,19.77244474572744,3.526007801402741,Clueless (1995),Comedy|Romance,112697,9603.0
719,0.03817097586708862,4.21837646489875,3.287620164781843,Multiplicity (1996),Comedy,117108,9304.0
981,-0.34871939166125426,1.3223687792524985,3.0148633033248715,Dangerous Ground (1997),Drama,118927,52855.0
922,-0.8586854261890606,4.593807677847194,3.0916490568905424,Sunset Blvd. (a.k.a. Sunset Boulevard) (1950),Drama|Film-Noir|Romance,43014,599.0
5418,-0.20103710173711262,11.477828967076402,3.261056173525045,"Bourne Identity, The (2002)",Action|Mystery|Thriller,258463,2501.0
64197,-0.11496096059210728,0.14970272948699834,2.510643141718839,Hunger (2008),Drama,986233,10360.0
1015,1.2180788491123211,4.469453906001915,3.5511055848084117,Homeward Bound: The Incredible Journey (1993),Adventure|Children|Drama,107131,6878.0
1022,0.5126286584252658,5.799173086241851,3.36696828288182,Cinderella (1950),Animation|Children|Fantasy|Musical|Romance,42332,11224.0
3157,-1.9817850636367262,2.640736102467278,2.528104518309129,Stuart Little (1999),Children|Comedy|Fantasy,164912,10137.0
2579,0.016005158922713147,1.37392330970828,3.290220666057698,Following (1998),Crime|Mystery|Thriller,154506,11660.0
5064,1.1031192927072149,1.794000059423225,3.8934651053653244,The Count of Monte Cristo (2002),Action|Adventure|Drama|Thriller,245844,11362.0
23,2.3553719586264474,4.062761108601296,3.858318033322536,Assassins (1995),Action|Crime|Thriller,112401,9691.0
58803,0.4462039699662592,2.903740516686249,3.4322366639470285,21 (2008),Crime|Drama|Romance|Thriller,478087,8065.0
96811,-0.014257803923269044,0.6137777874065017,3.255341842529361,End of Watch (2012),Crime|Drama|Thriller,1855199,77016.0
1254,-0.28130178027677816,1.6646340649332874,3.1095842702508087,"Treasure of the Sierra Madre, The (1948)",Action|Adventure|Drama|Western,40897,3090.0
4105,-0.2927927708385121,0.7327684656804669,2.8790007803358804,"Evil Dead, The (1981)",Fantasy|Horror|Thriller,83907,764.0
31925,-0.2210577113464233,0.41944283691372614,2.7515444015444013,Royal Flash (1975),Adventure|Comedy|Romance,73639,54302.0
2784,0.08770177660784535,0.2216638309868618,3.674223602484472,"Masque of the Red Death, The (1964)",Horror,58333,25319.0
5792,0.035850062923614846,0.5736010067778375,3.3410714285714285,Roger Dodger (2002),Comedy|Drama,299117,13441.0
162578,0.676276372609466,1.0745623152374013,3.9079219678745467,Kubo and the Two Strings (2016),Adventure|Animation|Children|Fantasy,4302938,313297.0
100843,0.1593272616330726,0.12426832170945533,4.560694333599361,Oh Boy (A Coffee in Berlin) (2012),Comedy|Drama,1954701,130739.0
25746,0.002865841499526428,0.007630988852936347,3.6541245259165613,"Hunchback of Notre Dame, The (1923)",Drama|Horror,14142,18987.0
25750,0.010496830352462775,0.007630988852936347,4.654124525916561,Sherlock Jr. (1924),Comedy|Fantasy|Romance,15324,992.0
1685,-0.2527672389329624,0.47520240919396933,2.746656534954407,"I Love You, I Love You Not (1996)",Drama|Romance,116592,45565.0
679,-0.08007224051520288,0.44204264284420214,3.097429989365473,"Run of the Country, The (1995)",Drama,114307,221917.0
26870,-0.077862857277103,0.29480564246126767,3.0144555296115474,Major League II (1994),Comedy,110442,11067.0
66783,0.06953996395353083,0.29480564246126767,3.5144555296115474,Friday the 13th (2009),Horror,758746,13207.0
5603,-0.316090451956741,0.3461534025504529,2.3654200638071607,"Lavender Hill Mob, The (1951)",Comedy|Crime,44829,32961.0
133771,0.16300452244942254,0.45313998518758414,3.6382936507936505,The Lobster (2015),Comedy|Romance|Sci-Fi,3464902,254320.0
736,5.630579009477258,17.074454040099727,3.6083376978912978,Twister (1996),Action|Adventure|Romance|Thriller,117998,664.0
176,-0.03423078695736959,2.912513039252307,3.266818421290075,Living in Oblivion (1995),Comedy,113677,9071.0
4252,-0.28478695222320266,0.512616514001765,2.723015873015873,"Circle, The (Dayereh) (2000)",Drama,255094,13898.0
380,8.653167405544586,40.76702038580668,3.4908304390081404,True Lies (1994),Action|Adventure|Comedy|Romance|Thriller,111503,36955.0
520,-1.143912327640528,12.694468139314516,3.188460341199611,Robin Hood: Men in Tights (1993),Comedy,107977,8005.0
8984,0.37857938807640557,3.9945954969090613,3.3733443256943896,Ocean's Twelve (2004),Action|Comedy|Crime|Thriller,349903,163.0
152077,0.05147557766691889,1.5705855647703155,3.31134619667166,10 Cloverfield Lane (2016),Thriller,1179933,333371.0
3263,0.9286321384535681,4.985846854270407,3.464825071251646,White Men Can't Jump (1992),Comedy|Drama,105812,10158.0
111362,-0.05348707712560097,2.0764488076887764,3.252812509339928,X-Men: Days of Future Past (2014),Action|Adventure|Sci-Fi,1877832,127585.0
1614,4.093966654424988,5.019354343215902,4.094207539211504,In & Out (1997),Comedy,119360,10806.0
1717,-0.26530578929543946,4.888771039266011,3.2243030271338204,Scream 2 (1997),Comedy|Horror|Mystery|Thriller,120082,4233.0
1754,-0.40932807888502754,2.034059341570322,3.0773343896515017,Fallen (1998),Crime|Drama|Fantasy|Thriller,119099,9411.0
2315,0.3348017128908617,0.9742042205129755,3.622238296196544,Bride of Chucky (Child's Play 4) (1998),Comedy|Horror|Thriller,144120,11932.0
4369,0.1298396967697048,4.8029648405031375,3.3056046676396753,"Fast and the Furious, The (2001)",Action|Crime|Thriller,232500,9799.0
6170,0.11803080384355633,0.2885197427286932,3.6876623376623376,"Black Stallion, The (1979)",Adventure|Children|Drama,78872,17264.0
6857,0.5981479174750599,1.2958834284589607,3.740146832916529,Ninja Scroll (Jûbei ninpûchô) (1995),Action|Adventure|Animation|Fantasy,107692,14282.0
1287,1.321757161390414,4.769145927521068,3.555718989471802,Ben-Hur (1959),Action|Adventure|Drama,52618,665.0
44974,2.225265101474019,1.883486088653188,4.460032292487458,Hard Candy (2005),Drama|Thriller,424136,2652.0
44719,0.05980615808087165,0.21310240235712877,3.559216589861751,Brainstorm (2001),Drama,263124,53961.0
174053,-0.6498405043910406,0.5981620921983752,2.1921760971609476,Black Mirror: White Christmas (2014),Drama|Horror|Mystery|Sci-Fi|Thriller,3973198,374430.0
5023,0.007319011586820159,0.3607227139218554,3.298861283643892,"Waterdance, The (1992)",Drama,105789,61418.0
45221,0.12813798733886322,0.26140821630920774,3.7687549015625557,Stick It (2006),Comedy,430634,10115.0
1041,-0.8182521396482132,1.8245190757887761,2.830095909457184,Secrets & Lies (1996),Drama,117589,11159.0
8581,-0.6086982725363257,0.7018059481086955,2.4112401182901273,Pirates of Silicon Valley (1999),Documentary|Drama,168122,3293.0
1111,0.038956268040924086,0.28889537545744615,3.4134170209566976,Microcosmos (Microcosmos: Le peuple de l'herbe) (1996),Documentary,117040,9305.0
170411,0.029887061822916283,0.25688641233506565,3.394914918876138,Dave Chappelle: Deep in the Heart of Texas (2017),Comedy,6649108,444706.0
170357,-0.001860854968820437,0.002818551722996489,2.6183547103051747,Dave Chappelle: The Age of Spin (2017),Comedy,6648926,444705.0
3964,-0.00527923680812974,0.037291449857178784,3.1370044788189113,"Adventures of Ichabod and Mr. Toad, The (1949)",Animation|Children,41094,13465.0
5425,-0.4747362181573093,0.48014211712183363,2.289830384559146,Dark Blue World (Tmavomodrý svet) (2001),Drama|War,244479,15813.0
7354,0.005405898964524296,0.48014211712183363,3.289830384559146,Mad Dog and Glory (1993),Comedy|Drama|Romance,107473,10433.0
27850,-0.012274956148938969,0.05460239114528025,3.053765227021041,"Yes Men, The (2003)",Documentary,379593,3396.0
49,0.36197040232899924,0.44204264284420214,4.097429989365473,When Night Is Falling (1995),Drama|Romance,114916,8391.0
1677,0.18276776365906516,0.2399071501563318,4.0403985085061755,Critical Care (1997),Comedy|Drama,118901,61337.0
5076,0.06953996395353083,0.29480564246126767,3.5144555296115474,"Adventures of Huck Finn, The (1993)",Adventure|Children|Comedy|Drama,106223,34723.0
4334,-0.316090451956741,0.3461534025504529,2.3654200638071607,Yi Yi (2000),Drama,244316,25538.0
162,-1.7899317944015571,5.0074451002753895,2.921117326018588,Crumb (1994),Documentary,109508,26564.0
7,4.509474820868403,11.985099754695174,3.654828190147552,Sabrina (1995),Comedy|Romance,114319,11860.0
637,3.782338945147206,6.383998364963349,3.871043219589646,Sgt. Bilko (1996),Comedy,117608,9099.0
134130,-0.05145569089418884,3.4644261919255666,3.2637188417233913,The Martian (2015),Adventure|Drama|Sci-Fi,3659388,286217.0
2034,-0.013971891291228567,1.3948672997918512,3.2685547830501567,"Black Hole, The (1979)",Children|Sci-Fi,78869,9570.0
7924,-0.03714475043306316,0.2496952668000358,3.129811097992916,Stray Dog (Nora inu) (1949),Drama|Film-Noir|Thriller,41699,30368.0
2272,0.3997757978117856,0.5473613497762218,4.00894049459194,One True Thing (1998),Drama,120776,53113.0
55274,0.06165178544926152,0.11852113897497156,3.7987468671679196,Elizabeth: The Golden Age (2007),Drama,414055,4517.0
64997,-0.10160865282824114,0.17949627918177435,2.7124947762228695,War of the Worlds (2005),Action|Sci-Fi,449040,34812.0
514,-0.467288038627621,5.69842951512666,3.196568477163994,"Ref, The (1994)",Comedy,110955,10872.0
1431,1.5425288510116997,1.9500219883915586,4.069602945238596,Beverly Hills Ninja (1997),Action|Comedy,118708,9622.0
101072,0.05980615808087165,0.21310240235712877,3.559216589861751,"Unintentional Kidnapping of Mrs. Elfriede Ott, The (Die Unabsichtliche Entführung der Frau Elfriede Ott) (2010)",Comedy,1663636,59255.0
2935,0.37466378683382795,1.5660524450851288,3.5178123224569853,"Lady Eve, The (1941)",Comedy|Romance,33804,3086.0
6385,1.3062665980603518,2.626294063240245,3.7759516025374458,Whale Rider (2002),Drama,298228,1088.0
8154,-0.2718837243122716,1.0646954448880261,3.0232085211619153,"Dolce Vita, La (1960)",Drama,53779,439.0
80363,0.48793021975344264,0.9470438043327126,3.793785421336249,Resident Evil: Afterlife (2010),Action|Horror|Sci-Fi|Thriller|IMAX,1220634,35791.0
99122,-0.011336292889560236,0.41944283691372614,3.2515444015444013,I Bought a Vampire Motorcycle (1990),Comedy|Horror,97550,41153.0
128968,-0.6405005482601495,0.41944283691372614,1.7515444015444013,Stitch! The Movie (2003),Animation|Children|Comedy,348124,15567.0
143031,-0.6405005482601495,0.41944283691372614,1.7515444015444013,Jump In! (2007),Comedy|Drama|Romance,805559,13968.0
4909,0.30936560759470716,0.2216638309868618,4.6742236024844726,"Incredible Shrinking Woman, The (1981)",Comedy|Sci-Fi,82558,12472.0
5165,-0.35922773288675325,0.5164694734481294,2.583026480893448,Zombie (a.k.a. Zombie 2: The Dead Are Among Us) (Zombi 2) (1979),Horror,80057,7219.0
7561,-0.023130138885585544,0.2216638309868618,3.174223602484472,Paperhouse (1988),Fantasy|Horror|Thriller,98061,41965.0
30803,1.330506807365515,0.9563793847277238,4.669762862234863,3-Iron (Bin-jip) (2004),Drama|Romance,423866,1280.0
95761,-0.2901354627381616,0.45313998518758414,2.6382936507936505,Killer Joe (2011),Crime|Thriller,1726669,73567.0
7773,-0.3034487221246745,0.31573225360498364,2.317476327706875,"Bang, Bang, You're Dead (2002)",Drama,288439,16876.0
7728,0.014971011280836553,0.10303125546278516,3.4238769595347396,"Postman Always Rings Twice, The (1946)",Crime|Drama|Film-Noir|Thriller,38854,25736.0
1432,1.633389499252083,1.5680069705149269,4.320269284490835,Metro (1997),Action|Comedy|Crime|Drama|Thriller,119664,8860.0
2436,0.1734825863863668,0.2871435912601932,3.8827380952380954,Tea with Mussolini (1999),Comedy|Drama|War,120857,10368.0
38798,0.025006494336454646,0.09979443573159218,3.5291514749751407,In Her Shoes (2005),Comedy|Drama,388125,11931.0
7646,-0.22526567850773682,0.29480564246126767,2.5144555296115474,Rose Red (2002),Horror|Mystery|Thriller,259153,14980.0
648,6.412784224828515,24.203838030476128,3.543520492300656,Mission: Impossible (1996),Action|Adventure|Mystery|Thriller,117060,954.0
115713,-0.9010758513102016,2.747010729635374,2.9505509219206205,Ex Machina (2015),Drama|Sci-Fi|Thriller,470752,264660.0
2717,2.7747497361129017,6.2146408130406,3.725057367113598,Ghostbusters II (1989),Comedy|Fantasy|Sci-Fi,97428,2978.0
2918,-2.919472683469951,14.91329237132368,3.082808305930333,Ferris Bueller's Day Off (1986),Comedy,91042,9377.0
158238,-0.4875623074237957,2.2246245813416716,3.059405322293062,The Nice Guys (2016),Crime|Mystery|Thriller,3799694,290250.0
110553,-0.01549457857478366,0.5582581682601886,3.2508162080377594,The Amazing Spider-Man 2 (2014),Action|Sci-Fi|IMAX,1872181,102382.0
2912,-0.5175954646379421,1.9654458464949938,3.015223819396148,"Limey, The (1999)",Crime|Drama|Thriller,165854,10388.0
238,0.09534768641036123,1.5883039618037291,3.3386025615933983,Far From Home: The Adventures of Yellow Dog (1995),Adventure|Children,113028,27985.0
8874,-1.761809142998943,7.182549207369507,3.033281199137111,Shaun of the Dead (2004),Comedy|Horror,365748,747.0
59018,-0.17539049250068162,0.11852113897497156,1.7987468671679196,"Visitor, The (2007)",Drama|Romance,857191,12473.0
446,1.3160817943362346,2.729996214542359,3.7606533403798137,Farewell My Concubine (Ba wang bie ji) (1993),Drama|Romance,106332,10997.0
1365,0.33515672133625346,1.3466338574444252,3.527456245690387,Ridicule (1996),Drama,117477,12709.0
2357,-0.631763504748137,1.0546697723553844,2.679555962965331,Central Station (Central do Brasil) (1998),Drama,140888,666.0
4437,0.4181191115870464,0.6712670767483324,3.9014518379793297,Suspiria (1977),Horror,76786,11906.0
34338,-0.09392986315329584,0.5689456466165836,3.1134768123952092,"Aristocrats, The (2005)",Comedy|Documentary,436078,15258.0
1498,0.6969786615370197,0.5003949364881167,4.671428571428571,Inventing the Abbotts (1997),Drama|Romance,119381,12723.0
8861,0.49645394623898986,1.4688753844088245,3.6165537730974053,Resident Evil: Apocalypse (2004),Action|Horror|Sci-Fi|Thriller,318627,1577.0
2136,2.5099006629411393,2.7828431037311465,4.180491001247281,"Nutty Professor, The (1963)",Comedy|Sci-Fi,57372,18331.0
6402,-0.6405005482601495,0.41944283691372614,1.7515444015444013,Siam Sunset (1999),Comedy,178022,50285.0
66798,-0.011336292889560236,0.41944283691372614,3.2515444015444013,"Pink Panther 2, The (2009)",Adventure|Comedy|Mystery,838232,15159.0
92643,-0.6405005482601495,0.41944283691372614,1.7515444015444013,Monsieur Lazhar (2011),Children|Comedy|Drama,2011971,78480.0
4109,1.096983718092067,0.6030046149229656,5.097767651857725,Flowers in the Attic (1987),Drama|Thriller,93036,15658.0
57504,0.00481493394745712,0.4318763605701118,3.289720299838893,"Girl Who Leapt Through Time, The (Toki o kakeru shôjo) (2006)",Animation|Comedy|Drama|Romance|Sci-Fi,808506,14069.0
107410,0.029887061822916283,0.25688641233506565,3.394914918876138,Guest from the Future (Gostya iz buduschego) (1985),Adventure|Drama|Sci-Fi,86723,20894.0
172825,-0.09855614434461654,0.25688641233506565,2.894914918876138,Adventures of Mowgli: The Kidnapping (1968),Adventure|Animation|Children,1259772,195065.0
167634,-0.0032701308303186814,0.002818551722996489,2.1183547103051747,Fist Fight (2017),Comedy,3401882,345922.0
158783,-0.06356547014436952,0.45313998518758414,3.1382936507936505,The Handmaiden (2016),Drama|Romance|Thriller,4016934,290098.0
26776,0.4311513843318571,0.9602040254543533,3.7275920251345838,Porco Rosso (Crimson Pig) (Kurenai no buta) (1992),Adventure|Animation|Comedy|Fantasy|Romance,104652,11621.0
2070,-0.044623052608227666,0.08909955988769268,2.777749060150376,Tender Mercies (1983),Drama|Romance|Western,86423,42121.0
5187,-0.014560102014515783,0.4352529624381456,3.2451193828163465,Hopscotch (1980),Comedy,80889,32030.0
3024,0.34040372633531124,1.9836267774963041,3.4501781694145635,Piranha (1978),Horror|Sci-Fi,78087,24831.0
4522,-0.06365050588967286,0.029660461004242435,1.1325998645903859,Masquerade (1988),Mystery|Romance|Thriller,95599,41963.0
2988,-0.04270534916497246,0.30006126913283304,3.1362493311931514,Melvin and Howard (1980),Drama,81150,38772.0
5481,1.9466283159999798,8.212571258303345,3.515601739149475,Austin Powers in Goldmember (2002),Comedy,295178,818.0
1358,-2.163751538120999,8.67342835204218,3.0291024238944555,Sling Blade (1996),Drama,117666,12498.0
26444,0.03474176889489105,0.14970272948699834,3.510643141718839,"Hitch Hikers Guide to the Galaxy, The (1981)",Adventure|Comedy|Sci-Fi,81874,64353.0
720,-4.024382097935957,5.057876746180631,2.4829051243312352,Wallace & Gromit: The Best of Aardman Animation (1996),Adventure|Animation|Comedy,118114,503475.0
3852,0.8075448346162148,1.5375439804343445,3.8037888174022116,"Tao of Steve, The (2000)",Comedy,234853,20438.0
164909,-0.22960491851780146,1.3345151883502748,3.10652024434951,La La Land (2016),Comedy|Drama|Romance,3783958,313369.0
56782,-0.9289786911049847,4.637865918621296,3.0782683781155966,There Will Be Blood (2007),Drama|Western,469494,7345.0
3169,0.05732220156807352,0.14818159997921398,3.6654089412998263,The Falcon and the Snowman (1985),Crime|Drama|Thriller,87231,26578.0
31420,-0.0887834535206059,0.6022207770555241,3.131144675953061,Assault on Precinct 13 (2005),Action|Crime|Drama|Thriller,398712,8978.0
79224,0.7433908353203716,0.7610066565428115,4.255423377143774,"Karate Kid, The (2010)",Action|Children|Drama,1155076,38575.0
140928,0.22281068053029418,0.6662423875447129,3.6130002861399375,Joy (2015),Comedy|Drama,2446980,274479.0
3628,-0.30381121143921375,0.5003949364881167,2.6714285714285713,Flying Tigers (1942),Action|Drama|Romance|War,34742,29372.0
8014,-0.33538279197842247,1.0400145792836524,2.956092495430482,"Spring, Summer, Fall, Winter... and Spring (Bom yeoreum gaeul gyeoul geurigo bom) (2003)",Drama,374546,113.0
50658,0.04672341100767309,0.060975140206802794,4.044841269841269,49 Up (2005),Documentary,473434,13365.0
106927,0.19838512556730284,0.41944283691372614,3.7515444015444013,RoboGeisha (Robo-geisha) (2009),Action|Comedy|Sci-Fi,1381512,39260.0
5072,-0.4089906885833788,1.0803688575564303,2.900005639931028,Metropolis (2001),Animation|Sci-Fi,293416,9606.0
170597,-0.22699935051214937,0.25688641233506565,2.394914918876138,A Plasticine Crow (1981),Animation,219251,129229.0
1422,-0.14082722052919686,0.38146402454025186,2.9093958013312853,Murder at 1600 (1997),Crime|Drama|Mystery|Thriller,119731,9415.0
3864,1.0273724119442587,0.6014222960745359,4.986809414841451,Godzilla 2000 (Gojira ni-sen mireniamu) (1999),Action|Adventure|Sci-Fi,188640,10643.0
33499,0.07776955370177716,0.10742542458452853,4.00251135250055,Monster-in-Law (2005),Comedy|Romance,369735,4379.0
453,0.04487304241734153,0.774306541571175,3.3365239835457,For Love or Money (1993),Comedy|Romance,106941,9024.0
140956,0.16259429425476132,0.21887693457371715,4.021428571428571,Ready Player One,Action|Sci-Fi|Thriller,1677720,333339.0
189547,-0.6125795933560475,0.19890819737208132,0.19886128364389233,Iron Soldier (2010),Action|Sci-Fi,1665744,111196.0
3389,0.18276776365906516,0.2399071501563318,4.0403985085061755,Let's Get Harry (1986),Action|Adventure,91400,32031.0
31221,0.13382665341311084,0.2978191490702481,3.727926864012366,Elektra (2005),Action|Adventure|Crime|Drama,357277,9947.0
3496,-0.08410858581936177,0.11354659085613843,2.537830687830688,Madame Sousatzka (1988),Drama,95564,118098.0
7150,0.7094886203355752,0.42426053919710227,4.9508660560148785,Stuck on You (2003),Comedy,338466,1792.0
34271,-0.024890723529341442,0.09979443573159218,3.0291514749751407,Hustle & Flow (2005),Crime|Drama,410097,10476.0
62081,0.3712584787997202,0.8599993577652482,3.7102676565365913,Eagle Eye (2008),Action|Crime|Thriller|IMAX,1059786,13027.0
247,-2.326737239702413,2.6613187258456383,2.404291614918861,Heavenly Creatures (1994),Crime|Drama,110005,1024.0
1914,0.07133455522343861,1.2582527686085831,3.335264771120019,Smoke Signals (1998),Comedy|Drama,120321,20862.0
314,-0.29398605268335654,3.1139300831468577,3.1841614563390843,"Secret of Roan Inish, The (1994)",Children|Drama|Fantasy|Mystery,111112,14334.0
3916,0.28941714269667806,2.0585132447558636,3.419166658373315,Remember the Titans (2000),Drama,210945,10637.0
5218,2.428491670302578,12.064899437384383,3.47985712373252,Ice Age (2002),Adventure|Animation|Children|Comedy,268380,425.0
627,0.03888146886697137,2.1400858052984484,3.296739610786697,"Last Supper, The (1995)",Drama|Thriller,113613,12520.0
5679,0.44445482236780626,4.193999012267275,3.384545421666752,"Ring, The (2002)",Horror|Mystery|Thriller,298130,565.0
2053,1.4326779217705963,3.072198984534615,3.7449077332778185,"Honey, I Blew Up the Kid (1992)",Children|Comedy|Sci-Fi,104437,11158.0
2097,1.6959809670376935,2.0615737999905703,4.101234661411044,Something Wicked This Way Comes (1983),Children|Drama|Fantasy|Mystery|Thriller,86336,24808.0
2083,0.5048502490998752,1.7505907197616242,3.566959938461747,"Muppet Christmas Carol, The (1992)",Children|Comedy|Musical,104940,10437.0
3543,-0.7020493014909786,2.749899359915733,3.0232714304244084,Diner (1982),Comedy|Drama,83833,13776.0
1810,-0.5178195834684661,3.493833632222109,3.1303618576597394,Primary Colors (1998),Comedy|Drama,119942,9440.0
728,-0.29892333195566445,2.5003949249123862,3.159020981169149,Cold Comfort Farm (1995),Comedy,112701,32513.0
83369,0.011887057951704168,0.14502210701079107,3.3605386416861824,"Way Back, The (2010)",Drama,1023114,49009.0
86911,0.04264646232603775,1.1642402046289007,3.31520172372571,"Hangover Part II, The (2011)",Comedy,1411697,45243.0
4149,0.7005960466834807,1.6598958358428997,3.7006437246488,Saving Silverman (Evil Woman) (2001),Comedy|Romance,239948,10878.0
27705,-0.1057144395093339,0.060975140206802794,1.5448412698412697,In Hell (2003),Action|Drama|Thriller,339135,19277.0
5065,0.6379144348294541,1.134723176151262,3.84074769167828,"Mothman Prophecies, The (2002)",Drama|Fantasy|Horror|Mystery|Thriller,265349,2637.0
691,0.17288841815025904,0.27536040090325037,3.9064337413191663,Mrs. Winterbourne (1996),Comedy|Romance,117104,40001.0
127390,-0.001860854968820437,0.002818551722996489,2.6183547103051747,Family Guy Presents: Blue Harvest (2007),Animation|Comedy,888817,278468.0
3251,-0.21481265083929296,0.823383426780306,3.017681248064299,Agnes of God (1985),Drama|Mystery,88683,24735.0
27022,-0.06356547014436952,0.45313998518758414,3.1382936507936505,Thursday (1998),Action|Crime|Thriller,124901,9812.0
2940,-0.03469210635883864,0.6766836810211203,3.227303594970819,Gilda (1946),Drama|Film-Noir|Mystery|Romance,38559,3767.0
1661,0.04447650727946501,0.08909955988769268,3.777749060150376,Switchback (1997),Crime|Mystery|Thriller,119210,10871.0
48593,0.08540054255471351,0.10742542458452853,4.073546574213188,Man of the Year (2006),Comedy|Thriller,483726,9895.0
90647,0.07131740323782505,0.7921447432836998,3.368602201157498,Puss in Boots (2011),Adventure|Animation|Comedy|Fantasy|IMAX,448694,58423.0
3158,-0.23466515959639253,0.48014211712183363,2.789830384559146,"Emperor and the Assassin, The (Jing ke ci qin wang) (1999)",Drama,162866,10387.0
193583,0.09253268725305157,0.45088654879668744,3.4837953091684435,No Game No Life: Zero (2017),Animation|Comedy|Fantasy,5914996,445030.0
2147,0.3279803574435688,0.47170310384844455,3.973882429851053,"Clan of the Cave Bear, The (1986)",Adventure|Drama|Fantasy,90848,13853.0
1236,-0.013547981164462914,0.02587128606547155,2.754902789518174,Trust (1990),Comedy|Drama|Romance,103130,37291.0
31223,0.12480093006804682,0.09979443573159218,4.529151474975141,Racing Stripes (2005),Children|Comedy,376105,6439.0
1998,1.9666666658313952,0.9999999995752856,5.245238095238095,Exorcist II: The Heretic (1977),Horror,76009,11586.0
87,-0.15723945245505544,2.403883783582388,3.21316084028553,Dunston Checks In (1996),Children|Comedy,116151,17414.0
1374,-4.125547660149224,8.663824050574274,2.802390513992979,Star Trek II: The Wrath of Khan (1982),Action|Adventure|Sci-Fi|Thriller,84726,154.0
7753,0.03474176889489105,0.14970272948699834,3.510643141718839,Tuesdays with Morrie (1999),Drama,207805,26133.0
98585,-0.053448505936883044,0.44024454830285886,3.1571650280994024,Hitchcock (2012),Drama,975645,112336.0
1845,-1.7729339846022416,2.8291055172176707,2.651894914099864,Zero Effect (1998),Comedy|Mystery|Thriller,120906,16148.0
3662,-0.2667340078837431,0.6793985780517078,2.8859682991261937,Puppet Master III: Toulon's Revenge (1991),Horror|Sci-Fi|Thriller,102728,26956.0
5014,0.6366617018767481,2.4748482295624354,3.5358242549353758,I Am Sam (2001),Drama,277027,10950.0
1233,0.4803149162622733,4.6148736818261415,3.382651182293357,"Boot, Das (Boat, The) (1981)",Action|Drama|War,82096,387.0
4359,-0.07833558849165445,0.19469187469649438,2.876214686083988,"Seven Year Itch, The (1955)",Comedy,48605,10653.0
96567,0.1565093620639625,0.165368382558149,4.225,"Words, The (2012)",Drama|Romance,1840417,83686.0
75805,0.1160113167368119,0.16443233230061205,3.9840976174521057,"Bounty Hunter, The (2010)",Action|Comedy|Romance,1038919,27573.0
4427,0.09434755658735505,1.3955231990743668,3.346178729295583,"Lion in Winter, The (1968)",Drama,63227,18988.0
87834,-0.6405005482601495,0.41944283691372614,1.7515444015444013,My Life as McDull (Mak dau goo si) (2001),Animation|Comedy|Drama,312941,73884.0
119714,-0.011336292889560236,0.41944283691372614,3.2515444015444013,Corner Gas: The Movie (2014),Comedy,3788052,298533.0
170837,-0.2210577113464233,0.41944283691372614,2.7515444015444013,Life-Size (2000),Children|Comedy|Fantasy,200809,36968.0
6093,-0.10906431434285846,0.18850622232098987,2.6999999999999997,"Last Unicorn, The (1982)",Animation|Children|Fantasy,84237,10150.0
1596,-0.06132230783819094,0.046890064398847256,1.9707824838478105,Career Girls (1997),Drama,118818,49462.0
5472,-0.22386892601941208,0.21298251438220944,2.2274573187170095,1776 (1972),Children|Drama|Musical,68156,14902.0
59604,-0.08450729099678742,0.4523736420994977,3.091762819200239,"Girl Next Door, The (2007)",Crime|Drama|Horror|Thriller,830558,15356.0
31702,0.012105169781310125,0.09540026660984881,3.405459646094087,Turtles Can Fly (Lakposhtha hâm parvaz mikonand) (2004),Drama|War,424227,8340.0
97860,0.21412756427048352,0.4252304377646833,3.7821279599337925,Killing Them Softly (2012),Crime|Drama|Thriller,1764234,64689.0
1495,0.16585372387092462,0.11020543494054859,4.783521923620933,Turbo: A Power Rangers Movie (1997),Action|Adventure|Children,120389,6499.0
6713,0.6288467701234421,0.4991368619256565,4.53843984962406,Millennium Actress (Sennen joyû) (2001),Animation|Drama|Romance,291350,33320.0
1594,-0.316090451956741,0.3461534025504529,2.3654200638071607,In the Company of Men (1997),Comedy|Drama,119361,14585.0
4009,-0.004329583881187994,0.029660461004242435,3.132599864590386,Talk Radio (1988),Drama,96219,10132.0
4010,-0.03399004488543043,0.029660461004242435,2.132599864590386,Brewster's Millions (1985),Comedy,88850,11064.0
37736,0.010500646620933224,0.029660461004242435,3.632599864590386,Oliver Twist (2005),Drama,380599,257.0
1620,2.121416932516853,1.513913996050826,4.67985111688315,Kiss the Girls (1997),Crime|Drama|Mystery|Thriller,119468,9437.0
171,0.4991142193007668,2.854831190555516,3.4534028585179555,Jeffrey (1995),Comedy|Drama,113464,17447.0
273,6.274746295649135,8.644558210124252,4.0044322699386985,Mary Shelley's Frankenstein (Frankenstein) (1994),Drama|Horror|Sci-Fi,109836,3036.0
343,-0.9175694010429901,1.7428404139330202,2.7520921286266122,"Baby-Sitters Club, The (1995)",Children,112435,48287.0
434,2.7749575711347263,23.644967830453407,3.395930758092729,Cliffhanger (1993),Action|Adventure|Thriller,106582,9350.0
4011,-1.9153955959149815,12.454443423489955,3.124779281400692,Snatch (2000),Comedy|Crime|Thriller,208092,107.0
122886,2.935972849122517,4.415350978188426,3.943518080293126,Star Wars: Episode VII - The Force Awakens (2015),Action|Adventure|Fantasy|Sci-Fi|IMAX,2488496,140607.0
5903,-1.2910892096485083,5.781588982455868,3.0552609833692017,Equilibrium (2002),Action|Sci-Fi|Thriller,238380,7299.0
27878,-0.11496096059210728,0.14970272948699834,2.510643141718839,Born into Brothels (2004),Documentary,388789,1392.0
3397,0.5495273961026395,1.6591514788508621,3.6097813289979075,"Great Muppet Caper, The (1981)",Children|Comedy,82474,14900.0
3454,0.4126645701679647,0.6793985780517078,3.8859682991261937,Whatever It Takes (2000),Comedy|Romance,202402,16222.0
4154,0.11803080384355633,0.2885197427286932,3.6876623376623376,Recess: School's Out (2001),Animation|Children,265632,19405.0
132157,-0.3932507711014158,0.5488178374076175,2.56202990186201,Paul Blart: Mall Cop 2 (2015),Action|Comedy|Crime,3450650,256961.0
48326,0.06165178544926152,0.11852113897497156,3.7987468671679196,All the King's Men (2006),Drama,405676,1717.0
1673,-1.8915674154372975,4.791560843789016,2.8838008147558467,Boogie Nights (1997),Drama,118749,4995.0
585,-0.6477422820251325,3.1716192004310133,3.0743406426255286,"Brady Bunch Movie, The (1995)",Comedy,112572,9066.0
115569,-0.5698911897555491,1.9204477314546347,2.9818223005314337,Nightcrawler (2014),Crime|Drama|Thriller,2872718,242582.0
7004,0.6541628032434106,1.5305277417848449,3.7059813901057095,Kindergarten Cop (1990),Action|Comedy|Crime|Thriller,99938,951.0
2429,1.2525770550583006,0.7002990057211209,5.067203205605698,Mighty Joe Young (1998),Action|Adventure|Drama|Fantasy|Thriller,120751,9822.0
1305,0.048339670355591155,0.6283034838597599,3.3555082458856242,"Paris, Texas (1984)",Drama|Romance,87884,655.0
130970,-0.22699935051214937,0.25688641233506565,2.394914918876138,George Carlin: Life Is Worth Losing (2005),Comedy,484855,13015.0
3117,-0.6561984859108625,0.9428898562213059,2.582627483919588,Ride with the Devil (1999),Drama|Romance|War,134154,22267.0
7076,-0.3562826023110028,0.6646419436193751,2.742519490033169,Bullitt (1968),Action|Crime|Drama|Thriller,62765,916.0
1837,-0.4793230470898411,1.3232042944159605,2.9163272542495746,"Odd Couple II, The (1998)",Comedy,120773,27472.0
3516,-0.07351987581166146,0.44557329377039917,3.113570794916877,"Bell, Book and Candle (1958)",Comedy|Fantasy|Romance,51406,2006.0
2674,0.7081816729964309,0.3736481792117796,5.1738882329791425,"Loss of Sexual Innocence, The (1999)",Drama|Fantasy,126859,15059.0
81831,-0.11233030820331823,0.1346886189488228,2.4445714285714284,"First Beautiful Thing, The (La prima cosa bella) (2010)",Comedy|Drama,1467273,36940.0
3652,0.06953996395353083,0.29480564246126767,3.5144555296115474,"City of the Living Dead (a.k.a. Gates of Hell, The) (Paura nella città dei morti viventi) (1980)",Horror,81318,24920.0
37475,0.06953996395353083,0.29480564246126767,3.5144555296115474,"Unfinished Life, An (2005)",Drama,350261,1947.0
6122,-0.316090451956741,0.3461534025504529,2.3654200638071607,Richard Pryor Live on the Sunset Strip (1982),Comedy|Documentary,84597,21923.0
3331,-0.03399004488543043,0.029660461004242435,2.132599864590386,My Tutor (1983),Drama,85980,2193.0
8383,-0.4024465997008425,0.17485746075652778,0.977001921844971,Hope Springs (2003),Comedy|Romance,314431,21544.0
2921,-0.025156981888974778,2.086157002064015,3.266512421572394,High Plains Drifter (1973),Western,68699,11901.0
277,-0.9144577171281275,8.76168255822883,3.174201324878356,Miracle on 34th Street (1994),Drama,110527,10510.0
5451,0.7391304344880546,0.9999999996014853,4.017701863354038,Pumpkin (2002),Comedy|Drama|Romance,265591,9719.0
112556,-1.0364095275255056,2.314817446211887,2.8308430216417366,Gone Girl (2014),Drama|Thriller,2267998,210577.0
58299,-0.29936046739703626,0.7596775050568865,2.884508862016138,Horton Hears a Who! (2008),Adventure|Animation|Children|Comedy,451079,12222.0
73268,-0.03643975245621735,0.4521393608012023,3.1979773560013136,Daybreakers (2010),Action|Drama|Horror|Thriller,433362,19901.0
1963,-1.0459262088243135,1.967744720343667,2.74703591077233,Take the Money and Run (1969),Comedy|Crime,65063,11485.0
4821,-0.9696511529839728,0.5833253851899609,1.6162896599352081,Joy Ride (2001),Adventure|Thriller,206314,10866.0
95067,-0.06781006579752989,0.2600853605913917,3.0178490809416316,"Thousand Words, A (2012)",Comedy|Drama,763831,72358.0
428,-1.0964594416159568,3.6587142089890965,2.9788870643425787,"Bronx Tale, A (1993)",Drama,106489,1607.0
4787,0.12823136652356745,0.47924385289682697,3.5461416138715904,Little Man Tate (1991),Drama,102316,11521.0
7884,0.06165178544926152,0.11852113897497156,3.7987468671679196,Highway 61 (1991),Comedy,102035,8468.0
194,-1.4162206061128324,4.101793071487514,2.9333027664447844,Smoke (1995),Comedy|Drama,114478,10149.0
994,-1.044464282005833,2.91967624616134,2.920838517814954,Big Night (1996),Comedy|Drama,115678,18203.0
2333,-0.1334215476036985,0.7289014799340832,3.095526735596235,Gods and Monsters (1998),Drama,120684,3033.0
92046,-0.046745043097692736,0.21310240235712877,3.059216589861751,Contact High (2009),Comedy,780002,31337.0
170827,0.0843981114570997,0.14502210701079107,3.8605386416861824,The Mummy (2017),Action|Adventure|Fantasy|Horror|Thriller,2345759,282035.0
1381,1.8434790237934362,1.455699230018175,4.544958732884573,Grease 2 (1982),Comedy|Musical|Romance,84021,9037.0
4124,0.9340550720782891,0.44231592414290666,5.39030881150252,Jaws: The Revenge (1987),Horror|Thriller,93300,580.0
5304,0.17498375809472552,0.6452526079743,3.5497578692493947,"Rome, Open City (a.k.a. Open City) (Roma, città aperta) (1945)",Drama|War,38890,307.0
80831,0.06130097104113439,0.08289281104347726,4.018092386655261,Let Me In (2010),Drama|Horror|Mystery,1228987,41402.0
82041,-0.02159184000234287,0.08289281104347726,3.018092386655261,"Loved Ones, The (2009)",Horror,1316536,46420.0
331,0.12841191087079404,0.18626084101555768,3.9679912237932715,Tom & Viv (1994),Drama,111454,46797.0
2262,0.9595321631750837,1.105896717146891,4.1462222211794275,About Last Night... (1986),Comedy|Drama|Romance,90583,18169.0
3821,1.9125868775784736,1.6739863625019544,4.421105752877335,Nutty Professor II: The Klumps (2000),Comedy,144528,12107.0
5912,-0.09855614434461654,0.25688641233506565,2.894914918876138,Hit the Bank (Vabank) (1981),Comedy|Crime,83271,22257.0
118896,0.029887061822916283,0.25688641233506565,3.394914918876138,Mommy (2014),Drama,3612616,265177.0
136445,-0.22699935051214937,0.25688641233506565,2.394914918876138,George Carlin: Back in Town (1996),Comedy,246641,34509.0
5501,1.0019748949232066,0.6162573794948302,4.904474709023119,"Master of Disguise, The (2002)",Comedy|Mystery,295427,13908.0
44840,-0.05048939032497406,0.3974186299158563,3.151528088062545,"Benchwarmers, The (2006)",Comedy,437863,9957.0
87483,0.7698202072022587,0.45370510051968393,4.97531278395952,Mr. Popper's Penguins (2011),Comedy,1396218,58224.0
131714,-0.05103178660007715,0.28873247681622577,3.1018272425249167,Last Knights (2015),Action|Adventure,2493486,308504.0
97306,0.2953950404728921,0.7247317357071942,3.6861636808751657,Seven Psychopaths (2012),Comedy|Crime,1931533,86838.0
5788,-0.03787727563876731,0.046890064398847256,2.4707824838478105,All or Nothing (2002),Drama,286261,12454.0
4888,-0.4747362181573093,0.48014211712183363,2.289830384559146,Tape (2001),Drama,275719,23949.0
5668,0.8306699599977586,1.0015489277367802,4.107956730670288,White Oleander (2002),Drama,283139,10994.0
3090,0.045372745926214555,0.20036613833083172,3.505020599595017,Matewan (1987),Drama,93509,24276.0
3052,-4.9523606314152175,11.086265233817299,2.831860067534472,Dogma (1999),Adventure|Comedy|Fantasy,120655,1832.0
532,-0.7677539577617101,3.0340730516773147,3.0255274363256666,Serial Mom (1994),Comedy|Crime|Horror,111127,11592.0
1840,0.6178457183716254,2.0372301828807937,3.581848752637944,He Got Game (1998),Drama,124718,9469.0
1619,0.5141302860794966,2.8017353848028494,3.4620756555831007,Seven Years in Tibet (1997),Adventure|Drama|War,120102,978.0
177593,-0.1909314164169487,0.984674603262212,3.0846683708664813,"Three Billboards Outside Ebbing, Missouri (2017)",Crime|Drama,5027774,359940.0
1297,-2.5376817238094813,2.7033779906176596,2.339863733008042,Real Genius (1985),Comedy,89886,14370.0
3608,-0.1289614217978221,2.7418338992171805,3.231536696877929,Pee-wee's Big Adventure (1985),Adventure|Comedy,89791,5683.0
3763,-0.6562921459931998,2.0279002201951695,2.954940048951559,F/X (1986),Action|Crime|Thriller,89118,9873.0
72641,0.7584620808104837,3.121265632640802,3.521569676743204,"Blind Side, The  (2009)",Drama,878804,22881.0
33660,-0.40772299686273394,2.2507742310169783,3.097423541216014,Cinderella Man (2005),Drama|Romance,352248,921.0
391,0.239193553343037,0.165368382558149,4.725,Jason's Lyric (1994),Crime|Drama,110186,22067.0
112804,0.26125374906842014,0.3103904895689401,4.120265223478742,I Origins (2014),Drama|Sci-Fi,2884206,244267.0
1388,4.177546090519807,2.390846707658117,5.025879642493599,Jaws 2 (1978),Horror|Thriller,77766,579.0
106002,1.0028501806801322,2.041498596227789,3.7698037921562793,Ender's Game (2013),Action|Adventure|Sci-Fi|IMAX,1731141,80274.0
4581,0.007319011586820159,0.3607227139218554,3.298861283643892,Dad (1989),Drama,97142,21291.0
7493,0.007319011586820159,0.3607227139218554,3.298861283643892,"Three Faces of Eve, The (1957)",Drama,51077,28285.0
5400,-0.5345398080958921,2.0711616087075617,3.02048446623658,"Sum of All Fears, The (2002)",Drama|Thriller,164184,4614.0
88746,-0.6405005482601495,0.41944283691372614,1.7515444015444013,Terri (2011),Comedy,1687281,51993.0
124273,-0.43077912980328636,0.41944283691372614,2.2515444015444013,Kevin Smith: Too Fat For 40 (2010),Comedy,1705115,48132.0
86815,0.025885677799097884,0.06357589921993419,3.6857332322849565,Soul Surfer (2011),Action|Drama,1596346,43959.0
120478,-0.22699935051214937,0.25688641233506565,2.394914918876138,The Salt of the Earth (2014),Documentary,3674140,265297.0
5899,0.04447650727946501,0.08909955988769268,3.777749060150376,Zulu (1964),Action|Drama|War,58777,14433.0
2863,-2.1480619689528684,3.8815720413906893,2.7251714282501,"Hard Day's Night, A (1964)",Adventure|Comedy|Musical,58182,704.0
1598,0.18833757102817444,0.7200492672781654,3.540133490484363,Desperate Measures (1998),Crime|Drama|Thriller,118966,9458.0
5615,0.005405898964524296,0.48014211712183363,3.289830384559146,Invincible (2001),Drama,245171,68569.0
6264,2.605713828214162,1.39614900592964,5.14492940121427,"Core, The (2003)",Action|Drama|Sci-Fi|Thriller,298814,9341.0
174479,-0.13291058714529216,0.45088654879668744,2.9837953091684435,Unedited Footage of a Bear (2014),Horror|Thriller,4289434,312174.0
26116,0.5925905607944791,0.49382546732873256,4.478571428571429,"Hush... Hush, Sweet Charlotte (1964)",Horror|Thriller,58213,10299.0
438,-0.1272227470370398,0.6733168840289698,3.089622138787146,"Cowboy Way, The (1994)",Action|Comedy|Drama,109493,19176.0
62437,-0.14543676600915711,0.09935779063991923,1.8148033126293996,W. (2008),Drama,1175491,10523.0
1887,0.02525894793374441,0.02587128606547155,4.254902789518174,Almost Heroes (1998),Adventure|Comedy|Western,119053,14342.0
8530,-0.024890723529341442,0.09979443573159218,3.0291514749751407,Dear Frankie (2004),Drama|Romance,377752,8981.0
8835,0.025006494336454646,0.09979443573159218,3.5291514749751407,Paparazzi (2004),Drama|Thriller,338325,15644.0
27311,-0.077862857277103,0.29480564246126767,3.0144555296115474,Batman Beyond: Return of the Joker (2000),Action|Animation|Crime|Sci-Fi|Thriller,233298,16234.0
4329,-0.004329583881187994,0.029660461004242435,3.132599864590386,Rio Bravo (1959),Western,53221,301.0
3038,-0.316090451956741,0.3461534025504529,2.3654200638071607,"Face in the Crowd, A (1957)",Drama,50371,21849.0
5816,3.260294075855894,10.614565274399727,3.585724288021932,Harry Potter and the Chamber of Secrets (2002),Adventure|Fantasy,295297,672.0
448,-0.3315225632130432,1.2293672035787433,3.008902152989677,Fearless (1993),Drama,106881,10443.0
1200,-8.12895816230487,21.19320734149484,2.895007108583442,Aliens (1986),Action|Adventure|Horror|Sci-Fi,90605,679.0
1234,-4.484300946411653,10.341740585686747,2.8449596096269416,"Sting, The (1973)",Comedy|Crime,70735,9277.0
2951,-1.0457757001353478,5.467907832429296,3.087314419092772,"Fistful of Dollars, A (Per un pugno di dollari) (1964)",Action|Western,58461,391.0
6548,0.480751317968092,1.0595037071023519,3.7323228545885248,Bad Boys II (2003),Action|Comedy|Crime|Thriller,172156,8961.0
58295,0.1666351443540115,0.8268235724059938,3.480107947262007,"Bank Job, The (2008)",Action|Crime|Thriller,200465,8848.0
59429,0.004498797890860662,0.5506271794072521,3.2867417442752473,American Pie Presents Beta House (American Pie 6: Beta House) (2007),Comedy,974959,8277.0
93840,-0.42735804607658295,1.4711098778529061,2.9880710026614925,"Cabin in the Woods, The (2012)",Comedy|Horror|Sci-Fi|Thriller,1259521,22970.0
69,-0.6051785662561726,6.158689206969494,3.18030724508717,Friday (1995),Comedy,113118,10634.0
96606,-0.16719319243127773,0.46998881469219445,2.9228327658528785,Samsara (2011),Documentary,770802,89708.0
928,0.9007448017665446,3.0428551885611093,3.5745910371129983,Rebecca (1940),Drama|Mystery|Romance|Thriller,32976,223.0
6331,-0.5169498927954695,0.8127756579662799,2.642541193501425,Spellbound (2002),Documentary,334405,16636.0
2881,0.39680258756371256,1.3474855781174924,3.5730477435744183,Double Jeopardy (1999),Action|Crime|Drama|Thriller,150377,10398.0
120635,0.09333445180803573,0.28873247681622577,3.6018272425249167,Taken 3 (2015),Action|Crime|Thriller,2446042,260346.0
2077,-0.2561690389157566,0.3244261645060025,2.48896483409154,"Journey of Natty Gann, The (1985)",Adventure|Children,89385,35144.0
2590,0.08902628722331135,0.08909955988769268,4.277749060150375,Hideous Kinky (1998),Drama,136244,10209.0
4035,0.08902628722331135,0.08909955988769268,4.277749060150375,"Claim, The (2000)",Romance|Western,218378,44853.0
6448,-0.044623052608227666,0.08909955988769268,2.777749060150376,"Flight of the Phoenix, The (1965)",Action|Adventure|Drama,59183,10243.0
64034,-0.1227604057436296,0.3990527056760937,2.970941874887177,"Boy in the Striped Pajamas, The (Boy in the Striped Pyjamas, The) (2008)",Drama|War,914798,14574.0
166,0.9656901332081915,0.48014211712183363,5.289830384559146,"Doom Generation, The (1995)",Comedy|Crime|Drama,112887,13552.0
183911,0.9943057848464264,0.45088654879668744,5.4837953091684435,The Clapper (2018),Comedy,5461956,422615.0
25788,-0.012274956148938969,0.05460239114528025,3.053765227021041,Scarface (1932),Crime|Drama,23427,877.0
3469,0.1734825863863668,0.2871435912601932,3.8827380952380954,Inherit the Wind (1960),Drama,53946,1908.0
180031,0.37216921548874227,1.1293345812330333,3.6081187758973194,The Shape of Water (2017),Adventure|Drama|Fantasy,5580390,399055.0
89582,0.06991610745166946,0.1039460712555794,3.951190476190476,Cold Fish (Tsumetai nettaigyo) (2010),Drama|Thriller,1632547,68341.0
61705,0.19205206165482325,0.39460007819285986,3.7652719445327008,Lakeview Terrace (2008),Drama|Thriller,947802,13279.0
108928,0.057080634576156156,0.2905418188158605,3.475034143676591,"Monuments Men, The (2014)",Action|Drama|War,2177771,152760.0
129,-0.6428278874306386,0.30006126913283304,1.1362493311931514,Pie in the Sky (1996),Comedy|Romance,114131,110972.0
543,-0.29390411661016946,8.194777083163547,3.242706619360937,So I Married an Axe Murderer (1993),Comedy|Romance|Thriller,108174,10442.0
2143,0.5140653896021083,1.8412072181941004,3.5577716101274817,Legend (1985),Adventure|Fantasy|Romance,89469,11976.0
8528,-2.7137240521102055,4.171165922453641,2.627980178412315,Dodgeball: A True Underdog Story (2004),Comedy,364725,9472.0
8965,0.41992755804425363,0.4591798713001634,4.193087905208857,"Polar Express, The (2004)",Adventure|Animation|Children|Fantasy|IMAX,338348,5255.0
1876,0.9000012203574583,5.42081024818049,3.4445984944809105,Deep Impact (1998),Drama|Sci-Fi|Thriller,120647,8656.0
1230,-2.2825128448452374,8.88711055222461,3.021737350562364,Annie Hall (1977),Comedy|Romance,75686,703.0
1261,-3.977420118333051,5.8515524062971265,2.598850930118272,Evil Dead II (Dead by Dawn) (1987),Action|Comedy|Fantasy|Horror,92991,765.0
2194,-4.143899258680006,9.042205363930586,2.8202872941267447,"Untouchables, The (1987)",Action|Crime|Drama,94226,117.0
1020,1.1543085714409025,3.9417502870279115,3.57141305662678,Cool Runnings (1993),Comedy,106611,864.0
155168,-0.04010959584860812,0.14970272948699834,3.010643141718839,Fraktus (2012),Comedy,1971571,140554.0
2394,-0.2501691606620249,1.9176412917652312,3.148114725466262,"Prince of Egypt, The (1998)",Animation|Musical,120794,9837.0
44761,-0.33998105659324834,0.48465162697598196,2.5770756784909343,Brick (2005),Crime|Drama|Film-Noir|Mystery,393109,9270.0
97923,0.020488541607451866,0.951324655140611,3.3001082840463067,Flight (2012),Drama,1907668,87502.0
3430,0.5061407222743446,0.8540800078232098,3.8711865438278354,Death Wish (1974),Action|Crime|Drama,71402,13939.0
166534,-0.2860811037317284,0.4383824775496481,2.6259880832452485,Split (2017),Drama|Horror|Thriller,4972582,381288.0
6214,-0.10875388922875762,0.783803391467653,3.1398199375564193,Irreversible (Irréversible) (2002),Crime|Drama|Mystery|Thriller,290673,979.0
55768,-0.07578046800550912,0.29106867731345015,3.0182188935444403,Bee Movie (2007),Animation|Comedy,389790,5559.0
39292,0.06340527670339102,2.0950839530603904,3.3088352643526973,"Good Night, and Good Luck. (2005)",Crime|Drama,433383,3291.0
58303,-0.15482331233603996,0.5617233569951676,3.0029494334949947,"Counterfeiters, The (Die Fälscher) (2007)",Crime|Drama|War,813547,7862.0
47725,-0.2210577113464233,0.41944283691372614,2.7515444015444013,Angel-A (2005),Comedy|Drama|Fantasy|Romance,473753,11227.0
182297,-0.2210577113464233,0.41944283691372614,2.7515444015444013,Porky in Wackyland (1938),Animation|Comedy|Fantasy,30604,128756.0
2790,0.08770177660784535,0.2216638309868618,3.674223602484472,"Final Conflict, The (a.k.a. Omen III: The Final Conflict) (1981)",Horror|Thriller,82377,10768.0
96020,0.0016134308435039948,0.35113184893310667,3.283166371606093,Sidewalls (Medianeras) (2011),Drama,1235841,76696.0
2585,0.06673415406860783,0.7745162024401371,3.364733801751434,"Lovers of the Arctic Circle, The (Los Amantes del Círculo Polar) (1998)",Drama|Romance,133363,1414.0
170399,-0.001860854968820437,0.002818551722996489,2.6183547103051747,CHiPS (2017),Action|Comedy|Drama,493405,417644.0
170813,0.9693531994633486,0.7442469193355444,4.581033251764162,Baywatch (2017),Action|Comedy,1469304,339846.0
95105,0.06323658586011106,1.0732462312469893,3.337492283841181,Madagascar 3: Europe's Most Wanted (2012),Adventure|Animation|Children|Comedy|IMAX,1277953,80321.0
6624,1.5811300107505348,0.5875675417063622,5.969547186283904,Agent Cody Banks (2003),Action|Adventure|Children|Fantasy,313911,10923.0
7054,-0.0009496529269417458,0.007630988852936347,3.1541245259165613,Little Women (1949),Drama,41594,43436.0
97,-0.43240878316096804,0.5347445082671138,2.469944548863535,"Hate (Haine, La) (1995)",Crime|Drama,113247,406.0
193585,0.09253268725305157,0.45088654879668744,3.4837953091684435,Flint (2017),Drama,6397426,479308.0
8607,0.3670033830116749,0.5537392530709367,3.941344350982728,Tokyo Godfathers (2003),Adventure|Animation|Drama,388473,13398.0
65651,-0.4136713959839662,0.19890819737208132,1.1988612836438923,Fire and Ice (2008),Adventure|Fantasy,1135493,16999.0
182823,-0.014538235366816366,0.4655317670509067,3.2473421196481844,Bright (2017),Action|Crime|Fantasy,5519340,400106.0
55241,0.23481171616778398,0.14315275678649989,4.918859198355602,Mr. Woodcock (2007),Comedy,419984,13257.0
661,0.9850204731714323,8.629975140227275,3.3927108620189146,James and the Giant Peach (1996),Adventure|Animation|Children|Fantasy|Musical,116683,10539.0
4260,-0.7974034662249677,0.512616514001765,1.7230158730158731,"Visit, The (2000)",Drama,199129,70282.0
524,0.879611920185017,4.433882223761028,3.4769555704575628,Rudy (1993),Drama,108002,14534.0
1006,0.39117872304063295,0.7725164719167213,3.784940855323021,"Chamber, The (1996)",Drama,115862,6346.0
38061,-0.6102461178059803,3.0277524070047956,3.0770205631855543,Kiss Kiss Bang Bang (2005),Comedy|Crime|Mystery|Thriller,373469,5236.0
1690,0.8890667558664319,6.9357593106408295,3.4067573583372477,Alien: Resurrection (1997),Action|Horror|Sci-Fi,118583,8078.0
2328,0.03999607042959402,0.9742042205129755,3.319626547803548,Vampires (1998),Horror|Western,120877,9945.0
8228,-0.10466896472111434,1.3392574184972705,3.2004169503692026,"Maltese Falcon, The (a.k.a. Dangerous Female) (1931)",Mystery,22111,28257.0
2827,1.4560941135741887,1.5686865681727606,4.206796443763774,"Astronaut's Wife, The (1999)",Horror|Sci-Fi|Thriller,138304,2900.0
1965,1.4393561851002215,3.4672467441583468,3.693700864492095,Repo Man (1984),Comedy|Sci-Fi,87995,13820.0
2966,0.103341362919594,2.2824483874269497,3.3238479673483217,"Straight Story, The (1999)",Adventure|Drama,166896,404.0
83803,-0.05183273333694345,0.31786155254186843,3.115504417407453,Day & Night (2010),Animation|Children,1620446,40619.0
55814,0.36937210891183847,0.7627041912515301,3.7628641768592432,"Diving Bell and the Butterfly, The (Scaphandre et le papillon, Le) (2007)",Drama,401383,2013.0
6464,-3.438243727551882,1.245216393650094,0.517409798283714,Good Burger (1997),Children|Comedy,119215,14817.0
5092,-0.2863354536475048,0.814042915106586,2.9268265164373872,Big Fat Liar (2002),Children|Comedy,265298,11870.0
27826,-0.2210577113464233,0.41944283691372614,2.7515444015444013,Touch of Pink (2004),Comedy|Drama|Romance,374277,55177.0
533,-1.450332257403205,2.4950957986882054,2.6972982533427596,"Shadow, The (1994)",Action|Adventure|Fantasy|Mystery,111143,8850.0
3840,0.4754890153224359,0.7952648377646994,3.876471640856587,Pumpkinhead (1988),Horror,95925,26515.0
69988,-0.39043500731806635,0.3875954799921168,2.271245421245421,Humpday (2009),Comedy,1334537,23720.0
88235,-0.05830321300885781,0.5474282311509262,3.172067580777025,"Guard, The (2011)",Comedy|Crime,1540133,67913.0
71205,0.008004076061667274,0.002818551722996489,6.118354710305175,Jennifer's Body (2009),Comedy|Horror|Sci-Fi|Thriller,1131734,19994.0
3985,-0.13720677524855918,0.735660124492665,3.092063052379119,"Eagle Has Landed, The (1976)",Drama|War,74452,11372.0
3357,-0.7768944762793489,0.6014222960745359,1.9868094148414515,East-West (Est-ouest) (1999),Drama|Romance,181530,28463.0
4142,-0.005480478475020909,0.007316370768142061,2.5295007966011687,Left Behind: The Movie (2000),Action|Adventure|Drama|Thriller,190524,37302.0
1695,-0.23466515959639253,0.48014211712183363,2.789830384559146,Artemisia (1997),Drama,123385,39177.0
39869,-0.03082410838071417,0.4980392537491007,3.2166805070252273,Manderlay (2005),Drama,342735,1951.0
2851,-0.09112943138269708,0.2695676111605742,2.94051363672338,Saturn 3 (1980),Adventure|Sci-Fi|Thriller,81454,
6724,0.012105169781310125,0.09540026660984881,3.405459646094087,Paper Moon (1973),Comedy|Crime|Drama,70510,11293.0
5523,0.08970262021991599,0.1346886189488228,3.9445714285714284,"Adventures of Pluto Nash, The (2002)",Action|Adventure|Comedy|Sci-Fi,180052,11692.0
84942,0.057080634576156156,0.2905418188158605,3.475034143676591,Drive Angry (2011),Action|Fantasy|Thriller,1502404,47327.0
1791,1.0136509896950867,0.7973230345772327,4.549889258028793,Twilight (1998),Crime|Drama|Thriller,119594,26269.0
1746,0.28322490367173137,0.5214068106149465,3.8217651458489152,Senseless (1998),Comedy,120820,12538.0
234,-0.31463881626175494,4.003667465822583,3.1999837788858145,Exit to Eden (1994),Comedy,109758,18395.0
239,-2.093059344231306,4.292421625201328,2.7909540584736963,"Goofy Movie, A (1995)",Animation|Children|Comedy|Romance,113198,15789.0
312,3.3322075110603566,3.4371343820680185,4.248044000969214,Stuart Saves His Family (1995),Comedy,114571,28033.0
1347,-0.7800236273716703,4.148714588035129,3.090555692415161,"Nightmare on Elm Street, A (1984)",Horror|Thriller,87800,377.0
1209,-1.544773580445494,4.028193498919731,2.895081017582044,Once Upon a Time in the West (C'era una volta il West) (1968),Action|Drama|Western,64116,335.0
1356,-0.026248880420129572,15.273452675135744,3.2768528335046523,Star Trek: First Contact (1996),Action|Adventure|Sci-Fi|Thriller,117731,199.0
1081,-0.4551333609547277,2.1032884095373143,3.0621801058736304,Victor/Victoria (1982),Comedy|Musical|Romance,84865,12614.0
3361,0.9222869850699147,4.345568519654247,3.490807636768025,Bull Durham (1988),Comedy|Drama|Romance,94812,287.0
2358,-0.11612992301319583,0.11852113897497156,2.2987468671679196,Savior (1998),Drama|War,120070,2042.0
82848,-0.15329624427625713,0.21310240235712877,2.559216589861751,One Week (1920),Comedy,11541,23282.0
160569,0.3794597616165648,0.21310240235712877,5.059216589861752,Ice Age: Collision Course (2016),Adventure|Animation|Children|Comedy,3416828,278154.0
168254,0.2880893638983,0.6786341694080354,3.70308492477454,Kong: Skull Island (2017),Action|Adventure|Fantasy,3731562,293167.0
3799,2.1348788113795782,1.0572834093463257,5.297782921447766,Pokémon the Movie 2000 (2000),Animation|Children,210234,12599.0
54999,-0.04853312400140973,0.8273574400985513,3.2199110217759945,Shoot 'Em Up (2007),Action|Comedy|Crime,465602,4141.0
2020,0.7607471020458055,4.124254022692192,3.4630283261970534,Dangerous Liaisons (1988),Drama|Romance,94947,859.0
86504,-0.13853024542846912,0.9193788962375866,3.1278933501476334,Voices from the List (2004),Documentary,405455,167966.0
81910,0.04672341100767309,0.060975140206802794,4.044841269841269,"Art of the Steal, The (2009)",Documentary,1326733,41999.0
132496,-0.43077912980328636,0.41944283691372614,2.2515444015444013,Danny Collins (2015),Comedy|Drama,1772288,256924.0
94833,0.6061748929956235,0.6444818923271824,4.21913298695248,"Pirates! Band of Misfits, The (2012)",Adventure|Animation|Children|Comedy,1430626,72197.0
175431,-0.22699935051214937,0.25688641233506565,2.394914918876138,Bobik Visiting Barbos (1977),Animation|Comedy,1070753,72199.0
110669,-0.001860854968820437,0.002818551722996489,2.6183547103051747,"Honest Liar, An (2014)",Comedy|Documentary,2246565,262481.0
3537,-0.5160811942601939,0.3813407839361039,1.925238095238095,Where the Money Is (2000),Comedy|Drama,149367,31776.0
50842,-0.2901354627381616,0.45313998518758414,2.6382936507936505,"Boss of It All, The (Direktøren for det hele) (2006)",Comedy|Drama,469754,5206.0
5563,0.04447650727946501,0.08909955988769268,3.777749060150376,City by the Sea (2002),Crime|Drama,269095,13536.0
869,0.836042052381214,1.844213097776498,3.7319041011292797,Kansas City (1996),Crime|Drama|Musical|Thriller,116745,22479.0
6856,-0.004765147353409919,0.007630988852936347,2.6541245259165613,Yankee Doodle Dandy (1942),Drama|Musical,35575,3087.0
77846,-0.012396136206346267,0.007630988852936347,1.6541245259165613,12 Angry Men (1997),Crime|Drama,118528,12219.0
162982,0.3179759616513953,0.45088654879668744,3.9837953091684435,Steins;Gate the Movie: The Burden of Déjà vu (2013),Animation|Drama|Sci-Fi,2967286,225745.0
184641,1.4451923336431138,0.45088654879668744,6.4837953091684435,Fullmetal Alchemist 2018 (2017),Action|Adventure|Fantasy,5607028,426285.0
146662,0.18305319613227775,0.19890819737208132,4.198861283643892,Dragons: Gift of the Night Fury (2011),Adventure|Animation|Comedy,2065968,91417.0
1581,-0.057139386497266645,0.2399071501563318,3.0403985085061755,Out to Sea (1997),Comedy,119848,18080.0
63540,-0.5975622610299592,0.274215251396447,1.0993991980450053,Beverly Hills Chihuahua (2008),Adventure|Children|Comedy,1014775,14405.0
66509,-0.024890723529341442,0.09979443573159218,3.0291514749751407,Funny People (2009),Comedy|Drama,1201167,20829.0
2919,0.08163290970859277,0.43468760185805844,3.4663681574398284,"Year of Living Dangerously, The (1982)",Drama|Romance|War,86617,11541.0
7438,-4.943680967543546,13.75012103190191,2.9190341593304074,Kill Bill: Vol. 2 (2004),Action|Drama|Thriller,378194,393.0
7099,-0.47171957114180124,3.2300162361048335,3.132528951797175,Nausicaä of the Valley of the Wind (Kaze no tani no Naushika) (1984),Adventure|Animation|Drama|Fantasy|Sci-Fi,87544,81.0
47200,-0.23899756201716743,1.0536873527350137,3.0517512419223136,Crank (2006),Action|Thriller,479884,1948.0
91485,-0.018751453746406126,0.6151020090593866,3.248086316394538,"Expendables 2, The (2012)",Action|Adventure,1764651,76163.0
5693,-0.07467726220100449,1.1447597207001952,3.2133374228227565,Saturday Night Fever (1977),Comedy|Drama|Romance,76666,11009.0
1960,0.6147723137906312,3.8262406777430584,3.4392441006714125,"Last Emperor, The (1987)",Drama,93389,746.0
635,0.0023912159617757362,0.11852113897497156,3.2987468671679196,"Family Thing, A (1996)",Comedy|Drama,116275,41852.0
6997,0.0023912159617757362,0.11852113897497156,3.2987468671679196,Hoffa (1992),Crime|Drama,104427,10410.0
47644,-0.03520258675425439,0.47881965168271395,3.2050519173514065,Invincible (2006),Drama,445990,11652.0
5449,1.2823468453928835,1.3603460789714061,4.221233641677156,Mr. Deeds (2002),Comedy|Romance,280590,2022.0
4008,0.07039371781176776,1.4971382792183077,3.3255902769897068,Born on the Fourth of July (1989),Drama|War,96969,2604.0
2587,-0.09173290739878076,0.4669358572839436,3.0821142365014738,Life (1999),Comedy|Crime|Drama,123964,6522.0
4661,0.08770177660784535,0.2216638309868618,3.674223602484472,Sea of Love (1989),Crime|Drama|Thriller,98273,12150.0
7492,-0.13396205437901643,0.2216638309868618,2.674223602484472,Martin (1977),Drama|Horror,77914,26517.0
3598,-0.2473613399684381,0.9553445263158029,3.0196477281108587,Hamlet (2000),Crime|Drama|Romance|Thriller,171359,10688.0
5522,0.0010763150833363018,0.5098025781260761,3.2806826675676937,Rollerball (1975),Action|Drama|Sci-Fi,73631,11484.0
7044,-0.012274956148938969,0.05460239114528025,3.053765227021041,Wild at Heart (1990),Crime|Drama|Mystery|Romance|Thriller,100935,483.0
7976,-0.0395761517215791,0.05460239114528025,2.553765227021041,Ken Park (2002),Drama,209077,7090.0
3417,-0.057139386497266645,0.2399071501563318,3.0403985085061755,"Crimson Pirate, The (1952)",Adventure|Comedy,44517,11570.0
63,-0.3148980515754514,1.0258712833864119,2.9716147404614253,Don't Be a Menace to South Central While Drinking Your Juice in the Hood (1996),Comedy|Crime,116126,10607.0
8799,0.025006494336454646,0.09979443573159218,3.5291514749751407,Little Black Book (2004),Comedy|Romance,361841,14846.0
143367,0.20235154398408642,0.2905418188158605,3.975034143676591,Silence (2016),Drama|Thriller,490215,68730.0
92192,-0.22758913894431476,0.17485746075652778,1.977001921844971,Apollo 18 (2011),Horror|Sci-Fi|Thriller,1772240,50357.0
4845,1.0653351195941512,0.5214068106149465,5.321765145848915,Corky Romano (2001),Comedy|Crime,250310,17708.0
3639,1.3589706753311381,3.3332061734677643,3.686278184351647,"Man with the Golden Gun, The (1974)",Action|Adventure|Thriller,71807,682.0
46970,0.14389765536966875,0.9170134858528205,3.435491318616278,Talladega Nights: The Ballad of Ricky Bobby (2006),Action|Comedy,415306,9718.0
34048,1.5954085868480457,4.101594342357751,3.6675442166338734,War of the Worlds (2005),Action|Adventure|Sci-Fi|Thriller,407304,74.0
4022,0.13928519480776128,10.1095272237757,3.292349045637456,Cast Away (2000),Drama,162222,8358.0
60069,-1.3748540300209697,10.234016794436531,3.1442298442613095,WALL·E (2008),Adventure|Animation|Children|Romance|Sci-Fi,910970,10681.0
3101,0.8672276101505626,6.260709016967306,3.417090501698812,Fatal Attraction (1987),Drama|Thriller,93010,10998.0
4344,1.6485714395840916,4.208728902084809,3.6702743578733052,Swordfish (2001),Action|Crime|Drama,244244,9705.0
5504,-0.6381802471440875,0.5708026280697495,2.1605312939242123,Spy Kids 2: The Island of Lost Dreams (2002),Adventure|Children,287717,9488.0
45672,-0.39700109254343086,1.4044356224269177,2.9958948243868964,Click (2006),Adventure|Comedy|Drama|Fantasy|Romance,389860,9339.0
69526,-0.13116631696206799,1.8593080451463833,3.2080256589747926,Transformers: Revenge of the Fallen (2009),Action|Adventure|Sci-Fi|IMAX,1055369,8373.0
6947,-0.14591817314530953,2.992732556594836,3.229813923386489,Master and Commander: The Far Side of the World (2003),Adventure|Drama|War,311113,8619.0
7841,0.151449485715406,0.699569989136905,3.495060826440335,Children of Dune (2003),Fantasy|Sci-Fi,287839,192936.0
70336,0.38506715270416414,0.5774635225821634,3.9453964965554853,G.I. Joe: The Rise of Cobra (2009),Action|Adventure|Sci-Fi|Thriller,1046173,14869.0
1104,-1.6700663493517127,3.6834451031119717,2.8251735082547254,"Streetcar Named Desire, A (1951)",Drama,44081,702.0
3695,0.47998122753949324,0.18706088584355804,5.84448051948052,"Toxic Avenger Part III: The Last Temptation of Toxie, The (1989)",Comedy|Horror,98502,28169.0
89864,0.638411941499924,2.080476222127827,3.585429990428474,50/50 (2011),Comedy|Drama,1306980,40807.0
183611,0.011887057951704168,0.14502210701079107,3.3605386416861824,Game Night (2018),Action|Comedy|Crime|Horror,2704998,445571.0
30810,1.274510809843039,2.413000488611231,3.8067564893944232,"Life Aquatic with Steve Zissou, The (2004)",Adventure|Comedy|Fantasy,362270,421.0
2728,-0.37231137304656015,0.8400962281658575,2.8353943727008053,Spartacus (1960),Action|Drama|Romance|War,54331,967.0
3707,0.28674353292306676,0.503017783051005,3.8486179410105157,9 1/2 Weeks (Nine 1/2 Weeks) (1986),Drama|Romance,91635,10068.0
46322,0.14487604104984922,0.18393682852052307,4.066211632086651,Jet Li's Fearless (Huo Yuan Jia) (2006),Action|Drama,446059,7549.0
117109,-0.43077912980328636,0.41944283691372614,2.2515444015444013,Too Many Cooks (2014),Comedy,3534838,301566.0
4599,0.08770177660784535,0.2216638309868618,3.674223602484472,Great Balls of Fire! (1989),Drama,97457,11465.0
166183,-0.22699935051214937,0.25688641233506565,2.394914918876138,Junior and Karlson (1968),Adventure|Animation|Children,756316,77304.0
779,0.24660037361201378,0.3813407839361039,3.925238095238095,'Til There Was You (1997),Drama|Romance,118523,32872.0
66511,0.23770069021614862,0.28873247681622577,4.101827242524917,Berlin Calling (2008),Comedy|Drama,1213019,30508.0
7302,-0.0009496529269417458,0.007630988852936347,3.1541245259165613,"Thief of Bagdad, The (1924)",Action|Adventure|Fantasy,15400,28963.0
49389,-0.004765147353409919,0.007630988852936347,2.6541245259165613,The Great Train Robbery (1903),Crime|Western,439,5698.0
193579,0.09253268725305157,0.45088654879668744,3.4837953091684435,Jon Stewart Has Left the Building (2015),Documentary,5342766,360617.0
8626,-0.19464655419171567,0.14315275678649989,1.9188591983556011,Dr. Terror's House of Horrors (1965),Horror|Sci-Fi,59125,26811.0
2498,0.30069510052512566,0.3244661034655101,4.205309529450089,My Favorite Martian (1999),Comedy|Sci-Fi,120764,9849.0
4224,0.1642111069963777,0.4696631032177955,3.628207382239751,Exit Wounds (2001),Action|Thriller,242445,10877.0
1625,-0.7414012815860129,13.933157772456806,3.2253601398101956,"Game, The (1997)",Drama|Mystery|Thriller,119174,2649.0
3386,-0.7522696917287771,4.558193252097552,3.113534614613924,JFK (1991),Drama|Mystery|Thriller,102138,820.0
509,-1.0346652487580523,11.335388017577074,3.1872939842392483,"Piano, The (1993)",Drama|Romance,107822,713.0
1094,0.7278420854793156,9.43438144114026,3.3557192617410134,"Crying Game, The (1992)",Drama|Romance|Thriller,104036,11386.0
4273,0.2278295617785623,0.512616514001765,3.723015873015873,Under the Sand (2000),Drama,240913,4973.0
63859,0.4947282970061568,1.2763320660520123,3.666188656223214,Bolt (2008),Action|Adventure|Animation|Children|Comedy,397892,13053.0
27611,-0.04125179333369791,2.4107471285914857,3.2614598066827405,Battlestar Galactica (2003),Drama|Sci-Fi|War,314979,206216.0
5574,0.643392612531237,3.2382440349567516,3.4772570759734873,"Transporter, The (2002)",Action|Crime,293662,4108.0
68159,-0.04010959584860812,0.14970272948699834,3.010643141718839,State of Play (2009),Crime|Drama|Thriller,473705,16995.0
71156,0.09153643444215888,0.6576107743053947,3.4177668888934476,"Men Who Stare at Goats, The (2009)",Action|Comedy|Drama,1234548,10313.0
72378,2.547419549075619,2.4637510945137415,4.312531212393824,2012 (2009),Action|Drama|Sci-Fi|Thriller,1190080,14161.0
3526,0.4133285693901537,2.2308454366843877,3.463850319969869,Parenthood (1989),Comedy|Drama,98067,1552.0
3633,1.605440452236745,2.3858488717266675,3.9514725797138595,On Her Majesty's Secret Service (1969),Action|Adventure|Romance|Thriller,64757,668.0
94503,-0.49858919560081627,0.6795281975051178,2.544842942496263,"Decoy Bride, The (2011)",Comedy|Romance,1657299,40161.0
459,0.2886272195114423,0.42696803599988986,3.954563997512858,"Getaway, The (1994)",Action|Adventure|Crime|Drama|Romance|Thriller,109890,2087.0
4062,-0.6016122081325628,0.5980621307839044,2.27263546110931,Mystic Pizza (1988),Comedy|Drama|Romance,95690,11191.0
159817,-0.862877516176263,1.8045393607783626,2.8004009131862317,Planet Earth (2006),Documentary,795176,192040.0
8645,0.3612973311842879,1.079216989802136,3.613348711173816,"Maria Full of Grace (Maria, Llena eres de gracia) (2004)",Crime|Drama,390221,436.0
90576,0.07721098111107448,0.060975140206802794,4.544841269841269,What's Your Number? (2011),Comedy|Romance,770703,63492.0
3266,-0.2928148254609216,0.3189513936498468,2.360516730298558,Man Bites Dog (C'est arrivé près de chez vous) (1992),Comedy|Crime|Drama|Thriller,103905,10086.0
116718,-0.011336292889560236,0.41944283691372614,3.2515444015444013,Volga - Volga (1938),Comedy|Musical,30947,37133.0
140561,-0.2210577113464233,0.41944283691372614,2.7515444015444013,Jeff Ross Roasts Criminals: Live at Brazos County Jail (2015),Comedy|Documentary,4705522,343295.0
162082,0.16300452244942254,0.45313998518758414,3.6382936507936505,Train to Busan (2016),Action|Thriller,5700672,396535.0
26313,-0.014432243439343684,0.046890064398847256,2.9707824838478105,California Split (1974),Comedy|Drama,71269,32044.0
27865,0.09692982614162153,0.05460239114528025,5.0537652270210405,Azumi (2003),Action|Adventure|Drama|Thriller,384819,5889.0
2350,-0.5060753348995054,0.5631114490884213,2.379858863378956,Heart Condition (1990),Comedy,99750,41817.0
6374,0.07490371220225073,0.09979443573159218,4.029151474975141,"In-Laws, The (2003)",Comedy,314786,5146.0
6951,0.16873420415690016,0.16753586795704245,4.285724142879537,"Cat in the Hat, The (2003)",Children|Comedy,312528,10588.0
43919,1.0579277652812424,0.3903362545474527,5.988869928790889,Date Movie (2006),Comedy|Romance,466342,10073.0
51933,0.07490371220225073,0.09979443573159218,4.029151474975141,Pride (2007),Drama,475355,16385.0
70301,-0.024890723529341442,0.09979443573159218,3.0291514749751407,Obsessed (2009),Crime|Drama|Thriller,1198138,17335.0
27478,0.057080634576156156,0.2905418188158605,3.475034143676591,Ali G Indahouse (2002),Comedy,284837,9298.0
48883,0.21892858495174639,0.45580213588314406,3.7588863892013498,Death of a President (2006),Crime|Drama|Mystery|Thriller,853096,21173.0
5853,-0.077862857277103,0.29480564246126767,3.0144555296115474,Scanners (1981),Horror|Sci-Fi|Thriller,81455,9538.0
3771,-0.004329583881187994,0.029660461004242435,3.132599864590386,The Golden Voyage of Sinbad (1973),Action|Adventure|Fantasy,71569,17897.0
4709,-0.004329583881187994,0.029660461004242435,3.132599864590386,Paint Your Wagon (1969),Comedy|Musical|Western,64782,20391.0
589,-8.470805035614392,41.59863663359521,3.074939633851182,Terminator 2: Judgment Day (1991),Action|Sci-Fi,103064,280.0
10,-0.79049025286744,27.63889533870531,3.2499707828806277,GoldenEye (1995),Action|Adventure|Thriller,113189,710.0
102,0.1007183382614481,2.6084998330002853,3.3171830232463657,Mr. Wrong (1996),Comedy,117102,47475.0
361,-0.17037411544035588,2.9458316055184812,3.2207357684742286,It Could Happen to You (1994),Comedy|Drama|Romance,110167,10660.0
848,0.9941860263283545,1.9445940752555566,3.789827756552218,"Spitfire Grill, The (1996)",Drama,117718,47907.0
8958,-0.06961351807380814,1.1488201453869324,3.21797576583576,Ray (2004),Drama,350258,1677.0
112852,-0.1383786458811946,5.322261673169282,3.2525714581868845,Guardians of the Galaxy (2014),Action|Adventure|Sci-Fi,2015381,118340.0
55276,-2.4838492038407325,2.379612751584594,2.2347674725761824,Michael Clayton (2007),Drama|Thriller,465538,4566.0
59784,-0.0992317185638012,5.48722620143546,3.2604872973690657,Kung Fu Panda (2008),Action|Animation|Children|Comedy|IMAX,441773,9502.0
63131,0.28949963020792757,1.0303916040026477,3.5595322099707922,Role Models (2008),Comedy,430922,15373.0
1346,0.532015003311184,1.4320482766031883,3.6500777611464175,Cat People (1982),Drama|Fantasy|Horror,83722,6217.0
1921,-3.446002118953759,7.280774930585123,2.8052698704532437,Pi (1998),Drama|Sci-Fi|Thriller,138704,473.0
1970,0.8763633418987319,2.5592532945085296,3.621000739409544,"Nightmare on Elm Street 3: Dream Warriors, A (1987)",Horror|Thriller,93629,10072.0
2167,-0.4243951375382466,9.618781145441528,3.234449919710675,Blade (1998),Action|Horror|Thriller,120611,36647.0
3745,-0.26507011890063464,4.33459204952116,3.217419164212452,Titan A.E. (2000),Action|Adventure|Animation|Children|Sci-Fi,120913,7450.0
4734,-1.4234875028494307,4.150929527136993,2.9356392025378906,Jay and Silent Bob Strike Back (2001),Adventure|Comedy,261392,2294.0
34162,0.2678220641594402,3.0234570688605555,3.3671528299472957,Wedding Crashers (2005),Comedy|Romance,396269,9522.0
87520,0.5844585022794185,0.7995953576736227,4.009514269435171,Transformers: Dark of the Moon (2011),Action|Adventure|Sci-Fi|War|IMAX,1399103,38356.0
1459,0.8422990958890841,1.8731553778284773,3.7282399963042074,Absolute Power (1997),Mystery|Thriller,118548,66.0
54259,1.431823626425056,2.46162265519763,3.860229881950467,Stardust (2007),Adventure|Comedy|Fantasy|Romance,486655,2270.0
8366,0.03381935993814379,0.14114169628679785,3.5181842490764574,Saved! (2004),Comedy|Drama,332375,13193.0
34542,0.04672341100767309,0.060975140206802794,4.044841269841269,Grizzly Man (2005),Documentary,427312,501.0
40732,0.12749090172241667,0.4362544598788223,3.5708111956051676,"Descent, The (2005)",Adventure|Drama|Horror|Thriller,435625,9392.0
70492,0.016235840904271694,0.060975140206802794,3.5448412698412697,Winds of the Wasteland (1936),Western,28510,40743.0
55069,-0.17608007150072005,1.6452526074279925,3.1715483059787317,"4 Months, 3 Weeks and 2 Days (4 luni, 3 saptamâni si 2 zile) (2007)",Drama,1032846,2009.0
102984,-0.43077912980328636,0.41944283691372614,2.2515444015444013,Inhuman Resources (Redd Inc.) (2012),Horror|Thriller,1857842,133463.0
6327,-0.023130138885585544,0.2216638309868618,3.174223602484472,"Decade Under the Influence, A (2003)",Documentary,342275,38868.0
4676,-0.15844267635552778,0.41346676605758836,2.895366079647545,Troop Beverly Hills (1989),Comedy,98519,22102.0
141816,-0.22699935051214937,0.25688641233506565,2.394914918876138,12 Chairs (1976),Adventure|Comedy,75468,27934.0
110771,-0.0032701308303186814,0.002818551722996489,2.1183547103051747,"Other Woman, The (2014)",Comedy|Romance,2203939,193610.0
170817,-0.001860854968820437,0.002818551722996489,2.6183547103051747,Snatched (2017),Action|Comedy,2334871,373569.0
1401,-0.044623052608227666,0.08909955988769268,2.777749060150376,Ghosts of Mississippi (1996),Drama,116410,31908.0
3597,0.22267562705485036,0.08909955988769268,5.777749060150375,Whipped (2000),Comedy,174336,23531.0
5506,0.04447650727946501,0.08909955988769268,3.777749060150376,Blood Work (2002),Crime|Drama|Mystery|Thriller,309377,9573.0
2769,-0.6526976977066102,1.0815644131963695,2.675095861381048,"Yards, The (2000)",Crime|Drama,138946,19457.0
43904,-1.79676830011309,1.2430561261020774,1.8331272025352963,When a Stranger Calls (2006),Horror|Thriller,455857,10053.0
1755,-0.8396419556322692,0.7346867111782356,2.1357142857142857,Shooting Fish (1997),Comedy|Romance,120122,25719.0
1007,0.5570016785630697,0.5902445396873135,4.2222509395384344,"Apple Dumpling Gang, The (1975)",Children|Comedy|Western,72653,18660.0
2120,-0.03399004488543043,0.029660461004242435,2.132599864590386,Needful Things (1993),Drama|Horror,107665,10657.0
2641,0.9668225477500283,7.738193824709645,3.4035130583174764,Superman II (1980),Action|Sci-Fi,81573,8536.0
114060,-0.01696559986495879,0.1762427948681602,3.1823087706985205,The Drop (2014),Crime|Drama|Thriller,1600196,154400.0
8783,0.9033722236995433,0.9925779067661485,4.188698701747153,"Village, The (2004)",Drama|Mystery|Thriller,368447,6947.0
5008,0.7211870444949733,1.277151130077344,3.8432556131685156,Witness for the Prosecution (1957),Drama|Mystery|Thriller,51201,37257.0
3031,0.9102113796764091,1.224266707970659,4.022046174515613,Repossessed (1990),Comedy,100475,11510.0
6989,-0.03714475043306316,0.2496952668000358,3.129811097992916,Gorky Park (1983),Crime|Drama|Thriller,85615,8289.0
4964,0.0077640306156763084,0.02887772538348671,3.5474302293451228,Baran (2001),Adventure|Drama|Romance,233841,43774.0
41828,-0.43077912980328636,0.41944283691372614,2.2515444015444013,Don't Look Now: We're Being Shot At (La grande vadrouille) (1966),Comedy|War,60474,8290.0
1354,0.690934509679343,0.6499298792843657,4.3416622814494765,Breaking the Waves (1996),Drama|Mystery,115751,145.0
3592,-0.09855614434461654,0.25688641233506565,2.894914918876138,"Time Masters (Maîtres du temps, Les) (1982)",Animation|Sci-Fi,84315,22501.0
143511,-0.22699935051214937,0.25688641233506565,2.394914918876138,Human (2015),Documentary,3327994,359364.0
128099,-0.0032701308303186814,0.002818551722996489,2.1183547103051747,Jim Jefferies: BARE (2014),Comedy,3958494,289333.0
184257,-0.001860854968820437,0.002818551722996489,2.6183547103051747,Making a Murderer (2015),Crime|Documentary,5189670,502892.0
8860,0.027872335835981074,0.10742542458452853,3.5380289633568696,Cellular (2004),Action|Crime|Drama|Mystery|Thriller,337921,9759.0
27879,-0.0395761517215791,0.05460239114528025,2.553765227021041,DiG! (2004),Documentary,388888,1843.0
1502,0.7530554519606629,0.8112997087331211,4.2067801335105575,Kissed (1996),Drama|Romance,116783,21626.0
4932,0.6967584309091711,0.27967615900368126,5.769875776397516,Dressed to Kill (1980),Mystery|Thriller,80661,11033.0
62834,-0.015855001239803566,0.19890819737208132,3.1988612836438923,Babylon 5: The Legend of the Rangers: To Live and Die in Starlight (2002),Sci-Fi,280453,16068.0
113573,0.10337107829207366,0.17498994823504618,3.8692972350230415,Sin City: A Dame to Kill For (2014),Action|Crime|Thriller,458481,189.0
7440,0.07490371220225073,0.09979443573159218,4.029151474975141,Paper Clips (2004),Documentary,380615,33823.0
104243,0.20235154398408642,0.2905418188158605,3.975034143676591,Riddick (2013),Action|Sci-Fi|Thriller|IMAX,1411250,87421.0
66427,0.06953996395353083,0.29480564246126767,3.5144555296115474,My Name Is Bruce (2007),Comedy|Horror,489235,1961.0
68597,0.1221257825687408,0.17485746075652778,3.977001921844971,Scorpio (1973),Action|Drama|Thriller,70653,42738.0
50,-21.7967342586718,38.05705504443084,2.705833095738671,"Usual Suspects, The (1995)",Crime|Mystery|Thriller,114814,629.0
1214,-3.783480121547994,23.42370097116688,3.117047844992334,Alien (1979),Horror|Sci-Fi,78748,348.0
2395,-1.5582301771753706,7.675759506248894,3.0755647846156347,Rushmore (1998),Comedy|Drama,128445,11545.0
3168,-2.1096754283444077,3.965589777710317,2.7465760516914455,Easy Rider (1969),Adventure|Drama,64276,624.0
750,-2.5825987208485484,12.293926595106951,3.068500325505266,Dr. Strangelove or: How I Learned to Stop Worrying and Love the Bomb (1964),Comedy|War,57012,935.0
64839,-0.1620994744158873,2.692538617988416,3.2183682161335727,"Wrestler, The (2008)",Drama,1125849,12163.0
5669,-0.4957498444351665,3.880691796202524,3.1508236272849968,Bowling for Columbine (2002),Documentary,310793,1430.0
53125,-0.5905907153246971,5.5064519094872,3.171317115806587,Pirates of the Caribbean: At World's End (2007),Action|Adventure|Comedy|Fantasy,449088,285.0
86332,1.0035200481628748,3.6590374995151724,3.55282935795746,Thor (2011),Action|Adventure|Drama|Fantasy|IMAX,800369,10195.0
143245,-0.45793810668461743,0.2600853605913917,1.5178490809416316,The Little Prince (2015),Animation|Fantasy,1754656,309809.0
7932,-0.16199238383308107,0.2496952668000358,2.629811097992916,Dark Days (2000),Documentary,235327,14273.0
4890,1.3707892802287391,1.9437866021751973,3.983787360554268,Shallow Hal (2001),Comedy|Fantasy|Romance,256380,9889.0
2431,-0.6954153587239023,2.649228721769989,3.016074139073795,Patch Adams (1998),Comedy|Drama,129290,10312.0
5589,0.30488998965108466,0.34807183367892064,4.154511278195489,Indian Summer (1993),Comedy|Drama,107212,33506.0
163645,-0.6884483405873041,1.5012712771125325,2.8199945203983567,Hacksaw Ridge (2016),Drama|War,2119532,324786.0
518,0.8373119245016933,1.063506385576538,4.065883978695683,"Road to Wellville, The (1994)",Comedy,111001,10467.0
951,-0.7711632603480845,2.775625423097769,3.0007373757735483,His Girl Friday (1940),Comedy|Romance,32599,3085.0
7320,-0.001968197718820572,0.3767073938117864,3.2733466898188786,Dirty Dancing: Havana Nights (2004),Romance,338096,10677.0
55267,-0.22186574220568966,0.37478044269396843,2.68658284824186,Dan in Real Life (2007),Comedy|Drama|Romance,480242,7211.0
84601,0.035488794573813286,0.37343462985933773,3.373604914317464,Unknown (2011),Drama|Mystery|Thriller,1401152,48138.0
6752,0.010586037861389496,0.08900113313094145,3.3975141598489613,"Fighting Temptations, The (2003)",Drama,191133,22309.0
1414,0.6969786465093576,0.5793043079648579,4.48170186783555,Mother (1996),Comedy,117091,27265.0
3061,0.5020510614038163,1.4977830368291971,3.613767547808202,Holiday Inn (1942),Comedy|Musical,34862,13485.0
120813,-0.43077912980328636,0.41944283691372614,2.2515444015444013,Patton Oswalt: My Weakness Is Strong (2009),Comedy,1503646,27317.0
127052,0.18110719351201654,0.6763292492487918,3.5463510547123573,Operation 'Y' & Other Shurik's Adventures (1965),Comedy|Crime|Romance,59550,20875.0
134184,-0.09855614434461654,0.25688641233506565,2.894914918876138,Elections Day (2007),Comedy,1198196,20963.0
156387,0.09138565250645002,0.6281299334226303,3.4240598819054333,Sing Street (2016),Drama,3544112,369557.0
3998,0.6577802563629527,1.1718966550909764,3.8398668751497684,Proof of Life (2000),Drama,228750,11983.0
6669,0.22267562705485036,0.08909955988769268,5.777749060150375,Ikiru (1952),Drama,44741,3782.0
3467,-0.014432243439343684,0.046890064398847256,2.9707824838478105,Hud (1963),Drama|Western,57163,24748.0
4722,0.0390018829192657,0.04815759295761459,4.088451668092386,All Over the Guy (2001),Comedy,250202,21055.0
4605,-0.03559496352361428,0.09540026660984881,2.905459646094087,How to Get Ahead in Advertising (1989),Comedy|Fantasy,97531,14776.0
6938,-0.013547981164462914,0.02587128606547155,2.754902789518174,Billabong Odyssey (2003),Documentary,379713,23995.0
3807,0.059533040914352305,0.17024360822876175,3.628264680105171,Sinbad and the Eye of the Tiger (1977),Adventure|Fantasy,76716,11940.0
27618,-0.11185290216253344,0.3244661034655101,2.933842346032848,"Sound of Thunder, A (2005)",Action|Adventure|Drama|Sci-Fi|Thriller,318081,10077.0
1660,-0.004329583881187994,0.029660461004242435,3.132599864590386,Eve's Bayou (1997),Drama,119080,45153.0
527,-10.971180310818292,36.59676653300052,2.9787859188071923,Schindler's List (1993),Drama|War,108052,424.0
2012,0.7250107083214351,11.547763194511488,3.3413550773274077,Back to the Future Part III (1990),Adventure|Comedy|Sci-Fi|Western,99088,196.0
267,4.1634091387673635,5.426188223348241,4.045852062304831,Major Payne (1995),Comedy,110443,11008.0
293,-8.218912964971993,21.388081016441795,2.8942960483419533,Léon: The Professional (a.k.a. The Professional) (Léon) (1994),Action|Crime|Drama|Thriller,110413,101.0
5989,-2.965749622962262,9.797160754553078,2.975856213698183,Catch Me If You Can (2002),Crime|Drama,264464,640.0
8368,0.03190507724550044,8.489436824486367,3.28232963749684,Harry Potter and the Prisoner of Azkaban (2004),Adventure|Fantasy|IMAX,304141,673.0
5988,-1.1731677881070708,1.2216638305883472,2.3182681448586915,Quicksilver (1986),Drama,91814,21332.0
6001,0.3633585810296466,2.471548127248072,3.425588019923111,"King of Comedy, The (1983)",Comedy|Drama,85794,262.0
1639,0.7839099039110935,6.7211962299732795,3.395203926282957,Chasing Amy (1997),Comedy|Drama|Romance,118842,2255.0
3429,-2.8059940092737192,3.2557406045531367,2.416710994927068,Creature Comforts (1989),Animation|Comedy,99317,54825.0
76251,-0.24995397999928842,3.2440436790489113,3.2015213007899894,Kick-Ass (2010),Action|Comedy,1250777,23483.0
98124,-0.10606229079356395,0.7433849063992941,3.1358966313290497,"Batman: The Dark Knight Returns, Part 1 (2012)",Action|Animation|Sci-Fi,2313197,123025.0
122920,-0.12391439172722415,2.5934673860089204,3.2307919992268723,Captain America: Civil War (2016),Action|Sci-Fi|Thriller,3498820,271110.0
64575,0.017355757984067646,0.22869588407692928,3.3544615481252613,Doubt (2008),Drama|Mystery,918927,14359.0
8914,-0.5206615223436852,1.4759276244068615,2.9258024216542187,Primer (2004),Drama|Sci-Fi,390384,14337.0
55080,0.06165178544926152,0.11852113897497156,3.7987468671679196,"Brave One, The (2007)",Crime|Drama|Thriller,476964,4413.0
65982,0.0023912159617757362,0.11852113897497156,3.2987468671679196,Outlander (2008),Action|Adventure|Sci-Fi,462465,10529.0
1343,-0.1722267772119272,2.6773712548440978,3.214244609158423,Cape Fear (1991),Thriller,101540,1598.0
106100,-0.09072778275711274,1.0736299798183304,3.194065793983556,Dallas Buyers Club (2013),Drama,790636,152532.0
8379,-0.046745043097692736,0.21310240235712877,3.059216589861751,"Dresser, The (1983)",Drama,85461,42122.0
4340,1.7008720719395187,1.23869633667422,4.651686066583676,"Animal, The (2001)",Comedy,255798,11090.0
176601,-0.1331350490590869,0.14502210701079107,2.3605386416861824,Black Mirror,(no genres listed),2492564,452830.0
27846,-0.0005713482025714294,1.1669292527358943,3.278081811740561,"Corporation, The (2003)",Documentary,379225,11420.0
8604,-0.20816224467629751,0.9824788430080289,3.066696896964241,Taxi (1998),Action|Comedy,152930,2330.0
4969,0.20004041943699752,0.36643571955246235,3.824480052548677,And Then There Were None (1945),Crime|Mystery,37515,4886.0
92420,-0.5988235163837984,0.8046569442102475,2.534374139661519,Chronicle (2012),Action|Sci-Fi|Thriller,1706593,76726.0
95624,-0.014251729199129703,0.060975140206802794,3.0448412698412697,"Firm, The (2009)",Drama,1313113,31218.0
106594,-0.43077912980328636,0.41944283691372614,2.2515444015444013,Red Flag (2012),Comedy|Drama|Romance,2147048,137312.0
26347,0.029887061822916283,0.25688641233506565,3.394914918876138,"Irony of Fate, or Enjoy Your Bath! (Ironiya sudby, ili S legkim parom!) (1975)",Comedy|Drama|Romance,73179,43430.0
71429,-0.2901354627381616,0.45313998518758414,2.6382936507936505,World's Greatest Dad (2009),Comedy|Drama,1262981,20178.0
141408,-0.06356547014436952,0.45313998518758414,3.1382936507936505,Scouts Guide to the Zombie Apocalypse (2015),Action|Comedy|Horror,1727776,273477.0
2290,0.12623794975719807,0.046890064398847256,5.97078248384781,Stardust Memories (1980),Comedy|Drama,81554,11337.0
4052,0.06720150670452177,0.7981150121652294,3.362771707579098,Antitrust (2001),Crime|Drama|Thriller,218817,9989.0
3682,0.5715249152760039,0.6169001036007299,4.205017885526323,Magnum Force (1973),Action|Crime|Drama|Thriller,70355,10648.0
161922,0.015876104174550577,0.17498994823504618,3.3692972350230415,The Edge of Seventeen (2016),Comedy,1878870,376660.0
7376,-0.052856362940648355,0.39460007819285986,3.1446222332678864,Walking Tall (2004),Action,351977,11358.0
8327,-0.22202099911898604,0.29506373824282167,2.526120448179271,Dolls (2002),Drama|Romance,330229,870.0
105351,0.20235154398408642,0.2905418188158605,3.975034143676591,Runner Runner (2013),Crime|Drama|Thriller,2364841,146238.0
110350,-0.23346118423970433,0.2905418188158605,2.475034143676591,Free to Play (2014),Documentary,3203290,256561.0
2462,-0.004329583881187994,0.029660461004242435,3.132599864590386,Texas Chainsaw Massacre: The Next Generation (a.k.a. The Return of the Texas Chainsaw Massacre) (1994),Horror,110978,16780.0
1704,-0.8380656061777397,19.087176784254275,3.2346641700150403,Good Will Hunting (1997),Drama|Romance,119217,489.0
45,2.8446874650497542,5.943087552924953,3.7572262422044047,To Die For (1995),Comedy|Drama|Thriller,114681,577.0
569,1.1009403585511117,1.2355591515488062,4.169617686592385,Little Big League (1994),Comedy|Drama,110363,31504.0
34319,-0.43083008461652705,1.9443268264456706,3.0569882673679665,"Island, The (2005)",Action|Sci-Fi|Thriller,399201,1635.0
92094,0.03474176889489105,0.14970272948699834,3.510643141718839,Einstein and Eddington (2008),Drama,995036,15044.0
1333,-0.3044750994275836,4.377455036125899,3.2090161511522806,"Birds, The (1963)",Horror|Thriller,56869,571.0
2788,-0.46021669532925985,3.1667043584856636,3.133241570387465,Monty Python's And Now for Something Completely Different (1971),Comedy,66765,9267.0
3190,1.0920631482196725,0.6793985780517078,4.885968299126194,Supernova (2000),Adventure|Sci-Fi|Thriller,134983,10384.0
160565,-0.5879807869803133,0.2600853605913917,1.0178490809416316,The Purge: Election Year (2016),Action|Horror|Sci-Fi,4094724,316727.0
26901,0.06165178544926152,0.11852113897497156,3.7987468671679196,Last of the Dogmen (1995),Adventure|Western,113617,30718.0
1442,-0.04318184402783599,0.34807183367892064,3.1545112781954887,Prefontaine (1997),Drama,119937,26306.0
59306,1.223009557041712,0.4669358572839436,5.897795328307191,Prom Night (2008),Horror|Mystery|Thriller,926129,8617.0
7743,-0.021113694767810404,0.02887772538348671,2.5474302293451228,Explorers (1985),Adventure|Children|Sci-Fi,89114,9872.0
8093,0.0077640306156763084,0.02887772538348671,3.5474302293451228,Shiri (Swiri) (1999),Action|Drama|Romance|Thriller,192657,10355.0
33672,-0.11059817333645679,0.45878559623323745,3.037504197506417,Lords of Dogtown (2005),Action|Comedy|Drama,355702,9787.0
103602,-0.6405005482601495,0.41944283691372614,1.7515444015444013,Craig Ferguson: I'm Here To Help (2013),Comedy|Documentary,2523852,178946.0
136355,-0.6405005482601495,0.41944283691372614,1.7515444015444013,Big Top Scooby-Doo! (2012),Animation|Children|Comedy,2235542,119321.0
938,0.060718652645852605,0.6876567491249499,3.3668693369728477,Gigi (1958),Musical,51658,17281.0
160080,0.2196335779182565,0.7465003557264411,3.572789075265682,Ghostbusters (2016),Action|Comedy|Horror|Sci-Fi,1289401,43074.0
117887,-0.39713096294120565,0.9640732598483108,2.866641153683718,Paddington (2014),Children|Comedy,1109624,116149.0
71304,-0.2901354627381616,0.45313998518758414,2.6382936507936505,Thirst (Bakjwi) (2009),Drama|Horror,762073,22536.0
4168,0.3280157850852928,0.31573225360498364,4.317476327706875,Get Over It (2001),Comedy|Romance,192071,10050.0
3618,0.4641117287974594,1.3647129956226127,3.6186515262081635,Small Time Crooks (2000),Comedy|Crime,196216,10569.0
1611,-0.23466515959639253,0.48014211712183363,2.789830384559146,My Own Private Idaho (1991),Drama|Romance,102494,468.0
4959,-0.017533857939848387,0.5121510802442141,3.2443357145093055,"Affair of the Necklace, The (2001)",Drama,242252,19076.0
3724,-0.08007224051520288,0.44204264284420214,3.097429989365473,Coming Home (1978),Drama|War,77362,31657.0
106642,-0.14986208679346724,0.4894500161879418,2.972386768571494,"Day of the Doctor, The (2013)",Adventure|Drama|Sci-Fi,2779318,253941.0
3014,0.18276776365906516,0.2399071501563318,4.0403985085061755,Bustin' Loose (1981),Comedy,82121,31361.0
2091,-0.03399004488543043,0.029660461004242435,2.132599864590386,Return from Witch Mountain (1978),Children|Sci-Fi,78158,14822.0
8959,-0.03399004488543043,0.029660461004242435,2.132599864590386,Birth (2004),Drama|Mystery,337876,10740.0
216,6.3847055592516355,6.9365349719466955,4.199017383947302,Billy Madison (1995),Comedy,112508,11017.0
759,-0.28478695222320266,0.512616514001765,2.723015873015873,Maya Lin: A Strong Clear Vision (1994),Documentary,110480,85778.0
122918,0.13001224529370448,3.3852988223211726,3.316976382496459,Guardians of the Galaxy 2 (2017),Action|Adventure|Sci-Fi,3896198,283995.0
166015,0.03474176889489105,0.14970272948699834,3.510643141718839,The African Doctor (2016),Comedy|Drama,5555502,393764.0
7069,-0.1546733722462609,0.6104179807218912,3.025182149206916,"Macbeth (a.k.a. Tragedy of Macbeth, The) (1971)",Drama,67372,11316.0
6763,0.7140123754053944,0.6498537953378709,4.377299143217099,Duplex (2003),Comedy|Crime,266489,7288.0
1667,0.4756881053550004,0.42696803599988986,4.392678493380194,Mad City (1997),Action|Drama,119592,9770.0
3646,2.5935943050092813,1.876570262312055,4.660664258825387,Big Momma's House (2000),Comedy,208003,9600.0
4442,0.47998122753949324,0.18706088584355804,5.84448051948052,"Last Dragon, The (1985)",Action|Comedy|Drama,89461,13938.0
1320,-1.0598567107300956,7.546858827095438,3.13813462764375,Alien³ (a.k.a. Alien 3) (1992),Action|Horror|Sci-Fi|Thriller,103644,8077.0
2553,-0.12681728361289563,0.6551450452013309,3.085000120138616,Village of the Damned (1960),Horror|Sci-Fi|Thriller,54443,11773.0
175707,-0.046745043097692736,0.21310240235712877,3.059216589861751,A German Life (2016),Documentary,5135434,411516.0
4496,0.047467663697618116,0.1721302148226759,3.5543374452845202,D.O.A. (1988),Film-Noir|Mystery|Thriller,94933,9748.0
8910,0.13915462421910343,0.7546204582567085,3.4629748895385117,I Heart Huckabees (2004),Comedy,356721,1599.0
81417,-0.0630382455240815,0.08289281104347726,2.518092386655261,Paranormal Activity 2 (2010),Horror|IMAX,1536044,41436.0
121469,-0.43077912980328636,0.41944283691372614,2.2515444015444013,Killer Movie (2008),Comedy|Horror|Mystery|Thriller,988083,14862.0
184791,-0.2210577113464233,0.41944283691372614,2.7515444015444013,Fred Armisen: Standup for Drummers (2018),Comedy,7924798,502616.0
3182,-0.2579120505814462,1.200942810034352,3.063813449734727,"Mr. Death: The Rise and Fall of Fred A. Leuchter, Jr. (1999)",Documentary,192335,28216.0
3742,-0.19676485496734242,1.1136509413451865,3.101886932862505,Battleship Potemkin (1925),Drama|War,15648,643.0
6187,-0.7021871477767809,0.7398470811798958,2.3294737492821564,"Life of David Gale, The (2003)",Crime|Drama|Thriller,289992,11615.0
26150,-0.09855614434461654,0.25688641233506565,2.894914918876138,Andrei Rublev (Andrey Rublyov) (1969),Drama|War,60107,895.0
96616,-0.001860854968820437,0.002818551722996489,2.6183547103051747,That's My Boy (2012),Comedy,1232200,87428.0
95690,-0.2901354627381616,0.45313998518758414,2.6382936507936505,Some Guy Who Kills People (2011),Comedy|Thriller,1568341,80468.0
5284,0.17014965828280096,0.31573225360498364,3.817476327706875,Crush (2001),Comedy|Romance,245407,18435.0
2986,3.708859007261251,3.6149895510659142,4.30453815817585,RoboCop 2 (1990),Action|Crime|Sci-Fi|Thriller,100502,5549.0
952,-0.3475202390290807,0.7333883643069271,2.8047157527215707,Around the World in 80 Days (1956),Adventure|Comedy,48960,2897.0
50800,0.06953996395353083,0.29480564246126767,3.5144555296115474,"Messengers, The (2007)",Drama|Horror|Thriller,425430,9966.0
261,0.8836634945294776,7.656892307964985,3.393979019404364,Little Women (1994),Drama,110367,9587.0
4643,3.537388447785774,6.291876950336942,3.8407865633725535,Planet of the Apes (2001),Action|Adventure|Drama|Sci-Fi,133152,869.0
1918,2.0590406415261087,7.144387390515017,3.566775375107099,Lethal Weapon 4 (1998),Action|Comedy|Crime|Thriller,122151,944.0
1405,-1.4522554108337635,5.134447069159341,2.9957258969548097,Beavis and Butt-Head Do America (1996),Adventure|Animation|Comedy|Crime,115641,3179.0
3462,0.15124085237164986,5.724792392765716,3.3049900027301646,Modern Times (1936),Comedy|Drama|Romance,27977,3082.0
106072,1.0725684048095574,2.648633155318614,3.6835230930387315,Thor: The Dark World (2013),Action|Adventure|Fantasy|IMAX,1981115,76338.0
2719,3.1846403516954895,2.4544869966043548,4.576048398749418,"Haunting, The (1999)",Horror|Thriller,171363,11618.0
2722,1.7488970586856982,4.344156315458608,3.6811575538593875,Deep Blue Sea (1999),Action|Horror|Sci-Fi|Thriller,149261,8914.0
2793,1.1119360008456975,1.708890931691211,3.9292484145773554,"American Werewolf in Paris, An (1997)",Comedy|Horror|Romance|Thriller,118604,9406.0
3393,1.0920631482196725,0.6793985780517078,4.885968299126194,Date with an Angel (1987),Comedy|Fantasy|Romance,92834,28370.0
5013,0.9682691223366952,3.8626719933527625,3.5292448287470015,Gosford Park (2001),Comedy|Drama|Mystery,280707,5279.0
38,-0.015084982434160593,0.4999925107477235,3.2484010117953823,It Takes Two (1995),Children|Comedy,113442,33689.0
5796,-1.1072438350321632,0.7470386312234277,1.7963939497189276,Casino Royale (1967),Action|Adventure|Comedy,61452,12208.0
114818,-0.3856292429962269,0.5506271794072521,2.578225972665392,Stretch (2014),Action|Comedy|Crime,2494280,227300.0
140301,-0.06781006579752989,0.2600853605913917,3.0178490809416316,The Escort (2015),Comedy|Romance,3793788,351964.0
56788,-0.08792502339986859,0.5851190697893995,3.1283028286580548,Charlie Wilson's War (2007),Comedy|Drama|War,472062,6538.0
1809,0.3020813172397987,0.9073374728308345,3.611503029310153,Fireworks (Hana-bi) (1997),Crime|Drama,119250,5910.0
2952,-0.12449011978377389,2.8492814698174187,3.234879669402493,Sydney (Hard Eight) (1996),Crime|Drama|Thriller,119256,8052.0
418,0.10585945585237716,0.18706088584355804,3.8444805194805194,Being Human (1993),Drama,106379,46924.0
8143,-0.15329624427625713,0.21310240235712877,2.559216589861751,Lola Montès (1955),Drama,48308,35987.0
48043,0.514786839151789,1.6951407946647927,3.5822552528130522,"Fountain, The (2006)",Drama|Fantasy|Romance,414993,1381.0
95858,-0.01912359341825362,0.38970528803863613,3.2294994913788346,For the Birds (2000),Animation|Children|Comedy,248808,13930.0
41724,0.07721098111107448,0.060975140206802794,4.544841269841269,Wal-Mart: The High Cost of Low Price (2005),Documentary,473107,29595.0
48696,-0.07558825776169692,0.7358882091853453,3.1758543897356306,Little Children (2006),Drama|Romance,404203,1440.0
47122,-0.32777458115184666,1.131185286615493,2.9888093665731255,John Tucker Must Die (2006),Comedy|Romance,455967,9293.0
946,1.274684891457712,0.4739638901655097,5.967984942779416,To Be or Not to Be (1942),Comedy|Drama|War,35446,198.0
95175,-0.22699935051214937,0.25688641233506565,2.394914918876138,Front of the Class (2008),Drama,1292594,63193.0
5942,0.5261318799465268,0.9188254405308028,3.851184959649303,"Hot Chick, The (2002)",Comedy,302640,11852.0
2889,-0.12580492213453054,0.4123038588197822,2.973444713302145,"Mystery, Alaska (1999)",Comedy|Drama,134618,15198.0
5410,-2.5850500629383912,0.87811650891346,0.33471370958034585,Silent Running (1972),Drama|Sci-Fi,67756,811.0
1447,-0.277370508761365,0.7802033862546667,2.9230609121497166,Gridlock'd (1997),Crime,119225,12489.0
1655,-0.013547981164462914,0.02587128606547155,2.754902789518174,Phantoms (1998),Drama|Horror|Thriller,119891,9827.0
34532,0.0058466799531454346,0.1294548967358346,3.323735266329348,"Skeleton Key, The (2005)",Drama|Horror|Mystery|Thriller,397101,9913.0
118700,-0.4346848192629555,0.4434368626038204,2.2983082706766917,Selma (2014),Drama,1020072,273895.0
93563,0.20235154398408642,0.2905418188158605,3.975034143676591,Lockout (2012),Action|Sci-Fi|Thriller,1592525,81796.0
364,2.980539800686766,27.879727382677892,3.385478492610319,"Lion King, The (1994)",Adventure|Animation|Children|Drama|Musical|IMAX,110357,8587.0
181,-0.44901117126094553,5.867622549948254,3.2020479018042023,Mighty Morphin Power Rangers: The Movie (1995),Action|Children,113820,9070.0
510,-0.3813377488760884,0.7725164719167213,2.784940855323021,Poetic Justice (1993),Drama,107840,8291.0
4370,2.6003224005413634,6.769607624648891,3.6626885805128944,A.I. Artificial Intelligence (2001),Adventure|Drama|Sci-Fi,212720,644.0
2901,-0.343984155963539,2.1759948959413795,3.1204901037461124,Phantasm (1979),Horror|Sci-Fi,79714,9638.0
4148,0.5849579310253401,3.9927914560570765,3.425074930560734,Hannibal (2001),Horror|Thriller,212985,9740.0
3070,-1.7821313322743044,3.544607081867877,2.7757988246936565,"Adventures of Buckaroo Banzai Across the 8th Dimension, The (1984)",Adventure|Comedy|Sci-Fi,86856,11379.0
3692,-0.2667340078837431,0.6793985780517078,2.8859682991261937,Class of Nuke 'Em High (1986),Comedy|Horror,90849,26554.0
2378,-0.11595653782911824,2.7329625681247918,3.2361425496758494,Police Academy (1984),Comedy|Crime,87928,9336.0
2311,-1.720366581991875,2.8110190403823716,2.6665632716441596,2010: The Year We Make Contact (1984),Sci-Fi,86837,4437.0
7706,-0.11612992301319583,0.11852113897497156,2.2987468671679196,Animal Crackers (1930),Comedy|Musical,20640,13913.0
249,-1.0623505244898475,2.4767397763275762,2.849640406167022,Immortal Beloved (1994),Drama|Romance,110116,13701.0
82,-1.5717052313841622,1.360178848130833,2.123057774213393,Antonia's Line (Antonia) (1995),Comedy|Drama,112379,880.0
2568,-0.2531422800051196,0.4721237815406344,2.7423936508304605,"Mod Squad, The (1999)",Action|Crime,120757,16379.0
4282,-0.15329624427625713,0.21310240235712877,2.559216589861751,Fellini Satyricon (1969),Drama|Fantasy,64940,11163.0
1760,1.9690923725757297,0.839673772380219,5.623639760280723,Spice World (1997),Comedy,120185,6116.0
2992,-0.023130138885585544,0.2216638309868618,3.174223602484472,Rawhead Rex (1986),Horror|Thriller,91829,13511.0
130978,-0.22699935051214937,0.25688641233506565,2.394914918876138,Love and Pigeons (1985),Comedy|Romance,87650,32334.0
165483,-0.001860854968820437,0.002818551722996489,2.6183547103051747,Joe Rogan: Triggered (2016),Comedy,6023444,421854.0
4225,-0.3683877720923129,0.5692416770095263,2.6314161218349055,"Dish, The (2001)",Comedy,205873,5257.0
4243,-0.044623052608227666,0.08909955988769268,2.777749060150376,Brigham City (2001),Crime|Drama|Mystery,268200,26791.0
4439,-0.23466515959639253,0.48014211712183363,2.789830384559146,Christiane F. (a.k.a. We Children from Bahnhof Zoo) (Christiane F. - Wir Kinder vom Bahnhof Zoo) (1981),Drama,82176,9589.0
4879,0.2454769575254411,0.48014211712183363,3.789830384559146,High Heels and Low Lifes (2001),Action|Comedy|Crime|Drama,253126,10034.0
1671,-0.057139386497266645,0.2399071501563318,3.0403985085061755,Deceiver (1997),Crime|Drama|Thriller,119527,14583.0
169034,-0.22039699967595475,0.6611909990278648,2.9452380952380954,Lemonade (2016),(no genres listed),5662106,394269.0
1049,1.660010339711559,3.3256293804561947,3.777728174499577,"Ghost and the Darkness, The (1996)",Action|Adventure,116409,10586.0
48516,0.12397887598832733,10.201875391942973,3.2907239859420314,"Departed, The (2006)",Crime|Drama|Thriller,407887,1422.0
3044,-0.14667315778847484,2.6970999814599086,3.224189626340618,Dead Again (1991),Mystery|Romance|Thriller,101669,11498.0
3317,-0.06337850728261488,2.613205781534939,3.2543182649934006,Wonder Boys (2000),Comedy|Drama,185014,11004.0
288,-7.865370755940678,19.14715262575694,2.867786028273313,Natural Born Killers (1994),Action|Crime|Thriller,110632,241.0
3354,1.2071191453091854,2.31901313057047,3.799102825912951,Mission to Mars (2000),Sci-Fi,183523,2067.0
5378,4.867014871796885,9.613215822698164,3.7848551697837265,Star Wars: Episode II - Attack of the Clones (2002),Action|Adventure|Sci-Fi|IMAX,121765,1894.0
89745,-1.7855213477814191,7.210257096849473,3.030935134359173,"Avengers, The (2012)",Action|Adventure|Sci-Fi|IMAX,848228,24428.0
86068,-0.7180234672760092,0.2600853605913917,0.5178490809416316,Films to Keep You Awake: The Christmas Tale (Películas para no dormir: Cuento de navidad) (2005),Horror|Thriller,450827,75725.0
8937,-0.05853082980098104,0.28926738476558883,3.076229813569059,Friday Night Lights (2004),Action|Drama,390022,13416.0
5628,-0.007358274295286232,0.9396523544750143,3.270740581066771,Wasabi (2001),Action|Comedy|Crime|Drama|Thriller,281364,2110.0
42738,0.04255252229905393,1.0571728114525811,3.3188226740046,Underworld: Evolution (2006),Action|Fantasy|Horror,401855,834.0
4103,0.14850013389752684,0.6711238940397715,3.499842247888624,Empire of the Sun (1987),Action|Adventure|Drama|War,92965,10110.0
5106,0.09628305266429096,0.18879556886253362,3.7885571938326716,Crossroads (2002),Comedy|Musical|Romance,275022,17130.0
945,0.7203894144293784,2.017622357633302,3.6356201159553274,Top Hat (1935),Comedy|Musical|Romance,27125,3080.0
34312,-0.6405005482601495,0.41944283691372614,1.7515444015444013,"Calcium Kid, The (2004)",Comedy,330111,31063.0
4228,0.06358782948978603,1.6008500676064483,3.318292718388945,Heartbreakers (2001),Comedy|Crime|Romance,125022,10833.0
25825,-0.0395761517215791,0.05460239114528025,2.553765227021041,Fury (1936),Drama|Film-Noir,27652,14615.0
49932,0.06076778297489666,0.34966612938810193,3.4523594448177755,Inland Empire (2006),Drama|Mystery|Thriller,460829,1730.0
45106,0.0390018829192657,0.04815759295761459,4.088451668092386,American Dreamz (2006),Comedy|Drama,465142,9310.0
50440,0.3643456064147985,0.29480564246126767,4.514455529611547,Primeval (2007),Horror|Thriller,772193,4283.0
3480,0.7223697556946177,0.3461534025504529,5.365420063807161,Lucas (1986),Drama|Romance,91445,13346.0
2055,-0.004329583881187994,0.029660461004242435,3.132599864590386,Hot Lead and Cold Feet (1978),Action|Comedy|Western,77698,28736.0
4473,-0.004329583881187994,0.029660461004242435,3.132599864590386,Bat*21 (1988),Drama|War,94712,14911.0
1916,-1.462464701088916,1.7224389001490092,2.4295051998869757,Buffalo '66 (a.k.a. Buffalo 66) (1998),Drama|Romance,118789,9464.0
240,-0.3813377488760884,0.7725164719167213,2.784940855323021,Hideaway (1995),Thriller,113303,27303.0
289,0.07563014634330857,1.7517224818401251,3.3217461592307402,Only You (1994),Comedy|Romance,110737,9058.0
1987,-1.2608695647149162,0.9999999996014853,2.0177018633540373,Prom Night (1980),Horror,81383,36599.0
6807,-0.790819126820647,3.2830944096111114,3.037695283034596,Monty Python's The Meaning of Life (1983),Comedy,85959,4543.0
3016,0.13043390852050712,1.9625853966423001,3.345031674705768,Creepshow (1982),Horror,83767,16281.0
3551,-0.10965988946005924,1.878595868386709,3.220198102351866,Marathon Man (1976),Crime|Drama|Thriller,74860,10518.0
8946,0.007093646404720835,0.3598797963229839,3.298282583454806,Surviving Christmas (2004),Comedy,252028,15566.0
6867,-0.3420686980462141,0.4921693181867512,2.58354903402952,"Station Agent, The (2003)",Comedy|Drama,340377,2056.0
63072,0.37032212672548886,0.9539428748664458,3.666773003825434,"Road, The (2009)",Adventure|Drama|Thriller,898367,20766.0
143355,0.3976301614680374,1.9610127898607406,3.4813391838476573,Wonder Woman (2017),Action|Adventure|Fantasy,451279,297762.0
74508,-0.002184130282096866,0.35603887844962445,3.272436901096205,Persuasion (2007),Drama|Romance,844330,13949.0
113453,0.40624568905534547,0.42226138863672263,4.240643026845937,Let's Be Cops (2014),Comedy|Crime,1924435,193893.0
142196,-0.43077912980328636,0.41944283691372614,2.2515444015444013,Cornered! (2009),Comedy|Horror,1151911,32285.0
5460,-0.19663726732200795,0.3875954799921168,2.771245421245421,"Powerpuff Girls, The (2002)",Action|Animation|Children|Comedy,289408,59387.0
102602,0.029887061822916283,0.25688641233506565,3.394914918876138,Mimino (1977),Comedy,76391,27861.0
108540,-0.09855614434461654,0.25688641233506565,2.894914918876138,Ernest & Célestine (Ernest et Célestine) (2012),Adventure|Animation|Children|Comedy|Drama|Romance,1816518,126319.0
3185,-0.19018865231692753,0.5692416770095263,2.9444626308529074,Snow Falling on Cedars (1999),Drama,120834,10219.0
7316,-0.1114333520754103,0.3439899129284405,2.9546277665995975,Confessions of a Teenage Drama Queen (2004),Comedy,361467,11132.0
32289,0.9539034279946452,1.192445960837658,4.078526696418162,Ice Princess (2005),Children|Comedy|Drama,396652,13374.0
3492,-0.014432243439343684,0.046890064398847256,2.9707824838478105,"Son of the Sheik, The (1926)",Adventure|Comedy|Romance,17416,85689.0
5497,-0.02071007319558281,0.23532660461830981,3.1905657683989475,Our Man Flint (1965),Adventure|Comedy|Sci-Fi,59557,23728.0
83601,0.5448435650141208,0.15756799963823007,6.736402753872634,Amer (2009),Drama|Horror,1426352,43950.0
34397,-0.2147631986118849,0.19890819737208132,2.1988612836438923,"Order, The (2001)",Action|Adventure|Drama|Thriller,193364,37632.0
4233,-0.0008613372124154917,0.32067692852673924,3.2758854317447383,Tomcats (2001),Comedy,246989,10646.0
44731,0.5390437543486415,0.39460007819285986,4.644622233267887,Stay Alive (2006),Horror|Sci-Fi|Thriller,441796,10069.0
7486,0.22057460824524647,0.29506373824282167,4.026120448179271,Happy Together (a.k.a. Buenos Aires Affair) (Chun gwong cha sit) (1997),Drama|Romance,118845,18329.0
90531,-0.23346118423970433,0.2905418188158605,2.475034143676591,Shame (2011),Drama,1723811,76025.0
60037,-0.077862857277103,0.29480564246126767,3.0144555296115474,"Happening, The (2008)",Drama|Sci-Fi|Thriller,949731,8645.0
1389,-0.06365050588967286,0.029660461004242435,1.1325998645903859,Jaws 3-D (1983),Action|Horror,85750,17692.0
2902,-0.03399004488543043,0.029660461004242435,2.132599864590386,Psycho II (1983),Horror|Mystery|Thriller,86154,10576.0
2596,-1.3632913837276497,1.9250344673379756,2.570380792580962,SLC Punk! (1998),Comedy|Drama,133189,6396.0
1923,-0.3428307352182295,16.755632427845583,3.258110802170452,There's Something About Mary (1998),Comedy|Romance,129387,544.0
3851,0.7404460757803273,0.512616514001765,4.723015873015873,I'm the One That I Want (2000),Comedy,251739,38548.0
25,-5.002805946927335,16.14451133356256,2.968694849245854,Leaving Las Vegas (1995),Drama|Romance,113627,451.0
122904,-1.0958912528547364,6.77078684020692,3.1167156090458437,Deadpool (2016),Action|Adventure|Comedy|Sci-Fi,1431045,293660.0
1147,-0.2548724624012773,1.7046172712830818,3.1290525502314055,When We Were Kings (1996),Documentary,118147,10548.0
90600,-0.04010959584860812,0.14970272948699834,3.010643141718839,Headhunters (Hodejegerne) (2011),Action|Crime|Thriller,1614989,70670.0
427,1.9770512668003746,3.4269664305303498,3.855481447060991,Boxing Helena (1993),Drama|Mystery|Romance|Thriller,106471,18215.0
2672,1.4542590418085322,2.1992629476961705,3.939819799682275,"Thirteenth Floor, The (1999)",Drama|Sci-Fi|Thriller,139809,1090.0
4270,0.7705427209356959,5.0248640398822255,3.4319174126259058,"Mummy Returns, The (2001)",Action|Adventure|Comedy|Thriller,209163,1734.0
142536,-0.19785274609322576,0.2600853605913917,2.5178490809416316,Burnt (2015),Drama,2503944,295964.0
6565,-0.2797871193746506,0.9423415803529882,2.981665163149238,Seabiscuit (2003),Drama,329575,4464.0
2112,0.9024400633335019,0.8790389154161194,4.3051927163289845,Grand Canyon (1991),Crime|Drama,101969,13697.0
26606,-0.06663218496113113,0.06161685921136856,2.197176079734219,"Chinese Ghost Story, A (Sinnui yauwan) (1987)",Action|Fantasy|Horror|Romance,93978,30421.0
5108,0.8588184437371458,1.0165783268239375,4.123384288609793,John Q (2002),Crime|Drama|Thriller,251160,8470.0
134170,0.20488384057308406,1.2503813297706277,3.4424285141620046,Kung Fury (2015),Action|Comedy|Fantasy|Sci-Fi,3472226,251516.0
2316,0.5709100928665722,0.8495622118003857,3.9505764741544986,Practical Magic (1998),Drama|Fantasy|Mystery|Romance,120791,6435.0
7027,-0.03730404102140751,0.4498222738095481,3.1956408064270883,Silverado (1985),Action|Western,90022,11509.0
59220,0.016235840904271694,0.060975140206802794,3.5448412698412697,Outsourced (2006),Comedy|Romance,425326,7861.0
6593,0.6631511788111388,2.172305920645472,3.583846653625408,Freaky Friday (2003),Children|Comedy|Fantasy,322330,10330.0
129354,-0.9226265464842566,1.0015356842688088,2.357359572642562,Focus (2015),Comedy|Crime|Drama|Romance,2381941,256591.0
27873,0.19853369210127625,0.2216638309868618,4.1742236024844726,Metallica: Some Kind of Monster (2004),Documentary,387412,11401.0
2114,0.8553075528588031,1.3244660970837436,3.92434677513715,"Outsiders, The (1983)",Drama,86066,227.0
94150,0.19095821267010885,0.3875954799921168,3.771245421245421,Hysteria (2011),Comedy|Romance,1435513,75802.0
3217,0.20389502444704133,0.6814020530689369,3.57780009031192,"Star Is Born, A (1937)",Drama,29606,22692.0
73,-0.3738686716339125,0.5936123466273645,2.648751860703502,"Misérables, Les (1995)",Drama|War,113828,48750.0
8254,-0.5911945853295288,0.7482037234304058,2.488419539699522,Arizona Dream (1993),Comedy|Drama|Fantasy|Romance,106307,11044.0
58301,-0.5167054553319537,0.45313998518758414,2.1382936507936505,Funny Games U.S. (2007),Drama|Thriller,808279,8461.0
26172,0.04447650727946501,0.08909955988769268,3.777749060150376,Point Blank (1967),Action|Crime|Drama|Thriller,62138,26039.0
3616,-0.5715324298847205,1.4176347491507502,2.875412271935981,Loser (2000),Comedy|Romance,217630,10642.0
4193,-0.0018222930909498783,0.007316370768142061,3.0295007966011687,"Fantasticks, The (1995)",Musical,113026,62127.0
32011,0.4551564915974149,0.42426053919710227,4.351394492575406,Cursed (2005),Horror|Thriller,257516,10012.0
51412,0.004224271635507801,0.6851418970087204,3.284736971291777,Next (2007),Action|Sci-Fi|Thriller,435705,1738.0
4217,0.14893617013140067,0.9999999994536926,3.427507598784194,4 Little Girls (1997),Documentary,118540,26580.0
2033,-0.303969945976996,1.6157321931169537,3.0904400369510143,"Black Cauldron, The (1985)",Adventure|Animation|Children|Fantasy,88814,10957.0
2648,-1.8472057018369963,2.1722507269123605,2.428206560947415,Frankenstein (1931),Drama|Horror|Sci-Fi,21884,3035.0
3508,0.8127543546872262,2.776151366479172,3.57133441134711,"Outlaw Josey Wales, The (1976)",Action|Adventure|Drama|Thriller|Western,75029,10747.0
113,-0.3767739624987905,1.0385268951549131,2.915774890266478,Before and After (1996),Drama|Mystery,115645,43566.0
237,2.923276894973189,4.775490596984563,3.890713120739991,Forget Paris (1995),Comedy|Romance,113097,10525.0
3510,1.6741545628005388,5.959005118856459,3.5595167423290732,Frequency (2000),Drama|Thriller,186151,10559.0
1556,3.821763803651019,2.763033104666559,4.661748415193971,Speed 2: Cruise Control (1997),Action|Romance|Thriller,120179,1639.0
2321,3.0872571549649774,8.600018221252347,3.637554058089091,Pleasantville (1998),Comedy|Drama|Fantasy,120789,2657.0
2539,1.3144368397500052,6.191340321988218,3.490873898051559,Analyze This (1999),Comedy,122933,9535.0
3438,1.2680715435397314,2.243574315113297,3.843772917551612,Teenage Mutant Ninja Turtles (1990),Action|Children|Comedy|Fantasy|Sci-Fi,100758,1498.0
8633,-0.4263409329659855,0.6921221457528091,2.6625805437511456,"Last Starfighter, The (1984)",Action|Adventure|Comedy|Sci-Fi,87597,11884.0
61350,0.7943589547554462,0.3598755068717628,5.485887401976938,Babylon A.D. (2008),Action|Adventure|Sci-Fi|Thriller,364970,9381.0
51077,0.03776025590133689,0.44660006284871795,3.3631219224976414,Ghost Rider (2007),Action|Fantasy|Thriller,259324,1250.0
3461,-0.11297333985696356,1.1098396896389684,3.176778943664249,Lord of the Flies (1963),Adventure|Drama|Thriller,57261,9960.0
173925,0.011887057951704168,0.14502210701079107,3.3605386416861824,Seven Sisters (2017),Sci-Fi|Thriller,1536537,406990.0
8795,-0.021113694767810404,0.02887772538348671,2.5474302293451228,Musa the Warrior (Musa) (2001),Action|Adventure|Drama|War,275083,23305.0
131013,0.43767386702617705,0.5838751692143381,4.028173210087691,Get Hard (2015),Comedy|Crime,2561572,257091.0
3719,-0.5842327473141248,0.3875954799921168,1.7712454212454212,Love's Labour's Lost (2000),Comedy|Romance,182295,51333.0
26662,0.15050948984835044,0.9529470070466712,3.436512519456222,Kiki's Delivery Service (Majo no takkyûbin) (1989),Adventure|Animation|Children|Drama|Fantasy,97814,16859.0
129514,-0.22699935051214937,0.25688641233506565,2.394914918876138,George Carlin: It's Bad for Ya! (2008),Comedy,963207,13643.0
1941,-0.23466515959639253,0.48014211712183363,2.789830384559146,Hamlet (1948),Drama,40416,23383.0
5323,2.30626895201052,0.7965552220031656,6.173874714903226,Jason X (2002),Horror|Sci-Fi|Thriller,211443,11470.0
128842,-0.015855001239803566,0.19890819737208132,3.1988612836438923,Dragonheart 3: The Sorcerer's Curse (2015),Action|Adventure|Fantasy,3829170,300803.0
1126,0.3462503682355751,0.5927719100926637,3.862692171036179,Drop Dead Fred (1991),Comedy|Fantasy,101775,10379.0
31437,-0.03559496352361428,0.09540026660984881,2.905459646094087,Nobody Knows (Dare mo shiranai) (2004),Drama,408664,2517.0
5710,0.08970262021991599,0.1346886189488228,3.9445714285714284,Banana Joe (1981),Comedy,82045,11340.0
4470,-0.0881902748317741,0.2905418188158605,2.975034143676591,Ariel (1988),Drama,94675,2.0
74685,-0.077862857277103,0.29480564246126767,3.0144555296115474,"Crazies, The (2010)",Action|Drama|Horror|Sci-Fi|Thriller,455407,29427.0
77364,0.06953996395353083,0.29480564246126767,3.5144555296115474,"Losers, The (2010)",Action|Adventure|Drama|Mystery|Thriller,480255,34813.0
107069,0.1139766615102543,0.09930639814754828,4.426298701298702,Lone Survivor (2013),Action|Drama|Thriller|War,1091191,193756.0
1213,-10.379081406645291,20.493576102640468,2.77211607130911,Goodfellas (1990),Crime|Drama,99685,769.0
2899,0.3677229910126689,0.7143290031367879,3.793352418000543,Gulliver's Travels (1939),Adventure|Animation|Children,31397,42518.0
795,-0.3813377488760884,0.7725164719167213,2.784940855323021,Somebody to Love (1994),Drama,111237,44535.0
3994,-0.4343151820085851,8.869050578405187,3.229601679423072,Unbreakable (2000),Drama|Sci-Fi,217869,9741.0
5267,-0.04758703691441854,1.0835339370339334,3.2346530654376595,"Rookie, The (2002)",Drama,265662,14635.0
41863,-0.3231063110574874,0.8528733068369642,2.8997269877062477,"Three Burials of Melquiades Estrada, The (2006)",Adventure|Crime|Drama,419294,8053.0
62374,-0.022435815949893648,0.7660827701948356,3.249285016159115,Body of Lies (2008),Action|Drama|Thriller,758774,12113.0
161131,0.49153771876319985,1.3109652996509582,3.6535147767241756,War Dogs (2016),Comedy,2005151,308266.0
56152,-0.09277171244738357,0.6772170740081724,3.1415818044051247,Enchanted (2007),Adventure|Animation|Children|Comedy|Fantasy|Musical|Romance,461770,4523.0
95875,0.10380404558382925,0.3515169590226633,3.573874522545727,Total Recall (2012),Action|Sci-Fi|Thriller,1386703,64635.0
6858,0.49761006208187547,0.6452526079743,4.049757869249395,Knife in the Water (Nóz w wodzie) (1962),Drama,56291,11502.0
6702,0.36579298041709607,0.39112314636035117,4.213808792611454,Dickie Roberts: Former Child Star (2003),Comedy,325258,13778.0
80586,0.025885677799097884,0.06357589921993419,3.6857332322849565,Flipped (2010),Comedy|Drama|Romance,817177,43949.0
136447,-0.22699935051214937,0.25688641233506565,2.394914918876138,George Carlin: You Are All Diseased (1999),Comedy,246645,34513.0
102720,-0.00045157910732219244,0.002818551722996489,3.1183547103051747,Epic (2013),Adventure|Animation|Fantasy,848537,116711.0
4082,-0.5167054553319537,0.45313998518758414,2.1382936507936505,Barfly (1987),Comedy|Drama|Romance,92618,10937.0
5415,-0.02002914631070838,0.041129098176265,2.791589043864853,Divine Secrets of the Ya-Ya Sisterhood (2002),Comedy|Drama,279778,9583.0
8369,-0.024890723529341442,0.09979443573159218,3.0291514749751407,Mindhunters (2004),Action|Crime|Horror|Mystery|Thriller,297284,16617.0
7845,-0.077862857277103,0.29480564246126767,3.0144555296115474,Tremors II: Aftershocks (1996),Comedy|Horror|Sci-Fi,114720,11069.0
3974,-0.004329583881187994,0.029660461004242435,3.132599864590386,"Little Vampire, The (2000)",Adventure|Children,192255,24100.0
1103,0.24940688605165617,2.1517591254581734,3.3944797954052626,Rebel Without a Cause (1955),Drama,48545,221.0
3365,0.7404460757803273,0.512616514001765,4.723015873015873,"Searchers, The (1956)",Drama|Western,49730,3114.0
24,2.47502641570079,4.310240173317796,3.8527914989568903,Powder (1995),Drama|Sci-Fi,114168,12665.0
160,7.008768390390349,12.27349974309497,3.8496203174047428,Congo (1995),Action|Adventure|Mystery|Sci-Fi,112715,10329.0
818,-0.8347128175259468,1.9329815334452545,2.846744841983095,"Very Brady Sequel, A (1996)",Comedy,118073,12606.0
5893,1.8819931045442302,1.6452526075757854,4.422464527952242,"Last Seduction, The (1994)",Crime|Drama|Thriller,110308,25284.0
160872,-0.7180234672760092,0.2600853605913917,0.5178490809416316,Satanic (2016),Horror,4796122,400411.0
51884,-0.014251729199129703,0.060975140206802794,3.0448412698412697,"Namesake, The (2006)",Drama|Romance,433416,16727.0
84189,-0.02159184000234287,0.08289281104347726,3.018092386655261,I Spit on Your Grave (2010),Crime|Horror|Thriller,1242432,43947.0
95843,-0.6405005482601495,0.41944283691372614,1.7515444015444013,Goodbye Charlie (1964),Comedy|Fantasy|Romance,58154,52906.0
97836,0.46473559949299986,0.7128032074525832,3.9305544648906285,Here Comes the Boom (2012),Action|Comedy,1648179,87826.0
3153,-0.13396205437901643,0.2216638309868618,2.674223602484472,"7th Voyage of Sinbad, The (1958)",Action|Adventure|Fantasy,51337,15515.0
5027,0.035850062923614846,0.5736010067778375,3.3410714285714285,Another 48 Hrs. (1990),Action|Comedy|Crime|Drama|Thriller,99044,11595.0
71745,0.3744306244821647,0.47649496334758895,4.064373280183087,Where the Wild Things Are (2009),Adventure|Children|Drama|Fantasy|IMAX,386117,16523.0
91671,0.18482542584893336,0.06357589921993419,6.1857332322849565,Alvin and the Chipmunks: Chipwrecked (2011),Animation|Comedy,1615918,55301.0
8033,0.029887061822916283,0.25688641233506565,3.394914918876138,How to Steal a Million (1966),Comedy|Crime|Romance,60522,3001.0
8197,0.029887061822916283,0.25688641233506565,3.394914918876138,Hiroshima Mon Amour (1959),Drama|Romance|War,52893,5544.0
26237,0.029887061822916283,0.25688641233506565,3.394914918876138,Zabriskie Point (1970),Drama|Romance,66601,2998.0
165959,-0.22699935051214937,0.25688641233506565,2.394914918876138,Alesha Popovich and Tugarin the Dragon (2004),Animation|Comedy|Drama,415481,33065.0
175293,-0.22699935051214937,0.25688641233506565,2.394914918876138,Gena the Crocodile (1969),Animation|Children,146970,79701.0
100194,-0.0032701308303186814,0.002818551722996489,2.1183547103051747,Jim Jefferies: Fully Functional (EPIX) (2012),Comedy,2274356,146837.0
893,-0.5222912450694487,0.38146402454025186,1.9093958013312853,Mother Night (1996),Drama,117093,20318.0
1078,0.08516435126723154,0.639661974491511,3.4117110470940575,Bananas (1971),Comedy|War,66808,11302.0
4055,-1.378316772353885,0.6014222960745359,0.9868094148414515,Panic (2000),Drama,194218,20637.0
3801,-0.004765147353409919,0.007630988852936347,2.6541245259165613,Anatomy of a Murder (1959),Drama|Mystery,52561,93.0
7698,0.01751106874583442,0.5755423837316824,3.3089967616846856,"China Syndrome, The (1979)",Drama|Thriller,78966,988.0
7013,0.012105169781310125,0.09540026660984881,3.405459646094087,"Night of the Hunter, The (1955)",Drama|Film-Noir|Thriller,48424,3112.0
57910,0.3643456064147985,0.29480564246126767,4.514455529611547,Teeth (2007),Comedy|Horror,780622,13121.0
160848,-0.22039699967595475,0.6611909990278648,2.9452380952380954,The Red Turtle (2016),Animation,3666024,337703.0
70,-0.8075116333246519,7.080685115737154,3.1645271489395155,From Dusk Till Dawn (1996),Action|Comedy|Horror|Thriller,116367,755.0
6287,1.7293352563388873,3.208158198648384,3.8176144399377216,Anger Management (2003),Comedy,305224,9506.0
921,-0.5524825350843668,1.8636386536562857,2.982117749635092,My Favorite Year (1982),Comedy,84370,31044.0
1479,0.5491454547878709,2.4700498283822383,3.500893038636896,"Saint, The (1997)",Action|Romance|Sci-Fi|Thriller,120053,10003.0
3035,-0.6590202096785235,2.0746410931240282,2.9609163836276498,Mister Roberts (1955),Comedy|Drama|War,48380,37853.0
3219,0.0501605823128814,2.3012046549100447,3.30036896066222,Pacific Heights (1990),Mystery|Thriller,100318,2990.0
3693,1.0122555898922954,1.4844694052886231,3.960468668276065,"Toxic Avenger, The (1985)",Comedy|Horror,90190,15239.0
3755,3.8672282633251656,4.220948300119011,4.194770346055475,"Perfect Storm, The (2000)",Drama|Thriller,177971,2133.0
63082,-0.6293661415553343,4.895892961351351,3.1500216121184113,Slumdog Millionaire (2008),Crime|Drama|Romance,1010048,12405.0
102407,-0.24299962724221671,1.0220256781987374,3.0408086869635174,"Great Gatsby, The (2013)",Drama,1343092,64682.0
6957,-0.6930080201180043,1.6739134926170598,2.8645667484164647,Bad Santa (2003),Comedy|Crime,307987,10147.0
40278,-0.5150873349013855,0.9962466077919769,2.7615434850153697,Jarhead (2005),Action|Drama|War,418763,25.0
56607,0.06165178544926152,0.11852113897497156,3.7987468671679196,"Kite Runner, The (2007)",Drama,419887,7979.0
408,-0.08120142999118088,0.18706088584355804,2.8444805194805194,8 Seconds (1994),Drama,109021,18069.0
3259,0.06647830181753164,1.033641214158675,3.3428861065340727,Far and Away (1992),Adventure|Drama|Romance,104231,11259.0
105250,-0.15329624427625713,0.21310240235712877,2.559216589861751,"Century of the Self, The (2002)",Documentary,432232,51452.0
46948,0.43459996435790416,0.5167388037619333,4.119615223219621,Monster House (2006),Animation|Children|Fantasy|Mystery,385880,9297.0
113378,0.46914860039631706,0.5353794387062246,4.15486320684749,"Giver, The (2014)",Drama|Sci-Fi,435651,227156.0
149350,-0.6405005482601495,0.41944283691372614,1.7515444015444013,Lumberjack Man (2015),Comedy|Horror,3201722,356486.0
6012,-0.20096685120319593,0.4172559409963592,2.796932148077758,"Guy Thing, A (2003)",Comedy|Romance,295289,9582.0
147328,-0.22699935051214937,0.25688641233506565,2.394914918876138,The Adventures of Sherlock Holmes and Dr. Watson: Bloody Signature (1979),Crime,80263,72093.0
1897,0.01296899385467129,0.7549889631478834,3.295749154985597,High Art (1998),Drama|Romance,139362,37636.0
5177,0.008013242806133823,0.3766224118882872,3.2998480243161095,"Magnificent Ambersons, The (1942)",Drama|Romance,35015,965.0
3096,-0.06132230783819094,0.046890064398847256,1.9707824838478105,My Man Godfrey (1957),Comedy,50738,52470.0
1454,-0.36585365809771425,0.999999998800418,2.912717770034843,SubUrbia (1997),Comedy|Drama,120238,28059.0
50802,0.0390018829192657,0.04815759295761459,4.088451668092386,Because I Said So (2007),Comedy|Drama|Romance,490084,1257.0
2846,-0.37699808361955867,0.3244661034655101,2.1166685992990555,"Adventures of Milo and Otis, The (Koneko monogatari) (1986)",Adventure|Children|Comedy|Drama,97050,47951.0
5128,0.28322490367173137,0.5214068106149465,3.8217651458489152,Queen of the Damned (2002),Fantasy|Horror,238546,11979.0
2529,-3.1676121369150483,7.599489704875553,2.861752370986177,Planet of the Apes (1968),Action|Drama|Sci-Fi,63442,871.0
125,-1.0904895492467235,2.0935664293356746,2.7576949309516445,Flirting With Disaster (1996),Comedy,116324,2074.0
3204,0.6994913541433802,1.8466211684799096,3.657366693178507,"Boys from Brazil, The (1978)",Action|Mystery|Thriller,77269,16241.0
62,1.3869032121086844,14.878567185168308,3.3717862653798556,Mr. Holland's Opus (1995),Drama,113862,2054.0
3751,-1.8584735448691054,11.156022457230721,3.111982166852567,Chicken Run (2000),Animation|Children|Comedy,120630,7443.0
3265,-0.5777743389504792,1.9833637415082197,2.987261102150356,Hard-Boiled (Lat sau san taam) (1992),Action|Crime|Drama|Thriller,104684,11782.0
7263,-0.15059261291266324,0.36408466209479246,2.864951662096742,Miracle (2004),Drama,349825,14292.0
37731,-0.41235673046705507,0.6918206561913693,2.6825257239849636,Green Street Hooligans (a.k.a. Hooligans) (2005),Crime|Drama,385002,8923.0
1799,0.6303243808956382,0.9699574681298866,3.9284188719968878,Suicide Kings (1997),Comedy|Crime|Drama|Mystery|Thriller,120241,10668.0
121,-0.20521779819810113,0.8807263839335178,3.0455617198335645,"Boys of St. Vincent, The (1992)",Drama,106473,32119.0
1453,0.2786686124968055,0.24803602605036085,4.402071981834707,"Beautician and the Beast, The (1997)",Comedy|Romance,118691,17894.0
2505,0.4158916434743061,2.605699091570261,3.438179897876178,8MM (1999),Drama|Mystery|Thriller,134273,8224.0
4654,0.29353982440012505,0.5477835997654135,3.8144396519461927,Road House (1989),Action|Drama,98206,10135.0
33781,0.05980615808087165,0.21310240235712877,3.559216589861751,Quo Vadis (1951),Drama|Romance,43949,11620.0
1912,-2.241309291312842,6.701795325936988,2.944137268423531,Out of Sight (1998),Comedy|Crime|Drama|Romance|Thriller,120780,1389.0
2075,0.5560636167612087,0.8623015506297003,3.923431241655541,Mephisto (1981),Drama|War,82736,11911.0
40959,0.025909378426045952,0.09063560121104523,3.564434578148998,"Ice Harvest, The (2005)",Action|Comedy|Crime|Thriller,400525,9005.0
44788,0.00955773132939268,0.21537196708367523,3.322949215796074,This Film Is Not Yet Rated (2006),Documentary,493459,16070.0
4880,-0.8020333425974244,1.3285181893813571,2.6748662260322726,Life as a House (2001),Drama,264796,11457.0
5434,-0.16402303520681927,0.8509187515883674,3.085811503019611,"Sorry, Wrong Number (1948)",Drama|Film-Noir|Thriller,40823,21635.0
3267,-0.028953240867249423,1.342764993120416,3.257009024862969,"Mariachi, El (1992)",Action|Crime|Thriller|Western,104815,9367.0
58972,0.025885677799097884,0.06357589921993419,3.6857332322849565,Nim's Island (2008),Adventure|Comedy|Fantasy,410377,10488.0
2551,-1.0336380883483796,0.897398058118193,2.126754708000541,Dead Ringers (1988),Drama|Horror|Thriller,94964,9540.0
53466,-0.19663726732200795,0.3875954799921168,2.771245421245421,Nancy Drew (2007),Adventure|Crime|Thriller,479500,14043.0
3906,0.04447650727946501,0.08909955988769268,3.777749060150376,Under Suspicion (2000),Crime|Thriller,164212,10562.0
3909,0.01812781920539912,0.007630988852936347,5.654124525916561,Woman on Top (2000),Comedy|Romance,206420,14629.0
6380,0.916541845946111,1.652620473159047,3.8331705400020804,Capturing the Friedmans (2003),Documentary,342172,2260.0
3091,-0.0395761517215791,0.05460239114528025,2.553765227021041,Kagemusha (1980),Drama|War,80979,11953.0
32770,-0.03559496352361428,0.09540026660984881,2.905459646094087,Brothers (Brødre) (2004),Drama,386342,3875.0
103539,-0.0881902748317741,0.2905418188158605,2.975034143676591,The Spectacular Now (2013),Comedy|Drama|Romance,1714206,157386.0
480,2.9349620075123575,38.792186238930924,3.3542300158300886,Jurassic Park (1993),Action|Adventure|Sci-Fi|Thriller,107290,329.0
351,-0.8439425517559461,5.068204800121648,3.112054370749359,"Corrina, Corrina (1994)",Comedy|Drama|Romance,109484,10464.0
3591,-1.4738137272246556,2.7575896064572483,2.7441141896213206,Mr. Mom (1983),Comedy|Drama,85970,13105.0
6870,-0.9659668623550275,6.082648105434202,3.119764467259292,Mystic River (2003),Crime|Drama|Mystery,327056,322.0
53129,0.18834555175098766,0.32707295565568634,3.8544232331738897,Mr. Brooks (2007),Crime|Drama|Thriller,780571,3432.0
60074,1.227131794375509,3.3852815714947293,3.641061746868256,Hancock (2008),Action|Adventure|Comedy|Crime|Fantasy,448157,8960.0
88140,1.0600344179371062,3.9327729073037507,3.548110108511087,Captain America: The First Avenger (2011),Action|Adventure|Sci-Fi|Thriller|War,458339,1771.0
5313,1.8969433928941268,2.8941525886263033,3.934011435552713,The Scorpion King (2002),Action|Adventure|Fantasy|Thriller,277296,9334.0
7569,0.053675069373648424,0.9280946577973764,3.3364050438419164,You Only Live Twice (1967),Action|Adventure|Sci-Fi|Thriller,62512,667.0
41566,1.6459580866517216,4.84910044724961,3.6180071867202006,"Chronicles of Narnia: The Lion, the Witch and the Wardrobe, The (2005)",Adventure|Children|Fantasy,363771,411.0
1592,-0.2425917106418107,1.182353273409272,3.073394417522686,Air Bud (1997),Children|Comedy,118570,20737.0
8810,0.52651062238075,0.706027707065711,4.024307916122259,AVP: Alien vs. Predator (2004),Action|Horror|Sci-Fi|Thriller,370263,395.0
4067,0.08696668074471567,0.6247124153648995,3.4177821735570517,Untamed Heart (1993),Drama|Romance,108451,26333.0
7700,-0.2598474454548215,0.21310240235712877,2.059216589861751,"Wages of Fear, The (Salaire de la peur, Le) (1953)",Action|Adventure|Drama|Thriller,46268,204.0
4255,-0.17897597883062047,1.0801623527528281,3.112877837812137,Freddy Got Fingered (2001),Comedy,240515,13166.0
52967,-0.14764254589242445,0.6452526079743,3.0497578692493947,Away from Her (2006),Drama,491747,1919.0
3576,0.36595973604189613,0.8631893421203122,3.702533725352067,"Hidden, The (1987)",Action|Horror|Sci-Fi,93185,12476.0
73822,-0.6405005482601495,0.41944283691372614,1.7515444015444013,Meantime (1984),Comedy|Drama,82727,57978.0
173253,-0.011336292889560236,0.41944283691372614,3.2515444015444013,Vir Das: Abroad Understanding (2017),Comedy,6822400,454361.0
25937,2.6314173576864625e-05,0.39522646884505314,3.278638008559489,Easter Parade (1948),Musical|Romance,40308,29380.0
156,-0.0063085850552278,0.47945246419731535,3.2654135338345864,Blue in the Face (1995),Comedy|Drama,112541,5894.0
55872,-0.032081081578646156,0.10469497717397386,2.972147162149016,August Rush (2007),Drama|Musical,426931,5123.0
7060,0.0018358922931211523,0.007316370768142061,3.5295007966011687,Jesus Christ Superstar (1973),Drama|Musical,70239,12545.0
7121,-0.012396136206346267,0.007630988852936347,1.6541245259165613,Adam's Rib (1949),Comedy|Romance,41090,25431.0
181413,-0.35835386154363585,0.45088654879668744,2.4837953091684435,Too Funny to Fail: The Life and Death of The Dana Carvey Show (2017),(no genres listed),7544820,482004.0
140359,0.0835990974462371,0.19890819737208132,3.6988612836438923,Doctor Who: The Waters of Mars (2009),Adventure|Children|Sci-Fi,1413314,281979.0
2050,-0.19875262583615158,0.139865895944791,1.857548637464404,Herbie Goes Bananas (1980),Adventure|Children|Comedy,80861,12129.0
93363,0.09177768676663307,0.46539927957238825,3.475773467326106,John Carter (2012),Action|Adventure|Sci-Fi|IMAX,401729,49529.0
2812,0.4793603575625412,0.9587207151250824,3.7785714285714285,In Too Deep (1999),Action|Thriller,160401,22314.0
219,-0.3813377488760884,0.7725164719167213,2.784940855323021,"Cure, The (1995)",Drama,112757,6715.0
697,-0.17021613537546346,1.358029712155188,3.1532309195590513,Feeling Minnesota (1996),Drama|Romance,116289,12656.0
1610,-2.2791767086403887,14.439541715291478,3.120728696885094,"Hunt for Red October, The (1990)",Action|Adventure|Thriller,99810,1669.0
37741,0.32879110586699933,2.0656531360844888,3.4377419592493106,Capote (2005),Crime|Drama,379725,398.0
42002,-0.16654206902310553,0.25452946206087484,2.6242579055920165,"Producers, The (2005)",Comedy|Musical,395251,9899.0
71108,-0.11496096059210728,0.14970272948699834,2.510643141718839,"White Ribbon, The (Das weiße Band) (2009)",Drama|Mystery,1149362,37903.0
102903,-0.1605483506762591,1.9767759930378956,3.197354158004757,Now You See Me (2013),Crime|Mystery|Thriller,1670345,75656.0
142488,-0.32755095470545814,1.6817599364486937,3.0838046562120307,Spotlight (2015),Thriller,1895587,314365.0
1679,0.4126645701679647,0.6793985780517078,3.8859682991261937,Chairman of the Board (1998),Comedy,118836,31535.0
1083,0.31756004665572146,0.7440564114475074,3.7053670878386225,"Great Race, The (1965)",Comedy|Musical,59243,11575.0
65216,-0.10299840303961538,0.43744471107415445,3.043116751826793,Defiance (2008),Drama|Thriller|War,1034303,13813.0
1099,-1.9199999987678769,0.9999999993582692,1.3585714285714285,"Christmas Carol, A (1938)",Children|Drama|Fantasy,29992,25842.0
4686,0.2929203416959352,0.18706088584355804,4.84448051948052,Weekend at Bernie's II (1993),Adventure|Comedy,108539,8494.0
7294,0.07619837545387975,0.5369658292982055,3.420476874497975,Welcome to Mooseport (2004),Comedy,361925,16784.0
2408,1.6244427449499779,1.3366639599856331,4.4938677136358045,Cocoon: The Return (1988),Comedy|Sci-Fi,94890,11285.0
74228,0.0843981114570997,0.14502210701079107,3.8605386416861824,Triangle (2009),Drama|Horror|Mystery|Thriller,1187064,26466.0
4231,0.19308626751227215,0.840864831043689,3.508199616579496,Someone Like You (2001),Comedy|Romance,244970,12658.0
4069,2.3043884189706723,2.284785372722392,4.2871512481388665,"Wedding Planner, The (2001)",Comedy|Romance,209475,2018.0
102747,-0.011336292889560236,0.41944283691372614,3.2515444015444013,"Rink, The (1916)",Comedy,7264,2077.0
140711,-0.5818477275461155,0.9987171325458124,2.6959763087070705,American Ultra (2015),Action|Comedy|Sci-Fi|Thriller,3316948,261392.0
5479,-0.16064203516336434,0.4147094621301339,2.8912109995659394,K-19: The Widowmaker (2002),Action|Adventure|Drama|Thriller,267626,8665.0
6643,0.1583302679904491,0.25688641233506565,3.894914918876138,Tokyo Story (Tôkyô monogatari) (1953),Drama,46438,18148.0
26849,-0.22699935051214937,0.25688641233506565,2.394914918876138,"Stand, The (1994)",Adventure|Drama|Fantasy|Horror|Sci-Fi,108941,13519.0
27134,0.029887061822916283,0.25688641233506565,3.394914918876138,Dark Portals: The Chronicles of Vidocq  (Vidocq) (2001),Action|Crime|Fantasy,164961,9597.0
117444,0.28677347415798193,0.25688641233506565,4.394914918876138,Song of the Sea (2014),Animation|Children|Fantasy,1865505,110416.0
141818,-0.09855614434461654,0.25688641233506565,2.894914918876138,Ordinary Miracle (1978),Comedy|Drama|Fantasy|Romance,186408,27935.0
160271,0.1583251157576056,0.45595853691058064,3.6258072031889244,Central Intelligence (2016),Action|Comedy,1489889,302699.0
165671,-0.0032701308303186814,0.002818551722996489,2.1183547103051747,Ice Guardians (2016),Documentary,4431208,413361.0
168418,-0.09138178513586573,0.44925093353776757,3.0751622015359916,The Boss Baby (2017),Animation|Children|Comedy,3874544,295693.0
4951,0.4095210511023761,0.7822641303512434,3.8020788159272794,Lord of the Flies (1990),Adventure|Drama|Thriller,100054,10847.0
3564,0.9699627153259858,0.9064400022979626,4.348650764067417,"Flintstones in Viva Rock Vegas, The (2000)",Children|Comedy,158622,889.0
3106,-1.7142857059688827,0.9999999951485149,1.564285714285714,Come See the Paradise (1990),Drama|Romance,99291,59820.0
110297,0.057080634576156156,0.2905418188158605,3.475034143676591,Muppets Most Wanted (2014),Adventure|Comedy|Crime,2281587,145220.0
2145,1.828673698732247,3.7206413275966206,3.770065646293698,Pretty in Pink (1986),Comedy|Drama|Romance,91790,11522.0
2359,-1.3968303245850329,4.237905169869204,2.9489674689273424,Waking Ned Devine (a.k.a. Waking Ned) (1998),Comedy,166396,10162.0
95,5.786216851356085,12.875417076455658,3.72797177164357,Broken Arrow (1996),Action|Adventure|Thriller,115759,9208.0
477,1.1331382767181544,3.4644833273723408,3.605644232693592,What's Love Got to Do with It? (1993),Drama|Musical,108551,15765.0
5872,0.24965018922464688,3.690953109902543,3.3462098357229184,Die Another Day (2002),Action|Adventure|Thriller,246460,36669.0
1687,-0.8887680858237692,2.5084153609593676,2.9242568682093633,"Jackal, The (1997)",Action|Thriller,119395,4824.0
7318,0.7020389775809879,0.5381835045835416,4.583031657474656,"Passion of the Christ, The (2004)",Drama,335345,615.0
57528,0.5512180929329523,1.3386914456624395,3.6903303105146734,Rambo (Rambo 4) (2008),Action|Drama|Thriller|War,462499,7555.0
2123,0.3001606001960568,1.5742650743943887,3.469238556412988,All Dogs Go to Heaven (1989),Animation|Children|Comedy|Drama|Fantasy,96787,11497.0
2133,0.7753147976169201,2.002216978322988,3.6657995891608497,Adventures in Babysitting (1987),Adventure|Comedy,92513,14367.0
3868,-1.3851269471760022,6.664038024952359,3.070720431624888,"Naked Gun: From the Files of Police Squad!, The (1988)",Action|Comedy|Crime|Romance,95705,37136.0
79185,0.24840627644307622,0.5582581682601886,3.72353809554781,Knight and Day (2010),Action|Comedy|Romance,1013743,37834.0
33558,0.0023912159617757362,0.11852113897497156,3.2987468671679196,"Snow Walker, The (2003)",Adventure|Drama,337721,14694.0
49822,0.09485900737402583,0.8163845200742417,3.3947654585187372,"Good Shepherd, The (2006)",Drama|Thriller,343737,1247.0
50442,0.26483306555430053,0.46043092858202145,3.8537566498811717,Alpha Dog (2007),Crime|Drama,426883,7457.0
93326,1.1043993501645273,1.1484945305941303,4.240177531817918,This Means War (2012),Action|Comedy|Romance,1596350,59962.0
482,-0.06261823060559857,1.247584342143151,3.2283798475372913,Killing Zoe (1994),Crime|Drama|Thriller,110265,507.0
7163,0.5663743825249368,1.2112660533067017,3.7461601808350293,Paycheck (2003),Action|Sci-Fi|Thriller,338337,9620.0
2009,-0.2683409041474098,2.2998312310746067,3.1618929086341083,Soylent Green (1973),Drama|Mystery|Sci-Fi|Thriller,70723,12101.0
968,-0.37546480316507197,1.4651535053859925,3.0223083122598333,Night of the Living Dead (1968),Horror|Sci-Fi|Thriller,63350,10331.0
74668,0.04672341100767309,0.060975140206802794,4.044841269841269,District 13: Ultimatum (Banlieue 13 - Ultimatum) (2009),Action|Sci-Fi,1247640,15357.0
4887,1.2903862642349317,1.002288002161409,4.566012025936902,"One, The (2001)",Action|Sci-Fi|Thriller,267804,10796.0
103075,-0.02159184000234287,0.08289281104347726,3.018092386655261,"Purge, The (2013)",Crime|Horror|Thriller,2184339,158015.0
73160,0.4081065440241659,0.41944283691372614,4.251544401544401,Sorority Babes in the Slimeball Bowl-O-Rama (1988),Comedy|Horror,96142,27390.0
121007,-0.2210577113464233,0.41944283691372614,2.7515444015444013,Space Buddies (2009),Adventure|Children|Fantasy|Sci-Fi,1164647,14749.0
77427,0.21661337545890044,0.06357589921993419,6.6857332322849565,"Human Centipede, The (First Sequence) (2009)",Horror,1467304,37169.0
126426,0.029887061822916283,0.25688641233506565,3.394914918876138,Solyaris (1968),Drama|Sci-Fi,1808482,321130.0
147326,-0.22699935051214937,0.25688641233506565,2.394914918876138,The Adventures of Sherlock Holmes and Doctor Watson: King of Blackmailers (1980),Crime|Mystery,459944,126846.0
4063,-0.1347404103240901,0.3813407839361039,2.925238095238095,Prelude to a Kiss (1992),Comedy|Drama|Romance,105165,2613.0
4187,-0.044623052608227666,0.08909955988769268,2.777749060150376,Lilies of the Field (1963),Drama,57251,38805.0
57243,-0.01410819109067378,0.4734426149433718,3.2487722709853264,"Band's Visit, The (Bikur Ha-Tizmoret) (2007)",Comedy|Drama,1032856,5259.0
6290,0.07918407241722437,0.4294942614100905,3.462937273547452,House of 1000 Corpses (2003),Horror,251736,2662.0
4533,-0.077862857277103,0.29480564246126767,3.0144555296115474,"Return of the Living Dead, The (1985)",Comedy|Horror|Sci-Fi,89907,10925.0
2139,-0.558277350127579,2.964422062587583,3.090245563245669,"Secret of NIMH, The (1982)",Adventure|Animation|Children|Drama,84649,11704.0
2948,0.6229188453781433,4.153986262478675,3.428528314804954,From Russia with Love (1963),Action|Adventure|Thriller,57076,657.0
2541,0.7353334283890722,3.8292794618656507,3.470600617277027,Cruel Intentions (1999),Drama,139134,796.0
34405,0.6096804166669785,4.238454355481939,3.4224164167517137,Serenity (2005),Action|Adventure|Sci-Fi,379786,16320.0
46965,0.8368655075506011,0.9524892942030576,4.157180261913542,Snakes on a Plane (2006),Action|Comedy|Horror|Thriller,417148,326.0
2453,-0.2667340078837431,0.6793985780517078,2.8859682991261937,"Boy Who Could Fly, The (1986)",Drama|Fantasy,90768,24086.0
2860,1.1571855517655019,1.7981995590467201,3.9220959728544673,Blue Streak (1999),Comedy,181316,11001.0
29,-3.3780771352491015,9.011173550647094,2.9036949359300763,"City of Lost Children, The (Cité des enfants perdus, La) (1995)",Adventure|Drama|Fantasy|Mystery|Sci-Fi,112682,902.0
741,-2.173506043173626,2.779423721230254,2.4965726183246884,Ghost in the Shell (Kôkaku kidôtai) (1995),Animation|Sci-Fi,113568,9323.0
5312,-0.922992107223483,1.5487482453329164,2.682611362108155,Murder by Numbers (2002),Crime|Thriller,264935,11892.0
97304,-0.8648623879240345,2.241341022152307,2.8927031562397474,Argo (2012),Drama|Thriller,1024648,68734.0
174403,0.05980615808087165,0.21310240235712877,3.559216589861751,The Putin Interviews (2017),(no genres listed),6840134,461805.0
5672,0.5638583081656459,0.1721302148226759,6.554337445284521,Pokemon 4 Ever (a.k.a. Pokémon 4: The Movie) (2002),Adventure|Animation|Children|Fantasy,313487,12600.0
87430,0.7826450655997963,0.840641296220534,4.209580967501427,Green Lantern (2011),Action|Adventure|Sci-Fi,1133985,44912.0
4499,-0.6526916056555607,1.5483843530826276,2.857040686313449,Dirty Rotten Scoundrels (1988),Comedy,95031,10141.0
59258,-0.031398547821775674,0.8516335246455887,3.2417028144162465,Baby Mama (2008),Comedy,871426,8780.0
70990,-0.0447392993025311,0.060975140206802794,2.5448412698412697,If These Walls Could Talk (1996),Drama,116607,35203.0
53460,-0.030272820490841318,0.7587326299708659,3.238672234448192,Surf's Up (2007),Animation|Children|Comedy,423294,9408.0
7419,0.49761006208187547,0.6452526079743,4.049757869249395,After Hours (1985),Comedy|Thriller,88680,10843.0
8804,-0.47026884987957446,0.6452526079743,2.5497578692493947,"Story of Women (Affaire de femmes, Une) (1988)",Drama,96336,41975.0
5888,-0.22699935051214937,0.25688641233506565,2.394914918876138,Brother (Brat) (1997),Crime|Drama,118767,20992.0
147250,-0.22699935051214937,0.25688641233506565,2.394914918876138,The Adventures of Sherlock Holmes and Doctor Watson,(no genres listed),229922,127605.0
74532,0.21226337849234775,0.29762419418426417,3.991764047451505,Cop Out (2010),Action|Comedy|Crime,1385867,23742.0
81782,0.009403849661427925,0.2633077905199828,3.314285714285714,Unstoppable (2010),Action|Drama|Thriller,477080,44048.0
390,0.2884396333637137,0.3703346447502639,4.057433567052217,Faster Pussycat! Kill! Kill! (1965),Action|Crime|Drama,59170,315.0
5498,-0.4747362181573093,0.48014211712183363,2.289830384559146,Red Beard (Akahige) (1965),Drama,58888,3780.0
173235,-0.35835386154363585,0.45088654879668744,2.4837953091684435,Tokyo Idols (2017),Documentary,6039532,433092.0
2165,0.14770940417876138,0.3736481792117796,3.673888232979142,Your Friends and Neighbors (1998),Comedy|Drama,119517,77469.0
32019,0.025006494336454646,0.09979443573159218,3.5291514749751407,Be Cool (2005),Comedy|Crime|Musical,377471,4551.0
109042,0.34762245339201664,0.2905418188158605,4.4750341436765915,Knights of Badassdom (2013),Adventure|Comedy|Fantasy,1545660,74461.0
1439,0.02252149836425809,0.5214068106149465,3.3217651458489152,Meet Wally Sparks (1997),Comedy,119644,40506.0
2291,-0.14920352867525127,6.214881982794166,3.2545639688821986,Edward Scissorhands (1990),Drama|Fantasy|Romance,99487,162.0
3911,-1.668578085080922,6.389108252066507,3.017411651768268,Best in Show (2000),Comedy,218839,13785.0
4878,-4.404363040810587,13.58869757774378,2.9544518420097066,Donnie Darko (2001),Drama|Mystery|Sci-Fi|Thriller,246578,141.0
1221,-10.853248971186312,19.570019108520675,2.7239859214749704,"Godfather: Part II, The (1974)",Crime|Drama,71562,240.0
558,0.09281361344329403,1.3438346384124402,3.3476376743655845,"Pagemaster, The (1994)",Action|Adventure|Animation|Children|Fantasy,110763,15139.0
3189,0.03477199391467278,0.8095108306664246,3.3215257567872065,My Dog Skip (1999),Children|Drama,156812,17908.0
3177,0.1700147854221758,0.8327569137067428,3.4827303885558147,Next Friday (2000),Comedy,195945,10471.0
4084,1.4043351196012333,2.1517473138110192,3.931220143681929,Beverly Hills Cop II (1987),Action|Comedy|Crime|Thriller,92644,96.0
137337,0.07382517078488798,0.165368382558149,3.725,Amy (2015),Documentary,2870648,331781.0
1289,-0.4524799327464347,1.997020994549509,3.051993974462837,Koyaanisqatsi (a.k.a. Koyaanisqatsi: Life Out of Balance) (1983),Documentary,85809,11314.0
2125,0.0668160561292105,0.3789601923108462,3.454885610073648,Ever After: A Cinderella Story (1998),Comedy|Drama|Romance,120631,9454.0
56336,-0.0752268694059325,0.060975140206802794,2.0448412698412697,Wrong Turn 2: Dead End (2007),Action|Horror|Thriller,804555,13186.0
72591,0.016235840904271694,0.060975140206802794,3.5448412698412697,"Patriot, The (1998)",Action|Thriller,120786,6058.0
128520,0.43767386702617705,0.5838751692143381,4.028173210087691,The Wedding Ringer (2015),Comedy,884732,252838.0
464,-0.15848308366144892,1.011423288478971,3.121878295768659,Hard Target (1993),Action|Adventure|Crime|Thriller,107076,2019.0
81819,-0.02893817807997137,0.5070127618237547,3.2214955909221374,Biutiful (2010),Drama,1164999,45958.0
528,0.139533705520472,0.6328850214678551,3.4990438695163104,"Scout, The (1994)",Comedy|Drama,111094,35233.0
2749,-0.1347404103240901,0.3813407839361039,2.925238095238095,"Morning After, The (1986)",Drama|Mystery,91554,31924.0
91947,-0.2901354627381616,0.45313998518758414,2.6382936507936505,"Revenant, The (2009)",Comedy|Horror,1336006,79896.0
8695,-0.004765147353409919,0.007630988852936347,2.6541245259165613,"Bachelor and the Bobby-Soxer, The (1947)",Comedy,39169,27437.0
5181,-0.016380489314394817,0.20566614361406738,3.198925410872313,Hangar 18 (1980),Action|Sci-Fi|Thriller,80836,54287.0
77795,-0.11530909992584422,0.19890819737208132,2.6988612836438923,Cargo (2009),Sci-Fi,381940,34069.0
184053,-0.4136713959839662,0.19890819737208132,1.1988612836438923,Battle Planet (2008),Action|Sci-Fi,1016024,17571.0
98239,0.34762245339201664,0.2905418188158605,4.4750341436765915,Red Dawn (2012),Action|War,1234719,60747.0
1587,0.5189611540670808,4.375959924370461,3.397165100139785,Conan the Barbarian (1982),Action|Adventure|Fantasy,82198,9387.0
3253,1.1365404724951906,8.449291025472293,3.4130845455973224,Wayne's World (1992),Comedy,105793,8872.0
21,-2.844658804806924,18.19325376119116,3.122213536676632,Get Shorty (1995),Comedy|Crime|Thriller,113161,8012.0
710,0.0330776857700166,1.3905264133100785,3.3023593159883076,Celtic Pride (1996),Comedy,115851,23449.0
653,1.905077165596348,10.919747085911037,3.453033085110556,Dragonheart (1996),Action|Adventure|Fantasy,116136,8840.0
73499,0.03474176889489105,0.14970272948699834,3.510643141718839,MacGyver: Lost Treasure of Atlantis (1994),Action|Adventure,110419,81895.0
99728,-0.053448505936883044,0.44024454830285886,3.1571650280994024,Gangster Squad (2013),Action|Crime|Drama,1321870,82682.0
1409,0.3105063170300959,2.086847395192194,3.4273634857891526,Michael (1996),Comedy|Drama|Fantasy|Romance,117038,2928.0
3064,1.1306058786074087,1.5534416937516042,4.0063785185671685,Poison Ivy: New Seduction (1997),Drama|Thriller,119908,18222.0
168248,-0.035235171735413975,0.5072324174727275,3.209105892612642,John Wick: Chapter Two (2017),Action|Crime|Thriller,4425200,324552.0
1393,-0.5610693040397705,10.096799501678662,3.2230024035604345,Jerry Maguire (1996),Drama|Romance,116695,9390.0
1177,0.08949227438814808,1.2273873028897717,3.3514842525654904,Enchanted April (1992),Drama|Romance,101811,26561.0
1801,1.0077953118134908,2.7793794625140853,3.641168664899098,"Man in the Iron Mask, The (1998)",Action|Adventure|Drama,120744,9313.0
87869,0.9285338770130803,2.3554128606138613,3.672784219262861,Horrible Bosses (2011),Comedy|Crime,1499658,51540.0
4502,1.0004213188771989,0.3739431197443922,5.953901622000403,Ernest Saves Christmas (1988),Children|Comedy,95107,26386.0
110501,-0.018253428718977283,0.25717398418004045,3.2075944641744445,The Raid 2: Berandal (2014),Action|Crime|Thriller,2265171,180299.0
45726,0.19720998021808822,0.45557521839966264,3.7114527009787475,"You, Me and Dupree (2006)",Comedy,463034,1819.0
52458,0.18775410386011823,0.7537480260684595,3.5276654193569716,Disturbia (2007),Drama|Thriller,486822,8271.0
78467,-0.0752268694059325,0.060975140206802794,2.0448412698412697,Jonah Hex (2010),Action|Drama|Thriller|Western,1075747,20533.0
214,-0.05784893014476364,0.18626084101555768,2.9679912237932715,Before the Rain (Pred dozhdot) (1994),Drama|War,110882,19155.0
3599,-0.011336292889560236,0.41944283691372614,3.2515444015444013,Anchors Aweigh (1945),Comedy|Musical,37514,17889.0
64116,-0.011336292889560236,0.41944283691372614,3.2515444015444013,Igor (2008),Animation|Comedy,465502,14248.0
121097,-0.43077912980328636,0.41944283691372614,2.2515444015444013,To Grandmother's House We Go (1992),Adventure|Children|Comedy,105606,50327.0
4678,-0.2222904636858781,0.9299689113022761,3.039541434144416,UHF (1989),Comedy,98546,11959.0
6461,-0.19559806826619824,0.40616365748440325,2.796996908887305,"Unforgiven, The (1960)",Drama|Western,54428,6643.0
121374,-0.0032701308303186814,0.002818551722996489,2.1183547103051747,Bill Burr: Why Do I Do This? (2008),Comedy,1254947,32836.0
178323,-0.00045157910732219244,0.002818551722996489,3.1183547103051747,Gaga: Five Foot Two (2017),Documentary,7291268,472424.0
4792,-0.45127048808065884,1.2168372980922155,2.9077161886899994,13 Ghosts (1960),Horror,53559,29756.0
6483,0.021943313631867297,0.007630988852936347,6.154124525916561,From Justin to Kelly (2003),Musical|Romance,339034,31246.0
6368,-0.06687734729421922,0.05460239114528025,2.053765227021041,Cinemania (2002),Documentary,281724,51230.0
3713,-0.04270534916497246,0.30006126913283304,3.1362493311931514,"Long Walk Home, The (1990)",Drama,100046,51763.0
1552,1.6296861124832014,8.271586814323776,3.475593614164778,Con Air (1997),Action|Adventure|Thriller,118880,1701.0
2116,-0.044044104066416956,1.142977830305043,3.2400369068172643,"Lord of the Rings, The (1978)",Adventure|Animation|Children|Fantasy,77869,123.0
1079,-7.576042033947562,13.755133061012451,2.7277921667247296,"Fish Called Wanda, A (1988)",Comedy|Crime,95159,623.0
1283,-0.5561660873234778,2.887807078727417,3.0859802782067143,High Noon (1952),Drama|Western,44706,288.0
2843,0.01829888207731356,2.224191839261195,3.2867986335068586,"Black Cat, White Cat (Crna macka, beli macor) (1998)",Comedy|Romance,118843,1075.0
166528,1.764767256521662,3.3675129563586332,3.802627988825897,Rogue One: A Star Wars Story (2016),Action|Adventure|Fantasy|Sci-Fi,3748528,330459.0
66934,0.014043460258576147,1.6182241602437268,3.287249744347199,Dr. Horrible's Sing-Along Blog (2008),Comedy|Drama|Musical|Sci-Fi,1227926,14301.0
1345,0.7640755705404996,3.4772550627692835,3.4983066958290423,Carrie (1976),Drama|Fantasy|Horror|Thriller,74285,7340.0
1648,0.4126645701679647,0.6793985780517078,3.8859682991261937,"House of Yes, The (1997)",Comedy|Drama,119324,33344.0
1911,5.069127452986056,4.750485790888605,4.345647023810257,Dr. Dolittle (1998),Comedy,118998,3050.0
4366,-0.6998883863033969,0.9573920935953595,2.5475351154606125,Atlantis: The Lost Empire (2001),Adventure|Animation|Children|Fantasy,230011,10865.0
3246,-0.6120735334171732,2.2271074870902896,3.0037425139522935,Malcolm X (1992),Drama,104797,1883.0
5093,0.3462468557796493,1.468642510985838,3.5143312225237553,Collateral Damage (2002),Action|Thriller,233469,9884.0
550,0.3596788417133787,0.5684016697796619,3.9113613390106545,Threesome (1994),Comedy|Romance,111418,10635.0
90746,0.043755449348528166,0.6612122208112193,3.3447460211929108,"Adventures of Tintin, The (2011)",Action|Animation|Mystery|IMAX,983193,17578.0
56801,0.21454864032208576,0.37187845278806564,3.855503592060765,AVPR: Aliens vs. Predator - Requiem (2007),Action|Horror|Sci-Fi,758730,440.0
2922,0.0538296070085975,0.9720980403365613,3.333946097354796,Hang 'Em High (1968),Crime|Drama|Western,61747,4929.0
113741,-0.05167841219266535,0.5981620921983752,3.1921760971609476,Coherence (2013),Drama|Mystery|Sci-Fi|Thriller,2866360,220289.0
184471,-0.1290795920381937,0.2692904287202464,2.799239160240835,Tomb Raider (2018),Action|Adventure|Fantasy,1365519,338970.0
33779,-0.1818295309447404,0.13281887570357048,1.9095677385345282,Eddie Izzard: Dress to Kill (1999),Comedy,184424,13589.0
30822,0.06657321236378078,0.1904300369426374,3.6281655022407753,In Good Company (2004),Comedy|Drama,385267,1901.0
139640,-0.6405005482601495,0.41944283691372614,1.7515444015444013,Ooops! Noah is Gone... (2015),Animation,3411432,326215.0
2868,0.08770177660784535,0.2216638309868618,3.674223602484472,Fright Night Part II (1988),Horror,97390,18086.0
87194,0.1852129394321705,0.18784422092938952,4.264563643374736,The Way (2010),Adventure|Comedy|Drama,1441912,59468.0
133716,-0.09855614434461654,0.25688641233506565,2.894914918876138,Bootleggers (1961),Comedy|Crime,55400,42279.0
1465,-0.044623052608227666,0.08909955988769268,2.777749060150376,Rosewood (1997),Action|Drama,120036,25624.0
4406,-0.8790345079802891,1.0689837100651154,2.456262819278641,"Man Who Shot Liberty Valance, The (1962)",Crime|Drama|Western,56217,11697.0
106144,0.015876104174550577,0.17498994823504618,3.3692972350230415,"Selfish Giant, The (2013)",Drama,2304426,194101.0
3165,0.18276776365906516,0.2399071501563318,4.0403985085061755,Boiling Point (1993),Action|Drama,106455,22213.0
1327,0.005889458063857975,0.3244661034655101,3.296722656083192,"Amityville Horror, The (1979)",Drama|Horror|Mystery|Thriller,78767,11449.0
7024,0.06953996395353083,0.29480564246126767,3.5144555296115474,"Salo, or The 120 Days of Sodom (Salò o le 120 giornate di Sodoma) (1976)",Drama,73650,5336.0
57536,-0.077862857277103,0.29480564246126767,3.0144555296115474,Strange Wilderness (2008),Comedy,489282,14220.0
5723,-0.316090451956741,0.3461534025504529,2.3654200638071607,Continental Divide (1981),Comedy|Romance,82200,26560.0
492,1.2527642447958884,1.092130923442175,4.425653905503251,Manhattan Murder Mystery (1993),Comedy|Mystery,107507,10440.0
1179,0.5108377953199882,4.6842032553944986,3.3876268575244075,"Grifters, The (1990)",Crime|Drama|Film-Noir,99703,18129.0
352,-0.3813377488760884,0.7725164719167213,2.784940855323021,Crooklyn (1994),Comedy|Drama,109504,34152.0
3869,0.3191651725049303,3.9678450303942765,3.35900934135786,"Naked Gun 2 1/2: The Smell of Fear, The (1991)",Comedy,102510,37137.0
2300,-2.6503363288700643,7.232682126489568,2.912132494505288,"Producers, The (1968)",Comedy,63462,30197.0
122922,-0.1069976302622907,3.398588113864724,3.2470884636820414,Doctor Strange (2016),Action|Adventure|Sci-Fi,1211837,284052.0
338,1.1577228198255516,4.6375010864525965,3.528215104819306,Virtuosity (1995),Action|Sci-Fi|Thriller,114857,9271.0
798,2.0638936176540037,2.0899697012921017,4.266094652653588,Daylight (1996),Action|Adventure|Drama|Thriller,116040,11228.0
866,-1.7899707599111774,4.473529709423326,2.878446499001682,Bound (1996),Crime|Drama|Romance|Thriller,115736,9303.0
2870,-0.5637805445373415,0.9193057282080396,2.665303690496639,Barefoot in the Park (1967),Comedy,61385,17887.0
3063,0.9413411651453258,1.4137694711853428,3.9444092361710505,Poison Ivy (1992),Drama|Thriller,105156,9264.0
3477,-2.016880412436648,1.896705099866401,2.2152113877413004,Empire Records (1995),Comedy|Drama,112950,13531.0
136016,-0.06781006579752989,0.2600853605913917,3.0178490809416316,The Good Dinosaur (2015),Adventure|Animation|Children|Comedy|Fantasy,1979388,105864.0
5292,-0.3360561509974604,0.5812688780744438,2.700429085718486,Slap Shot (1977),Comedy,76723,11590.0
2943,-0.7454951842729944,0.8024883900130297,2.34959202706147,Indochine (1992),Drama|Romance,104507,2731.0
3385,0.1468864884304999,0.9111832827673421,3.4397755366893836,Volunteers (1985),Comedy,90274,19259.0
122898,1.2667605311949162,0.8090110581646073,4.8443850455926825,Justice League (2017),Action|Adventure|Sci-Fi,974015,141052.0
142602,0.3794597616165648,0.21310240235712877,5.059216589861752,"F*ck You, Goethe 2 (2015)",Comedy,3702996,329263.0
53000,0.14812194755455527,2.1119100526721883,3.348707913488074,28 Weeks Later (2007),Horror|Sci-Fi|Thriller,463854,1562.0
6944,0.421546679122041,0.5630871040265082,4.0272063664125834,Father of the Bride (1991),Comedy,101862,11846.0
1337,-0.24479396987244734,0.2216638309868618,2.174223602484472,"Body Snatcher, The (1945)",Drama|Horror|Thriller,37549,30346.0
65802,0.45925606442551253,0.6287696145239147,4.008975783071363,Paul Blart: Mall Cop (2009),Action|Comedy|Crime,1114740,14560.0
7036,-0.19663726732200795,0.3875954799921168,2.771245421245421,Teen Wolf (1985),Comedy|Fantasy,90142,11824.0
27815,-0.026467309778072885,0.6680189325498981,3.2389508302793346,"Chorus, The (Choristes, Les) (2004)",Drama,372824,5528.0
157312,0.000957696754176052,0.002818551722996489,3.6183547103051747,The Boss (2016),Comedy,2702724,323676.0
5637,-0.3305226953960847,0.39304346694930015,2.4376397678533026,Flirting (1991),Drama,101898,21828.0
78893,0.15949798225852374,0.27465189648811994,3.8592991945106774,"Last Airbender, The (2010)",Action|Adventure|Fantasy,938283,10196.0
2178,-0.5809950794593789,0.7973230345772327,2.549889258028793,Frenzy (1972),Thriller,68611,573.0
1042,2.12711033639281,5.550420777140363,3.66180549708627,That Thing You Do! (1996),Comedy|Drama,117887,9591.0
1348,0.18703741063604315,1.0299725490801408,3.460165987380869,"Nosferatu (Nosferatu, eine Symphonie des Grauens) (1922)",Horror,13442,653.0
195,1.9619846417838662,2.049743485550991,4.235756879148171,Something to Talk About (1995),Comedy|Drama|Romance,114496,18402.0
256,4.911299055706508,8.537933380769614,3.853804197050093,Junior (1994),Comedy|Sci-Fi,110216,6280.0
1604,0.2882899635482372,1.294805640608497,3.5012225775212853,Money Talks (1997),Action|Comedy,119695,9416.0
2100,-1.9518729467015827,8.763959354738097,3.055855545521796,Splash (1984),Comedy|Fantasy|Romance,88161,2619.0
678,0.11299854851127124,1.3710927929003023,3.36098638188195,Some Folks Call It a Sling Blade (1993),Drama|Thriller,108181,27768.0
3275,0.8298485417404506,5.591028411871077,3.4269964553479846,"Boondock Saints, The (2000)",Action|Crime|Drama|Thriller,144117,8374.0
8361,1.6427118121358315,2.8624415756886985,3.8524562638420305,"Day After Tomorrow, The (2004)",Action|Adventure|Drama|Sci-Fi|Thriller,319262,435.0
44199,-0.29221958621343347,4.249499236627961,3.2098057764459527,Inside Man (2006),Crime|Drama|Thriller,454848,388.0
107846,0.03474176889489105,0.14970272948699834,3.510643141718839,MacGyver: Trail to Doomsday (1994),Action|Adventure,110420,13632.0
911,0.3236699014743671,3.524908627048532,3.370395057414081,Charade (1963),Comedy|Crime|Mystery|Romance|Thriller,56923,4808.0
933,-2.6237444910579737,2.4837085583628435,2.222189639241268,To Catch a Thief (1955),Crime|Mystery|Romance|Thriller,48728,381.0
1257,0.39900495556209636,3.2211071471408723,3.4024434195780806,Better Off Dead... (1985),Comedy|Romance,88794,13667.0
2016,-0.27106359176493106,0.7090590390559502,2.8962850788679844,"Apple Dumpling Gang Rides Again, The (1979)",Children|Comedy|Western,78790,22328.0
103141,0.28949785750789525,2.0397066314990075,3.4205025538799436,Monsters University (2013),Adventure|Animation|Comedy,1453405,62211.0
109723,0.06223261449816596,0.2600853605913917,3.5178490809416316,"Bag Man, The (2014)",Crime|Drama|Thriller,2212008,242076.0
714,-0.8550732753410892,3.9199085776638545,3.0604354036106916,Dead Man (1995),Drama|Mystery|Western,112817,922.0
6281,0.8161490910858383,2.3471108651591255,3.626296413871817,Phone Booth (2002),Drama|Thriller,183649,1817.0
58293,0.5615075915483436,1.0603025793996943,3.8081444037369225,"10,000 BC (2008)",Adventure|Romance|Thriller,443649,7840.0
5810,0.8621586862545515,7.036664180120822,3.4010952074793694,8 Mile (2002),Drama,298203,65.0
115203,-0.046745043097692736,0.21310240235712877,3.059216589861751,"Culture High, The (2014)",Documentary,1778338,295538.0
2615,-0.1586525960104882,0.20179067582691834,2.4923478066902613,My Science Project (1985),Adventure|Sci-Fi,89652,18252.0
3507,-1.149529163501727,1.923461897820378,2.6809359023338946,"Odd Couple, The (1968)",Comedy,63374,11356.0
1185,0.11713482794996188,0.8315134489898577,3.4194408614017213,My Left Foot (1989),Drama,97937,10161.0
7889,0.17498375809472552,0.6452526079743,3.5497578692493947,Pat Garrett and Billy the Kid (1973),Western,70518,11577.0
1131,-0.267229801169636,0.7926451315358373,2.941434681573628,Jean de Florette (1986),Drama|Mystery,91288,4480.0
6271,0.617827962481029,0.41944283691372614,4.751544401544401,Day for Night (La Nuit Américaine) (1973),Comedy|Drama|Romance,70460,1675.0
42013,0.14552876262665448,0.814042915106586,3.457344267111028,"Ringer, The (2005)",Comedy,267891,9927.0
124404,-0.6405005482601495,0.41944283691372614,1.7515444015444013,"Snowflake, the White Gorilla (2011)",Adventure|Animation|Children|Comedy,1429433,85439.0
102666,-0.09855614434461654,0.25688641233506565,2.894914918876138,Ivan Vasilievich: Back to the Future (Ivan Vasilievich menyaet professiyu) (1973),Adventure|Comedy,70233,20803.0
148652,0.34334005251326627,0.3300710816138455,4.318771772189971,The Ridiculous 6 (2015),Comedy|Western,2479478,347969.0
152970,-0.4561404984445695,0.9186717522384908,2.782049686901338,Hunt for the Wilderpeople (2016),Adventure|Comedy,4698684,371645.0
2330,-0.3080772091506072,0.7227758144387402,2.8523297046561926,Hands on a Hard Body (1996),Comedy|Documentary,116481,18603.0
85885,-0.15134354264056574,0.12426832170945533,2.0606943335993613,Room in Rome (Habitación en Roma) (2010),Drama|Romance,1263750,48650.0
47382,1.2373317365342758,0.8484560479092176,4.736904761904762,Step Up (2006),Drama|Romance,462590,9762.0
1936,-0.004765147353409919,0.007630988852936347,2.6541245259165613,Mrs. Miniver (1942),Drama|War,35093,27367.0
43560,-0.004765147353409919,0.007630988852936347,2.6541245259165613,Nanny McPhee (2005),Children|Comedy|Fantasy,396752,11283.0
52694,0.002865841499526428,0.007630988852936347,3.6541245259165613,Mr. Bean's Holiday (2007),Comedy,453451,1268.0
4275,0.7256190746472747,0.48014211712183363,4.789830384559146,Krull (1983),Action|Adventure|Fantasy|Sci-Fi,85811,849.0
4723,1.5925489436991627,0.9177936466431751,5.0137642461768905,"Deep End, The (2001)",Drama,250323,24936.0
1602,0.18276776365906516,0.2399071501563318,4.0403985085061755,Leave It to Beaver (1997),Comedy,119509,37244.0
43556,0.07490371220225073,0.09979443573159218,4.029151474975141,Annapolis (2006),Drama,417433,13275.0
95583,0.20235154398408642,0.2905418188158605,3.975034143676591,Savages (2012),Crime|Drama|Thriller,1615065,82525.0
3302,-0.316090451956741,0.3461534025504529,2.3654200638071607,Beautiful People (1999),Comedy,159272,61416.0
345,-0.8026028893977069,6.687585745078916,3.1585575820217517,"Adventures of Priscilla, Queen of the Desert, The (1994)",Comedy|Drama,109045,2759.0
595,1.9657566641917525,25.438848708659638,3.3558452347371373,Beauty and the Beast (1991),Animation|Children|Fantasy|Musical|Romance|IMAX,101414,10020.0
1188,-0.07046790740692666,3.9978564513185617,3.2609450059459526,Strictly Ballroom (1992),Comedy|Romance,105488,10409.0
490,1.8727552439911248,3.6318942593529733,3.7942128845880356,Malice (1993),Thriller,107497,2246.0
115149,-0.1562263626342344,1.6663608687497298,3.1848184093040888,John Wick (2014),Action|Thriller,2911666,245891.0
3466,0.051713972231484315,1.4197006646961565,3.314997397451673,Heart and Souls (1993),Comedy|Fantasy,107091,12187.0
94777,0.17083449966959396,1.360155774201096,3.404170645153761,Men in Black III (M.III.B.) (M.I.B.³) (2012),Action|Comedy|Sci-Fi|IMAX,1409024,41154.0
1792,0.9858495859871004,2.7627256706884147,3.6354109064995597,U.S. Marshals (1998),Action|Crime|Thriller,120873,11808.0
137857,-0.05851798278128312,1.5482386951861355,3.2407749421748346,The Jungle Book (2016),Adventure|Drama|Fantasy,3040964,278927.0
68554,-0.11089571864728837,1.32909790031685,3.195134596250159,Angels & Demons (2009),Crime|Drama|Mystery|Thriller,808151,13448.0
8677,-3.435607739680711,1.011385891395629,-0.11835922757986106,Flash Gordon Conquers the Universe (1940),Action|Sci-Fi,32475,68064.0
50806,-0.1362020096127353,0.060975140206802794,1.0448412698412697,Norbit (2007),Comedy|Romance,477051,9757.0
51709,-0.06162701637283131,0.35578078266807045,3.1053551690796195,"Host, The (Gwoemul) (2006)",Comedy|Drama|Horror|Sci-Fi|Thriller,468492,1255.0
5812,-0.18049504204636715,2.2675477559589794,3.1989722044439377,Far from Heaven (2002),Drama|Romance,297884,10712.0
287,0.12841191087079404,0.18626084101555768,3.9679912237932715,Nina Takes a Lover (1994),Comedy|Romance,110671,131957.0
8266,0.41958518495641095,0.24753511705233333,4.97362459901796,Purple Rain (1984),Drama|Musical,87957,13763.0
111622,-0.05830321300885781,0.5474282311509262,3.172067580777025,Begin Again (2013),Comedy|Romance,1980929,198277.0
118985,0.029887061822916283,0.25688641233506565,3.394914918876138,Big Eyes (2014),Drama,1126590,87093.0
134095,-0.22699935051214937,0.25688641233506565,2.394914918876138,My Love (2006),Animation|Drama,874952,104522.0
87529,-0.02299512139409357,0.387605807136898,3.2192453788304554,Your Highness (2011),Action|Adventure|Comedy|Fantasy,1240982,38319.0
129737,0.0023669726156742964,0.002818551722996489,4.118354710305175,Unfinished Business (2015),Comedy,2358925,239573.0
6950,-0.07793612994148433,0.38390520234896036,3.075562640296029,"Missing, The (2003)",Adventure|Thriller|Western,338188,12146.0
49524,-7.32726643813283e-05,0.08909955988769268,3.277749060150376,"Nativity Story, The (2006)",Drama,762121,2447.0
2130,0.11230029811469047,1.144274368108913,3.376712487433285,Atlantic City (1980),Crime|Drama|Romance,80388,23954.0
8571,0.009012788760079944,0.046890064398847256,3.4707824838478105,Bob & Carol & Ted & Alice (1969),Comedy|Drama,64100,26520.0
4735,0.5851694111975728,1.3763700556576373,3.703725556846891,Ghosts of Mars (2001),Horror|Sci-Fi|Thriller,228333,10016.0
4699,0.005405898964524296,0.48014211712183363,3.289830384559146,Original Sin (2001),Drama|Romance|Thriller,218922,2057.0
165639,-0.13291058714529216,0.45088654879668744,2.9837953091684435,While You Were Fighting: A Thor Mockumentary (2016),Comedy|Fantasy|Sci-Fi,6016776,413279.0
3627,-0.06687734729421922,0.05460239114528025,2.053765227021041,Carnival of Souls (1962),Horror|Thriller,55830,16093.0
5784,1.7581433650176572,1.1364147328963172,4.825668024667798,Ghost Ship (2002),Horror,288477,9645.0
47810,0.7834351816158074,0.2905418188158605,5.9750341436765915,"Wicker Man, The (2006)",Horror|Mystery|Thriller,450345,9708.0
95873,0.057080634576156156,0.2905418188158605,3.475034143676591,Ruby Sparks (2012),Comedy|Fantasy|Romance,1839492,103332.0
173941,0.20235154398408642,0.2905418188158605,3.975034143676591,Atomic Blonde (2017),Thriller,2406566,341013.0
5241,-0.316090451956741,0.3461534025504529,2.3654200638071607,Seems Like Old Times (1980),Comedy|Romance,81480,28124.0
1920,0.6042010768586413,3.6150875129194535,3.4457046099119553,Small Soldiers (1998),Animation|Children|Fantasy|War,122718,11551.0
3255,0.033139355868575276,6.775111308546939,3.2834627660505293,"League of Their Own, A (1992)",Comedy|Drama,104694,11287.0
1173,0.13840952378686272,1.6117848711744729,3.364444876239421,"Cook the Thief His Wife & Her Lover, The (1989)",Comedy|Drama,97108,7452.0
1593,0.4126645701679647,0.6793985780517078,3.8859682991261937,Picture Perfect (1997),Comedy|Romance,119896,9413.0
50189,-0.31989135032725435,0.2629039123143882,2.061809960432001,American Pie Presents The Naked Mile (American Pie 5: The Naked Mile) (2006),Comedy|Romance,808146,8275.0
44204,0.24786817348721685,0.5986632560968052,3.692607484672951,Tsotsi (2005),Crime|Drama,468565,868.0
89759,-0.07069307633721712,0.09469381213071676,2.532027649769585,"Separation, A (Jodaeiye Nader az Simin) (2011)",Drama,1832382,60243.0
828,1.2571573507453062,2.5269594556716966,3.7760694584363907,"Adventures of Pinocchio, The (1996)",Adventure|Children,115472,18975.0
3004,0.2957342796127358,0.3962294266365352,4.024942747135851,"Bachelor, The (1999)",Comedy|Romance,120596,2020.0
2533,1.7077139793132516,1.660020225658516,4.307302255411695,Escape from the Planet of the Apes (1971),Action|Sci-Fi,67065,1687.0
33646,0.46430245677085646,0.9936324817987956,3.7458492856019463,"Longest Yard, The (2005)",Comedy|Drama,398165,9291.0
1631,0.5560636167612087,0.8623015506297003,3.923431241655541,"Assignment, The (1997)",Action|Thriller,118647,18355.0
6979,0.11027854832509502,1.6124905511601826,3.3469616267315043,WarGames (1983),Drama|Sci-Fi|Thriller,86567,860.0
56379,-0.0447392993025311,0.060975140206802794,2.5448412698412697,"Maxed Out: Hard Times, Easy Credit and the Era of Predatory Lenders (2006)",Documentary,762117,33003.0
3307,0.03431126394124162,2.673498905943064,3.2914052710932897,City Lights (1931),Comedy|Drama|Romance,21749,901.0
95633,-0.43077912980328636,0.41944283691372614,2.2515444015444013,Spirit Camp (2009),Horror,1078933,40770.0
128852,-0.43077912980328636,0.41944283691372614,2.2515444015444013,Chris Rock: Bigger & Blacker (1999),Comedy,206636,17870.0
6731,-0.32265682714955035,0.5164694734481294,2.6538359045231603,Day of the Dead (1985),Horror|Sci-Fi|Thriller,88993,8408.0
93270,0.2075370683227572,0.293360370538857,3.9860189544303033,Project X (2012),Comedy,1636826,57214.0
4553,-0.5134957202675675,0.6762696670015196,2.5192652740542045,They Live (1988),Action|Sci-Fi|Thriller,96256,8337.0
6987,-0.31932851621338,0.9787905292767288,2.9523233635749824,"Cabinet of Dr. Caligari, The (Cabinet des Dr. Caligari., Das) (1920)",Crime|Fantasy|Horror,10323,234.0
4535,-0.16771265738135077,0.11876002089193512,1.866373484164196,"Man from Snowy River, The (1982)",Drama|Romance|Western,84296,24266.0
2314,-1.378316772353885,0.6014222960745359,0.9868094148414515,Beloved (1998),Drama,120603,39437.0
3877,0.7892764892025879,1.034832029947174,4.041281188572652,Supergirl (1984),Action|Adventure|Fantasy,88206,9651.0
6969,-0.4747362181573093,0.48014211712183363,2.289830384559146,"Dernier Combat, Le (Last Battle, The) (1983)",Drama|Sci-Fi,85426,19184.0
193587,0.09253268725305157,0.45088654879668744,3.4837953091684435,Bungo Stray Dogs: Dead Apple (2018),Action|Animation,8391976,483455.0
1767,0.22243517026100693,0.47520240919396933,3.746656534954407,Music From Another Room (1998),Drama|Romance,119734,39424.0
2744,-0.14227004610187263,0.27967615900368126,2.7698757763975155,Otello (1986),Drama,91699,198469.0
87234,-0.07161886994297252,0.17498994823504618,2.8692972350230415,Submarine (2010),Comedy|Drama|Romance,1440292,49020.0
2327,1.099351715759235,1.278432420382286,4.1384930781103995,Tales from the Darkside: The Movie (1990),Fantasy|Horror|Thriller,100740,20701.0
5458,0.07490371220225073,0.09979443573159218,4.029151474975141,Like Mike (2002),Children|Comedy|Fantasy,308506,21972.0
51937,0.38935210075125315,0.39460007819285986,4.2652719445327,"Hills Have Eyes II, The (2007)",Horror|Thriller,800069,9793.0
3767,-0.06365050588967286,0.029660461004242435,1.1325998645903859,Missing in Action 2: The Beginning (1985),Action|War,89604,12764.0
4815,0.27080783464849556,0.5098025781260761,3.8097728117498475,Hearts in Atlantis (2001),Drama,252501,11313.0
2389,-0.24196150733219907,1.0580105445122499,3.0498766309749215,Psycho (1998),Crime|Horror|Thriller,155975,11252.0
1203,-2.7725204704452655,7.927031237173795,2.9288162191503355,12 Angry Men (1957),Drama,50083,389.0
3079,-0.3592760822207779,0.8076802522445867,2.8337467826520433,Mansfield Park (1999),Comedy|Drama|Romance,178737,10399.0
1562,4.733698510229808,7.778217886191214,3.8871553715120877,Batman & Robin (1997),Action|Adventure|Fantasy|Thriller,118688,415.0
3802,0.4126645701679647,0.6793985780517078,3.8859682991261937,Freejack (1992),Action|Sci-Fi,104299,9278.0
4005,1.4976984108776954,1.6591426631675505,4.18126559955873,"Living Daylights, The (1987)",Action|Adventure|Thriller,93428,708.0
1284,-0.28076533687968247,2.2531032460404865,3.1539587028239118,"Big Sleep, The (1946)",Crime|Film-Noir|Mystery,38355,910.0
6796,-0.2314131098845416,2.8585735502618053,3.197617377253299,Boyz N the Hood (1991),Crime|Drama,101507,650.0
2352,-0.7094452647572147,2.806228828008111,3.025760518186481,"Big Chill, The (1983)",Comedy|Drama,85244,12560.0
8873,0.33768618703352804,3.1808753840009514,3.3847328295279104,"Motorcycle Diaries, The (Diarios de motocicleta) (2004)",Adventure|Drama,318462,1653.0
3077,0.04672341100767309,0.060975140206802794,4.044841269841269,42 Up (1998),Documentary,164312,20565.0
62293,-0.026647865405475972,0.06860612905973915,2.8901532832731824,"Duchess, The (2008)",Drama|Romance,864761,12783.0
67408,0.395160363724576,0.27498600696237624,4.715591326746255,Monsters vs. Aliens (2009),Animation|Sci-Fi|IMAX,892782,15512.0
7067,0.4081065440241659,0.41944283691372614,4.251544401544401,Juliet of the Spirits (Giulietta degli spiriti) (1965),Comedy|Drama|Fantasy|Romance,59229,19120.0
76301,-0.43077912980328636,0.41944283691372614,2.2515444015444013,"Emperor's New Groove 2: Kronk's New Groove, The (2005)",Animation|Children|Comedy|Romance,401398,13417.0
3979,0.15935950586130665,2.220365798721504,3.3503431636400673,Little Nicky (2000),Comedy,185431,9678.0
4649,0.05198619903185142,0.1289906178702916,3.681594531260392,Wet Hot American Summer (2001),Comedy,243655,2171.0
127116,-0.0032701308303186814,0.002818551722996489,2.1183547103051747,Experimenter (2015),Drama,3726704,309299.0
2132,-0.6041414384421425,0.484372039398889,2.0313040611323654,Who's Afraid of Virginia Woolf? (1966),Drama,61184,396.0
110718,-0.05103178660007715,0.28873247681622577,3.1018272425249167,Fading Gigolo (2013),Comedy,2258345,214030.0
1844,-0.27785193125785246,0.7688722387925677,2.917195484377905,Live Flesh (Carne trémula) (1997),Drama|Romance,118819,267.0
91470,-0.2901354627381616,0.45313998518758414,2.6382936507936505,Violet & Daisy (2011),Action|Drama,1634136,91550.0
990,0.970233025446992,0.8413294462308677,4.431785582424724,Maximum Risk (1996),Action|Adventure|Thriller,117011,10861.0
3521,0.4429590389781313,1.0314315756207797,3.708031849842254,Mystery Train (1989),Comedy|Drama,97940,11305.0
179511,-0.015855001239803566,0.19890819737208132,3.1988612836438923,Emerald Green (2016),Adventure|Drama|Fantasy|Romance,4960934,337556.0
809,0.3252916930942523,0.5951204122108018,3.8251695395080576,Fled (1996),Action|Adventure,116320,18550.0
6625,-0.013547981164462914,0.02587128606547155,2.754902789518174,Camp Nowhere (1994),Adventure|Children|Comedy,109369,17745.0
45361,0.3643456064147985,0.29480564246126767,4.514455529611547,"American Haunting, An (2005)",Drama|Horror|Mystery|Thriller,429573,10008.0
3384,-0.316090451956741,0.3461534025504529,2.3654200638071607,"Taking of Pelham One Two Three, The (1974)",Action|Crime,72251,8333.0
1995,-0.03399004488543043,0.029660461004242435,2.132599864590386,Poltergeist II: The Other Side (1986),Horror|Thriller,91778,11133.0
2450,0.7107320680653441,2.2450079700617582,3.595154744774886,Howard the Duck (1986),Adventure|Comedy|Sci-Fi,91225,10658.0
32,-7.919700517157532,30.728128500119652,3.0208368738253855,Twelve Monkeys (a.k.a. 12 Monkeys) (1995),Mystery|Sci-Fi|Thriller,114746,63.0
60,0.798702139865735,7.484095181214761,3.3852913620472207,"Indian in the Cupboard, The (1995)",Adventure|Children|Fantasy,113419,11359.0
371,-1.5155229853804264,5.916790310913579,3.0224320513511427,"Paper, The (1994)",Comedy|Drama,110771,12280.0
33493,0.3855106123419203,8.730187544049725,3.3227297711496098,Star Wars: Episode III - Revenge of the Sith (2005),Action|Adventure|Sci-Fi,121766,1895.0
3081,-3.4624564109850358,6.483725444182578,2.744548752751361,Sleepy Hollow (1999),Fantasy|Horror|Mystery|Romance,162661,2668.0
63433,0.1117566448983984,0.16667873193258614,3.949062760024555,Farscape: The Peacekeeper Wars (2004),Action|Adventure|Sci-Fi,387736,13905.0
1014,-0.009362272591814727,0.7933781489151116,3.266770911246094,Pollyanna (1960),Children|Comedy|Drama,54195,31102.0
4241,0.6890465610495526,0.5771412922244922,4.472467222084557,Pokémon 3: The Movie (2001),Animation|Children,266860,10991.0
90866,0.20424405150912206,1.1521113930863744,3.45584947020417,Hugo (2011),Children|Drama|Mystery,970179,44826.0
3553,0.3143476456372821,0.514115125394387,3.8900057749080403,Gossip (2000),Drama|Thriller,176783,18041.0
6753,0.1571884992377971,0.46201804643979416,3.618792985822397,Secondhand Lions (2003),Children|Comedy|Drama,327137,13156.0
8341,0.4956854733296049,0.6484629858078748,4.042971994491262,Oliver Twist (1948),Adventure|Crime|Drama,40662,10949.0
6586,0.6211569383012834,1.68506143611499,3.647197120779659,American Wedding (American Pie 3) (2003),Comedy,328828,8273.0
127134,-0.011336292889560236,0.41944283691372614,3.2515444015444013,A Walk in the Woods (2015),Adventure|Comedy|Drama,1178665,232572.0
3746,-0.6185834724275618,0.667271638995798,2.351537464774479,Butterfly (La lengua de las mariposas) (1999),Drama,188030,31023.0
142020,-0.22699935051214937,0.25688641233506565,2.394914918876138,Oscar (1967),Comedy,62083,2798.0
3684,0.40644690960846425,0.5311422027318948,4.043803239408398,"Fabulous Baker Boys, The (1989)",Drama|Romance,97322,10875.0
6808,0.4104084178642181,0.7440991377660541,3.8301221521703734,Where Eagles Dare (1968),Action|Adventure|War,65207,11046.0
4205,0.38522914190424473,0.39304346694930015,4.258689848791695,Mermaids (1990),Comedy|Drama|Romance,100140,4587.0
1931,0.18452050694626265,0.2132971324670037,4.1436581027901145,Mutiny on the Bounty (1935),Adventure|Drama,26752,12311.0
1937,-0.057139386497266645,0.2399071501563318,3.0403985085061755,Going My Way (1944),Comedy|Drama|Musical,36872,17661.0
2152,0.5131233251884333,0.5643732536218419,4.187762857994219,Air Bud: Golden Receiver (1998),Children|Comedy,140796,21661.0
55292,0.05017377524178692,0.023167252582128112,5.444291125541126,"Comebacks, The (2007)",Comedy,790804,10759.0
33639,0.025006494336454646,0.09979443573159218,3.5291514749751407,Mad Hot Ballroom (2005),Children|Documentary,438205,14358.0
96411,-0.0881902748317741,0.2905418188158605,2.975034143676591,6 Days to Air: The Making of South Park (2011),Documentary,2076781,76360.0
2098,0.19314306558075234,0.35286475993633193,3.8259286246133386,Son of Flubber (1963),Children|Comedy,57518,19762.0
3525,-0.835790753224001,0.35286475993633193,0.909984796755873,Bachelor Party (1984),Comedy,86927,12309.0
3738,-0.04270534916497246,0.30006126913283304,3.1362493311931514,"Sugarland Express, The (1974)",Drama,72226,5121.0
1282,3.674944892215875,6.9177714748859005,3.8098039079265646,Fantasia (1940),Animation|Children|Fantasy|Musical,32455,756.0
382,-0.17172282252475946,4.3205904798659125,3.2388262077908445,Wolf (1994),Drama|Horror|Romance|Thriller,111742,10395.0
469,1.1854766976469915,1.8064256008415378,3.9348269073991906,"House of the Spirits, The (1993)",Drama|Romance,107151,2259.0
32029,0.2296774565996883,0.9213454943727595,3.527856260377167,Hostage (2005),Action|Crime|Drama|Thriller,340163,2026.0
3896,0.9255805373595835,0.629844846608832,4.748108795342041,"Way of the Gun, The (2000)",Crime|Thriller,202677,1619.0
34150,1.064721138656851,2.4626146019901225,3.71092537376302,Fantastic Four (2005),Action|Adventure|Sci-Fi,120667,9738.0
79695,0.23058695545642222,1.2766814935578112,3.4591857451570247,"Expendables, The (2010)",Action|Adventure|Thriller,1320253,27578.0
1919,0.9352406881195199,1.3676731451155801,3.962390286505123,Madeline (1998),Children|Comedy,123987,35680.0
2088,2.6399215411389085,2.925443904468988,4.180971757323619,Popeye (1980),Adventure|Comedy|Musical,81353,11335.0
2491,-0.8689216048243764,0.7403737182585106,2.104945753597129,Simply Irresistible (1999),Comedy|Romance,145893,16172.0
6817,0.0023912159617757362,0.11852113897497156,3.2987468671679196,"White Hunter, Black Heart (1990)",Adventure|Drama,100928,28761.0
786,2.515722627902921,5.74951774298619,3.7161251053075057,Eraser (1996),Action|Drama|Thriller,116213,9268.0
1027,2.2893986484876696,3.8479398149729254,3.8735388029516793,Robin Hood: Prince of Thieves (1991),Adventure|Drama,102798,8367.0
2195,-1.5153331563769217,2.9699749400218205,2.768353939542451,Dirty Work (1998),Comedy,120654,14577.0
3268,3.980901405996714,2.6951485395787738,4.755633396598946,Stop! Or My Mom Will Shoot (1992),Action|Comedy,105477,9876.0
45666,0.42575160974571435,0.5884522736752532,4.002082287126921,Nacho Libre (2006),Comedy,457510,9353.0
8376,1.289300750009181,2.156764420381656,3.876365391521276,Napoleon Dynamite (2004),Comedy,374900,8193.0
7010,0.016235840904271694,0.060975140206802794,3.5448412698412697,"Lover, The (Amant, L') (1992)",Drama|Romance,101316,10995.0
45720,0.4053959163967197,1.473822848622023,3.553635637798305,"Devil Wears Prada, The (2006)",Comedy|Drama,458352,350.0
52287,-0.0758260466546039,1.5483650542671452,3.22959974295657,Meet the Robinsons (2007),Action|Adventure|Animation|Children|Comedy|Sci-Fi,396555,1267.0
6270,-0.47026884987957446,0.6452526079743,2.5497578692493947,Akira Kurosawa's Dreams (Dreams) (1990),Drama|Fantasy,100998,12516.0
6783,0.19838512556730284,0.41944283691372614,3.7515444015444013,"Rules of the Game, The (La règle du jeu) (1939)",Comedy|Drama,31885,776.0
8814,0.5535079169341235,0.8168614668295824,3.956174595583833,Without a Paddle (2004),Comedy,364751,10762.0
60289,-0.09980818471742413,0.4830187361336603,3.071937239768853,Kit Kittredge: An American Girl (2008),Children|Comedy|Drama|Mystery,846308,8359.0
118530,-0.43077912980328636,0.41944283691372614,2.2515444015444013,Fans (1999),Comedy,200215,42441.0
135777,-0.43077912980328636,0.41944283691372614,2.2515444015444013,Golmaal (2006),Children|Comedy,495034,19670.0
57522,0.025885677799097884,0.06357589921993419,3.6857332322849565,First Sunday (2008),Comedy|Crime,486578,14423.0
173351,-0.22699935051214937,0.25688641233506565,2.394914918876138,Wow! A Talking Fish! (1983),Animation|Children|Comedy|Fantasy,1352408,165095.0
171251,-0.001860854968820437,0.002818551722996489,2.6183547103051747,"Nobody Speak: Hulk Hogan, Gawker and Trials of a Free Press (2017)",Documentary,6333064,430830.0
5508,0.8262370193317072,1.3157322529652726,3.9065388721524554,24 Hour Party People (2002),Comedy|Drama|Musical,274309,2750.0
71970,-0.004765147353409919,0.007630988852936347,2.6541245259165613,"Princess and the Pirate, The (1944)",Adventure|Comedy|Romance,37193,30506.0
38304,0.08657240515411653,0.42830558339405067,3.4806990881458963,No Direction Home: Bob Dylan (2005),Documentary,367555,19082.0
457,-0.8738740111007136,35.706680335195344,3.2540977445745614,"Fugitive, The (1993)",Thriller,106977,5503.0
265,-3.2628069793338206,10.036672496217362,2.9534829113797483,Like Water for Chocolate (Como agua para chocolate) (1992),Drama|Fantasy|Romance,103994,18183.0
1895,1.9489989420455487,2.2394355619042905,4.148879543348452,Can't Hardly Wait (1998),Comedy|Drama|Romance,127723,15037.0
3788,-0.05818462940503075,1.0022859012410335,3.2205195001416396,Blow-Up (Blowup) (1966),Drama|Mystery,60176,1052.0
640,-1.4568046520666669,3.0017673531349276,2.7932557859233604,Diabolique (1996),Drama|Thriller,116095,10988.0
662,-0.3813377488760884,0.7725164719167213,2.784940855323021,Fear (1996),Thriller,116287,10543.0
835,0.39117872304063295,0.7725164719167213,3.784940855323021,Foxfire (1996),Drama,116353,18555.0
5502,1.739412708102601,5.958977686970937,3.570469267340947,Signs (2002),Horror|Sci-Fi|Thriller,286106,2675.0
48783,-0.505704584148982,1.0296096102105503,2.78740994451577,Flags of Our Fathers (2006),Drama|War,418689,3683.0
2421,0.09562107124099348,2.507848931664182,3.3167001491788297,"Karate Kid, Part II, The (1986)",Action|Adventure|Drama,91326,8856.0
1906,0.4126645701679647,0.6793985780517078,3.8859682991261937,Mr. Jealousy (1997),Comedy|Romance,119717,53765.0
2806,0.4229394901220336,2.3417960139083323,3.4591761813381607,Teaching Mrs. Tingle (1999),Comedy|Thriller,133046,10342.0
3082,3.9568769198572045,5.570509336701309,3.988897303763364,"World Is Not Enough, The (1999)",Action|Adventure|Thriller,143145,36643.0
3396,-1.120062720476919,4.8173474278862844,3.04606531659927,"Muppet Movie, The (1979)",Adventure|Children|Comedy|Musical,79588,11176.0
97913,-0.6794917177655726,2.2904351214882563,2.9819065235537043,Wreck-It Ralph (2012),Animation|Comedy,1772341,82690.0
1237,-0.5937086275175211,1.4806023900998528,2.8775801621197505,"Seventh Seal, The (Sjunde inseglet, Det) (1957)",Drama,50976,490.0
2530,2.2232060463778893,2.6751731242465584,4.109622707543902,Beneath the Planet of the Apes (1970),Action|Sci-Fi,65462,1685.0
203,-1.1933917503169618,2.498003572338667,2.800833220535284,"To Wong Foo, Thanks for Everything! Julie Newmar (1995)",Comedy,114682,9090.0
27193,-0.0017798135077708999,1.3404730353098304,3.277243678246813,Taxi 2 (2000),Action|Comedy,183869,2332.0
782,0.29477817604558243,0.743696400698538,3.6749403981787894,"Fan, The (1996)",Drama|Thriller,116277,9566.0
167370,0.3299891950141566,0.5036442211729892,3.9337744094487044,Assassin's Creed (2016),Action|Adventure|Sci-Fi,2094766,121856.0
172013,-0.046745043097692736,0.21310240235712877,3.059216589861751,Stefan Zweig: Farewell to Europe (2016),Drama,3397160,391663.0
2634,0.26098658380266676,0.9914761535679573,3.5418017471862253,"Mummy, The (1959)",Horror,53085,18990.0
34072,-0.09878733388046025,0.613451327506497,3.1175361035978852,"March of the Penguins (Marche de l'empereur, La) (2005)",Documentary,428803,1667.0
1515,1.6311869933028469,2.2288148356524116,4.010434375286502,Volcano (1997),Action|Drama|Thriller,120461,10357.0
6383,2.6132905800041586,3.9165655181318364,3.9458117869685663,"2 Fast 2 Furious (Fast and the Furious 2, The) (2003)",Action|Crime|Thriller,322259,584.0
31522,-0.47026884987957446,0.6452526079743,2.5497578692493947,"Marriage of Maria Braun, The (Ehe der Maria Braun, Die) (1979)",Drama,79095,661.0
6183,-0.06369773485201168,0.11496664339143572,2.7245173745173745,Pillow Talk (1959),Comedy|Musical|Romance,53172,4952.0
173535,-0.09855614434461654,0.25688641233506565,2.894914918876138,The Adventures of Sherlock Holmes and Doctor Watson: The Hunt for the Tiger (1980),(no genres listed),459945,406403.0
4339,-0.08373773803535609,0.4627477390994723,3.0976137901866068,Von Ryan's Express (1965),Action|Adventure|Drama|War,59885,21876.0
45732,3.514712811648616,1.1074254229211622,6.452340730686167,My Super Ex-Girlfriend (2006),Comedy|Fantasy|Romance,465624,4474.0
30818,0.20290570300100774,0.09540026660984881,5.405459646094087,Beyond the Sea (2004),Drama|Musical,363473,6478.0
5279,0.22057460824524647,0.29506373824282167,4.026120448179271,Impromptu (1991),Comedy|Romance,102103,17990.0
82053,0.20235154398408642,0.2905418188158605,3.975034143676591,Casino Jack (2010),Comedy|Crime,1194417,45324.0
87298,0.057080634576156156,0.2905418188158605,3.475034143676591,Everything Must Go (2010),Comedy|Drama,1531663,45658.0
2460,-0.004329583881187994,0.029660461004242435,3.132599864590386,"Texas Chainsaw Massacre 2, The (1986)",Horror,92076,16337.0
151,1.8927087556082829,9.067646983222184,3.4873035019649286,Rob Roy (1995),Action|Drama|Romance|War,114287,11780.0
608,-6.0314698892046845,34.08035601817599,3.1015935271085464,Fargo (1996),Comedy|Crime|Drama|Thriller,116282,275.0
899,-0.8113241247661471,6.6105332036686075,3.155839403821006,Singin' in the Rain (1952),Comedy|Musical|Romance,45152,872.0
141,-0.8184858424047273,15.349996869178588,3.225249864444717,"Birdcage, The (1996)",Comedy,115685,11000.0
5464,1.7390562479990528,6.878417939556499,3.5313993700080872,Road to Perdition (2002),Crime|Drama,257044,4147.0
4558,-2.3015128997577556,1.9845008293476107,2.1188274437254457,Twins (1988),Comedy,96320,9493.0
414,0.6484455253666332,1.1063666140515975,3.8646750917974697,"Air Up There, The (1994)",Comedy,109067,46094.0
724,-1.020865508248665,1.8735658912228843,2.7336930695923685,"Craft, The (1996)",Drama|Fantasy|Horror|Thriller,115963,9100.0
103801,-0.5156719232919228,0.5506271794072521,2.34205404879544,Drinking Buddies (2013),Comedy|Drama|Romance,2265398,172533.0
112138,-0.0884158077198888,2.3042675198941924,3.2402009672614724,22 Jump Street (2014),Action|Comedy|Crime,2294449,187017.0
112175,0.928249392927672,1.4284963845336853,3.928380138609352,How to Train Your Dragon 2 (2014),Action|Adventure|Animation,1646971,82702.0
2160,-1.7624726737388565,3.4286028604805043,2.7645216113546707,Rosemary's Baby (1968),Drama|Horror|Thriller,63522,805.0
71464,0.05971312477524618,0.2605154069934418,3.507782919225221,"Serious Man, A (2009)",Comedy|Drama,1019452,12573.0
71135,-0.07846119352805292,0.2014139500184488,2.889019495744203,Pandorum (2009),Horror|Sci-Fi|Thriller,1188729,19898.0
433,0.32454431901864916,1.2716652553724832,3.5337834960927568,Clean Slate (1994),Comedy,109443,18658.0
4516,-0.08120142999118088,0.18706088584355804,2.8444805194805194,Johnny Be Good (1988),Comedy,95409,20443.0
175781,-0.046745043097692736,0.21310240235712877,3.059216589861751,Der Herr Karl (1961),Comedy,273646,28469.0
151739,0.8118276177836522,0.5838751692143381,4.668984415093953,Dirty Grandpa (2016),Comedy,1860213,291870.0
2594,-0.5695887509979783,0.9249287669779812,2.6627523824636996,Open Your Eyes (Abre los ojos) (1997),Drama|Romance|Sci-Fi|Thriller,125659,1902.0
6791,-0.48470109331891814,0.6921426723731472,2.5782807043237455,Babette's Feast (Babettes gæstebud) (1987),Drama,92603,11832.0
53280,-0.6405005482601495,0.41944283691372614,1.7515444015444013,"Breed, The (2006)",Horror|Thriller,455362,10063.0
70728,-0.005902271810869208,0.06357589921993419,3.1857332322849565,Bronson (2009),Action|Comedy|Drama|Thriller,1172570,18533.0
96373,-0.09855614434461654,0.25688641233506565,2.894914918876138,Broken (2012),Drama,1441940,109584.0
99437,-0.2901354627381616,0.45313998518758414,2.6382936507936505,John Dies at the End (2012),Comedy|Fantasy|Horror,1783732,75761.0
26865,0.22267562705485036,0.08909955988769268,5.777749060150375,Fist of Legend (Jing wu ying xiong) (1994),Action|Drama,110200,17809.0
3992,-0.4747362181573093,0.48014211712183363,2.289830384559146,Malèna (2000),Drama|Romance|War,213847,10867.0
5046,0.005405898964524296,0.48014211712183363,3.289830384559146,Impostor (2002),Action|Drama|Sci-Fi|Thriller,160399,4965.0
175475,1.4451923336431138,0.45088654879668744,6.4837953091684435,The Emoji Movie (2017),Animation|Children|Comedy,4877122,378236.0
177285,0.3179759616513953,0.45088654879668744,3.9837953091684435,Sword Art Online The Movie: Ordinal Scale (2017),Action|Adventure|Animation|Fantasy|Sci-Fi,5544384,413594.0
2432,0.40061560862900814,0.32388730636031404,4.515469574197847,Stepmom (1998),Drama,120686,9441.0
42728,0.07490371220225073,0.09979443573159218,4.029151474975141,Tristan & Isolde (2006),Drama|Romance,375154,9044.0
341,-0.04270534916497246,0.30006126913283304,3.1362493311931514,Double Happiness (1994),Drama,109655,60855.0
592,-1.9693357979285184,42.17700548595063,3.2318792612343112,Batman (1989),Action|Crime|Thriller,96895,268.0
943,-0.8243145739402058,1.5325583358062524,2.7407031108172806,"Ghost and Mrs. Muir, The (1947)",Drama|Fantasy|Romance,39420,22292.0
1023,1.2240154491149793,2.1603515774682034,3.8451530266229126,Winnie the Pooh and the Blustery Day (1968),Animation|Children|Musical,63819,81310.0
801,-2.0980187952937457,3.3239344607914107,2.6473860607365225,Harriet the Spy (1996),Children|Comedy,116493,38223.0
1909,0.29474815152686007,7.338858538995435,3.3187340982782634,"X-Files: Fight the Future, The (1998)",Action|Crime|Mystery|Sci-Fi|Thriller,120902,846.0
84152,-1.0464476377147494,4.147855398270161,3.026284996852723,Limitless (2011),Sci-Fi|Thriller,1219289,51876.0
1547,-0.15998829226420364,0.3181802037329356,2.7757485301409224,Shiloh (1997),Children|Drama,120118,33660.0
3565,-0.21333464675861039,0.6474329430941249,2.9490629458256015,Where the Heart Is (2000),Comedy|Drama,198021,10564.0
109864,-0.45793810668461743,0.2600853605913917,1.5178490809416316,Veronica Mars (2014),Comedy|Crime|Drama,2771372,177494.0
334,-1.4537273186702857,2.2332791382235473,2.627632952592717,Vanya on 42nd Street (1994),Drama,111590,32636.0
5747,-0.7785594132201883,0.9419915919962992,2.4520678590753997,Gallipoli (1981),Drama|War,82432,11646.0
37739,-0.06712256017579338,0.3074151345942564,3.060226420072138,"Greatest Game Ever Played, The (2005)",Drama,388980,15487.0
953,0.8820323895520759,6.096418081982558,3.4232518585699627,It's a Wonderful Life (1946),Children|Drama|Fantasy|Romance,38650,1585.0
63876,0.3117633343833763,0.820124562887266,3.658712871093046,Milk (2008),Drama,1013753,10139.0
8157,-0.29153901297014007,0.43476623334399056,2.6080064430439713,Jin Roh: The Wolf Brigade (Jin-Rô) (1998),Animation|Fantasy|Thriller,193253,823.0
3494,-0.8806377099097703,0.8590621075363837,2.2534561287763286,True Grit (1969),Adventure|Drama|Western,65126,17529.0
6296,-0.10731209850724079,0.24330365773937643,2.837509015024847,"Mighty Wind, A (2003)",Comedy|Musical,310281,13370.0
60030,0.01985456551939576,0.08289281104347726,3.518092386655261,Spiral (2007),Drama|Horror|Thriller,491162,18467.0
8978,0.48301025622641663,0.5192372726453183,4.208801752303123,Christmas with the Kranks (2004),Children|Comedy,388419,13673.0
125974,-0.011336292889560236,0.41944283691372614,3.2515444015444013,Halloweentown High (2004),Adventure|Children|Comedy|Fantasy,414078,34560.0
5438,0.08770177660784535,0.2216638309868618,3.674223602484472,Men at Work (1990),Action|Comedy,100135,10169.0
5650,1.2250242000243623,1.4194451831954307,4.141601726977605,Strange Brew (1983),Comedy,86373,12921.0
100083,-0.5129292068547812,0.45595853691058064,2.153624387706234,Movie 43 (2013),Comedy,1333125,87818.0
156609,0.20612779246125895,0.293360370538857,3.9812150476895614,Neighbors 2: Sorority Rising (2016),Comedy,4438848,325133.0
1043,0.6279411575481176,0.3813407839361039,4.925238095238095,To Gillian on Her 37th Birthday (1996),Drama|Romance,117924,30500.0
110730,0.15131975738400927,0.5792742956320862,3.5397944079527144,Transcendence (2014),Drama|Sci-Fi|IMAX,2209764,157353.0
8600,-0.004765147353409919,0.007630988852936347,2.6541245259165613,Angels with Dirty Faces (1938),Crime|Drama|Film-Noir|Thriller,29870,13696.0
8609,0.002865841499526428,0.007630988852936347,3.6541245259165613,Our Hospitality (1923),Comedy,14341,701.0
3915,-0.23466515959639253,0.48014211712183363,2.789830384559146,Girlfight (2000),Drama,210075,19348.0
6341,-0.23466515959639253,0.48014211712183363,2.789830384559146,"Shape of Things, The (2003)",Drama,308878,22958.0
193567,0.3179759616513953,0.45088654879668744,3.9837953091684435,anohana: The Flower We Saw That Day - The Movie (2013),Animation|Drama,2323836,255413.0
2670,-0.22593877503301824,0.3736481792117796,2.673888232979142,Run Silent Run Deep (1958),War,52151,18784.0
52283,0.07490371220225073,0.09979443573159218,4.029151474975141,"Reaping, The (2007)",Horror|Thriller,444682,1683.0
26524,0.14893617013140067,0.9999999994536926,3.427507598784194,"Times of Harvey Milk, The (1984)",Documentary,88275,33138.0
1440,0.5206769483940299,0.3232042989320895,4.8895554102647925,Amos & Andrew (1993),Comedy,106266,31000.0
515,2.7761123404751142,7.0817520418262365,3.6705806833545447,"Remains of the Day, The (1993)",Drama|Romance,107943,1245.0
145,1.4527248316406816,7.208016735298999,3.4801143612517063,Bad Boys (1995),Action|Comedy|Crime|Drama|Thriller,112442,9737.0
4963,0.6023422202465137,13.59945365446858,3.3228630770119225,Ocean's Eleven (2001),Crime|Thriller,240772,161.0
376,0.31886639790703164,5.381560920785591,3.337823084847482,"River Wild, The (1994)",Action|Thriller,110997,8987.0
27773,-1.7549689275093512,5.129157258972628,2.9364160141630835,Old Boy (2003),Mystery|Thriller,364569,670.0
37386,0.05772190206618337,2.5606100752649663,3.3011136745087413,Aeon Flux (2005),Action|Sci-Fi,402022,8202.0
2372,0.11732243906462214,1.1961811940323415,3.37665225416034,Fletch Lives (1989),Comedy,97366,14628.0
2550,0.28932960887746567,1.541700128681408,3.4662406150071363,"Haunting, The (1963)",Horror|Thriller,57129,11772.0
2710,0.3625983268029078,8.253435713204162,3.3225044450027323,"Blair Witch Project, The (1999)",Drama|Horror|Thriller,185937,2667.0
3594,1.6554903843794326,1.5351709967290674,4.356946663582203,Center Stage (2000),Drama|Musical,210616,10560.0
4990,0.14303729818001099,0.3883141784602854,3.64692598813753,Jimmy Neutron: Boy Genius (2001),Adventure|Animation|Children|Comedy,268397,12589.0
66097,0.6505292260581186,3.7217295682132514,3.4533636089636293,Coraline (2009),Animation|Fantasy|Thriller,327597,14836.0
272,0.2788644735558481,9.942688987705319,3.30661861720427,"Madness of King George, The (1994)",Comedy|Drama,110428,11318.0
27450,0.06165178544926152,0.11852113897497156,3.7987468671679196,Blueberry (2004),Adventure|Western,276830,10046.0
4975,-0.23062031145865763,4.451853228633794,3.2267682132328512,Vanilla Sky (2001),Mystery|Romance|Sci-Fi|Thriller,259711,1903.0
2978,0.453479887423735,1.0336131158806134,3.7173041424431763,Three to Tango (1999),Comedy|Romance,144640,10563.0
3614,0.46685491533151585,1.0253899112471245,3.7338664438731746,Honeymoon in Vegas (1992),Comedy|Romance,104438,12518.0
57532,0.9761737547213558,0.4626720336385364,5.388432591012022,Meet the Spartans (2008),Comedy,1073498,7278.0
142222,-0.05167841219266535,0.5981620921983752,3.1921760971609476,Demolition (2016),Drama,1172049,303991.0
3041,-0.4411719177865624,0.3520820243155762,2.0255341039759145,Meatballs Part II (1984),Comedy,87700,40771.0
123947,0.19586051027144363,0.16161378057761555,4.4904761904761905,Cake (2014),Drama,3442006,284276.0
50912,0.025566277963614676,0.06678627705350898,3.6613787819912194,"Paris, I Love You (Paris, je t'aime) (2006)",Romance,401711,2266.0
178613,0.029887061822916283,0.25688641233506565,3.394914918876138,Dave Chappelle: Killin' Them Softly (2000),Comedy,251654,16275.0
73929,0.12826493518415594,0.5881660130001247,3.496647502926525,Legion (2010),Action|Fantasy|Horror|Thriller,1038686,22894.0
160289,-0.0032701308303186814,0.002818551722996489,2.1183547103051747,O.J.: Made in America (2016),Documentary,5275892,377462.0
112868,0.09333445180803573,0.28873247681622577,3.6018272425249167,"Signal, The (2014)",Sci-Fi|Thriller,2910814,242095.0
735,0.06241271652206153,0.07974958222263419,4.061180124223602,Cemetery Man (Dellamorte Dellamore) (1994),Horror,109592,21588.0
5248,0.20290570300100774,0.09540026660984881,5.405459646094087,Smokey and the Bandit III (1983),Action|Comedy,86325,15120.0
2747,0.07356662887434129,0.14564130103502215,3.783693453378463,"Little Shop of Horrors, The (1960)",Comedy|Horror,54033,24452.0
44397,-0.1503619663054861,0.39460007819285986,2.89752242575801,"Hills Have Eyes, The (2006)",Drama|Horror|Thriller,454841,9792.0
1707,1.0136788923896678,0.7282153763339058,4.6705756698068805,Home Alone 3 (1997),Children|Comedy,119303,9714.0
90888,0.22057460824524647,0.29506373824282167,4.026120448179271,Immortals (2011),Action|Drama|Fantasy,1253864,37958.0
2043,-0.004329583881187994,0.029660461004242435,3.132599864590386,Darby O'Gill and the Little People (1959),Adventure|Children|Fantasy,52722,18887.0
2660,-0.04270534916497246,0.30006126913283304,3.1362493311931514,"Thing from Another World, The (1951)",Horror|Sci-Fi,44121,10785.0
80839,-0.14016040856605086,0.17485746075652778,2.477001921844971,Secretariat (2010),Adventure|Drama,1028576,39486.0
940,0.23960369415371638,1.659243477211202,3.422976814185138,"Adventures of Robin Hood, The (1938)",Action|Adventure|Romance,29843,10907.0
1617,-8.494682072788972,19.468383804551365,2.8422392626315385,L.A. Confidential (1997),Crime|Film-Noir|Mystery|Thriller,119488,2118.0
2093,0.12875767993553572,0.4460231965096342,3.567250763958315,Return to Oz (1985),Adventure|Children|Fantasy,89908,13155.0
3247,0.875760272126429,3.4368735027518573,3.5333844938254217,Sister Act (1992),Comedy|Crime,105417,2005.0
1883,0.496474845587888,5.271161283130722,3.372758424362423,Bulworth (1998),Comedy|Drama|Romance,118798,9452.0
254,-0.3813377488760884,0.7725164719167213,2.784940855323021,Jefferson in Paris (1995),Drama,113463,87729.0
378,0.033635459719826566,2.5112324972518536,3.291965433211236,Speechless (1994),Comedy|Romance,111256,15128.0
86880,-0.21782472334642167,2.7907453975539185,3.2005189041321356,Pirates of the Caribbean: On Stranger Tides (2011),Action|Adventure|Fantasy|IMAX,1298650,1865.0
639,0.7554147936707674,0.6475467414057777,4.445150990119087,Girl 6 (1996),Comedy|Drama,116414,61752.0
1726,-0.4878472030769021,3.21920494441611,3.1270286683246478,"Postman, The (1997)",Action|Adventure|Drama|Sci-Fi,119925,9922.0
2795,0.3995575448242439,3.6599356051280068,3.387742077438697,National Lampoon's Vacation (1983),Comedy,85995,11153.0
94015,-0.12359452819817232,0.6826592182349385,3.097522781022606,Mirror Mirror (2012),Adventure|Comedy|Fantasy,1667353,62764.0
5889,-0.22699935051214937,0.25688641233506565,2.394914918876138,"Cruel Romance, A (Zhestokij Romans) (1984)",Drama|Romance,90368,66091.0
118166,0.1583302679904491,0.25688641233506565,3.894914918876138,Courier (1987),Comedy|Drama|Romance,91364,70966.0
5051,0.47314387914208755,0.47945246419731535,4.265413533834586,Italian for Beginners (Italiensk for begyndere) (2000),Comedy|Drama|Romance,243862,112.0
85367,-0.0046794066918169255,0.002818551722996489,1.618354710305175,Just Go with It (2011),Comedy|Romance,1564367,50546.0
136471,-0.00045157910732219244,0.002818551722996489,3.1183547103051747,Kevin Hart: Laugh at My Pain (2011),Comedy|Documentary,1999192,74510.0
4003,0.24660037361201378,0.3813407839361039,3.925238095238095,She's Having a Baby (1988),Comedy,96094,12714.0
487,1.046191172690271,0.7459493312721717,4.6810677226642925,Lightning Jack (1994),Comedy|Western,110353,22317.0
128488,-0.33976426341630295,0.28873247681622577,2.1018272425249167,Wild Card (2015),Action|Crime|Drama|Thriller,2231253,265208.0
6684,-0.014432243439343684,0.046890064398847256,2.9707824838478105,Death in Venice (Morte a Venezia) (1971),Drama|Romance,67445,6619.0
31114,-0.024890723529341442,0.09979443573159218,3.0291514749751407,Imaginary Heroes (2004),Comedy|Drama,373024,25350.0
60538,-0.077862857277103,0.29480564246126767,3.0144555296115474,Shrooms (2007),Horror|Thriller,492486,14456.0
2253,3.466222169471079,3.471411337934386,4.277076598959448,Toys (1992),Comedy|Fantasy,105629,11597.0
2427,-6.516327339487304,7.343519921643416,2.3912139475517535,"Thin Red Line, The (1998)",Action|Drama|War,120863,8741.0
91658,-1.0783613652894715,3.1018139222620236,2.9309163492160986,"Girl with the Dragon Tattoo, The (2011)",Drama|Thriller,1568346,65754.0
534,1.0162515828144945,3.0177712061365147,3.615327104663767,Shadowlands (1993),Drama|Romance,108101,10445.0
45186,-0.03489959131329605,1.3565572655640612,3.2528448395071736,Mission: Impossible III (2006),Action|Adventure|Thriller,317919,956.0
95170,0.1922752947938618,0.2600853605913917,4.017849080941632,Beauty and the Beast: The Enchanted Christmas (1997),Animation|Children|Fantasy|Musical,118692,13313.0
62799,0.0023912159617757362,0.11852113897497156,3.2987468671679196,"Express, The (2008)",Drama,469903,14325.0
64620,0.27164234714936025,1.2881828465896872,3.4894439362037892,Frost/Nixon (2008),Drama,870111,11499.0
1446,-1.859658584134468,1.8668863473473658,2.282442988949578,Kolya (Kolja) (1996),Comedy|Drama,116790,784.0
3019,-1.3853875078121147,2.8290197378041473,2.7888655812423333,Drugstore Cowboy (1989),Crime|Drama,97240,476.0
228,1.075350330474643,1.341413611567844,4.080225982544363,Destiny Turns on the Radio (1995),Comedy,112854,62488.0
5528,0.6174702348479642,1.739595869395817,3.633521820045064,One Hour Photo (2002),Drama|Thriller,265459,9357.0
52885,0.09596670787045074,0.8029717830612182,3.398085849743977,Paprika (Papurika) (2006),Animation|Mystery|Sci-Fi,851578,4977.0
85397,-0.02159184000234287,0.08289281104347726,3.018092386655261,Red Riding Hood (2011),Fantasy|Horror|Mystery|Thriller,1486185,49730.0
49735,-0.011336292889560236,0.41944283691372614,3.2515444015444013,Another Gay Movie (2006),Comedy,443431,12795.0
121342,-0.011336292889560236,0.41944283691372614,3.2515444015444013,Carry on Cruising (1962),Comedy|Romance,55831,26190.0
126088,-0.6405005482601495,0.41944283691372614,1.7515444015444013,A Flintstones Christmas Carol (1994),Animation|Children|Comedy,193164,48874.0
213,-0.19662891461592302,3.926742411240642,3.2284971191252434,Burnt by the Sun (Utomlyonnye solntsem) (1994),Drama,111579,50797.0
69685,0.8005462988281132,0.25688641233506565,6.394914918876138,Daria: Is It College Yet? (2002),Animation|Comedy,285627,24232.0
127098,-0.09855614434461654,0.25688641233506565,2.894914918876138,Louis C.K.: Live at The Comedy Store (2015),Comedy,4368814,321594.0
134252,-0.09855614434461654,0.25688641233506565,2.894914918876138,That Munchhausen (1979),Comedy|Drama|Fantasy,80037,27937.0
56715,0.20573272606542492,0.419073964170723,3.7694936610525978,Wristcutters: A Love Story (2006),Drama|Fantasy|Romance,477139,13198.0
152270,0.1593272616330726,0.12426832170945533,4.560694333599361,The Wait (2015),Drama,3715122,330348.0
7089,-0.014432243439343684,0.046890064398847256,2.9707824838478105,Amarcord (1973),Comedy|Drama,71129,7857.0
2765,0.005405898964524296,0.48014211712183363,3.289830384559146,"Acid House, The (1998)",Comedy|Drama,122515,12229.0
3879,1.2057611917691085,0.48014211712183363,5.789830384559146,"Art of War, The (2000)",Action|Thriller,160009,11398.0
6062,0.6219777129390275,1.0338813701927703,3.8801662835237503,Lost in La Mancha (2002),Documentary,308514,21189.0
109848,0.9943057848464264,0.45088654879668744,5.4837953091684435,Under the Skin (2013),Horror|Sci-Fi|Thriller,1441395,97370.0
159779,-0.015855001239803566,0.19890819737208132,3.1988612836438923,A Midsummer Night's Dream (2016),(no genres listed),5051278,398854.0
1686,-0.057139386497266645,0.2399071501563318,3.0403985085061755,Red Corner (1997),Crime|Thriller,119994,9407.0
89840,0.20235154398408642,0.2905418188158605,3.975034143676591,Killer Elite (2011),Action|Thriller,1448755,49021.0
60979,0.21694278518416468,0.29480564246126767,4.014455529611547,Batman: Gotham Knight (2008),Action|Animation|Crime,1117563,13851.0
3957,-0.03399004488543043,0.029660461004242435,2.132599864590386,Billy Jack (1971),Action|Drama,66832,21142.0
4492,-0.004329583881187994,0.029660461004242435,3.132599864590386,Critters (1986),Comedy|Sci-Fi,90887,3980.0
7619,0.010500646620933224,0.029660461004242435,3.632599864590386,"Miracle Worker, The (1962)",Drama,56241,1162.0
1408,2.147532287805047,4.983392857926698,3.7095092151417033,"Last of the Mohicans, The (1992)",Action|Romance|War|Western,104691,9361.0
2390,0.8763450919698523,1.801903329470854,3.764915550166009,Little Voice (1998),Comedy,147004,8545.0
303,2.4605358357483897,4.898878522439471,3.7808365540440905,"Quick and the Dead, The (1995)",Action|Thriller|Western,114214,12106.0
426,-0.5568099290809014,1.3739387679912571,2.873305966927184,Body Snatchers (1993),Horror|Sci-Fi|Thriller,106452,4722.0
1281,-1.631362096531322,2.0793096145388956,2.4940023172065056,"Great Dictator, The (1940)",Comedy|Drama|War,32553,914.0
38038,-0.6672700623230474,3.130748301375339,3.065437060014903,Wallace & Gromit in The Curse of the Were-Rabbit (2005),Adventure|Animation|Children|Comedy,312004,533.0
45722,0.7031806366311991,5.313831651369273,3.4109016721255316,Pirates of the Caribbean: Dead Man's Chest (2006),Action|Adventure|Fantasy,383574,58.0
77561,1.9300272385319306,4.964361501322236,3.6673479586484334,Iron Man 2 (2010),Action|Adventure|Sci-Fi|Thriller|IMAX,1228705,10138.0
1474,1.0064580074244258,2.019152276300295,3.7770271514199125,Jungle2Jungle (a.k.a. Jungle 2 Jungle) (1997),Children|Comedy,119432,9446.0
111113,-0.15560883576674617,1.1681994968954483,3.1453674371467746,Neighbors (2014),Comedy,2004420,195589.0
6920,-0.16199238383308107,0.2496952668000358,2.629811097992916,"Cercle Rouge, Le (Red Circle, The) (1970)",Crime|Thriller,65531,11657.0
1120,-0.256178132020569,5.141718918296313,3.228747987015924,"People vs. Larry Flynt, The (1996)",Comedy|Drama,117318,1630.0
1105,0.43409228984939713,0.9703239420162989,3.7259398496240603,Children of the Corn IV: The Gathering (1996),Horror,115885,25750.0
64278,-0.15329624427625713,0.21310240235712877,2.559216589861751,"Pervert's Guide to Cinema, The (2006)",Documentary,828154,34283.0
3230,0.5114405641529811,0.951401110517393,3.8161370867351536,"Odessa File, The (1974)",Thriller,71935,21489.0
47978,-0.0447392993025311,0.060975140206802794,2.5448412698412697,SherryBaby (2006),Drama,423169,13075.0
49274,-0.5299513473912323,0.5802124128521211,2.365196713290559,Happy Feet (2006),Adventure|Animation|Children|Comedy|IMAX,366548,9836.0
6566,-0.14928840919509426,0.0966321219838778,1.7336564858984145,Spy Kids 3-D: Game Over (2003),Action|Adventure|Children,338459,12279.0
118270,-0.6405005482601495,0.41944283691372614,1.7515444015444013,Hellbenders (2012),Comedy|Horror|Thriller,1865393,123107.0
4954,-0.5282768665545423,1.8061898080421692,2.986090060222234,Ocean's Eleven (a.k.a. Ocean's 11) (1960),Comedy|Crime,54135,299.0
134109,-0.22699935051214937,0.25688641233506565,2.394914918876138,Radio Day (2008),Comedy,1217565,25936.0
5881,-1.0171516849469122,2.4119590859758375,2.8568595965337016,Solaris (2002),Drama|Romance|Sci-Fi,307479,2103.0
158813,0.0023669726156742964,0.002818551722996489,4.118354710305175,Alice Through the Looking Glass (2016),Adventure|Children|Fantasy,2567026,241259.0
1554,0.6980935626904847,0.4292788444611221,4.904772140993696,"Pillow Book, The (1996)",Drama|Romance,114134,26422.0
718,-0.7714885773148247,1.0815644131963695,2.5652634018818032,"Visitors, The (Visiteurs, Les) (1993)",Comedy|Fantasy|Sci-Fi,108500,11687.0
65261,-0.3193069341235,1.138875674358669,2.998201111325597,Ponyo (Gake no ue no Ponyo) (2008),Adventure|Animation|Children|Fantasy,876563,12429.0
574,0.36197040232899924,0.44204264284420214,4.097429989365473,Spanking the Monkey (1994),Comedy|Drama,111252,17600.0
179817,0.09783513149275233,0.15538520884143014,3.9082010582010582,Darkest Hour (2017),Drama|War,4555426,399404.0
2816,-0.057139386497266645,0.2399071501563318,3.0403985085061755,Iron Eagle II (1988),Action|War,95382,11955.0
3432,0.42267491381539696,0.2399071501563318,5.0403985085061755,Death Wish 3 (1985),Action|Drama,89003,24873.0
6872,0.3643456064147985,0.29480564246126767,4.514455529611547,"House of the Dead, The (2003)",Action|Horror,317676,11059.0
3559,-0.04270534916497246,0.30006126913283304,3.1362493311931514,Limelight (1952),Comedy|Drama|Romance,44837,28971.0
1196,-9.464788341912083,37.71749502960556,3.0276324853971035,Star Wars: Episode V - The Empire Strikes Back (1980),Action|Adventure|Sci-Fi,80684,1891.0
708,1.1772715060225125,6.754570562318222,3.45286400500703,"Truth About Cats & Dogs, The (1996)",Comedy|Romance,117979,8866.0
170,0.32424630514428665,7.393710118081681,3.3224257723265787,Hackers (1995),Action|Adventure|Crime|Thriller,113243,10428.0
354,0.4981943755393957,1.6213227954043765,3.5858479172210194,Cobb (1994),Drama,109450,29973.0
3977,4.1693357631278865,7.099725030884821,3.8658245609097484,Charlie's Angels (2000),Action|Comedy,160127,4327.0
1544,4.436301410137393,5.120776664854545,4.144905131539786,"Lost World: Jurassic Park, The (1997)",Action|Adventure|Sci-Fi|Thriller,119567,330.0
7373,1.93028250880212,3.103115137489265,3.900618121419543,Hellboy (2004),Action|Adventure|Fantasy|Horror,167190,1487.0
103819,-0.45793810668461743,0.2600853605913917,1.5178490809416316,Coffee Town (2013),Comedy,2234025,198062.0
1953,0.23501121836174954,5.246910522479622,3.3233618280560164,"French Connection, The (1971)",Action|Crime|Thriller,67116,1051.0
6708,-0.07434065322508483,2.73955586077802,3.2514354047036864,Matchstick Men (2003),Comedy|Crime|Drama,325805,7270.0
26422,-0.046745043097692736,0.21310240235712877,3.059216589861751,Hair (1979),Comedy|Drama|Musical,79261,10654.0
4971,-0.038597443713719835,0.1721302148226759,3.0543374452845202,Moscow on the Hudson (1984),Comedy|Drama,87747,23111.0
1268,0.19675768274966002,0.8041073607809045,3.5232622402045664,Pump Up the Volume (1990),Comedy|Drama,100436,8428.0
114678,-0.06062399555369137,0.14502210701079107,2.8605386416861824,Hector and the Search for Happiness (2014),Adventure|Comedy|Drama,1626146,254375.0
4616,0.17689399865494101,0.47817429719908555,3.648507662474214,Lean on Me (1989),Drama,97722,14621.0
138204,-0.1347504354267538,0.45215559939347605,2.9805535877938096,7 Days in Hell (2015),Comedy,3895884,287689.0
4300,-0.4557228709428158,0.8995849540355598,2.7719790618378233,Bread and Roses (2000),Drama,212826,37691.0
32243,-0.011336292889560236,0.41944283691372614,3.2515444015444013,Stealing Rembrandt (Rembrandt) (2003),Action|Comedy|Crime,345853,11196.0
54780,-0.0028395273259495635,0.3875954799921168,3.271245421245421,"Nanny Diaries, The (2007)",Comedy|Drama|Romance,489237,12435.0
5135,-0.31332983079396104,0.8576148298701487,2.9132211339159566,Monsoon Wedding (2001),Comedy|Romance,265343,480.0
162344,-0.0046794066918169255,0.002818551722996489,1.618354710305175,Tom Segura: Mostly Stories (2016),Comedy,4970632,376482.0
90403,0.8184960516210931,0.7436818040034446,4.379171237810948,"Three Musketeers, The (2011)",Action|Adventure,1509767,52451.0
3812,0.020198293365098416,1.0615102108950896,3.297599312766783,Everything You Always Wanted to Know About Sex * But Were Afraid to Ask (1972),Comedy,68555,11624.0
4634,-0.5222912450694487,0.38146402454025186,1.9093958013312853,Penn & Teller Get Killed (1989),Adventure|Comedy,98073,37146.0
1162,0.03245782095950357,0.046890064398847256,3.9707824838478105,"Ruling Class, The (1972)",Comedy|Drama,69198,30892.0
2367,0.8851580938852981,1.1941942061671997,4.019789305290357,King Kong (1976),Adventure|Fantasy|Romance|Sci-Fi|Thriller,74751,10730.0
147382,-0.7330967482584229,0.8497126994179822,2.4158130529927613,Doctor Who: Voyage Of The Damned (2007),Action|Sci-Fi,1061123,335209.0
2373,0.20839607344964473,0.7029773450332123,3.575019208748184,Red Sonja (1985),Action|Adventure|Fantasy,89893,9626.0
91622,-0.0881902748317741,0.2905418188158605,2.975034143676591,Young Adult (2011),Comedy|Drama,1625346,57157.0
304,0.5886513725025733,1.0957207708488108,3.8157989669766454,Roommates (1995),Comedy|Drama,114296,161495.0
536,-0.3813377488760884,0.7725164719167213,2.784940855323021,"Simple Twist of Fate, A (1994)",Drama,111194,43535.0
783,1.8395704763997482,10.973256454620728,3.4462126829253377,"Hunchback of Notre Dame, The (1996)",Animation|Children|Drama|Musical|Romance,116583,10545.0
6044,-1.2608695647149162,0.9999999996014853,2.0177018633540373,Blind Date (1984),Horror|Thriller,86978,80965.0
611,-1.680161183897031,1.5833038648268616,2.217397246393353,Hellraiser: Bloodline (1996),Action|Horror|Sci-Fi,116514,8766.0
2936,-0.6337684293534891,1.950192142597213,2.9535939991631377,Sullivan's Travels (1941),Adventure|Comedy|Romance,34240,16305.0
3424,-0.38911532268074944,5.577967262353917,3.2088120871520345,Do the Right Thing (1989),Drama,97216,925.0
4449,-0.45900868161383,0.2885197427286932,1.6876623376623376,Adanggaman (2000),Drama,262210,78248.0
2990,2.2010968196365464,2.6612826985714504,4.105652602930722,Licence to Kill (1989),Action|Adventure|Thriller,97742,709.0
58025,-0.39717468600380035,2.0002424911271213,3.0800081604848697,Jumper (2008),Action|Adventure|Drama|Sci-Fi|Thriller,489099,8247.0
167036,0.19041443982504136,0.2629039123143882,4.002845320689619,Sing (2016),Animation|Children|Comedy,3470600,335797.0
2908,-1.3548974650461323,4.216053731282574,2.957205157787693,Boys Don't Cry (1999),Drama,171804,226.0
8493,-0.03491282505963177,0.5683434127845196,3.217142327302213,Memphis Belle (1990),Action|Drama|War,100133,12651.0
48738,-0.6159425559600821,2.298576983142421,3.0106045253624627,"Last King of Scotland, The (2006)",Drama|Thriller,455590,1523.0
612,-0.4393992891659245,1.5477835991236826,2.9946820725821923,"Pallbearer, The (1996)",Comedy,117283,23570.0
55280,-0.09558379986655857,0.19448824786230895,2.7871083149018117,Lars and the Real Girl (2007),Comedy|Drama,805564,6615.0
2146,0.27767617314408094,1.7212926517225535,3.43988982661734,St. Elmo's Fire (1985),Drama|Romance,90060,11557.0
141646,-0.011336292889560236,0.41944283691372614,3.2515444015444013,The Unauthorized Saved by the Bell Story (2014),Comedy|Drama,3816372,287241.0
163386,-0.22699935051214937,0.25688641233506565,2.394914918876138,Winnie the Pooh and the Day of Concern (1972),Animation,208558,36162.0
118930,-0.0032701308303186814,0.002818551722996489,2.1183547103051747,Bill Burr: I'm Sorry You Feel That Way (2014),Comedy,3823690,308571.0
3342,-0.1590646368841424,0.9248430890360287,3.106580483545352,Birdy (1984),Drama|War,86969,11296.0
5358,0.04447650727946501,0.08909955988769268,3.777749060150376,Mountains of the Moon (1990),Adventure,100196,33796.0
2977,0.42595011586972287,0.6014222960745359,3.9868094148414515,Crazy in Alabama (1999),Comedy|Drama,142201,31306.0
27772,0.2198086266836911,0.302436631314204,4.005363767609651,Ju-on: The Grudge (2002),Horror,364385,11838.0
6041,-0.23466515959639253,0.48014211712183363,2.789830384559146,Amen. (2002),Drama,280653,9045.0
2527,0.2343783937360467,1.904241877344813,3.4016536885114594,Westworld (1973),Action|Sci-Fi|Thriller|Western,70909,2362.0
4785,-0.012274956148938969,0.05460239114528025,3.053765227021041,"Great Silence, The (Grande silenzio, Il) (1969)",Drama|Western,63032,9028.0
668,-1.2588235289728933,0.9999999996513638,2.019747899159664,Song of the Little Road (Pather Panchali) (1955),Drama,48473,5801.0
185029,0.36688697916249136,0.5094187533895776,3.998778481651618,A Quiet Place (2018),Drama|Horror|Thriller,6644200,447332.0
6298,0.03732979923746328,0.12566572179706373,3.575627767433245,Malibu's Most Wanted (2003),Comedy|Crime,328099,13411.0
4789,0.025006494336454646,0.09979443573159218,3.5291514749751407,Phantom of the Paradise (1974),Comedy|Fantasy|Horror|Musical|Thriller,71994,27327.0
3544,-0.1257316494701492,0.3232042989320895,2.8895554102647925,Shakes the Clown (1992),Comedy,102898,26291.0
105,-0.5323784380558433,5.109436989675335,3.1743763011764488,"Bridges of Madison County, The (1995)",Drama|Romance,112579,688.0
370,2.40068499790285,12.481497320902253,3.470910932092574,Naked Gun 33 1/3: The Final Insult (1994),Action|Comedy,110622,36593.0
64614,-1.1335190034597042,4.208648981035758,3.0092405795109913,Gran Torino (2008),Crime|Drama,1205489,13223.0
913,-3.2559573172900036,9.014679821467398,2.9173875172431165,"Maltese Falcon, The (1941)",Film-Noir|Mystery,33870,963.0
2707,-0.10394401874057813,4.023742825851784,3.252738759029837,Arlington Road (1999),Thriller,137363,1073.0
37729,0.2062411391286936,2.5191003534593297,3.360442378589547,Corpse Bride (2005),Animation|Comedy|Fantasy|Musical|Romance,121164,3933.0
60684,0.28911272688867606,4.227641085585652,3.3469577274638342,Watchmen (2009),Action|Drama|Mystery|Sci-Fi|Thriller|IMAX,409459,13183.0
83349,0.6483359353705821,1.0710605459699674,3.8838928903786507,"Green Hornet, The (2011)",Action|Comedy|Crime|Fantasy|Thriller|IMAX,990407,40805.0
2518,0.40145102839174307,1.8399877216816862,3.4967527912301044,Night Shift (1982),Comedy,84412,14742.0
3203,-0.5016178497476886,2.411669399300922,3.070575320193931,Dead Calm (1989),Thriller,97162,10493.0
2430,-0.3744691463630231,0.5585577866890471,2.6081499336303997,Mighty Joe Young (1949),Adventure|Children|Drama,41650,39314.0
81591,-1.3904309067323721,3.475843869210774,2.878544569180853,Black Swan (2010),Drama|Thriller,947798,44214.0
115502,0.06223261449816596,0.2600853605913917,3.5178490809416316,"Rewrite, The (2014)",Comedy|Romance,2509850,289727.0
2151,0.8998670182371846,1.0558886708319093,4.1308080734898756,"Gods Must Be Crazy II, The (1989)",Comedy,97443,11937.0
85780,-0.7752909773632751,0.7737783476593859,2.2766165668097047,Family Guy Presents: It's a Trap (2010),Animation|Comedy|Sci-Fi,1701991,110639.0
96935,-0.6405005482601495,0.41944283691372614,1.7515444015444013,My Left Eye Sees Ghosts (Ngo joh aan gin diy gwai) (2002),Comedy|Fantasy|Romance,319901,45397.0
141830,0.5192718181364124,0.6763292492487918,4.046351054712357,Unbelievable Adventures of Italians in Russia (1974),Adventure|Comedy,70439,57778.0
2103,-0.03744589171966721,0.1297232677431329,2.9899116347569956,Tall Tale (1995),Adventure|Children|Fantasy|Western,111359,41841.0
2280,0.7571604738802138,0.9472491859896172,4.077896975723192,Clay Pigeons (1998),Crime,118863,26618.0
101962,0.029887061822916283,0.25688641233506565,3.394914918876138,Wolf Children (Okami kodomo no ame to yuki) (2012),Animation|Fantasy,2140203,110420.0
82852,0.09629742042008502,0.1375071706718193,3.978879783034722,Little Fockers (2010),Comedy,970866,39451.0
155064,0.6161445076370067,0.45313998518758414,4.638293650793651,The Neon Demon (2016),Drama|Horror|Mystery,1974419,301365.0
159415,0.12730058226522722,0.6281299334226303,3.481237430447149,Swiss Army Man (2016),Comedy|Drama|Romance,4034354,347031.0
4350,-0.27424131131797164,0.5347445082671138,2.765725934923117,Forgotten Silver (1996),Comedy|Documentary,116344,32458.0
4407,-0.4747362181573093,0.48014211712183363,2.289830384559146,Salvador (1986),Drama|Thriller|War,91886,6106.0
5804,0.1079032560716478,0.8377494838806873,3.4073727685278676,"Santa Clause 2, The (2002)",Children|Comedy|Fantasy|Romance,304669,9021.0
5570,-0.6710947121858906,0.7900806860321056,2.429171203948522,Thesis (Tesis) (1996),Drama|Horror|Thriller,117883,9299.0
34321,0.06400837725572034,0.14795202868920676,3.711200692413282,Bad News Bears (2005),Children|Comedy,408524,13341.0
298,0.7223697556946177,0.3461534025504529,5.365420063807161,Pushing Hands (Tui shou) (1992),Drama,105652,25296.0
133712,0.0998289812226863,0.6763292492487918,3.4261755449593676,Office Romance (1977),Comedy|Romance,76727,31139.0
1573,-1.5369012577658565,12.014670634544316,3.1506527111538247,Face/Off (1997),Action|Crime|Drama|Thriller,119094,754.0
2916,-4.911400619555673,13.070908877644458,2.902820922961541,Total Recall (1990),Action|Adventure|Sci-Fi|Thriller,100802,861.0
58,-2.4726351585793394,6.06629032086705,2.870968918999165,"Postman, The (Postino, Il) (1994)",Comedy|Drama|Romance,110877,11010.0
837,-1.2812102267909449,6.952670796282475,3.0942954482566414,Matilda (1996),Children|Comedy|Fantasy,117008,10830.0
5349,3.1319774208894473,14.400444214242446,3.496063151347024,Spider-Man (2002),Action|Adventure|Sci-Fi|Thriller,145487,557.0
1370,2.831342145380168,9.383807857433549,3.580297784054855,Die Hard 2 (1990),Action|Adventure|Thriller,99423,1573.0
4378,-0.6377152617053344,2.2884507919712185,2.9999046274574654,Sexy Beast (2000),Crime|Drama,203119,11826.0
52281,-0.23241815405162022,3.450022951543955,3.211204295854932,Grindhouse (2007),Action|Crime|Horror|Sci-Fi|Thriller,462322,253768.0
8983,-0.19988139778082736,1.510791070668242,3.1462689536220516,House of Flying Daggers (Shi mian mai fu) (2004),Action|Drama|Romance,385004,9550.0
40414,-0.0723967254333618,0.21831557470656374,2.9469564005063456,Joyeux Noël (Merry Christmas) (2005),Drama|War,424205,11661.0
61236,0.2199820534397106,0.3754075513100372,3.864553390500677,Waltz with Bashir (Vals im Bashir) (2008),Animation|Documentary|Drama|War,1185616,8885.0
3362,-1.6950433694936484,7.223531020810302,3.043915639787468,Dog Day Afternoon (1975),Crime|Drama,72890,968.0
6662,-0.1747042168537034,1.7981720553575895,3.1814148654198777,"Pink Panther, The (1963)",Comedy|Crime,57413,936.0
4541,-0.08120142999118088,0.18706088584355804,2.8444805194805194,"Serpent and the Rainbow, The (1988)",Horror,96071,11503.0
8623,0.06913384230713289,0.3573833470228142,3.4720159269876336,Roxanne (1987),Comedy|Romance,93886,11584.0
4611,0.007319011586820159,0.3607227139218554,3.298861283643892,Johnny Handsome (1989),Crime|Drama,97626,505.0
726,0.12841191087079404,0.18626084101555768,3.9679912237932715,Last Dance (1996),Drama,116827,46063.0
131104,-0.43077912980328636,0.41944283691372614,2.2515444015444013,The Brain (1969),Comedy|Crime,64146,33436.0
157296,0.9014178508257394,2.086223810054648,3.7106525152129075,Finding Dory (2016),Adventure|Animation|Comedy,2277860,127380.0
160567,0.7775623541001329,0.8754013738243067,4.166806673968918,Mike & Dave Need Wedding Dates (2016),Comedy,2823054,316023.0
163527,-0.2210577113464233,0.41944283691372614,2.7515444015444013,Comedy Central Roast of David Hasselhoff (2010),Comedy,1694505,296193.0
4316,0.42019752308813807,0.2216638309868618,5.1742236024844726,Ice Castles (1978),Drama,77716,50541.0
94953,-0.0032701308303186814,0.002818551722996489,2.1183547103051747,Wanderlust (2012),Comedy,1655460,50647.0
63276,-0.2901354627381616,0.45313998518758414,2.6382936507936505,Crows Zero (Kurôzu zero) (2007),Action,1016290,14943.0
188,1.0655761509372959,2.183245534955477,3.766641200787418,"Prophecy, The (1995)",Fantasy|Horror|Mystery,114194,11980.0
6986,-0.3686091690821534,0.3766224118882872,2.2998480243161095,Ben-Hur: A Tale of the Christ (1925),Adventure|Drama|Romance,16641,31510.0
2126,0.1371399386772431,1.616277205813969,3.363420697115173,Snake Eyes (1998),Action|Crime|Mystery|Thriller,120832,8688.0
3747,-0.23466515959639253,0.48014211712183363,2.789830384559146,Jesus' Son (1999),Drama,186253,25636.0
5666,0.7007283511179333,0.5799365528534258,4.486855934299138,"Rules of Attraction, The (2002)",Comedy|Drama|Romance|Thriller,292644,1809.0
6881,-0.23466515959639253,0.48014211712183363,2.789830384559146,Pieces of April (2003),Comedy|Drama,311648,1550.0
168218,-0.35835386154363585,0.45088654879668744,2.4837953091684435,Kizumonogatari III: Cold Blood (2017),Animation|Fantasy|Mystery,5084198,362585.0
117192,0.0835990974462371,0.19890819737208132,3.6988612836438923,Doctor Who: The Time of the Doctor (2013),Adventure|Drama,2986512,282848.0
8364,0.6886520732096767,0.5945371285355053,4.43687095295269,Baadasssss! (How to Get the Man's Foot Outta Your Ass) (2003),Drama,367790,28219.0
3672,-0.05888672989136056,0.139865895944791,2.857548637464404,Benji (1974),Adventure|Children,71206,23069.0
99910,0.057080634576156156,0.2905418188158605,3.475034143676591,"Last Stand, The (2013)",Action|Crime|Thriller,1549920,76640.0
2400,-0.004329583881187994,0.029660461004242435,3.132599864590386,Prancer (1989),Children|Drama|Fantasy,98115,24951.0
3849,-0.04270534916497246,0.30006126913283304,3.1362493311931514,The Spiral Staircase (1945),Horror|Mystery|Thriller,38975,27452.0
2347,-0.004329583881187994,0.029660461004242435,3.132599864590386,"Pope of Greenwich Village, The (1984)",Drama,87932,32081.0
1024,-0.1684020594832446,0.35300822987528485,2.8015228919332325,"Three Caballeros, The (1945)",Animation|Children|Musical,38166,15947.0
2058,1.4733588124506745,5.104966959382547,3.5671842294325096,"Negotiator, The (1998)",Action|Crime|Drama|Mystery|Thriller,120768,9631.0
11,2.5447509587126826,11.61734819971735,3.497618918150384,"American President, The (1995)",Comedy|Drama|Romance,112346,9087.0
204,-0.12509346495220752,5.7345654017093715,3.2567574886842108,Under Siege 2: Dark Territory (1995),Action,114781,3512.0
575,1.0240742806913719,3.500745322729144,3.5711017860477083,"Little Rascals, The (1994)",Children|Comedy,110366,10897.0
888,-0.24868793988102486,0.9085931929227414,3.004864843690409,Land Before Time III: The Time of the Great Giving (1995),Adventure|Animation|Children|Musical,113596,19004.0
8949,-0.39016947218772224,3.060106598211352,3.151069506770476,Sideways (2004),Comedy|Drama|Romance,375063,9675.0
3735,-0.5109529027470078,4.134100076676844,3.1549767179282036,Serpico (1973),Crime|Drama,70666,9040.0
3400,-0.2667340078837431,0.6793985780517078,2.8859682991261937,We're Back! A Dinosaur's Story (1993),Adventure|Animation|Children|Fantasy,108526,18890.0
3550,-0.4006960622627595,0.9010624090385696,2.8338785213506057,The Hunger (1983),Horror,85701,11654.0
5299,2.8711626987098384,4.9024594920496884,3.8642290364243843,My Big Fat Greek Wedding (2002),Comedy|Romance,259446,8346.0
45447,0.4731608234831355,2.790346897289807,3.448142037853989,"Da Vinci Code, The (2006)",Drama|Mystery|Thriller,382625,591.0
1859,-0.03714475043306316,0.2496952668000358,3.129811097992916,Taste of Cherry (Ta'm e guilass) (1997),Drama,120265,30020.0
421,0.47620832084801706,2.239008490365397,3.491258572410844,Black Beauty (1994),Adventure|Children|Drama,109279,14522.0
2121,-0.12553325665869144,0.19502884356239145,2.634906346188205,Cujo (1983),Horror|Thriller,85382,10489.0
781,-0.34240865515293356,0.6725251513107926,2.7694326186911464,Stealing Beauty (1996),Drama,117737,14553.0
6305,-0.28925181344165063,1.155055186100376,3.028148923289924,Fahrenheit 451 (1966),Drama|Sci-Fi,60390,1714.0
7312,-3.3603808702747786,0.9504107511888263,-0.2571428571428571,"Follow Me, Boys! (1966)",Comedy|Drama,60420,40454.0
108981,-0.09855614434461654,0.25688641233506565,2.894914918876138,Nymphomaniac: Volume II (2013),Drama|Mystery,2382009,249397.0
134041,0.029887061822916283,0.25688641233506565,3.394914918876138,Afonya (1975),Comedy|Drama|Romance,72613,20870.0
34530,0.003776248477172541,0.002818551722996489,4.618354710305175,Deuce Bigalow: European Gigolo (2005),Comedy,367652,11453.0
171867,-0.0032701308303186814,0.002818551722996489,2.1183547103051747,Rough Night (2017),Comedy|Drama,4799050,397422.0
176329,-0.001860854968820437,0.002818551722996489,2.6183547103051747,Ari Shaffir: Double Negative (2017),Comedy,6254796,466986.0
6324,-0.01279684924316297,0.007316370768142061,1.5295007966011687,It Runs in the Family (2003),Comedy|Drama,311110,31459.0
5244,-0.06687734729421922,0.05460239114528025,2.053765227021041,Shogun Assassin (1980),Action|Adventure,81506,15119.0
168366,-0.07161886994297252,0.17498994823504618,2.8692972350230415,Beauty and the Beast (2017),Fantasy|Romance,2771200,321612.0
101025,0.20235154398408642,0.2905418188158605,3.975034143676591,Jack the Giant Slayer (2013),Adventure|Fantasy|IMAX,1351685,81005.0
5272,0.3762163531441648,0.3461534025504529,4.365420063807161,Time Out (L'emploi du temps) (2001),Drama,279065,35651.0
110,-6.5146593002853255,45.69393651810401,3.1359997922296086,Braveheart (1995),Action|Drama|War,112573,197.0
1860,-0.7974034662249677,0.512616514001765,1.7230158730158731,Character (Karakter) (1997),Drama,119448,17139.0
150,0.06381455297517374,42.318448700022365,3.280079389163924,Apollo 13 (1995),Adventure|Drama|IMAX,112384,568.0
508,-0.5271914052640772,9.947441788687703,3.225573741682363,Philadelphia (1993),Drama,107818,9800.0
4131,-2.2608695643164016,0.9999999996014853,1.0177018633540373,Making Mr. Right (1987),Comedy|Romance|Sci-Fi,93477,32058.0
541,-7.2891796635193185,21.41592891744365,2.9382089025461315,Blade Runner (1982),Action|Sci-Fi|Thriller,83658,78.0
2953,1.4133149367282656,3.02487678428358,3.7458020093578783,Home Alone 2: Lost in New York (1992),Children|Comedy,104431,772.0
4728,1.2645352268055556,2.101134011767926,3.8804060663066755,Rat Race (2001),Comedy,250687,9896.0
69640,0.5646207799027995,0.8095745374066593,3.976000453095187,Public Enemies (2009),Crime|Drama|Thriller,1152836,11322.0
1129,-0.7748657765970884,4.809616175268554,3.1174638165791215,Escape from New York (1981),Action|Adventure|Sci-Fi|Thriller,82340,1103.0
3418,0.324716328448001,6.031309282273918,3.332409876120843,Thelma & Louise (1991),Adventure|Crime|Drama,103074,1541.0
103372,0.25264708780044054,0.43789386054943436,3.85553107692877,"Heat, The (2013)",Action|Comedy|Crime,2404463,136795.0
3178,0.09193752478014494,1.7775741934957119,3.330292209125372,"Hurricane, The (1999)",Drama,174856,10400.0
5955,0.01862705686604743,0.17949627918177435,3.382345484228504,Antwone Fisher (2002),Drama,168786,13435.0
27801,-0.40313253729065,0.6758420458719834,2.6820821456791197,Ong-Bak: The Thai Warrior (Ong Bak) (2003),Action|Thriller,368909,9316.0
413,-0.8716067144364614,5.561317156582209,3.121844759349758,Airheads (1994),Comedy,109068,13595.0
1033,-0.02696036423599777,1.5190996005035902,3.260823833728365,"Fox and the Hound, The (1981)",Animation|Children|Drama,82406,10948.0
8371,0.16180743674166342,2.537187176207773,3.3423457682255924,"Chronicles of Riddick, The (2004)",Action|Sci-Fi|Thriller,296572,2789.0
369,-0.05784893014476364,0.18626084101555768,2.9679912237932715,Mrs. Parker and the Vicious Circle (1994),Drama,110588,23333.0
32596,0.5293606923112335,0.9031424749942787,3.864703414352063,Sahara (2005),Action|Adventure|Comedy,318649,7364.0
26471,0.1583302679904491,0.25688641233506565,3.894914918876138,Eddie Murphy Delirious (1983),Comedy|Documentary,85474,15251.0
140265,-0.22699935051214937,0.25688641233506565,2.394914918876138,George Carlin: Jammin' in New York (1992),Comedy,246643,25161.0
141810,0.029887061822916283,0.25688641233506565,3.394914918876138,Autumn Marathon (1979),Comedy|Drama,79679,27924.0
121372,-0.0032701308303186814,0.002818551722996489,2.1183547103051747,Bill Burr: Let It Go (2010),Comedy,1717578,46967.0
4031,0.04447650727946501,0.08909955988769268,3.777749060150376,All the Pretty Horses (2000),Drama|Romance|Western,149624,21355.0
3223,0.12623794975719807,0.046890064398847256,5.97078248384781,"Zed & Two Noughts, A (1985)",Drama,90366,33078.0
1821,-0.056929801789803114,1.0616694196104939,3.2249485204060133,"Object of My Affection, The (1998)",Comedy|Romance,120772,17127.0
6186,0.025006494336454646,0.09979443573159218,3.5291514749751407,Gods and Generals (2003),Action|Drama|War,279111,16072.0
36509,0.02777825840763461,0.42426053919710227,3.3440459562289004,"Cave, The (2005)",Action|Adventure|Horror|Mystery|Sci-Fi|Thriller,402901,9042.0
260,-6.919753909858384,40.18237972193459,3.1063627650292576,Star Wars: Episode IV - A New Hope (1977),Action|Adventure|Sci-Fi,76759,11.0
2459,0.6113933697362091,2.289883242224695,3.545569045944365,"Texas Chainsaw Massacre, The (1974)",Horror,72271,30497.0
106,0.2278295617785623,0.512616514001765,3.723015873015873,Nobody Loves Me (Keiner liebt mich) (1994),Comedy|Drama,110251,11907.0
3358,-2.274822749930028,2.196809782519516,2.243059493022307,Defending Your Life (1991),Comedy|Drama|Fantasy|Romance,101698,12186.0
2001,2.526850556237476,7.182452253883082,3.630380318755331,Lethal Weapon 2 (1989),Action|Comedy|Crime|Drama,97733,942.0
157108,-0.11496096059210728,0.14970272948699834,2.510643141718839,Texas - Doc Snyder hält die Welt in Atem (1993),Comedy|Western,108317,1659.0
3238,2.1194355601639314,1.2808208741262437,4.933319257076159,Eye of the Beholder (1999),Thriller,120662,18681.0
56171,0.2141144665719784,0.7613690040564167,3.559794416940039,"Golden Compass, The (2007)",Adventure|Children|Fantasy,385752,2268.0
61986,0.0023912159617757362,0.11852113897497156,3.2987468671679196,Appaloosa (2008),Western,800308,12690.0
6242,-0.2462567131930335,0.8975058768588453,3.004192486279819,Ringu (Ring) (1998),Horror|Mystery|Thriller,178868,2671.0
3347,-2.2998594782848065,1.796318699720952,1.9982532541616889,Never Cry Wolf (1983),Adventure|Drama,86005,14280.0
53993,-0.24891811644411488,0.7333018169488219,2.9391230449852097,Evan Almighty (2007),Comedy|Fantasy,413099,2698.0
2917,-0.8599102919676869,1.7566111216586713,2.789043449746086,Body Heat (1981),Crime|Thriller,82089,14412.0
74154,-0.13806286458155573,0.06379369192979928,1.11436270502734,When in Rome (2010),Comedy|Romance,1185416,13477.0
111320,0.3574742908490592,0.16161378057761555,5.4904761904761905,Mom's Night Out (2014),Comedy,3014666,252680.0
2360,-0.35776213096263154,1.5748586462623468,3.0514004809999,"Celebration, The (Festen) (1998)",Drama,154420,309.0
133879,-0.2210577113464233,0.41944283691372614,2.7515444015444013,Carry On Don't Lose Your Head (1966),Comedy,60330,5061.0
98604,-0.09855614434461654,0.25688641233506565,2.894914918876138,From Up on Poppy Hill (Kokuriko-zaka kara) (2011),Animation|Drama|Romance,1798188,83389.0
172637,-0.22699935051214937,0.25688641233506565,2.394914918876138,Priklyucheniya Kapitana Vrungelya (1979),Action|Adventure|Animation|Comedy,219263,74535.0
71,1.0092819414842216,0.3813407839361039,5.925238095238095,Fair Game (1995),Action,113010,11859.0
69516,0.6161445076370067,0.45313998518758414,4.638293650793651,"Limits of Control, The (2009)",Crime|Drama|Film-Noir,1135092,8284.0
152083,-0.06356547014436952,0.45313998518758414,3.1382936507936505,Whiskey Tango Foxtrot (2016),Comedy|War,3553442,279641.0
567,1.3867446183234633,1.037451055452867,4.615255806147316,Kika (1993),Comedy|Drama,107315,8223.0
3873,-0.18911652939890855,0.48885438422287186,2.8917148604349974,Cat Ballou (1965),Comedy|Western,59017,11694.0
68,0.07934788535835083,0.046890064398847256,4.9707824838478105,French Twist (Gazon maudit) (1995),Comedy|Romance,113149,4482.0
26078,-0.2630670644210965,0.48966938723926845,2.7413373860182366,Advise and Consent (1962),Drama,55728,17185.0
7369,0.5222452579978951,0.302436631314204,5.005363767609651,Scooby-Doo 2: Monsters Unleashed (2004),Action|Adventure|Children|Comedy|Mystery,331632,11024.0
1730,-0.23466515959639253,0.48014211712183363,2.789830384559146,Kundun (1997),Drama,119485,9746.0
2474,0.007635644977024937,0.8902928755069272,3.2871479826325594,"Color of Money, The (1986)",Drama,90863,11873.0
4152,-0.23466515959639253,0.48014211712183363,2.789830384559146,Vatel (2000),Drama,190861,7093.0
40697,-0.015855001239803566,0.19890819737208132,3.1988612836438923,Babylon 5,Sci-Fi,105946,
166203,-0.015855001239803566,0.19890819737208132,3.1988612836438923,Sapphire Blue (2014),Adventure|Children|Fantasy|Sci-Fi,3260022,279229.0
6785,-0.06369773485201168,0.11496664339143572,2.7245173745173745,Seven Brides for Seven Brothers (1954),Comedy|Musical|Romance|Western,47472,16563.0
2028,-8.13530164173678,29.018181765229905,2.998219554441098,Saving Private Ryan (1998),Action|Drama|War,120815,857.0
2353,2.6444036706397767,9.096084304668016,3.5692903337692066,Enemy of the State (1998),Action|Thriller,120660,9798.0
4021,-1.1504872105753225,1.114038810076301,2.245854076025582,Before Night Falls (2000),Drama,247196,5001.0
7445,-0.23498396226128568,2.6478840714985186,3.1898273763711744,Man on Fire (2004),Action|Crime|Drama|Mystery|Thriller,328107,9509.0
3409,2.0763864383006805,4.661394657247213,3.724014604053783,Final Destination (2000),Drama|Thriller,195714,9532.0
44191,-0.7540591167881115,11.132718877138027,3.210837829518942,V for Vendetta (2006),Action|Sci-Fi|Thriller|IMAX,434409,752.0
49651,0.36753000347854575,1.0120914681975404,3.641710546948831,Rocky Balboa (2006),Action|Drama,479143,1246.0
86190,0.8296239857137511,1.2489531440507577,3.9428269209936766,Hanna (2011),Action|Adventure|Mystery|Thriller,993842,50456.0
114066,-0.04010959584860812,0.14970272948699834,3.010643141718839,"20,000 Days on Earth (2014)",Documentary|Drama|Musical,2920540,246400.0
114180,1.0184472481826725,1.8839787241984216,3.8191546289554945,"Maze Runner, The (2014)",Action|Mystery|Sci-Fi,1790864,198663.0
122896,-0.40833744846088726,1.6801528514208974,3.0355355356670666,Pirates of the Caribbean: Dead Men Tell No Tales (2017),(no genres listed),1790809,166426.0
26695,-0.05686935352571004,0.11852113897497156,2.7987468671679196,"Krays, The (1990)",Drama,99951,21344.0
132424,-0.09154321177326102,0.165368382558149,2.725,The Longest Ride (2015),Drama|Romance,2726560,228205.0
7063,-0.1512765905664346,0.9859273249126701,3.1251355852349696,"Aguirre: The Wrath of God (Aguirre, der Zorn Gottes) (1972)",Adventure|Drama,68182,2000.0
142448,0.16635735925943604,0.21310240235712877,4.059216589861752,Everest (2015),Adventure|Drama|Thriller,2719848,253412.0
2379,0.8056333246582776,1.20711787041598,3.945973796146893,Police Academy 2: Their First Assignment (1985),Comedy|Crime,89822,10157.0
158966,-0.06716387494932502,0.7224304139078306,3.1856020938696727,Captain Fantastic (2016),Drama,3553976,334533.0
6022,1.9804518900063215,0.8401751781191708,5.635760669081714,American Me (1992),Drama,103671,13199.0
6636,0.007319011586820159,0.3607227139218554,3.298861283643892,"Sure Thing, The (1985)",Comedy|Romance,90103,8992.0
4372,-0.5000127784516728,0.5404276044041182,2.3533544811451534,Crazy/Beautiful (2001),Drama|Romance,250224,10691.0
69394,0.07721098111107448,0.060975140206802794,4.544841269841269,"Stoning of Soraya M., The (2008)",Crime|Drama,1277737,33409.0
7381,-0.09103402175700234,0.6232841921540894,3.1325160289592775,"Whole Ten Yards, The (2004)",Action|Comedy|Crime,327247,2122.0
74342,-0.43077912980328636,0.41944283691372614,2.2515444015444013,"Captain Newman, M.D. (1963)",Comedy|Drama|War,56903,33728.0
1241,-1.7628854444596147,1.0771140457092496,1.6418966015350736,Dead Alive (Braindead) (1992),Comedy|Fantasy|Horror,103873,763.0
2931,-0.8581448619027783,0.7782932229500121,2.1759730291531483,Time of the Gypsies (Dom za vesanje) (1989),Comedy|Crime|Drama|Fantasy,97223,20123.0
65585,-0.00011544295295974573,0.013659918409507636,3.270120210233302,Bride Wars (2009),Comedy|Romance,901476,10521.0
142422,-0.009754966398532045,0.7465003557264411,3.265503830781687,The Night Before (2015),Comedy,3530002,296100.0
100882,-0.2901354627381616,0.45313998518758414,2.6382936507936505,Journey to the West: Conquering the Demons (Daai wa sai you chi Chui mo chun kei) (2013),Adventure|Comedy|Fantasy|Romance|IMAX,2017561,170657.0
70159,0.006681335925994601,0.007630988852936347,4.154124525916561,Orphan (2009),Drama|Horror|Mystery|Thriller,1148204,21208.0
6679,-0.23466515959639253,0.48014211712183363,2.789830384559146,Revolution OS (2001),Documentary,308808,19433.0
5607,-0.42194620510555386,0.27967615900368126,1.7698757763975155,"Son of the Bride (Hijo de la novia, El) (2001)",Comedy|Drama,292542,19460.0
49220,0.12480093006804682,0.09979443573159218,4.529151474975141,For Your Consideration (2006),Comedy,470765,14799.0
49793,-0.024890723529341442,0.09979443573159218,3.0291514749751407,We Are Marshall (2006),Drama,758794,11170.0
1080,-3.267784947547754,13.353166539856625,3.0338515759586384,Monty Python's Life of Brian (1979),Comedy,79470,583.0
1224,-0.5118909268701919,3.4993963892543967,3.132291650595416,Henry V (1989),Action|Drama|Romance|War,97499,10705.0
910,-0.5692511777631525,7.364593087606518,3.2012757557499234,Some Like It Hot (1959),Comedy|Crime,53291,239.0
45517,1.362573793648098,3.860583585928206,3.6315164596321905,Cars (2006),Animation|Children|Comedy,317219,920.0
5782,0.3204508835259566,2.9158031618118447,3.388472840204041,"Professional, The (Le professionnel) (1981)",Action|Drama|Thriller,82949,1672.0
118900,-0.5258266375214325,0.4192540023742429,2.0243755603300597,Wild (2014),Drama,2305051,228970.0
1972,2.263163269984377,1.348562306351694,4.9567758832895645,"Nightmare on Elm Street 5: The Dream Child, A (1989)",Horror,97981,10160.0
2263,0.3314631401767838,0.8664594638952658,3.661120357850421,"Seventh Sign, The (1988)",Drama|Fantasy|Thriller,96073,11082.0
147,-0.1040698570201681,0.7533852979841595,3.1404351292586745,"Basketball Diaries, The (1995)",Drama,112461,10474.0
36527,0.023068126417042388,0.24797603571080618,3.371597056434698,Proof (2005),Drama,377107,9777.0
51080,-0.04482479391097048,0.7208903007858269,3.216391657443827,Breach (2007),Drama|Thriller,401997,4169.0
5021,-0.046745043097692736,0.21310240235712877,3.059216589861751,Murder by Death (1976),Comedy|Crime|Mystery|Thriller,74937,6037.0
1797,0.7037730209399702,1.2359497298414799,3.847990235783138,Everest (1998),Documentary|IMAX,120661,21736.0
104069,-0.14756679958578645,0.38970528803863613,2.8999088748029602,Louis C.K.: Oh My God (2013),Comedy,2510998,185574.0
5026,-0.02084239852117789,1.3018257197346306,3.2625612989471446,"Brotherhood of the Wolf (Pacte des loups, Le) (2001)",Action|Mystery|Thriller,237534,6312.0
3604,1.2469922178516182,0.41944283691372614,6.251544401544401,Gypsy (1962),Musical,56048,39391.0
108078,-0.6405005482601495,0.41944283691372614,1.7515444015444013,Chinese Puzzle (Casse-tête chinois) (2013),Comedy|Romance,1937118,206408.0
149508,-0.6405005482601495,0.41944283691372614,1.7515444015444013,Spellbound (2011),Comedy|Romance,2132405,92499.0
85316,0.1583302679904491,0.25688641233506565,3.894914918876138,Winnie the Pooh and Tigger Too (1974),Animation|Children,72410,72185.0
93443,-0.09146040566209278,0.293360370538857,2.9668033274673347,Goon (2011),Comedy|Drama,1456635,74387.0
5379,-0.7895952181133638,0.5799365528534258,1.9170514239633945,"Believer, The (2001)",Drama,247199,4012.0
2024,0.36197040232899924,0.44204264284420214,4.097429989365473,"Rapture, The (1991)",Drama|Mystery,102757,1411.0
6862,-0.024890723529341442,0.09979443573159218,3.0291514749751407,Out of Time (2003),Crime|Drama|Thriller,313443,2116.0
41769,0.07490371220225073,0.09979443573159218,4.029151474975141,Mozart and the Whale (2005),Comedy|Drama|Romance,392465,23478.0
50147,0.3643456064147985,0.29480564246126767,4.514455529611547,Black Christmas (2006),Action|Horror|Thriller,454082,9656.0
2478,1.9752118431124472,4.992438342939604,3.6742121370652705,¡Three Amigos! (1986),Comedy|Western,92086,8388.0
317,3.1140138374213473,16.210748985037057,3.4706670461333107,"Santa Clause, The (1994)",Comedy|Drama|Fantasy,111070,11395.0
546,2.6064990315551535,5.36045737880365,3.7648170690762455,Super Mario Bros. (1993),Action|Adventure|Children|Comedy|Fantasy|Sci-Fi,108255,9607.0
5902,2.858598200120513,7.00214540883226,3.686817477920072,Adaptation (2002),Comedy|Drama|Romance,268126,2757.0
1680,0.8551456750460027,3.5091698343444677,3.5222603109608293,Sliding Doors (1998),Drama|Romance,120148,10215.0
1228,-2.0383176447333176,5.434125995634597,2.9034756640693242,Raging Bull (1980),Drama,81398,1578.0
57669,-0.5981940711493274,4.338260629770852,3.1406834310075467,In Bruges (2008),Comedy|Crime|Drama|Thriller,780536,8321.0
85259,0.1922752947938618,0.2600853605913917,4.017849080941632,Winnie the Pooh and the Honey Tree (1966),Animation|Children,61199,36540.0
53953,-0.7806287417235934,2.0856028743437647,2.9042773808758824,1408 (2007),Drama|Horror|Thriller,450385,3021.0
805,0.23092589431759308,5.46181237513428,3.3208515140919266,"Time to Kill, A (1996)",Drama|Thriller,117913,1645.0
1672,0.5531064376143984,1.7190496503969752,3.600322715677459,"Rainmaker, The (1997)",Drama,119978,11975.0
139644,-0.046745043097692736,0.21310240235712877,3.059216589861751,Sicario (2015),Crime|Drama|Mystery,3397884,273481.0
198,0.1583347566321528,6.166135730689612,3.3042495458798267,Strange Days (1995),Action|Crime|Drama|Mystery|Sci-Fi|Thriller,114558,281.0
8968,0.13270504555093054,0.16076957593839497,4.10400773874607,After the Sunset (2004),Action|Adventure|Comedy|Crime|Thriller,367479,10589.0
58078,-0.014251729199129703,0.060975140206802794,3.0448412698412697,"Air I Breathe, The (2007)",Crime|Drama|Romance|Thriller,485851,13641.0
48414,0.11072403610144786,0.191274241581858,3.85744726248272,Open Season (2006),Adventure|Animation|Children|Comedy|IMAX,400717,7484.0
6750,-0.03391452870408123,0.08900113313094145,2.8975141598489613,Anything Else (2003),Comedy|Drama|Romance,313792,10739.0
14,-0.7858654056885392,1.2992879796052463,2.673728300624302,Nixon (1995),Drama,113987,10858.0
86059,-0.2210577113464233,0.41944283691372614,2.7515444015444013,Hop (2011),Animation|Children|Comedy,1411704,50359.0
170993,-0.2210577113464233,0.41944283691372614,2.7515444015444013,Mini's First Time (2006),Comedy|Crime|Drama,425253,15314.0
182293,-0.2210577113464233,0.41944283691372614,2.7515444015444013,Hare-um Scare-um (1939),Animation|Children|Comedy,31405,152047.0
132046,0.19708011105144074,0.28803013345533185,3.9628057782458326,Tomorrowland (2015),Action|Adventure|Children|Mystery|Sci-Fi,1964418,158852.0
7371,-1.0947204727587267,2.825034291170273,2.8910644605391083,Dogville (2003),Drama|Mystery|Thriller,276919,553.0
141836,-0.09855614434461654,0.25688641233506565,2.894914918876138,It Can't Be! (1975),Comedy,73442,42275.0
89190,0.3895745150432146,0.45313998518758414,4.138293650793651,Conan the Barbarian (2011),Action|Adventure|Fantasy,816462,37430.0
159717,0.16300452244942254,0.45313998518758414,3.6382936507936505,The Fundamentals of Caring (2016),Drama,2452386,318121.0
37830,-0.14194027801191877,0.23754476096858954,2.6810407676839527,Final Fantasy VII: Advent Children (2004),Action|Adventure|Animation|Fantasy|Sci-Fi,385700,647.0
2946,-0.23461828006123892,0.9226456263633035,3.0242828118399867,Help! (1965),Comedy|Musical,59260,14831.0
2084,0.0018358922931211523,0.007316370768142061,3.5295007966011687,Newsies (1992),Children|Musical,104990,15300.0
600,-0.23466515959639253,0.48014211712183363,2.789830384559146,Love and a .45 (1994),Action|Comedy|Crime,110395,15477.0
3078,-0.23466515959639253,0.48014211712183363,2.789830384559146,Liberty Heights (1999),Drama,165859,27141.0
5486,0.48554801608635795,0.48014211712183363,4.289830384559146,Who Is Cletis Tout? (2001),Comedy,246500,33152.0
1430,-0.046078975369237885,0.09935779063991923,2.8148033126293996,Underworld (1996),Comedy|Thriller,120414,85242.0
27768,-0.03559496352361428,0.09540026660984881,2.905459646094087,Intimate Strangers (Confidences trop intimes) (2004),Drama,363532,21200.0
78103,-0.0753963492784328,0.09424543659804102,2.4785714285714286,Shake Hands with the Devil (2007),Drama|War,472562,30527.0
59727,0.3643456064147985,0.29480564246126767,4.514455529611547,"Strangers, The (2008)",Horror|Thriller,482606,10665.0
3928,0.010500646620933224,0.029660461004242435,3.632599864590386,Abbott and Costello Meet Frankenstein (1948),Comedy|Horror,40068,3073.0
349,4.913117393543823,24.568090719755254,3.4785510464256224,Clear and Present Danger (1994),Action|Crime|Drama|Thriller,109444,9331.0
344,0.12979201381863825,33.891362183803935,3.282401077350806,Ace Ventura: Pet Detective (1994),Comedy,109040,3049.0
3623,7.463447219186577,9.015514918941989,4.1064162368036845,Mission: Impossible II (2000),Action|Adventure|Thriller,120755,955.0
1693,0.9618153832577384,1.8861658682620557,3.7885029247573767,Amistad (1997),Drama|Mystery,118607,11831.0
81788,-0.1897489019872448,0.2494971652185905,2.5180461463663133,"Next Three Days, The (2010)",Crime|Drama|Romance|Thriller,1458175,43539.0
1285,-3.1322249609140984,8.717955149166984,2.9192870657454293,Heathers (1989),Comedy,97493,2640.0
1658,-0.16092936136840796,1.5834411980469272,3.176938755651901,"Life Less Ordinary, A (1997)",Romance|Thriller,119535,8067.0
55820,0.6023219266920292,7.564790045835139,3.3581931924330233,No Country for Old Men (2007),Crime|Drama,477348,6977.0
52241,0.12091235493674729,0.11852113897497156,4.298746867167919,"Lookout, The (2007)",Crime|Drama|Thriller,427470,8270.0
424,-2.504030261564725,1.1706876637645764,1.1396317787654988,Blue Chips (1994),Drama,109305,19819.0
1184,0.24492339540449415,1.1286984203478765,3.4955677413057074,Mediterraneo (1991),Comedy|Drama,102426,38251.0
7235,-0.20306278520031715,0.3236833678447544,2.6512213532419153,Ichi the Killer (Koroshiya 1) (2001),Action|Comedy|Crime|Drama|Horror|Thriller,296042,9696.0
6238,0.5589999381787844,0.7483181939139723,4.025579777058874,Green Card (1990),Comedy|Drama|Romance,99699,12157.0
27721,0.42659849673364586,1.0563851281891323,3.6823999995632652,"Very Long Engagement, A (Un long dimanche de fiançailles) (2004)",Drama|Mystery|Romance|War,344510,2841.0
4800,0.19853369210127625,0.2216638309868618,4.1742236024844726,King Solomon's Mines (1937),Action|Adventure|Drama|Romance|Thriller,29081,43860.0
5011,-0.0009026860907035044,0.959594581319149,3.277630733294197,Charlotte Gray (2001),Drama|Romance,245046,12660.0
7439,-0.11771430845867185,0.687523803640044,3.1073565443224145,"Punisher, The (2004)",Action|Crime|Thriller,330793,7220.0
70565,-0.2064261961758915,0.23730160640341147,2.408681842468214,"Goods: Live Hard, Sell Hard, The (2009)",Comedy,1092633,19905.0
31610,0.012105169781310125,0.09540026660984881,3.405459646094087,Purple Butterfly (Zi hudie) (2003),Drama,363290,34561.0
342,0.41297963047260755,4.800659440457356,3.364597033094057,Muriel's Wedding (1994),Comedy,110598,236.0
454,3.42166720256517,20.729458794957107,3.443634454886306,"Firm, The (1993)",Drama|Thriller,106918,37233.0
2411,1.9091826431458137,1.7649756956627973,4.360276206624399,Rocky IV (1985),Action|Drama,89927,1374.0
3785,1.1245196047889496,6.2183425172552464,3.459410551162139,Scary Movie (2000),Comedy|Horror,175142,4247.0
5944,0.8356658473394714,0.8975312645599874,4.209643002717823,Star Trek: Nemesis (2002),Action|Drama|Sci-Fi|Thriller,253754,201.0
97752,-0.04529132864728257,1.947186910203004,3.2553115512530457,Cloud Atlas (2012),Drama|Sci-Fi|IMAX,1371111,83542.0
379,1.4511413000819195,2.9398743811251493,3.7721779953685237,Timecop (1994),Action|Sci-Fi|Thriller,111438,8831.0
832,-0.13912316494431382,4.284984430494905,3.2461038275332035,Ransom (1996),Crime|Thriller,117438,3595.0
965,-0.5232062360930739,3.8323978599715356,3.1420495289122528,"39 Steps, The (1935)",Drama|Mystery|Thriller,26029,260.0
3770,0.37867452528253426,0.7090590390559502,3.812623608184999,Dreamscape (1984),Horror|Sci-Fi|Thriller,87175,24099.0
1018,1.0522279290151126,1.419232816768776,4.019977571793766,That Darn Cat! (1965),Children|Comedy|Mystery,59793,20723.0
68791,1.3334112124078907,2.975485817300938,3.7267036981506623,Terminator Salvation (2009),Action|Adventure|Sci-Fi|Thriller,438488,534.0
103228,-0.08971381652905265,1.3154363458906275,3.21037062447375,Pacific Rim (2013),Action|Adventure|Sci-Fi|IMAX,1663662,68726.0
8370,-0.2279005565912348,1.038112569176392,3.0590378602879382,"Blind Swordsman: Zatoichi, The (Zatôichi) (2003)",Action|Comedy|Crime|Drama,363226,246.0
61024,-0.6142042777210539,2.068004689488274,2.9815680993028484,Pineapple Express (2008),Action|Comedy|Crime,910936,10189.0
1678,-0.9831194994713343,1.934388833959072,2.7703388115234873,"Joy Luck Club, The (1993)",Drama|Romance,107282,19931.0
3100,-0.891204187055577,1.6693977775348117,2.7447237147140324,"River Runs Through It, A (1992)",Drama,105265,293.0
3360,0.299137744031335,2.3830717849036627,3.4040975440356456,Hoosiers (a.k.a. Best Shot) (1986),Drama|Romance,91217,5693.0
4980,-1.481303497994265,3.6671932067308255,2.874637571125506,Bill & Ted's Bogus Journey (1991),Adventure|Comedy|Fantasy|Sci-Fi,101452,1649.0
1753,1.237083705149995,2.8937961149115847,3.70606654433835,Half Baked (1998),Comedy,120693,9490.0
6666,-0.6962236948835828,1.324687911644002,2.7529957901408375,"Discreet Charm of the Bourgeoisie, The (Charme discret de la bourgeoisie, Le) (1972)",Comedy|Drama|Fantasy,68361,4593.0
5712,0.00814469672893299,0.31881471495311536,3.304118231610713,Blow Out (1981),Mystery|Thriller,82085,11644.0
2476,0.41337013898959757,2.1402217814795645,3.4717150282519387,Heartbreak Ridge (1986),Action|War,91187,10015.0
3643,-0.30381121143921375,0.5003949364881167,2.6714285714285713,"Fighting Seabees, The (1944)",Action|Drama|War,36824,22994.0
27808,0.03975939378768524,0.2524475315953196,3.4360671011827995,Spanglish (2004),Comedy|Drama|Romance,371246,2539.0
118696,-0.010135879217130564,1.5494993353074404,3.2720300387262244,The Hobbit: The Battle of the Five Armies (2014),Adventure|Fantasy,2310332,122917.0
6338,1.4552314411100067,1.008375187146277,4.721716261625425,Daddy Day Care (2003),Children|Comedy,317303,10708.0
971,0.05863429452071292,1.4161378589673628,3.319975797608966,Cat on a Hot Tin Roof (1958),Drama,51459,261.0
128087,-0.6405005482601495,0.41944283691372614,1.7515444015444013,Trinity and Sartana Are Coming (1972),Comedy|Western,69409,102959.0
27317,-0.32265682714955035,0.5164694734481294,2.6538359045231603,Audition (Ôdishon) (1999),Drama|Horror|Mystery|Romance|Thriller,235198,11075.0
1958,0.28602399584300575,2.1677977138889073,3.410513626872715,Terms of Endearment (1983),Comedy|Drama,86425,11050.0
7050,0.19095821267010885,0.3875954799921168,3.771245421245421,Follow the Fleet (1936),Comedy|Musical|Romance,27630,28292.0
126090,-0.09855614434461654,0.25688641233506565,2.894914918876138,Hedgehog in the Fog (1975),Animation,73099,36129.0
148956,0.3863043842128959,0.45595853691058064,4.125807203188924,How to Be Single (2016),Comedy|Romance,1292566,259694.0
165645,0.008004076061667274,0.002818551722996489,6.118354710305175,Bad Santa 2 (2016),Comedy,1798603,338964.0
373,0.6430984550126099,2.0608948607854902,3.590619591361984,Red Rock West (1992),Thriller,105226,10427.0
4056,0.20085390491721344,0.5692416770095263,3.6314161218349055,"Pledge, The (2001)",Crime|Drama|Mystery|Thriller,237572,5955.0
1264,-0.6621982633737017,1.1313566902362733,2.69325799993434,Diva (1981),Action|Drama|Mystery|Romance|Thriller,82269,4485.0
6192,-0.7148072767182262,0.48014211712183363,1.7898303845591461,Open Hearts (Elsker dig for evigt) (2002),Romance,315543,102.0
4813,0.18928565429967256,0.20566614361406738,4.198925410872313,When Worlds Collide (1951),Sci-Fi,44207,16380.0
27790,0.025006494336454646,0.09979443573159218,3.5291514749751407,Millions (2004),Children|Comedy|Crime|Drama|Fantasy,366777,13373.0
33815,0.025006494336454646,0.09979443573159218,3.5291514749751407,"Perfect Man, The (2005)",Comedy|Drama|Romance,380623,15648.0
123,0.22057460824524647,0.29506373824282167,4.026120448179271,Chungking Express (Chung Hing sam lam) (1994),Drama|Mystery|Romance,109424,11104.0
1992,0.06953996395353083,0.29480564246126767,3.5144555296115474,Child's Play 2 (1990),Horror|Thriller,99253,11186.0
1086,-2.286779708146,5.958537347658016,2.8947893735600907,Dial M for Murder (1954),Crime|Mystery|Thriller,46912,521.0
158,3.8329815062402774,12.631603501677198,3.5820152079563137,Casper (1995),Adventure|Children,112642,8839.0
270,-0.25292583800529433,0.958777312932279,3.0147710292568495,Love Affair (1994),Drama|Romance,110391,43742.0
3535,-2.020600767476918,5.353238453623646,2.9011175219349403,American Psycho (2000),Crime|Horror|Mystery|Thriller,144084,1359.0
27831,1.749016289316521,3.167604128648505,3.8307289009961027,Layer Cake (2004),Crime|Drama|Thriller,375912,4836.0
2065,0.48129052480347284,1.2755324126148107,3.6558966302233715,"Purple Rose of Cairo, The (1985)",Comedy|Drama|Fantasy|Romance,89853,10849.0
2416,0.7848234289121727,2.892408449769361,3.5499105020604285,Back to School (1986),Comedy,90685,15596.0
2709,0.22811828994784256,2.4094975759880373,3.3732460579303316,Muppets From Space (1999),Children|Comedy,158811,10208.0
3822,-0.6561401351237622,0.7488321287256923,2.4023535020778986,"Girl on the Bridge, The (Fille sur le pont, La) (1999)",Drama|Romance,144201,10401.0
3250,-0.6337138067256287,0.8297068936522989,2.5147910965362508,Alive (1993),Drama,106246,7305.0
47629,1.0025596767294525,2.1082257899092225,3.7541180619197574,The Queen (2006),Drama,436697,1165.0
56145,1.6541991519596801,1.1962106802312382,4.661437489957796,"Mist, The (2007)",Horror|Sci-Fi,884328,5876.0
61167,-0.11612992301319583,0.11852113897497156,2.2987468671679196,Henry Poole is Here (2008),Drama|Mystery,1029120,13107.0
199,0.6755085857354166,0.8807263839335178,4.0455617198335645,"Umbrellas of Cherbourg, The (Parapluies de Cherbourg, Les) (1964)",Drama|Musical|Romance,58450,5967.0
53894,-0.07542974884529131,0.8854652214367309,3.1933848543060934,Sicko (2007),Documentary|Drama,386032,2359.0
26326,-0.2598474454548215,0.21310240235712877,2.059216589861751,"Holy Mountain, The (Montaña sagrada, La) (1973)",Drama,71615,8327.0
55112,0.04672341100767309,0.060975140206802794,4.044841269841269,Shanghai Kiss (2007),Comedy|Drama|Romance,469184,15361.0
5414,0.4194322108416587,0.3838067755922091,4.371392706138715,Bad Company (2002),Action|Comedy|Crime,280486,3132.0
48520,0.8579163870328278,0.8168614668295824,4.328830771030791,Employee of the Month (2006),Comedy,424993,9794.0
171751,0.4081065440241659,0.41944283691372614,4.251544401544401,Munna bhai M.B.B.S. (2003),Comedy,374887,19625.0
7308,0.19853369210127625,0.2216638309868618,4.1742236024844726,King Solomon's Mines (1985),Adventure|Comedy,89421,9838.0
1684,-0.5231330495962595,0.558351491718543,2.341647183977553,Mrs. Dalloway (1997),Drama|Romance,119723,38904.0
40148,0.8427145002307987,0.45313998518758414,5.138293650793651,Revolver (2005),Crime|Drama|Thriller,365686,10851.0
5159,0.023778945768359344,0.211673474903118,3.390909291306676,Ferngully: The Last Rainforest (1992),Animation|Children|Comedy|Musical,104254,13225.0
242,0.34587787535451997,1.043464938918738,3.6100419576271783,Farinelli: il castrato (1994),Drama|Musical,109771,10954.0
7243,-0.0009496529269417458,0.007630988852936347,3.1541245259165613,Intolerance: Love's Struggle Throughout the Ages (1916),Drama,6864,3059.0
4640,0.1785996102312219,0.5347445082671138,3.6125619744678032,Brother (2000),Action|Crime|Thriller,222851,327.0
6971,-0.23466515959639253,0.48014211712183363,2.789830384559146,Europa (Zentropa) (1991),Drama|Thriller,101829,9065.0
164917,-0.35835386154363585,0.45088654879668744,2.4837953091684435,13th (2016),Documentary,5895028,407806.0
7844,-0.012274956148938969,0.05460239114528025,3.053765227021041,"Legend, The (Legend of Fong Sai-Yuk, The) (Fong Sai Yuk) (1993)",Action|Comedy,106936,17653.0
147384,-0.40769449723547235,0.8497126994179822,2.7987686699275645,Doctor Who: The Runaway Bride (2007),Sci-Fi,827573,282758.0
71823,-0.02360493444803725,0.10300481356516697,3.0494080173576084,"New York, I Love You (2009)",Drama|Romance,808399,12572.0
8142,-0.077862857277103,0.29480564246126767,3.0144555296115474,Dead or Alive: Hanzaisha (1999),Action|Crime,221111,11315.0
1983,-0.03399004488543043,0.029660461004242435,2.132599864590386,Halloween II (1981),Horror,82495,11281.0
2617,2.0211509900139215,10.524017002248408,3.470622713701632,"Mummy, The (1999)",Action|Adventure|Comedy|Fantasy|Horror|Thriller,120616,564.0
902,0.5756455649024873,3.6909905276365045,3.434531071543229,Breakfast at Tiffany's (1961),Drama|Romance,54698,164.0
135,1.4670694917439122,7.046863621438562,3.486759009679238,Down Periscope (1996),Comedy,116130,9101.0
248,3.4547531761660077,6.431668808232218,3.8157186728051635,Houseguest (1994),Comedy,110066,17207.0
30812,-0.7019587865866919,2.2203734007402147,2.9624269519925446,"Aviator, The (2004)",Drama,338751,2567.0
1095,0.6835308126708707,3.704197873694964,3.463100127085324,Glengarry Glen Ross (1992),Drama,104348,9504.0
134853,1.763741514607715,5.294787429934664,3.611680460415881,Inside Out (2015),Adventure|Animation|Children|Comedy|Drama|Fantasy,2096673,150540.0
80463,-0.005824381800232217,5.948827197109843,3.2775923478875817,"Social Network, The (2010)",Drama,1285016,37799.0
86628,-0.010222534025691836,0.40658914182206396,3.253429256845245,Kill the Irishman (2011),Action|Crime,1416801,51209.0
3146,1.4921962257668904,3.32155881780134,3.7278171916660674,Deuce Bigalow: Male Gigolo (1999),Comedy,205000,10402.0
3355,-0.04686909074523038,2.4164913476312,3.259175914992961,"Ninth Gate, The (1999)",Fantasy|Horror|Mystery|Thriller,142688,622.0
3948,0.9453346835794392,7.815436206086632,3.399528808127955,Meet the Parents (2000),Comedy,212338,1597.0
5293,0.45045992807138113,0.9340302424086758,3.7608469562992415,Changing Lanes (2002),Drama|Thriller,264472,1537.0
81229,0.0874117837038949,2.9517292528020582,3.308185182482264,Red (2010),Action|Comedy,1245526,39514.0
106916,-0.3370744821339522,0.8200336606414632,2.8675218603497057,American Hustle (2013),Crime|Drama,1800241,168672.0
34437,0.7011180004443428,1.493458832344594,3.748030636458432,Broken Flowers (2005),Comedy|Drama,412019,308.0
2890,-3.4518675818749633,8.7613736130127,2.8845843970461287,Three Kings (1999),Action|Adventure|Comedy|Drama|War,120188,6415.0
3142,2.348381359730135,1.307164994980257,5.0751169058052366,U2: Rattle and Hum (1988),Documentary|Musical,96328,18161.0
3946,0.9195952435297753,1.3933499222208656,3.9385601570769206,Get Carter (2000),Action|Drama|Thriller,208988,10461.0
2731,0.7676036585456292,1.706398257639041,3.728409943765226,"400 Blows, The (Les quatre cents coups) (1959)",Crime|Drama,53198,147.0
151759,0.05980615808087165,0.21310240235712877,3.559216589861751,Requiem for the American Dream (2015),Documentary,3270538,333377.0
522,-0.1258843142482507,1.3959541359479544,3.1883934556663474,Romper Stomper (1992),Action|Drama,105275,10412.0
7256,-0.3324899243264057,0.8134016649213425,2.86980668334736,Touching the Void (2003),Adventure|Documentary,379557,11194.0
112450,0.2766674005602514,0.16161378057761555,4.9904761904761905,They Came Together (2014),Comedy|Romance,2398249,180296.0
1606,0.14532187193939794,0.3696304178994647,3.6717259550988524,Kull the Conqueror (1997),Action|Adventure,119484,17832.0
85022,-0.001860854968820437,0.002818551722996489,2.6183547103051747,Hall Pass (2011),Comedy,480687,48988.0
6251,0.3280157850852928,0.31573225360498364,4.317476327706875,Piglet's Big Movie (2003),Animation|Children,323642,13691.0
34534,-0.14202919549272236,0.4836996380805525,2.984940455316349,Four Brothers (2005),Action|Crime|Drama,430105,8292.0
95949,-0.04498599872890683,0.1346886189488228,2.9445714285714284,"Immature, The (Immaturi) (2011)",Comedy,1630637,56909.0
6220,0.3643456064147985,0.29480564246126767,4.514455529611547,Willard (2003),Drama|Horror|Thriller,310357,10929.0
3914,0.030062950593711883,0.3461534025504529,3.3654200638071607,"Broken Hearts Club, The (2000)",Drama,222850,22597.0
4116,-0.316090451956741,0.3461534025504529,2.3654200638071607,Hollywood Shuffle (1987),Comedy,93200,34101.0
499,0.19747264946194032,0.3232042989320895,3.8895554102647925,Mr. Wonderful (1993),Comedy|Romance,107613,31911.0
1954,-0.43399686436701973,6.742272137876026,3.2142019021726114,Rocky (1976),Drama,75148,1366.0
2005,-1.6435586924272865,7.574929219477025,3.0615979566343854,"Goonies, The (1985)",Action|Adventure|Children|Comedy|Fantasy,89218,9340.0
3448,-0.3002890925094346,5.051865053285762,3.2191301946227653,"Good Morning, Vietnam (1987)",Comedy|Drama|War,93105,801.0
5060,-5.07105115472314,9.022143453139943,2.7165042013031364,M*A*S*H (a.k.a. MASH) (1970),Comedy|Drama|War,66026,651.0
3160,-0.2462046279736293,7.076878144017415,3.2437814232946294,Magnolia (1999),Drama,175880,334.0
337,-1.1389825233673645,14.914854518426266,3.202205781024533,What's Eating Gilbert Grape (1993),Drama,108550,1587.0
466,-1.8888796563313148,10.939399887320135,3.1059038530382663,Hot Shots! Part Deux (1993),Action|Comedy|War,107144,9255.0
5991,-0.7021385279004414,5.347628969687501,3.1472723927033,Chicago (2002),Comedy|Crime|Drama|Musical,299658,1574.0
71057,-0.2827028437340624,1.0608108302133759,3.012074485212358,9 (2009),Adventure|Animation|Sci-Fi,472033,12244.0
37733,0.7860801344261686,2.4386739868339666,3.6009105926704827,"History of Violence, A (2005)",Action|Crime|Drama|Thriller,399146,59.0
53464,0.992267547968355,1.2900509312146164,4.047740710154838,Fantastic Four: Rise of the Silver Surfer (2007),Action|Adventure|Sci-Fi,486576,1979.0
1566,0.2913422981015601,4.449556929713978,3.3440481271964053,Hercules (1997),Adventure|Animation|Children|Comedy|Musical,119282,11970.0
3113,4.810167859291767,4.664442279771029,4.309813230008811,End of Days (1999),Action|Fantasy|Horror|Mystery|Thriller,146675,9946.0
46972,0.473675001632821,1.3365315061501666,3.6329775906807122,Night at the Museum (2006),Action|Comedy|Fantasy|IMAX,477347,1593.0
130450,-0.06781006579752989,0.2600853605913917,3.0178490809416316,Pan (2015),Adventure|Children|Fantasy,3332064,266647.0
139717,-0.7180234672760092,0.2600853605913917,0.5178490809416316,10 Cent Pistol (2015),Crime|Thriller,2134170,346592.0
60753,0.0023912159617757362,0.11852113897497156,3.2987468671679196,Felon (2008),Crime|Drama,1117385,13012.0
65230,-0.158016180809488,1.1735384327667095,3.143922083993124,Marley & Me (2008),Comedy|Drama,822832,14306.0
4509,-0.2682623158347389,0.18706088584355804,1.8444805194805194,"Great Outdoors, The (1988)",Comedy,95253,2617.0
2124,0.03187162276672406,4.9011969471893115,3.2850742529039625,"Addams Family, The (1991)",Children|Comedy|Fantasy,101272,2907.0
909,-0.3035903726944881,3.3954989839808363,3.189161779466317,"Apartment, The (1960)",Comedy|Drama|Romance,53604,284.0
2334,1.5164933897170865,1.471546263447197,4.309115576170701,"Siege, The (1998)",Action|Thriller,133952,9882.0
62155,-0.14742183085115992,0.6855991330486116,3.0635451490082843,Nick and Norah's Infinite Playlist (2008),Comedy|Drama|Romance,981227,12182.0
6395,-0.023130138885585544,0.2216638309868618,3.174223602484472,"Crazies, The (a.k.a. Code Name: Trixie) (1973)",Action|Drama|Horror|Sci-Fi|Thriller,69895,29425.0
95377,-0.09855614434461654,0.25688641233506565,2.894914918876138,One Man Band (2005),Animation|Comedy|Musical,479113,13933.0
3103,0.6279411575481176,0.3813407839361039,4.925238095238095,Stanley & Iris (1990),Drama|Romance,100680,36094.0
138210,0.23770069021614862,0.28873247681622577,4.101827242524917,13 Hours (2016),Drama,4172430,300671.0
3286,0.01701651154933878,0.8057283417502672,3.2996908439718773,Snow Day (2000),Comedy,184907,15489.0
51939,0.006681335925994601,0.007630988852936347,4.154124525916561,TMNT (Teenage Mutant Ninja Turtles) (2007),Action|Adventure|Animation|Children|Comedy|Fantasy,453556,1273.0
72731,-0.022024882029815014,0.10742542458452853,3.073546574213189,"Lovely Bones, The (2009)",Crime|Drama|Fantasy|Horror|Thriller,380510,7980.0
1437,0.005405898964524296,0.48014211712183363,3.289830384559146,"Cement Garden, The (1993)",Drama,106535,14832.0
180987,0.9943057848464264,0.45088654879668744,5.4837953091684435,Ferdinand (2017),Animation|Children|Comedy,3411444,364689.0
1312,0.8040130451732014,0.44204264284420214,5.097429989365473,Female Perversions (1996),Drama,116293,41801.0
42,-0.054557146010172565,0.11020543494054859,2.7835219236209334,Dead Presidents (1995),Action|Crime|Drama,112819,11443.0
7016,0.20235154398408642,0.2905418188158605,3.975034143676591,Over the Top (1987),Action|Drama,93692,1825.0
5569,-0.077862857277103,0.29480564246126767,3.0144555296115474,"Last House on the Left, The (1972)",Crime|Horror|Thriller,68833,15516.0
2944,1.1657974275245464,5.012734244260613,3.5111386006411105,"Dirty Dozen, The (1967)",Action|Drama|War,61578,1654.0
892,0.48701920838549045,2.0562650167001366,3.5154179461312376,Twelfth Night (1996),Comedy|Drama|Romance,117991,44705.0
2,1.7400903118429303,13.869018012773857,3.4040374356268845,Jumanji (1995),Adventure|Children|Fantasy,113497,8844.0
79,2.7950060553877556,3.5201607614552395,4.072570977112585,"Juror, The (1996)",Drama|Thriller,116731,9623.0
201,-0.3813377488760884,0.7725164719167213,2.784940855323021,Three Wishes (1995),Drama|Fantasy,114663,47939.0
765,-0.4960087965542377,3.9745923139770785,3.153776542109748,Jack (1996),Comedy|Drama,116669,7095.0
778,-7.742116799981334,14.23863002819892,2.7348311400290304,Trainspotting (1996),Comedy|Crime|Drama,117951,627.0
67255,0.2829351425223596,2.1142891855512675,3.4123918843803573,"Girl with the Dragon Tattoo, The (Män som hatar kvinnor) (2009)",Crime|Drama|Mystery|Thriller,1132620,15472.0
2266,-0.3060542541025106,0.9170736847881557,2.9448422428155325,"Butcher's Wife, The (1991)",Comedy|Romance,101523,20096.0
4901,0.16442622906085916,3.050272921457081,3.3324768440194057,Spy Game (2001),Action|Crime|Drama|Thriller,266987,1535.0
64032,0.20980221882361796,0.6823467492281143,3.5860429876591664,Four Christmases (2008),Comedy,369436,12193.0
7064,0.03144556059352593,0.5521318981142398,3.3355244151692425,Beauty and the Beast (La belle et la bête) (1946),Drama|Fantasy,38348,648.0
3556,-1.5283574601936902,3.036342621909523,2.7752166855442653,"Virgin Suicides, The (1999)",Drama|Romance,159097,1443.0
1262,-2.622595531083192,5.542385066861062,2.8053824495587336,"Great Escape, The (1963)",Action|Adventure|Drama|War,57115,5925.0
54001,0.3061824802177919,4.639928791095587,3.344560044777216,Harry Potter and the Order of the Phoenix (2007),Adventure|Drama|Fantasy|IMAX,373889,675.0
6371,0.5638583081656459,0.1721302148226759,6.554337445284521,Pokémon Heroes (2003),Animation|Children,347791,33875.0
7007,-0.04072261113415598,0.4626720336385364,3.190555278526858,"Last Boy Scout, The (1991)",Action|Comedy|Crime|Drama|Thriller,102266,9319.0
70521,0.04672341100767309,0.060975140206802794,4.044841269841269,Lost in Austen (2008),Drama|Fantasy|Romance|Sci-Fi,1117666,19422.0
72701,-0.2210577113464233,0.41944283691372614,2.7515444015444013,Planet 51 (2009),Adventure|Animation|Children|Comedy|Sci-Fi,762125,16866.0
84246,-0.43077912980328636,0.41944283691372614,2.2515444015444013,It Happened on Fifth Avenue (1947),Comedy|Romance,39502,52844.0
111146,-0.43077912980328636,0.41944283691372614,2.2515444015444013,Alpha and Omega 3: The Great Wolf Games (2014),Action|Adventure|Animation|Children|Comedy,3600760,258096.0
136503,-0.6405005482601495,0.41944283691372614,1.7515444015444013,Tom and Jerry: Shiver Me Whiskers (2006),Animation|Children|Comedy,808508,60293.0
79333,0.029887061822916283,0.25688641233506565,3.394914918876138,Watch Out for the Automobile (Beregis avtomobilya) (1966),Comedy|Crime|Romance,60161,39768.0
84156,-0.09855614434461654,0.25688641233506565,2.894914918876138,Happy People: A Year in the Taiga (2010),Documentary,1683876,89704.0
104925,-0.0046794066918169255,0.002818551722996489,1.618354710305175,"Family, The (2013)",Action|Comedy|Crime,2404311,112205.0
95088,0.2535703384313141,1.0709343338942938,3.515346299267042,Safety Not Guaranteed (2012),Comedy|Drama,1862079,84332.0
98607,-0.2901354627381616,0.45313998518758414,2.6382936507936505,Redline (2009),Action|Animation|Sci-Fi,1483797,71883.0
6246,-0.044623052608227666,0.08909955988769268,2.777749060150376,Talent for the Game (1991),Drama,103036,41164.0
2162,1.0489907370707248,0.8155738022706639,4.564771076169473,"NeverEnding Story II: The Next Chapter, The (1990)",Adventure|Children|Fantasy,100240,34636.0
4920,-0.008580641779878093,0.007630988852936347,2.1541245259165613,"Now, Voyager (1942)",Drama|Romance,35140,32847.0
50005,0.025006494336454646,0.09979443573159218,3.5291514749751407,Curse of the Golden Flower (Man cheng jin dai huang jin jia) (2006),Action|Drama,473444,1494.0
5820,0.12970990819778566,0.4991368619256565,3.53843984962406,Standing in the Shadows of Motown (2002),Documentary|Musical,314725,30192.0
6196,-0.077862857277103,0.29480564246126767,3.0144555296115474,Cradle 2 the Grave (2003),Action|Crime|Drama|Thriller,306685,10623.0
6868,-0.22526567850773682,0.29480564246126767,2.5144555296115474,Wonderland (2003),Crime|Drama|Mystery|Thriller,335563,4997.0
8906,-0.077862857277103,0.29480564246126767,3.0144555296115474,Cannibal Holocaust (1980),Horror,78935,8689.0
132153,-0.6405005482601495,0.41944283691372614,1.7515444015444013,Buzzard (2015),Comedy|Drama|Horror,2656588,253303.0
276,2.9120229177536467,4.866442607843375,3.876959851576821,Milk Money (1994),Comedy|Romance,110516,8986.0
6502,-1.2205008667974717,8.697684748421205,3.1382466292598625,28 Days Later (2002),Action|Horror|Sci-Fi,289043,170.0
2302,4.617006671000836,9.97497921730141,3.7414302045569188,My Cousin Vinny (1992),Comedy,104952,10377.0
2605,7.694905080208132,8.761746527347322,4.1568101514322935,Entrapment (1999),Crime|Thriller,137494,1844.0
3536,-0.9645969887282726,4.264781669775408,3.0523940850594755,Keeping the Faith (2000),Comedy|Drama|Romance,171433,4967.0
3988,0.3785122938927814,2.6369636464006767,3.4221123888002247,How the Grinch Stole Christmas (a.k.a. The Grinch) (2000),Children|Comedy|Fantasy,170016,8871.0
135887,0.7987979276887099,2.4459196761431095,3.6051553043544255,Minions (2015),Adventure|Animation|Children|Comedy,2293640,211672.0
3107,-0.04467528411123676,1.480920694821112,3.2484041925624583,Backdraft (1991),Action|Drama,101393,2924.0
48879,0.06165178544926152,0.11852113897497156,3.7987468671679196,Catch a Fire (2006),Drama|Thriller,437232,1123.0
3968,2.008711760055525,3.3076539839790287,3.8858634155159315,Bedazzled (2000),Comedy,230030,1636.0
3274,-0.4179142232532708,1.9852812721384274,3.0680651244429873,Single White Female (1992),Drama|Thriller,105414,9605.0
117881,0.20619264932038597,0.45888147369815624,3.7279089179642027,Still Alice (2014),Drama,3316960,284293.0
8253,-0.15329624427625713,0.21310240235712877,2.559216589861751,Lupin III: The Castle Of Cagliostro (Rupan sansei: Kariosutoro no shiro) (1979),Action|Adventure|Animation|Comedy|Crime|Mystery,79833,15371.0
3917,-0.597034991575619,0.7182601492750479,2.4473475437739545,Hellraiser (1987),Horror,93177,9003.0
59731,0.016235840904271694,0.060975140206802794,3.5448412698412697,"Bigger, Stronger, Faster* (2008)",Documentary,1151309,13636.0
126577,-0.2210577113464233,0.41944283691372614,2.7515444015444013,"Daddy, I'm A Zombie (2012)",Animation|Comedy|Fantasy,2243469,89247.0
132800,-0.43077912980328636,0.41944283691372614,2.2515444015444013,Welcome to Me (2014),Comedy|Drama,2788716,284537.0
144222,0.19838512556730284,0.41944283691372614,3.7515444015444013,Bros Before Hos (2013),Comedy,2947832,230211.0
2419,-0.023130138885585544,0.2216638309868618,3.174223602484472,Extremities (1986),Drama|Thriller,91024,44326.0
106766,0.025885677799097884,0.06357589921993419,3.6857332322849565,Inside Llewyn Davis (2013),Drama,2042568,86829.0
33124,0.1583302679904491,0.25688641233506565,3.894914918876138,Before the Fall (NaPolA - Elite für den Führer) (2004),Drama|War,384369,9393.0
110773,0.008004076061667274,0.002818551722996489,6.118354710305175,"Haunted House 2, A (2014)",Comedy|Horror,2828996,184345.0
2166,0.30282606197732265,1.4204146095319812,3.4917669701725544,Return to Paradise (1998),Crime|Drama|Romance|Thriller,124595,10278.0
130490,0.4242715672336915,0.6279974459441119,3.954165843761851,Insurgent (2015),Action|Sci-Fi|Thriller,2908446,262500.0
39307,0.08902628722331135,0.08909955988769268,4.277749060150375,Dreamer: Inspired by a True Story (2005),Children|Drama,418647,12920.0
3130,0.22993047042144388,0.37009436333093676,3.899846684838547,Bonfire of the Vanities (1990),Comedy|Crime|Drama,99165,9586.0
6330,0.005405898964524296,0.48014211712183363,3.289830384559146,People I Know (2002),Crime|Drama,274711,11458.0
166291,-0.5837971359419796,0.45088654879668744,1.9837953091684435,A Silent Voice (2016),Animation|Drama|Romance,5323662,378064.0
25841,-0.03559496352361428,0.09540026660984881,2.905459646094087,Stage Door (1937),Drama,29604,43864.0
118198,-0.0753963492784328,0.09424543659804102,2.4785714285714286,The Green Prince (2014),Documentary|Drama|Thriller,2304915,250798.0
93766,0.20235154398408642,0.2905418188158605,3.975034143676591,Wrath of the Titans (2012),Action|Adventure|Fantasy|IMAX,1646987,57165.0
26366,0.648936169858247,0.9999999994536926,3.927507598784194,Harlan County U.S.A. (1976),Documentary,74605,33324.0
2974,0.21694278518416468,0.29480564246126767,4.014455529611547,Bats (1999),Horror|Thriller,200469,10496.0
4771,0.21694278518416468,0.29480564246126767,4.014455529611547,Hardball (2001),Drama,180734,20857.0
2624,-0.316090451956741,0.3461534025504529,2.3654200638071607,After Life (Wandafuru raifu) (1998),Drama|Fantasy,165078,17962.0
1984,-0.01915981438330921,0.029660461004242435,2.632599864590386,Halloween III: Season of the Witch (1982),Horror,85636,10676.0
43460,-0.004329583881187994,0.029660461004242435,3.132599864590386,Tristram Shandy: A Cock and Bull Story (2005),Comedy|Drama,423409,8435.0
1092,-0.5378100400356287,5.402734778869224,3.179027389848841,Basic Instinct (1992),Crime|Mystery|Thriller,103772,402.0
2115,-2.542116478644344,17.9276157706933,3.136772512800375,Indiana Jones and the Temple of Doom (1984),Action|Adventure|Fantasy,87469,87.0
999,-0.34850149478387193,2.5651905317018104,3.142713491128993,2 Days in the Valley (1996),Crime|Film-Noir,115438,9401.0
4886,-2.2630436306958623,14.946958871935658,3.1271664738856333,"Monsters, Inc. (2001)",Adventure|Animation|Children|Comedy|Fantasy,198781,585.0
71899,0.07470349953636701,0.9447198165566012,3.3576461957427712,Mary and Max (2009),Animation|Comedy|Drama,978762,24238.0
2548,0.7770101765827633,0.9742042205129755,4.076155918786038,"Rage: Carrie 2, The (1999)",Horror,144814,7341.0
3984,0.6044730089545142,2.9008465971713755,3.486949565334654,Diamonds Are Forever (1971),Action|Adventure|Thriller,66995,681.0
101525,0.009635631746613513,0.5506040135047263,3.2960715402856176,"Place Beyond the Pines, The (2012)",Crime|Drama,1817273,97367.0
46862,-0.15329624427625713,0.21310240235712877,2.559216589861751,Orchestra Rehearsal (Prova d'orchestra) (1978),Drama,79759,47850.0
175303,-0.01792433430196351,0.9967267602904251,3.260588230952915,It (2017),Horror,1396484,346364.0
365,1.1443822705208282,1.1058769189644007,4.313390268621446,Little Buddha (1993),Drama,107426,1689.0
54004,-0.15856849780187082,0.7489355889385196,3.0668462813840542,I Now Pronounce You Chuck and Larry (2007),Comedy|Romance,762107,3563.0
72226,-0.8458452643163732,2.00078757012584,2.8558152714731646,Fantastic Mr. Fox (2009),Adventure|Animation|Children|Comedy|Crime,432283,10315.0
116817,-0.43077912980328636,0.41944283691372614,2.2515444015444013,Rudderless (2014),Comedy|Drama,1798243,244403.0
6049,-0.0063085850552278,0.47945246419731535,3.2654135338345864,Ethan Frome (1993),Drama,106833,61807.0
78174,0.005185524338670785,0.002818551722996489,5.118354710305175,Sex and the City 2 (2010),Comedy|Drama|Romance,1261945,37786.0
134861,0.0023669726156742964,0.002818551722996489,4.118354710305175,Trevor Noah: African American (2013),(no genres listed),3043546,250556.0
77866,0.3423823557590902,0.327252529890849,4.324804305283757,Robin Hood (2010),Action|Adventure|Drama|Romance|War,955308,20662.0
3737,-0.044623052608227666,0.08909955988769268,2.777749060150376,Lonely Are the Brave (1962),Drama|Western,56195,43002.0
7045,-0.005480478475020909,0.007316370768142061,2.5295007966011687,"Witches, The (1990)",Children|Fantasy,100944,10166.0
8582,-0.0395761517215791,0.05460239114528025,2.553765227021041,Manufacturing Consent: Noam Chomsky and the Media (1992),Documentary|War,104810,36947.0
7056,-0.03559496352361428,0.09540026660984881,2.905459646094087,"Public Enemy, The (1931)",Action|Crime|Drama,22286,17687.0
8535,0.009069206218007799,0.03200896312238048,3.5619047619047617,De-Lovely (2004),Drama|Musical,352277,15237.0
2593,0.21632795511785388,0.7973230345772327,3.549889258028793,"Monster, The (Mostro, Il) (1994)",Comedy,110570,22826.0
51498,-0.077862857277103,0.29480564246126767,3.0144555296115474,2001 Maniacs (2005),Comedy|Horror,264323,10845.0
102007,0.5627967980247943,0.4473513009940674,4.5366359447004605,"Invincible Iron Man, The (2007)",Animation,903135,13647.0
2000,-1.0396539598134487,13.340204985426519,3.2006375466746197,Lethal Weapon (1987),Action|Comedy|Crime|Drama,93409,941.0
357,-0.9286824049409153,16.06962802889507,3.2207802710367903,Four Weddings and a Funeral (1994),Comedy|Romance,109831,712.0
1004,0.7020810620520418,1.3731463359949085,3.789865122220876,"Glimmer Man, The (1996)",Action|Thriller,116421,9625.0
45730,0.5336170806776419,0.5374402920237991,4.271457687002555,Lady in the Water (2006),Drama|Fantasy|Mystery,452637,9697.0
49824,-0.000589936988735669,0.6030142388503559,3.2775931150412863,Dreamgirls (2006),Drama|Musical,443489,1125.0
529,0.8875187495598421,5.751863419729763,3.4328725106373756,Searching for Bobby Fischer (1993),Drama,108065,14291.0
6016,-3.19252641624628,12.52925958365859,3.023765755903415,City of God (Cidade de Deus) (2002),Action|Adventure|Crime|Drama|Thriller,317248,598.0
2144,3.4464529818158973,6.311318469085238,3.824646388771532,Sixteen Candles (1984),Comedy|Romance,88128,15144.0
4783,-0.026229067520790267,0.2885197427286932,3.1876623376623376,"Endurance: Shackleton's Legendary Antarctic Expedition, The (2000)",Documentary,264578,32567.0
117529,0.7540964050209954,1.4399873853173648,3.802254075176556,Jurassic World (2015),Action|Adventure|Drama|Sci-Fi|Thriller,369610,135397.0
5617,-0.3441478832629833,2.356970014597342,3.1325585895740784,Secretary (2002),Comedy|Drama|Romance,274812,11013.0
3950,-0.4723450021955336,0.5986632560968052,2.489571941154826,Tigerland (2000),Drama,170691,10687.0
175661,0.3573066718951001,0.35812450936791984,4.276287760597228,The Hitman's Bodyguard (2017),Action|Comedy,1959563,390043.0
5878,0.05932669721851956,1.3910866564778093,3.3212191651033374,Talk to Her (Hable con Ella) (2002),Drama|Romance,287467,64.0
5644,0.007319011586820159,0.3607227139218554,3.298861283643892,"Pride of the Yankees, The (1942)",Drama,35211,19140.0
8781,0.10400292433641684,0.5872454687365452,3.4556744116905294,"Manchurian Candidate, The (2004)",Thriller,368008,14462.0
68952,-0.05603016979877135,0.45557521839966264,3.155583681354639,Drag Me to Hell (2009),Comedy|Horror,1127180,16871.0
69904,-0.0447392993025311,0.060975140206802794,2.5448412698412697,Open Water 2: Adrift (2006),Drama|Thriller,470055,9592.0
6952,0.6602814532031609,0.8370241556228547,4.0674153929511965,Gothika (2003),Horror|Thriller,348836,4970.0
1187,-0.23038389025091943,0.8324755126988437,3.0018258826225432,Passion Fish (1992),Drama,105107,41768.0
905,1.10388113454815,3.469327990884838,3.596754413128795,It Happened One Night (1934),Comedy|Romance,25316,3078.0
26645,-0.2210577113464233,0.41944283691372614,2.7515444015444013,Life Is a Long Quiet River (La vie est un long fleuve tranquille) (1988),Comedy,96386,4271.0
49013,-0.011336292889560236,0.41944283691372614,3.2515444015444013,"Santa Clause 3: The Escape Clause, The (2006)",Comedy|Fantasy,452681,13767.0
78142,-0.43077912980328636,0.41944283691372614,2.2515444015444013,Baarìa (2009),Comedy|Drama|War,1081935,25846.0
6777,0.1583302679904491,0.25688641233506565,3.894914918876138,Judgment at Nuremberg (1961),Drama,55031,821.0
110586,0.029887061822916283,0.25688641233506565,3.394914918876138,Calvary (2014),Comedy|Drama,2234003,157832.0
4836,-7.32726643813283e-05,0.08909955988769268,3.277749060150376,"Competition, The (1980)",Drama|Romance,80556,42158.0
5643,-0.4211897080323146,1.4801421154584673,2.994011112617002,Powaqqatsi (1988),Documentary,95895,24348.0
6688,0.005405898964524296,0.48014211712183363,3.289830384559146,Autumn Spring (Babí léto) (2001),Comedy|Drama,286476,15920.0
55854,0.021292630807949648,0.07789986880957185,3.551904761904762,"Fugitive, The (1947)",Drama,39402,37368.0
32213,0.12448868670698342,0.5853474612771281,3.491246284007498,Cube Zero (2004),Horror|Mystery|Sci-Fi|Thriller,377713,438.0
86835,0.057080634576156156,0.2905418188158605,3.475034143676591,Priest (2011),Action|Horror|Sci-Fi|Thriller,822847,38321.0
294,-0.10526315745586526,0.9999999958307211,3.1733082706766917,"Perez Family, The (1995)",Comedy|Romance,114113,63020.0
1964,-1.4210234632015841,1.097384303710066,1.983652721973065,Klute (1971),Drama|Mystery,67309,466.0
3617,1.9912180842534304,4.853218054789579,3.688859625346004,Road Trip (2000),Comedy,215129,9285.0
1449,0.9951765534955647,4.113287429646698,3.52051332310639,Waiting for Guffman (1996),Comedy,118111,16448.0
1885,0.9985461587073832,2.183170433052069,3.7359549399958745,"Opposite of Sex, The (1998)",Comedy|Drama|Romance,120777,9844.0
8972,0.058911448291311175,2.685300369375313,3.3005099234091646,National Treasure (2004),Action|Adventure|Drama|Mystery|Thriller,368891,2059.0
118,-0.2667340078837431,0.6793985780517078,2.8859682991261937,If Lucy Fell (1996),Comedy|Romance,116606,10324.0
1373,1.1991264839057705,4.679655539169619,3.534813896391731,Star Trek V: The Final Frontier (1989),Action|Sci-Fi,98382,172.0
2642,3.701203124207278,2.8903695179747317,4.559100821505483,Superman III (1983),Action|Adventure|Sci-Fi,86393,9531.0
4903,0.20641534250916965,0.8010719171273676,3.5362453503453586,In the Bedroom (2001),Drama,247425,1999.0
7025,0.06165178544926152,0.11852113897497156,3.7987468671679196,"Midnight Clear, A (1992)",Drama|War,102443,23908.0
27408,0.06165178544926152,0.11852113897497156,3.7987468671679196,Ripley's Game (2002),Drama|Thriller,265651,10955.0
3186,0.5269553884370903,2.4568638250796306,3.493054373477832,"Girl, Interrupted (1999)",Drama,172493,3558.0
4679,0.0026508587412809037,0.489497517157762,3.283986897799287,Uncle Buck (1989),Comedy,98554,2616.0
1390,0.8357295869890704,0.5879789838352525,4.699931051899796,My Fellow Americans (1996),Comedy,117119,17795.0
2925,-1.3732840903224197,1.267311849269427,2.1949517250911184,"Conformist, The (Conformista, Il) (1970)",Drama,65571,8416.0
175485,1.4803167476415555,0.6639889511538162,5.508001218132239,Death Note (2017),Horror|Thriller,1241317,351460.0
45728,-0.45455511864860093,0.4766630568124378,2.3249520696718275,Clerks II (2006),Comedy,424345,2295.0
102217,-0.1818295309447404,0.13281887570357048,1.9095677385345282,Bill Hicks: Revelations (1993),Comedy,152183,25117.0
4128,-0.1731443459461767,1.8832624560632985,3.186632917617352,"Lost Boys, The (1987)",Comedy|Horror|Thriller,93437,1547.0
47999,0.12539270960365445,0.3321740930268525,3.656062365510685,Jesus Camp (2006),Documentary|Drama,486358,1776.0
86293,0.12667309547083172,0.3543355107456598,3.6360662086014126,Arthur (2011),Comedy,1334512,49012.0
2010,-0.5399695235618354,2.9710105244288556,3.0968253461789272,Metropolis (1927),Drama|Sci-Fi,17136,19.0
722,-0.05784893014476364,0.18626084101555768,2.9679912237932715,"Haunted World of Edward D. Wood Jr., The (1996)",Documentary,113270,73183.0
128594,-0.2210577113464233,0.41944283691372614,2.7515444015444013,Boy Meets Girl (2015),Comedy|Drama|Romance,3007302,263105.0
1981,1.3367380195389658,0.8230861270613977,4.902627497055319,Friday the 13th Part VIII: Jason Takes Manhattan (1989),Horror,97388,10283.0
9010,-0.6152615996765702,0.7100263975226497,2.412038012598055,Love Me If You Dare (Jeux d'enfants) (2003),Drama|Romance,364517,8424.0
5873,-0.2329025399676527,0.5765580477776684,2.8746181044172157,The Emperor's Club (2002),Drama,283530,17187.0
3224,-0.06132230783819094,0.046890064398847256,1.9707824838478105,Woman in the Dunes (Suna no onna) (1964),Drama,58625,16672.0
6412,-0.004765147353409919,0.007630988852936347,2.6541245259165613,Destry Rides Again (1939),Comedy|Western,31225,43828.0
6645,-0.46423557153637607,0.5098025781260761,2.3679531001141547,THX 1138 (1971),Action|Adventure|Drama|Sci-Fi,66434,636.0
5493,-0.016380489314394817,0.20566614361406738,3.198925410872313,In Like Flint (1967),Action|Adventure|Comedy,61810,24130.0
46572,-0.012274956148938969,0.05460239114528025,3.053765227021041,Edmond (2005),Drama|Thriller,443496,18191.0
3329,-0.08007224051520288,0.44204264284420214,3.097429989365473,The Year My Voice Broke (1987),Drama|Romance,94347,19958.0
56915,-0.015855001239803566,0.19890819737208132,3.1988612836438923,"Water Horse: Legend of the Deep, The (2007)",Adventure|Children|Fantasy,760329,54318.0
6013,0.07490371220225073,0.09979443573159218,4.029151474975141,Kangaroo Jack (2003),Action|Comedy,257568,10628.0
2348,0.8784152010862704,0.4991368619256565,5.03843984962406,Sid and Nancy (1986),Drama,91954,14924.0
1503,-0.077862857277103,0.29480564246126767,3.0144555296115474,8 Heads in a Duffel Bag (1997),Comedy,118541,13982.0
80846,-0.077862857277103,0.29480564246126767,3.0144555296115474,Devil (2010),Horror|Mystery|Thriller,1314655,44040.0
1571,-0.316090451956741,0.3461534025504529,2.3654200638071607,When the Cat's Away (Chacun cherche son chat) (1996),Comedy|Romance,115856,11956.0
4953,-0.01915981438330921,0.029660461004242435,2.632599864590386,"People That Time Forgot, The (1977)",Adventure|Sci-Fi,76535,27591.0
2137,1.3977733338297356,3.0756313440023493,3.7330385533636994,Charlotte's Web (1973),Animation|Children,70016,15171.0
281,-1.4651072797059856,4.279912455549437,2.9362496416371435,Nobody's Fool (1994),Comedy|Drama|Romance,110684,11593.0
1193,-8.311184972567341,24.517237199823832,2.9395778908890073,One Flew Over the Cuckoo's Nest (1975),Drama,73486,510.0
3174,-1.3358958432214794,4.020634012879961,2.9463114320281014,Man on the Moon (1999),Comedy|Drama,125664,1850.0
52604,-0.06065841214593879,0.6035642111007667,3.17807108241056,Fracture (2007),Crime|Drama|Mystery|Thriller,488120,6145.0
68319,-0.6368184604713264,2.145140697392326,2.9817058377757033,X-Men Origins: Wolverine (2009),Action|Sci-Fi|Thriller,458525,2080.0
3483,0.9305686047431247,1.8625782303351455,3.778184593585003,"Road to El Dorado, The (2000)",Animation|Children,138749,10501.0
1011,1.4142703142497282,1.673280254635398,4.123779701562071,Herbie Rides Again (1974),Children|Comedy|Fantasy|Romance,71607,10869.0
2661,0.13353277110895606,0.1721302148226759,4.054337445284521,It Came from Outer Space (1953),Sci-Fi,45920,19483.0
1428,-1.1685394844981918,0.8623015506297003,1.9234312416555408,Angel Baby (1995),Drama,112362,2892.0
4388,1.706354189839588,2.7688659347761,3.8948360762773024,Scary Movie 2 (2001),Comedy,257106,4248.0
42725,0.6883256231887358,0.7170670310979903,4.238489530139639,Grandma's Boy (2006),Comedy,456554,9900.0
131826,-0.013197147858380673,0.42226138863672263,3.2473179249039776,Iliza Shlesinger: Freezing Hot (2015),Comedy,4073952,320996.0
108689,-0.05103178660007715,0.28873247681622577,3.1018272425249167,"I, Frankenstein (2014)",Action|Fantasy|Sci-Fi|IMAX,1418377,100241.0
112623,-0.28477196918156644,0.9681360382388423,2.984426847713142,Dawn of the Planet of the Apes (2014),Sci-Fi,2103281,119450.0
3503,-0.2959874674345835,0.5270321815206809,2.7169596754132983,Solaris (Solyaris) (1972),Drama|Mystery|Sci-Fi,69293,593.0
4146,0.46209327131277855,0.7598182761255149,3.8867343088710395,"Million Dollar Hotel, The (2001)",Drama|Mystery|Romance,120753,318.0
4911,0.005405898964524296,0.48014211712183363,3.289830384559146,Jabberwocky (1977),Adventure|Comedy|Fantasy,76221,11834.0
85056,0.004348956388369185,0.46539927957238825,3.2879159990923905,I Am Number Four (2011),Action|Sci-Fi|Thriller|IMAX,1464540,46529.0
6715,-0.077862857277103,0.29480564246126767,3.0144555296115474,Children of the Night (1991),Horror,103957,61054.0
2073,-0.4418221014268902,0.6693577014825425,2.6185026784124172,Fandango (1985),Comedy,89126,20348.0
2406,-0.5194681525477077,8.633322082601534,3.218401293879642,Romancing the Stone (1984),Action|Adventure|Comedy|Romance,88011,9326.0
5459,4.803980820697539,6.792056531648042,3.9858654268344096,Men in Black II (a.k.a. MIIB) (a.k.a. MIB 2) (2002),Action|Comedy|Sci-Fi,120912,608.0
2883,-0.2667340078837431,0.6793985780517078,2.8859682991261937,Mumford (1999),Comedy|Drama,140397,24071.0
3225,-0.2667340078837431,0.6793985780517078,2.8859682991261937,Down to You (2000),Comedy|Romance,186975,10472.0
6297,0.5283691716232354,1.6164588583665453,3.6054397363470807,Holes (2003),Adventure|Children|Comedy|Mystery,311289,8326.0
34536,0.10612829272872654,0.20762069886266424,3.789735745569165,The Great Raid (2005),Action|Drama|War,326905,13922.0
55116,0.0023912159617757362,0.11852113897497156,3.2987468671679196,"Hunting Party, The (2007)",Action|Adventure|Comedy|Drama|Thriller,455782,5353.0
65682,0.11369626201547198,0.5917502045659015,3.4707069971579703,Underworld: Rise of the Lycans (2009),Action|Fantasy|Horror|Thriller,834001,12437.0
47423,0.49686150271683704,0.810620990532449,3.8915107781810137,Half Nelson (2006),Drama,468489,7859.0
72395,0.07382517078488798,0.165368382558149,3.725,Precious (2009),Drama,929632,25793.0
7162,-0.4609077483949062,0.839932617986318,2.729827709700382,Cold Mountain (2003),Drama|Romance|War,159365,2289.0
73023,0.011470693550861773,0.06860612905973915,3.4457677666839257,Crazy Heart (2009),Drama|Romance,1263670,25196.0
2792,0.8336898008079506,2.5337818653528776,3.6076012524121808,Airplane II: The Sequel (1982),Comedy,83530,2665.0
3315,-0.43077912980328636,0.41944283691372614,2.2515444015444013,Happy Go Lovely (1951),Musical,43618,127602.0
3768,0.42019752308813807,0.2216638309868618,5.1742236024844726,Braddock: Missing in Action III (1988),Action|War,94792,27352.0
99145,-0.14354214307352336,0.3915750312838885,2.9119950853278866,"Impossible, The (Imposible, Lo) (2012)",Drama|Thriller,1649419,80278.0
141820,0.029887061822916283,0.25688641233506565,3.394914918876138,Old Men: Robbers (1971),Comedy,67789,46010.0
145994,-0.22699935051214937,0.25688641233506565,2.394914918876138,Formula of Love (1984),Comedy,216755,27940.0
59143,-0.001860854968820437,0.002818551722996489,2.6183547103051747,Super High Me (2007),Comedy|Documentary,1111833,14236.0
173145,-0.21347770349529338,0.12426832170945533,1.5606943335993613,War for the Planet of the Apes (2017),Action|Adventure|Drama|Sci-Fi,3450958,281338.0
2818,1.4500473257596556,0.8413294462308677,5.002090476021659,Iron Eagle IV (1995),Action|War,113438,28737.0
6250,0.5504388025767063,1.186769757351664,3.7423840587525667,Dreamcatcher (2003),Drama|Horror|Sci-Fi|Thriller,285531,6171.0
31297,-0.0009496529269417458,0.007630988852936347,3.1541245259165613,Gold Diggers of 1935 (1935),Comedy|Musical,26421,43892.0
4628,-0.09851986501314453,0.8262955196722865,3.1593406416827157,New York Stories (1989),Comedy|Drama,97965,9686.0
2557,-0.0395761517215791,0.05460239114528025,2.553765227021041,I Stand Alone (Seul contre tous) (1998),Drama|Thriller,157016,1567.0
49263,0.042327434996341284,0.05460239114528025,4.0537652270210405,Fuck (2005),Comedy|Documentary,486585,21710.0
8833,-0.039114685427128426,0.3736481792117796,3.173888232979142,Vanity Fair (2004),Drama|Romance,241025,11632.0
5584,-0.0006123381317271404,0.02587128606547155,3.254902789518174,Ernest Goes to Jail (1990),Comedy,99512,18943.0
27434,0.07490371220225073,0.09979443573159218,4.029151474975141,Darkness (2002),Horror|Mystery,273517,11056.0
3733,-0.11071056731440945,0.17024360822876175,2.628264680105171,"Paper Chase, The (1973)",Drama,70509,14328.0
1805,-0.5171978689468182,5.505319737372783,3.184626318456238,Wild Things (1998),Crime|Drama|Mystery|Thriller,120890,617.0
8908,-0.2642061196895403,0.5713645766734486,2.816158933159516,Ladder 49 (2004),Action|Drama|Thriller,349710,11128.0
2011,0.07429104891511101,10.693126241691525,3.285518980413233,Back to the Future Part II (1989),Adventure|Comedy|Sci-Fi,96874,165.0
68358,-0.8613081221955106,5.477441880338111,3.121325009346558,Star Trek (2009),Action|Adventure|Sci-Fi|IMAX,796366,13475.0
7018,-0.4523845459360646,0.5995250032965465,2.5239998203005736,Presumed Innocent (1990),Crime|Drama|Thriller,100404,11092.0
1702,-0.10088973323230027,1.5926363665841912,3.2152238023655273,Flubber (1997),Children|Comedy|Fantasy,119137,9574.0
2243,1.316761562660582,3.4560009772359646,3.659578717439066,Broadcast News (1987),Comedy|Drama|Romance,92699,12626.0
3005,2.7051467539361154,5.731925850053123,3.7505152088474842,"Bone Collector, The (1999)",Thriller,145681,9481.0
3048,0.4083349862867767,0.7090590390559502,3.8544543435264917,Under the Rainbow (1981),Comedy,83254,47941.0
3515,-0.5538890988261436,1.3041109934166073,2.8538460013476126,Me Myself I (2000),Comedy|Romance,183503,49721.0
115877,-0.03632352984645058,0.5169717729264574,3.2083093141800925,"Simpsons: The Longest Daycare, The (2012)",Animation|Comedy,2175842,116440.0
132660,-0.01730649524063155,0.04944712925894728,2.9285714285714284,Man Up (2015),Comedy|Romance,3064298,332340.0
8981,0.024934196697108606,0.9107412387253639,3.3059493440943992,Closer (2004),Drama|Romance,376541,2288.0
111659,0.08667574063241379,0.36680279257395965,3.5148720849109982,Maleficent (2014),Action|Adventure|Children|IMAX,1587310,102651.0
138208,0.05980615808087165,0.21310240235712877,3.559216589861751,The Walk (2015),Adventure|Drama|Thriller,3488710,285783.0
7983,-0.21072765853639575,0.1721302148226759,2.0543374452845202,Broadway Danny Rose (1984),Comedy,87003,12762.0
48877,-0.7462866888530553,1.4164435230287447,2.7516978351525467,Saw III (2006),Crime|Horror|Thriller,489270,214.0
942,-0.6674475742834978,1.5003949343098988,2.8337235028547987,Laura (1944),Crime|Film-Noir|Mystery,37008,1939.0
7015,0.007319011586820159,0.3607227139218554,3.298861283643892,Only the Lonely (1991),Comedy|Romance,102598,2611.0
4141,-0.014251729199129703,0.060975140206802794,3.0448412698412697,Head Over Heels (2001),Comedy|Romance,192111,24940.0
34332,-0.3690217282704354,0.44261008949585423,2.4448314460717935,Sky High (2005),Action|Adventure|Children|Comedy,405325,11459.0
5294,-0.023130138885585544,0.2216638309868618,3.174223602484472,Frailty (2001),Crime|Drama|Thriller,264616,12149.0
120625,-0.09855614434461654,0.25688641233506565,2.894914918876138,The Fool (2014),Drama,3560686,285700.0
172587,-0.22699935051214937,0.25688641233506565,2.394914918876138,Vacations in Prostokvashino (1980),Animation,1315584,77759.0
128975,0.20330924073826248,0.293360370538857,3.971607234208077,Hot Tub Time Machine 2 (2015),Comedy|Sci-Fi,2637294,243938.0
165947,-0.001860854968820437,0.002818551722996489,2.6183547103051747,The True Memoirs of an International Assassin (2016),Action|Comedy,1542768,339396.0
3372,-0.12469529312343056,0.5311422027318948,3.043803239408397,"Bridge at Remagen, The (1969)",Action|War,64110,15873.0
5646,-0.014090551351146063,0.7752058553646552,3.26039490003564,Valmont (1989),Drama|Romance,98575,37606.0
158035,0.09253268725305157,0.45088654879668744,3.4837953091684435,Gintama: The Final Chapter - Be Forever Yorozuya (2013),Action|Animation|Comedy,2374144,245917.0
99,-1.2588235289728933,0.9999999996513638,2.019747899159664,Heidi Fleiss: Hollywood Madam (1995),Documentary,113283,63076.0
48161,0.025006494336454646,0.09979443573159218,3.5291514749751407,Gridiron Gang (2006),Drama,421206,9766.0
134881,-0.06947817103080339,0.06357589921993419,2.1857332322849565,Love & Mercy (2014),Drama,903657,271714.0
1090,-7.608011939960009,10.893581596478557,2.580177436422936,Platoon (1986),Drama|War,91763,792.0
1445,0.5035638015578865,0.7143290031367879,3.9835180278927753,McHale's Navy (1997),Comedy|War,119640,14908.0
3033,1.4040959700755913,8.152374528628819,3.4508029624815557,Spaceballs (1987),Comedy|Sci-Fi,94012,957.0
302,0.08519817435722973,1.3876175237335293,3.33997031760246,"Queen Margot (Reine Margot, La) (1994)",Drama|Romance,110963,10452.0
313,-0.3813377488760884,0.7725164719167213,2.784940855323021,"Swan Princess, The (1994)",Animation|Children,111333,22586.0
1371,1.2002474427263072,4.923333043337287,3.5223590074658917,Star Trek: The Motion Picture (1979),Adventure|Sci-Fi,79945,152.0
2446,0.8386146860376875,1.2808208741262437,3.9333192570761577,In Dreams (1999),Horror|Thriller,120710,28902.0
3248,2.852655672841886,2.1822740237849874,4.585765503078246,Sister Act 2: Back in the Habit (1993),Comedy,108147,6279.0
5364,0.20705709106686768,0.3776193026163859,3.826893745868889,Unfaithful (2002),Drama|Thriller,250797,2251.0
117572,-0.19785274609322576,0.2600853605913917,2.5178490809416316,Hit by Lightning (2014),Comedy|Crime|Romance,2402619,294538.0
47610,0.7860118092446523,4.840459518910056,3.4409551456904266,"Illusionist, The (2006)",Drama|Fantasy|Mystery|Romance,443543,1491.0
55094,0.04979585985871328,0.23597272225220173,3.4895952256588423,In the Valley of Elah (2007),Drama|Mystery,478134,6973.0
88911,-0.046745043097692736,0.21310240235712877,3.059216589861751,My Afternoons with Margueritte (La tête en friche) (2010),Comedy,1455151,39413.0
90522,0.46935783261121766,0.5672201203929235,4.106041780444851,Johnny English Reborn (2011),Adventure|Comedy|Thriller,1634122,58233.0
1202,-0.28719256218438505,0.654225686318517,2.8395905566944992,Withnail & I (1987),Comedy,94336,13446.0
65188,-0.0006518761660285199,0.35578078266807045,3.2767391874898837,Dear Zachary: A Letter to a Son About His Father (2008),Documentary,1152758,15584.0
901,1.446588406387922,1.5270875841840086,4.225857243327692,Funny Face (1957),Comedy|Musical,50419,13320.0
128089,-0.43077912980328636,0.41944283691372614,2.2515444015444013,Kevin Hart: I'm a Grown Little Man (2009),Comedy,1420554,27866.0
177765,0.9918473849034175,2.0618010282187713,3.759630158938002,Coco (2017),Adventure|Animation|Children,2380307,354912.0
4850,-0.24479396987244734,0.2216638309868618,2.174223602484472,Spriggan (Supurigan) (1998),Action|Animation|Sci-Fi,164917,16767.0
127184,-0.05103178660007715,0.28873247681622577,3.1018272425249167,Eden (2014),Drama,3090634,283330.0
149830,-0.2901354627381616,0.45313998518758414,2.6382936507936505,Pride and Prejudice and Zombies (2016),Comedy|Horror|Romance|Thriller,1374989,58431.0
161634,0.6161445076370067,0.45313998518758414,4.638293650793651,Don't Breathe (2016),Thriller,4160708,300669.0
1836,-0.06132230783819094,0.046890064398847256,1.9707824838478105,"Last Days of Disco, The (1998)",Comedy|Drama,120728,16980.0
2361,-2.1414861338675735,1.8766119432800796,2.1374265362904343,Pink Flamingos (1972),Comedy,69089,692.0
2696,-0.23466515959639253,0.48014211712183363,2.789830384559146,"Dinner Game, The (Dîner de cons, Le) (1998)",Comedy,119038,9421.0
3895,0.9656901332081915,0.48014211712183363,5.289830384559146,"Watcher, The (2000)",Crime|Thriller,204626,10685.0
4978,-0.7908266701140503,0.8262955196722865,2.3214965669920065,Lantana (2001),Drama|Mystery|Thriller,259393,9523.0
170907,-0.13291058714529216,0.45088654879668744,2.9837953091684435,Betting on Zero (2016),Documentary,3762912,385805.0
45210,-0.6629192666759863,0.7682482574046394,2.4156742331836827,United 93 (2006),Crime|Drama,475276,9829.0
3214,0.9326808879279547,0.5470085145651851,4.9836287779425605,American Flyers (1985),Drama,88707,14040.0
56156,0.07250353094475091,0.3137090713979886,3.5096885289525295,Hitman (2007),Action|Crime|Thriller,465494,1620.0
60937,-0.8100533724923756,0.3944215288827409,1.2247956755414777,"Mummy: Tomb of the Dragon Emperor, The (2008)",Action|Adventure|Fantasy|Thriller,859163,1735.0
30846,0.05980530308623453,0.09540026660984881,3.905459646094087,"Assassination of Richard Nixon, The (2004)",Crime|Drama|Thriller,364961,842.0
2566,0.05564828893037602,0.11020543494054859,3.7835219236209334,Doug's 1st Movie (1999),Animation|Children,187819,16508.0
2766,0.12970990819778566,0.4991368619256565,3.53843984962406,"Adventures of Sebastian Cole, The (1998)",Comedy|Drama,168449,67323.0
3176,-0.9460080783741144,6.315462789263321,3.1287790681473617,"Talented Mr. Ripley, The (1999)",Drama|Mystery|Thriller,134119,1213.0
4029,-0.8732181333456324,1.8612202343823294,2.8094071044282294,State and Main (2000),Comedy|Drama,120202,21991.0
66,0.3154206820330827,1.0521926309204026,3.5783460827211817,Lawnmower Man 2: Beyond Cyberspace (1996),Action|Sci-Fi|Thriller,116839,11525.0
405,-0.3813377488760884,0.7725164719167213,2.784940855323021,Highlander III: The Sorcerer (a.k.a. Highlander: The Final Dimension) (1994),Action|Fantasy,110027,8011.0
700,0.26544707357048375,1.0957207708488108,3.520829383912416,Angus (1995),Comedy,112368,25969.0
6888,1.1431797092407918,1.3868454716932843,4.102873582325454,Scary Movie 3 (2003),Comedy|Horror,306047,4256.0
915,-0.00037033228822943437,3.2997051083439457,3.2784591966367342,Sabrina (1954),Comedy|Romance,47437,6620.0
2465,1.0920631482196725,0.6793985780517078,4.885968299126194,Deadly Friend (1986),Horror,90917,33278.0
1012,0.09307852697990243,0.5917559736250106,3.4358635069423773,Old Yeller (1957),Children|Drama,50798,22660.0
4085,1.5533161167809344,6.092028991759203,3.533546596759586,Beverly Hills Cop (1984),Action|Comedy|Crime|Drama,86960,90.0
93510,-0.07364820214075217,2.262450367026191,3.2460190229080252,21 Jump Street (2012),Action|Comedy|Crime,1232829,64688.0
105213,-0.7062211639588573,1.0037671645948363,2.575000731233547,Don Jon (2013),Comedy|Drama|Romance,2229499,138697.0
105844,-0.05167374268844478,1.42948504291906,3.2424229267424587,12 Years a Slave (2013),Drama,2024544,76203.0
108190,0.703073046626269,1.6284658979978794,3.710310924922358,Divergent (2014),Adventure|Romance|Sci-Fi|IMAX,1840309,157350.0
187541,-0.298765434500387,0.5608704211239827,2.74588968382607,Incredibles 2 (2018),Action|Adventure|Animation|Children,3606756,260513.0
93114,-0.046745043097692736,0.21310240235712877,3.059216589861751,Ro.Go.Pa.G. (1963),Comedy|Drama,56171,59045.0
82461,1.2066324363138383,1.5927958671442854,4.036127661108121,Tron: Legacy (2010),Action|Adventure|Sci-Fi|IMAX,1104001,20526.0
4079,-0.17304234537410754,0.3607227139218554,2.798861283643892,Amazon Women on the Moon (1987),Comedy|Sci-Fi,92546,5709.0
7137,0.007165419317264596,0.5706129437051224,3.291128836173748,"Cooler, The (2003)",Comedy|Drama|Romance,318374,10744.0
44937,0.17498375809472552,0.6452526079743,3.5497578692493947,"Child, The (L'enfant) (2005)",Crime|Drama,456396,11490.0
118862,-0.2210577113464233,0.41944283691372614,2.7515444015444013,Closer to the Moon (2013),Comedy|Drama,2017486,137347.0
74727,-0.09855614434461654,0.25688641233506565,2.894914918876138,Gentlemen of Fortune (Dzhentlmeny udachi) (1972),Comedy|Crime|Drama|Mystery,68519,20871.0
5256,0.04447650727946501,0.08909955988769268,3.777749060150376,Stolen Summer (2002),Drama,286162,39541.0
180297,-0.35835386154363585,0.45088654879668744,2.4837953091684435,The Disaster Artist (2017),Comedy|Drama,3521126,371638.0
64231,-0.2041281503600218,0.5690208938577147,2.9198356553098854,Punisher: War Zone (2008),Action|Crime|Drama|Thriller,450314,13056.0
4748,0.06953996395353083,0.29480564246126767,3.5144555296115474,3 Ninjas (1992),Action|Children|Comedy,103596,16314.0
2949,-1.3526924164626228,4.115745314731223,2.9499086195241784,Dr. No (1962),Action|Adventure|Thriller,55928,646.0
46,3.267066433065046,4.4493051604250855,4.012858315010324,How to Make an American Quilt (1995),Drama|Romance,113347,11861.0
186,-1.3005416365584463,10.175376819995737,3.1507588021139257,Nine Months (1995),Comedy|Romance,113986,11472.0
282,0.7432208293685969,11.58095165628796,3.3427475732810095,Nell (1994),Drama,110638,1945.0
802,2.39603928698115,6.419599754366371,3.6518095397716563,Phenomenon (1996),Drama|Romance,117333,9294.0
1101,1.5975649135630083,11.485017096331694,3.417671344589252,Top Gun (1986),Action|Romance,92099,744.0
27716,-0.11496096059210728,0.14970272948699834,2.510643141718839,"Green Butchers, The (Grønne slagtere, De) (2003)",Comedy|Crime|Drama|Romance,342492,4972.0
36519,0.9744458629130672,1.9822871176603425,3.770147978825757,Transporter 2 (2005),Action|Crime|Thriller,388482,9335.0
176101,0.5200541662559865,1.2820419994147176,3.6842166153074354,Kingsman: The Golden Circle (2017),Action|Adventure|Comedy,4649466,343668.0
1376,3.46094597753176,7.998960746644148,3.711245883060251,Star Trek IV: The Voyage Home (1986),Adventure|Comedy|Sci-Fi,92007,168.0
2995,1.0179090688555328,2.6583109351928997,3.6614871572695344,House on Haunted Hill (1999),Horror|Thriller,185371,11377.0
4776,-0.9602187491156352,5.115331021760471,3.0908575259850872,Training Day (2001),Crime|Drama|Thriller,139654,2034.0
31696,0.5106354482343316,2.7126468915296282,3.4668139343796174,Constantine (2005),Action|Fantasy|Horror|Thriller,360486,561.0
41569,-0.42907884818057046,2.1646769970912505,3.080353011340064,King Kong (2005),Action|Adventure|Drama|Fantasy|Thriller,360717,254.0
605,-0.23646497383631243,1.5901690519436742,3.1298671297754734,One Fine Day (1996),Drama|Romance,117247,7300.0
1976,1.3202927536401938,0.788483181918094,4.953043102689321,Friday the 13th Part 3: 3D (1982),Horror,83972,9728.0
2504,-0.04318184402783599,0.34807183367892064,3.1545112781954887,200 Cigarettes (1999),Comedy|Drama,137338,15256.0
4974,0.6213765420787352,2.3190515688916618,3.5465156823405275,Not Another Teen Movie (2001),Comedy,277371,11397.0
5882,0.10104029039224127,0.9623015160012809,3.383570006160811,Treasure Planet (2002),Adventure|Animation|Children|Sci-Fi|IMAX,133240,9016.0
97225,-0.41706255442455725,0.9230870580867154,2.826758621999312,Hotel Transylvania (2012),Animation|Children|Comedy,837562,76492.0
174141,-0.15329624427625713,0.21310240235712877,2.559216589861751,Belladonna of Sadness (1973),Animation|Drama|Fantasy,71203,64847.0
92509,0.03424672969382808,0.16161378057761555,3.4904761904761905,"Vow, The (2012)",Drama|Romance,1606389,72570.0
103688,-0.02159184000234287,0.08289281104347726,3.018092386655261,"Conjuring, The (2013)",Horror|Thriller,1457767,138843.0
26265,-0.43077912980328636,0.41944283691372614,2.2515444015444013,Dr. Phibes Rises Again (1972),Adventure|Comedy|Horror|Romance,68503,18250.0
96608,-0.6405005482601495,0.41944283691372614,1.7515444015444013,Runaway Brain (1995) ,Animation|Comedy|Sci-Fi,114308,67166.0
99117,0.48339980556912604,1.1659431926401673,3.6931712209288188,This Is 40 (2012),Drama,1758830,89492.0
132584,-0.011336292889560236,0.41944283691372614,3.2515444015444013,The Even Stevens Movie (2003),Children|Comedy,327698,50794.0
2325,1.1465214899634413,2.748923939780048,3.695651535216787,Orgazmo (1997),Comedy,124819,8675.0
6169,-0.19663726732200795,0.3875954799921168,2.771245421245421,"Black Stallion Returns, The (1983)",Adventure|Children,85248,24883.0
131237,-0.22699935051214937,0.25688641233506565,2.394914918876138,What Men Talk About (2010),Comedy,1595366,35428.0
4719,0.1685653024013553,0.22618544547646366,4.023824077548331,Osmosis Jones (2001),Action|Animation|Comedy|Crime|Drama|Romance|Thriller,181739,12610.0
51562,-0.015855001239803566,0.19890819737208132,3.1988612836438923,Babylon 5: The Gathering (1993),Sci-Fi,106336,10942.0
275,0.2888196278738366,0.6908103237193874,3.6966596040908746,Mixed Nuts (1994),Comedy,110538,24070.0
5456,0.03819459096648018,0.02587128606547155,4.754902789518174,Wagons East (1994),Comedy|Western,111653,30114.0
7448,0.05026544227019905,0.12566572179706373,3.6785646928553213,Envy (2004),Comedy,326856,10710.0
4711,-0.1198585227650426,0.4991368619256565,3.03843984962406,Theremin: An Electronic Odyssey (1993),Documentary,108323,70042.0
2997,-7.225098208052418,13.856063257274581,2.757131963847625,Being John Malkovich (1999),Comedy|Drama|Fantasy,120601,492.0
51540,-0.44130033153696585,3.6315132477496945,3.1570517475375173,Zodiac (2007),Crime|Drama|Thriller,443706,1949.0
2248,-0.14444616239393915,5.5625243537239335,3.2526036928441706,Say Anything... (1989),Comedy|Drama|Romance,98258,2028.0
3159,0.48364848928725035,1.8551899430641392,3.539271682524093,Fantasia 2000 (1999),Animation|Children|Musical|IMAX,120910,49948.0
4039,0.4302340060403926,0.7864364070541191,3.8256391916878245,Annie (1982),Children|Musical,83564,15739.0
134393,-0.16934959114180176,0.9271048073385352,3.0959064377297154,Trainwreck (2015),Comedy|Romance,3152624,271718.0
5009,-0.054494485463720765,0.38127827645024287,3.1356456737367377,Ali (2001),Drama,248667,8489.0
52722,-1.6638995619022625,3.5011666684046787,2.803329967798461,Spider-Man 3 (2007),Action|Adventure|Sci-Fi|Thriller|IMAX,413300,559.0
27706,-0.0875813309354749,1.8874710098573289,3.2321700107599334,Lemony Snicket's A Series of Unfortunate Events (2004),Adventure|Children|Comedy|Fantasy,339291,11774.0
535,-0.677928955392142,2.639822402903717,3.0217628816606807,Short Cuts (1993),Drama,108122,695.0
98279,-0.6405005482601495,0.41944283691372614,1.7515444015444013,"Fantastic Fear of Everything, A (2012)",Comedy,2006040,101519.0
131130,-0.6405005482601495,0.41944283691372614,1.7515444015444013,Tom and Jerry: A Nutcracker Tale (2007),Animation|Comedy,1114698,24696.0
149144,-0.06356547014436952,0.45313998518758414,3.1382936507936505,Parasyte: Part 1 (2014),Horror|Sci-Fi,3345472,282069.0
32017,0.2808855848224657,0.4913306269334889,3.850254872315897,"Pacifier, The (2005)",Action|Comedy,395699,10022.0
63853,0.010496830352462775,0.007630988852936347,4.654124525916561,Australia (2008),Adventure|Drama|War|Western,455824,6972.0
5139,0.03838954478753856,0.07402887902308614,3.7971466831766842,"Bad News Bears, The (1976)",Comedy,74174,23479.0
3194,-0.02053919960085058,0.6122862510729639,3.2450263349736908,"Way We Were, The (1973)",Drama|Romance,70903,10236.0
616,0.9397103203376601,6.624299455950326,3.420429496218651,"Aristocats, The (1970)",Animation|Children,65421,10112.0
628,1.3537644693030524,3.029889862481633,3.7253746229932387,Primal Fear (1996),Crime|Drama|Mystery|Thriller,117381,1592.0
7155,0.987669674759457,0.9597810763381386,4.307628678301462,Calendar Girls (2003),Comedy,337909,8696.0
27689,0.1844444983818894,0.14970272948699834,4.510643141718839,"Crimson Rivers 2: Angels of the Apocalypse (Rivières pourpres II - Les anges de l'apocalypse, Les) (2004)",Action|Crime|Thriller,337103,60672.0
117176,0.7261161863612328,2.646441658889933,3.5529459585831,The Theory of Everything (2014),Drama|Romance,2980516,266856.0
2423,-1.901423595472103,4.373230168043396,2.843784435340105,Christmas Vacation (National Lampoon's Christmas Vacation) (1989),Comedy,97958,5825.0
5419,-0.4431107431839887,2.63806093594047,3.1106030783536123,Scooby-Doo (2002),Adventure|Children|Comedy|Fantasy|Mystery,267913,9637.0
4701,0.15958851525289702,2.19578899740041,3.3512507777447023,Rush Hour 2 (2001),Action|Comedy,266915,5175.0
7573,0.5744864379539943,0.4349428213479195,4.59940352363537,Never Say Never Again (1983),Action|Adventure|Thriller,86006,36670.0
64030,0.14548219045837638,0.40906295779083207,3.6342188605561314,Transporter 3 (2008),Action|Adventure|Crime|Thriller,1129442,13387.0
4207,0.10585945585237716,0.18706088584355804,3.8444805194805194,Navy Seals (1990),Action|Adventure|War,100232,12773.0
3554,-0.2365313980286907,0.5361775494007721,2.8374276352644605,Love and Basketball (2000),Drama|Romance,199725,14736.0
4677,-0.03428948351482518,0.21365059931442965,3.118078157666247,Turner & Hooch (1989),Comedy|Crime,98536,6951.0
55232,0.5425954900306016,1.02146762555956,3.809763486404263,Resident Evil: Extinction (2007),Action|Horror|Sci-Fi|Thriller,432021,7737.0
114074,0.026863345150861764,0.45215559939347605,3.337983155832788,The Skeleton Twins (2014),Drama,1571249,244772.0
7297,0.17962191978054862,0.8070383169058429,3.501140687078525,Kitchen Stories (Salmer fra kjøkkenet) (2003),Comedy|Drama,323872,11083.0
48649,-0.43077912980328636,0.41944283691372614,2.2515444015444013,Chapayev (1934),Drama|War,24966,46774.0
81087,-0.43077912980328636,0.41944283691372614,2.2515444015444013,Luck by Chance (2009),Drama,886539,16344.0
2456,0.5608333020813263,0.8527465880656402,3.9362501691613074,"Fly II, The (1989)",Horror|Sci-Fi,97368,10344.0
26082,-0.03699028547130294,0.3114888034803459,3.1598182501008036,Harakiri (Seppuku) (1962),Drama,56058,14537.0
170777,-0.22699935051214937,0.25688641233506565,2.394914918876138,There Once Was a Dog (1982),Animation|Children|Comedy,216434,72215.0
4265,0.1335760671671577,0.08909955988769268,4.777749060150375,Driven (2001),Action|Thriller,132245,10477.0
37727,0.29845456064802867,0.4913306269334889,3.8860128219784595,Flightplan (2005),Action|Drama|Thriller,408790,9315.0
3134,0.6610474478564268,0.39304346694930015,4.960439983689016,Grand Illusion (La grande illusion) (1937),Drama|War,28950,777.0
7934,-0.25289753039785484,0.9698115043611021,3.0178016508768857,Zelig (1983),Comedy,86637,11030.0
2017,-0.0018222930909498783,0.007316370768142061,3.0295007966011687,Babes in Toyland (1961),Children|Fantasy|Musical,54649,32611.0
1392,-0.5220441129079606,0.7838049320717944,2.61253311782992,Citizen Ruth (1996),Comedy|Drama,115906,13891.0
2382,0.46353756189676326,0.5631114490884213,4.101743400384733,Police Academy 5: Assignment: Miami Beach (1988),Comedy|Crime,95882,11825.0
58315,0.34762245339201664,0.2905418188158605,4.4750341436765915,"Love Guru, The (2008)",Comedy,811138,12177.0
101076,0.20235154398408642,0.2905418188158605,3.975034143676591,G.I. Joe: Retaliation (2013),Action|Adventure|Sci-Fi|Thriller|IMAX,1583421,72559.0
2448,-0.077862857277103,0.29480564246126767,3.0144555296115474,Virus (1999),Horror|Sci-Fi,120458,9423.0
1526,0.28322490367173137,0.5214068106149465,3.8217651458489152,Fathers' Day (1997),Comedy,119109,12499.0
131098,-0.6405005482601495,0.41944283691372614,1.7515444015444013,Saving Santa (2013),Animation|Children|Comedy,2204315,238302.0
3809,-1.6057350342480678,4.876650359002527,2.9493013525890883,What About Bob? (1991),Comedy,103241,10276.0
215,0.29406116720465497,3.9886791001937882,3.3522953757273597,Before Sunrise (1995),Drama|Romance,112471,76.0
2186,-0.14530358601167018,3.3973700717547617,3.2358019972340233,Strangers on a Train (1951),Crime|Drama|Film-Noir|Thriller,44079,845.0
410,-1.388445922898118,20.1468311803461,3.209655085824059,Addams Family Values (1993),Children|Comedy|Fantasy,106220,2758.0
174,0.8307128587524819,4.0637087074604725,3.482993772433673,Jury Duty (1995),Comedy,113500,19326.0
996,2.7510932389164404,3.4698606912849446,4.071425518024128,Last Man Standing (1996),Action|Crime|Drama|Thriller,116830,9333.0
1584,2.647676750734329,12.365648360151605,3.492686909912988,Contact (1997),Drama|Sci-Fi,118884,686.0
1674,1.4219728239071776,6.183133292988122,3.5085475194184013,Witness (1985),Drama|Romance|Thriller,90329,9281.0
3156,3.965305628664977,2.542370320587569,4.838259880153318,Bicentennial Man (1999),Drama|Romance|Sci-Fi,182789,2277.0
6373,1.7436460027486125,5.989962127715916,3.569666090869986,Bruce Almighty (2003),Comedy|Drama|Fantasy|Romance,315327,310.0
7843,-0.11496096059210728,0.14970272948699834,2.510643141718839,Lammbock (2001),Comedy,258760,1583.0
69122,1.1551217525444732,6.493865303720896,3.456450349448122,"Hangover, The (2009)",Comedy|Crime,1119646,18785.0
2287,-0.2898641467693286,0.9010624090385696,2.9568798965957326,Them! (1954),Horror|Sci-Fi|Thriller,47573,11071.0
88405,-0.5089124787630471,0.9038266897878224,2.715507198987196,Friends with Benefits (2011),Comedy|Romance,1632708,50544.0
173307,-0.7180234672760092,0.2600853605913917,0.5178490809416316,The Gracefield Incident (2015),Action|Horror|Sci-Fi,4464394,327253.0
54962,0.06165178544926152,0.11852113897497156,3.7987468671679196,"Nines, The (2007)",Drama|Mystery,810988,12994.0
3363,-2.979546904979405,6.400353615855182,2.813042946270331,American Graffiti (1973),Comedy|Drama,69704,838.0
85774,-0.13739331200346938,0.8812538326647329,3.1226648022274386,Senna (2010),Documentary,1424432,58496.0
8879,-0.0966410353805708,0.303738003568174,2.9603990752759026,Murder on the Orient Express (1974),Crime|Mystery|Thriller,71877,4176.0
42718,0.04672341100767309,0.060975140206802794,4.044841269841269,District 13 (Banlieue 13) (2004),Action|Crime|Sci-Fi,414852,10045.0
54121,-0.014251729199129703,0.060975140206802794,3.0448412698412697,Broken Arrow (1950),Drama|Romance|Western,42286,37292.0
58839,-0.11552509915746864,0.1904300369426374,2.671917662116151,Leatherheads (2008),Comedy|Drama|Romance,379865,4942.0
58154,0.49284491472846553,0.6528835968272363,4.033445524234886,"Other Boleyn Girl, The (2008)",Drama|Romance,467200,12184.0
5296,1.2543005423943858,0.9640551010130339,4.579638702709971,"Sweetest Thing, The (2002)",Comedy|Romance,253867,11812.0
69140,-0.005902271810869208,0.06357589921993419,3.1857332322849565,Sweeney Todd (2006),Crime|Drama|Horror|Thriller,479760,37924.0
1178,-0.6578901672536556,0.9210764103627057,2.5643091156384674,Paths of Glory (1957),Drama|War,50825,975.0
55245,0.07163358137193204,0.10261298745458866,3.9766661156950587,Good Luck Chuck (2007),Comedy|Romance,452625,10030.0
161966,-0.06356547014436952,0.45313998518758414,3.1382936507936505,Elle (2016),Thriller,3716530,337674.0
167790,0.16300452244942254,0.45313998518758414,3.6382936507936505,The Good Boy (2016),Children|Comedy|Drama,5358714,417427.0
5684,0.2454769575254411,0.48014211712183363,3.789830384559146,Naqoyqatsi (2002),Documentary,145937,21925.0
2799,-0.13775273577937108,1.0932123505873266,3.152564129344189,Problem Child 2 (1991),Comedy,102719,28597.0
3524,0.13600367908348568,0.5927719100926637,3.508008209849113,Arthur (1981),Comedy|Romance,82031,13665.0
36708,-0.14853854038866604,0.6343859999247279,3.044426065328402,Family Guy Presents Stewie Griffin: The Untold Story (2005),Adventure|Animation|Comedy,385690,65215.0
2514,0.2422017331179091,0.32067692852673924,4.03385411831976,Pet Sematary II (1992),Comedy|Horror,105128,10906.0
37477,0.07490371220225073,0.09979443573159218,4.029151474975141,"Man, The (2005)",Action|Comedy|Crime,399327,9074.0
2282,-1.4346825313517906,0.6847467288244409,1.1833696978310364,Pecker (1998),Comedy|Drama,126604,11855.0
172,-2.6765096350023683,9.441424516742485,2.9950856441692855,Johnny Mnemonic (1995),Action|Sci-Fi|Thriller,113481,9886.0
3555,2.494134324146779,6.574755676981186,3.6579215438736545,U-571 (2000),Action|Thriller|War,141926,3536.0
122924,-0.10449597795099438,0.7955188704235853,3.147215678461624,X-Men: Apocalypse (2016),Action|Adventure|Fantasy|Sci-Fi,3385516,246655.0
102445,-0.34586259133277913,2.1591890880710682,3.1183897227432658,Star Trek Into Darkness (2013),Action|Adventure|Sci-Fi|IMAX,1408101,54138.0
116823,0.2597249815959282,2.440733381883624,3.384984109089399,The Hunger Games: Mockingjay - Part 1 (2014),Adventure|Sci-Fi|Thriller,1951265,131631.0
1891,0.4126645701679647,0.6793985780517078,3.8859682991261937,"Ugly, The (1997)",Horror|Thriller,120401,40961.0
2900,0.4126645701679647,0.6793985780517078,3.8859682991261937,Monkey Shines (1988),Horror|Sci-Fi,95652,29787.0
3837,0.7364372628537943,0.9010624090385696,4.095870269879846,Phantasm II (1988),Action|Fantasy|Horror|Sci-Fi|Thriller,95863,15158.0
139915,-0.19785274609322576,0.2600853605913917,2.5178490809416316,How to Make Love Like an Englishman (2014),Comedy|Romance,1725986,253344.0
1429,-0.7715246928996822,2.921968784479306,3.014528671852805,First Strike (Police Story 4: First Strike) (Ging chaat goo si 4: Ji gaan daan yam mo) (1996),Action|Adventure|Comedy|Thriller,116704,9404.0
562,-0.20069730059644209,2.388451703850331,3.194543227258877,Welcome to the Dollhouse (1995),Comedy|Drama,114906,11446.0
1999,-1.3763536258386957,0.5597256948147927,0.8195926134321372,"Exorcist III, The (1990)",Horror,99528,11587.0
6104,-0.33185686544069426,0.597914001893618,2.7235470197271967,Monty Python Live at the Hollywood Bowl (1982),Comedy,84352,11949.0
2381,0.3851224666272113,0.6521125822193627,3.869148082247558,Police Academy 4: Citizens on Patrol (1987),Comedy|Crime,93756,10587.0
42761,-0.43077912980328636,0.41944283691372614,2.2515444015444013,Casper Meets Wendy (1998),Adventure|Children|Comedy|Fantasy,140883,39345.0
4732,2.5964172959878526,1.184138902844089,5.471234206351742,Bubble Boy (2001),Comedy,258470,9683.0
2969,-0.5160811942601939,0.3813407839361039,1.925238095238095,"Man and a Woman, A (Un homme et une femme) (1966)",Drama|Romance,61138,42726.0
3055,0.04447650727946501,0.08909955988769268,3.777749060150376,Felicia's Journey (1999),Thriller,165773,47692.0
1948,-0.15242583890294792,0.5981795228977933,3.023755218607331,Tom Jones (1963),Adventure|Comedy|Romance,57590,5769.0
5665,1.7445665983799428,0.6733414941115569,5.869480519480519,Knockaround Guys (2002),Action|Comedy|Crime,211465,7501.0
27075,0.15092356591854567,0.15756799963823007,4.236402753872634,Addams Family Reunion (1998),Children|Comedy|Fantasy,146402,11508.0
95307,0.15704692969432738,0.1346886189488228,4.444571428571429,Rock of Ages (2012),Comedy|Drama|Musical|IMAX,1336608,80585.0
27320,0.22057460824524647,0.29506373824282167,4.026120448179271,"Nine Lives of Tomas Katz, The (2000)",Comedy|Drama|Fantasy,235618,16171.0
88954,0.057080634576156156,0.2905418188158605,3.475034143676591,"Very Harold & Kumar 3D Christmas, A (2011)",Comedy,1268799,55465.0
40723,-0.22526567850773682,0.29480564246126767,2.5144555296115474,Wolf Creek (2005),Crime|Horror|Thriller,416315,9885.0
60291,-0.22526567850773682,0.29480564246126767,2.5144555296115474,Gonzo: The Life and Work of Dr. Hunter S. Thompson (2008),Documentary,479468,13003.0
1676,1.2146178879493776,9.417047263567982,3.4075521859101334,Starship Troopers (1997),Action|Sci-Fi,120201,563.0
252,0.4384977137371726,10.0012973321053,3.3224155119114513,I.Q. (1994),Comedy|Romance,110099,11777.0
55290,-0.08354181260960265,1.6736892644056167,3.2286566598110094,Gone Baby Gone (2007),Crime|Drama|Mystery,452623,4771.0
551,-0.24062862410976837,14.389191463608828,3.2618485553844025,"Nightmare Before Christmas, The (1993)",Animation|Children|Fantasy|Musical,107688,9479.0
1862,3.757823362225523,2.6047448407849294,4.721255296636263,Species II (1998),Horror|Sci-Fi,120841,10216.0
3701,1.3407525527508632,2.774268780647384,3.761852847482106,Alien Nation (1988),Crime|Drama|Sci-Fi|Thriller,94631,10128.0
102716,-0.010729431221373736,0.5506271794072521,3.259085592015151,"Fast & Furious 6 (Fast and the Furious 6, The) (2013)",Action|Crime|Thriller|IMAX,1905041,82992.0
2500,0.46761848962977814,0.2868553215751502,4.908725915725579,Jawbreaker (1999),Comedy,155776,18892.0
3221,0.20867415805274211,0.6551450452013309,3.5970873962662084,"Draughtsman's Contract, The (1982)",Drama,83851,10831.0
2289,-1.842625477457166,5.856394041261795,2.9639366098630613,"Player, The (1992)",Comedy|Crime|Drama,105151,10403.0
5690,-1.1995877062430031,1.9062432245508139,2.6492772803781026,Grave of the Fireflies (Hotaru no haka) (1988),Animation|Drama|War,95327,12477.0
2340,3.624152437911263,3.235385160143024,4.398732478500659,Meet Joe Black (1998),Romance,119643,297.0
4744,2.339292108888523,1.2526826944521816,5.145997329199467,Jeepers Creepers (2001),Horror,263488,8922.0
109483,0.4827951930215104,0.45497415111647255,4.339720049513447,That Awkward Moment (2014),Comedy|Romance,1800246,225565.0
136341,-0.6405005482601495,0.41944283691372614,1.7515444015444013,Scooby-Doo! and the Samurai Sword (2009),Animation|Children|Comedy,1421378,16390.0
65577,0.05767362740906498,0.06357589921993419,4.1857332322849565,"Tale of Despereaux, The (2008)",Adventure|Animation|Children|Comedy|Fantasy,420238,10199.0
166461,-0.7511055145691663,1.4903816654860789,2.77460286000735,Moana (2016),Adventure|Animation|Children|Comedy|Fantasy,3521164,277834.0
114795,-0.05103178660007715,0.28873247681622577,3.1018272425249167,Dracula Untold (2014),Action|Drama|Fantasy,829150,49017.0
143458,0.009403849661427925,0.2633077905199828,3.314285714285714,The Great Hypnotist (2014),Drama|Mystery|Thriller,3720058,273197.0
27416,-0.04760010156639806,0.1282697473789253,2.9074776785714285,Jalla! Jalla! (2000),Comedy|Drama|Romance,269389,10978.0
1411,-2.489321746410099,2.2300779858791944,2.162322686521854,Hamlet (1996),Crime|Drama|Romance,116477,10549.0
2745,-0.2598740046012039,1.0731253999229804,3.0364058767916875,"Mission, The (1986)",Drama,91530,11416.0
8362,-0.010345840993095962,0.9482504836408098,3.2676609769855003,Raising Helen (2004),Comedy|Drama|Romance,350028,4599.0
2976,-0.26865520448182295,0.5098025781260761,2.75159252338554,Bringing Out the Dead (1999),Drama,163988,8649.0
2815,0.837866376105054,0.6135553293681114,4.6441636351747935,Iron Eagle (1986),Action|War,91278,11037.0
4749,0.02700652265965881,0.023167252582128112,4.444291125541126,3 Ninjas Kick Back (1994),Action|Children|Comedy,109015,18885.0
111364,0.057080634576156156,0.2905418188158605,3.475034143676591,Godzilla (2014),Action|Adventure|Sci-Fi|IMAX,831387,124905.0
3929,-0.45899940338775824,0.8078389499624543,2.71038961038961,"Bank Dick, The (1940)",Comedy,32234,911.0
1278,-3.441423300461782,10.314889477286819,2.944934959849226,Young Frankenstein (1974),Comedy|Fantasy,72431,3034.0
2528,1.4372705739292657,3.2599129222380587,3.7194637493830296,Logan's Run (1976),Action|Adventure|Sci-Fi,74812,10803.0
153,9.706832315730042,35.200147802017035,3.554332552369148,Batman Forever (1995),Action|Adventure|Comedy|Crime,112462,414.0
3949,-3.516156887658558,11.820951308411264,2.9811201663234725,Requiem for a Dream (2000),Drama,180093,641.0
80219,-0.23792792608250973,0.8179430018076037,2.987685724363796,Machete (2010),Action|Adventure|Comedy|Crime|Thriller,985694,23631.0
420,4.794142825951975,14.225535668804856,3.6155810806202466,Beverly Hills Cop III (1994),Action|Comedy|Crime|Thriller,109254,306.0
785,-0.03421818178357222,9.917493242961278,3.275121143207447,Kingpin (1996),Comedy,116778,11543.0
1013,-0.31859111603525925,0.9748813885722899,2.9517715534585856,"Parent Trap, The (1961)",Children|Comedy|Romance,55277,19186.0
4019,-0.20490026612841014,2.2479139785844535,3.1874201353811795,Finding Forrester (2000),Drama,181536,711.0
79134,-0.10433761129755423,0.6170216303501829,3.1094726382448417,Grown Ups (2010),Comedy,1375670,38365.0
851,1.3272987417219635,0.6658061398619355,5.272092758965284,Basquiat (1996),Drama,115632,549.0
3980,0.5564754028185921,1.0082956797355167,3.830468470284986,Men of Honor (2000),Drama,203019,11978.0
144,-0.27000341532366023,1.9373974902400073,3.1392074536081847,"Brothers McMullen, The (1995)",Comedy,112585,16388.0
8974,0.15971292553975164,0.37067040199535883,3.709447281296652,"SpongeBob SquarePants Movie, The (2004)",Adventure|Animation|Children|Comedy,345950,11836.0
6058,0.8847872016414092,1.4142521923969247,3.9041933695505975,Final Destination 2 (2003),Horror|Thriller,309593,9358.0
83134,-0.10256952106252824,0.925535534927305,3.167749620880831,Tucker & Dale vs Evil (2010),Comedy|Horror,1465522,46838.0
1962,2.617051749234721,4.348415011152271,3.880411810072006,Driving Miss Daisy (1989),Drama,97239,403.0
105037,0.2529411448475998,0.45215559939347605,3.837983155832788,"To Do List, The (2013)",Comedy,1758795,129139.0
74324,-0.09855614434461654,0.25688641233506565,2.894914918876138,Temple Grandin (2010),Drama,1278469,33602.0
95654,-0.2279490034390911,0.264517401188002,2.4168171454304126,Geri's Game (1997),Animation|Children,131409,13929.0
152591,0.029887061822916283,0.25688641233506565,3.394914918876138,Ip Man 3 (2015),Action,2888046,365222.0
78209,0.20626659516866347,0.7204073361612982,3.564890827076944,Get Him to the Greek (2010),Comedy,1226229,32823.0
103984,0.394747619910476,0.4234210957650486,4.2108528473732845,"Great Beauty, The (Grande Bellezza, La) (2013)",Comedy|Drama,2358891,179144.0
4337,-0.044623052608227666,0.08909955988769268,2.777749060150376,"Sand Pebbles, The (1966)",Drama|Romance|War,60934,5923.0
2295,-0.23466515959639253,0.48014211712183363,2.789830384559146,"Impostors, The (1998)",Comedy,120823,28134.0
59014,1.085753020718065,0.4252304377646833,5.831899987142078,Superhero Movie (2008),Action|Comedy|Sci-Fi,426592,11918.0
6615,0.7847398601863623,0.6851418970087204,4.4239398020608895,Freddy vs. Jason (2003),Action|Horror|Thriller,329101,6466.0
45208,0.07490371220225073,0.09979443573159218,4.029151474975141,RV (2006),Adventure|Children|Comedy,449089,9530.0
70361,0.14961986579629943,0.46539927957238825,3.6000585308586754,12 Rounds (2009),Action|Thriller,1160368,17134.0
1734,-1.0141675547188407,2.1140388095299936,2.7988415626167362,My Life in Pink (Ma vie en rose) (1997),Comedy|Drama,119590,27103.0
2002,-1.6810267138128185,7.270299359535193,3.0473530659316417,Lethal Weapon 3 (1992),Action|Comedy|Crime|Drama,104714,943.0
745,-0.549602286406701,10.14251722559563,3.2243834716587476,Wallace & Gromit: A Close Shave (1995),Animation|Children|Comedy,112691,532.0
3308,1.6218783083910098,2.202506945368145,4.014949723224168,"Flamingo Kid, The (1984)",Comedy|Drama,87265,25010.0
3705,0.9839115822348352,1.5029978134719142,3.9332041721560693,Bird on a Wire (1990),Action|Comedy|Romance,99141,1727.0
4621,1.6738446456339122,1.6455110995851607,4.295790118895605,Look Who's Talking (1989),Comedy|Romance,97778,9494.0
3271,-0.4248251113182266,2.987621698316838,3.1363763469258625,Of Mice and Men (1992),Drama,105046,9609.0
2301,-0.9996510475385305,2.0695816240303517,2.795550591929196,History of the World: Part I (1981),Comedy|Musical,82517,10156.0
3901,0.20198962401342727,0.9805370536099504,3.484570399512691,Duets (2000),Comedy|Drama,134630,18074.0
26871,-0.0447392993025311,0.060975140206802794,2.5448412698412697,My Father the Hero (1994),Comedy|Romance,110612,10486.0
949,0.16704348609453207,0.8358191359789439,3.478427448736466,East of Eden (1955),Drama,48028,220.0
99853,-0.2210577113464233,0.41944283691372614,2.7515444015444013,Codependent Lesbian Space Alien Seeks Same (2011),Comedy|Romance|Sci-Fi,1762248,105538.0
130087,0.000957696754176052,0.002818551722996489,3.6183547103051747,The Cobbler (2015),Comedy|Drama|Fantasy,3203616,238215.0
183227,-0.00045157910732219244,0.002818551722996489,3.1183547103051747,Dave Chappelle: The Bird Revelation (2017),Comedy,7808620,494368.0
67695,-0.3143539113478673,0.7436818040034446,2.8558719492301115,Observe and Report (2009),Action|Comedy,1197628,16991.0
7255,-0.1128719579585067,0.3768607517662577,2.979065689569682,Win a Date with Tad Hamilton! (2004),Comedy|Romance,335559,13476.0
927,-0.18488365986245148,0.5512894584989461,2.943205574912892,"Women, The (1939)",Comedy,32143,22490.0
1867,0.18276776365906516,0.2399071501563318,4.0403985085061755,Tarzan and the Lost City (1998),Action|Adventure,120856,38618.0
26686,0.34762245339201664,0.2905418188158605,4.4750341436765915,Ghost Dad (1990),Comedy|Fantasy,99654,10485.0
475,-1.313859742838841,7.361254325234251,3.1000882944763393,In the Name of the Father (1993),Drama,107207,7984.0
1719,-1.0232463111873444,3.6723962146450893,2.999939643932626,"Sweet Hereafter, The (1997)",Drama,120255,10217.0
1246,-2.0897772199801223,8.330622858101785,3.0277165698680664,Dead Poets Society (1989),Drama,97165,207.0
4310,1.9834599143087601,2.7763135594914368,3.9929935829163035,Pearl Harbor (2001),Action|Drama|Romance|War,213149,676.0
32587,-2.147901395515064,7.110521812559605,2.9764977619495023,Sin City (2005),Action|Crime|Film-Noir|Mystery|Thriller,401792,187.0
3394,2.1615094232104024,2.0034231765551587,4.357479493779634,Blind Date (1987),Comedy|Romance,92666,918.0
3395,-0.2667340078837431,0.6793985780517078,2.8859682991261937,Nadine (1987),Comedy,93596,61178.0
135133,0.3400771410564238,1.5213112492204721,3.502113548062546,The Hunger Games: Mockingjay - Part 2 (2015),Adventure|Sci-Fi,1951266,131634.0
86882,0.13706156711727693,1.7536506506912866,3.3567292800586945,Midnight in Paris (2011),Comedy|Fantasy|Romance,1605783,59436.0
1361,1.0594763497665864,2.8623015451364844,3.648719832944409,Paradise Lost: The Child Murders at Robin Hood Hills (1996),Documentary,117293,17204.0
2501,0.7171327265925155,3.114815093735943,3.5088042690487677,October Sky (1999),Drama,132477,13466.0
51931,0.24708980322697396,0.2651628182897412,4.21041324870543,Reign Over Me (2007),Drama,490204,2355.0
8235,-0.046745043097692736,0.21310240235712877,3.059216589861751,Safety Last! (1923),Action|Comedy|Romance,14429,22596.0
3148,-0.7668762036064068,1.7420346015283903,2.8383527308867897,"Cider House Rules, The (1999)",Drama,124315,1715.0
3769,-0.30814079532040173,0.5300553974923592,2.697234464966896,Thunderbolt and Lightfoot (1974),Action,72288,8348.0
1762,0.641540296500265,0.5136159591088084,4.527637554969491,Deep Rising (1998),Action|Horror|Sci-Fi,118956,9457.0
18,0.043015216322088434,3.352079720085708,3.2914038251473037,Four Rooms (1995),Comedy,113101,5.0
1292,0.3280309531612288,1.6524260247347788,3.4770861870241583,Being There (1979),Comedy|Drama,78841,10322.0
58162,-0.0447392993025311,0.060975140206802794,2.5448412698412697,Run Fatboy Run (2007),Comedy|Romance,425413,7942.0
100810,-0.02159184000234287,0.08289281104347726,3.018092386655261,Dark Skies (2013),Horror|Sci-Fi|Thriller,2387433,145135.0
947,0.7662270730997011,0.4663329013125734,4.921661742257262,My Man Godfrey (1936),Comedy|Romance,28010,13562.0
69720,-0.43077912980328636,0.41944283691372614,2.2515444015444013,Hood of Horror (2006),Comedy|Drama|Horror,475298,15423.0
145491,-0.011336292889560236,0.41944283691372614,3.2515444015444013,Our Lips Are Sealed (2000),Children|Comedy|Drama,270560,34729.0
2117,-0.2081305113828746,1.3016843869324795,3.118678206011273,1984 (Nineteen Eighty-Four) (1984),Drama|Sci-Fi,87803,9314.0
5380,-0.38144032833881863,1.0140235507032485,2.9024062713871785,"Importance of Being Earnest, The (2002)",Comedy|Drama|Romance,278500,9026.0
4941,-0.6590902117998894,0.897398058118193,2.544125654104327,Flash Gordon (1980),Action|Adventure|Sci-Fi,80745,3604.0
8796,-0.05778824735270272,0.4196044431144973,3.1408506577336084,"Funny Thing Happened on the Way to the Forum, A (1966)",Comedy|Musical,60438,17768.0
66371,0.5278410463670963,1.5519501500315798,3.6186861199849094,Departures (Okuribito) (2008),Drama,1069238,16804.0
86347,-1.8766766256066172,1.0779644095546472,1.5376265430329978,Louis C.K.: Chewed Up (2008),Comedy,1190722,30969.0
172577,-0.22699935051214937,0.25688641233506565,2.394914918876138,Last Year's Snow Was Falling (1983),Animation|Children|Comedy|Fantasy,219233,145760.0
183197,-0.00045157910732219244,0.002818551722996489,3.1183547103051747,Dave Chappelle: Equanimity (2017),Comedy,7807952,488223.0
3831,-0.6045067234934801,0.7753725710013811,2.498937551772344,Saving Grace (2000),Comedy,195234,2360.0
4795,-0.06100354192262249,0.29476570350176007,3.071615391291948,Father Goose (1964),Adventure|Comedy|Romance|War,58092,30295.0
1929,-0.004765147353409919,0.007630988852936347,2.6541245259165613,Grand Hotel (1932),Drama|Romance,22958,33680.0
8918,0.025006494336454646,0.09979443573159218,3.5291514749751407,Eulogy (2004),Comedy|Crime|Drama,349416,16358.0
44929,-0.4621392294391345,0.7506077783444117,2.6628847240471853,Candy (2006),Drama|Romance,424880,4441.0
2859,-0.3428937808032169,0.8485006423096841,2.874454137782074,Stop Making Sense (1984),Documentary|Musical,88178,24128.0
2066,-0.04270534916497246,0.30006126913283304,3.1362493311931514,Out of the Past (1947),Film-Noir,39689,678.0
1097,1.7348239267751346,16.497067816357653,3.383730960318941,E.T. the Extra-Terrestrial (1982),Children|Drama|Sci-Fi,83866,601.0
1258,-3.8808474926935053,12.652207481875099,2.9718385917717627,"Shining, The (1980)",Horror,81505,694.0
3729,-0.33047973048048684,0.6313596711702002,2.7551301231298635,Shaft (1971),Action|Crime|Drama|Thriller,67741,482.0
4121,0.06484944248110687,1.027619277623756,3.341677915470996,Innerspace (1987),Action|Adventure|Comedy|Sci-Fi,93260,2614.0
8644,0.5654408712516987,3.692847742621192,3.431689268964801,"I, Robot (2004)",Action|Adventure|Sci-Fi|Thriller,343818,2048.0
69644,1.107533681631856,1.7103851214467594,3.9261061081850053,Ice Age: Dawn of the Dinosaurs (2009),Action|Adventure|Animation|Children|Comedy|Romance,1080016,8355.0
5673,-1.050459292716898,4.11234231878357,3.023130803427259,Punch-Drunk Love (2002),Comedy|Drama|Romance,272338,8051.0
31101,0.0023912159617757362,0.11852113897497156,3.2987468671679196,Stander (2003),Action|Crime|Drama,326208,18927.0
1204,-2.8056630441625243,5.5397794040279695,2.7721138894639092,Lawrence of Arabia (1962),Adventure|Drama|War,56172,947.0
74,0.1274724242681574,0.9569946549727948,3.4117721978816618,Bed of Roses (1996),Drama|Romance,115644,20927.0
934,1.3355999328617756,1.6964835007906824,4.065846950107177,Father of the Bride (1950),Comedy,42451,20758.0
5582,0.7923488258779431,0.9513877333993244,4.111406242456265,Captain Ron (1992),Adventure|Comedy,103924,14361.0
185031,-0.06062399555369137,0.14502210701079107,2.8605386416861824,Alpha (2018),Adventure|Thriller,4244998,399360.0
92494,-0.1818295309447404,0.13281887570357048,1.9095677385345282,Dylan Moran: Monster (2004),Comedy|Documentary,439553,13976.0
8183,0.49761006208187547,0.6452526079743,4.049757869249395,Educating Rita (1983),Comedy|Drama,85478,38291.0
83177,-3.3603808702747786,0.9504107511888263,-0.2571428571428571,Yogi Bear (2010),Children|Comedy,1302067,41515.0
130520,0.31918737472732883,0.9354480996883461,3.619784773099756,Home (2015),Adventure|Animation|Children|Comedy|Fantasy|Sci-Fi,2224026,228161.0
5034,0.7160611706393899,0.8256058667477683,4.145887419747827,"Truly, Madly, Deeply (1991)",Drama|Romance,103129,18317.0
27482,-0.08778391875407518,0.7436818040034446,3.160531806946279,Cube 2: Hypercube (2002),Horror|Mystery|Sci-Fi,285492,437.0
71520,-0.2187425033830745,0.751312792856381,2.9874243784174603,"Invention of Lying, The (2009)",Comedy,1058017,23082.0
1713,-1.1978364632117202,1.26558998542797,2.332106556848647,Mouse Hunt (1997),Children|Comedy,119715,6283.0
4373,0.36618149870791966,0.30212201322940974,4.490603265622203,Pootie Tang (2001),Comedy,258038,10615.0
8948,0.010496830352462775,0.007630988852936347,4.654124525916561,Alfie (2004),Comedy|Drama|Romance,375173,8849.0
109578,-0.07582995256913601,0.7414283676125479,3.1762959345634045,Non-Stop (2014),Action|Mystery|Thriller,2024469,225574.0
80615,-0.0744891299975752,0.29506373824282167,3.026120448179271,Legend of the Guardians: The Owls of Ga'Hoole (2010),Adventure|Animation|Fantasy|IMAX,1219342,41216.0
90439,0.057080634576156156,0.2905418188158605,3.475034143676591,Margin Call (2011),Drama|Thriller,1615147,50839.0
2377,0.22977664914311405,0.17024360822876175,4.628264680105171,Lifeforce (1985),Horror|Sci-Fi,89489,11954.0
2095,0.010500646620933224,0.029660461004242435,3.632599864590386,"Shaggy D.A., The (1976)",Children|Comedy,75200,15943.0
2700,-5.350730555078217,11.028678706079768,2.7934062789031797,"South Park: Bigger, Longer and Uncut (1999)",Animation|Comedy|Musical,158983,9473.0
104,8.837780677188851,14.409912323267188,3.8918840205515193,Happy Gilmore (1996),Comedy,116483,9614.0
180,-1.0404562795918704,4.216580846330405,3.0318178816787236,Mallrats (1995),Comedy|Romance,113749,2293.0
468,2.489373258390371,4.535746668527081,3.8274057088595645,"Englishman Who Went Up a Hill But Came Down a Mountain, The (1995)",Comedy|Romance,112966,10612.0
31658,-0.7491586155299632,3.054069960778826,3.0332729825139197,Howl's Moving Castle (Hauru no ugoku shiro) (2004),Adventure|Animation|Fantasy|Romance,347149,4935.0
2118,-1.5532548301349536,2.9223163015850013,2.7470564692590154,"Dead Zone, The (1983)",Thriller,85407,11336.0
2140,1.3928661641927496,6.805460130382776,3.4832403469850917,"Dark Crystal, The (1982)",Adventure|Fantasy,83791,11639.0
40815,0.5547994458331318,5.7048370984722565,3.37582213639299,Harry Potter and the Goblet of Fire (2005),Adventure|Fantasy|Thriller|IMAX,330373,674.0
6790,-0.03714475043306316,0.2496952668000358,3.129811097992916,Avalon (2001),Drama|Fantasy|Sci-Fi,267287,10881.0
47894,-0.05686935352571004,0.11852113897497156,2.7987468671679196,"Wind That Shakes the Barley, The (2006)",Drama|War,460989,1116.0
165969,-0.15329624427625713,0.21310240235712877,2.559216589861751,HyperNormalisation (2016),Documentary,6156350,419546.0
2265,0.16245849202302737,0.41203736497900767,3.6728523987725272,Nothing But Trouble (1991),Adventure|Comedy,102558,11933.0
1416,0.0890469924486192,0.5686864474630616,3.435155065909477,Evita (1996),Drama|Musical,116250,8818.0
932,-0.6029566492571913,0.9910815475591681,2.670188949105283,"Affair to Remember, An (1957)",Drama|Romance,50105,8356.0
52975,0.14804320128562995,0.9239897032637007,3.438793128837908,Hairspray (2007),Comedy|Drama|Musical,427327,2976.0
56251,-0.1865652177290955,0.6110332583385326,2.9732439931444485,Futurama: Bender's Big Score (2007),Animation|Comedy|Sci-Fi,471711,7249.0
59126,-0.07796174825326053,0.16076957593839497,2.7936429351160834,Religulous (2008),Comedy|Documentary,815241,13007.0
27619,-0.43077912980328636,0.41944283691372614,2.2515444015444013,"Lion King 1½, The (2004)",Adventure|Animation|Children|Comedy,318403,11430.0
90717,-0.22842758581919995,0.7099846557295866,2.956835481215685,Tower Heist (2011),Action|Comedy|Crime,471042,59108.0
147330,-0.22699935051214937,0.25688641233506565,2.394914918876138,Sherlock Holmes and Dr. Watson: Acquaintance (1979),Crime,79902,72095.0
167746,-0.1522073240834658,0.7465003557264411,3.0746769187887124,The Lego Batman Movie (2017),Action|Animation|Comedy,4116284,324849.0
656,0.37168648385227043,0.7965426650113118,3.745196130773654,Eddie (1996),Comedy,116168,11107.0
46337,-0.05103178660007715,0.28873247681622577,3.1018272425249167,Garfield: A Tail of Two Kitties (2006),Animation|Children|Comedy,455499,9513.0
4467,-0.3942742137963162,1.794505819238631,3.058859567194686,"Adventures of Baron Munchausen, The (1988)",Adventure|Comedy|Fantasy,96764,14506.0
5435,0.04447650727946501,0.08909955988769268,3.777749060150376,Hombre (1967),Western,61770,27945.0
5809,0.2454769575254411,0.48014211712183363,3.789830384559146,Femme Fatale (2002),Crime|Thriller,280665,9280.0
3470,-0.08007224051520288,0.44204264284420214,3.097429989365473,Dersu Uzala (1975),Adventure|Drama,71411,9764.0
7811,-0.015855001239803566,0.19890819737208132,3.1988612836438923,Babylon 5: The River of Souls (1998),Drama|Sci-Fi,146247,10921.0
147380,0.0835990974462371,0.19890819737208132,3.6988612836438923,Doctor Who: The Next Doctor (2008),Adventure|Children|Drama|Sci-Fi,1321969,317190.0
92439,-0.07161886994297252,0.17498994823504618,2.8692972350230415,"Art of Getting By, The (2011)",Drama|Romance,1645080,64678.0
31427,0.4251410091213966,0.7148023580129629,3.8733386454888725,Hide and Seek (2005),Horror|Mystery|Thriller,382077,11096.0
31867,0.025006494336454646,0.09979443573159218,3.5291514749751407,Man of the House (2005),Action|Comedy,331933,13498.0
917,-0.054557146010172565,0.11020543494054859,2.7835219236209334,"Little Princess, The (1939)",Children|Drama,31580,26531.0
8831,-0.077862857277103,0.29480564246126767,3.0144555296115474,Suspect Zero (2004),Crime|Thriller,324127,8080.0
37382,-0.077862857277103,0.29480564246126767,3.0144555296115474,Domino (2005),Crime|Drama|Thriller,421054,9923.0
58870,0.06953996395353083,0.29480564246126767,3.5144555296115474,Zebraman (2004),Comedy,388556,36223.0
3368,-0.004329583881187994,0.029660461004242435,3.132599864590386,"Big Country, The (1958)",Romance|Western,51411,12501.0
5544,0.010500646620933224,0.029660461004242435,3.632599864590386,Time After Time (1979),Sci-Fi|Thriller,80025,24750.0
133867,-0.43077912980328636,0.41944283691372614,2.2515444015444013,Barely Lethal (2015),Action|Adventure|Comedy,1731701,248574.0
2973,-1.8400582564488515,2.3771675172984197,2.5045164900536654,Crimes and Misdemeanors (1989),Comedy|Crime|Drama,97123,11562.0
991,0.9797225190738283,1.9039941654836163,3.7931331519394083,Michael Collins (1996),Drama,117039,1770.0
2110,-0.10126173884233775,1.9476751075470786,3.2265803452280326,Dead Men Don't Wear Plaid (1982),Comedy|Crime|Thriller,83798,9442.0
4367,1.5678803327533963,4.130558786838674,3.658152113332333,Lara Croft: Tomb Raider (2001),Action|Adventure,146316,1995.0
6428,0.0023912159617757362,0.11852113897497156,3.2987468671679196,Two Mules for Sister Sara (1970),Comedy|War|Western,65134,11916.0
82767,0.07382517078488798,0.165368382558149,3.725,Rabbit Hole (2010),Drama,935075,27585.0
114335,-0.046745043097692736,0.21310240235712877,3.059216589861751,La cravate (1957),(no genres listed),121731,32891.0
135518,0.0843981114570997,0.14502210701079107,3.8605386416861824,Self/less (2015),Action|Mystery|Sci-Fi|Thriller,2140379,238615.0
187595,0.011887057951704168,0.14502210701079107,3.3605386416861824,Solo: A Star Wars Story (2018),Action|Adventure|Children|Sci-Fi,3778644,348350.0
3088,1.1787841718176946,0.6067827658690802,5.221250486255855,Harvey (1950),Comedy|Fantasy,42546,11787.0
6025,0.17413238738328496,0.38659399998732696,3.7289984589676406,CB4 - The Movie (1993),Comedy,106500,15278.0
55282,0.25611491934415076,1.6463225951021647,3.43413931065365,30 Days of Night (2007),Horror|Thriller,389722,4513.0
182299,-0.2210577113464233,0.41944283691372614,2.7515444015444013,Porky's Hare Hunt (1938),Animation|Children|Comedy,30608,188763.0
4214,0.6593871735082516,1.1928357343817995,3.8313610160245464,Revenge of the Nerds (1984),Comedy,88000,14052.0
91126,-0.005902271810869208,0.06357589921993419,3.1857332322849565,War Horse (2011),Drama|War,1568911,57212.0
128914,-0.0046794066918169255,0.002818551722996489,1.618354710305175,Tom Segura: Completely Normal (2014),Comedy,3500822,259395.0
4234,0.28995346480490614,0.5692416770095263,3.7879393763439064,"Tailor of Panama, The (2001)",Drama|Thriller,236784,2575.0
5107,-0.2540292642708758,0.5951129630749978,2.851712529450351,Hart's War (2002),Drama|War,251114,10592.0
42015,-0.020109467310250956,0.037291449857178784,2.7393200080107505,Casanova (2005),Action|Adventure|Comedy|Drama|Romance,402894,9681.0
48412,0.027872335835981074,0.10742542458452853,3.5380289633568696,"Guardian, The (2006)",Action|Adventure|Drama,406816,4643.0
5083,-0.23466515959639253,0.48014211712183363,2.789830384559146,Rare Birds (2001),Comedy|Drama,295552,74692.0
27592,0.057265007804591865,0.34940803360654793,3.4424629316187665,Sympathy for Mr. Vengeance (Boksuneun naui geot) (2002),Crime|Drama,310775,4689.0
48596,0.07490371220225073,0.09979443573159218,4.029151474975141,"Marine, The (2006)",Action|Drama|Thriller,419946,8975.0
80969,-0.0744891299975752,0.29506373824282167,3.026120448179271,Never Let Me Go (2010),Drama|Romance|Sci-Fi,1334260,42188.0
2182,1.0136509896950867,0.7973230345772327,4.549889258028793,"Wrong Man, The (1956)",Drama|Film-Noir|Thriller,51207,22527.0
77455,-0.5193670261004362,1.934474961897951,3.0100918481529386,Exit Through the Gift Shop (2010),Comedy|Documentary,1587707,39452.0
7482,-0.25702772934097484,0.8209115627848834,2.9654710399387882,Enter the Dragon (1973),Action|Crime,70034,9461.0
2184,0.12520098733604695,1.4901182504784911,3.3625922687267944,"Trouble with Harry, The (1955)",Comedy|Mystery,48750,11219.0
122892,-0.49314101007257577,3.8872813014390504,3.1517112988735807,Avengers: Age of Ultron (2015),Action|Adventure|Sci-Fi,2395427,99861.0
407,-0.6095006261815485,0.9794598471845408,2.6562890267623507,In the Mouth of Madness (1995),Horror|Thriller,113409,2654.0
788,8.669437453896746,12.887857091932881,3.951254046950504,"Nutty Professor, The (1996)",Comedy|Fantasy|Romance|Sci-Fi,117218,9327.0
2643,2.7148368010461894,1.983798219159456,4.647075934133731,Superman IV: The Quest for Peace (1987),Action|Adventure|Sci-Fi,94074,11411.0
2733,0.5954323338270299,0.9193057282080396,3.926269267882926,Vibes (1988),Adventure|Comedy|Romance,96378,21185.0
106540,0.20384162021233956,0.9728885680439748,3.488093491948296,Delivery Man (2013),Comedy,2387559,146239.0
61323,1.176697847837082,3.7731852710774767,3.5904293849927047,Burn After Reading (2008),Comedy|Crime|Drama,887883,4944.0
2730,-1.126494927351343,0.7298373839218695,1.7350838624810396,Barry Lyndon (1975),Drama|Romance|War,72684,3175.0
59725,0.1011367987367911,0.37964446842921595,3.5449701440729235,Sex and the City (2008),Comedy|Romance,1000774,4564.0
42632,-0.5227929106760629,0.5366201017163511,2.304338616561708,Lady Vengeance (Sympathy for Lady Vengeance) (Chinjeolhan geumjassi) (2005),Crime|Drama|Mystery|Thriller,451094,4550.0
56339,-0.20329433833594182,0.3930722325252492,2.7613780948426636,"Orphanage, The (Orfanato, El) (2007)",Drama|Horror|Mystery|Thriller,464141,6537.0
69524,0.2016927834312807,0.28542937444220046,3.985200813950695,Raiders of the Lost Ark: The Adaptation (1989),Action|Adventure|Thriller,772251,62128.0
6484,0.3269703634052419,0.5684369475660869,3.8537809831319683,Hollywood Homicide (2003),Action|Crime|Drama,329717,11375.0
6604,-0.2210577113464233,0.41944283691372614,2.7515444015444013,Hawks and Sparrows (Uccellacci e Uccellini) (1966),Comedy,61132,33954.0
79139,0.3313158108371156,0.7110918717964516,3.7444968933079372,"Sorcerer's Apprentice, The (2010)",Action|Adventure|Children|Comedy|Fantasy,963966,27022.0
116977,0.0023669726156742964,0.002818551722996489,4.118354710305175,Dumb and Dumber To (2014),Comedy,2096672,100042.0
155812,-0.001860854968820437,0.002818551722996489,2.6183547103051747,Get a Job (2016),Comedy,1468846,186759.0
69306,-0.015486873867913517,0.363102226251575,3.2359198755148975,"Taking of Pelham 1 2 3, The (2009)",Crime|Drama|Thriller,1111422,18487.0
78218,0.3895745150432146,0.45313998518758414,4.138293650793651,Unthinkable (2010),Drama|Thriller,914863,38199.0
5530,1.018721437930794,1.0353616551449032,4.26249953994061,Simone (S1m0ne) (2002),Comedy|Drama|Fantasy|Sci-Fi,258153,9296.0
26131,-0.0182323708014623,0.48966938723926845,3.2413373860182366,"Battle of Algiers, The (La battaglia di Algeri) (1966)",Drama|War,58946,17295.0
7164,-0.29160761046950956,0.10698877949285558,0.5529808399902931,Peter Pan (2003),Action|Adventure|Children|Fantasy,316396,10601.0
4178,-0.37693520569826516,0.7598182761255149,2.7824854333511726,Of Mice and Men (1939),Drama,31742,51802.0
4811,-0.23466515959639253,0.48014211712183363,2.789830384559146,Quadrophenia (1979),Drama|Musical,79766,10373.0
8836,-0.2501564020370783,0.39460007819285986,2.6446222332678864,Wicker Park (2004),Drama|Romance|Thriller,324554,11208.0
5833,-0.22526567850773682,0.29480564246126767,2.5144555296115474,Dog Soldiers (2002),Action|Horror,280609,11880.0
3345,-0.004329583881187994,0.029660461004242435,3.132599864590386,"Charlie, the Lonesome Cougar (1967)",Adventure|Children,62793,57855.0
1009,0.22096281805627127,1.1263992390451618,3.4747388356477855,Escape to Witch Mountain (1975),Adventure|Children|Fantasy,72951,14821.0
2599,0.1956068827970682,12.61910958575966,3.2940722752411338,Election (1999),Comedy,126886,9451.0
4232,-0.7137854203033874,1.519610424773387,2.808855369332212,Spy Kids (2001),Action|Adventure|Children|Comedy,227538,10054.0
54503,-0.41541254609655714,4.235609379476272,3.1804952112248888,Superbad (2007),Comedy,829482,8363.0
1387,-3.5270429406077834,11.708117829237677,2.977323782105145,Jaws (1975),Action|Horror,73195,578.0
2021,0.04832134590317161,7.347292055047526,3.285148184407611,Dune (1984),Adventure|Sci-Fi,87182,841.0
2690,0.30589494549829355,1.3488395904038644,3.5053552119616413,"Ideal Husband, An (1999)",Comedy|Romance,122541,24137.0
2713,1.53089840699962,1.4503137602343914,4.334135023825606,Lake Placid (1999),Horror|Thriller,139414,9825.0
143969,0.4766528623949097,0.3373707240665841,4.691417382273198,Er ist wieder da (2015),Comedy,4176826,318917.0
156607,0.3794597616165648,0.21310240235712877,5.059216589861752,The Huntsman Winter's War (2016),Action|Adventure|Drama|Fantasy,2381991,290595.0
190183,-0.15329624427625713,0.21310240235712877,2.559216589861751,The Darkest Minds (2018),Sci-Fi|Thriller,4073790,445651.0
7000,-0.12302588192855039,0.3937940458095377,2.9661596914268475,Hudson Hawk (1991),Action|Adventure|Comedy,102070,9292.0
7040,0.21959787852029403,0.1721302148226759,4.554337445284521,To Live and Die in L.A. (1985),Action|Crime|Drama|Thriller,90180,9846.0
91077,-0.05066624232366185,0.1543095039048878,2.9502297448674155,"Descendants, The (2011)",Comedy|Drama,1033575,65057.0
121338,-0.43077912980328636,0.41944283691372614,2.2515444015444013,Carry on Cabby (1963),Adventure|Comedy|Romance,56912,19254.0
26587,-0.22699935051214937,0.25688641233506565,2.394914918876138,"Decalogue, The (Dekalog) (1989)",Crime|Drama|Romance,92337,
65130,-0.4952967975133908,0.5954595929893433,2.4467823309655143,Revolutionary Road (2008),Drama|Romance,959337,4148.0
617,0.17014965828280096,0.31573225360498364,3.817476327706875,"Flower of My Secret, The (La flor de mi secreto) (1995)",Comedy|Drama,113083,4307.0
7762,-0.3686091690821534,0.3766224118882872,2.2998480243161095,"Tinker, Tailor, Soldier, Spy (1979)",Drama|Thriller,80297,140207.0
1107,0.5891517913520702,1.1228291066894824,3.803274420186162,Loser (1991),Comedy,102336,
3993,1.474390614598911,1.0314315756207797,4.7080318498422535,Quills (2000),Drama|Romance,180073,10876.0
3688,0.4796654649578046,0.5769385576846605,4.109969258667536,Porky's (1982),Comedy,84522,10246.0
148888,0.20235154398408642,0.2905418188158605,3.975034143676591,Zoolander 2 (2016),Comedy,1608290,329833.0
3696,-0.22526567850773682,0.29480564246126767,2.5144555296115474,Night of the Creeps (1986),Comedy|Horror|Sci-Fi|Thriller,91630,15762.0
6794,0.3643456064147985,0.29480564246126767,4.514455529611547,Beethoven's 2nd (1993),Children|Comedy,106375,10438.0
963,-0.004329583881187994,0.029660461004242435,3.132599864590386,"Inspector General, The (1949)",Musical,41509,40206.0
127323,-0.4024465997008425,0.17485746075652778,0.977001921844971,Vice (2015),Action|Adventure|Sci-Fi|Thriller,3480796,307663.0
954,-0.2686237343065281,2.487376959120266,3.170576645825859,Mr. Smith Goes to Washington (1939),Drama,31679,3083.0
36,-0.07522914790585009,14.303297618537913,3.273311861867849,Dead Man Walking (1995),Crime|Drama,112818,687.0
208,4.584557935748362,21.417387929954394,3.4926291815869766,Waterworld (1995),Action|Adventure|Sci-Fi,114898,9804.0
315,2.1167652705175075,11.823230469165011,3.4576058537260455,"Specialist, The (1994)",Action|Drama|Thriller,111255,2636.0
187,-0.3881075841947864,1.0677414318269356,2.9150868127026563,Party Girl (1995),Comedy,114095,36196.0
1882,3.1973369263574756,7.037541414528619,3.7328972702292478,Godzilla (1998),Action|Sci-Fi|Thriller,120685,929.0
1359,1.2560496533764278,4.073199809270605,3.5869406989709947,Jingle All the Way (1996),Children|Comedy,116705,9279.0
2558,1.6184257619370732,1.1595406951735414,4.674318700464161,Forces of Nature (1999),Comedy|Romance,141098,1641.0
2746,2.1561490311331455,3.7726625550069723,3.850090614211704,Little Shop of Horrors (1986),Comedy|Horror|Musical,91419,10776.0
3712,-0.2667340078837431,0.6793985780517078,2.8859682991261937,Soapdish (1991),Comedy,102951,25562.0
81564,0.019354816314690368,1.6822570897418836,3.290076695175869,Megamind (2010),Action|Animation|Children|Comedy|Sci-Fi|IMAX,1001526,38055.0
108945,-0.06781006579752989,0.2600853605913917,3.0178490809416316,RoboCop (2014),Action|Crime|Sci-Fi|IMAX,1234721,97020.0
138036,0.21885863611525472,1.980683594689506,3.3890679443713503,The Man from U.N.C.L.E. (2015),Action|Adventure|Comedy,1638355,203801.0
1217,-0.9698754443606791,1.8913473987058624,2.7657753948949564,Ran (1985),Drama|War,89881,11645.0
2454,0.10847253252110135,2.561327199209,3.3209215557065326,"Fly, The (1958)",Horror|Mystery|Sci-Fi,51622,11815.0
65514,-0.007897126595705226,0.867893983555142,3.2694722450935614,Ip Man (2008),Action|Drama|War,1220719,14756.0
1277,-2.274670786365339,3.2343452387139293,2.575285100588144,Cyrano de Bergerac (1990),Comedy|Drama|Romance,99334,11673.0
4380,-0.03555255745955376,0.02887772538348671,2.0474302293451228,"Princess and the Warrior, The (Krieger und die Kaiserin, Der) (2000)",Drama|Romance,203632,9301.0
3444,0.034866223376128325,1.1638017661056934,3.3085303308446203,Bloodsport (1988),Action,92675,11690.0
7624,0.5334327305317139,0.47817429719908555,4.394132707494837,School Ties (1992),Drama,105327,14684.0
8838,-0.47026884987957446,0.6452526079743,2.5497578692493947,Alice Doesn't Live Here Anymore (1974),Drama|Romance,71115,16153.0
56060,-0.09855614434461654,0.25688641233506565,2.894914918876138,I Served the King of England (Obsluhoval jsem anglického krále) (2006),Comedy|Drama|Romance|War,284363,12555.0
58554,0.5436598864930475,0.25688641233506565,5.394914918876138,"Class, The (Klass) (2007)",Drama,988108,28205.0
47640,-0.10602371163676312,0.3974186299158563,3.011790498701052,Beerfest (2006),Comedy,486551,9988.0
393,0.8896812891817611,1.0201228884134308,4.150702913206048,Street Fighter (1994),Action|Adventure|Fantasy,111301,11667.0
36535,0.22146142248780026,0.12426832170945533,5.060694333599361,Everything Is Illuminated (2005),Comedy|Drama,404030,340.0
2511,-1.4396404218748027,0.84421309897608,1.5732668986833018,"Long Goodbye, The (1973)",Crime|Film-Noir,70334,1847.0
93008,-0.012396136206346267,0.007630988852936347,1.6541245259165613,"Very Potter Sequel, A (2010)",Comedy|Musical,2040264,59017.0
2208,0.004401994437221085,0.7569556021130135,3.284386821739711,"Lady Vanishes, The (1938)",Drama|Mystery|Thriller,30341,940.0
3402,-0.08007224051520288,0.44204264284420214,3.097429989365473,Turtle Diary (1985),Comedy|Drama|Romance,90219,123047.0
82169,0.21468924043470294,0.2988263775412985,3.997012826553547,"Chronicles of Narnia: The Voyage of the Dawn Treader, The (2010)",Adventure|Children|Fantasy,980970,10140.0
1993,0.06953996395353083,0.29480564246126767,3.5144555296115474,Child's Play 3 (1991),Comedy|Horror|Thriller,103956,11187.0
3046,-0.316090451956741,0.3461534025504529,2.3654200638071607,"Incredibly True Adventure of Two Girls in Love, The (1995)",Comedy|Romance,113416,29371.0
5745,-0.316090451956741,0.3461534025504529,2.3654200638071607,"Four Seasons, The (1981)",Comedy|Drama,82405,25113.0
2057,-0.004329583881187994,0.029660461004242435,3.132599864590386,"Incredible Journey, The (1963)",Adventure|Children,57180,37969.0
3846,0.010500646620933224,0.029660461004242435,3.632599864590386,Easy Money (1983),Comedy,85470,18391.0
3053,0.27059814923017067,1.6426122074693792,3.4433079062377283,"Messenger: The Story of Joan of Arc, The (1999)",Drama|War,151137,10047.0
89,1.2576036851521588,2.714201391495284,3.741913496368148,Nick of Time (1995),Action|Thriller,113972,2086.0
46530,0.15131447705640125,1.7818292065237393,3.363492293322326,Superman Returns (2006),Action|Adventure|Sci-Fi|IMAX,348150,1452.0
3668,-0.16715294966593255,1.962969331364403,3.1934183153795126,Romeo and Juliet (1968),Drama|Romance,63518,6003.0
48304,-0.1261225240875465,1.741946614743409,3.206168219988527,Apocalypto (2006),Adventure|Drama|Thriller,472043,1579.0
2706,5.315041547656605,13.312397327359715,3.6778264550671524,American Pie (1999),Comedy|Romance,163651,2105.0
422,-0.17182335497149873,1.4013831594072554,3.1559615956944764,Blink (1994),Thriller,109297,26203.0
2555,1.2288196156901563,1.1490616812695034,4.347982788919408,Baby Geniuses (1999),Comedy,118665,22345.0
3825,1.8397113230696762,3.7659135332226805,3.7670880412976224,Coyote Ugly (2000),Comedy|Drama|Romance,200550,6282.0
2376,-0.9819149773890768,2.674301903754737,2.9114045892514318,"View to a Kill, A (1985)",Action|Adventure|Thriller,90264,707.0
107449,-0.45793810668461743,0.2600853605913917,1.5178490809416316,"Muppet Christmas: Letters to Santa, A (2008)",Children|Comedy,1292569,27190.0
6721,-0.3471637268046339,0.5561432095803943,2.654337021274491,Once Upon a Time in China (Wong Fei Hung) (1991),Action|Adventure|Drama,103285,10617.0
3836,-1.4620140564154989,2.879045327808997,2.770759327701132,Kelly's Heroes (1970),Action|Comedy|War,65938,11589.0
27788,0.09367558260905834,0.8961272276280657,3.383105226586924,"Jacket, The (2005)",Drama|Mystery|Sci-Fi|Thriller,366627,9667.0
48385,0.4204195042166196,5.450275888638839,3.355708717179697,Borat: Cultural Learnings of America for Make Benefit Glorious Nation of Kazakhstan (2006),Comedy,443453,496.0
69849,-0.05686935352571004,0.11852113897497156,2.7987468671679196,Roots (1977),Drama|War,75572,67479.0
1476,-0.3485209265247614,3.2528088054070503,3.1714268199041666,Private Parts (1997),Comedy|Drama,119951,9403.0
2310,0.15476075908671505,0.9089823279230838,3.4488285989614456,"Mighty, The (1998)",Drama,119670,9821.0
145839,0.07382517078488798,0.165368382558149,3.725,Concussion (2015),Drama,3322364,321741.0
142961,0.05980615808087165,0.21310240235712877,3.559216589861751,Life Eternal (2015),Comedy|Crime|Thriller,3642618,277967.0
64285,-0.11542009309295514,0.13281887570357048,2.409567738534528,Wallace and Gromit in 'A Matter of Loaf and Death' (2008),Animation|Comedy,1118511,14447.0
4585,0.007319011586820159,0.3607227139218554,3.298861283643892,"Dream Team, The (1989)",Comedy,97235,14550.0
47518,0.17455876585975044,0.9861062362601343,3.4555896436896845,Accepted (2006),Comedy,384793,9788.0
6303,0.6506637265915552,1.3361845684925053,3.765527902949545,"Andromeda Strain, The (1971)",Mystery|Sci-Fi,66769,10514.0
40339,-0.09625678127837647,0.5192372726453183,3.0931903198771615,Chicken Little (2005),Action|Adventure|Animation|Children|Comedy|Sci-Fi,371606,9982.0
105746,-0.43077912980328636,0.41944283691372614,2.2515444015444013,UnHung Hero (2013),Documentary,2708946,173495.0
6638,0.30936560759470716,0.2216638309868618,4.6742236024844726,Valley Girl (1983),Comedy|Romance,86525,19053.0
3910,-2.1874615605299694,2.713894783324201,2.4725484486198672,Dancer in the Dark (2000),Drama|Musical,168629,16.0
67923,-0.05830321300885781,0.5474282311509262,3.172067580777025,"Fast & Furious (Fast and the Furious 4, The) (2009)",Action|Crime|Drama|Thriller,1013752,13804.0
5391,-0.48576104925254315,0.47945246419731535,2.2654135338345864,Thirteen Conversations About One Thing (a.k.a. 13 Conversations) (2001),Drama,268690,17734.0
44613,1.2373317365342758,0.8484560479092176,4.736904761904762,Take the Lead (2006),Drama,446046,12763.0
2457,-0.13721162701246953,0.6819497930005339,3.0773665474778404,Running Scared (1986),Action|Comedy,91875,15698.0
79008,-0.3865872966480105,0.7429154609153583,2.758206303619405,South Park: Imaginationland (2008),Animation|Comedy|Fantasy,1308667,16023.0
147378,0.0835990974462371,0.19890819737208132,3.6988612836438923,Doctor Who: Planet of the Dead (2009),Adventure|Children|Drama|Sci-Fi,1337072,282963.0
517,-0.351603682663771,0.35011258509688037,2.274312519779338,Rising Sun (1993),Action|Drama|Mystery,107969,7007.0
3406,0.18276776365906516,0.2399071501563318,4.0403985085061755,Captain Horatio Hornblower R.N. (1951),Action|Adventure|Drama|War,43379,23928.0
6306,-0.08329509682853868,0.09540026660984881,2.405459646094087,I Am Trying to Break Your Heart (2002),Documentary,327920,14308.0
