movieId,num,den,pred,title,genres,imdbId,tmdbId
1411,3.5684777621475208,3.0803036868053524,4.606630222156373,Hamlet (1996),Crime|Drama|Romance,116477,10549
720,5.158098542690823,4.743057734478645,4.535652822124697,Wallace & Gromit: The Best of Aardman Animation (1996),Adventure|Animation|Comedy,118114,503475
1223,3.5509697254616275,3.779197989037601,4.387757238794604,"Grand Day Out with Wallace and Gromit, A (1989)",Adventure|Animation|Children|Comedy|Sci-Fi,104361,530
750,13.904041488056707,15.027402101449397,4.373393940397886,Dr. Strangelove or: How I Learned to Stop Worrying and Love the Bomb (1964),Comedy|War,57012,935
1262,8.590528722247107,9.516545055791745,4.350842116304687,"Great Escape, The (1963)",Action|Adventure|Drama|War,57115,5925
912,14.630211323361621,16.829469984533027,4.3174690755146345,Casablanca (1942),Drama|Romance,34583,289
6620,2.2883329963259733,2.6464282679364515,4.3128351526530135,American Splendor (2003),Comedy|Drama,305206,2771
1204,10.384989706102314,12.126029543640898,4.304569354471794,Lawrence of Arabia (1962),Adventure|Drama|War,56172,947
3836,3.6773696774661055,4.391002074231259,4.285626422542185,Kelly's Heroes (1970),Action|Comedy|War,65938,11589
44761,1.7946172444932962,2.169119733272299,4.275495937953267,Brick (2005),Crime|Drama|Film-Noir|Mystery,393109,9270
1104,2.5160678008213044,3.0429472038563095,4.275000145705223,"Streetcar Named Desire, A (1951)",Drama,44081,702
954,3.252612104099744,3.9752924528515132,4.266354940345241,Mr. Smith Goes to Washington (1939),Drama,31679,3083
741,4.276181410770674,5.262733044602296,4.260688051272556,Ghost in the Shell (Kôkaku kidôtai) (1995),Animation|Sci-Fi,113568,9323
1197,22.144373626520693,27.373172277683235,4.257129021570468,"Princess Bride, The (1987)",Action|Adventure|Comedy|Fantasy|Romance,93779,2493
3030,1.8279401606049888,2.267384434748111,4.254336691388948,Yojimbo (1961),Action|Adventure,55630,11878
1283,3.895755913408232,4.8334595031436525,4.254145406401206,High Noon (1952),Drama|Western,44706,288
3037,4.5320608633421235,5.6789871282244455,4.2461883554903475,Little Big Man (1970),Western,65988,11040
1272,6.5480087238719795,8.398147805331416,4.227844826029719,Patton (1970),Drama|War,66206,11202
6787,4.2790173986575635,5.498365419575862,4.226382458510396,All the President's Men (1976),Drama|Thriller,74119,891
1221,21.11975968379854,27.146928854853844,4.226127823813842,"Godfather: Part II, The (1974)",Crime|Drama,71562,240
1208,17.322549758464373,22.704775340294802,4.211095534144704,Apocalypse Now (1979),Action|Drama|War,78788,28
1250,7.942656592619834,10.47825825873587,4.206161134513028,"Bridge on the River Kwai, The (1957)",Adventure|Drama|War,50212,826
162,2.7713315130846463,3.6761602282462613,4.202013754419919,Crumb (1994),Documentary,109508,26564
1252,8.609900347234051,11.431587278325756,4.201315611636874,Chinatown (1974),Crime|Film-Noir|Mystery|Thriller,71315,829
50,36.179355061109064,48.06415484289967,4.200878627371861,"Usual Suspects, The (1995)",Crime|Mystery|Thriller,114814,629
44195,3.3542578302462016,4.469078154366659,4.198696015927311,Thank You for Smoking (2006),Comedy|Drama,427944,9388
101,3.0431310465672268,4.056590723046008,4.198317564823436,Bottle Rocket (1996),Adventure|Comedy|Crime|Romance,115734,13685
898,3.3663005976016085,4.49492011117617,4.1970602011832145,"Philadelphia Story, The (1940)",Comedy|Drama|Romance,32904,981
1242,8.97439470168003,12.065103357342078,4.191978821789919,Glory (1989),Drama|War,97441,9665
1249,5.80399043474101,7.825622478673859,4.189813071148579,"Femme Nikita, La (Nikita) (1990)",Action|Crime|Romance|Thriller,100263,9322
1267,3.6765072349684593,4.978348796714452,4.186647326609821,"Manchurian Candidate, The (1962)",Crime|Thriller|War,56218,982
922,3.644917840826583,4.945555041535357,4.185156850549792,Sunset Blvd. (a.k.a. Sunset Boulevard) (1950),Drama|Film-Noir|Romance,43014,599
319,4.115083847666402,5.585101956113997,4.184944565331762,Shallow Grave (1994),Comedy|Drama|Thriller,111149,9905
5902,5.831772705053865,7.941751703363895,4.182466241757849,Adaptation (2002),Comedy|Drama|Romance,268126,2757
1207,6.707450211809788,9.221343905609071,4.175531223010672,To Kill a Mockingbird (1962),Drama,56592,595
2160,4.3606218700778046,6.043066484858321,4.16973894305552,Rosemary's Baby (1968),Drama|Horror|Thriller,63522,805
475,5.760349963767098,7.994114241720865,4.168721943945354,In the Name of the Father (1993),Drama,107207,7984
3083,2.063233093133245,2.883061060952302,4.163787648621384,All About My Mother (Todo sobre mi madre) (1999),Drama,185125,99
1089,17.6208778781966,24.774983557936288,4.15938483275597,Reservoir Dogs (1992),Crime|Mystery|Thriller,105236,500
1276,8.228937384684745,11.572486036057947,4.159225841218336,Cool Hand Luke (1967),Drama,61512,903
246,7.20238450520466,10.182080749166342,4.155506887022383,Hoop Dreams (1994),Documentary,110057,14275
904,9.858261063845003,14.080614311665048,4.148278138609428,Rear Window (1954),Mystery|Thriller,47396,567
1235,3.6556657063115945,5.227354103808222,4.147481871171552,Harold and Maude (1971),Comedy|Drama|Romance,67185,343
1213,18.049729621304596,25.88020935564941,4.145581800087708,Goodfellas (1990),Crime|Drama,99685,769
1261,3.705719506024964,5.324490933087061,4.144124318756495,Evil Dead II (Dead by Dawn) (1987),Action|Comedy|Fantasy|Horror,92991,765
2067,2.7078825124318278,3.8984172703123905,4.142758711887076,Doctor Zhivago (1965),Drama|Romance|War,59113,907
3508,2.899257554797026,4.19887776946424,4.138631897257904,"Outlaw Josey Wales, The (1976)",Action|Adventure|Drama|Thriller|Western,75029,10747
1719,2.7364369028861555,3.969906805891653,4.137442972281109,"Sweet Hereafter, The (1997)",Drama,120255,10217
593,45.766181914380944,66.52710062478249,4.136081047622793,"Silence of the Lambs, The (1991)",Crime|Horror|Thriller,102926,274
1203,6.9112014479715125,10.056833744572344,4.135362527573193,12 Angry Men (1957),Drama,50083,389
1172,3.9219996688405208,5.711624106374207,4.134817807972905,Cinema Paradiso (Nuovo cinema Paradiso) (1989),Drama,95765,11216
3275,5.156684702743091,7.535567365969619,4.132460790845481,"Boondock Saints, The (2000)",Action|Crime|Drama|Thriller,144117,8374
562,2.4313548828593294,3.5550396505432755,4.1320657518716875,Welcome to the Dollhouse (1995),Comedy|Drama,114906,11446
7090,3.4729830473768604,5.1172344554646205,4.126831604792324,Hero (Ying xiong) (2002),Action|Adventure|Drama,299977,79
908,8.37553355267403,12.446860975776252,4.12105137218761,North by Northwest (1959),Action|Adventure|Mystery|Romance|Thriller,53125,213
2300,3.743533982432207,5.5906514363366435,4.117754070723656,"Producers, The (1968)",Comedy,63462,30197
2502,10.11670173938837,15.126200360950712,4.116967866858578,Office Space (1999),Comedy|Crime,151804,1542
175,3.4778668483984423,5.233282194969837,4.112715059363907,Kids (1995),Drama,113540,9344
1296,2.1937171210790822,3.302736403082397,4.112359937747805,"Room with a View, A (1986)",Drama|Romance,91867,11257
1281,1.5882424679512273,2.409315644235223,4.107356837778637,"Great Dictator, The (1940)",Comedy|Drama|War,32553,914
1945,3.1152065028514127,4.7262580416871725,4.107275478109172,On the Waterfront (1954),Crime|Drama,47296,654
1175,2.7870203287219075,4.237669819630515,4.105825548622805,Delicatessen (1991),Comedy|Drama|Romance,101700,892
5225,2.048062710621658,3.125942957792202,4.103330306969757,And Your Mother Too (Y tu mamá también) (2001),Drama|Romance,245574,1391
933,3.5457979415138596,5.444948651370052,4.099356730145168,To Catch a Thief (1955),Crime|Mystery|Romance|Thriller,48728,381
2804,8.386108783899532,12.968566726383688,4.094796950146425,"Christmas Story, A (1983)",Children|Comedy,85334,850
1288,7.45838958440057,11.563648316694614,4.0931339463280345,This Is Spinal Tap (1984),Comedy,88258,11031
1234,7.9907091426451,12.399434911716884,4.092589492055919,"Sting, The (1973)",Comedy|Crime,70735,9277
1136,15.245966373292497,23.664087618869903,4.092414091318056,Monty Python and the Holy Grail (1975),Adventure|Comedy|Fantasy,71853,762
1215,6.385191212372111,9.985857683578745,4.08757149817735,Army of Darkness (1993),Action|Adventure|Comedy|Fantasy|Horror,106308,766
1124,2.5248178615316217,3.972161588336939,4.083776173281104,On Golden Pond (1981),Drama,82846,11816
1231,3.6489932730731027,5.8445227728455675,4.072492134911759,"Right Stuff, The (1983)",Drama,86197,9549
57669,2.8641105706160617,4.619103946269361,4.068205627666831,In Bruges (2008),Comedy|Crime|Drama|Thriller,780536,8321
1287,5.200428839965825,8.391512961386542,4.067872891966194,Ben-Hur (1959),Action|Adventure|Drama,52618,665
608,23.776519823296397,38.543683656796844,4.0650201476730725,Fargo (1996),Comedy|Crime|Drama|Thriller,116282,275
4011,7.881387363254895,12.785759649969203,4.06456727087542,Snatch (2000),Comedy|Crime|Thriller,208092,107
110,40.539979943942896,66.16428773660073,4.0608650792608225,Braveheart (1995),Action|Drama|War,112573,197
112552,2.3558082703842413,3.8470906094540407,4.0605089935709495,Whiplash (2014),Drama,2582802,244786
1673,6.666542231677257,10.916866380728363,4.058812544735558,Boogie Nights (1997),Drama,118749,4995
3507,1.9683627014588074,3.2237270367898154,4.058733991307207,"Odd Couple, The (1968)",Comedy,63374,11356
1266,5.957120936105258,9.822127723585526,4.054648134429191,Unforgiven (1992),Drama|Western,105695,33
4973,10.058107607491731,16.620519248222806,4.053310168185831,"Amelie (Fabuleux destin d'Amélie Poulain, Le) (2001)",Comedy|Romance,211915,194
916,1.6258350591758561,2.701799486894469,4.049907999425931,Roman Holiday (1953),Comedy|Drama|Romance,46250,804
27611,1.4908536188013044,2.4809753651984257,4.049062223636355,Battlestar Galactica (2003),Drama|Sci-Fi|War,314979,206216
1225,9.487827338807655,15.835881483001275,4.047282888443941,Amadeus (1984),Drama,86879,279
6350,1.9263694829399753,3.221699753147771,4.046083720239321,Laputa: Castle in the Sky (Tenkû no shiro Rapyuta) (1986),Action|Adventure|Animation|Children|Fantasy|Sci-Fi,92067,10515
3328,2.379887946491769,3.985755794096102,4.0452462826898685,Ghost Dog: The Way of the Samurai (1999),Crime|Drama,165798,4816
778,10.400707604335638,17.471873563021084,4.043431016441431,Trainspotting (1996),Comedy|Crime|Drama,117951,627
1103,2.4943293611124027,4.199876271807689,4.042053445775764,Rebel Without a Cause (1955),Drama,48545,221
914,3.8046558879340058,6.414395927233979,4.041291343228633,My Fair Lady (1964),Comedy|Drama|Musical|Romance,58385,11113
4002,2.5890682184582134,4.393673083822598,4.037419944158485,"Planes, Trains & Automobiles (1987)",Comedy,93748,2609
3526,1.5796439117912464,2.6899855023268824,4.035379314707843,Parenthood (1989),Comedy|Drama,98067,1552
2194,8.69681295377316,14.814601036144884,4.0351914539726685,"Untouchables, The (1987)",Action|Crime|Drama,94226,117
7361,10.48294570546081,18.047554192496904,4.028999437624686,Eternal Sunshine of the Spotless Mind (2004),Drama|Romance|Sci-Fi,338013,38
55118,1.4110194553992788,2.4423195206389217,4.025885363012211,Eastern Promises (2007),Crime|Drama|Thriller,765443,2252
1228,4.871507418009748,8.434378828442062,4.025725577324654,Raging Bull (1980),Drama,81398,1578
1090,8.562826086039511,14.828243283946984,4.025615441110782,Platoon (1986),Drama|War,91763,792
48516,10.209809032289154,17.70679707489861,4.024752059770245,"Departed, The (2006)",Crime|Drama|Thriller,407887,1422
1387,12.663218669117567,22.049531460525714,4.022455956796152,Jaws (1975),Action|Horror,73195,578
40278,1.3696268102230138,2.3855810263343757,4.022275046784934,Jarhead (2005),Action|Drama|War,418763,25
1243,1.719213163038089,2.999328866613653,4.021347242444215,Rosencrantz and Guildenstern Are Dead (1990),Comedy|Drama,100519,18971
2542,6.353280222426871,11.09063211771173,4.020999143668025,"Lock, Stock & Two Smoking Barrels (1998)",Comedy|Crime|Thriller,120735,100
1086,3.2166302359508974,5.620125327931078,4.020489417411935,Dial M for Murder (1954),Crime|Mystery|Thriller,46912,521
3396,3.066913725168709,5.358598249617547,4.020483115236347,"Muppet Movie, The (1979)",Adventure|Children|Comedy|Musical,79588,11176
541,14.338684246737548,25.170920321202946,4.017800886073924,Blade Runner (1982),Action|Sci-Fi|Thriller,83658,78
1253,2.346599361630544,4.139466664206124,4.015032480141253,"Day the Earth Stood Still, The (1951)",Drama|Sci-Fi|Thriller,43456,828
58,4.620473148997924,8.155793667317917,4.014674567396193,"Postman, The (Postino, Il) (1994)",Comedy|Drama|Romance,110877,11010
1212,2.505935518665684,4.4451185877066575,4.011898002166936,"Third Man, The (1949)",Film-Noir|Mystery|Thriller,41959,1092
910,5.063019594984186,9.018665999974866,4.009541488760269,Some Like It Hot (1959),Comedy|Crime,53291,239
6807,2.962115214893211,5.289112499866855,4.0081881652451115,Monty Python's The Meaning of Life (1983),Comedy,85959,4543
3060,2.0169964902616564,3.6088694865050277,4.0070478088048525,"Commitments, The (1991)",Comedy|Drama|Musical,101605,11663
1269,3.1417468685989136,5.625474524578088,4.006633711701381,Arsenic and Old Lace (1944),Comedy|Mystery|Thriller,36613,212
1193,13.277306141776597,23.813575454233526,4.005700104583326,One Flew Over the Cuckoo's Nest (1975),Drama,73486,510
1199,5.347794279632763,9.612720954480839,4.004472808838034,Brazil (1985),Fantasy|Sci-Fi,88846,68
2186,2.63329406595929,4.744532025169205,4.003164638072439,Strangers on a Train (1951),Crime|Drama|Film-Noir|Thriller,44079,845
457,31.000165632020227,56.22856890458283,3.999472246993735,"Fugitive, The (1993)",Thriller,106977,5503
2231,4.336781255510133,7.890084838250566,3.9977975872563682,Rounders (1998),Drama,128442,10220
3148,2.821762490354656,5.1595208745628245,3.995052020048827,"Cider House Rules, The (1999)",Drama,124315,1715
1952,2.9410139140571374,5.449237538648368,3.987859135875734,Midnight Cowboy (1969),Drama,64665,3116
1222,11.019455123852085,20.434422246653195,3.987407563050249,Full Metal Jacket (1987),Drama|War,93058,600
2761,3.8539429893474413,7.191633901356605,3.9840406179703365,"Iron Giant, The (1999)",Adventure|Animation|Children|Drama|Sci-Fi,129167,10386
1957,2.328397778099619,4.355255596831887,3.982765966026743,Chariots of Fire (1981),Drama,82158,9443
899,4.943136281351234,9.252687695606346,3.982385972846443,Singin' in the Rain (1952),Comedy|Musical|Romance,45152,872
1291,15.577176887424027,29.179733589461488,3.981983603013795,Indiana Jones and the Last Crusade (1989),Action|Adventure,97576,89
930,2.5252267963716437,4.734683925394342,3.981494471327472,Notorious (1946),Film-Noir|Romance|Thriller,38787,303
2788,2.8740111857946653,5.391746557444737,3.981187047906415,Monty Python's And Now for Something Completely Different (1971),Comedy,66765,9267
54997,2.033874983054295,3.82498224922554,3.9798824984792516,3:10 to Yuma (2007),Action|Crime|Drama|Western,381849,5176
3730,1.9709907220357417,3.7121511740254274,3.9791044855060576,"Conversation, The (1974)",Drama|Mystery,71360,592
969,4.113000034536784,7.7604628945464675,3.978142242628392,"African Queen, The (1951)",Adventure|Comedy|Romance|War,43265,488
1617,10.759972437731452,20.31107520686016,3.9779070013051867,L.A. Confidential (1997),Crime|Film-Noir|Mystery|Thriller,119488,2118
745,4.537777062607633,8.588256421047571,3.9765180886539753,Wallace & Gromit: A Close Shave (1995),Animation|Children|Comedy,112691,532
1206,11.383408565831155,21.77933431377464,3.9708183032208586,"Clockwork Orange, A (1971)",Crime|Drama|Sci-Fi|Thriller,66921,185
2118,1.9901854195569262,3.816207534233649,3.9696567087270016,"Dead Zone, The (1983)",Thriller,85407,11336
1148,4.663228198515568,8.957671713695254,3.968732941493637,Wallace & Gromit: The Wrong Trousers (1993),Animation|Children|Comedy|Crime,108598,531
7371,1.2799605423774982,2.4606934954285142,3.968310461980854,Dogville (2003),Drama|Mystery|Thriller,276919,553
1263,4.448288825296854,8.571572401932682,3.967106408984353,"Deer Hunter, The (1978)",Drama|War,77416,11778
38061,2.60219537395687,5.024857598711829,3.9660125462874247,Kiss Kiss Bang Bang (2005),Comedy|Crime|Mystery|Thriller,373469,5236
4865,1.5338349520314298,2.963089999558481,3.965795075718034,From Hell (2001),Crime|Horror|Mystery|Thriller,120681,768
3198,1.338465925912916,2.6019536762722906,3.962556003949264,Papillon (1973),Crime|Drama,70511,5924
1244,2.2914054642457957,4.456050656597632,3.962371420415008,Manhattan (1979),Comedy|Drama|Romance,79522,696
2324,7.894061156477531,15.377114529740371,3.9615123835413133,Life Is Beautiful (La Vita è bella) (1997),Comedy|Drama|Romance|War,118799,637
265,6.6266415012837685,12.908860745187022,3.9614886449393905,Like Water for Chocolate (Como agua para chocolate) (1992),Drama|Fantasy|Romance,103994,18183
51255,3.763465886782199,7.345259312721957,3.9605147255809308,Hot Fuzz (2007),Action|Comedy|Crime|Mystery,425112,4638
2918,9.493201129569272,18.559693576605138,3.9596436951457608,Ferris Bueller's Day Off (1986),Comedy,91042,9377
67255,1.473527191909995,2.881377222355316,3.959544805649604,"Girl with the Dragon Tattoo, The (Män som hatar kvinnor) (2009)",Crime|Drama|Mystery|Thriller,1132620,15472
6016,5.587737652559865,10.935995382839751,3.9590972612374573,City of God (Cidade de Deus) (2002),Action|Adventure|Crime|Drama|Thriller,317248,598
92259,2.2460501714454106,4.395868815361565,3.9590937097288137,Intouchables (2011),Comedy|Drama,1675434,77338
1732,9.067040483128585,17.752819529209994,3.9588861724643367,"Big Lebowski, The (1998)",Comedy|Crime,118715,115
3996,8.207882365878056,16.107531234232535,3.957716109678236,"Crouching Tiger, Hidden Dragon (Wo hu cang long) (2000)",Action|Drama|Romance,190332,146
223,12.079692213841831,23.71640223075161,3.9574872792259512,Clerks (1994),Comedy,109445,2292
1230,5.55833499305036,10.948377053815634,3.9558338496948915,Annie Hall (1977),Comedy|Romance,75686,703
3000,3.1916491306770487,6.32206437359831,3.9529909395570684,Princess Mononoke (Mononoke-hime) (1997),Action|Adventure|Animation|Drama|Fantasy,119698,128
1610,10.603815878612519,21.05807169211605,3.9516992581498953,"Hunt for Red October, The (1990)",Action|Adventure|Thriller,99810,1669
4034,4.894351771742237,9.752719959192982,3.9499928940627527,Traffic (2000),Crime|Drama|Thriller,181865,1900
7153,13.818198045090037,27.57483662323017,3.9492643553909796,"Lord of the Rings: The Return of the King, The (2003)",Action|Adventure|Drama|Fantasy,167260,122
1245,1.9908427488358709,3.98214155030992,3.948090760368529,Miller's Crossing (1990),Crime|Drama|Film-Noir|Thriller,100150,379
928,1.4195418445928247,2.844990775285696,3.9471098171850554,Rebecca (1940),Drama|Mystery|Romance|Thriller,32976,223
911,1.4160735461930027,2.8469948361350594,3.945540356531352,Charade (1963),Comedy|Crime|Mystery|Romance|Thriller,56923,4808
3972,1.4419244576148567,2.920706411621845,3.9418382904326053,"Legend of Drunken Master, The (Jui kuen II) (1994)",Action|Comedy,111512,12207
55765,2.956323901268901,5.988222311507827,3.9418378032396015,American Gangster (2007),Crime|Drama|Thriller,765429,4982
866,3.3543708574796396,6.819698209186297,3.9400130757040763,Bound (1996),Crime|Drama|Romance|Thriller,115736,9303
1304,6.83564099832632,13.937883281478756,3.9385842043155685,Butch Cassidy and the Sundance Kid (1969),Action|Western,64115,642
913,4.416490339382726,9.00590780176001,3.938547333460753,"Maltese Falcon, The (1941)",Film-Noir|Mystery,33870,963
924,10.678949370014015,21.784094978154815,3.938365845532649,2001: A Space Odyssey (1968),Adventure|Drama|Sci-Fi,62622,62
4499,1.0683827624958748,2.184966877081049,3.9371176994640025,Dirty Rotten Scoundrels (1988),Comedy,95031,10141
308,1.9662729663482015,4.030355194867664,3.936013952379569,Three Colors: White (Trzy kolory: Bialy) (1994),Comedy|Drama,111507,109
4848,3.1428721577091405,6.503286130584722,3.9314225437885204,Mulholland Drive (2001),Crime|Drama|Film-Noir|Mystery|Thriller,166924,1018
1299,2.740299994653531,5.6788737548135835,3.930690925188753,"Killing Fields, The (1984)",Drama|War,87553,625
1201,6.5299829088377646,13.54891116295153,3.930104398974949,"Good, the Bad and the Ugly, The (Buono, il brutto, il cattivo, Il) (1966)",Action|Adventure|Western,60196,429
4033,1.7989919012100253,3.7428448036355975,3.9287962954649793,Thirteen Days (2000),Drama|Thriller|War,146309,11973
3468,1.3558387000614895,2.824557821658807,3.9281660148906905,"Hustler, The (1961)",Drama,54997,990
1084,4.0676224036034405,8.506169496754772,3.9263448178663602,Bonnie and Clyde (1967),Crime|Drama,61418,475
4262,5.0793584677007715,10.703659886934751,3.92269218699198,Scarface (1983),Action|Crime|Drama,86250,111
2064,2.433193985195673,5.144716443347914,3.921098122950317,Roger & Me (1989),Documentary,98213,1779
3552,4.951630643041901,10.479078822226818,3.920673477379744,Caddyshack (1980),Comedy,80487,11977
5673,2.3650540298372458,5.077062343530863,3.9139792536140217,Punch-Drunk Love (2002),Comedy|Drama|Romance,272338,8051
1704,11.527458012162278,24.80478144515439,3.912875385230373,Good Will Hunting (1997),Drama|Romance,119217,489
1275,5.241448957001454,11.286552779469933,3.912545789750279,Highlander (1986),Action|Adventure|Fantasy,91203,8009
33166,3.61999498084014,7.8059801589767694,3.911894461022244,Crash (2004),Crime|Drama,375679,1640
33660,1.8201038842211457,3.9475864740839213,3.909215545937356,Cinderella Man (2005),Drama|Romance,352248,921
6618,1.0652623447804297,2.3119180880574524,3.9089178828171485,Shaolin Soccer (Siu lam juk kau) (2001),Action|Comedy,286112,11770
54503,3.20851163564254,6.971987320546443,3.908348522578934,Superbad (2007),Comedy,829482,8363
2398,1.635596800064528,3.5571412926183577,3.9079545504556,Miracle on 34th Street (1947),Comedy|Drama,39628,11881
8910,1.173153210711065,2.559157478869864,3.906561810450584,I Heart Huckabees (2004),Comedy,356721,1599
51662,4.508915712736394,9.845246598087519,3.9061270529765317,300 (2007),Action|Fantasy|War|IMAX,416449,1271
3681,2.317952820405351,5.138909790172625,3.8992073151681477,For a Few Dollars More (Per qualche dollaro in più) (1965),Action|Drama|Thriller|Western,59578,938
5995,3.750811387441326,8.340895988769844,3.8978373593314783,"Pianist, The (2002)",Drama|War,253474,423
27773,2.4694357038152486,5.504000211713897,3.896810059515404,Old Boy (2003),Mystery|Thriller,364569,670
1028,5.987678157008489,13.364194148860806,3.8961869630796175,Mary Poppins (1964),Children|Comedy|Fantasy|Musical,58331,433
3108,2.9238099966904114,6.53348955844266,3.8956593170304887,"Fisher King, The (1991)",Comedy|Drama|Fantasy|Romance,101889,177
6711,4.880777012157889,10.917546478152982,3.8952061547127887,Lost in Translation (2003),Comedy|Drama|Romance,335266,153
8636,4.839905656065641,10.85664880039816,3.893949177475643,Spider-Man 2 (2004),Action|Adventure|Sci-Fi|IMAX,316654,558
8874,4.767800564731443,10.77421781353937,3.8906675221504665,Shaun of the Dead (2004),Comedy|Horror,365748,747
2248,3.1681909452818044,7.160250005263053,3.8906174055740492,Say Anything... (1989),Comedy|Drama|Romance,98258,2028
148626,1.3672445868661327,3.094817613779318,3.889933195187298,"Big Short, The (2015)",Drama,1596363,318846
81845,2.664677576529235,6.0351090060084,3.889677395150498,"King's Speech, The (2010)",Drama,1504320,45269
111,9.68878430625117,21.95474116200245,3.8894552805552762,Taxi Driver (1976),Crime|Drama|Thriller,75314,103
74458,3.63391577251718,8.25038103159921,3.888602391187946,Shutter Island (2010),Drama|Mystery|Thriller,1130884,11324
1259,9.868727741718784,22.41995940652955,3.8883241146875287,Stand by Me (1986),Adventure|Drama,92005,235
1357,2.231869022227631,5.080419936905345,3.8874560421092217,Shine (1996),Drama|Romance,117631,7863
3360,2.2982900449913473,5.259160198327371,3.8851551076842616,Hoosiers (a.k.a. Best Shot) (1986),Drama|Romance,91217,5693
3114,7.293174758877976,16.735310161730887,3.8839437355977253,Toy Story 2 (1999),Adventure|Animation|Children|Comedy|Fantasy,120363,863
3317,1.7451692962931924,4.007068217781828,3.8836707711537115,Wonder Boys (2000),Comedy|Drama,185014,11004
78499,2.752150214675761,6.344346996210964,3.8819437432698893,Toy Story 3 (2010),Adventure|Animation|Children|Comedy|Fantasy|IMAX,435761,10193
2396,8.319645795317662,19.299949212428306,3.8792189904946834,Shakespeare in Love (1998),Comedy|Drama|Romance,138097,1934
1884,2.634148409771111,6.130824758996167,3.8778045294122627,Fear and Loathing in Las Vegas (1998),Adventure|Comedy|Drama,120669,1878
69481,1.7268110181194303,4.024473837568817,3.877225503036667,"Hurt Locker, The (2008)",Action|Drama|Thriller|War,887912,12162
1307,7.294786562693167,17.020689602297335,3.8767316135986376,When Harry Met Sally... (1989),Comedy|Romance,98635,639
106918,0.9012308723147031,2.10295082675935,3.876703315625998,"Secret Life of Walter Mitty, The (2013)",Adventure|Comedy|Drama,359950,116745
1303,1.8998450604122072,4.440779239512944,3.875965999504057,"Man Who Would Be King, The (1975)",Adventure|Drama,73341,983
4878,7.157221663325758,16.751525857768932,3.87540601688424,Donnie Darko (2001),Drama|Mystery|Sci-Fi|Thriller,246578,141
926,2.2799809322727125,5.349610448134363,3.874343761488971,All About Eve (1950),Drama,42192,705
16,8.696447258237963,20.485964877288332,3.872655701774372,Casino (1995),Crime|Drama,112641,524
2871,2.7822692876997124,6.554567459443298,3.8726260226131317,Deliverance (1972),Adventure|Drama|Thriller,68473,10669
2580,3.328090791118002,7.869265706211754,3.8710707552178656,Go (1999),Comedy|Crime,139239,9430
3448,3.345370359286965,7.933363647106049,3.8698318231204434,"Good Morning, Vietnam (1987)",Comedy|Drama|War,93105,801
68157,4.95998721302076,11.764898747185589,3.86974011404716,Inglourious Basterds (2009),Action|Drama|War,361748,16869
3683,1.4131318381880404,3.3530840223935305,3.869590440470132,Blood Simple (1984),Crime|Drama|Film-Noir,86979,11368
48738,1.223376832785947,2.90639266444641,3.8690742077358014,"Last King of Scotland, The (2006)",Drama|Thriller,455590,1523
2114,1.438376540618083,3.4236043649334973,3.8682831775387285,"Outsiders, The (1983)",Drama,86066,227
1394,4.635074088977703,11.037484250673755,3.8680874716181175,Raising Arizona (1987),Comedy,93822,378
1079,6.6905097239508935,15.932226186638026,3.868083769550915,"Fish Called Wanda, A (1988)",Comedy|Crime,95159,623
441,3.7715204854403255,8.988186733624088,3.8677567052025776,Dazed and Confused (1993),Comedy,106677,9571
1257,2.4135280496806355,5.765182273404866,3.8667867126521394,Better Off Dead... (1985),Comedy|Romance,88794,13667
8528,2.531468754600157,6.069545953615357,3.8652252008418873,Dodgeball: A True Underdog Story (2004),Comedy,364725,9472
3363,3.1387919364269776,7.546054040387131,3.864099518715669,American Graffiti (1973),Comedy|Drama,69704,838
2000,6.6861203157374485,16.112361872168567,3.8631164782921155,Lethal Weapon (1987),Action|Comedy|Crime|Drama,93409,941
3362,2.9964325586849396,7.2612832623332455,3.8608069080080885,Dog Day Afternoon (1975),Crime|Drama,72890,968
3897,5.635023861989427,13.695383983749728,3.859602362007464,Almost Famous (2000),Drama,181875,786
2944,2.7991154110500336,6.818261608207306,3.8586802106241036,"Dirty Dozen, The (1967)",Action|Drama|War,61578,1654
8949,2.1596205740429975,5.277787757346995,3.857338563553971,Sideways (2004),Comedy|Drama|Romance,375063,9675
2692,4.620883263650059,11.302491443702344,3.8569856931999724,Run Lola Run (Lola rennt) (1998),Action|Crime,130827,104
1035,5.148718982735118,12.63029461541403,3.8557964835086933,"Sound of Music, The (1965)",Musical|Romance,59742,15121
1584,7.409125832045778,18.18262137808463,3.855632045574074,Contact (1997),Drama|Sci-Fi,118884,686
1060,3.505611873727892,8.621807897640995,3.8547463359932834,Swingers (1996),Comedy|Drama,117802,10218
46578,3.379378501128087,8.330947944668438,3.8537896331185717,Little Miss Sunshine (2006),Adventure|Comedy|Drama,449059,773
32,18.32343895547212,45.43554309052525,3.8514323900835965,Twelve Monkeys (a.k.a. 12 Monkeys) (1995),Mystery|Sci-Fi|Thriller,114746,63
106782,2.566233442537931,6.388723728372156,3.8498297906739807,"Wolf of Wall Street, The (2013)",Comedy|Crime|Drama,993846,106646
838,2.554992106781073,6.361095376059206,3.8498072263531427,Emma (1996),Comedy|Drama|Romance,116191,3573
5064,2.0703856907388873,5.15464348262328,3.849802558596497,The Count of Monte Cristo (2002),Action|Adventure|Drama|Thriller,245844,11362
5110,1.2626925114469911,3.143872108856069,3.849784113636092,Super Troopers (2001),Comedy|Crime|Mystery,247745,39939
8368,5.232364465627654,13.047123011115596,3.8491839979775744,Harry Potter and the Prisoner of Azkaban (2004),Adventure|Fantasy|IMAX,304141,673
31658,2.03574744403893,5.081468247045957,3.8487699653956664,Howl's Moving Castle (Hauru no ugoku shiro) (2004),Adventure|Animation|Fantasy|Romance,347149,4935
2968,3.3777255606394583,8.50607325493345,3.8452438540409584,Time Bandits (1981),Adventure|Comedy|Fantasy|Sci-Fi,81633,36819
5026,1.1980341942695518,3.0305677994724025,3.8434647614776725,"Brotherhood of the Wolf (Pacte des loups, Le) (2001)",Action|Mystery|Thriller,237534,6312
3703,4.1480621405986655,10.494888675373693,3.843394050573603,"Road Warrior, The (Mad Max 2) (1981)",Action|Adventure|Sci-Fi|Thriller,82694,8810
2352,1.9499005908639186,4.934204325873698,3.843328417732623,"Big Chill, The (1983)",Comedy|Drama,85244,12560
345,2.9583345649328154,7.523615633118388,3.841354595152698,"Adventures of Priscilla, Queen of the Desert, The (1994)",Comedy|Drama,109045,2759
1953,3.5610095898065564,9.060317641199358,3.841181741206766,"French Connection, The (1971)",Action|Crime|Thriller,67116,1051
1961,6.388680923978074,16.277134735235045,3.840642320826731,Rain Man (1988),Drama,95953,380
2529,5.368571726765044,13.693414259309083,3.8402031340739837,Planet of the Apes (1968),Action|Drama|Sci-Fi,63442,871
6,11.993882386177829,30.623714265709044,3.8398015540824697,Heat (1995),Action|Crime|Thriller,113277,949
1258,7.673208734067723,19.768651751674508,3.8362984601828294,"Shining, The (1980)",Horror,81505,694
8970,1.9875724475765173,5.133814358250499,3.8353012319423114,Finding Neverland (2004),Drama,308644,866
56782,1.5641955061989625,4.096404362025263,3.8299940271471993,There Will Be Blood (2007),Drama|Western,469494,7345
1408,4.052014360002401,10.649926818759868,3.8286215587627037,"Last of the Mohicans, The (1992)",Action|Romance|War|Western,104691,9361
3252,2.2437580491505225,5.900950731935794,3.828384786419118,Scent of a Woman (1992),Drama,105323,9475
4327,0.7271377627875764,1.9158835138555637,3.8276792511603386,"Magnificent Seven, The (1960)",Adventure|Western,54047,966
919,6.901948641421876,18.31580177415907,3.8249784037763384,"Wizard of Oz, The (1939)",Adventure|Children|Fantasy|Musical,32138,630
1292,1.6046238537636095,4.268835040130923,3.824040742447553,Being There (1979),Comedy|Drama,78841,10322
249,2.4592336394374392,6.584908474297075,3.8216132123280864,Immortal Beloved (1994),Drama|Romance,110116,13701
903,4.885465564285992,13.087990092101736,3.821426639087391,Vertigo (1958),Drama|Mystery|Romance|Thriller,52357,426
497,5.859880293645176,15.705865262933228,3.8212495228539063,Much Ado About Nothing (1993),Comedy|Romance,107616,11971
2268,5.246408712975646,14.069984412876842,3.821027618810153,"Few Good Men, A (1992)",Crime|Drama|Thriller,104257,881
1036,12.189223751014524,32.71643709884443,3.820719994575558,Die Hard (1988),Action|Crime|Thriller,95016,562
2019,3.460182057525444,9.296600245869056,3.820346757727426,Seven Samurai (Shichinin no samurai) (1954),Action|Adventure|Drama,47478,346
5377,2.238287276092638,6.049591014805676,3.8181379376438183,About a Boy (2002),Comedy|Drama|Romance,276751,245
953,3.7933225619742488,10.26511089965609,3.8176835803046485,It's a Wonderful Life (1946),Children|Drama|Fantasy|Romance,38650,1585
34,12.538264065757753,33.94347223380985,3.8175347450762684,Babe (1995),Children|Drama,112431,9598
1997,4.742767357561009,12.840055398642853,3.817520930503084,"Exorcist, The (1973)",Horror|Mystery,70047,9552
3471,5.111638370345398,13.840069217143018,3.8174843068631423,Close Encounters of the Third Kind (1977),Adventure|Drama|Sci-Fi,75860,840
5528,1.1296142523920438,3.0608077380825254,3.817205593109476,One Hour Photo (2002),Drama|Thriller,265459,9357
3740,1.8759536050465742,5.091747870653187,3.8165782598252624,Big Trouble in Little China (1986),Action|Adventure|Comedy|Fantasy,90728,6978
8958,1.33564117276264,3.634252449344337,3.815662739901127,Ray (2004),Drama,350258,1677
7147,3.291859103589895,8.966178497314413,3.8152899284990642,Big Fish (2003),Drama|Fantasy|Romance,319061,587
44555,1.7704282345995281,4.822892637086527,3.815236532802849,"Lives of Others, The (Das leben der Anderen) (2006)",Drama|Romance|Thriller,405094,582
923,5.488781745264083,14.977765007561787,3.814610125354427,Citizen Kane (1941),Drama|Mystery,33467,15
1254,1.725152905852895,4.71081703603812,3.8143590466917434,"Treasure of the Sierra Madre, The (1948)",Action|Adventure|Drama|Western,40897,3090
909,1.9923681853807975,5.4495725943378694,3.8137488967004525,"Apartment, The (1960)",Comedy|Drama|Romance,53604,284
428,1.5035033117119245,4.125134954841321,3.8126217868769254,"Bronx Tale, A (1993)",Drama,106489,1607
529,4.909660252900711,13.493921521091414,3.811990481259722,Searching for Bobby Fischer (1993),Drama,108065,14291
1374,5.663898954094111,15.601781407181964,3.8111771153696656,Star Trek II: The Wrath of Khan (1982),Action|Adventure|Sci-Fi|Thriller,84726,154
51935,1.1858761551721544,3.2787196654602444,3.809836829854032,Shooter (2007),Action|Drama|Thriller,822854,7485
44665,1.7959541589733639,4.967645527601823,3.809678331303184,Lucky Number Slevin (2006),Crime|Drama|Mystery,425210,186
2716,8.251724473811715,22.88648867879277,3.80869817524374,Ghostbusters (a.k.a. Ghost Busters) (1984),Action|Comedy|Sci-Fi,87332,620
1954,4.706945443036148,13.077854492452822,3.808065372019639,Rocky (1976),Drama,75148,1366
3916,2.5544721564394126,7.11335618918528,3.807257368801805,Remember the Titans (2000),Drama,210945,10637
2467,0.8230857122033878,2.301784638034375,3.8057338844577497,"Name of the Rose, The (Name der Rose, Der) (1986)",Crime|Drama|Mystery|Thriller,91605,192
2797,6.955165614124443,19.470274458379958,3.8053678304783722,Big (1988),Comedy|Drama|Fantasy|Romance,94737,2280
1682,7.142675557283853,20.012242480925003,3.8050634317390166,"Truman Show, The (1998)",Comedy|Drama|Sci-Fi,120382,37165
54995,0.8290078985290643,2.3278946800984857,3.8042671553770253,Planet Terror (2007),Action|Horror|Sci-Fi,1077258,1992
2139,1.1505773868226463,3.23221130729767,3.8041202432437826,"Secret of NIMH, The (1982)",Adventure|Animation|Children|Drama,84649,11704
3100,1.771140699158256,4.985113987807617,3.803433974751955,"River Runs Through It, A (1992)",Drama,105265,293
280,1.9017523610360096,5.353608418627586,3.8033762218322256,Murder in the First (1995),Drama|Thriller,113870,8438
1256,1.469130153433869,4.13622895701994,3.8033339498805896,Duck Soup (1933),Comedy|Musical|War,23969,3063
7022,1.3152672081395747,3.703249939527518,3.8033137120316973,Battle Royale (Batoru rowaiaru) (2000),Action|Drama|Horror|Thriller,266308,3176
1188,1.9585071947887391,5.515903717323984,3.803213598905046,Strictly Ballroom (1992),Comedy|Romance,105488,10409
29,2.3891118465076713,6.7548938448161815,3.8018341641993256,"City of Lost Children, The (Cité des enfants perdus, La) (1995)",Adventure|Drama|Fantasy|Mystery|Sci-Fi,112682,902
1449,1.8665515633913743,5.28183654432884,3.8015387149207873,Waiting for Guffman (1996),Comedy,118111,16448
44191,5.286490031556772,14.989768755157485,3.8008213457960216,V for Vendetta (2006),Action|Sci-Fi|Thriller|IMAX,434409,752
1097,10.196792929829757,29.010570866392133,3.7996335644574497,E.T. the Extra-Terrestrial (1982),Children|Drama|Sci-Fi,83866,601
1297,1.8088923546275564,5.158567806554911,3.798805941513049,Real Genius (1985),Comedy,89886,14370
7099,0.9443179561534756,2.6994972525654592,3.7979605457876153,Nausicaä of the Valley of the Wind (Kaze no tani no Naushika) (1984),Adventure|Animation|Drama|Fantasy|Sci-Fi,87544,81
4855,1.1886761641462968,3.4052908074236106,3.7972154913799256,Dirty Harry (1971),Action|Crime|Thriller,66999,984
56757,1.4507790838904753,4.168260430914261,3.7962019129937623,Sweeney Todd: The Demon Barber of Fleet Street (2007),Drama|Horror|Musical|Thriller,408236,13885
33794,5.4516208971393185,15.688783999384219,3.795633367516843,Batman Begins (2005),Action|Crime|IMAX,372784,272
117176,1.0955890856977233,3.1572628692939775,3.795154014953547,The Theory of Everything (2014),Drama|Romance,2980516,266856
69,2.141938558004709,6.173874145046001,3.7950839879056835,Friday (1995),Comedy,113118,10634
63082,3.3837229424373034,9.78783235062386,3.7938551929275355,Slumdog Millionaire (2008),Crime|Drama|Romance,1010048,12405
3671,4.503321859965609,13.059441148913413,3.7929807840766516,Blazing Saddles (1974),Comedy|Western,71230,11072
1246,5.090944903272798,14.77892044657609,3.7926215200160422,Dead Poets Society (1989),Drama,97165,207
1278,4.5596465441219785,13.246949394333205,3.792351637131734,Young Frankenstein (1974),Comedy|Fantasy,72431,3034
1219,5.793584997220798,17.033230768598273,3.788282367885685,Psycho (1960),Crime|Horror,54215,539
68358,2.835474603372146,8.344629486904415,3.7879444528283828,Star Trek (2009),Action|Adventure|Sci-Fi|IMAX,796366,13475
1356,7.2161819100654245,21.286939943170232,3.787143869953854,Star Trek: First Contact (1996),Action|Adventure|Sci-Fi|Thriller,117731,199
57640,0.8940534857534839,2.6419279274358276,3.7865575112725467,Hellboy II: The Golden Army (2008),Action|Adventure|Fantasy|Sci-Fi,411477,11253
72011,1.3288273425991062,3.9408809893729275,3.7853384893414272,Up in the Air (2009),Drama|Romance,1193138,22947
306,1.241146570604442,3.6976790921674847,3.783803623924289,Three Colors: Red (Trois couleurs: Rouge) (1994),Drama,111495,110
4361,1.5774510818812872,4.708341707309328,3.7831813392182077,Tootsie (1982),Comedy|Romance,84805,9576
7323,0.8893975777938712,2.6674651153226168,3.7815722815176187,"Good bye, Lenin! (2003)",Comedy|Drama,301357,338
508,6.1928222866469325,18.675336113313392,3.77975245863913,Philadelphia (1993),Drama,107818,9800
1343,1.690647757447614,5.121662582711118,3.7782455335278966,Cape Fear (1991),Thriller,101540,1598
2395,3.283716016739193,9.954203311500816,3.778030468621044,Rushmore (1998),Comedy|Drama,128445,11545
5954,1.0807703938503894,3.287492809586914,3.776900217794233,25th Hour (2002),Crime|Drama,307901,1429
93840,0.8388083954272012,2.5538889294830565,3.7765915887771606,"Cabin in the Woods, The (2012)",Comedy|Horror|Sci-Fi|Thriller,1259521,22970
337,6.784501916199385,20.82566745136819,3.7739240977673627,What's Eating Gilbert Grape (1993),Drama,108550,1587
1921,3.395974616686687,10.433939008402232,3.773621997331868,Pi (1998),Drama|Sci-Fi|Thriller,138704,473
2144,2.556725495274932,7.858726149730452,3.7734839750018168,Sixteen Candles (1984),Comedy|Romance,88128,15144
116797,2.37462588019962,7.311850729925528,3.772912102329671,The Imitation Game (2014),Drama|Thriller|War,2084970,205596
32587,4.345794278506814,13.4467115027363,3.7713345238234277,Sin City (2005),Action|Crime|Film-Noir|Mystery|Thriller,401792,187
1350,1.3787826572717727,4.271897467496872,3.7709045684522273,"Omen, The (1976)",Horror|Mystery|Thriller,75005,794
86,1.3334585763309288,4.135023476962198,3.7706271525071635,White Squall (1996),Action|Adventure|Drama,118158,10534
1298,1.5253197430288945,4.730125914975507,3.770617242624188,Pink Floyd: The Wall (1982),Drama|Musical,84503,12104
2791,6.057644496276471,18.803519974684153,3.77030294588162,Airplane! (1980),Comedy,80339,813
892,1.5883935259105761,4.9473912147248855,3.769204869946564,Twelfth Night (1996),Comedy|Drama|Romance,117991,44705
58998,1.3396662794268213,4.180189696236029,3.7686278527303094,Forgetting Sarah Marshall (2008),Comedy|Romance,800039,9870
247,1.2256881075701576,3.8283160946600368,3.768311832937953,Heavenly Creatures (1994),Crime|Drama,110005,1024
1663,2.0520511657591016,6.432628576730181,3.7671547287823457,Stripes (1981),Comedy|War,83131,10890
1233,3.262414714407289,10.305033998289066,3.764732683275777,"Boot, Das (Boat, The) (1981)",Action|Drama|War,82096,387
1955,0.8960687690689564,2.834986540673228,3.7642231771255825,Kramer vs. Kramer (1979),Drama,79417,12102
7445,1.4582126421411785,4.626473210534439,3.7633369022150878,Man on Fire (2004),Action|Crime|Drama|Mystery|Thriller,328107,9509
7143,3.262739334965739,10.377711351125754,3.762546854199372,"Last Samurai, The (2003)",Action|Adventure|Drama|War,325710,616
102445,0.6237767301423083,1.9889950794540814,3.761762004196329,Star Trek Into Darkness (2013),Action|Adventure|Sci-Fi|IMAX,1408101,54138
55820,2.8533141925224412,9.15066016443954,3.7599632335553896,No Country for Old Men (2007),Crime|Drama,477348,6977
41997,1.3146105925128226,4.227771471291172,3.7590945392890456,Munich (2005),Action|Crime|Drama|Thriller,408306,612
3044,0.8598985864409119,2.7685255895523198,3.7587460631856775,Dead Again (1991),Mystery|Romance|Thriller,101669,11498
6565,1.1685357430897723,3.76684742836537,3.758363906841911,Seabiscuit (2003),Drama,329575,4464
73017,2.266406319868173,7.314232996791419,3.7580105781527653,Sherlock Holmes (2009),Action|Crime|Mystery|Thriller,988045,10528
4007,1.495127546773787,4.833335661227596,3.757484668975987,Wall Street (1987),Drama,94291,10673
590,14.448862853490239,46.82057236509981,3.7567488724669253,Dances with Wolves (1990),Adventure|Drama|Western,99348,581
6003,0.8162032021535033,2.6466437945685586,3.7565398159036834,Confessions of a Dangerous Mind (2002),Comedy|Crime|Drama|Thriller,290538,4912
5444,0.8392270589794858,2.724828503419705,3.7561406511382405,Lilo & Stitch (2002),Adventure|Animation|Children|Sci-Fi,275847,11544
3435,1.2041154217508043,3.924538729787111,3.754965126611027,Double Indemnity (1944),Crime|Drama|Film-Noir,36775,996
88163,1.190601542277585,3.883190552707556,3.754752014096362,"Crazy, Stupid, Love. (2011)",Comedy|Drama|Romance,1570728,50646
2599,3.02840658168716,9.90057289899151,3.7540300710128056,Election (1999),Comedy,126886,9451
64957,1.3847642061345027,4.559100298566867,3.751884370585188,"Curious Case of Benjamin Button, The (2008)",Drama|Fantasy|Mystery|Romance,421715,4922
147,1.1304315456185354,3.7275856760453703,3.751409116667818,"Basketball Diaries, The (1995)",Drama,112461,10474
4027,3.765973721201898,12.4476277038366,3.7506936217322977,"O Brother, Where Art Thou? (2000)",Adventure|Comedy|Crime,190590,134
40819,1.8099428151064316,5.994570439272859,3.750078458503408,Walk the Line (2005),Drama|Musical|Romance,358273,69
49272,3.4673333656592864,11.540030727287418,3.748609485482297,Casino Royale (2006),Action|Adventure|Thriller,381061,36557
91542,1.1699436630910778,3.897558813691342,3.748321517901526,Sherlock Holmes: A Game of Shadows (2011),Action|Adventure|Comedy|Crime|Mystery|Thriller,1515091,58574
431,3.332193458630934,11.12232993088695,3.7477430333693174,Carlito's Way (1993),Crime|Drama,106519,6075
3654,1.2466673870153855,4.168229531543701,3.7472360650906125,"Guns of Navarone, The (1961)",Action|Adventure|Drama|War,54953,10911
11,6.805536332774364,22.76343370978226,3.7471160508192587,"American President, The (1995)",Comedy|Drama|Romance,112346,9087
62,6.023516814509735,20.166483607538275,3.7468376288253173,Mr. Holland's Opus (1995),Drama,113862,2054
5903,2.041369572741045,6.8354422900096115,3.7467929450005517,Equilibrium (2002),Action|Sci-Fi|Thriller,238380,7299
52973,1.5513372533607033,5.216099491224393,3.745561370146207,Knocked Up (2007),Comedy|Drama|Romance,478311,4964
2078,2.9989696763505753,10.101683671965693,3.7450263198330505,"Jungle Book, The (1967)",Animation|Children|Comedy|Musical,61852,9325
2991,1.7061759809413728,5.7608745859442285,3.7443142353145182,Live and Let Die (1973),Action|Adventure|Thriller,70328,253
1784,5.275550428412139,17.833023701196115,3.7439785255971456,As Good as It Gets (1997),Comedy|Drama|Romance,119822,2898
2020,1.2697587153213965,4.299242789914813,3.7434928127842877,Dangerous Liaisons (1988),Drama|Romance,94947,859
30707,2.4916513282846373,8.447584197130602,3.743102418527212,Million Dollar Baby (2004),Drama,405159,70
902,1.9085807303205455,6.474097073183128,3.742950715045648,Breakfast at Tiffany's (1961),Drama|Romance,54698,164
3735,1.317160003826709,4.514815228047016,3.739889813211773,Serpico (1973),Crime|Drama,70666,9040
2951,1.865067941674402,6.40310113230634,3.7394238303310625,"Fistful of Dollars, A (Per un pugno di dollari) (1964)",Action|Western,58461,391
333,4.307936844891653,14.809829827088052,3.7390317439966694,Tommy Boy (1995),Comedy,114694,11381
33162,0.8365109066979348,2.888372287618899,3.7377613052437577,Kingdom of Heaven (2005),Action|Drama|Romance|War,320661,1495
480,19.11671402628164,66.20745902634737,3.7368877255110937,Jurassic Park (1993),Action|Adventure|Sci-Fi|Thriller,107290,329
218,1.2974149354767261,4.497425366646143,3.7366275649760983,Boys on the Side (1995),Comedy|Drama,112571,9382
4239,2.6064069912884293,9.043926195435253,3.7363423070533597,Blow (2001),Crime|Drama,221027,4133
986,0.9067382562998998,3.152002997602652,3.7358185498955905,Fly Away Home (1996),Adventure|Children,116329,11076
3104,1.8984985804281707,6.614440973042008,3.73517139034541,Midnight Run (1988),Action|Comedy|Crime|Thriller,95631,9013
5991,2.164444249785314,7.566911222341053,3.7341887663272337,Chicago (2002),Comedy|Crime|Drama|Musical,299658,1574
3098,1.464481857474345,5.133579988493324,3.733423058733354,"Natural, The (1984)",Drama,87781,11393
920,2.7470491970988173,9.656444403370761,3.7326264507065523,Gone with the Wind (1939),Drama|Romance|War,31381,770
1073,6.8973641801703405,24.339047599858286,3.731534910447908,Willy Wonka & the Chocolate Factory (1971),Children|Comedy|Fantasy|Musical,67992,252
31410,1.0404321321629157,3.6753442021631444,3.7312323415867845,"Downfall (Untergang, Der) (2004)",Drama|War,363163,613
8784,1.9604978579701853,6.956371427048431,3.729975764269906,Garden State (2004),Comedy|Drama|Romance,333766,401
1120,1.6979658684106043,6.053214178922689,3.728654592776604,"People vs. Larry Flynt, The (1996)",Comedy|Drama,117318,1630
61132,1.0986779707199559,3.934631537695255,3.7273808236760937,Tropic Thunder (2008),Action|Adventure|Comedy|War,942385,7446
2997,4.9923971465943,17.90036678722493,3.7270472861958734,Being John Malkovich (1999),Comedy|Drama|Fantasy,120601,492
34405,2.0422347991567955,7.3972711676879666,3.7242275937683167,Serenity (2005),Action|Adventure|Sci-Fi,379786,16320
2872,1.3676657783996604,4.986177073144601,3.7224395509694523,Excalibur (1981),Adventure|Fantasy,82348,11527
1285,2.4912840891886865,9.089339170136157,3.722236700513481,Heathers (1989),Comedy,97493,2640
314,1.4536596416837184,5.315806734601051,3.7216079334262577,"Secret of Roan Inish, The (1994)",Children|Drama|Fantasy|Mystery,111112,14334
80489,0.5589895513905556,2.057817660596659,3.7197899415161206,"Town, The (2010)",Crime|Drama|Thriller,840361,23168
4448,0.8865562599179176,3.268677383420206,3.719375890961518,"Score, The (2001)",Action|Drama,227445,11371
491,1.1045348858132016,4.089646566649659,3.718228850167678,"Man Without a Face, The (1993)",Drama,107501,10502
82459,1.1937794706297193,4.4386514958535415,3.7170990227085947,True Grit (2010),Western,1403865,44264
4019,1.5020936575938042,5.604174252886013,3.7161793195181483,Finding Forrester (2000),Drama,181536,711
4963,4.394548589095177,16.411176485311685,3.715925922962197,Ocean's Eleven (2001),Crime|Thriller,240772,161
307,1.4772691702598193,5.546460148170243,3.71449260289064,Three Colors: Blue (Trois couleurs: Bleu) (1993),Drama,108394,108
8533,1.071009813616628,4.044574143751237,3.712949709635097,"Notebook, The (2004)",Drama|Romance,332280,11036
2288,2.6796917245563874,10.160876167482675,3.7118745647150235,"Thing, The (1982)",Action|Horror|Sci-Fi|Thriller,84787,1091
37741,1.104292481749642,4.244611673138898,3.708311457921479,Capote (2005),Crime|Drama,379725,398
80463,2.0399329187778847,7.846612854967137,3.7081243565461883,"Social Network, The (2010)",Drama,1285016,37799
3253,2.9588791928775,11.406349113987538,3.707554458081511,Wayne's World (1992),Comedy,105793,8872
18,1.0708522924983928,4.144179405920616,3.706547201183704,Four Rooms (1995),Comedy,113101,5
53996,1.1778875180056096,4.571940302557419,3.7057821464995118,Transformers (2007),Action|Sci-Fi|Thriller|IMAX,418279,1858
39292,1.220203719931342,4.740627914413155,3.7055409417965817,"Good Night, and Good Luck. (2005)",Crime|Drama,433383,3291
1947,1.618760265144031,6.2997155502121345,3.705105783026105,West Side Story (1961),Drama|Musical|Romance,55614,1725
1358,3.161013995521601,12.311456300828988,3.7049019928216587,Sling Blade (1996),Drama,117666,12498
800,1.5074653622277432,5.883422510506308,3.704370628059001,Lone Star (1996),Drama|Mystery|Western,116905,26748
5418,4.286091899992671,16.763587213297644,3.703826815832955,"Bourne Identity, The (2002)",Action|Mystery|Thriller,258463,2501
2795,1.5888341866690512,6.247470758504139,3.7024644937172675,National Lampoon's Vacation (1983),Comedy,85995,11153
1344,1.1120791632151101,4.373993384628113,3.70239611131961,Cape Fear (1962),Crime|Drama|Thriller,55824,11349
215,1.0994036191230911,4.3312106193329365,3.7019809588599957,Before Sunrise (1995),Drama|Romance,112471,76
1962,1.490981297239232,5.875806787005983,3.701897309333518,Driving Miss Daisy (1989),Drama,97239,403
281,1.262837071383815,4.9923543518454725,3.701102311540583,Nobody's Fool (1994),Comedy|Drama|Romance,110684,11593
2640,3.9413337943368147,15.644869682244282,3.700073132022251,Superman (1978),Action|Adventure|Sci-Fi,78346,1924
5617,0.715566901336138,2.8563009915452997,3.6986702930243647,Secretary (2002),Comedy|Drama|Romance,274812,11013
5791,0.7700257218752768,3.082325359384138,3.6979678077474425,Frida (2002),Drama|Romance,120679,1360
4776,2.2281364471132608,8.942994253977462,3.69729693821625,Training Day (2001),Crime|Drama|Thriller,139654,2034
1753,0.8064212907344304,3.2458045793786368,3.6965984237462353,Half Baked (1998),Comedy,120693,9490
97752,0.6960514383199511,2.812321005279532,3.6956487675698444,Cloud Atlas (2012),Drama|Sci-Fi|IMAX,1371111,83542
3556,0.7669331007560063,3.124872994568011,3.693576636493333,"Virgin Suicides, The (1999)",Drama|Romance,159097,1443
35836,2.098309283183279,8.550465840212672,3.69355103928796,"40-Year-Old Virgin, The (2005)",Comedy|Romance,405422,6957
5669,2.10360729280892,8.642475174979975,3.6915514564382974,Bowling for Columbine (2002),Documentary,310793,1430
150,13.34321079631993,55.06231348733363,3.6904774239977742,Apollo 13 (1995),Adventure|Drama|IMAX,112384,568
2819,1.0529196425891185,4.347872794981793,3.6903170086620785,Three Days of the Condor (3 Days of the Condor) (1975),Drama|Mystery|Romance|Thriller,73802,11963
102407,0.5256894555441625,2.178888230488208,3.6894130312768674,"Great Gatsby, The (2013)",Drama,1343092,64682
7451,1.300683689663778,5.439809180242547,3.6872527577883663,Mean Girls (2004),Comedy,377092,10625
3355,0.6445785504783168,2.702871250380951,3.6866272514011666,"Ninth Gate, The (1999)",Fantasy|Horror|Mystery|Thriller,142688,622
17,4.0825762274839255,17.12212111284309,3.686586830022846,Sense and Sensibility (1995),Drama|Romance,114388,4584
1247,3.614299610583947,15.179460480224515,3.6862527485842427,"Graduate, The (1967)",Comedy|Drama|Romance,61722,37247
1639,2.5166754897032577,10.594128829401466,3.6857019189844116,Chasing Amy (1997),Comedy|Drama|Romance,118842,2255
1293,1.4625849821896988,6.1636422863625135,3.6854404303647015,Gandhi (1982),Drama,83987,783
55276,0.7769871117232323,3.2839090794434296,3.6847524073777187,Michael Clayton (2007),Drama|Thriller,465538,4566
594,4.047612297845903,17.126403433934954,3.6844856884333583,Snow White and the Seven Dwarfs (1937),Animation|Children|Drama|Fantasy|Musical,29583,408
69844,1.545322088859296,6.57977600639975,3.683007488724015,Harry Potter and the Half-Blood Prince (2009),Adventure|Fantasy|Mystery|Romance|IMAX,417741,767
3105,1.1207412740251326,4.785682917406465,3.6823343780303137,Awakenings (1990),Drama|Mystery,99077,11005
2115,5.2696730942753955,22.522977141637064,3.682116900465748,Indiana Jones and the Temple of Doom (1984),Action|Adventure|Fantasy,87469,87
4979,2.1329263673610463,9.133202483461172,3.6816835523711515,"Royal Tenenbaums, The (2001)",Comedy|Drama,265666,9428
3967,1.3215420260413708,5.67129235813048,3.6811711893820815,Billy Elliot (2000),Drama,249462,71
73,0.7062279609530778,3.0358645393235193,3.6807763564153846,"Misérables, Les (1995)",Drama|War,113828,48750
55247,1.2627241042852915,5.430721959365956,3.6806630662784436,Into the Wild (2007),Action|Adventure|Drama,758758,5915
27831,0.7016585019931554,3.0533321851673287,3.6779489787295323,Layer Cake (2004),Crime|Drama|Thriller,375912,4836
60684,1.0039386450459409,4.411583732287642,3.675716857799871,Watchmen (2009),Action|Drama|Mystery|Sci-Fi|Thriller|IMAX,409459,13183
2005,2.6372442836063454,11.621428968988496,3.6750775613652626,"Goonies, The (1985)",Action|Adventure|Children|Comedy|Fantasy,89218,9340
66934,0.5945302029131286,2.625754911121053,3.6745706424839972,Dr. Horrible's Sing-Along Blog (2008),Comedy|Drama|Musical|Sci-Fi,1227926,14301
2973,0.8085891973373007,3.5790485502287934,3.6740710324193677,Crimes and Misdemeanors (1989),Comedy|Crime|Drama,97123,11562
4571,1.8319410593850507,8.11233467338218,3.6739698021257974,Bill & Ted's Excellent Adventure (1989),Adventure|Comedy|Sci-Fi,96928,1648
54259,0.9457415365146078,4.18878058646079,3.6739277733192206,Stardust (2007),Adventure|Comedy|Fantasy|Romance,486655,2270
6796,0.7444350552227753,3.3089562456208257,3.673123873116485,Boyz N the Hood (1991),Crime|Drama,101507,650
81834,1.1531446082911307,5.14180083767582,3.672416730387477,Harry Potter and the Deathly Hallows: Part 1 (2010),Action|Adventure|Fantasy|IMAX,926084,12444
4881,0.5939568660835167,2.66381346598759,3.671120458595194,"Man Who Wasn't There, The (2001)",Crime|Drama,243133,10778
2989,1.1258794169792021,5.078965684677169,3.6698230452046476,For Your Eyes Only (1981),Action|Adventure|Thriller,82398,699
1429,1.281959547236173,5.812706518474483,3.6686924544222435,First Strike (Police Story 4: First Strike) (Ging chaat goo si 4: Ji gaan daan yam mo) (1996),Action|Adventure|Comedy|Thriller,116704,9404
5630,1.0641468397213016,4.840512680485629,3.6679898653632805,Red Dragon (2002),Crime|Mystery|Thriller,289765,9533
1968,4.995453992284175,22.736423722779662,3.6678596486673665,"Breakfast Club, The (1985)",Comedy|Drama,88847,2108
2423,1.767926067876711,8.06550465138357,3.6673440850542787,Christmas Vacation (National Lampoon's Christmas Vacation) (1989),Comedy,97958,5825
44199,0.9542837111776723,4.372461318258704,3.6663967325196443,Inside Man (2006),Crime|Drama|Thriller,454848,388
515,1.3109276831297745,6.042921977822428,3.6650841719798084,"Remains of the Day, The (1993)",Drama|Romance,107943,1245
1227,0.919377097135996,4.256597982313363,3.6641368050444423,Once Upon a Time in America (1984),Crime|Drama,87843,311
2700,3.0117661579086374,13.963233699677934,3.663840731040714,"South Park: Bigger, Longer and Uncut (1999)",Animation|Comedy|Musical,158983,9473
1835,0.634948863247787,2.953026741459959,3.6631643683932964,City of Angels (1998),Drama|Fantasy|Romance,120632,795
8665,2.0889280562040047,9.772897058137282,3.6618951906095893,"Bourne Supremacy, The (2004)",Action|Crime|Thriller,372183,2502
151,3.5034879516337316,16.496404447126448,3.660527018373117,Rob Roy (1995),Action|Drama|Romance|War,114287,11780
34072,0.5468079119437083,2.5765241762065068,3.660375033021359,"March of the Penguins (Marche de l'empereur, La) (2005)",Documentary,428803,1667
3462,0.8392016664672205,3.9755337032581446,3.659239668938912,Modern Times (1936),Comedy|Drama|Romance,27977,3082
5010,1.9329260091819866,9.181483875878723,3.6586724843870613,Black Hawk Down (2001),Action|Drama|War,265086,855
2193,1.959924297999009,9.354189831397433,3.6576718080055572,Willow (1988),Action|Adventure|Fantasy,96446,847
2947,2.741308913860337,13.143981576874,3.6567081411204074,Goldfinger (1964),Action|Adventure|Thriller,58150,658
71535,1.0481811911683148,5.051290807048623,3.6556556989306377,Zombieland (2009),Action|Comedy|Horror,1156398,19908
5267,0.4774824849036069,2.3132695756387567,3.6545582801629735,"Rookie, The (2002)",Drama,265662,14635
128360,0.5072449377397183,2.4605833920049855,3.654296305223303,The Hateful Eight (2015),Western,3460252,273248
36529,1.091665419034396,5.326959813901335,3.6530802768369055,Lord of War (2005),Action|Crime|Drama|Thriller|War,399295,1830
5782,0.4745193440883812,2.3248420433531227,3.6522562686705475,"Professional, The (Le professionnel) (1981)",Action|Drama|Thriller,82949,1672
88129,0.8240623826292669,4.059742207946046,3.6511320169348114,Drive (2011),Crime|Drama|Film-Noir|Thriller,780504,64690
1224,0.7948470959780795,3.935135120415606,3.6501353403711536,Henry V (1989),Action|Drama|Romance|War,97499,10705
3424,1.0253109216975225,5.085856521983707,3.6497485502957896,Do the Right Thing (1989),Drama,97216,925
76251,0.8896503641005377,4.436881425108181,3.6486606429273727,Kick-Ass (2010),Action|Comedy,1250777,23483
6947,1.2445676477094239,6.2271881384214645,3.6480084093421596,Master and Commander: The Far Side of the World (2003),Adventure|Drama|War,311113,8619
5013,0.8077165351113109,4.050026354737885,3.647582982623133,Gosford Park (2001),Comedy|Drama|Mystery,280707,5279
4008,0.6629453103737607,3.349955005478618,3.6460448695646566,Born on the Fourth of July (1989),Drama|War,96969,2604
1183,2.4065684836130496,12.304732870205152,3.6437288497706635,"English Patient, The (1996)",Drama|Romance|War,116209,409
474,4.6691649931944115,23.898330616590467,3.643524338758585,In the Line of Fire (1993),Action|Thriller,107206,9386
6957,0.721692291903504,3.717427678821641,3.6422856432438895,Bad Santa (2003),Comedy|Crime,307987,10147
49530,1.41316835587102,7.311150616730557,3.6414375818725397,Blood Diamond (2006),Action|Adventure|Crime|Drama|Thriller|War,450259,1372
2966,0.6022226170404779,3.123148021529648,3.64097359864347,"Straight Story, The (1999)",Adventure|Drama,166896,404
1077,1.2818367506425963,6.675396522432831,3.640172180624859,Sleeper (1973),Comedy|Sci-Fi,70707,11561
46723,0.8274456388064994,4.310843849218955,3.640093269753816,Babel (2006),Drama|Thriller,449467,1164
2003,1.6609648005241922,8.714478626388487,3.638746425008489,Gremlins (1984),Comedy|Horror,87363,927
8798,1.2603284406510737,6.622886502591353,3.6384470834928813,Collateral (2004),Action|Crime|Drama|Thriller,369339,1538
72641,0.8049508228473361,4.239656708042288,3.638010367760927,"Blind Side, The  (2009)",Drama,878804,22881
2080,1.9798532834171296,10.437133068603487,3.6378413407816352,Lady and the Tramp (1955),Animation|Children|Comedy|Romance,48280,10340
1729,1.7427019052739814,9.193478184415723,3.637706624358995,Jackie Brown (1997),Crime|Drama|Thriller,119396,184
104,4.080571332177478,21.648985123869277,3.6366360204591017,Happy Gilmore (1996),Comedy,116483,9614
8376,0.9956811816612666,5.320763336739814,3.635279379423719,Napoleon Dynamite (2004),Comedy,374900,8193
3361,1.563132624165875,8.384627706574019,3.6345765135378154,Bull Durham (1988),Comedy|Drama|Romance,94812,287
1059,1.1352383459574735,6.094873992669973,3.634409285139928,William Shakespeare's Romeo + Juliet (1996),Drama|Romance,117509,454
3300,1.234807078276908,6.6601948515789395,3.6335491642435187,Pitch Black (2000),Horror|Sci-Fi|Thriller,134847,2787
4623,0.8558220433822964,4.622735233840958,3.6332813679752305,Major League (1989),Comedy,97815,9942
538,0.8696784177353183,4.713891838227047,3.632640763398692,Six Degrees of Separation (1993),Drama,108149,23210
2366,1.182094183914134,6.409361906978667,3.632580548227576,King Kong (1933),Action|Adventure|Fantasy|Horror,24216,244
3260,0.5260857707811794,2.888333259927092,3.630289729917309,Howards End (1992),Drama,104454,8293
1967,1.5409384098761472,8.574285101304824,3.6278643824410124,Labyrinth (1986),Adventure|Fantasy|Musical,91369,13597
161,6.352795756186156,35.37758446818557,3.627719356078636,Crimson Tide (1995),Drama|Thriller|War,112740,8963
1466,1.9855868842289186,11.063015416131,3.627627849663707,Donnie Brasco (1997),Crime|Drama,119008,9366
1031,0.9464188902217199,5.2753593191528765,3.6275517969919293,Bedknobs and Broomsticks (1971),Adventure|Children|Musical,66817,12335
4489,0.7673183114366874,4.283831280920298,3.6272677450693993,Coming to America (1988),Comedy|Romance,94898,9602
3984,0.7804302032556273,4.3933529096048405,3.6257869679002823,Diamonds Are Forever (1971),Action|Adventure|Thriller,66995,681
47099,1.1170613992679013,6.3042604468041,3.6253396254835604,"Pursuit of Happyness, The (2006)",Drama,454921,1402
30810,0.8284609381677781,4.70894854520337,3.6240814280049403,"Life Aquatic with Steve Zissou, The (2004)",Adventure|Comedy|Fantasy,362270,421
3911,1.5793618035517227,9.013699273955442,3.6233660670438095,Best in Show (2000),Comedy,218839,13785
6936,1.1241259389086142,6.431862115618642,3.6229226914960737,Elf (2003),Children|Comedy|Fantasy,319343,10719
2065,0.4860282612105661,2.784543865510597,3.622693104212788,"Purple Rose of Cairo, The (1985)",Comedy|Drama|Fantasy|Romance,89853,10849
3386,1.2645381635474706,7.245727860296434,3.6226700199886213,JFK (1991),Drama|Mystery|Thriller,102138,820
1376,1.6414984251005902,9.410545758568189,3.622579928491413,Star Trek IV: The Voyage Home (1986),Adventure|Comedy|Sci-Fi,92007,168
51540,0.9647375291934195,5.544475062358125,3.622147912660272,Zodiac (2007),Crime|Drama|Thriller,443706,1949
5060,1.896938524392194,10.912136985717495,3.621985624074042,M*A*S*H (a.k.a. MASH) (1970),Comedy|Drama|War,66026,651
3481,1.999868170095501,11.564272088431032,3.6210832003388633,High Fidelity (2000),Comedy|Drama|Romance,146882,243
2109,1.0021172839967054,5.828105767986374,3.620093742813865,"Jerk, The (1979)",Comedy,79367,6471
2949,1.2856398630597137,7.492656822927208,3.6197347724733255,Dr. No (1962),Action|Adventure|Thriller,55928,646
2915,1.5380614736537308,8.978486119060259,3.619453341691124,Risky Business (1983),Comedy,86200,9346
3160,2.0582436727788673,12.053544607046533,3.618906507545371,Magnolia (1999),Drama,175880,334
5464,1.3719912321686385,8.038243553353558,3.6188310905570407,Road to Perdition (2002),Crime|Drama,257044,4147
1125,0.5915979245522941,3.469855884217055,3.6186444954883594,"Return of the Pink Panther, The (1975)",Comedy|Crime,72081,11843
6942,1.347464677222622,7.938259888464303,3.617891205998606,Love Actually (2003),Comedy|Drama|Romance,314331,508
2501,1.1788048131510385,6.970473320336581,3.6172621508655585,October Sky (1999),Drama,132477,13466
40583,0.4585372356785238,2.7115726050401365,3.617251887329787,Syriana (2005),Drama|Thriller,365737,231
272,1.9005828856411267,11.31917840364678,3.6160563345868932,"Madness of King George, The (1994)",Comedy|Drama,110428,11318
1025,0.726357679842275,4.3373876220398735,3.6156124321072527,"Sword in the Stone, The (1963)",Animation|Children|Fantasy|Musical,57546,9078
610,1.6688824079419131,9.982863714306824,3.6153228475658588,Heavy Metal (1981),Action|Adventure|Animation|Horror|Sci-Fi,82509,11827
64969,0.7075802036549383,4.286554261792768,3.6132178044201186,Yes Man (2008),Comedy,1068680,10201
261,1.8733797234060658,11.362653441221365,3.6130198102317745,Little Women (1994),Drama,110367,9587
3476,0.9020154358895542,5.4764173275913235,3.612857157199742,Jacob's Ladder (1990),Horror|Mystery,99871,2291
348,1.4900754950788764,9.047465942302555,3.6128434716659212,Bullets Over Broadway (1994),Comedy,109348,11382
2010,0.7858551314438897,4.810240404768952,3.611519394062081,Metropolis (1927),Drama|Sci-Fi,17136,19
6870,1.3362387051870024,8.26444725214674,3.609833316282622,Mystic River (2003),Crime|Drama|Mystery,327056,322
1061,1.1293413630038542,6.9931604816320565,3.6096403953914207,Sleepers (1996),Thriller,117665,819
3175,2.5073532644626257,15.599536577771026,3.6088806860174465,Galaxy Quest (1999),Adventure|Comedy|Sci-Fi,177789,926
3210,1.1886840394966542,7.400076506385755,3.6087794440326713,Fast Times at Ridgemont High (1982),Comedy|Drama|Romance,83929,13342
115617,0.690104033662824,4.376991401952479,3.605814410798041,Big Hero 6 (2014),Action|Animation|Comedy,2245084,177572
1965,0.8419355312650492,5.346098048175011,3.6056341063539654,Repo Man (1984),Comedy|Sci-Fi,87995,13820
111362,0.40415056805339006,2.568811907539734,3.6054778496873947,X-Men: Days of Future Past (2014),Action|Adventure|Sci-Fi,1877832,127585
3039,1.285383903014352,8.173300052202858,3.6054143365345306,Trading Places (1983),Comedy,86465,1621
79091,0.5032063083549612,3.2009206103370484,3.6053548434729907,Despicable Me (2010),Animation|Children|Comedy|Crime,1323594,20352
4308,1.2253190101207068,7.832712197831894,3.604584236023787,Moulin Rouge (2001),Drama|Musical|Romance,203009,824
104211,0.4984697663079789,3.188793889367767,3.60446731686295,We're the Millers (2013),Comedy|Crime,1723121,138832
1960,0.9948997104180873,6.366038662120102,3.6044305094312623,"Last Emperor, The (1987)",Drama,93389,746
6333,1.8550301063508412,11.892204179971666,3.604135206753141,X2: X-Men United (2003),Action|Adventure|Sci-Fi|Thriller,290334,36658
4105,0.5169346315948138,3.3201018816743697,3.6038465255834033,"Evil Dead, The (1981)",Fantasy|Horror|Thriller,83907,764
2948,1.5374976777407674,9.890933417558436,3.6035932873871057,From Russia with Love (1963),Action|Adventure|Thriller,57076,657
88744,0.4508659249144281,2.93797659875185,3.60160946967285,Rise of the Planet of the Apes (2011),Action|Drama|Sci-Fi|Thriller,1318514,61791
595,5.340268846755474,34.821835191138,3.601507919799551,Beauty and the Beast (1991),Animation|Children|Fantasy|Musical|Romance|IMAX,101414,10020
46976,1.0663970153036746,6.969156186063866,3.601164788013315,Stranger than Fiction (2006),Comedy|Drama|Fantasy|Romance,420223,1262
3107,0.7347524245646884,4.818570072792817,3.6006316154385516,Backdraft (1991),Action|Drama,101393,2924
1500,1.8753298872192472,12.4205763895835,3.5991338735615246,Grosse Pointe Blank (1997),Comedy|Crime|Romance,119229,9434
8950,0.6956458003444508,4.632657982324456,3.598309384491819,The Machinist (2004),Drama|Mystery|Thriller,361862,4553
1923,3.104713065586386,20.712103487548056,3.5980466322665974,There's Something About Mary (1998),Comedy|Romance,129387,544
34319,0.7427541309355475,4.970874436299363,3.597569339737793,"Island, The (2005)",Action|Sci-Fi|Thriller,399201,1635
3421,1.8689865817527518,12.518771661621892,3.597442861956827,Animal House (1978),Comedy,77975,8469
4235,0.5845783185681241,3.920600086511497,3.5972524068240226,Amores Perros (Love's a Bitch) (2000),Drama|Thriller,245712,55
1186,0.6530928978535603,4.400884316427896,3.5965484928278095,"Sex, Lies, and Videotape (1989)",Drama,98724,1412
3256,1.1606202720707715,7.855443401533197,3.59589539359288,Patriot Games (1992),Action|Crime|Drama|Thriller,105112,9869
2413,0.5224901554344621,3.555045490754719,3.595119546916984,Clue (1985),Comedy|Crime|Mystery|Thriller,88930,15196
1209,0.3787403843892456,2.587297575087494,3.5945326389201258,Once Upon a Time in the West (C'era una volta il West) (1968),Action|Drama|Western,64116,335
30812,0.791629906720202,5.4122913757417,3.5944133259623303,"Aviator, The (2004)",Drama,338751,2567
555,2.6082100453344026,18.12285563649884,3.5920664110163516,True Romance (1993),Crime|Thriller,108399,319
1274,1.079055523615139,7.552080086952014,3.591030025499738,Akira (1988),Action|Adventure|Animation|Sci-Fi,94625,149
8622,0.9804871217009884,6.87027878992142,3.5908624409691403,Fahrenheit 9/11 (2004),Documentary,361596,1777
96737,0.269587282882788,1.894345333912647,3.5904596558469404,Dredd (2012),Action|Sci-Fi,1343727,49049
14,0.9075714590221491,6.396353459856261,3.5900370107366895,Nixon (1995),Drama,113987,10858
2993,0.8040147640922098,5.67523832549912,3.5898187840418156,Thunderball (1965),Action|Adventure|Thriller,59800,660
54001,0.8465470639691061,6.032195295709204,3.588486264228898,Harry Potter and the Order of the Phoenix (2007),Adventure|Drama|Fantasy|IMAX,373889,675
1674,1.5271128190815169,10.940056075785416,3.587737257099107,Witness (1985),Drama|Romance|Thriller,90329,9281
1635,0.40405770154742676,2.9053376155731305,3.587222368062345,"Ice Storm, The (1997)",Drama,119349,68924
47610,0.9957535925119562,7.167449297299836,3.587075319067922,"Illusionist, The (2006)",Drama|Fantasy|Mystery|Romance,443543,1491
1641,1.7891395045376064,12.976325909524176,3.586025339206308,"Full Monty, The (1997)",Comedy|Drama,119164,9427
2018,0.8925903005457912,6.476216422267478,3.5859740181500968,Bambi (1942),Animation|Children|Drama,34492,3170
6188,0.8632156940913799,6.328733801294177,3.5845443981403045,Old School (2003),Comedy,302886,11635
2403,0.9564099549437738,7.020950464213942,3.584370419419874,First Blood (Rambo: First Blood) (1982),Action|Adventure|Drama|Thriller,83944,1368
3271,0.5804766055110904,4.264144730327759,3.58427778400524,Of Mice and Men (1992),Drama,105046,9609
3408,1.736760805084748,12.779973938363696,3.5840451912535487,Erin Brockovich (2000),Drama,195685,462
1022,1.2000555989187136,8.836307132762048,3.5839577623997507,Cinderella (1950),Animation|Children|Fantasy|Musical|Romance,42332,11224
2301,0.590805133032847,4.35145849843401,3.5839198664062324,History of the World: Part I (1981),Comedy|Musical,82517,10156
56367,1.0422748869081493,7.689041393196765,3.583701424305183,Juno (2007),Comedy|Drama|Romance,467406,7326
81591,0.7722043958109784,5.7002959958698955,3.583615545087373,Black Swan (2010),Drama|Thriller,947798,44214
6378,1.289124225433559,9.521468836559569,3.583539453016196,"Italian Job, The (2003)",Action|Crime,317740,9654
493,0.5643986426490759,4.180457843212688,3.5831569268054055,Menace II Society (1993),Action|Crime|Drama,107554,9516
4223,0.8663236787544446,6.447761118287014,3.5825085142505815,Enemy at the Gates (2001),Drama|War,215750,853
5218,1.7304143584804996,12.905829917698675,3.5822281906898072,Ice Age (2002),Adventure|Animation|Children|Comedy,268380,425
1441,0.5574340939700286,4.187286242665356,3.581273501548839,Benny & Joon (1993),Comedy|Romance,106387,4104
6218,0.5922291520124815,4.465890714278539,3.5807597719631596,Bend It Like Beckham (2002),Comedy|Drama|Romance,286499,455
54272,0.8090355522186146,6.135091926561186,3.580018286368221,"Simpsons Movie, The (2007)",Animation|Comedy,462538,35
89492,0.468754967297694,3.557869489217472,3.5798997025451698,Moneyball (2011),Drama,1210166,60308
50068,0.46047110943513175,3.497785044910493,3.5797945963650557,Letters from Iwo Jima (2006),Drama|War,498380,1251
4896,2.018295115579559,15.378693573220222,3.5793878386153826,Harry Potter and the Sorcerer's Stone (a.k.a. Harry Potter and the Philosopher's Stone) (2001),Adventure|Children|Fantasy,241527,671
1476,1.1023985478200586,8.426650186014077,3.5789710009618183,Private Parts (1997),Comedy|Drama,119951,9403
79702,0.5871945583937898,4.504141626046872,3.5785158134609913,Scott Pilgrim vs. the World (2010),Action|Comedy|Fantasy|Musical|Romance,446029,22538
2420,0.956572460653929,7.356726992306145,3.578175038044626,"Karate Kid, The (1984)",Drama,87538,1885
494,1.6445029425430726,12.6904099260837,3.5777344123063073,Executive Decision (1996),Action|Adventure|Thriller,116253,2320
471,1.5032501781327698,11.746579748393696,3.576121573805511,"Hudsucker Proxy, The (1994)",Comedy,110074,11934
5956,1.3838362816613978,10.849988520948155,3.5756907857690985,Gangs of New York (2002),Crime|Drama,217505,3131
139385,0.5502774951007197,4.349754419409115,3.574655834682733,The Revenant (2015),Adventure|Drama,1663202,281957
36,2.456983035458284,19.67565405589726,3.5730224168054385,Dead Man Walking (1995),Crime|Drama,112818,687
25,2.733642421952886,22.240312293556745,3.571061993194785,Leaving Las Vegas (1995),Drama|Romance,113627,451
300,2.9836940227653233,24.50970492493067,3.5698833510063097,Quiz Show (1994),Drama,110932,11450
3020,0.5663831731190211,4.659474697083403,3.5697032779395856,Falling Down (1993),Action|Drama,106856,37094
2083,0.3660875056881986,3.0125902086487133,3.569667292410806,"Muppet Christmas Carol, The (1992)",Children|Comedy|Musical,104940,10437
64839,0.6332106524799105,5.2290200309935395,3.569243597702995,"Wrestler, The (2008)",Drama,1125849,12163
40815,1.2261989828750983,10.17237977328246,3.568690134356105,Harry Potter and the Goblet of Fire (2005),Adventure|Fantasy|Thriller|IMAX,330373,674
1220,2.046062331065679,17.01060399728412,3.56842972140156,"Blues Brothers, The (1980)",Action|Comedy|Musical,80455,525
30749,1.0019266263806952,8.410670777100377,3.567273784355785,Hotel Rwanda (2004),Drama|War,395169,205
4873,0.3508038364364936,2.9527785998679947,3.5669527607417115,Waking Life (2001),Animation|Drama|Fantasy,243017,9081
119145,0.42913855663752376,3.6201106938239147,3.5666910531556524,Kingsman: The Secret Service (2015),Action|Adventure|Comedy|Crime,2802144,207703
3450,0.8324940722087595,7.033934780815422,3.5665020965136325,Grumpy Old Men (1993),Comedy,107050,11520
1333,1.0401731778998535,8.813244849997412,3.566171994935556,"Birds, The (1963)",Horror|Thriller,56869,571
2391,0.7063113536303035,6.087642341830847,3.564171921876305,"Simple Plan, A (1998)",Crime|Drama|Thriller,120324,10223
2140,0.7820416758314274,6.771486593945264,3.5636385282133336,"Dark Crystal, The (1982)",Adventure|Fantasy,83791,11639
58803,0.21722988155369427,1.8986552363983864,3.562560582263006,21 (2008),Crime|Drama|Romance|Thriller,478087,8065
2987,2.18705081880257,19.50051368461273,3.5603016402058887,Who Framed Roger Rabbit? (1988),Adventure|Animation|Children|Comedy|Crime|Fantasy|Mystery,96438,856
3398,0.4770158855378969,4.2757621611716425,3.559710895558878,"Muppets Take Manhattan, The (1984)",Children|Comedy|Musical,87755,11899
2706,1.9693390598394305,17.856461103744746,3.558435339888467,American Pie (1999),Comedy|Romance,163651,2105
94959,0.2285329749642356,2.080965112845558,3.557968761541864,Moonrise Kingdom (2012),Comedy|Drama|Romance,1748122,83666
915,0.6056037261336606,5.566743828095628,3.556937709163618,Sabrina (1954),Comedy|Romance,47437,6620
1019,0.504474525563486,4.660031102641892,3.5564037383354963,"20,000 Leagues Under the Sea (1954)",Adventure|Drama|Sci-Fi,46672,173
6879,0.40158945182388084,3.737367720622507,3.5556006051690305,Runaway Jury (2003),Drama|Thriller,313542,11329
6539,2.3093218318181075,21.525214214424928,3.55543264258008,Pirates of the Caribbean: The Curse of the Black Pearl (2003),Action|Adventure|Comedy|Fantasy,325980,22
6059,0.330171422376381,3.118697179491875,3.554016495571936,"Recruit, The (2003)",Action|Thriller,292506,1647
1080,1.5636802946068507,14.883967882442528,3.5532061677501243,Monty Python's Life of Brian (1979),Comedy,79470,583
1393,2.152691440628814,20.496793823602967,3.5531739075000393,Jerry Maguire (1996),Drama|Romance,116695,9390
69122,1.0998679920307965,10.516467562584852,3.552733445530567,"Hangover, The (2009)",Comedy|Crime,1119646,18785
38038,0.4562389120297676,4.409882623298035,3.551606413944414,Wallace & Gromit in The Curse of the Were-Rabbit (2005),Adventure|Animation|Children|Comedy,312004,533
3793,2.6883836095215123,26.416733897716966,3.5499163500069573,X-Men (2000),Action|Adventure|Sci-Fi,120903,36657
1023,0.32543674986300364,3.2140229909892697,3.5494033817043964,Winnie the Pooh and the Blustery Day (1968),Animation|Children|Musical,63819,81310
349,3.6066280024783293,35.759992631425746,3.549004653874951,Clear and Present Danger (1994),Action|Crime|Drama|Thriller,109444,9331
6595,0.27142097354579264,2.7338528229370924,3.5474295988491935,S.W.A.T. (2003),Action|Thriller,257076,9257
2289,0.7606772480906281,7.737110597309864,3.5464635515804974,"Player, The (1992)",Comedy|Crime|Drama,105151,10403
3255,0.8777938717117141,8.965373363013738,3.546057486472381,"League of Their Own, A (1992)",Comedy|Drama,104694,11287
7347,0.26363884686007943,2.758715327241769,3.5437139170011105,Secret Window (2004),Mystery|Thriller,363988,1586
4641,0.47157002535320947,4.951943407037739,3.5433774129765276,Ghost World (2001),Comedy|Drama,162346,1548
1735,0.25523940486583113,2.684505650365613,3.5432268490450407,Great Expectations (1998),Drama|Romance,119223,9410
2841,0.46770956213172177,4.955417283799857,3.542531615969774,Stir of Echoes (1999),Horror|Mystery|Thriller,164181,11601
2476,0.45364497943657056,4.875878046974995,3.541186752072914,Heartbreak Ridge (1986),Action|War,91187,10015
357,3.014068993789058,32.48333750610376,3.540936301472435,Four Weddings and a Funeral (1994),Comedy|Romance,109831,712
2687,0.39100287195568384,4.229890274710219,3.540586191247133,Tarzan (1999),Adventure|Animation|Children|Drama,120855,37135
3267,0.2618091009738589,2.858579434020181,3.539735251263404,"Mariachi, El (1992)",Action|Crime|Thriller|Western,104815,9367
8641,0.6861413106744134,7.5099528530152755,3.5395123993943693,Anchorman: The Legend of Ron Burgundy (2004),Comedy,357413,8699
45186,0.4013059387205861,4.427683974297117,3.538783760448974,Mission: Impossible III (2006),Action|Adventure|Thriller,317919,956
91630,0.19578270323562397,2.1812639571055046,3.537904645907789,Mission: Impossible - Ghost Protocol (2011),Action|Adventure|Thriller|IMAX,1229238,56292
7325,0.3363180084150871,3.79884228695696,3.536679836088477,Starsky & Hutch (2004),Action|Comedy|Crime|Thriller,335438,9384
3081,0.9068224732972264,10.29153811932786,3.5362615452584194,Sleepy Hollow (1999),Fantasy|Horror|Mystery|Romance,162661,2668
88125,0.5033303463012608,5.752712221492781,3.535642575024976,Harry Potter and the Deathly Hallows: Part 2 (2011),Action|Adventure|Drama|Fantasy|Mystery|IMAX,1201607,12445
440,2.0955795347632065,24.027750114358597,3.5353631157408048,Dave (1993),Comedy|Romance,106673,11566
1748,0.9418736638343936,10.924283626187266,3.53436648610472,Dark City (1998),Adventure|Film-Noir|Sci-Fi|Thriller,118929,2666
5291,0.2420912270297168,2.8147866358251212,3.5341550724178545,Rashomon (Rashômon) (1950),Crime|Drama|Mystery,42876,548
224,1.1563677608710021,13.575602019181028,3.5333279931419335,Don Juan DeMarco (1995),Comedy|Drama|Romance,112883,1909
8807,0.41226850198918313,4.927472880481215,3.531815461661928,Harold and Kumar Go to White Castle (2004),Adventure|Comedy,366551,11282
3052,1.1660934697446574,14.10437929819983,3.530824128594697,Dogma (1999),Adventure|Comedy|Fantasy,120655,1832
2664,0.24691353929931809,2.9909876677900513,3.5307006305290844,Invasion of the Body Snatchers (1956),Horror|Sci-Fi|Thriller,49366,11549
76,0.304451010727833,3.7863047994382475,3.528556606116071,Screamers (1995),Action|Sci-Fi|Thriller,114367,9102
539,2.4008824015305428,29.917444566115886,3.52839839532332,Sleepless in Seattle (1993),Comedy|Drama|Romance,108160,858
1680,0.31658957199871457,3.9735662859116965,3.5278220404517175,Sliding Doors (1998),Drama|Romance,120148,10215
3178,0.31726957787803517,4.031258178402781,3.526850499904093,"Hurricane, The (1999)",Drama,174856,10400
4975,0.6159265288216964,7.993397777572282,3.5252025459031873,Vanilla Sky (2001),Mystery|Romance|Sci-Fi|Thriller,259711,1903
87232,0.2722340461861173,3.569277661410264,3.5244195945693573,X-Men: First Class (2011),Action|Adventure|Sci-Fi|Thriller|War,1270798,49538
1302,1.056367079302183,13.904131487496231,3.524123192276371,Field of Dreams (1989),Children|Drama|Fantasy,97351,2323
3006,0.4777753306536834,6.444066644350248,3.522290034456956,"Insider, The (1999)",Drama|Thriller,140352,9008
553,1.5532341535916983,21.15288611863413,3.5215770916715794,Tombstone (1993),Action|Drama|Western,108358,11969
6323,0.2755090838084006,3.825958821473984,3.520158596941167,Identity (2003),Crime|Horror|Mystery|Thriller,309698,2832
6708,0.467072572333163,6.55738959459563,3.5193765682941294,Matchstick Men (2003),Comedy|Crime|Drama,325805,7270
207,0.32767749042538685,4.710233905780049,3.5177152710156903,"Walk in the Clouds, A (1995)",Drama|Romance,114887,9560
2359,0.3636226301684206,5.273156988922295,3.5171054278147746,Waking Ned Devine (a.k.a. Waking Ned) (1998),Comedy,166396,10162
8464,0.5712532895210354,8.330922444998233,3.5167183724807227,Super Size Me (2004),Comedy|Documentary|Drama,390521,9372
524,0.6316701128344784,9.419033990400862,3.5152112935211326,Rudy (1993),Drama,108002,14534
2087,0.46673876429351635,6.99504477066378,3.514872338324423,Peter Pan (1953),Animation|Children|Fantasy|Musical,46183,10693
454,2.2322498969316245,33.74340547963569,3.5143018098502883,"Firm, The (1993)",Drama|Thriller,106918,37233
2291,0.8836538751497098,13.518417337265472,3.513514809624646,Edward Scissorhands (1990),Drama|Fantasy|Romance,99487,162
8983,0.24002534960036723,3.680481697778537,3.513363873722742,House of Flying Daggers (Shi mian mai fu) (2004),Action|Drama|Romance,385004,9550
2161,0.6107359410409942,9.480354650988971,3.5125693537995715,"NeverEnding Story, The (1984)",Adventure|Children|Fantasy,88323,34584
2355,1.2084564054044782,18.91327016731328,3.5120427750857126,"Bug's Life, A (1998)",Adventure|Animation|Children|Comedy,120623,9487
2076,0.530581479375924,8.328572354333929,3.511854314474921,Blue Velvet (1986),Drama|Mystery|Thriller,90756,793
6754,0.2899638893334281,4.564338232003623,3.5116762679032045,Underworld (2003),Action|Fantasy|Horror,320691,277
86882,0.22123159019504912,3.530383829973762,3.510813155179887,Midnight in Paris (2011),Comedy|Fantasy|Romance,1605783,59436
2671,0.4423323381051593,7.232289614051986,3.509308900904091,Notting Hill (1999),Comedy|Romance,125439,509
1625,0.7191864524078767,11.958772768203483,3.508286960567201,"Game, The (1997)",Drama|Mystery|Thriller,119174,2649
48394,0.6260565870364201,10.673393377805748,3.5068039576194296,"Pan's Labyrinth (Laberinto del fauno, El) (2006)",Drama|Fantasy|Thriller,457430,1417
514,0.2599224600462473,4.441594930627524,3.5066682080783913,"Ref, The (1994)",Comedy,110955,10872
417,0.27788498639038595,4.919111365625194,3.5046390281557382,Barcelona (1994),Comedy|Romance,109219,16771
3812,0.15356725051761408,2.7209329966060714,3.504587315988737,Everything You Always Wanted to Know About Sex * But Were Afraid to Ask (1972),Comedy,68555,11624
105844,0.14212396436301655,2.5182512081114856,3.5045856899897574,12 Years a Slave (2013),Drama,2024544,76203
2763,0.6412966497146861,11.376647962789987,3.5045177040527205,"Thomas Crown Affair, The (1999)",Action|Mystery,155267,913
663,0.19908784542731012,3.538267288562296,3.5044151774378367,Kids in the Hall: Brain Candy (1996),Comedy,116768,18414
3868,0.5047741278734533,9.007622750754864,3.5041866930342125,"Naked Gun: From the Files of Police Squad!, The (1988)",Action|Comedy|Crime|Romance,95705,37136
8873,0.22774287988973996,4.066408299155757,3.504154040112103,"Motorcycle Diaries, The (Diarios de motocicleta) (2004)",Adventure|Drama,318462,1653
108932,0.13969704823294615,2.5512672826695746,3.502904070597343,The Lego Movie (2014),Action|Adventure|Animation|Children|Comedy|Fantasy,1490017,137106
164179,0.14580768834628344,2.714327029142779,3.5018659327271666,Arrival (2016),Sci-Fi,2543164,329865
1958,0.24789199069206086,4.637269056780471,3.501604597234955,Terms of Endearment (1983),Comedy|Drama,86425,11050
3298,0.20122101364172007,3.8060171910047518,3.501017315751522,Boiler Room (2000),Crime|Drama|Thriller,181984,14181
168252,0.13211760349530569,2.5379972896266914,3.500203976568245,Logan (2017),Action|Sci-Fi,3315342,263115
1127,0.8782616012916875,17.125857021912402,3.4994309276835125,"Abyss, The (1989)",Action|Adventure|Sci-Fi|Thriller,96754,2756
4816,0.4191594751804487,8.300481203216515,3.4986463559532344,Zoolander (2001),Comedy,196229,9398
1994,0.5208190961839666,10.35799949036713,3.4984299662141276,Poltergeist (1982),Horror|Thriller,84516,609
98809,0.22062018131968142,4.653909788839834,3.4955534791331626,"Hobbit: An Unexpected Journey, The (2012)",Adventure|Fantasy|IMAX,903624,49051
2863,0.13178298398606778,2.785668877476493,3.4954556144964037,"Hard Day's Night, A (1964)",Adventure|Comedy|Musical,58182,704
1171,0.19954895269677514,4.2488699570971855,3.4951133195340796,Bob Roberts (1992),Comedy,103850,10608
733,1.5618490221724217,33.30030740423711,3.4950500868092838,"Rock, The (1996)",Action|Adventure|Thriller,117500,9802
2009,0.22107704695735197,4.791818659653021,3.494284493557558,Soylent Green (1973),Drama|Mystery|Sci-Fi|Thriller,70723,12101
1799,0.15376877512675774,3.3423497411887704,3.4941543237513906,Suicide Kings (1997),Comedy|Crime|Drama|Mystery|Thriller,120241,10668
235,0.9235452041007426,20.60240952751959,3.4929751941322635,Ed Wood (1994),Comedy|Drama,109707,522
2,1.1328930021343644,25.419844555228583,3.492715413502809,Jumanji (1995),Adventure|Children|Fantasy,113497,8844
1589,0.17623431743974655,4.0207903706362345,3.4919789021451804,Cop Land (1997),Action|Crime|Drama|Thriller,118887,2142
1396,0.5994532514451857,14.151151096846073,3.4905088865066025,Sneakers (1992),Action|Comedy|Crime|Drama|Sci-Fi,105435,2322
2431,0.27947687740635496,6.600885243766234,3.490487444279829,Patch Adams (1998),Comedy|Drama,129290,10312
2297,0.14168927719380248,3.3980908759878914,3.4898448657075023,What Dreams May Come (1998),Adventure|Drama|Fantasy|Romance,120889,12159
2313,0.1861297408668966,4.550184236411239,3.4890541181683266,"Elephant Man, The (1980)",Drama,80678,1955
2600,0.20392037935933893,5.035582548197022,3.4886440266114005,eXistenZ (1999),Action|Sci-Fi|Thriller,120907,1946
3301,0.2666402851709317,6.8939939212771115,3.486825328537126,"Whole Nine Yards, The (2000)",Comedy|Crime,190138,2069
96079,0.21012327427891664,5.539013334783238,3.4860832863476308,Skyfall (2012),Action|Adventure|Thriller|IMAX,1074638,37724
53322,0.15700969890996772,4.239806025155928,3.4851804229612204,Ocean's Thirteen (2007),Crime|Thriller,496806,298
76093,0.15376050129498475,4.158261346342414,3.4851252526423444,How to Train Your Dragon (2010),Adventure|Animation|Children|Fantasy|IMAX,892769,10191
1101,0.6429785487741805,18.301613084647432,3.4832804892520706,Top Gun (1986),Action|Romance,92099,744
1711,0.16973008415212484,4.844091330954428,3.483186721436177,Midnight in the Garden of Good and Evil (1997),Crime|Drama|Mystery,119668,8197
3536,0.10781042002938315,3.130945067623602,3.4825819639025064,Keeping the Faith (2000),Comedy|Drama|Romance,171433,4967
2414,0.09916801411483153,2.9944720458159617,3.4812651649312496,Young Sherlock Holmes (1985),Action|Adventure|Children|Fantasy|Mystery|Thriller,90357,11904
3186,0.12905116087693852,3.927540783742553,3.4810061463522985,"Girl, Interrupted (1999)",Drama,172493,3558
481,0.16960787048463477,5.331605451765029,3.4799599242083423,Kalifornia (1993),Drama|Thriller,107302,10909
708,0.4292835256604246,14.358579903340866,3.4780454986279956,"Truth About Cats & Dogs, The (1996)",Comedy|Romance,117979,8866
115210,0.08100153394937798,2.7433272780899327,3.4776748856502953,Fury (2014),Action|Drama|War,2713180,228150
1912,0.18036443038980363,6.328675673120217,3.476647697059513,Out of Sight (1998),Comedy|Crime|Drama|Romance|Thriller,120780,1389
4016,0.09942385013880656,3.7900596586435613,3.4743809341359033,"Emperor's New Groove, The (2000)",Adventure|Animation|Children|Comedy|Fantasy,120917,11688
2325,0.07338200790981386,2.8002526363902787,3.4743536343070405,Orgazmo (1997),Comedy,124819,8675
1907,0.1997114899587907,7.770924610926723,3.473847981084134,Mulan (1998),Adventure|Animation|Children|Comedy|Drama|Musical|Romance,120762,10674
4901,0.11878118117442757,4.788216111058617,3.4729551229405184,Spy Game (2001),Action|Crime|Drama|Thriller,266987,1535
252,0.3194797150028287,13.32625850164476,3.4721218457159764,I.Q. (1994),Comedy|Romance,110099,11777
377,1.1118612031392625,48.921274722986276,3.470875707613995,Speed (1994),Action|Romance|Thriller,111257,1637
21,0.6703215648725472,30.52109153606293,3.4701107159717117,Get Shorty (1995),Comedy|Crime|Thriller,113161,8012
671,0.227761472102695,10.458448049608448,3.4699258965525566,Mystery Science Theater 3000: The Movie (1996),Comedy|Sci-Fi,117128,3065
1372,0.21322004579478854,10.120657545931964,3.46921595167369,Star Trek VI: The Undiscovered Country (1991),Action|Mystery|Sci-Fi,102975,174
2890,0.22138539322330505,10.878859378901426,3.4684982018773662,Three Kings (1999),Action|Adventure|Comedy|Drama|War,120188,6415
616,0.1328251689447114,6.820631256096649,3.4676221740093114,"Aristocats, The (1970)",Animation|Children,65421,10112
7324,0.05127610999270121,2.633255342674928,3.467620657968675,Hidalgo (2004),Adventure|Drama,317648,2023
7293,0.0998448276177809,5.306252144200236,3.4669645945001117,50 First Dates (2004),Comedy|Romance,343660,1824
587,0.5672789882927749,31.879024177763476,3.4659428888947525,Ghost (1990),Comedy|Drama|Fantasy|Romance|Thriller,99653,251
368,0.42175438129667153,25.156546212506186,3.4649133416277604,Maverick (1994),Adventure|Comedy|Western,110478,9359
37729,0.08158846291994948,4.950906206542339,3.464627645645523,Corpse Bride (2005),Animation|Comedy|Fantasy|Musical|Romance,121164,3933
4085,0.163092212744956,9.992293361312937,3.464469946410657,Beverly Hills Cop (1984),Action|Comedy|Crime|Drama,86960,90
7149,0.04348291826568788,2.79197448063004,3.4637223960480172,Something's Gotta Give (2003),Comedy|Drama|Romance,337741,6964
45720,0.04966972066198892,3.371883688077263,3.4628786995331398,"Devil Wears Prada, The (2006)",Comedy|Drama,458352,350
2058,0.11172486485355447,8.094894423555813,3.4619500392174807,"Negotiator, The (1998)",Action|Crime|Drama|Mystery|Thriller,120768,9631
102903,0.029595394381578266,2.458448997688755,3.460186381347685,Now You See Me (2013),Crime|Mystery|Thriller,1670345,75656
3702,0.1020233956286983,8.820206017405935,3.4597151550707026,Mad Max (1979),Action|Adventure|Sci-Fi,79501,9659
61024,0.03311483603479043,3.1950915530324697,3.458512428833339,Pineapple Express (2008),Action|Comedy|Crime,910936,10189
373,0.043954254356615485,4.438694226369053,3.4580506650174065,Red Rock West (1992),Thriller,105226,10427
2023,0.09014308601107146,10.204602280549471,3.4569817189918957,"Godfather: Part III, The (1990)",Crime|Drama|Mystery|Thriller,99674,242
55269,0.025273802690521638,2.9314387118723415,3.456769782967436,"Darjeeling Limited, The (2007)",Adventure|Comedy|Drama,838221,4538
4351,0.019907174361230788,2.348355164105535,3.4566252159224113,Point Break (1991),Action|Crime|Thriller,102685,1089
27660,0.024714390449532504,2.966436522934722,3.4564794850660694,"Animatrix, The (2003)",Action|Animation|Drama|Sci-Fi,328832,55931
102125,0.014337056866308831,2.0791466274549038,3.455043789745209,Iron Man 3 (2013),Action|Sci-Fi|Thriller|IMAX,1300854,68721
2311,0.026316115802531764,4.598744438344864,3.4538706035776454,2010: The Year We Make Contact (1984),Sci-Fi,86837,4437
628,0.04521362408054108,7.982810323201083,3.4538120204670557,Primal Fear (1996),Crime|Drama|Mystery|Thriller,117381,1592
6979,0.0254457493595327,4.548825985036382,3.453742062676715,WarGames (1983),Drama|Sci-Fi|Thriller,86567,860
55290,0.01852863129159131,3.840337626114617,3.4529728870827814,Gone Baby Gone (2007),Crime|Drama|Mystery,452623,4771
799,0.020227685536291284,5.246509886021398,3.452003602940053,"Frighteners, The (1996)",Comedy|Horror|Thriller,116365,10779
543,0.026374772835368543,9.469285892437483,3.45093344477449,So I Married an Axe Murderer (1993),Comedy|Romance|Thriller,108174,10442
1982,0.01312182281364803,5.745071747770945,3.450432161491363,Halloween (1978),Horror,77651,948
81932,0.008674956134710116,3.8924929308931873,3.4503767851836127,"Fighter, The (2010)",Drama,964517,45317
2378,0.011085321211695968,5.181235696014072,3.4502876607514277,Police Academy (1984),Comedy|Crime,87928,9336
1517,-0.03555879848880249,20.2215697413993,3.446389689374419,Austin Powers: International Man of Mystery (1997),Action|Adventure|Comedy,118655,816
991,-0.006670306066325897,2.6116797959879268,3.445594120076811,Michael Collins (1996),Drama,117039,1770
1282,-0.02746845682557597,9.920724869802404,3.4453793530835464,Fantasia (1940),Animation|Children|Fantasy|Musical,32455,756
180,-0.02324430332712829,6.833375385507246,3.4447465642142636,Mallrats (1995),Comedy|Romance,113749,2293
3980,-0.015732122800528242,3.6525672108472294,3.443841008105203,Men of Honor (2000),Drama,203019,11978
1754,-0.01706916803898184,3.5784632380657344,3.443378177875032,Fallen (1998),Crime|Drama|Fantasy|Thriller,119099,9411
170,-0.05528723814206704,10.211642643261598,3.4427340111028792,Hackers (1995),Action|Adventure|Crime|Thriller,113243,10428
52,-0.05701497051669008,8.728445227569507,3.4416160611042246,Mighty Aphrodite (1995),Comedy|Drama|Romance,113819,11448
7444,-0.01823123745424023,2.5701902991639174,3.441054809430454,13 Going on 30 (2004),Comedy|Fantasy|Romance,337563,10096
371,-0.05675735135750251,7.335923123603252,3.440411242694766,"Paper, The (1994)",Comedy|Drama,110771,12280
3798,-0.0523172822120795,6.511673271836507,3.4401137655872214,What Lies Beneath (2000),Drama|Horror|Mystery,161081,2655
6548,-0.03270463274393365,3.4121570693456142,3.4385634125997724,Bad Boys II (2003),Action|Comedy|Crime|Thriller,172156,8961
33004,-0.06365151954277813,6.526217424768426,3.438394947228423,"Hitchhiker's Guide to the Galaxy, The (2005)",Adventure|Comedy|Sci-Fi,371724,7453
3527,-0.16502156466681211,14.692937378501215,3.436916796024037,Predator (1987),Action|Sci-Fi|Thriller,93773,106
5881,-0.049495825688548815,4.306116910914017,3.4366538447610764,Solaris (2002),Drama|Romance|Sci-Fi,307479,2103
63131,-0.03854072397778047,2.5873994359010273,3.4332526091959954,Role Models (2008),Comedy,430922,15373
5400,-0.04967501795269681,3.1472831814866127,3.4323646932428358,"Sum of All Fears, The (2002)",Drama|Thriller,164184,4614
1375,-0.18066006839361326,11.190877322452558,3.4320046370502615,Star Trek III: The Search for Spock (1984),Action|Adventure|Sci-Fi,88170,157
41,-0.08939304369546902,4.974080251293197,3.4301763782515007,Richard III (1995),Drama|War,114279,31174
551,-0.4567799896150927,24.652321529025855,3.429619265562044,"Nightmare Before Christmas, The (1993)",Animation|Children|Fantasy|Musical,107688,9479
3479,-0.08051777418801312,4.291833921485063,3.4293874605492523,Ladyhawke (1985),Adventure|Fantasy|Romance,89457,526
45,-0.17096580421203111,9.089213420564052,3.4293384032899756,To Die For (1995),Comedy|Drama|Thriller,114681,577
2406,-0.27773484282694333,13.119689683290478,3.426978834821221,Romancing the Stone (1984),Action|Adventure|Comedy|Romance,88011,9326
1608,-0.29513794762764883,13.834253485588375,3.426814295432405,Air Force One (1997),Action|Thriller,118571,9772
362,-0.1625668065053447,7.6082979720090815,3.4267811110346713,"Jungle Book, The (1994)",Adventure|Children|Romance,110213,10714
1721,-0.5608289256138456,25.25122087260009,3.4259381763517975,Titanic (1997),Drama|Romance,120338,597
1095,-0.11914604698032927,5.302564788633821,3.425678639663082,Glengarry Glen Ross (1992),Drama,104348,9504
3869,-0.1388406220958257,6.0039677418072355,3.42502334053064,"Naked Gun 2 1/2: The Smell of Fear, The (1991)",Comedy,102510,37137
54286,-0.23196385968069091,10.02243405087149,3.4250036868966363,"Bourne Ultimatum, The (2007)",Action|Crime|Thriller,440963,2503
1339,-0.12120161626650633,5.177769158601098,3.4247400762264597,Dracula (Bram Stoker's Dracula) (1992),Fantasy|Horror|Romance|Thriller,103874,6114
3624,-0.1962411551279626,7.966383246892008,3.423514493902243,Shanghai Noon (2000),Action|Adventure|Comedy|Western,184894,8584
1032,-0.2348281404445216,9.045584479016958,3.4221876239798394,Alice in Wonderland (1951),Adventure|Animation|Children|Fantasy|Musical,43274,12092
3635,-0.11602640660945995,4.411923775007464,3.421849783482748,"Spy Who Loved Me, The (1977)",Action|Adventure|Thriller,76752,691
4446,-0.14605727843446115,5.470518908661509,3.4214491723884204,Final Fantasy: The Spirits Within (2001),Adventure|Animation|Fantasy|Sci-Fi,173840,2114
2474,-0.09646248568872406,3.578835554270212,3.4211945602360023,"Color of Money, The (1986)",Drama,90863,11873
2096,-0.11698788688108386,4.1433493085101185,3.419913053799307,Sleeping Beauty (1959),Animation|Children|Musical,53285,10882
2527,-0.14925710574573234,5.203824882011125,3.419465961401337,Westworld (1973),Action|Sci-Fi|Thriller|Western,70909,2362
2174,-0.5367214685989495,18.364147728312123,3.418921556894752,Beetlejuice (1988),Comedy|Fantasy,94721,4011
4545,-0.09628105165154044,3.1854260456730095,3.4179226712274553,Short Circuit (1986),Comedy|Sci-Fi,91949,2605
3534,-0.1373915788326039,4.430477484211293,3.4171375971834568,28 Days (2000),Drama,191754,10468
1693,-0.1405163114840091,4.3443924840875585,3.4158038607352594,Amistad (1997),Drama|Mystery,118607,11831
257,-0.12877981606890604,3.849127801532242,3.414691274473866,Just Cause (1995),Mystery|Thriller,113501,9061
500,-1.337148412811623,38.993242383984864,3.4138563504732513,Mrs. Doubtfire (1993),Comedy|Drama,107614,788
53519,-0.11149679395761841,3.0813101771564435,3.411963294510447,Death Proof (2007),Action|Adventure|Crime|Horror|Thriller,1028528,1991
141,-0.9021650460033255,24.79465907487397,3.4117626908247165,"Birdcage, The (1996)",Comedy,115685,11000
6297,-0.09197342129555255,2.4508688125093268,3.410621299179624,Holes (2003),Adventure|Children|Comedy|Mystery,311289,8326
5349,-0.8210599398569514,21.703281025281512,3.4103170063466215,Spider-Man (2002),Action|Adventure|Sci-Fi|Thriller,145487,557
46972,-0.08297906191432136,2.1388733520547984,3.4093524789053036,Night at the Museum (2006),Action|Comedy|Fantasy|IMAX,477347,1593
1580,-1.344737702284693,34.408158492009484,3.4090662058955563,Men in Black (a.k.a. MIB) (1997),Action|Comedy|Sci-Fi,119654,607
165,-1.5709527130886007,40.09546637967062,3.408967841351547,Die Hard: With a Vengeance (1995),Action|Crime|Thriller,112864,1572
648,-1.6960424511966905,43.02115746020362,3.4087246990384363,Mission: Impossible (1996),Action|Adventure|Mystery|Thriller,117060,954
114662,-0.09892108750558987,2.5086439596842025,3.408716068640954,American Sniper (2014),Action|War,2179136,190859
253,-1.1877547205072778,28.45911720970714,3.4064126765233755,Interview with the Vampire: The Vampire Chronicles (1994),Drama|Horror,110148,628
3745,-0.27423601864157676,6.360103678678277,3.405029986970561,Titan A.E. (2000),Action|Adventure|Animation|Children|Sci-Fi,120913,7450
71530,-0.0958385164444022,2.209082727552471,3.4047643165400157,Surrogates (2009),Action|Sci-Fi|Thriller,986263,19959
4321,-0.25798078869716656,5.934585247559083,3.4046774194510507,City Slickers (1991),Comedy|Western,101587,1406
2371,-0.24906631779091915,5.560429863786288,3.4033555189630564,Fletch (1985),Comedy|Crime|Mystery,89155,9749
3034,-0.2560402755514317,5.610452173018565,3.4025118568084816,Robin Hood (1973),Adventure|Animation|Children|Comedy|Musical,70608,11886
2232,-0.21204674919528388,4.5615454553180985,3.401662432991599,Cube (1997),Horror|Mystery|Sci-Fi|Thriller,123755,431
91658,-0.2584280008982252,5.481527732481548,3.4010029057330398,"Girl with the Dragon Tattoo, The (2011)",Drama|Thriller,1568346,65754
2072,-0.21807845799160858,4.5586194269129905,3.4003094518829085,"'burbs, The (1989)",Comedy,96734,11974
7458,-0.4076991335995208,8.521181871259039,3.400302779757494,Troy (2004),Action|Adventure|Drama|War,332452,652
6659,-0.10947735849965096,2.2621536568593825,3.3997529784511116,Tremors (1990),Comedy|Horror|Sci-Fi,100814,9362
1645,-0.49126293231528795,10.060807139259015,3.3993187772352593,The Devil's Advocate (1997),Drama|Mystery|Thriller,118971,1813
2455,-0.5384703179701118,10.900613216877783,3.3987499851403813,"Fly, The (1986)",Drama|Horror|Sci-Fi|Thriller,91064,9426
34162,-0.42849914287047913,8.629869501435243,3.3984951269586396,Wedding Crashers (2005),Comedy|Romance,396269,9522
39183,-0.28963413193955523,5.584937033895892,3.396288283243342,Brokeback Mountain (2005),Drama|Romance,388795,142
597,-1.8590471593946258,35.57193755607658,3.395886527475888,Pretty Woman (1990),Comedy|Romance,100405,114
45517,-0.2722001696920579,5.194234873931966,3.3957438722741675,Cars (2006),Animation|Children|Comedy,317219,920
1370,-0.9380967571153179,17.614015004380594,3.3948896092163103,Die Hard 2 (1990),Action|Adventure|Thriller,99423,1573
2245,-0.2564024251273717,4.704576007152654,3.393647515097069,Working Girl (1988),Comedy|Drama|Romance,96463,3525
1345,-0.327693500363075,5.853367450038253,3.39216440081358,Carrie (1976),Drama|Fantasy|Horror|Thriller,74285,7340
1093,-0.44972583745847805,8.015662242465867,3.392042268465492,"Doors, The (1991)",Drama,101761,10537
5816,-0.8534523747156095,15.193603389978612,3.39197633053267,Harry Potter and the Chamber of Secrets (2002),Adventure|Fantasy,295297,672
5945,-0.3248333676078419,5.730086945027768,3.391459076230899,About Schmidt (2002),Comedy|Drama,257360,2755
112,-0.747961732023523,13.177990709341342,3.391389747587513,Rumble in the Bronx (Hont faan kui) (1995),Action|Adventure|Comedy|Crime,113326,33542
2141,-0.2220408264138939,3.854237208800657,3.390538624713169,"American Tail, An (1986)",Adventure|Animation|Children|Comedy,90633,4978
2110,-0.2591302927869146,4.495494895756479,3.39050594386285,Dead Men Don't Wear Plaid (1982),Comedy|Crime|Thriller,83798,9442
380,-2.882466516614873,49.343125090048545,3.3897313686487194,True Lies (1994),Action|Adventure|Comedy|Romance|Thriller,111503,36955
1777,-0.6537781409544325,11.125778520947373,3.389385691124484,"Wedding Singer, The (1998)",Comedy|Romance,120888,11003
2302,-0.8276402313958476,13.472116991139384,3.3867145835118984,My Cousin Vinny (1992),Comedy,104952,10377
106696,-0.12754942866659094,2.055658778729259,3.3861002207691158,Frozen (2013),Adventure|Animation|Comedy|Fantasy|Musical|Romance,2294629,109445
266,-1.2809374796533504,20.475713032026597,3.3855892807186754,Legends of the Fall (1994),Drama|Romance|War|Western,110322,4476
4874,-0.46898716171010624,7.348462850264626,3.3843270324338457,K-PAX (2001),Drama|Fantasy|Mystery|Sci-Fi,272152,167
216,-0.7103022295000985,11.101465252519692,3.3841654080899257,Billy Madison (1995),Comedy,112508,11017
41569,-0.341780712303396,5.13384721449975,3.381574167379085,King Kong (2005),Action|Adventure|Drama|Fantasy|Thriller,360717,254
4023,-0.24169012063352696,3.5090749619295747,3.3792724317898664,"Family Man, The (2000)",Comedy|Drama|Romance,218967,5994
60756,-0.22463700078000098,3.246633798477017,3.3789574276872645,Step Brothers (2008),Comedy,838283,12133
88140,-0.22226847474710326,3.188727196382322,3.3784437202200257,Captain America: The First Avenger (2011),Action|Adventure|Sci-Fi|Thriller|War,458339,1771
2490,-0.7430679949131836,10.589927286881863,3.377980723517554,Payback (1999),Action|Thriller,120784,2112
8783,-0.2979855557379497,4.204350373269348,3.3772726362600367,"Village, The (2004)",Drama|Mystery|Thriller,368447,6947
6155,-0.30376233461877,4.27613961335596,3.377111584553862,How to Lose a Guy in 10 Days (2003),Comedy|Romance,251127,9919
6764,-0.25955832274037083,3.6217094999821717,3.3764808178240795,"Rundown, The (2003)",Action|Adventure|Comedy,327850,10159
785,-0.716199149530699,9.96913513223986,3.3763065020887133,Kingpin (1996),Comedy,116778,11543
2336,-0.3913083494964802,5.424244981521868,3.376007550020869,Elizabeth (1998),Drama,127536,4518
5574,-0.2939430969303275,3.9397752056777655,3.3735390633715268,"Transporter, The (2002)",Action|Crime,293662,4108
7346,-0.21049514088349175,2.788866945594243,3.3726712360139524,"Girl Next Door, The (2004)",Comedy|Romance,265208,10591
6156,-0.2107670776767201,2.785135075693156,3.3724724641066546,Shanghai Knights (2003),Action|Adventure|Comedy,300471,6038
805,-0.7613281761890786,10.036641130140545,3.3722932789282156,"Time to Kill, A (1996)",Drama|Thriller,117913,1645
2908,-0.618920058108563,8.034863362456464,3.3711188381077055,Boys Don't Cry (1999),Drama,171804,226
5015,-0.284786357031336,3.667603030866786,3.3704989922865676,Monster's Ball (2001),Drama|Romance,285742,1365
1135,-0.29309156905052186,3.654499339184499,3.367947972515951,Private Benjamin (1980),Comedy,81375,10765
3917,-0.30986087493618697,3.791592330552516,3.3664250180752737,Hellraiser (1987),Horror,93177,9003
3948,-1.2791047778839402,15.28551793058817,3.3644673268628273,Meet the Parents (2000),Comedy,212338,1597
87306,-0.223012436177907,2.6604133375821375,3.36432194370039,Super 8 (2011),Mystery|Sci-Fi|Thriller|IMAX,1650062,37686
509,-1.7001037925407314,20.033227486442875,3.3632839539574193,"Piano, The (1993)",Drama|Romance,107822,713
2427,-0.5851480734606872,6.814551959942542,3.362280729272645,"Thin Red Line, The (1998)",Action|Drama|War,120863,8741
77561,-0.41244105686606125,4.76014357265007,3.361503498900353,Iron Man 2 (2010),Action|Adventure|Sci-Fi|Thriller|IMAX,1228705,10138
2335,-0.4741333941736149,5.201723588706969,3.3569988790763166,"Waterboy, The (1998)",Comedy,120484,10663
3763,-0.3743683589812461,4.105626530040617,3.35696394884073,F/X (1986),Action|Crime|Thriller,89118,9873
1566,-0.5132775230993156,5.576114701803801,3.356098852446971,Hercules (1997),Adventure|Animation|Children|Comedy|Musical,119282,11970
1883,-0.6007760737819428,6.375335697666616,3.3539137410458806,Bulworth (1998),Comedy|Drama|Romance,118798,9452
97304,-0.3394602704921724,3.5835825051645442,3.353421662773117,Argo (2012),Drama|Thriller,1024648,68734
31685,-0.4851676195226217,5.117125162648358,3.353335629538772,Hitch (2005),Comedy|Romance,386588,8488
106487,-0.35475191482774027,3.698737395327722,3.3522365488644934,The Hunger Games: Catching Fire (2013),Action|Adventure|Sci-Fi|IMAX,1951264,101299
4246,-0.9900292868291352,10.090977491344553,3.350037812497515,Bridget Jones's Diary (2001),Comedy|Drama|Romance,243155,634
2146,-0.3329295149732264,3.374095405960839,3.349475948271151,St. Elmo's Fire (1985),Drama|Romance,90060,11557
1033,-0.39297801635635615,3.9826444702483705,3.3494755398800944,"Fox and the Hound, The (1981)",Animation|Children|Drama,82406,10948
6863,-1.0172170656802,10.132504239930718,3.3477566811226493,School of Rock (2003),Comedy|Musical,332379,1584
3174,-0.7859032558996891,7.773981469564408,3.3470541131440115,Man on the Moon (1999),Comedy|Drama,125664,1850
3639,-0.45241176969334423,4.421733564987728,3.345832696362408,"Man with the Golden Gun, The (1974)",Action|Adventure|Thriller,71807,682
5378,-1.7769965178415603,17.274920155951904,3.3452824677899304,Star Wars: Episode II - Attack of the Clones (2002),Action|Adventure|Sci-Fi|IMAX,121765,1894
2004,-0.3849800233019073,3.6636821573601757,3.3430680943425948,Gremlins 2: The New Batch (1990),Comedy|Horror,99700,928
3101,-0.6735651326232284,6.238104140794653,3.3401722295926257,Fatal Attraction (1987),Drama|Thriller,93010,10998
3978,-0.3732942727403253,3.4297757514007063,3.339308914635975,"Legend of Bagger Vance, The (2000)",Drama|Romance,146984,4958
122900,-0.3349245567527153,3.0599831471591257,3.3386951115813877,Ant-Man (2015),Action|Adventure|Sci-Fi,478970,102899
230,-0.9694613019282631,8.80186018502782,3.33800538611762,Dolores Claiborne (1995),Drama|Thriller,109642,11929
2409,-0.5228213236209298,4.7394703184488565,3.3378359870457492,Rocky II (1979),Action|Drama,79817,1367
4128,-0.5110305963067467,4.6173392960963415,3.337471749283029,"Lost Boys, The (1987)",Comedy|Horror|Thriller,93437,1547
6281,-0.4678485621647722,4.180132995570268,3.3362262426158003,Phone Booth (2002),Drama|Thriller,183649,1817
8972,-0.5622026436310607,5.012005291963053,3.3359769714015077,National Treasure (2004),Action|Adventure|Drama|Mystery|Thriller,368891,2059
2387,-0.5903343787687679,5.249218015114578,3.335686774928825,Very Bad Things (1998),Comedy|Crime,124198,10029
724,-0.5857050202339785,5.114933510099501,3.3336393467006427,"Craft, The (1996)",Drama|Fantasy|Horror|Thriller,115963,9100
3087,-0.6216542432299712,5.388696222223047,3.3327855256823207,Scrooged (1988),Comedy|Fantasy|Romance,96061,9647
3969,-0.5641900734431949,4.854465748768429,3.3319273348968617,Pay It Forward (2000),Drama,223897,10647
48385,-1.1050726904377803,9.493837374864468,3.3317492116164784,Borat: Cultural Learnings of America for Make Benefit Glorious Nation of Kazakhstan (2006),Comedy,443453,496
225,-1.7198678008832713,14.750235184168055,3.331548808353897,Disclosure (1994),Drama|Thriller,109635,8984
112183,-0.4485143887997829,3.818809305467405,3.3306994264460927,Birdman: Or (The Unexpected Virtue of Ignorance) (2014),Comedy|Drama,2562232,194662
61323,-0.5544702231209052,4.705952259549182,3.330325001053393,Burn After Reading (2008),Comedy|Crime|Drama,887883,4944
2407,-1.234834838992469,10.386028230236443,3.3292543137848147,Cocoon (1985),Comedy|Sci-Fi,88933,10328
10,-4.309017400465398,36.21273375835079,3.329156378285428,GoldenEye (1995),Action|Adventure|Thriller,113189,710
8371,-0.4662420850789971,3.8629625032676884,3.327452706763677,"Chronicles of Riddick, The (2004)",Action|Sci-Fi|Thriller,296572,2789
1049,-0.570388819680396,4.721947808297802,3.327352933537168,"Ghost and the Darkness, The (1996)",Action|Adventure,116409,10586
802,-1.3277125759490882,10.97028026791701,3.3271200228409117,Phenomenon (1996),Drama|Romance,117333,9294
66097,-0.36415026416857565,2.9861380742888923,3.3262012946663515,Coraline (2009),Animation|Fantasy|Thriller,327597,14836
3082,-0.9658292707190642,7.886375514219642,3.3256800832545164,"World Is Not Enough, The (1999)",Action|Adventure|Thriller,143145,36643
1378,-0.8484317565118517,6.85242079330748,3.324333271874699,Young Guns (1988),Action|Comedy|Western,96487,11967
3752,-0.8736148853537381,6.995195976943792,3.323260330373584,"Me, Myself & Irene (2000)",Adventure|Comedy,183505,2123
3701,-0.5001107161097712,4.00025864970549,3.3231285844439293,Alien Nation (1988),Crime|Drama|Sci-Fi|Thriller,94631,10128
4039,-0.2507325909136991,2.004444167723599,3.3230598718754427,Annie (1982),Children|Musical,83564,15739
2105,-1.3790787311190507,10.915385531921746,3.321805509975329,Tron (1982),Action|Adventure|Sci-Fi,84827,97
3751,-1.587065999797642,12.451490844002002,3.3206882405578666,Chicken Run (2000),Animation|Children|Comedy,120630,7443
52281,-0.5143400080973791,4.026754486066264,3.320417519884986,Grindhouse (2007),Action|Crime|Horror|Sci-Fi|Thriller,462322,253768
2662,-0.5606779195745661,4.384818602074293,3.3202801922328513,"War of the Worlds, The (1953)",Action|Drama|Sci-Fi,46534,8974
63113,-0.5514572316924966,4.308892414822228,3.3201669755817695,Quantum of Solace (2008),Action|Adventure|Thriller,830515,10764
353,-2.346862092089126,18.166502760146294,3.3189619204031224,"Crow, The (1994)",Action|Crime|Fantasy|Thriller,109506,9495
237,-1.0395224365317433,8.021694180217976,3.318559275325447,Forget Paris (1995),Comedy|Romance,113097,10525
2134,-0.6865080734129538,5.2962292288512,3.3185261257380945,Weird Science (1985),Comedy|Fantasy|Sci-Fi,90305,11814
339,-3.3588548780358645,25.76493625989775,3.3177828053509115,While You Were Sleeping (1995),Comedy|Romance,114924,2064
647,-1.0841378128554848,8.312260305514846,3.3177218089116516,Courage Under Fire (1996),Action|Crime|Drama|War,115956,10684
106489,-0.38256386820668703,2.8768534018039333,3.3151682281470527,"Hobbit: The Desolation of Smaug, The (2013)",Adventure|Fantasy|IMAX,1170358,57158
3070,-0.6406548220029038,4.813362189958683,3.3150489414771465,"Adventures of Buckaroo Banzai Across the 8th Dimension, The (1984)",Adventure|Comedy|Sci-Fi,86856,11379
5265,-0.36991212050877004,2.754037372335331,3.313831893071754,Death to Smoochy (2002),Comedy|Crime|Drama,266452,9275
203,-0.9818202349648978,7.239654484635718,3.3125311651233957,"To Wong Foo, Thanks for Everything! Julie Newmar (1995)",Comedy,114682,9090
2985,-2.135512832589119,15.66773978122039,3.311848163204002,RoboCop (1987),Action|Crime|Drama|Sci-Fi|Thriller,93870,5548
59369,-0.9184895827706003,6.706446385780941,3.3111919431806736,Taken (2008),Action|Crime|Drama|Thriller,936501,8681
2094,-1.4388997728891892,10.50375923129762,3.311159132671409,"Rocketeer, The (1991)",Action|Adventure|Sci-Fi,102803,10249
5388,-0.7807944201669647,5.688228906880303,3.3108832286654564,Insomnia (2002),Action|Crime|Drama|Mystery|Thriller,278504,320
3441,-0.549709620279764,3.9724236177681336,3.309766763182154,Red Dawn (1984),Action|Drama|War,87985,1880
79293,-0.278826743221891,1.9903223509641166,3.3080569699550035,Salt (2010),Action|Thriller,944835,27576
2060,-0.3568761647269571,2.5472937337636763,3.3080480804187786,BASEketball (1998),Comedy,131857,14013
32031,-0.4670312936990516,3.3272251751293016,3.3077815878012546,Robots (2005),Adventure|Animation|Children|Comedy|Fantasy|Sci-Fi|IMAX,358082,9928
1569,-1.1116147929594478,7.909561039740521,3.3076075230952955,My Best Friend's Wedding (1997),Comedy|Romance,119738,8874
6593,-0.5569536737936929,3.9384355898347674,3.306733233602816,Freaky Friday (2003),Children|Comedy|Fantasy,322330,10330
3717,-1.8300654819386764,12.902044663863585,3.3063051001837174,Gone in 60 Seconds (2000),Action|Crime,187078,9679
60040,-0.6427349844979037,4.519960604201474,3.305948934796323,"Incredible Hulk, The (2008)",Action|Sci-Fi,800080,1724
2376,-0.7154923079836398,5.0277756233863675,3.305840253112483,"View to a Kill, A (1985)",Action|Adventure|Thriller,90264,707
350,-2.743774991218569,19.192532887170685,3.305187609047438,"Client, The (1994)",Drama|Mystery|Thriller,109446,10731
2746,-1.2819520788400705,8.906804096795414,3.3042186397656974,Little Shop of Horrors (1986),Comedy|Horror|Musical,91419,10776
6373,-1.5610139105332204,10.831408397517821,3.3040289616929717,Bruce Almighty (2003),Comedy|Drama|Fantasy|Romance,315327,310
376,-1.9058509423677268,13.140776578231169,3.3031148020602474,"River Wild, The (1994)",Action|Thriller,110997,8987
4677,-0.3071799759820567,2.1178816942946463,3.303107076322231,Turner & Hooch (1989),Comedy|Crime,98536,6951
2021,-1.2462970781454263,8.573213129149353,3.3027771053430985,Dune (1984),Adventure|Sci-Fi,87182,841
4992,-0.4784434167377307,3.2835262118807544,3.302437945105949,Kate & Leopold (2001),Comedy|Romance,35423,11232
88,-0.6144378109650435,4.187938857685275,3.3014321417476524,Black Sheep (1996),Comedy,115697,13997
198,-1.694492453635156,11.514688414787525,3.3009889506574166,Strange Days (1995),Action|Crime|Drama|Mystery|Sci-Fi|Thriller,114558,281
7387,-0.39987390502727027,2.691369552229343,3.299571838321156,Dawn of the Dead (1978),Action|Drama|Horror,77402,923
592,-7.72101611909075,51.890956858704826,3.299355055137329,Batman (1989),Action|Crime|Thriller,96895,268
852,-1.660097070316902,11.104325782546868,3.2986481286669003,Tin Cup (1996),Comedy|Drama|Romance,117918,10478
122918,-0.3090316014654362,2.0661695103248,3.2985808206109564,Guardians of the Galaxy 2 (2017),Action|Adventure|Sci-Fi,3896198,283995
236,-1.9630803073188883,12.960867314812532,3.2966860501129918,French Kiss (1995),Action|Comedy|Romance,113117,397
1271,-0.8595595706234214,5.65638880165316,3.2961855711750756,Fried Green Tomatoes (1991),Comedy|Crime|Drama,101921,1633
2125,-0.4957098415499214,3.2521433791493575,3.295722614789884,Ever After: A Cinderella Story (1998),Comedy|Drama|Romance,120631,9454
6365,-2.0834751404740453,13.626953909010588,3.295254478624344,"Matrix Reloaded, The (2003)",Action|Adventure|Sci-Fi|Thriller|IMAX,234215,604
45499,-1.110388914832229,7.19465771429865,3.2938129727178747,X-Men: The Last Stand (2006),Action|Sci-Fi|Thriller,376994,36668
1129,-1.5143084077908493,9.78681047351874,3.2934186520412414,Escape from New York (1981),Action|Adventure|Sci-Fi|Thriller,82340,1103
45722,-1.59454462177484,10.242198670096451,3.2924643426048585,Pirates of the Caribbean: Dead Man's Chest (2006),Action|Adventure|Fantasy,383574,58
3033,-2.3150058229065023,14.680728596233655,3.2904580410093027,Spaceballs (1987),Comedy|Sci-Fi,94012,957
1094,-1.7814934784404366,11.125855044686945,3.2880262239308045,"Crying Game, The (1992)",Drama|Romance|Thriller,104036,11386
27706,-0.46142603898901013,2.8432796191658865,3.2858616556089855,Lemony Snicket's A Series of Unfortunate Events (2004),Adventure|Children|Comedy|Fantasy,339291,11774
4014,-0.6847844163101428,4.215133974057587,3.2856896692323585,Chocolat (2000),Drama|Romance,241303,392
7163,-0.3628297425678294,2.20655618877655,3.283715635628949,Paycheck (2003),Action|Sci-Fi|Thriller,338337,9620
22,-1.9515547454127655,11.779756340092169,3.2824779489182636,Copycat (1995),Crime|Drama|Horror|Mystery|Thriller,112722,1710
477,-0.8491767473884728,5.060985066563494,3.28035935437953,What's Love Got to Do with It? (1993),Drama|Musical,108551,15765
2137,-0.6578060864336883,3.915872493441148,3.2801636390634004,Charlotte's Web (1973),Animation|Children,70016,15171
24,-1.494462774972777,8.887237310059179,3.2799898606314013,Powder (1995),Drama|Sci-Fi,114168,12665
1615,-0.6916392248122462,4.104565257696725,3.2796433217209193,"Edge, The (1997)",Adventure|Drama,119051,9433
329,-5.540233097638879,32.75944869234885,3.279029522845574,Star Trek: Generations (1994),Adventure|Drama|Sci-Fi,111280,193
4701,-1.0916613077184674,6.417325547715329,3.278036607212598,Rush Hour 2 (2001),Action|Comedy,266915,5175
3176,-1.7174328999442978,10.093342300415374,3.2779931411472845,"Talented Mr. Ripley, The (1999)",Drama|Mystery|Thriller,134119,1213
30825,-0.8879481212313658,5.171218225141275,3.2764385217385064,Meet the Fockers (2004),Comedy,290002,693
2628,-5.020363484936265,29.217900787804975,3.2763232333614307,Star Wars: Episode I - The Phantom Menace (1999),Action|Adventure|Sci-Fi,120915,1893
4344,-1.119370223057372,6.50553020033224,3.276083763459592,Swordfish (2001),Action|Crime|Drama,244244,9705
1088,-1.1351292130647195,6.5937052431371175,3.275994708002678,Dirty Dancing (1987),Drama|Musical|Romance,92890,88
3489,-1.6687488759667832,9.684501232683807,3.2758368784646126,Hook (1991),Adventure|Comedy|Fantasy,102057,879
2353,-2.3129527965564405,13.364517745483546,3.275081475071118,Enemy of the State (1998),Action|Thriller,120660,9798
2424,-1.6825390537216363,9.705033045729493,3.2747804870154185,You've Got Mail (1998),Comedy|Romance,128853,9489
30793,-1.3943728496371963,8.007805644828174,3.274021460094591,Charlie and the Chocolate Factory (2005),Adventure|Children|Comedy|Fantasy|IMAX,367594,118
2243,-1.1716330142818931,6.705661003462039,3.2734252030195394,Broadcast News (1987),Comedy|Drama|Romance,92699,12626
1301,-0.44146917252334833,2.521592729312241,3.273072691943013,Forbidden Planet (1956),Drama|Sci-Fi,49223,830
2133,-0.7526139420189829,4.27849292076043,3.2722418699208746,Adventures in Babysitting (1987),Adventure|Comedy,92513,14367
31,-1.7092971058130766,9.708811820514072,3.2720919054939026,Dangerous Minds (1995),Drama,112792,9909
3072,-1.1175912979501406,6.339035073465372,3.2718451132706097,Moonstruck (1987),Comedy|Romance,93565,2039
2779,-0.6067177594329787,3.4031841598131205,3.269868762530971,Heaven Can Wait (1978),Comedy,77663,12185
53953,-0.8039629284556765,4.374544667327051,3.264366107772989,1408 (2007),Drama|Horror|Thriller,450385,3021
82461,-0.40741117283280315,2.203960588812274,3.263294122152006,Tron: Legacy (2010),Action|Adventure|Sci-Fi|IMAX,1104001,20526
2294,-1.4730169198005423,7.742231093306124,3.2578907518251805,Antz (1998),Adventure|Animation|Children|Comedy|Fantasy,120587,8916
81562,-0.6234926305845663,3.275009655388173,3.2577693383696906,127 Hours (2010),Adventure|Drama|Thriller,1542344,44115
27904,-0.6743641445246401,3.5407897388403287,3.257692344836398,"Scanner Darkly, A (2006)",Animation|Drama|Mystery|Sci-Fi|Thriller,405296,3509
2167,-1.9100728301443821,9.90595633632418,3.2553275286669465,Blade (1998),Action|Horror|Thriller,120611,36647
6287,-1.0298419344962966,5.307192530437726,3.2541017225580573,Anger Management (2003),Comedy,305224,9506
163,-3.46374633923919,17.82046802632345,3.253779170871359,Desperado (1995),Action|Romance|Western,112851,8068
15,-0.769026808816658,3.9556173027599018,3.2537343422761067,Cutthroat Island (1995),Action|Adventure|Romance,112760,1408
4121,-0.5432252412897816,2.7497229034585686,3.250591862367412,Innerspace (1987),Action|Adventure|Comedy|Sci-Fi,93260,2614
3157,-0.5517576875587685,2.7701424072135747,3.2489679590929654,Stuart Little (1999),Children|Comedy|Fantasy,164912,10137
2990,-0.8730676462228812,4.33106039347836,3.246565310385208,Licence to Kill (1989),Action|Adventure|Thriller,97742,709
33615,-0.7947453266376245,3.939476398703218,3.2464093776962004,Madagascar (2005),Adventure|Animation|Children|Comedy,351283,953
1588,-0.6141966308958633,3.01167472450368,3.2442096477649165,George of the Jungle (1997),Children|Comedy,119190,10603
4700,-0.6099875572180605,2.982808582879181,3.243647143216662,"Princess Diaries, The (2001)",Children|Comedy|Romance,247638,9880
3755,-1.717459735486744,8.390512041592922,3.243457478224502,"Perfect Storm, The (2000)",Drama|Thriller,177971,2133
194,-1.523474307746398,7.3697397452588875,3.2414279444928864,Smoke (1995),Comedy|Drama,114478,10149
4161,-0.8865696504472592,4.279841902398472,3.240998103002702,"Mexican, The (2001)",Action|Comedy,236493,6073
53125,-1.502961679819092,7.227408858904226,3.2401951319002276,Pirates of the Caribbean: At World's End (2007),Action|Adventure|Comedy|Fantasy,449088,285
46970,-1.0593563650481104,5.073847665599235,3.239360611335992,Talladega Nights: The Ballad of Ricky Bobby (2006),Action|Comedy,415306,9718
282,-3.164771970239875,15.036121042717232,3.2376702096711365,Nell (1994),Drama,110638,1945
1179,-1.691546552488034,8.022868968522143,3.2373075687638577,"Grifters, The (1990)",Crime|Drama|Film-Noir,99703,18129
2145,-1.4235975137690648,6.6870211292119865,3.2352585410463357,Pretty in Pink (1986),Comedy|Drama|Romance,91790,11522
661,-2.0751819531625038,9.698669974555235,3.2341825482626785,James and the Giant Peach (1996),Adventure|Animation|Children|Fantasy|Musical,116683,10539
507,-1.1446622584155524,5.328518811152562,3.2333300937947085,"Perfect World, A (1993)",Crime|Drama|Thriller,107808,9559
5541,-0.6369869376489392,2.964788101124215,3.2332974738093223,Hot Shots! (1991),Action|Comedy|Romance|War,102059,9595
832,-1.9885106685083391,9.078621435163107,3.229115945552467,Ransom (1996),Crime|Thriller,117438,3595
46530,-0.9044643000003337,4.121077239950263,3.2286754161741857,Superman Returns (2006),Action|Adventure|Sci-Fi|IMAX,348150,1452
3608,-1.2668692863954716,5.7546535327833475,3.228001260237098,Pee-wee's Big Adventure (1985),Adventure|Comedy,89791,5683
292,-6.348405406993827,28.814606172603472,3.2278291492124347,Outbreak (1995),Action|Drama|Sci-Fi|Thriller,114069,6950
81229,-0.5787351871644285,2.6207961413097305,3.227324041603523,Red (2010),Action|Comedy,1245526,39514
34437,-0.7442942120820515,3.3482828132563096,3.225856892808535,Broken Flowers (2005),Comedy|Drama,412019,308
33679,-1.9142653722217107,8.582879608946755,3.225115175951577,Mr. & Mrs. Smith (2005),Action|Adventure|Comedy|Romance,356910,787
95510,-0.5302581567929667,2.3681681556754004,3.2242375564903756,"Amazing Spider-Man, The (2012)",Action|Adventure|Sci-Fi|IMAX,948470,1930
45447,-1.5594977543377946,6.941298457216309,3.2234787236477382,"Da Vinci Code, The (2006)",Drama|Mystery|Thriller,382625,591
2707,-0.8549275459399263,3.8016506263085152,3.2232649578990515,Arlington Road (1999),Thriller,137363,1073
49278,-0.5660809236355051,2.516373302765146,3.2231891970837294,Déjà Vu (Deja Vu) (2006),Action|Sci-Fi|Thriller,453467,7551
4447,-1.8057305526354495,8.018904458352774,3.2229639803070698,Legally Blonde (2001),Comedy|Romance,250494,8835
2572,-1.455843733223765,6.453650174995533,3.222563638891685,10 Things I Hate About You (1999),Comedy|Romance,147800,4951
1479,-1.4240035225337773,6.298384637215909,3.2220579077983635,"Saint, The (1997)",Action|Romance|Sci-Fi|Thriller,120053,10003
3254,-1.0544274256942519,4.662493254828688,3.221997215178689,Wayne's World 2 (1993),Comedy,108525,8873
342,-2.2605485593312746,9.981576904336519,3.221676083210482,Muriel's Wedding (1994),Comedy,110598,236
3704,-1.2942725067516654,5.712336794535205,3.2215732232566525,Mad Max Beyond Thunderdome (1985),Action|Adventure|Sci-Fi,89530,9355
53972,-1.020092550502272,4.494959778624959,3.2212067796376256,Live Free or Die Hard (2007),Action|Adventure|Crime|Thriller,337978,1571
8361,-1.4876790831427562,6.538858858580154,3.220634618982868,"Day After Tomorrow, The (2004)",Action|Adventure|Drama|Sci-Fi|Thriller,319262,435
8917,-0.980748519387505,4.310367866626963,3.2206157606114454,Team America: World Police (2004),Action|Adventure|Animation|Comedy,372588,3989
3893,-0.9292873825946595,4.079635848803906,3.220361358040319,Nurse Betty (2000),Comedy|Crime|Drama|Romance|Thriller,171580,10480
3633,-0.801555508699622,3.51668872751126,3.2202191664046045,On Her Majesty's Secret Service (1969),Action|Adventure|Romance|Thriller,64757,668
968,-1.4829173955825952,6.49993567209154,3.2200047876213103,Night of the Living Dead (1968),Horror|Sci-Fi|Thriller,63350,10331
4299,-1.5142712648310448,6.630015523122405,3.2197518448282434,"Knight's Tale, A (2001)",Action|Comedy|Romance,183790,9476
3699,-0.6877194115926535,2.9985789349239873,3.2187997810818265,Starman (1984),Adventure|Drama|Romance|Sci-Fi,88172,9663
316,-8.64119629455765,37.67075605065291,3.218760767296245,Stargate (1994),Action|Adventure|Sci-Fi,111282,2164
1616,-1.3281510384807094,5.7876734622022985,3.218668925162388,"Peacemaker, The (1997)",Action|Thriller|War,119874,6623
8984,-1.4163975333125256,6.172020880467281,3.2186613509942,Ocean's Twelve (2004),Action|Comedy|Crime|Thriller,349903,163
73321,-0.4846695470845873,2.107988603331621,3.2182278741968062,"Book of Eli, The (2010)",Action|Adventure|Drama,1037705,20504
95441,-0.6412580760575071,2.7836513544223145,3.2177824291535484,Ted (2012),Comedy|Fantasy,1637725,72105
145,-3.191188950079686,13.845509057742058,3.2176626740290306,Bad Boys (1995),Action|Comedy|Crime|Drama|Thriller,112442,9737
2470,-2.9540802261230166,12.813595091382998,3.2176055116349214,Crocodile Dundee (1986),Adventure|Comedy,90555,9671
2273,-2.084152183928131,8.935381513181756,3.214901034121018,Rush Hour (1998),Action|Comedy|Crime|Thriller,120812,2109
2694,-1.930292581401181,8.246073970910626,3.2140619206750047,Big Daddy (1999),Comedy,142342,9032
2712,-2.318314127676736,9.884746524302527,3.2136136674265154,Eyes Wide Shut (1999),Drama|Mystery|Thriller,120663,345
5266,-1.1153945976035176,4.7530514989394135,3.2134790385912044,Panic Room (2002),Thriller,258000,4547
105,-1.5853000080978976,6.735216929857639,3.212773432050223,"Bridges of Madison County, The (1995)",Drama|Romance,112579,688
2478,-1.5258742087514483,6.4646306243268326,3.2121139396389604,¡Three Amigos! (1986),Comedy|Western,92086,8388
5449,-0.9319111285121056,3.883613640237864,3.2081884160839422,Mr. Deeds (2002),Comedy|Romance,280590,2022
2672,-0.7058493100392941,2.9326515757188134,3.2074618439185087,"Thirteenth Floor, The (1999)",Drama|Sci-Fi|Thriller,139809,1090
2100,-2.2929331718351165,9.476694024524091,3.2061932085936524,Splash (1984),Comedy|Fantasy|Romance,88161,2619
86332,-0.8360407785105848,3.4540964674331356,3.2061049555650865,Thor (2011),Action|Adventure|Drama|Fantasy|IMAX,800369,10195
1380,-2.7898912256815587,11.525258632514374,3.2060806100068917,Grease (1978),Comedy|Musical|Romance,77631,621
1892,-0.7963662970652678,3.249849111280113,3.2031010629607084,"Perfect Murder, A (1998)",Thriller,120787,1965
3809,-1.8653275905563151,7.610374794549445,3.203044931051791,What About Bob? (1991),Comedy,103241,10276
5679,-2.098683064190948,8.56031944948155,3.2029840708713384,"Ring, The (2002)",Horror|Mystery|Thriller,298130,565
1876,-2.3485169657647935,9.49513846234147,3.2008092886106754,Deep Impact (1998),Drama|Sci-Fi|Thriller,120647,8656
41566,-2.5797282749484594,10.408695599050828,3.200304602090354,"Chronicles of Narnia: The Lion, the Witch and the Wardrobe, The (2005)",Adventure|Children|Fantasy,363771,411
57368,-1.0605097649699184,4.277113116765957,3.2001983071998317,Cloverfield (2008),Action|Mystery|Sci-Fi|Thriller,1060277,7191
2046,-1.4811051084172155,5.968320923408393,3.1999870858890627,Flight of the Navigator (1986),Adventure|Children|Sci-Fi,91059,10122
7160,-0.7769997115583955,3.1265419266909764,3.1996309424749976,Monster (2003),Crime|Drama,340855,504
4084,-1.0228376376108468,4.068382525851814,3.1967368367239897,Beverly Hills Cop II (1987),Action|Comedy|Crime|Thriller,92644,96
1688,-0.8698069639505019,3.4437125373012782,3.195569948907993,Anastasia (1997),Adventure|Animation|Children|Drama|Musical,118617,9444
1371,-2.8956260440183614,11.461964744830636,3.1955190521901278,Star Trek: The Motion Picture (1979),Adventure|Sci-Fi,79945,152
3168,-1.6536914036143173,6.503586163342635,3.1938744124265264,Easy Rider (1969),Adventure|Drama,64276,624
1801,-1.3193874970506543,5.171644057252712,3.1930286489473385,"Man in the Iron Mask, The (1998)",Action|Adventure|Drama,120744,9313
1020,-2.180534747684901,8.545556693038833,3.1929822682827353,Cool Runnings (1993),Comedy,106611,864
3418,-2.429125126046476,9.47043989055118,3.1916526846190894,Thelma & Louise (1991),Adventure|Crime|Drama,103074,1541
2394,-1.4797974779015033,5.737324583299553,3.190223535640718,"Prince of Egypt, The (1998)",Animation|Musical,120794,9837
107,-1.3053254752704562,5.052562264743639,3.1897989881526847,Muppet Treasure Island (1996),Adventure|Children|Comedy|Musical,117110,10874
2393,-1.7995078531574866,6.945669417200544,3.189064755895456,Star Trek: Insurrection (1998),Action|Drama|Romance|Sci-Fi,120844,200
468,-1.299296501478067,4.978908267772549,3.1871880800689514,"Englishman Who Went Up a Hill But Came Down a Mountain, The (1995)",Comedy|Romance,112966,10612
40629,-0.8362944495737996,3.2029125356170263,3.187043862854761,Pride & Prejudice (2005),Drama|Romance,414387,4348
2321,-3.452130300315043,13.205892072230553,3.1867398297986527,Pleasantville (1998),Comedy|Drama|Fantasy,120789,2657
4366,-0.7092716061046362,2.706098043998864,3.186047022294111,Atlantis: The Lost Empire (2001),Adventure|Animation|Children|Fantasy,230011,10865
3638,-1.522062747739122,5.769338572055314,3.1843289139481943,Moonraker (1979),Action|Adventure|Sci-Fi|Thriller,79574,698
6873,-0.9468129300059447,3.5839290906353334,3.183965280161987,Intolerable Cruelty (2003),Comedy|Romance,138524,11775
2375,-1.3031840463574755,4.93019622668689,3.1838211878992944,"Money Pit, The (1986)",Comedy,91541,10466
3698,-1.7842564245017387,6.704331781701622,3.182013324206894,"Running Man, The (1987)",Action|Sci-Fi,93894,865
2683,-5.863619733568025,21.965995814835154,3.181207394992438,Austin Powers: The Spy Who Shagged Me (1999),Action|Adventure|Comedy,145660,817
34048,-2.155983874756381,8.045606401856233,3.180177842480615,War of the Worlds (2005),Action|Adventure|Sci-Fi|Thriller,407304,74
59784,-1.9850009145663758,7.347113958353511,3.177973947006859,Kung Fu Panda (2008),Action|Animation|Children|Comedy|IMAX,441773,9502
4958,-0.9750032313126216,3.5791566303714655,3.1757367787691946,Behind Enemy Lines (2001),Action|Drama|War,159273,8007
4148,-1.7993289240731847,6.571705490192878,3.1743488044375963,Hannibal (2001),Horror|Thriller,212985,9740
412,-0.9048346665725966,3.288231179307722,3.172974554182806,"Age of Innocence, The (1993)",Drama,106226,10436
2013,-1.9763286828873765,7.160349269667209,3.1721380915927404,"Poseidon Adventure, The (1972)",Action|Adventure|Drama,69113,551
1320,-3.3886226769116465,12.254525277278956,3.1716280607748426,Alien³ (a.k.a. Alien 3) (1992),Action|Horror|Sci-Fi|Thriller,103644,8077
8529,-2.2179983338715727,8.00563115401647,3.1710934082849396,"Terminal, The (2004)",Comedy|Drama|Romance,362227,594
70,-3.4312311718125614,12.363523095407084,3.1706195773835044,From Dusk Till Dawn (1996),Action|Comedy|Horror|Thriller,116367,755
531,-1.3628613821509827,4.902349257129087,3.1701465141014813,"Secret Garden, The (1993)",Children|Drama,108071,11236
6953,-0.908335704790081,3.245576605143158,3.168279411270413,21 Grams (2003),Crime|Drama|Mystery|Romance|Thriller,315733,470
4734,-1.7295793834975797,6.150064880019535,3.1669187406524215,Jay and Silent Bob Strike Back (2001),Adventure|Comedy,261392,2294
1518,-1.4998437218969705,5.297847767836543,3.1650438566473067,Breakdown (1997),Action|Thriller,118771,2163
78469,-0.6756497790642914,2.3842381008708484,3.164766427406504,"A-Team, The (2010)",Action|Comedy|Thriller,429493,34544
1321,-1.3334117560982461,4.617939468112272,3.1594021659715263,"American Werewolf in London, An (1981)",Comedy|Horror|Thriller,82010,814
2641,-3.2226890859492237,11.137856361869199,3.158802632108214,Superman II (1980),Action|Sci-Fi,81573,8536
3744,-0.9350033304751665,3.225118247269193,3.158235354608231,Shaft (2000),Action|Crime|Thriller,162650,479
97921,-1.1983397236767,4.120400416822684,3.1573173279314224,Silver Linings Playbook (2012),Comedy|Drama,1045658,82693
1590,-1.950055147527678,6.670847158419948,3.155823229154704,Event Horizon (1997),Horror|Sci-Fi|Thriller,119081,8413
1573,-5.639986789091881,19.19306128022085,3.15429265459806,Face/Off (1997),Action|Crime|Drama|Thriller,119094,754
2108,-1.6021908151632598,5.451444111071788,3.1542461125375834,L.A. Story (1991),Comedy|Romance,102250,2107
3,-4.387503774638646,14.647170195085302,3.1486019957749973,Grumpier Old Men (1995),Comedy|Romance,113228,15602
111781,-0.7568471362079796,2.520838593083384,3.147912013217311,Mission: Impossible - Rogue Nation (2015),Action|Adventure|Thriller,2381249,177677
3173,-1.662370403225879,5.535360868448706,3.1478298595279752,Any Given Sunday (1999),Drama,146838,9563
2416,-1.327613272770676,4.412993563235278,3.1473063379562567,Back to School (1986),Comedy,90685,15596
277,-3.6073451137983343,11.825341130426708,3.1430960765876472,Miracle on 34th Street (1994),Drama,110527,10510
783,-2.0899357230184497,6.846845011385092,3.1429074987245658,"Hunchback of Notre Dame, The (1996)",Animation|Children|Drama|Musical|Romance,116583,10545
3452,-1.0999218533221422,3.6010498410453797,3.1427034593964516,Romeo Must Die (2000),Action|Crime|Romance|Thriller,165929,2085
1918,-2.4282021139083523,7.922903557493811,3.1416693692751076,Lethal Weapon 4 (1998),Action|Comedy|Crime|Thriller,122151,944
6157,-1.4877979779227175,4.825162794945637,3.139806702935203,Daredevil (2003),Action|Crime,287978,9480
23,-1.4416508176530867,4.672884787926672,3.1396341199692706,Assassins (1995),Action|Crime|Thriller,112401,9691
2124,-2.350486637240532,7.597621927640596,3.138776827719844,"Addams Family, The (1991)",Children|Comedy|Fantasy,101272,2907
2116,-1.1785783715291187,3.7909115483168687,3.137252458388067,"Lord of the Rings, The (1978)",Adventure|Animation|Children|Fantasy,77869,123
5299,-2.5964677217059764,8.349416979610094,3.13717225401436,My Big Fat Greek Wedding (2002),Comedy|Romance,259446,8346
3285,-1.7237730615856945,5.538157917358583,3.1368943384781565,"Beach, The (2000)",Adventure|Drama,163978,1907
490,-1.3860914168608245,4.43444524947896,3.135574415402219,Malice (1993),Thriller,107497,2246
68791,-1.0053036655058252,3.215336870297347,3.1354893526938286,Terminator Salvation (2009),Action|Adventure|Sci-Fi|Thriller,438488,534
367,-13.258103861407664,42.36324502371723,3.1351857312930975,"Mask, The (1994)",Action|Comedy|Crime|Fantasy,110475,854
36519,-0.7718567834386666,2.4659610658048443,3.1351438265724445,Transporter 2 (2005),Action|Crime|Thriller,388482,9335
361,-1.653979820610955,5.2707219547926,3.1343430335941735,It Could Happen to You (1994),Comedy|Drama|Romance,110167,10660
2539,-2.697784768170852,8.59057756386689,3.1341082091482195,Analyze This (1999),Comedy,122933,9535
1552,-4.453675902350781,14.165486013218603,3.1337448453746672,Con Air (1997),Action|Adventure|Thriller,118880,1701
999,-1.1333639253215877,3.573194957414514,3.130963213756343,2 Days in the Valley (1996),Crime|Film-Noir,115438,9401
2822,-0.7298412519477244,2.2896221833294894,3.1293877262317285,Medicine Man (1992),Adventure|Romance,104839,9096
6537,-2.539848250912723,7.8909550510418605,3.126279893593951,Terminator 3: Rise of the Machines (2003),Action|Adventure|Sci-Fi,181852,296
5103,-1.6258749813500688,5.025375397453486,3.1246151721557527,"Sandlot, The (1993)",Children|Comedy|Drama,108037,11528
5502,-3.4777957731464935,10.639745773385489,3.1212798638534567,Signs (2002),Horror|Sci-Fi|Thriller,286106,2675
1042,-3.0919542476669144,9.441993562419539,3.120679812170353,That Thing You Do! (1996),Comedy|Drama,117887,9591
3316,-1.1713410568529876,3.5237232535899143,3.115732507037853,Reindeer Games (2000),Action|Thriller,184858,2155
107406,-0.8798766239118067,2.6467141116884205,3.11570714608257,Snowpiercer (2013),Action|Drama|Sci-Fi,1706620,110415
1029,-2.1838699186310238,6.52583577513763,3.113498356269931,Dumbo (1941),Animation|Children|Drama|Musical,33563,11360
736,-10.829961968027192,32.35387932055114,3.11341358584132,Twister (1996),Action|Adventure|Romance|Thriller,117998,664
410,-7.431049791023383,22.188339825211894,3.113240285971283,Addams Family Values (1993),Children|Comedy|Fantasy,106220,2758
37733,-1.5202820068575909,4.51109275186055,3.1111385246548284,"History of Violence, A (2005)",Action|Crime|Drama|Thriller,399146,59
4890,-1.4650300458808387,4.324124999316945,3.1093444115983204,Shallow Hal (2001),Comedy|Fantasy|Romance,256380,9889
52722,-1.9316470702310822,5.663883330753838,3.107101799489049,Spider-Man 3 (2007),Action|Adventure|Sci-Fi|Thriller|IMAX,413300,559
144,-2.0078128850297072,5.877529680167116,3.1065399126003896,"Brothers McMullen, The (1995)",Comedy,112585,16388
6934,-4.006550656645635,11.686881531512274,3.1053235629054665,"Matrix Revolutions, The (2003)",Action|Adventure|Sci-Fi|Thriller|IMAX,242653,605
7373,-2.2287031417526655,6.468482433428823,3.1036001308749137,Hellboy (2004),Action|Adventure|Fantasy|Horror,167190,1487
2803,-1.0736770788341148,3.1141059012153773,3.103369656948929,"Pelican Brief, The (1993)",Crime|Drama|Mystery|Romance|Thriller,107798,9944
1092,-4.569229536779187,13.173700989761533,3.10130338573206,Basic Instinct (1992),Crime|Mystery|Thriller,103772,402
44022,-1.0639578498593787,3.0412718618258516,3.0983084927807494,Ice Age 2: The Meltdown (2006),Adventure|Animation|Children|Comedy,438097,950
288,-9.846858882194324,28.080950855825577,3.0974884221976002,Natural Born Killers (1994),Action|Crime|Thriller,110632,241
786,-6.2773567752503645,17.899675457112316,3.097451486658711,Eraser (1996),Action|Drama|Thriller,116213,9268
1057,-1.2911917195171512,3.67634656975337,3.0969322483947495,Everyone Says I Love You (1996),Comedy|Musical|Romance,116242,9716
3988,-1.266205782162202,3.5883955673324643,3.0952869862327383,How the Grinch Stole Christmas (a.k.a. The Grinch) (2000),Children|Comedy|Fantasy,170016,8871
5254,-1.9278656660881843,5.443454250120846,3.0939860254696554,Blade II (2002),Action|Horror|Thriller,187738,36586
56775,-0.6667212315331681,1.8640868889435402,3.0904819482400376,National Treasure: Book of Secrets (2007),Action|Adventure,465234,6637
5108,-0.867940097216359,2.4213086026097863,3.0896891983794537,John Q (2002),Crime|Drama|Thriller,251160,8470
1407,-4.791753653919061,13.300504142498532,3.0878796017597727,Scream (1996),Comedy|Horror|Mystery|Thriller,117571,4232
3016,-1.1165894621694354,3.0965314439820135,3.0875546512708647,Creepshow (1982),Horror,83767,16281
5152,-1.3218987200136207,3.656070444043208,3.0865855418792325,We Were Soldiers (2002),Action|Drama|War,277434,10590
1379,-1.2706286693821225,3.4998695899518073,3.0850979619412295,Young Guns II (1990),Action|Western,100994,9086
317,-7.39182629500469,20.267427908345997,3.0834335941496,"Santa Clause, The (1994)",Comedy|Drama|Fantasy,111070,11395
2496,-1.7891299653630806,4.90555279997895,3.0834329623987315,Blast from the Past (1999),Comedy|Romance,124298,11622
1047,-2.9956046101276725,8.19981587878137,3.08282235436373,"Long Kiss Goodnight, The (1996)",Action|Drama|Thriller,116908,11412
552,-5.564345493439783,15.199137784276312,3.0820520441244015,"Three Musketeers, The (1993)",Action|Adventure|Comedy|Romance,108333,10057
1805,-1.906789022986586,5.1481152174198455,3.077762371592731,Wild Things (1998),Crime|Drama|Mystery|Thriller,120890,617
2657,-4.486607195333616,12.07107598713573,3.0764657207959707,"Rocky Horror Picture Show, The (1975)",Comedy|Horror|Musical|Sci-Fi,73629,36685
7454,-1.1332345928607246,3.0342948132626186,3.074672830445944,Van Helsing (2004),Action|Adventure|Fantasy|Horror,338526,7131
1597,-4.062136233667634,10.850025897243798,3.073758639980244,Conspiracy Theory (1997),Drama|Mystery|Romance|Thriller,118883,8834
72378,-0.8557500440957335,2.2634813056659193,3.070080229546076,2012 (2009),Action|Drama|Sci-Fi|Thriller,1190080,14161
56145,-0.9993354493169742,2.6398871681230904,3.069595957421265,"Mist, The (2007)",Horror|Sci-Fi,884328,5876
586,-11.508621727783751,30.320871621679657,3.0685871153447914,Home Alone (1990),Children|Comedy,99785,771
8957,-1.6577198431888607,4.366117981859398,3.068470028958898,Saw (2004),Horror|Mystery|Thriller,387564,176
157,-1.4112100452603902,3.7057335573396957,3.067330249989387,Canadian Bacon (1995),Comedy|War,109370,1775
637,-3.129590002395671,8.187037827549208,3.065886616437236,Sgt. Bilko (1996),Comedy,117608,9099
2528,-2.3624871518414694,6.0687440138798445,3.058860553029517,Logan's Run (1976),Action|Adventure|Sci-Fi,74812,10803
315,-4.54886196997337,11.673453957412676,3.0584724277578594,"Specialist, The (1994)",Action|Drama|Thriller,111255,2636
39,-11.060049977557062,28.323302187322547,3.0576552065442355,Clueless (1995),Comedy|Romance,112697,9603
4343,-2.06511751740689,5.284085210943283,3.057329861888917,Evolution (2001),Comedy|Sci-Fi,251075,9397
5481,-4.049580084847412,10.326827759275822,3.0560064578727113,Austin Powers in Goldmember (2002),Comedy,295178,818
79592,-1.3054619595612926,3.3280029485465437,3.055882399746187,"Other Guys, The (2010)",Action|Comedy,1386588,27581
2006,-4.637721729348043,11.816927238673038,3.055683910769583,"Mask of Zorro, The (1998)",Action|Comedy|Romance,120746,9342
3863,-3.1272602042026816,7.917333228750957,3.053159113474537,"Cell, The (2000)",Drama|Horror|Thriller,209958,8843
1587,-3.0168426995889766,7.636344351551976,3.0530844677220337,Conan the Barbarian (1982),Action|Adventure|Fantasy,82198,9387
370,-5.66831149318686,14.190895854487238,3.0487152193269855,Naked Gun 33 1/3: The Final Insult (1994),Action|Comedy,110622,36593
91535,-0.9089417873337831,2.273650581611693,3.0483763472772893,"Bourne Legacy, The (2012)",Action|Adventure|Drama|Thriller|IMAX,1194173,49040
1405,-2.8637411201474916,7.15671504743317,3.0480007759222234,Beavis and Butt-Head Do America (1996),Adventure|Animation|Comedy|Crime,115641,3179
707,-2.840492979665938,7.074426232891802,3.046632536190283,Mulholland Falls (1996),Crime|Drama|Thriller,117107,10990
1991,-1.2680202071453672,3.1326523306048086,3.0433730028241186,Child's Play (1988),Horror|Thriller,94862,10585
1676,-6.150683766920103,15.052546116529774,3.0395339967155444,Starship Troopers (1997),Action|Sci-Fi,120201,563
5944,-1.3714179556959438,3.35543276574102,3.0394325985527066,Star Trek: Nemesis (2002),Action|Drama|Sci-Fi|Thriller,253754,201
533,-2.1020525469417493,5.128914252894186,3.0383046542913164,"Shadow, The (1994)",Action|Adventure|Fantasy|Mystery,111143,8850
327,-3.475882580335115,8.456705799432076,3.037127326122186,Tank Girl (1995),Action|Comedy|Sci-Fi,114614,9067
48,-5.564597594844052,13.48705428814924,3.0355601164424035,Pocahontas (1995),Animation|Children|Drama|Musical|Romance,114148,10530
516,-2.2856016218474333,5.529234760892715,3.03478150568861,Renaissance Man (1994),Comedy|Drama,110971,11858
1586,-2.45798902836358,5.9357685764498775,3.0340503640772107,G.I. Jane (1997),Action|Drama,119173,4421
59615,-2.6270225731781016,6.304512756466571,3.0314589831061096,Indiana Jones and the Kingdom of the Crystal Skull (2008),Action|Adventure|Comedy|Sci-Fi,367882,217
3005,-2.519266165021681,6.030493634755137,3.030393665704442,"Bone Collector, The (1999)",Thriller,145681,9481
103042,-1.2406429663278873,2.9678847938654345,3.030125672723968,Man of Steel (2013),Action|Adventure|Fantasy|Sci-Fi|IMAX,770828,49521
2617,-7.758692363095474,18.120863230457324,3.0199846640878922,"Mummy, The (1999)",Action|Adventure|Comedy|Fantasy|Horror|Thriller,120616,564
56171,-1.2893238662449613,3.0059423912216525,3.0192232821609135,"Golden Compass, The (2007)",Adventure|Children|Fantasy,385752,2268
5025,-1.1675190494839949,2.7189698004150302,3.018750727143928,Orange County (2002),Comedy,273923,11857
442,-9.715194113722793,22.580478645720504,3.0179006836943083,Demolition Man (1993),Action|Adventure|Sci-Fi,106697,9739
188,-1.6011669778367663,3.7078125638500663,3.016312256115279,"Prophecy, The (1995)",Fantasy|Horror|Mystery,114194,11980
1722,-4.1127672244983,9.511320543143992,3.015740600380731,Tomorrow Never Dies (1997),Action|Adventure|Thriller,120347,714
53000,-1.3394200952223234,3.0919703302646093,3.014955226172479,28 Weeks Later (2007),Horror|Sci-Fi|Thriller,463854,1562
1792,-1.9564045127586103,4.51308364863425,3.014652066183309,U.S. Marshals (1998),Action|Crime|Thriller,120873,11808
2723,-3.3263423577387536,7.652031228293557,3.013447632193768,Mystery Men (1999),Action|Comedy|Fantasy,132347,9824
186,-5.777811363281791,13.258069037086758,3.012352338718907,Nine Months (1995),Comedy|Romance,113986,11472
2616,-2.6213111407303784,6.009824325410447,3.0119772115907946,Dick Tracy (1990),Action|Crime,99422,8592
135,-3.232366467524735,7.382782938229187,3.0103232714391,Down Periscope (1996),Comedy,116130,9101
276,-2.633486592183857,5.99162793379198,3.008620496939418,Milk Money (1994),Comedy|Romance,110516,8986
737,-2.241489470397428,5.092119556842407,3.0079603235717083,Barb Wire (1996),Action|Sci-Fi,115624,11867
2717,-4.168845463801878,9.46486256156404,3.007693255514388,Ghostbusters II (1989),Comedy|Fantasy|Sci-Fi,97428,2978
4823,-2.051872011614529,4.649781098536094,3.00686467117392,Serendipity (2001),Comedy|Romance,240890,9778
4980,-1.4334162075674137,3.2468502365673273,3.0066692804304926,Bill & Ted's Bogus Journey (1991),Adventure|Comedy|Fantasy|Sci-Fi,101452,1649
4025,-4.570125278226051,10.337869941952823,3.0060720858827823,Miss Congeniality (2000),Comedy|Crime,212346,1493
2598,-2.6806641774300735,6.055677820207524,3.005478670948529,Pushing Tin (1999),Comedy,120797,12596
2367,-1.668376154279406,3.7130433814265995,2.99881978497938,King Kong (1976),Adventure|Fantasy|Romance|Sci-Fi|Thriller,74751,10730
7,-6.5247535170212005,14.511254166709813,2.9985141611454527,Sabrina (1995),Comedy|Romance,114319,11860
4232,-1.4692166031152898,3.253976036930756,2.9966340205312254,Spy Kids (2001),Action|Adventure|Children|Comedy,227538,10054
60074,-1.7545426693423196,3.8740796638010533,2.995255495257217,Hancock (2008),Action|Adventure|Comedy|Crime|Fantasy,448157,8960
117529,-1.1678086355702042,2.563456277091775,2.992588133161249,Jurassic World (2015),Action|Adventure|Drama|Sci-Fi|Thriller,369610,135397
2143,-1.3833391244684337,3.0329942505776524,2.9920514482918037,Legend (1985),Adventure|Fantasy|Romance,89469,11976
31696,-2.5181713880898537,5.505410786825902,2.9907488680224223,Constantine (2005),Action|Fantasy|Horror|Thriller,360486,561
3247,-3.6087199180779024,7.880150959403872,2.9901975988860374,Sister Act (1992),Comedy|Crime,105417,2005
68319,-1.2802827611352985,2.7909404288368442,2.9894202264845,X-Men Origins: Wolverine (2009),Action|Sci-Fi|Thriller,458525,2080
103253,-1.2434873875124892,2.699662887257858,2.987539924516449,Elysium (2013),Action|Drama|Sci-Fi|IMAX,1535108,68724
4310,-3.9279443941990952,8.481220101208743,2.985013848579035,Pearl Harbor (2001),Action|Drama|Romance|War,213149,676
837,-2.3061421091821876,4.967047949576459,2.983859969675731,Matilda (1996),Children|Comedy|Fantasy,117008,10830
1464,-1.7394180201813305,3.7454881738125834,2.98374471792524,Lost Highway (1997),Crime|Drama|Fantasy|Film-Noir|Mystery|Romance,116922,638
2126,-1.6040762842614278,3.4522579164554945,2.9835027310227242,Snake Eyes (1998),Action|Crime|Mystery|Thriller,120832,8688
765,-2.061476747445372,4.405625661280207,2.9802290742141033,Jack (1996),Comedy|Drama,116669,7095
748,-3.2023245748817586,6.813280485459657,2.978136072217351,"Arrival, The (1996)",Action|Sci-Fi|Thriller,115571,10547
2792,-2.3797704792003063,5.057909223128429,2.97764345861881,Airplane II: The Sequel (1982),Comedy,83530,2665
3263,-2.459424493336908,5.223824355451054,2.977339052133768,White Men Can't Jump (1992),Comedy|Drama,105812,10158
2581,-2.899190840271491,6.142587105173904,2.9761661772539085,Never Been Kissed (1999),Comedy|Romance,151738,11355
4369,-4.105386104251588,8.647952863736547,2.9734247431740886,"Fast and the Furious, The (2001)",Action|Crime|Thriller,232500,9799
2541,-4.016086141017251,8.404405459287949,2.970293327528548,Cruel Intentions (1999),Drama,139134,796
4679,-1.0624939953422852,2.2216593284520236,2.9699049253947427,Uncle Buck (1989),Comedy,98554,2616
37386,-1.6336987431381402,3.409399938238389,2.968973427212493,Aeon Flux (2005),Action|Sci-Fi,402022,8202
3409,-4.024396919810791,8.381122275399855,2.967974215899336,Final Destination (2000),Drama|Thriller,195714,9532
53121,-1.334724223908891,2.7621977300294955,2.9649373605251164,Shrek the Third (2007),Adventure|Animation|Children|Comedy|Fantasy,413267,810
3257,-3.1084907550649077,6.428655923608929,2.9646115724679114,"Bodyguard, The (1992)",Drama|Romance|Thriller,103855,619
5872,-2.7849746449447563,5.736635839319591,2.962676481917473,Die Another Day (2002),Action|Adventure|Thriller,246460,36669
5463,-1.430833824338233,2.93614171246632,2.960830614751976,Reign of Fire (2002),Action|Adventure|Fantasy,253556,6278
1747,-2.850481951165515,5.843194934916874,2.9603188877716407,Wag the Dog (1997),Comedy,120885,586
58025,-1.3755196962399752,2.805184336659343,2.9577991939225203,Jumper (2008),Action|Adventure|Drama|Sci-Fi|Thriller,489099,8247
2881,-1.5550931875247582,3.16974576151375,2.957543281410433,Double Jeopardy (1999),Action|Crime|Drama|Thriller,150377,10398
2567,-2.6739559400364175,5.412007490436531,2.95406985082812,EDtv (1999),Comedy,131369,11374
1485,-6.02610036982509,12.194543933357064,2.9539845362415456,Liar Liar (1997),Comedy,119528,1624
88405,-1.385279394363893,2.7926585511508377,2.9521050863316702,Friends with Benefits (2011),Comedy|Romance,1632708,50544
2805,-1.8972194700077791,3.775502936474684,2.9456405354083035,Mickey Blue Eyes (1999),Comedy|Romance,130121,10154
2340,-2.0480452968848857,4.071964527863718,2.9451858114410996,Meet Joe Black (1998),Romance,119643,297
3258,-1.8130438376376221,3.5999631539425176,2.9445198451685037,Death Becomes Her (1992),Comedy|Fantasy,104070,9374
3827,-2.962983436693546,5.878527892203271,2.9441132967377266,Space Cowboys (2000),Action|Adventure|Comedy|Sci-Fi,186566,5551
2840,-2.3002570478981452,4.556950260061257,2.9433683257132635,Stigmata (1999),Drama|Thriller,145531,10307
122920,-1.013220593623465,2.0057628357943393,2.9429936650819997,Captain America: Civil War (2016),Action|Sci-Fi|Thriller,3498820,271110
2530,-2.705805497621748,5.3438396647302175,2.941807172175514,Beneath the Planet of the Apes (1970),Action|Sci-Fi,65462,1685
103341,-1.102638464922732,2.171001054445852,2.9402543565855326,"World's End, The (2013)",Action|Comedy|Sci-Fi,1213663,107985
79695,-1.098350164027226,2.1613116771101097,2.9399615374556918,"Expendables, The (2010)",Action|Adventure|Thriller,1320253,27578
1687,-2.440263478831195,4.757239344403994,2.9351903612451364,"Jackal, The (1997)",Action|Thriller,119395,4824
1917,-9.192546353668357,17.864999545262805,2.9335919727717132,Armageddon (1998),Action|Romance|Sci-Fi|Thriller,120591,95
382,-2.1204544125014766,4.097894131388802,2.930698495457099,Wolf (1994),Drama|Horror|Romance|Thriller,111742,10395
2532,-2.116754435483233,4.0812627419473975,2.929496434041279,Conquest of the Planet of the Apes (1972),Action|Sci-Fi,68408,1688
1970,-2.048946639303542,3.9468380327465047,2.9290120439635974,"Nightmare on Elm Street 3: Dream Warriors, A (1987)",Horror|Thriller,93629,10072
2002,-5.7730349611766965,10.999557086694091,2.9233057030539036,Lethal Weapon 3 (1992),Action|Comedy|Crime|Drama,104714,943
653,-8.750642723782505,16.654254296170965,2.922718306455113,Dragonheart (1996),Action|Adventure|Fantasy,116136,8840
5810,-3.475313970537982,6.613603637665566,2.9226686009212854,8 Mile (2002),Drama,298203,65
168,-8.629214634764335,16.324822358113476,2.919553476985866,First Knight (1995),Action|Drama|Romance,113071,6520
3269,-3.617472515157136,6.841074001755771,2.9193610036966247,Forever Young (1992),Drama|Romance|Sci-Fi,104291,10326
2136,-1.6608599940700777,3.1296708937581967,2.91746632256046,"Nutty Professor, The (1963)",Comedy|Sci-Fi,57372,18331
5151,-2.0446641494155826,3.8386959979303112,2.915502786839873,40 Days and 40 Nights (2002),Comedy|Romance,243736,2752
60072,-1.2686487052905324,2.3788873416602834,2.9148533805572017,Wanted (2008),Action|Thriller,493464,8909
1459,-2.353902093384186,4.393968447265078,2.912436163430249,Absolute Power (1997),Mystery|Thriller,118548,66
231,-18.75923803954809,34.998684226841526,2.912149783696415,Dumb & Dumber (Dumb and Dumber) (1994),Adventure|Comedy,109686,8467
5459,-5.141788152671329,9.579594726433907,2.911404396166726,Men in Black II (a.k.a. MIIB) (a.k.a. MIB 2) (2002),Action|Comedy|Sci-Fi,120912,608
5283,-1.7346917828224686,3.2236864674217034,2.9100402203936406,National Lampoon's Van Wilder (2002),Comedy,283111,11452
7173,-2.1249032783463226,3.9429976249818814,2.9092427412622692,Along Came Polly (2004),Comedy|Romance,343135,5966
273,-5.477302754666881,10.061616214842637,2.903772165866999,Mary Shelley's Frankenstein (Frankenstein) (1994),Drama|Horror|Sci-Fi,109836,3036
5620,-1.7549694600745023,3.2159806497054544,2.9024455754250615,Sweet Home Alabama (2002),Comedy|Romance,256415,11529
2052,-2.39858540630442,4.387231421118171,2.901428673073451,Hocus Pocus (1993),Children|Comedy|Fantasy|Horror,107120,10439
74789,-1.2456389361550342,2.273996054089319,2.900373060262697,Alice in Wonderland (2010),Adventure|Fantasy|IMAX,1014759,12155
45672,-2.3887441542148196,4.357510345731243,2.899958145945421,Click (2006),Adventure|Comedy|Drama|Fantasy|Romance,389860,9339
4974,-1.6193247336433423,2.939232826817016,2.897213847219475,Not Another Teen Movie (2001),Comedy,277371,11397
1779,-3.2663297486278045,5.911844830671889,2.895642240148754,Sphere (1998),Sci-Fi|Thriller,120184,10153
95,-13.626626569529254,24.592908290498794,2.8940605284782883,Broken Arrow (1996),Action|Adventure|Thriller,115759,9208
6534,-3.2919645802417574,5.871806870319368,2.8875091332236513,Hulk (2003),Action|Adventure|Sci-Fi,286716,1927
122,-3.0797099422417107,5.480953821558429,2.886255185606625,Boomerang (1992),Comedy|Romance,103859,11066
1037,-3.9009359008054685,6.929733595800657,2.885220975847871,"Lawnmower Man, The (1992)",Action|Horror|Sci-Fi|Thriller,104692,10163
2605,-5.349177483736531,9.496476074451502,2.884867950470686,Entrapment (1999),Crime|Thriller,137494,1844
419,-2.844370941249574,5.038824519280388,2.883657290037271,"Beverly Hillbillies, The (1993)",Comedy,106400,11041
2405,-3.1620079811840487,5.590756634944739,2.8825704236873197,"Jewel of the Nile, The (1985)",Action|Adventure|Comedy|Romance,89370,10303
5219,-2.8226071294573067,4.98776942663172,2.8822425654881547,Resident Evil (2002),Action|Horror|Sci-Fi|Thriller,120804,1576
784,-6.783048732887659,11.966720418708192,2.8813221566712035,"Cable Guy, The (1996)",Comedy|Thriller,115798,9894
836,-3.07970815194794,5.42326118209623,2.8802781008332765,Chain Reaction (1996),Action|Adventure|Thriller,115857,12123
5308,-1.6634591427366976,2.9290532716061395,2.8802313434436235,Three Men and a Baby (1987),Comedy,94137,12154
3354,-3.9748167832674364,6.989751050159109,2.8794846598378645,Mission to Mars (2000),Sci-Fi,183523,2067
485,-7.547315732275048,13.260645447129614,2.8789967298997015,Last Action Hero (1993),Action|Adventure|Comedy|Fantasy,107362,9593
344,-23.330541998384653,40.87888405492085,2.877424607938085,Ace Ventura: Pet Detective (1994),Comedy,109040,3049
1614,-3.1470566328927037,5.50920949052864,2.8769126438407557,In & Out (1997),Comedy,119360,10806
1690,-6.737272394653669,11.747014695931966,2.8746175963002596,Alien: Resurrection (1997),Action|Horror|Sci-Fi,118583,8078
100,-3.3686935469523,5.86648484304893,2.873921321888303,City Hall (1996),Drama|Thriller,115907,11062
1027,-4.2669903793075035,7.420384315210755,2.8731119205063345,Robin Hood: Prince of Thieves (1991),Adventure|Drama,102798,8367
761,-3.3116872089292078,5.736385922408321,2.870835764286347,"Phantom, The (1996)",Action|Adventure,117331,9826
434,-18.491647536315995,32.01780383325885,2.8706055079635346,Cliffhanger (1993),Action|Adventure|Thriller,106582,9350
4270,-4.0294668332455625,6.958306891196241,2.869060976920254,"Mummy Returns, The (2001)",Action|Adventure|Comedy|Thriller,209163,1734
2082,-3.7626373056124742,6.476190456957919,2.8671527698274604,"Mighty Ducks, The (1992)",Children|Comedy,104868,10414
1377,-8.70642596943625,14.975454191474816,2.8667684265893256,Batman Returns (1992),Action|Crime,103776,364
3861,-1.900074721183314,3.259320520793046,2.8651818132647473,"Replacements, The (2000)",Comedy,191397,10393
2735,-2.642634052494663,4.500114926010419,2.8609112644891326,"Golden Child, The (1986)",Action|Adventure|Comedy|Fantasy|Mystery,91129,10136
303,-6.025138859042347,10.2596130028507,2.8608805513976057,"Quick and the Dead, The (1995)",Action|Thriller|Western,114214,12106
5171,-2.119316634661593,3.5936261925487445,2.8584051055042368,"Time Machine, The (2002)",Action|Adventure|Sci-Fi,268695,2135
185,-18.163148692084572,30.652559216217618,2.8555989919287326,"Net, The (1995)",Action|Crime|Thriller,113957,1642
383,-3.7386881517791988,6.3059700070498526,2.855267504136389,Wyatt Earp (1994),Western,111756,12160
4718,-4.529294259854248,7.638397825882344,2.8551843133053074,American Pie 2 (2001),Comedy,252866,2770
1385,-4.208243003087924,7.083359984118509,2.8540455727572906,Under Siege (1992),Action|Drama|Thriller,105690,8845
1367,-5.442227825470228,9.1084750739682,2.850657658929652,101 Dalmatians (1996),Adventure|Children|Comedy,115433,11674
153,-22.663321674890334,37.88819790356033,2.8499850701782243,Batman Forever (1995),Action|Adventure|Comedy|Crime,112462,414
87869,-1.6991076175553097,2.8292267021549296,2.8475928742615126,Horrible Bosses (2011),Comedy|Crime,1499658,51540
60,-4.865695223716793,8.086799609468219,2.8464645579753025,"Indian in the Cupboard, The (1995)",Adventure|Children|Fantasy,113419,11359
267,-2.6334706875988894,4.355817037946856,2.843561210710286,Major Payne (1995),Comedy,110443,11008
1391,-13.028847892943958,21.4954222855573,2.8420261974490897,Mars Attacks! (1996),Action|Comedy|Sci-Fi,116996,75
5,-6.974787269446998,11.441562294666065,2.8385472492309023,Father of the Bride Part II (1995),Comedy,113041,11862
3483,-1.4470611835838827,2.370103021721248,2.8376006066385653,"Road to El Dorado, The (2000)",Animation|Children,138749,10501
338,-3.5689725996600847,5.804894642478232,2.833327000711221,Virtuosity (1995),Action|Sci-Fi|Thriller,114857,9271
372,-3.394386499641546,5.407547032156903,2.820435462203197,Reality Bites (1994),Comedy|Drama|Romance,110950,2788
2054,-9.077084622758582,14.409623366435753,2.81821606998088,"Honey, I Shrunk the Kids (1989)",Adventure|Children|Comedy|Fantasy|Sci-Fi,97523,9354
2688,-1.9880871623314853,3.1435559179272197,2.815715774808976,"General's Daughter, The (1999)",Crime|Drama|Mystery|Thriller,144214,2275
3273,-3.323072528079248,5.237423073293481,2.813662095161879,Scream 3 (2000),Comedy|Horror|Mystery|Thriller,134084,4234
4638,-4.44909319002486,7.005192942128129,2.813034655676695,Jurassic Park III (2001),Action|Adventure|Sci-Fi|Thriller,163025,331
2986,-3.9638005466581503,6.2151784937073575,2.8103869136300856,RoboCop 2 (1990),Action|Crime|Sci-Fi|Thriller,100502,5549
34150,-3.3670699290076715,5.25431604607144,2.807328437520833,Fantastic Four (2005),Action|Adventure|Sci-Fi,120667,9738
5507,-3.103618905834717,4.841733846368095,2.80713433712485,xXx (2002),Action|Crime|Thriller,295701,7451
2410,-4.069778011488593,6.332789170758251,2.805496504599172,Rocky III (1982),Action|Drama,84602,1371
1409,-3.44476985068495,5.3574958155155255,2.80516692588988,Michael (1996),Comedy|Drama|Fantasy|Romance,117038,2928
466,-9.49110525225665,14.744144497861809,2.804427882797196,Hot Shots! Part Deux (1993),Action|Comedy|War,107144,9255
4367,-4.190677474724582,6.509445994334369,2.804364201774205,Lara Croft: Tomb Raider (2001),Action|Adventure,146316,1995
2770,-6.268859932369637,9.71873848142086,2.803120061496201,Bowfinger (1999),Comedy,131325,11353
1769,-2.322884845940236,3.5993027034346246,2.8027775327917306,"Replacement Killers, The (1998)",Action|Crime|Thriller,120008,11702
2794,-2.4224446833670075,3.7375986309493467,2.800019690699722,European Vacation (aka National Lampoon's European Vacation) (1985),Adventure|Comedy|Romance,89670,11418
4643,-5.206078592280217,8.004861884261718,2.7977836550203725,Planet of the Apes (2001),Action|Adventure|Drama|Sci-Fi,133152,869
46,-2.12826188430095,3.263704852691437,2.796048363314333,How to Make an American Quilt (1995),Drama|Romance,113347,11861
788,-12.325900805939385,18.897697080447664,2.795904644549566,"Nutty Professor, The (1996)",Comedy|Fantasy|Romance|Sci-Fi,117218,9327
2505,-3.022282154401793,4.604048080092271,2.7917081098631473,8MM (1999),Drama|Mystery|Thriller,134273,8224
2533,-2.150322743348348,3.2666186964623183,2.789876618812455,Escape from the Planet of the Apes (1971),Action|Sci-Fi,67065,1687
248,-3.128799096325995,4.7425931823481,2.788425014346955,Houseguest (1994),Comedy,110066,17207
108190,-2.1445146123037437,3.247533442778868,2.7877965336880677,Divergent (2014),Adventure|Romance|Sci-Fi|IMAX,1840309,157350
69526,-1.876056136956151,2.821064957840466,2.783131390300956,Transformers: Revenge of the Fallen (2009),Action|Adventure|Sci-Fi|IMAX,1055369,8373
1388,-2.3132471538322603,3.4701210350713962,2.7815297611136223,Jaws 2 (1978),Horror|Thriller,77766,579
520,-10.307904566816681,15.461105035336239,2.781449107131416,Robin Hood: Men in Tights (1993),Comedy,107977,8005
239,-2.0189818273385725,3.0279765482424126,2.781372455405483,"Goofy Movie, A (1995)",Animation|Children|Comedy|Romance,113198,15789
1591,-4.379064733044189,6.548057494441332,2.7793904183933527,Spawn (1997),Action|Adventure|Sci-Fi|Thriller,120177,10336
1015,-2.767434324849635,4.124253289526143,2.777133673633872,Homeward Bound: The Incredible Journey (1993),Adventure|Children|Drama,107131,6878
234,-3.671846510152948,5.439539702806019,2.7731193707628066,Exit to Eden (1994),Comedy,109758,18395
1327,-2.249164166846406,3.319157786346669,2.770517365282826,"Amityville Horror, The (1979)",Drama|Horror|Mystery|Thriller,78767,11449
2724,-6.43916512623614,9.442470448371003,2.7662117333605756,Runaway Bride (1999),Comedy|Romance,163187,4806
208,-21.424297294957036,31.17073366417963,2.7608272516157633,Waterworld (1995),Action|Adventure|Sci-Fi,114898,9804
2402,-3.3069610975223527,4.806114543941072,2.7600745745339346,Rambo: First Blood Part II (1985),Action|Adventure|Thriller,89880,1369
540,-4.392937613826485,6.379860706427518,2.759585007445469,Sliver (1993),Thriller,108162,867
1894,-2.507315047845362,3.6350393181623444,2.7583854967360977,Six Days Seven Nights (1998),Adventure|Comedy|Romance,120828,6068
1603,-2.4659353288291705,3.555397653470641,2.7545732303475745,Mimic (1997),Horror|Sci-Fi|Thriller,119675,4961
1091,-3.6072608722237915,5.173310171235849,2.750865353275777,Weekend at Bernie's (1989),Comedy,98627,8491
1911,-4.513375283252827,6.4697362641601135,2.750534767732345,Dr. Dolittle (1998),Comedy,118998,3050
160,-11.080684218664091,15.861752851559489,2.7495693956116076,Congo (1995),Action|Adventure|Mystery|Sci-Fi,112715,10329
3968,-3.551706781163908,5.071899641352042,2.747876783956536,Bedazzled (2000),Comedy,230030,1636
420,-12.842370767585738,18.301054956909272,2.746419745272176,Beverly Hills Cop III (1994),Action|Comedy|Crime|Thriller,109254,306
2722,-4.252850268384979,6.047754571178816,2.7449368132436156,Deep Blue Sea (1999),Action|Horror|Sci-Fi|Thriller,149261,8914
4728,-1.7477248567987358,2.4838927409836833,2.7445251114772664,Rat Race (2001),Comedy,250687,9896
3439,-2.4269940993455057,3.437912652800791,2.7421984517768365,Teenage Mutant Ninja Turtles II: The Secret of the Ooze (1991),Action|Children|Fantasy,103060,1497
1438,-3.793619500519604,5.373290002704792,2.742133994325103,Dante's Peak (1997),Action|Thriller,118928,9619
3979,-2.8062714961554813,3.974159614689901,2.7420187869485755,Little Nicky (2000),Comedy,185431,9678
3791,-2.448760285994183,3.457339541428275,2.7398695575229484,Footloose (1984),Drama,87277,1788
2606,-2.4304356718059803,3.408404948075174,2.735077079492574,Idle Hands (1999),Comedy|Horror,138510,6552
3264,-3.4985224750688144,4.88915176827758,2.732579901279617,Buffy the Vampire Slayer (1992),Action|Comedy|Horror,103893,10206
1007,-2.480052326870441,3.463715952470393,2.73213920142933,"Apple Dumpling Gang, The (1975)",Children|Comedy|Western,72653,18660
2942,-2.378739713048958,3.3096673247474735,2.729423647791921,Flashdance (1983),Drama|Romance,85549,535
3438,-3.548054177740212,4.933902405603403,2.72903107469456,Teenage Mutant Ninja Turtles (1990),Action|Children|Comedy|Fantasy|Sci-Fi,100758,1498
3825,-2.8725824412566485,3.9822729563706636,2.7268059018013795,Coyote Ugly (2000),Comedy|Drama|Romance,200550,6282
413,-5.898543338291933,8.15887264843168,2.725187652317236,Airheads (1994),Comedy,109068,13595
1974,-3.0545952809255126,4.179348159725514,2.7172699266391014,Friday the 13th (1980),Horror|Mystery|Thriller,80761,4488
1030,-2.7373845329440294,3.743652450227507,2.7169414354173864,Pete's Dragon (1977),Adventure|Animation|Children|Musical,76538,11114
2699,-9.558632525920864,12.966003905893803,2.7109409208413076,Arachnophobia (1990),Comedy|Horror,99052,6488
136020,-1.5361025945797293,2.0793223579303577,2.7093969631911916,Spectre (2015),Action|Adventure|Crime,2379713,206647
6541,-4.277193331274435,5.775156245830518,2.707528776379105,"League of Extraordinary Gentlemen, The (a.k.a. LXG) (2003)",Action|Fantasy|Sci-Fi,311429,8698
585,-7.862691120701003,10.555078935047264,2.703228055729559,"Brady Bunch Movie, The (1995)",Comedy,112572,9066
196,-10.39506282382436,13.948657840654192,2.7029107068590017,Species (1995),Horror|Sci-Fi,114508,9348
1488,-2.586497795086907,3.468330984410251,2.7024012569298583,"Devil's Own, The (1997)",Action|Drama|Thriller,118972,4477
1702,-1.8461675920194645,2.4604438223808187,2.6978091951156458,Flubber (1997),Children|Comedy|Fantasy,119137,9574
8810,-2.4257959851786843,3.218082027486269,2.69434659472038,AVP: Alien vs. Predator (2004),Action|Horror|Sci-Fi|Thriller,370263,395
2123,-2.2130636443833347,2.9306970109499764,2.6930162184458526,All Dogs Go to Heaven (1989),Animation|Children|Comedy|Drama|Fantasy,96787,11497
2485,-4.0843851601642465,5.406880832117295,2.692743224019294,She's All That (1999),Comedy|Romance,160862,10314
3977,-9.354942005328846,12.371989987992988,2.692009381606222,Charlie's Angels (2000),Action|Comedy,160127,4327
1373,-6.393887791955795,8.453632194165003,2.6918002389001954,Star Trek V: The Final Frontier (1989),Action|Sci-Fi,98382,172
880,-4.475356198442916,5.917003515280881,2.6917931061864353,"Island of Dr. Moreau, The (1996)",Sci-Fi|Thriller,116654,9306
3986,-3.1614268147747424,4.162516258727164,2.6886493597295607,"6th Day, The (2000)",Action|Sci-Fi|Thriller,216216,8452
3785,-6.13095535425018,8.045361006834364,2.686099734535179,Scary Movie (2000),Comedy|Horror,175142,4247
19,-17.12639773394327,22.404354341859083,2.683725451193988,Ace Ventura: When Nature Calls (1995),Comedy,112281,9273
5943,-2.619532490259408,3.4106070644747573,2.6800937599747527,Maid in Manhattan (2002),Comedy|Romance,252076,7303
1544,-13.750973076165847,17.900356321943864,2.679952696579778,"Lost World: Jurassic Park, The (1997)",Action|Adventure|Sci-Fi|Thriller,119567,330
4887,-1.7543187613379554,2.2252674436368705,2.6597853929244315,"One, The (2001)",Action|Sci-Fi|Thriller,267804,10796
432,-13.185614059480214,16.645937583144054,2.6560261543284556,City Slickers II: The Legend of Curly's Gold (1994),Adventure|Comedy|Western,109439,11310
1920,-3.2999881874633954,4.13624623766543,2.650326355143829,Small Soldiers (1998),Animation|Children|Fantasy|War,122718,11551
3623,-11.388235188432569,14.23595931538479,2.64818559303163,Mission: Impossible II (2000),Action|Adventure|Thriller,120755,955
4388,-2.9147376538335434,3.619739931734562,2.6429143734656004,Scary Movie 2 (2001),Comedy,257106,4248
3697,-3.4523090217880017,4.285938905228213,2.6426517813939867,Predator 2 (1990),Action|Sci-Fi|Thriller,100403,169
2459,-2.1801928358005953,2.700853301449938,2.6409247319756535,"Texas Chainsaw Massacre, The (1974)",Horror,72271,30497
1513,-3.5983075635265553,4.455776853015312,2.640588237796803,Romy and Michele's High School Reunion (1997),Comedy,120032,9611
204,-6.88109031385587,8.51716838990796,2.640240027639319,Under Siege 2: Dark Territory (1995),Action,114781,3512
6503,-3.182739452908499,3.937150520220415,2.639761822002814,Charlie's Angels: Full Throttle (2003),Action|Adventure|Comedy|Crime|Thriller,305357,9471
3591,-2.570562494829625,3.173117297451928,2.6380420462439633,Mr. Mom (1983),Comedy|Drama,85970,13105
719,-7.436040112340893,9.043511210958023,2.6258967994596767,Multiplicity (1996),Comedy,117108,9304
7004,-1.749589933879443,2.1255566819839986,2.625027727230484,Kindergarten Cop (1990),Action|Comedy|Crime|Thriller,99938,951
415,-4.800364766826905,5.806259495367186,2.621391448090148,Another Stakeout (1993),Comedy|Thriller,106292,9409
673,-10.314649213294695,12.425296129268833,2.618015145614336,Space Jam (1996),Adventure|Animation|Children|Comedy|Fantasy|Sci-Fi,117705,2300
8373,-1.6300117529103373,1.9292882778353182,2.6032713473299594,"Stepford Wives, The (2004)",Comedy|Fantasy|Thriller,327162,9890
1717,-5.053093675309866,5.97190334004638,2.602003704503121,Scream 2 (1997),Comedy|Horror|Mystery|Thriller,120082,4233
3113,-3.3648539303934535,3.9612559856031426,2.5987071897294607,End of Days (1999),Action|Fantasy|Horror|Mystery|Thriller,146675,9946
6383,-2.6017828457766514,3.051280713234518,2.595462919350108,"2 Fast 2 Furious (Fast and the Furious 2, The) (2003)",Action|Crime|Thriller,322259,584
1100,-5.026837014129023,5.8881964575858285,2.59443407854729,Days of Thunder (1990),Action|Drama|Romance,99371,2119
2253,-4.134089615330188,4.8381526790063845,2.5936714428568832,Toys (1992),Comedy|Fantasy,105629,11597
227,-6.789311600707584,7.927032677500287,2.591672462927075,Drop Zone (1994),Action|Thriller,109676,4954
2369,-4.355186932044213,5.072177936810228,2.589505938103586,Desperately Seeking Susan (1985),Comedy|Drama|Romance,89017,8130
575,-2.869447568510353,3.32586779804093,2.5853818327118407,"Little Rascals, The (1994)",Children|Comedy,110366,10897
4015,-4.774943213233851,5.531850615990514,2.5849754629967103,"Dude, Where's My Car? (2000)",Comedy|Sci-Fi,242423,8859
36401,-1.7697987703273659,2.047250942322684,2.5836728318763935,"Brothers Grimm, The (2005)",Comedy|Fantasy|Horror|Thriller,355295,4442
2421,-4.772414914908742,5.43677773270791,2.5703462088862694,"Karate Kid, Part II, The (1986)",Action|Adventure|Drama,91326,8856
798,-3.264506870329794,3.701334255540361,2.5661672831499556,Daylight (1996),Action|Adventure|Drama|Thriller,116040,11228
1726,-2.9952826118360942,3.386236670926373,2.5636022588997203,"Postman, The (1997)",Action|Adventure|Drama|Sci-Fi,119925,9922
173,-17.09048594659948,19.268866219011464,2.5612000077957515,Judge Dredd (1995),Action|Crime|Sci-Fi,113492,9482
65,-7.496577805741064,8.237215189366701,2.538061823666549,Bio-Dome (1996),Comedy,115683,9536
542,-4.13033067538338,4.468574793068689,2.5238423141081325,Son in Law (1993),Comedy|Drama|Romance,108186,13203
20,-4.023616098975099,4.334804770153806,2.519936755914919,Money Train (1995),Action|Comedy|Crime|Drama|Thriller,113845,11517
2950,-3.7480625848985585,4.020457750171994,2.515900656555748,"Blue Lagoon, The (1980)",Adventure|Drama|Romance,80453,5689
455,-7.031112977790824,7.467580708554738,2.5065966188577358,Free Willy (1993),Adventure|Children|Drama,106965,1634
6888,-3.105371002255391,3.2840141397011764,2.5025462339809805,Scary Movie 3 (2003),Comedy|Horror,306047,4256
3146,-3.6437351463771748,3.8263543151890462,2.495875072014038,Deuce Bigalow: Male Gigolo (1999),Comedy,205000,10402
379,-4.868361113303754,5.040344247278954,2.4822696468823957,Timecop (1994),Action|Sci-Fi|Thriller,111438,8831
2953,-5.4536350845079165,5.645643267005854,2.4821582935659303,Home Alone 2: Lost in New York (1992),Children|Comedy,104431,772
2710,-11.989742473137191,12.370102783193666,2.478896581364468,"Blair Witch Project, The (1999)",Drama|Horror|Thriller,185937,2667
1021,-6.831357803376919,7.024583901786222,2.475655410301129,Angels in the Outfield (1994),Children|Comedy,109127,24795
2411,-5.81294308281271,5.937138082597081,2.469066640717813,Rocky IV (1985),Action|Drama,89927,1374
1831,-7.323525448925997,7.419217830050863,2.4610461881327987,Lost in Space (1998),Action|Adventure|Sci-Fi,120738,2157
2468,-3.9753023929405926,4.026242263016343,2.4608003568568657,Jumpin' Jack Flash (1986),Action|Comedy|Romance|Thriller,91306,10945
2471,-6.207423058665584,6.276389808564889,2.45913658911731,Crocodile Dundee II (1988),Action|Adventure|Comedy,92493,9396
4639,-3.344169373308265,3.369799174097908,2.455754178020974,America's Sweethearts (2001),Comedy|Romance,265029,11467
1431,-4.154739872142037,4.154708015019132,2.4481407211243074,Beverly Hills Ninja (1997),Action|Comedy,118708,9622
12,-5.329932930794604,5.284637415614386,2.4395771709841503,Dracula: Dead and Loving It (1995),Comedy|Horror,112896,12110
435,-18.950493729166517,18.745114117501696,2.437191767759048,Coneheads (1993),Comedy|Sci-Fi,106598,9612
2384,-5.534799122259476,5.46920454327876,2.4361548927362495,Babe: Pig in the City (1998),Adventure|Children|Drama,120595,9447
2088,-5.544169319671605,5.429333925804254,2.426997418742679,Popeye (1980),Adventure|Comedy|Musical,81353,11335
2428,-4.638255147592793,4.5150605362361365,2.420863113300239,"Faculty, The (1998)",Horror|Sci-Fi,133751,9276
4040,-2.9652890559480363,2.858754164088808,2.410882315383773,Don't Tell Mom the Babysitter's Dead (1991),Comedy,101757,15413
762,-12.03921408091165,11.57494515647399,2.408038421661171,Striptease (1996),Comedy|Crime,117765,9879
3882,-5.593178998644222,5.297966929507721,2.3924265822450623,Bring It On (2000),Comedy,204946,1588
2808,-4.3950627392809665,4.131996407096393,2.3844827325472626,Universal Soldier (1992),Action|Sci-Fi,105698,9349
53464,-3.3039825731493737,3.039218384150337,2.361032624214671,Fantastic Four: Rise of the Silver Surfer (2007),Action|Adventure|Sci-Fi,486576,1979
2642,-6.4995740416645775,5.933007167451019,2.352654284289712,Superman III (1983),Action|Adventure|Sci-Fi,86393,9531
4621,-2.99733760091181,2.7237376384188523,2.3476983624624763,Look Who's Talking (1989),Comedy|Romance,97778,9494
1359,-4.379243576274513,3.9461427190851825,2.3383954660310016,Jingle All the Way (1996),Children|Comedy,116705,9279
2701,-10.983821028637342,9.596284521077216,2.3035572536283304,Wild Wild West (1999),Action|Comedy|Sci-Fi|Western,120891,8487
193,-13.049771361063254,11.158804383788134,2.278688612629913,Showgirls (1995),Drama,114436,10802
4247,-4.993310428851508,4.235909472051565,2.269343623879458,Joe Dirt (2001),Adventure|Comedy|Mystery|Romance,245686,10956
181,-4.7031558764738595,3.9620858163324275,2.2611080618263104,Mighty Morphin Power Rangers: The Movie (1995),Action|Children,113820,9070
2826,-5.374478656419576,4.502293162206884,2.2544281327982016,"13th Warrior, The (1999)",Action|Adventure|Fantasy,120657,1911
5313,-4.04167362691038,3.3699450519046685,2.248819267311597,The Scorpion King (2002),Action|Adventure|Fantasy|Thriller,277296,9334
3826,-8.345694267860566,6.943669304842676,2.2462341888923225,Hollow Man (2000),Horror|Sci-Fi|Thriller,164052,9383
3243,-4.286764845415342,3.5454543771295457,2.239060911268024,Encino Man (1992),Comedy,104187,10406
2404,-3.570873114505069,2.942098952558628,2.23443237639144,Rambo III (1988),Action|Adventure|Thriller|War,95956,1370
159,-4.569918876749896,3.7619880490004283,2.233386803225005,Clockers (1995),Crime|Drama|Mystery,112688,20649
3440,-3.3792384699042675,2.7574016652317197,2.2226330964245395,Teenage Mutant Ninja Turtles III (1993),Action|Adventure|Children|Comedy|Fantasy,108308,1499
743,-7.595591987825539,6.11943050827804,2.206923047818056,Spy Hard (1996),Comedy,117723,10535
1562,-14.33919810553057,11.272794949187691,2.17613025922647,Batman & Robin (1997),Action|Adventure|Fantasy|Thriller,118688,415
2720,-4.68580983121509,3.675118077631391,2.1731391668785975,Inspector Gadget (1999),Action|Adventure|Children|Comedy,141369,332
1882,-9.13109785861024,7.031306771548985,2.1495137894648737,Godzilla (1998),Action|Sci-Fi|Thriller,120685,929
546,-7.158097022653076,5.455845102041026,2.1361432109166456,Super Mario Bros. (1993),Action|Adventure|Children|Comedy|Fantasy|Sci-Fi,108255,9607
2053,-5.866934249121695,4.418485843154044,2.120332889806515,"Honey, I Blew Up the Kid (1992)",Children|Comedy|Sci-Fi,104437,11158
1515,-3.6269436990435753,2.7225136137653276,2.1159445740312797,Volcano (1997),Action|Drama|Thriller,120461,10357
1474,-4.544838910791411,3.4072701471543403,2.114283388195852,Jungle2Jungle (a.k.a. Jungle 2 Jungle) (1997),Children|Comedy,119432,9446
3248,-4.618903096039803,3.4382477258234108,2.104759852429768,Sister Act 2: Back in the Habit (1993),Comedy,108147,6279
2450,-6.133819819027993,4.470391558506465,2.07604944792186,Howard the Duck (1986),Adventure|Comedy|Sci-Fi,91225,10658
1644,-8.336361615187457,6.002486049470601,2.059330222098196,I Know What You Did Last Summer (1997),Horror|Mystery|Thriller,119345,3597
519,-6.615362723498095,4.7581749055885005,2.0578332764914866,RoboCop 3 (1993),Action|Crime|Drama|Sci-Fi|Thriller,107978,5550
1381,-5.318994346354474,3.807516126799338,2.051176271405545,Grease 2 (1982),Comedy|Musical|Romance,84021,9037
1499,-7.516361583960703,5.358956216186854,2.045569011808459,Anaconda (1997),Action|Adventure|Thriller,118615,9360
2422,-3.7761898305021884,2.609728590475304,2.0011822079664148,"Karate Kid, Part III, The (1989)",Action|Adventure|Children|Drama,97647,10495
2643,-5.703190069833979,3.93528936445219,1.998905642092845,Superman IV: The Quest for Peace (1987),Action|Adventure|Sci-Fi,94074,11411
2412,-6.152303369097042,4.168339317534621,1.972188197561426,Rocky V (1990),Action|Drama,100507,1375
2995,-5.0436761387614615,3.3968454248905195,1.963336794357251,House on Haunted Hill (1999),Horror|Thriller,185371,11377
63992,-3.857956407890047,2.4640352672210533,1.882442131880352,Twilight (2008),Drama|Fantasy|Romance|Thriller,1099212,8966
3593,-7.957038860220797,4.912352429118421,1.8283463616857316,Battlefield Earth (2000),Action|Sci-Fi,185183,5491
374,-6.500214777972601,3.9654956002061024,1.8089550196923683,Richie Rich (1994),Children|Comedy,110989,11011
2798,-5.210436881515933,2.953836451853541,1.6841929656290935,Problem Child (1990),Children|Comedy,100419,11077
1556,-8.245990736877179,4.551071327732503,1.636269508771391,Speed 2: Cruise Control (1997),Action|Romance|Thriller,120179,1639
2338,-6.719390775255265,3.351188107637677,1.4430715740028286,I Still Know What You Did Last Summer (1998),Horror|Mystery|Thriller,130018,3600
