movieId,num,den,pred,title,genres,imdbId,tmdbId
720,6.289508858939153,5.65793159732986,4.892876685320951,Wallace & Gromit: The Best of Aardman Animation (1996),Adventure|Animation|Comedy,118114,503475
1178,2.9430465188030177,2.840348067128091,4.817406630487239,Paths of Glory (1957),Drama|War,50825,975
106100,3.398380437492928,3.6529831648317064,4.711552537363858,Dallas Buyers Club (2013),Drama,790636,152532
1272,7.573601803329353,8.880427420834367,4.634091940098401,Patton (1970),Drama|War,66206,11202
916,4.239457852729917,5.121100758489632,4.609090971076556,Roman Holiday (1953),Comedy|Drama|Romance,46250,804
1411,2.399046690201099,2.9134199325486665,4.604696644252126,Hamlet (1996),Crime|Drama|Romance,116477,10549
912,16.512521564025928,20.20069782317254,4.598673283648195,Casablanca (1942),Drama|Romance,34583,289
930,3.838449711892116,4.734256738817543,4.5920317367904495,Notorious (1946),Film-Noir|Romance|Thriller,38787,303
1267,3.9078534375002523,4.842848191972843,4.588182713076762,"Manchurian Candidate, The (1962)",Crime|Thriller|War,56218,982
3836,4.2455287821754855,5.316645545456079,4.579785081442261,Kelly's Heroes (1970),Action|Comedy|War,65938,11589
527,44.816074174134776,56.18092024766806,4.578959848447795,Schindler's List (1993),Drama|War,108052,424
750,16.092237238618132,20.19853793622056,4.5779530332952,Dr. Strangelove or: How I Learned to Stop Worrying and Love the Bomb (1964),Comedy|War,57012,935
1719,3.219989339846996,4.049860962151834,4.576336195514699,"Sweet Hereafter, The (1997)",Drama,120255,10217
741,6.1493571849415485,7.75850709529673,4.5738453172194715,Ghost in the Shell (Kôkaku kidôtai) (1995),Animation|Sci-Fi,113568,9323
101,3.8423577057826988,4.850551002994539,4.573398543796785,Bottle Rocket (1996),Adventure|Comedy|Crime|Romance,115734,13685
858,32.801209198109156,41.740038954850746,4.567095179678541,"Godfather, The (1972)",Crime|Drama,68646,238
3275,9.278626212543386,11.810688557044756,4.5668625730617425,"Boondock Saints, The (2000)",Action|Crime|Drama|Thriller,144117,8374
1299,4.010560593549753,5.23514546314102,4.547333742219404,"Killing Fields, The (1984)",Drama|War,87553,625
475,6.070818655149439,7.929830093035641,4.546817208673729,In the Name of the Father (1993),Drama,107207,7984
27611,3.6146619541966545,4.740589726614676,4.543741883955132,Battlestar Galactica (2003),Drama|Sci-Fi|War,314979,206216
745,7.927303113165402,10.425042890434465,4.541659567238286,Wallace & Gromit: A Close Shave (1995),Animation|Children|Comedy,112691,532
2398,3.788398217594411,5.041364321464058,4.5327127439247406,Miracle on 34th Street (1947),Comedy|Drama,39628,11881
3037,4.832471271285299,6.437259763783208,4.531953047245399,Little Big Man (1970),Western,65988,11040
1201,14.805950424455178,19.733113817578676,4.531559850286064,"Good, the Bad and the Ugly, The (Buono, il brutto, il cattivo, Il) (1966)",Action|Adventure|Western,60196,429
1172,5.914726158650595,7.89408424960995,4.530510487013722,Cinema Paradiso (Nuovo cinema Paradiso) (1989),Drama,95765,11216
260,42.836033125558515,57.22220382027634,4.529841097810685,Star Wars: Episode IV - A New Hope (1977),Action|Adventure|Sci-Fi,76759,11
1204,9.510582639491588,12.715108426497814,4.52922489510172,Lawrence of Arabia (1962),Adventure|Drama|War,56172,947
176371,2.947602597053038,3.97560345205119,4.522672501308509,Blade Runner 2049 (2017),Sci-Fi,1856101,335984
1196,40.412852442635,55.31586643900107,4.511833362670753,Star Wars: Episode V - The Empire Strikes Back (1980),Action|Adventure|Sci-Fi,80684,1891
898,4.028773185324299,5.600342235279001,4.500629690863464,"Philadelphia Story, The (1940)",Comedy|Drama|Romance,32904,981
1089,21.800039557516858,30.486557693265638,4.496320525894824,Reservoir Dogs (1992),Crime|Mystery|Thriller,105236,500
3508,4.193154104691651,5.899300875687237,4.492038190374335,"Outlaw Josey Wales, The (1976)",Action|Adventure|Drama|Thriller|Western,75029,10747
1231,4.420421667725463,6.263467522147343,4.486996608623489,"Right Stuff, The (1983)",Drama,86197,9549
3424,3.310525239383185,4.69452419409375,4.486438512684564,Do the Right Thing (1989),Drama,97216,925
1261,5.740695489894116,8.304574745071601,4.472518966184211,Evil Dead II (Dead by Dawn) (1987),Action|Comedy|Fantasy|Horror,92991,765
1197,23.063698068810037,33.44769967154113,4.470795098938107,"Princess Bride, The (1987)",Action|Adventure|Comedy|Fantasy|Romance,93779,2493
904,11.554800255334165,16.83718754524777,4.467516607057474,Rear Window (1954),Mystery|Thriller,47396,567
866,4.093153394098257,5.972667328369275,4.466564028682355,Bound (1996),Crime|Drama|Romance|Thriller,115736,9303
2329,18.94952363135581,27.810878443445585,4.462620888320535,American History X (1998),Crime|Drama,120586,73
2160,3.5658470536805913,5.282298139635166,4.456305872342526,Rosemary's Baby (1968),Drama|Horror|Thriller,63522,805
1266,8.978354020845748,13.334248274870697,4.454580296724396,Unforgiven (1992),Drama|Western,105695,33
1208,16.977718960850382,25.223880049605345,4.454331153826486,Apocalypse Now (1979),Action|Drama|War,78788,28
1252,7.383848132335493,10.995578334655068,4.452778794218565,Chinatown (1974),Crime|Film-Noir|Mystery|Thriller,71315,829
1198,31.482740477420005,46.898986938712625,4.452538269984877,Raiders of the Lost Ark (Indiana Jones and the Raiders of the Lost Ark) (1981),Action|Adventure,82971,85
3468,2.787295170165926,4.159197819434703,4.451401942999628,"Hustler, The (1961)",Drama,54997,990
5225,2.970193711670757,4.448391162918593,4.448950509058089,And Your Mother Too (Y tu mamá también) (2001),Drama|Romance,245574,1391
2502,13.198865150020008,19.772625068915037,4.448782228850988,Office Space (1999),Comedy|Crime,151804,1542
1245,4.074175394424321,6.107633049849406,4.448312787516678,Miller's Crossing (1990),Crime|Drama|Film-Noir|Thriller,100150,379
50,35.185745773257565,52.825444744142416,4.4473257004054085,"Usual Suspects, The (1995)",Crime|Mystery|Thriller,114814,629
27773,6.562271774808506,9.859387934612695,4.446836053895367,Old Boy (2003),Mystery|Thriller,364569,670
899,7.524760172807385,11.306950387997118,4.446748587072311,Singin' in the Rain (1952),Comedy|Musical|Romance,45152,872
1221,19.215917711800437,28.99387927363399,4.444007710608149,"Godfather: Part II, The (1974)",Crime|Drama,71562,240
2921,2.40941083745757,3.6416194253082765,4.442881514562258,High Plains Drifter (1973),Western,68699,11901
1957,3.0062780338242465,4.555231882991847,4.441211435791565,Chariots of Fire (1981),Drama,82158,9443
2571,41.81779189373456,63.43739581659845,4.440447791716335,"Matrix, The (1999)",Action|Sci-Fi|Thriller,133093,603
1945,4.018359040819878,6.096577174444735,4.440367118790306,On the Waterfront (1954),Crime|Drama,47296,654
1136,18.985471749584104,28.90288455160283,4.43812115273275,Monty Python and the Holy Grail (1975),Adventure|Comedy|Fantasy,71853,762
307,2.948286550691209,4.5324939041684145,4.431727631641626,Three Colors: Blue (Trois couleurs: Bleu) (1993),Drama,108394,108
1262,7.244997900750078,11.17850405578378,4.429368676387904,"Great Escape, The (1963)",Action|Adventure|Drama|War,57115,5925
1283,2.939786688227294,4.550937021268051,4.427223791444465,High Noon (1952),Drama|Western,44706,288
2067,2.4331636605774647,3.775772311903967,4.425664656172915,Doctor Zhivago (1965),Drama|Romance|War,59113,907
955,2.4127970494808406,3.7548375139622197,4.423833440142352,Bringing Up Baby (1938),Comedy|Romance,29947,900
7361,17.67126043720012,27.56694688783664,4.422280719436198,Eternal Sunshine of the Spotless Mind (2004),Drama|Romance|Sci-Fi,338013,38
1203,8.13309072581238,12.713272319883545,4.420982232696692,12 Angry Men (1957),Drama,50083,389
1242,8.850397935436574,13.839713523490884,4.4207428103765665,Glory (1989),Drama|War,97441,9665
4878,14.50153168391912,22.68541263664803,4.420494755074338,Donnie Darko (2001),Drama|Mystery|Sci-Fi|Thriller,246578,141
954,3.270616733605329,5.1234894124893255,4.419607149187335,Mr. Smith Goes to Washington (1939),Drama,31679,3083
1124,2.8851340417040157,4.523300258012047,4.419088135718603,On Golden Pond (1981),Drama,82846,11816
58559,19.80621432596618,31.058646958699097,4.4189536873048665,"Dark Knight, The (2008)",Action|Crime|Drama|IMAX,468569,155
7153,24.341742554790333,38.36326170011061,4.4157565784699315,"Lord of the Rings: The Return of the King, The (2003)",Action|Adventure|Drama|Fantasy,167260,122
778,14.90579493696286,23.52293628199987,4.4149206491314334,Trainspotting (1996),Comedy|Crime|Drama,117951,627
2959,27.517004935326828,43.433941088041905,4.414786897929942,Fight Club (1999),Action|Crime|Drama|Thriller,137523,550
922,4.234752754428385,6.707778179261628,4.412569642650272,Sunset Blvd. (a.k.a. Sunset Boulevard) (1950),Drama|Film-Noir|Romance,43014,599
2788,2.72479376754107,4.329156225620566,4.410655130267701,Monty Python's And Now for Something Completely Different (1971),Comedy,66765,9267
215,2.9570882738743696,4.698560135193385,4.410610391147206,Before Sunrise (1995),Drama|Romance,112471,76
1215,6.848906976454075,10.919363886139314,4.408475763391043,Army of Darkness (1993),Action|Adventure|Comedy|Fantasy|Horror,106308,766
1243,2.334871490146283,3.73686867546028,4.406070155083062,Rosencrantz and Guildenstern Are Dead (1990),Comedy|Drama,100519,18971
122926,2.811116282475447,4.503622606519713,4.405439880878568,Untitled Spider-Man Reboot (2017),Action|Adventure|Fantasy,2250912,202249
142488,4.35522690988484,7.006401774995115,4.402856700292487,Spotlight (2015),Thriller,1895587,314365
319,3.075329951286903,5.023781459708043,4.393404283341645,Shallow Grave (1994),Comedy|Drama|Thriller,111149,9905
92259,2.2762149408774435,3.7197411123352433,4.3931781584949565,Intouchables (2011),Comedy|Drama,1675434,77338
6787,5.058687380895888,8.279345174210441,4.392250829588854,All the President's Men (1976),Drama|Thriller,74119,891
57640,2.8724390393972965,4.717056089890484,4.390197270439753,Hellboy II: The Golden Army (2008),Action|Adventure|Fantasy|Sci-Fi,411477,11253
1225,11.519467021303349,19.046087948256353,4.386070603988513,Amadeus (1984),Drama,86879,279
2804,10.318802768258863,17.094525420069424,4.384881976381886,"Christmas Story, A (1983)",Children|Comedy,85334,850
6620,2.5164092325756267,4.170410393538371,4.384645923115534,American Splendor (2003),Comedy|Drama,305206,2771
4973,13.704570944576075,22.724637634566,4.384321017539981,"Amelie (Fabuleux destin d'Amélie Poulain, Le) (2001)",Comedy|Romance,211915,194
94959,4.049647291391325,6.739494763938476,4.382132830590988,Moonrise Kingdom (2012),Comedy|Drama|Romance,1748122,83666
1219,10.394553981562805,17.368658480679784,4.379716104602102,Psycho (1960),Crime|Horror,54215,539
68954,12.519797588260042,20.92486920426794,4.379571397745465,Up (2009),Adventure|Animation|Children|Drama,1049413,14160
2150,4.160116724830702,6.963608397786075,4.3786581093855315,"Gods Must Be Crazy, The (1980)",Adventure|Comedy,80801,8393
67255,3.420930812437377,5.756513063469116,4.37552125074646,"Girl with the Dragon Tattoo, The (Män som hatar kvinnor) (2009)",Crime|Drama|Mystery|Thriller,1132620,15472
3060,2.611212024900297,4.398989556230388,4.374843460027319,"Commitments, The (1991)",Comedy|Drama|Musical,101605,11663
1884,5.396971056704852,9.098413593773165,4.374427086082499,Fear and Loathing in Las Vegas (1998),Adventure|Comedy|Drama,120669,1878
57669,5.7723592430148445,9.799037282822205,4.370324057719913,In Bruges (2008),Comedy|Crime|Drama|Thriller,780536,8321
7099,3.0527804002305716,5.203597894784708,4.367917124418489,Nausicaä of the Valley of the Wind (Kaze no tani no Naushika) (1984),Adventure|Animation|Drama|Fantasy|Sci-Fi,87544,81
1287,5.317509388191905,9.079360874891087,4.366919947014386,Ben-Hur (1959),Action|Adventure|Drama,52618,665
2324,11.815740278593545,20.17712858945357,4.36685065376046,Life Is Beautiful (La Vita è bella) (1997),Comedy|Drama|Romance|War,118799,637
96737,2.2671589324215145,3.8771697405686663,4.365995703535612,Dredd (2012),Action|Sci-Fi,1343727,49049
105504,4.582902082630906,7.844725602863877,4.365451631827146,Captain Phillips (2013),Adventure|Drama|Thriller|IMAX,1535109,109424
541,18.206783805968396,31.17066649813671,4.365349901198996,Blade Runner (1982),Action|Sci-Fi|Thriller,83658,78
4011,11.557145221690643,19.799871644601957,4.364947957513958,Snatch (2000),Comedy|Crime|Thriller,208092,107
5618,9.661212280978777,16.552683278350663,4.364914384489875,Spirited Away (Sen to Chihiro no kamikakushi) (2001),Adventure|Animation|Fantasy,245429,129
910,6.353640056430926,10.890488890958602,4.364661776701229,Some Like It Hot (1959),Comedy|Crime,53291,239
1258,16.21300536029201,27.87075250064928,4.362971099141231,"Shining, The (1980)",Horror,81505,694
4226,18.805196605430602,32.34776480331102,4.362594526845367,Memento (2000),Mystery|Thriller,209144,77
1213,19.172397830619076,33.00626962828392,4.36212137582244,Goodfellas (1990),Crime|Drama,99685,769
79132,16.828516875070946,29.039225615509434,4.3607598160804,Inception (2010),Action|Crime|Drama|Mystery|Sci-Fi|Thriller|IMAX,1375666,27205
1200,19.34989103029234,33.39539890653543,4.360667856484647,Aliens (1986),Action|Adventure|Horror|Sci-Fi,90605,679
3213,1.9850712036789853,3.4274157070296094,4.360424163330539,Batman: Mask of the Phantasm (1993),Animation|Children,106364,14919
175,2.8581080216972925,4.980434159853791,4.355117128064608,Kids (1995),Drama,113540,9344
3328,2.128636132643265,3.724973302147486,4.35269988394043,Ghost Dog: The Way of the Samurai (1999),Crime|Drama,165798,4816
97921,3.534627978664087,6.2065512608085625,4.350749430623277,Silver Linings Playbook (2012),Comedy|Drama,1045658,82693
48516,15.246768279572958,26.782132557009252,4.350538785268665,"Departed, The (2006)",Crime|Drama|Thriller,407887,1422
2019,6.702902863189211,11.785768681507076,4.349978478862663,Seven Samurai (Shichinin no samurai) (1954),Action|Adventure|Drama,47478,346
914,5.217926505718308,9.217737368403737,4.347324485646517,My Fair Lady (1964),Comedy|Drama|Musical|Romance,58385,11113
81847,2.3649161788405872,4.181827339503977,4.346772060410806,Tangled (2010),Animation|Children|Comedy|Fantasy|Musical|Romance|IMAX,398286,38757
296,47.27310384733409,83.62630664896626,4.346539861245218,Pulp Fiction (1994),Comedy|Crime|Drama|Thriller,110912,680
96821,2.2860671304233353,4.046783373198846,4.346159547828534,"Perks of Being a Wallflower, The (2012)",Drama|Romance,1659337,84892
3740,4.237713791266672,7.5356071889327785,4.343608562841738,Big Trouble in Little China (1986),Action|Adventure|Comedy|Fantasy,90728,6978
1617,13.050859552915378,23.326733787117362,4.340730770541574,L.A. Confidential (1997),Crime|Film-Noir|Mystery|Thriller,119488,2118
4865,2.49599116163633,4.462679430261995,4.340553136453756,From Hell (2001),Crime|Horror|Mystery|Thriller,120681,768
1222,14.965986871871698,26.778039727157285,4.340140287170777,Full Metal Jacket (1987),Drama|War,93058,600
1276,6.775323003955092,12.170998018053062,4.337927639518774,Cool Hand Luke (1967),Drama,61512,903
1090,9.31750148573619,16.84725244547458,4.334307595761344,Platoon (1986),Drama|War,91763,792
1209,2.379678762254066,4.32338112975998,4.3316706407926695,Once Upon a Time in the West (C'era una volta il West) (1968),Action|Drama|Western,64116,335
4002,4.090464192858555,7.450883056111007,4.330240450267935,"Planes, Trains & Automobiles (1987)",Comedy,93748,2609
2248,4.654455414339612,8.495451201324729,4.329126122899476,Say Anything... (1989),Comedy|Drama|Romance,98258,2028
1249,5.646579518718977,10.345789753999345,4.327035204145579,"Femme Nikita, La (Nikita) (1990)",Action|Crime|Romance|Thriller,100263,9322
1207,7.834460009439784,14.376623709011154,4.32619432232965,To Kill a Mockingbird (1962),Drama,56592,595
47997,2.282041400079097,4.210541148455023,4.3232327945236095,Idiocracy (2006),Adventure|Comedy|Sci-Fi|Thriller,387808,7512
1997,6.81789666852441,12.628394265889224,4.32113622663248,"Exorcist, The (1973)",Horror|Mystery,70047,9552
1277,2.135753916544448,3.9590184993698445,4.320715369363398,Cyrano de Bergerac (1990),Comedy|Drama|Romance,99334,11673
3507,2.0972936719051036,3.8928326348948876,4.320007591155506,"Odd Couple, The (1968)",Comedy,63374,11356
56782,3.3661805916913687,6.259195331764973,4.319047572287075,There Will Be Blood (2007),Drama|Western,469494,7345
69481,4.488332463582612,8.347775628958702,4.318918011864674,"Hurt Locker, The (2008)",Action|Drama|Thriller|War,887912,12162
93840,3.042074520944882,5.664858496557317,4.318257938642367,"Cabin in the Woods, The (2012)",Comedy|Horror|Sci-Fi|Thriller,1259521,22970
44555,3.532687836706851,6.584510526955843,4.317764792668316,"Lives of Others, The (Das leben der Anderen) (2006)",Drama|Romance|Thriller,405094,582
926,3.0914259318650252,5.765103095934039,4.317480722016853,All About Eve (1950),Drama,42192,705
1244,2.9229946086448635,5.455947901944402,4.316994498560674,Manhattan (1979),Comedy|Drama|Romance,79522,696
1148,6.314462984343503,11.825480297452208,4.3152209078652,Wallace & Gromit: The Wrong Trousers (1993),Animation|Children|Comedy|Crime,108598,531
72226,3.106280141328677,5.830603920610316,4.314004351156334,Fantastic Mr. Fox (2009),Adventure|Animation|Children|Comedy|Crime,432283,10315
103228,2.0484724957698273,3.847100556148007,4.313721645438158,Pacific Rim (2013),Action|Adventure|Sci-Fi|IMAX,1663662,68726
6350,3.1689541693951697,5.9775481003583195,4.311392725085304,Laputa: Castle in the Sky (Tenkû no shiro Rapyuta) (1986),Action|Adventure|Animation|Children|Fantasy|Sci-Fi,92067,10515
3703,6.616675765986507,12.500531728729586,4.31056150292336,"Road Warrior, The (Mad Max 2) (1981)",Action|Adventure|Sci-Fi|Thriller,82694,8810
56152,1.81171384852519,3.4320266295462694,4.309134400733892,Enchanted (2007),Adventure|Animation|Children|Comedy|Fantasy|Musical|Romance,461770,4523
1673,5.2836607967464095,10.013074712052116,4.308926105593289,Boogie Nights (1997),Drama,118749,4995
2114,2.2501303483841917,4.265456298387711,4.308773824757245,"Outsiders, The (1983)",Drama,86066,227
3147,17.14935395768004,32.553489621308756,4.308055378789533,"Green Mile, The (1999)",Crime|Drama,120689,497
909,2.5421543776547644,4.835352051178656,4.306993280945141,"Apartment, The (1960)",Comedy|Drama|Romance,53604,284
2542,7.903962325727653,15.045036726049135,4.306603440094248,"Lock, Stock & Two Smoking Barrels (1998)",Comedy|Crime|Thriller,120735,100
3030,1.9585434188605753,3.736200901032979,4.3054570612723255,Yojimbo (1961),Action|Adventure,55630,11878
1921,6.54897365275349,12.495678311515453,4.30534904971859,Pi (1998),Drama|Sci-Fi|Thriller,138704,473
908,7.133381474320108,13.660698883080512,4.303432723826264,North by Northwest (1959),Action|Adventure|Mystery|Romance|Thriller,53125,213
1732,13.099438518371421,25.182041288428824,4.301439679944689,"Big Lebowski, The (1998)",Comedy|Crime,118715,115
6016,7.7028648878742665,14.825570322078555,4.300816141535672,City of God (Cidade de Deus) (2002),Action|Adventure|Crime|Drama|Thriller,317248,598
1234,6.527624321409946,12.569855522737408,4.300557782837635,"Sting, The (1973)",Comedy|Crime,70735,9277
5617,3.0592496213937763,5.902007698107376,4.299590412201494,Secretary (2002),Comedy|Drama|Romance,274812,11013
44761,2.075200301300879,4.019098518068814,4.297584639630426,Brick (2005),Crime|Drama|Film-Noir|Mystery,393109,9270
54503,5.934021088791694,11.501322352102312,4.297192462195624,Superbad (2007),Comedy,829482,8363
78499,6.638851241976898,12.925617255026541,4.294869628167122,Toy Story 3 (2010),Adventure|Animation|Children|Comedy|Fantasy|IMAX,435761,10193
6283,2.6801077046085693,5.221550261874202,4.294528060521536,Cowboy Bebop: The Movie (Cowboy Bebop: Tengoku no Tobira) (2001),Action|Animation|Sci-Fi|Thriller,275277,11299
112552,3.917930370130324,7.64164600792954,4.293957583334429,Whiplash (2014),Drama,2582802,244786
112852,5.874539750177493,11.486628662480241,4.292674144661511,Guardians of the Galaxy (2014),Action|Adventure|Sci-Fi,2015381,118340
1247,8.491762668018941,16.629577946729068,4.29189207309285,"Graduate, The (1967)",Comedy|Drama|Romance,61722,37247
3148,3.903168079097726,7.64506773282439,4.291797153400901,"Cider House Rules, The (1999)",Drama,124315,1715
46578,7.051813932686942,13.878402943635118,4.289364186712445,Little Miss Sunshine (2006),Adventure|Comedy|Drama,449059,773
8874,8.94122393924004,17.70850056026243,4.286161378798079,Shaun of the Dead (2004),Comedy|Horror,365748,747
1186,2.049440999646763,4.062782671357774,4.28569256092076,"Sex, Lies, and Videotape (1989)",Drama,98724,1412
1086,2.6763327352706843,5.32064359734484,4.284259115964305,Dial M for Murder (1954),Crime|Mystery|Thriller,46912,521
5673,4.269621230942694,8.506728561119623,4.283161010602381,Punch-Drunk Love (2002),Comedy|Drama|Romance,272338,8051
88810,2.4144092219339024,4.816572270024587,4.282521149960432,"Help, The (2011)",Drama,1454029,50014
7022,3.0223703441638343,6.048414208920397,4.280946241042835,Battle Royale (Batoru rowaiaru) (2000),Action|Drama|Horror|Thriller,266308,3176
30707,6.717963424127724,13.499037537847386,4.278912363530003,Million Dollar Baby (2004),Drama,405159,70
33794,12.816495856141168,25.882442301570478,4.276431065667147,Batman Begins (2005),Action|Crime|IMAX,372784,272
280,2.6236741649004616,5.30384862298524,4.275923558151097,Murder in the First (1995),Drama|Thriller,113870,8438
7482,2.1303292864512446,4.309111328124147,4.275627756770761,Enter the Dragon (1973),Action|Crime,70034,9461
262,2.1751374191659933,4.407179021767628,4.274794036872265,"Little Princess, A (1995)",Children|Drama,113670,19101
1274,4.577812944287616,9.277628070554796,4.274674872828405,Akira (1988),Action|Adventure|Animation|Sci-Fi,94625,149
98961,1.82149973677616,3.6925711304846427,4.274537516779555,Zero Dark Thirty (2012),Action|Drama|Thriller,1790885,97630
4262,9.290282247897178,18.839579480736383,4.274375749662874,Scarface (1983),Action|Crime|Drama,86250,111
6502,7.0890475303119205,14.474229124756755,4.2710202654448475,28 Days Later (2002),Action|Horror|Sci-Fi,289043,170
44195,5.114770875009934,10.453076329276884,4.270557666430873,Thank You for Smoking (2006),Comedy|Drama,427944,9388
168252,3.9325505726426284,8.052577861867292,4.269609150540591,Logan (2017),Action|Sci-Fi,3315342,263115
2194,10.112034128966423,20.70747959214743,4.26957759175933,"Untouchables, The (1987)",Action|Crime|Drama,94226,117
933,2.4972500304554592,5.136340535758445,4.267442363391331,To Catch a Thief (1955),Crime|Mystery|Romance|Thriller,48728,381
5952,18.552163372394105,38.181890232395055,4.267139063469274,"Lord of the Rings: The Two Towers, The (2002)",Adventure|Fantasy,167261,121
246,4.131064956501765,8.512265140863112,4.266557306907452,Hoop Dreams (1994),Documentary,110057,14275
1270,22.4833092004535,46.42581121932992,4.2655346710841675,Back to the Future (1985),Adventure|Comedy|Sci-Fi,88763,105
16,11.479434797524771,23.79080734186558,4.263765542665441,Casino (1995),Crime|Drama,112641,524
4993,19.806424061267837,41.059068419292764,4.263638528074171,"Lord of the Rings: The Fellowship of the Ring, The (2001)",Adventure|Fantasy,120737,120
1962,3.3735864504354787,7.002323562414074,4.263030931512895,Driving Miss Daisy (1989),Drama,97239,403
953,7.507004980494348,15.658389289434064,4.2606738003864235,It's a Wonderful Life (1946),Children|Drama|Fantasy|Romance,38650,1585
2231,4.914837122024633,10.27660212524129,4.259505028643936,Rounders (1998),Drama,128442,10220
148626,3.582359375220822,7.519336005788857,4.257669579606938,"Big Short, The (2015)",Drama,1596363,318846
2692,7.677267082700801,16.122225772317982,4.257441483417336,Run Lola Run (Lola rennt) (1998),Action|Crime,130827,104
38061,5.571647961307089,11.703785915865355,4.257305143635118,Kiss Kiss Bang Bang (2005),Comedy|Crime|Mystery|Thriller,373469,5236
2313,1.5213337769447188,3.1961037339329743,4.257246221523266,"Elephant Man, The (1980)",Drama,80678,1955
8533,3.63034297370225,7.631451524683957,4.256957994246167,"Notebook, The (2004)",Drama|Romance,332280,11036
608,21.595103191085805,45.498003953683096,4.255888464105615,Fargo (1996),Comedy|Crime|Drama|Thriller,116282,275
1060,4.599333148029607,9.708735044713036,4.254981403021736,Swingers (1996),Comedy|Drama,117802,10218
1291,17.659563163485036,37.277771055165736,4.254979039851186,Indiana Jones and the Last Crusade (1989),Action|Adventure,97576,89
4995,14.490443824220659,30.593120538968243,4.254900385945851,"Beautiful Mind, A (2001)",Drama|Romance,268978,453
1845,1.9016532151589696,4.021886972688448,4.254076003129024,Zero Effect (1998),Comedy|Mystery|Thriller,120906,16148
1387,11.442496765986316,24.202311438943617,4.254035267724019,Jaws (1975),Action|Horror,73195,578
1250,6.2453668094381305,13.239249855226445,4.25298113325915,"Bridge on the River Kwai, The (1957)",Adventure|Drama|War,50212,826
1240,18.428542927886497,39.10676900129192,4.252486640798453,"Terminator, The (1984)",Action|Sci-Fi|Thriller,88247,218
928,2.1627873441381227,4.593195949381378,4.252117539095925,Rebecca (1940),Drama|Mystery|Romance|Thriller,32976,223
1952,2.1170924720532085,4.503944461869987,4.2513028658653464,Midnight Cowboy (1969),Drama,64665,3116
1288,6.540719376775332,13.932559028298128,4.250705675302358,This Is Spinal Tap (1984),Comedy,88258,11031
1193,12.91664771020663,27.527609004683764,4.250475178212307,One Flew Over the Cuckoo's Nest (1975),Drama,73486,510
2118,2.3941685538513946,5.116175193378768,4.249210536024907,"Dead Zone, The (1983)",Thriller,85407,11336
2529,8.667408797588669,18.54266123823017,4.248680657272002,Planet of the Apes (1968),Action|Drama|Sci-Fi,63442,871
249,2.8070435785689907,6.013466041246168,4.248042876607716,Immortal Beloved (1994),Drama|Romance,110116,13701
3360,3.878824000546336,8.323519761073573,4.2472576080648885,Hoosiers (a.k.a. Best Shot) (1986),Drama|Romance,91217,5693
60069,10.110305739123794,21.709583389765278,4.246957014819232,WALL·E (2008),Adventure|Animation|Children|Romance|Sci-Fi,910970,10681
51255,6.275295260750802,13.50973002326434,4.2457518653550155,Hot Fuzz (2007),Action|Comedy|Crime|Mystery,425112,4638
3916,4.4154658696581555,9.513987389912158,4.245352507665444,Remember the Titans (2000),Drama,210945,10637
1357,2.4949643810369255,5.415566061775686,4.241952333213996,Shine (1996),Drama|Romance,117631,7863
1610,11.795392560559787,25.618366979857814,4.241677165767694,"Hunt for Red October, The (1990)",Action|Adventure|Thriller,99810,1669
8958,2.1619770294797886,4.749928786853803,4.2364097868800945,Ray (2004),Drama,350258,1677
1228,4.194972334261133,9.231396223030131,4.235674420584533,Raging Bull (1980),Drama,81398,1578
293,16.47967122556547,36.329642656543584,4.234864997751215,Léon: The Professional (a.k.a. The Professional) (Léon) (1994),Action|Crime|Drama|Thriller,110413,101
8366,2.0761787963039016,4.5920337116247865,4.233376111121946,Saved! (2004),Comedy|Drama,332375,13193
902,4.179108071979027,9.256989815551648,4.2327042744234085,Breakfast at Tiffany's (1961),Drama|Romance,54698,164
44191,11.065354784178048,24.597677923573116,4.231103614991843,V for Vendetta (2006),Action|Sci-Fi|Thriller|IMAX,434409,752
1449,2.842269870710743,6.320037966419393,4.230973472562864,Waiting for Guffman (1996),Comedy,118111,16448
1265,17.385592175017806,38.67372060480677,4.230795361904269,Groundhog Day (1993),Comedy|Fantasy|Romance,107048,137
55118,2.2043923809498254,4.9284091777910035,4.228532653315571,Eastern Promises (2007),Crime|Drama|Thriller,765443,2252
2858,19.339374082785902,43.2845800717192,4.228045916789447,American Beauty (1999),Drama|Romance,169547,14
6711,7.318621451146473,16.430377527123838,4.226682309369175,Lost in Translation (2003),Comedy|Drama|Romance,335266,153
56367,5.8935086498552165,13.237762809732653,4.2264542455631515,Juno (2007),Comedy|Drama|Romance,467406,7326
112175,1.640355383941411,3.6942541280389274,4.225278722188492,How to Train Your Dragon 2 (2014),Action|Adventure|Animation,1646971,82702
37741,3.18214805989233,7.17769586049612,4.224588318925938,Capote (2005),Crime|Drama,379725,398
82459,3.5499655264123944,8.010243312437733,4.224428183828958,True Grit (2010),Western,1403865,44264
86,2.843253765602618,6.430554791724016,4.223397437591914,White Squall (1996),Action|Adventure|Drama,118158,10534
7090,4.6510433087174885,10.52308156653058,4.223234872713102,Hero (Ying xiong) (2002),Action|Adventure|Drama,299977,79
6867,2.038747136440347,4.613615773125487,4.223147807446023,"Station Agent, The (2003)",Comedy|Drama,340377,2056
1035,7.532989251537156,17.04888058374525,4.2230965348905505,"Sound of Music, The (1965)",Musical|Romance,59742,15121
2268,7.636766837879464,17.31617381287646,4.2222692736216025,"Few Good Men, A (1992)",Crime|Drama|Thriller,104257,881
3000,5.300006126779566,12.041895163259925,4.221380528857241,Princess Mononoke (Mononoke-hime) (1997),Action|Adventure|Animation|Drama|Fantasy,119698,128
1303,2.715708989861382,6.187423412889096,4.220157824749221,"Man Who Would Be King, The (1975)",Adventure|Drama,73341,983
5995,5.714947464249249,13.025855926264907,4.219988694628667,"Pianist, The (2002)",Drama|War,253474,423
5026,1.930873628806028,4.408837320497839,4.219205191014579,"Brotherhood of the Wolf (Pacte des loups, Le) (2001)",Action|Mystery|Thriller,237534,6312
308,1.9215860128542335,4.409401238979282,4.217042860054214,Three Colors: White (Trzy kolory: Bialy) (1994),Comedy|Drama,111507,109
7371,2.039297134746587,4.685437375154397,4.216491480404571,Dogville (2003),Drama|Mystery|Thriller,276919,553
2580,3.8887056478809106,8.93485726063712,4.216478577157487,Go (1999),Comedy|Crime,139239,9430
7162,1.6865282102818646,3.880397336266143,4.2158775985430665,Cold Mountain (2003),Drama|Romance|War,159365,2289
1028,8.078204677458677,18.64463238250632,4.2145223798708855,Mary Poppins (1964),Children|Comedy|Fantasy|Musical,58331,433
33660,2.942249012539256,6.807054112459327,4.213485227118096,Cinderella Man (2005),Drama|Romance,352248,921
8950,4.111085016795169,9.518354813784612,4.2131612562320315,The Machinist (2004),Drama|Mystery|Thriller,361862,4553
5954,2.319700396311762,5.3717359096960555,4.213084327575625,25th Hour (2002),Crime|Drama,307901,1429
53894,1.8926663575886096,4.383367983946865,4.213033489941204,Sicko (2007),Documentary|Drama,386032,2359
111,10.237245565066713,23.784016380809145,4.21167541557033,Taxi Driver (1976),Crime|Drama|Thriller,75314,103
106918,2.539689498708765,5.938104799934665,4.2089435413876775,"Secret Life of Walter Mitty, The (2013)",Adventure|Comedy|Drama,359950,116745
61132,3.6762092033511484,8.609007308110455,4.208268893673019,Tropic Thunder (2008),Action|Adventure|Comedy|War,942385,7446
5377,4.436274679239304,10.392317873298254,4.208130153825702,About a Boy (2002),Comedy|Drama|Romance,276751,245
1223,2.70701216724946,6.3448251497308945,4.207898753388503,"Grand Day Out with Wallace and Gromit, A (1989)",Adventure|Animation|Children|Comedy|Sci-Fi,104361,530
1967,4.57911734238693,10.733505117852202,4.207868971667686,Labyrinth (1986),Adventure|Fantasy|Musical,91369,13597
104374,1.734756591057311,4.0699999665790205,4.207480019428088,About Time (2013),Drama|Fantasy|Romance,2194499,122906
3681,4.046552398014262,9.4961346127079,4.207376222607762,For a Few Dollars More (Per qualche dollaro in più) (1965),Action|Drama|Thriller|Western,59578,938
1079,7.587693252938469,17.830871319055625,4.206786850759096,"Fish Called Wanda, A (1988)",Comedy|Crime,95159,623
5064,4.16569447045016,9.803018028669015,4.206189955565479,The Count of Monte Cristo (2002),Action|Adventure|Drama|Thriller,245844,11362
48780,9.740582512373033,22.96198047117375,4.205454789321046,"Prestige, The (2006)",Drama|Mystery|Sci-Fi|Thriller,482571,1124
5902,4.121097902442957,9.726902985948309,4.204930331212931,Adaptation (2002),Comedy|Drama|Romance,268126,2757
1246,10.926096910191218,25.81127801724957,4.204557070637195,Dead Poets Society (1989),Drama,97165,207
6618,1.4629704909800967,3.462355206813214,4.203786100734312,Shaolin Soccer (Siu lam juk kau) (2001),Action|Comedy,286112,11770
34072,2.017190585393068,4.780928926058005,4.203174315267321,"March of the Penguins (Marche de l'empereur, La) (2005)",Documentary,428803,1667
4873,2.2493512453848057,5.356932594774356,4.2011453012184115,Waking Life (2001),Animation|Drama|Fantasy,243017,9081
47,24.764103712335064,59.013219956070614,4.200886537561124,Seven (a.k.a. Se7en) (1995),Mystery|Thriller,114369,807
265,4.465774745747961,10.712448945880718,4.198127069980168,Like Water for Chocolate (Como agua para chocolate) (1992),Drama|Fantasy|Romance,103994,18183
7451,2.5544430501690543,6.133967850086494,4.197692129492235,Mean Girls (2004),Comedy,377092,10625
54997,2.6593622322364303,6.391193651388652,4.197347831046128,3:10 to Yuma (2007),Action|Crime|Drama|Western,381849,5176
913,4.12497829523323,9.935925165557927,4.196407905413199,"Maltese Falcon, The (1941)",Film-Noir|Mystery,33870,963
1233,3.6542984377514363,8.828560547986504,4.19516776201468,"Boot, Das (Boat, The) (1981)",Action|Drama|War,82096,387
55765,3.3431624465070504,8.09179331743286,4.194404649680675,American Gangster (2007),Crime|Drama|Thriller,765429,4982
3949,8.699149349793892,21.211134555813608,4.191371812050256,Requiem for a Dream (2000),Drama,180093,641
3578,15.885391413903562,38.78925081614613,4.190780750662513,Gladiator (2000),Action|Adventure|Drama,172495,98
1263,4.172092596084848,10.20871915848713,4.189929298806749,"Deer Hunter, The (1978)",Drama|War,77416,11778
32,19.754646054767136,48.61193592725892,4.187624386692866,Twelve Monkeys (a.k.a. 12 Monkeys) (1995),Mystery|Sci-Fi|Thriller,114746,63
364,21.15534038854152,52.250403224886185,4.186133765061199,"Lion King, The (1994)",Adventure|Animation|Children|Drama|Musical|IMAX,110357,8587
1214,13.872061346420724,34.36351486117839,4.184935740494687,Alien (1979),Horror|Sci-Fi,78748,348
1682,12.31974988443046,30.568434193803267,4.184271934434115,"Truman Show, The (1998)",Comedy|Drama|Sci-Fi,120382,37165
924,11.097007898331862,27.541656470751548,4.18416721404627,2001: A Space Odyssey (1968),Adventure|Drama|Sci-Fi,62622,62
314,2.1927186473215423,5.44344780755564,4.184067905493663,"Secret of Roan Inish, The (1994)",Children|Drama|Fantasy|Mystery,111112,14334
6942,5.451266095036393,13.53382007510031,4.184038396919603,Love Actually (2003),Comedy|Drama|Romance,314331,508
31658,3.0829323245781675,7.6584626039486015,4.183802324331561,Howl's Moving Castle (Hauru no ugoku shiro) (2004),Adventure|Animation|Fantasy|Romance,347149,4935
134130,4.928453354118105,12.294729000935094,4.18210901469518,The Martian (2015),Adventure|Drama|Sci-Fi,3659388,286217
919,9.807990888928835,24.490851188447394,4.181725688369691,"Wizard of Oz, The (1939)",Adventure|Children|Fantasy|Musical,32138,630
6807,3.4945691352668726,8.727619385004646,4.181653429699012,Monty Python's The Meaning of Life (1983),Comedy,85959,4543
5013,2.0454004729233115,5.112531983646683,4.181325750995813,Gosford Park (2001),Comedy|Drama|Mystery,280707,5279
40819,4.824004810472874,12.065186148572874,4.1810784279447315,Walk the Line (2005),Drama|Musical|Romance,358273,69
590,21.06219489446686,52.86305119188812,4.179679413761676,Dances with Wolves (1990),Adventure|Drama|Western,99348,581
1954,7.723920121433517,19.402897718470587,4.179330731828009,Rocky (1976),Drama,75148,1366
441,3.6199376556031218,9.09486104089999,4.179270073237406,Dazed and Confused (1993),Comedy,106677,9571
81845,4.536101234559566,11.400265489149476,4.179144315793137,"King's Speech, The (2010)",Drama,1504320,45269
1653,11.110823119341308,27.93975769844309,4.1789206899748725,Gattaca (1997),Drama|Sci-Fi|Thriller,119177,782
1206,9.85741888551666,24.819187654078263,4.1784192637864255,"Clockwork Orange, A (1971)",Crime|Drama|Sci-Fi|Thriller,66921,185
8914,2.5887798688803785,6.5367078731937465,4.177287198397599,Primer (2004),Drama|Sci-Fi,390384,14337
1224,1.3703069131224603,3.463676574182453,4.176871960697627,Henry V (1989),Action|Drama|Romance|War,97499,10705
3671,5.46427519779036,13.815200971313452,4.176776262238992,Blazing Saddles (1974),Comedy|Western,71230,11072
1036,15.606959642154616,39.49560275553581,4.176406882238244,Die Hard (1988),Action|Crime|Thriller,95016,562
2948,3.7682424421241882,9.573667624378514,4.174854854102501,From Russia with Love (1963),Action|Adventure|Thriller,57076,657
3361,3.807410872737499,9.673581990404285,4.174838484898952,Bull Durham (1988),Comedy|Drama|Romance,94812,287
111759,5.325898409022756,13.620427990424387,4.172272809396609,Edge of Tomorrow (2014),Action|Sci-Fi|IMAX,1631867,137113
31410,1.5843859351046394,4.078809166627274,4.169693166114483,"Downfall (Untergang, Der) (2004)",Drama|War,363163,613
1259,10.118130554146745,26.06044286016656,4.169506263340638,Stand by Me (1986),Adventure|Drama,92005,235
1212,2.054656036171372,5.296422598463018,4.16918272440815,"Third Man, The (1949)",Film-Noir|Mystery|Thriller,41959,1092
2951,4.446981969712001,11.527551139442002,4.1670198421936835,"Fistful of Dollars, A (Per un pugno di dollari) (1964)",Action|Western,58461,391
2716,10.685567268916827,27.746712278789545,4.166361099882422,Ghostbusters (a.k.a. Ghost Busters) (1984),Action|Comedy|Sci-Fi,87332,620
1394,5.430129116256151,14.106637390684737,4.166184310065105,Raising Arizona (1987),Comedy,93822,378
71535,4.129240937254885,10.729347030928082,4.1661047857103775,Zombieland (2009),Action|Comedy|Horror,1156398,19908
3271,1.6039301884791086,4.169312203592285,4.165948896474642,Of Mice and Men (1992),Drama,105046,9609
63082,7.122513406237142,18.515351338439157,4.1659314943645605,Slumdog Millionaire (2008),Crime|Drama|Romance,1010048,12405
4499,1.7123957490067736,4.453795154232378,4.165730045719989,Dirty Rotten Scoundrels (1988),Comedy,95031,10141
6377,11.634664217490805,30.268433046328486,4.165632759930128,Finding Nemo (2003),Adventure|Animation|Children|Comedy,266543,12
1961,9.974908451589059,25.979671663422735,4.165200505490122,Rain Man (1988),Drama,95953,380
4033,1.7609311396973713,4.58935049932157,4.164949339646938,Thirteen Days (2000),Drama|Thriller|War,146309,11973
1235,1.9251173990635497,5.018094092213835,4.164885097320215,Harold and Maude (1971),Comedy|Drama|Romance,67185,343
2288,5.470486319757167,14.259988977815144,4.1648748362213315,"Thing, The (1982)",Action|Horror|Sci-Fi|Thriller,84787,1091
2300,2.2381225111277727,5.838577244043411,4.164583479072775,"Producers, The (1968)",Comedy,63462,30197
915,2.5172892849471777,6.575683233088268,4.164067847651564,Sabrina (1954),Comedy|Romance,47437,6620
3160,4.86135100992739,12.734737563321831,4.162989364789858,Magnolia (1999),Drama,175880,334
1084,3.306614049201538,8.731485771390538,4.159950001016544,Bonnie and Clyde (1967),Crime|Drama,61418,475
3363,3.164698482720756,8.36718881084605,4.159477165184957,American Graffiti (1973),Comedy|Drama,69704,838
84152,3.022363136839049,8.027294066475335,4.157760781254503,Limitless (2011),Sci-Fi|Thriller,1219289,51876
27801,1.234462314898999,3.2811281245210133,4.157480946131756,Ong-Bak: The Thai Warrior (Ong Bak) (2003),Action|Thriller,368909,9316
1199,4.230299524233296,11.267663592399195,4.156687118272665,Brazil (1985),Fantasy|Sci-Fi,88846,68
8641,4.924705234030676,13.12886684922783,4.156355095929526,Anchorman: The Legend of Ron Burgundy (2004),Comedy,357413,8699
1982,2.7047546939997282,7.21945725306696,4.155897875115934,Halloween (1978),Horror,77651,948
115569,1.7965923288262384,4.804520872476077,4.155187797872974,Nightcrawler (2014),Crime|Drama|Thriller,2872718,242582
115617,3.3248655385188712,8.897147181929801,4.154950141947923,Big Hero 6 (2014),Action|Animation|Comedy,2245084,177572
1307,8.485159346928894,22.747359318471776,4.154267318411165,When Harry Met Sally... (1989),Comedy|Romance,98635,639
2871,3.1174303270028556,8.358758732427061,4.154203694901537,Deliverance (1972),Adventure|Drama|Thriller,68473,10669
3654,2.246973808595757,6.029112554121886,4.153937259648574,"Guns of Navarone, The (1961)",Action|Adventure|Drama|War,54953,10911
1257,2.563828615241484,6.910925551586392,4.1522318931085245,Better Off Dead... (1985),Comedy|Romance,88794,13667
80463,5.056866509889397,13.64845313943287,4.151758371001459,"Social Network, The (2010)",Drama,1285016,37799
1968,10.419339520580197,28.221896338264482,4.150443445631779,"Breakfast Club, The (1985)",Comedy|Drama,88847,2108
1175,1.6842053599322233,4.576171886407106,4.149287965727852,Delicatessen (1991),Comedy|Drama|Romance,101700,892
48774,6.9678294168909245,18.955151070361108,4.148845542944024,Children of Men (2006),Action|Adventure|Drama|Sci-Fi|Thriller,206634,9693
3252,3.086733194996935,8.435976602406686,4.147151065706519,Scent of a Woman (1992),Drama,105323,9475
3552,5.482523072339132,14.991371268037836,4.146961889099577,Caddyshack (1980),Comedy,80487,11977
1188,1.6593866868132383,4.571452868408106,4.144238829063932,Strictly Ballroom (1992),Comedy|Romance,105488,10409
71057,1.8552153376073293,5.1112609990641635,4.144216198552726,9 (2009),Adventure|Animation|Sci-Fi,472033,12244
986,1.8167097706859185,5.006364062057744,4.144130003388967,Fly Away Home (1996),Adventure|Children,116329,11076
2761,3.1835493721573367,8.78894066598765,4.1434721529217065,"Iron Giant, The (1999)",Adventure|Animation|Children|Drama|Sci-Fi,129167,10386
2078,5.508555045544033,15.259092673713052,4.142251456792526,"Jungle Book, The (1967)",Animation|Children|Comedy|Musical,61852,9325
151,4.848353770766611,13.459711866516175,4.141462273385705,Rob Roy (1995),Action|Drama|Romance|War,114287,11780
122918,1.9263798653539497,5.360225118115778,4.140634067557043,Guardians of the Galaxy 2 (2017),Action|Adventure|Sci-Fi,3896198,283995
55247,3.553954183678142,9.90808877981982,4.13994216596287,Into the Wild (2007),Action|Adventure|Drama,758758,5915
223,8.86470564113975,24.871993012459182,4.137663146316259,Clerks (1994),Comedy,109445,2292
3481,5.59039820812288,15.70550308053088,4.137201530078741,High Fidelity (2000),Comedy|Drama|Romance,146882,243
508,7.6110729522063325,21.387480703529466,4.137115784373778,Philadelphia (1993),Drama,107818,9800
1256,1.6334138178252766,4.590676256155634,4.137061076815526,Duck Soup (1933),Comedy|Musical|War,23969,3063
2997,7.492001022335099,21.219787299858478,4.1343167185018554,Being John Malkovich (1999),Comedy|Drama|Fantasy,120601,492
1955,1.46392432659847,4.162498568814945,4.132943568346782,Kramer vs. Kramer (1979),Drama,79417,12102
48738,2.166042884943265,6.177459874602678,4.131886439293123,"Last King of Scotland, The (2006)",Drama|Thriller,455590,1523
1953,2.9885439772900897,8.525368544824705,4.1317971477308895,"French Connection, The (1971)",Action|Crime|Thriller,67116,1051
3499,4.262256068637912,12.175104865211296,4.131329589929212,Misery (1990),Drama|Horror|Thriller,100157,1700
109374,4.05447705033282,11.59939321969707,4.130792137592657,"Grand Budapest Hotel, The (2014)",Comedy|Drama,2278388,120467
109487,5.131921458449435,14.703992757964278,4.130265481298731,Interstellar (2014),Sci-Fi|IMAX,816692,157336
3683,1.5195714987970947,4.3580011759150175,4.129935346509273,Blood Simple (1984),Crime|Drama|Film-Noir,86979,11368
2501,3.2434669797550186,9.335309667516317,4.1286907114314015,October Sky (1999),Drama,132477,13466
62,7.904484070931107,22.766101702690403,4.128454094357221,Mr. Holland's Opus (1995),Drama,113862,2054
1304,5.08325016419646,14.647214122951894,4.128295504659183,Butch Cassidy and the Sundance Kid (1969),Action|Western,64115,642
1278,4.7401064456381965,13.779679545573126,4.125242477181266,Young Frankenstein (1974),Comedy|Fantasy,72431,3034
2064,1.8363271424304384,5.341612634717084,4.125027605047187,Roger & Me (1989),Documentary,98213,1779
5989,9.803541222193207,28.540292547299476,4.124748261710095,Catch Me If You Can (2002),Crime|Drama,264464,640
3448,3.89196386860754,11.331717709766826,4.124707507928877,"Good Morning, Vietnam (1987)",Comedy|Drama|War,93105,801
3996,7.7180698584779535,22.56487062365855,4.1232891654427055,"Crouching Tiger, Hidden Dragon (Wo hu cang long) (2000)",Action|Drama|Romance,190332,146
4306,12.097802004418382,35.45066022807277,4.1225074430300985,Shrek (2001),Adventure|Animation|Children|Comedy|Fantasy|Romance,126029,808
115149,3.3884062151250456,9.958046302285293,4.121518138146666,John Wick (2014),Action|Thriller,2911666,245891
3020,1.801107536324928,5.302178616991476,4.120941912841477,Falling Down (1993),Action|Drama,106856,37094
3897,6.294115646979994,18.539974968502737,4.120738878392991,Almost Famous (2000),Drama,181875,786
2791,7.410869416334879,21.86639141710968,4.120165961763137,Airplane! (1980),Comedy,80339,813
5444,2.1921382584258335,6.489807161701759,4.1190316730180525,Lilo & Stitch (2002),Adventure|Animation|Children|Sci-Fi,275847,11544
4027,6.887574303814559,20.398730457982072,4.118897187424463,"O Brother, Where Art Thou? (2000)",Adventure|Comedy|Crime,190590,134
3100,2.322754942088156,6.887500540273331,4.118492021436409,"River Runs Through It, A (1992)",Drama,105265,293
923,5.746654539076171,17.08215751214119,4.117662669101023,Citizen Kane (1941),Drama|Mystery,33467,15
106782,3.563740991883029,10.606545395194019,4.117244475402268,"Wolf of Wall Street, The (2013)",Comedy|Crime|Drama,993846,106646
86833,1.346903836985368,4.011357656241208,4.117022478207538,Bridesmaids (2011),Comedy,1478338,55721
46976,3.5987942520544323,10.726246386206377,4.116762889315081,Stranger than Fiction (2006),Comedy|Drama|Fantasy|Romance,420223,1262
5991,3.5665566162359026,10.635198375564796,4.116603996694256,Chicago (2002),Comedy|Crime|Drama|Musical,299658,1574
2944,3.5677010842156753,10.645237290035277,4.116395253399851,"Dirty Dozen, The (1967)",Action|Drama|War,61578,1654
2762,14.775208821136435,44.10685117943572,4.116236699142071,"Sixth Sense, The (1999)",Drama|Horror|Mystery,167404,745
2947,5.3249480769406805,15.909428094742541,4.115953907049711,Goldfinger (1964),Action|Adventure|Thriller,58150,658
122882,4.213573457947589,12.596766205855568,4.115746413967936,Mad Max: Fury Road (2015),Action|Adventure|Sci-Fi|Thriller,1392190,76341
5110,1.892251403705807,5.670177995978617,4.114969871109505,Super Troopers (2001),Comedy|Crime|Mystery,247745,39939
8970,3.0743993634723132,9.214049341097938,4.11491426811881,Finding Neverland (2004),Drama,308644,866
76093,4.058834988561591,12.214643377647274,4.113542522243974,How to Train Your Dragon (2010),Adventure|Animation|Children|Fantasy|IMAX,892769,10191
33166,4.9369378994386866,14.884577625691,4.112931401508906,Crash (2004),Crime|Drama,375679,1640
337,7.483963885452892,22.632306300291052,4.111926134171996,What's Eating Gilbert Grape (1993),Drama,108550,1587
969,3.098327215581648,9.375954331420557,4.1117045623418855,"African Queen, The (1951)",Adventure|Comedy|Romance|War,43265,488
5418,8.710101302041158,26.4014250035263,4.111160259426055,"Bourne Identity, The (2002)",Action|Mystery|Thriller,258463,2501
903,4.042767173542886,12.393925199450127,4.10743938571074,Vertigo (1958),Drama|Mystery|Romance|Thriller,52357,426
1097,11.723569213586122,36.03524278156318,4.10658619821338,E.T. the Extra-Terrestrial (1982),Children|Drama|Sci-Fi,83866,601
1230,3.8578316446193632,11.861243955804218,4.1064967729141335,Annie Hall (1977),Comedy|Romance,75686,703
1227,1.3462596098201618,4.160497202486815,4.104831346343444,Once Upon a Time in America (1984),Crime|Drama,87843,311
49272,6.531729278532607,20.214890388007174,4.104364735229677,Casino Royale (2006),Action|Adventure|Thriller,381061,36557
2352,1.2922100162448722,4.002815699294141,4.1040751786979754,"Big Chill, The (1983)",Comedy|Drama,85244,12560
41571,1.070283174782971,3.3171600702893214,4.103900348326203,Memoirs of a Geisha (2005),Drama|Romance,397535,1904
112556,2.7168749931566696,8.425101520504782,4.103723819938026,Gone Girl (2014),Drama|Thriller,2267998,210577
54995,1.2048996703394326,3.747748081343708,4.10274955725089,Planet Terror (2007),Action|Horror|Sci-Fi,1077258,1992
3471,5.393592193121646,16.806889850421886,4.102165524538333,Close Encounters of the Third Kind (1977),Adventure|Drama|Sci-Fi,75860,840
6565,2.1716150809231345,6.767365252639681,4.102145160665506,Seabiscuit (2003),Drama,329575,4464
3317,2.051348094779391,6.40451161685866,4.101547299341656,Wonder Boys (2000),Comedy|Drama,185014,11004
333,4.714503685024783,14.727927337256787,4.101356370500096,Tommy Boy (1995),Comedy,114694,11381
1059,3.090901647211391,9.677635547594901,4.1006360021514805,William Shakespeare's Romeo + Juliet (1996),Drama|Romance,117509,454
39292,2.3119010043091124,7.277987799222559,4.09890657629977,"Good Night, and Good Luck. (2005)",Crime|Drama,433383,3291
4007,2.2543428203426386,7.097097355277852,4.098892888331422,Wall Street (1987),Drama,94291,10673
2020,1.934939226079345,6.094629119516146,4.098732634406854,Dangerous Liaisons (1988),Drama|Romance,94947,859
69844,3.6330792136461194,11.469307878734396,4.098015312719263,Harry Potter and the Half-Blood Prince (2009),Adventure|Fantasy|Mystery|Romance|IMAX,417741,767
26662,0.8547152240905338,2.7101746249225034,4.096622633504138,Kiki's Delivery Service (Majo no takkyûbin) (1989),Adventure|Animation|Children|Drama|Fantasy,97814,16859
1374,5.228021638327321,16.61110881532138,4.0959804241830495,Star Trek II: The Wrath of Khan (1982),Action|Adventure|Sci-Fi|Thriller,84726,154
4881,1.4037909371171002,4.464751047251911,4.095666326429851,"Man Who Wasn't There, The (2001)",Crime|Drama,243133,10778
3476,1.5907362494783936,5.064384877650311,4.095352496908556,Jacob's Ladder (1990),Horror|Mystery,99871,2291
1,17.56938347106788,55.97005514796615,4.095156840197199,Toy Story (1995),Adventure|Animation|Children|Comedy|Fantasy,114709,862
2797,7.928336656144235,25.282247745818776,4.094843016817993,Big (1988),Comedy|Drama|Fantasy|Romance,94737,2280
88163,2.3883106879767366,7.616978361227614,4.094800893958549,"Crazy, Stupid, Love. (2011)",Comedy|Drama|Romance,1570728,50646
892,1.0646370788997936,3.397112827731198,4.094644585194345,Twelfth Night (1996),Comedy|Drama|Romance,117991,44705
1674,3.039546698566569,9.756170196369977,4.092801185130649,Witness (1985),Drama|Romance|Thriller,90329,9281
60684,3.907158142296302,12.557515874176563,4.092390982842797,Watchmen (2009),Action|Drama|Mystery|Sci-Fi|Thriller|IMAX,409459,13183
4019,2.4010708643819108,7.749501850945072,4.091085470812053,Finding Forrester (2000),Drama,181536,711
106487,1.8817846758298418,6.091247481744644,4.090182508905114,The Hunger Games: Catching Fire (2013),Action|Adventure|Sci-Fi|IMAX,1951264,101299
80549,1.4628288456276404,4.735948125139823,4.090127651971072,Easy A (2010),Comedy|Romance,1282140,37735
3104,2.054986198291323,6.653081314068791,4.090127314496138,Midnight Run (1988),Action|Comedy|Crime|Thriller,95631,9013
7143,5.9713981044652655,19.38667317113174,4.089265601425702,"Last Samurai, The (2003)",Action|Adventure|Drama|War,325710,616
122886,3.2004204397557716,10.397122831362562,4.089067863061495,Star Wars: Episode VII - The Force Awakens (2015),Action|Adventure|Fantasy|Sci-Fi|IMAX,2488496,140607
107406,2.083604240903963,6.7748186866291755,4.088801246716747,Snowpiercer (2013),Action|Drama|Sci-Fi,1706620,110415
2000,6.586818835221494,21.418845925136516,4.088774436690913,Lethal Weapon (1987),Action|Comedy|Crime|Drama,93409,941
134853,2.942694865558326,9.590397840635276,4.088087589808038,Inside Out (2015),Adventure|Animation|Children|Comedy|Drama|Fantasy,2096673,150540
106920,1.6781569802578726,5.470007679081126,4.08804237981388,Her (2013),Drama|Romance|Sci-Fi,1798709,152601
1080,5.433335876064505,17.724009457544216,4.087802283360441,Monty Python's Life of Brian (1979),Comedy,79470,583
4963,7.7832097025485005,25.532075299208195,4.0860904529008035,Ocean's Eleven (2001),Crime|Thriller,240772,161
45728,1.1275935497851561,3.7111449345412173,4.085089722197439,Clerks II (2006),Comedy,424345,2295
73017,5.096454467865866,16.806581775034154,4.084491565289319,Sherlock Holmes (2009),Action|Crime|Mystery|Thriller,988045,10528
7147,5.123153587758459,16.89866162082627,4.084419173958452,Big Fish (2003),Drama|Fantasy|Romance,319061,587
68157,5.952311688242743,19.643702915711575,4.084263714408611,Inglourious Basterds (2009),Action|Drama|War,361748,16869
1350,1.4432343032083577,4.780229801636155,4.0831672845617355,"Omen, The (1976)",Horror|Mystery|Thriller,75005,794
1296,1.2506048711430502,4.146176192324344,4.082878418934493,"Room with a View, A (1986)",Drama|Romance,91867,11257
91630,1.7526619137751573,5.8436269020968545,4.081177021901284,Mission: Impossible - Ghost Protocol (2011),Action|Adventure|Thriller|IMAX,1229238,56292
80489,2.105882090151464,7.021765354695552,4.081157741695682,"Town, The (2010)",Crime|Drama|Thriller,840361,23168
8368,6.040110444190677,20.16641935842089,4.080763266947672,Harry Potter and the Prisoner of Azkaban (2004),Adventure|Fantasy|IMAX,304141,673
34405,3.480630317948497,11.635718398714157,4.0803832292125515,Serenity (2005),Action|Adventure|Sci-Fi,379786,16320
64957,2.8596938144647503,9.564076709678847,4.080253615536367,"Curious Case of Benjamin Button, The (2008)",Drama|Fantasy|Mystery|Romance,421715,4922
91529,4.834003343592202,16.178386754861155,4.080043885820898,"Dark Knight Rises, The (2012)",Action|Adventure|Crime|IMAX,1345836,49026
3298,1.3450907779356363,4.517131394094515,4.079025371758894,Boiler Room (2000),Crime|Drama|Thriller,181984,14181
96588,1.6682757630926837,5.605547307224921,4.0788615219527165,Pitch Perfect (2012),Comedy|Musical,1981677,114150
99114,4.823187888800703,16.28951749048579,4.077341495375863,Django Unchained (2012),Action|Drama|Western,1853728,68718
138036,1.8378053754857828,6.226898923576438,4.0763897000178915,The Man from U.N.C.L.E. (2015),Action|Adventure|Comedy,1638355,203801
32587,6.788597923186096,23.04075311559171,4.075884363490396,Sin City (2005),Action|Crime|Film-Noir|Mystery|Thriller,401792,187
2872,2.081581662917697,7.08587746999796,4.075014798779889,Excalibur (1981),Adventure|Fantasy,82348,11527
7569,1.2728937735154235,4.338374014271855,4.074653352482903,You Only Live Twice (1967),Action|Adventure|Sci-Fi|Thriller,62512,667
8798,3.502294525492971,12.062320476508113,4.071599957287562,Collateral (2004),Action|Crime|Drama|Thriller,369339,1538
1344,1.3055360327792693,4.498681984931881,4.071454052419808,Cape Fear (1962),Crime|Drama|Thriller,55824,11349
4776,4.26175326654889,14.710024032508544,4.070967608034697,Training Day (2001),Crime|Drama|Thriller,139654,2034
2599,3.1365647249682436,10.837868936050505,4.070657858137783,Election (1999),Comedy,126886,9451
8528,2.930122687424744,10.155392791596032,4.069778711693044,Dodgeball: A True Underdog Story (2004),Comedy,364725,9472
8784,3.3133443333657366,11.511915584198908,4.069068653751677,Garden State (2004),Comedy|Drama|Romance,333766,401
5291,1.3790766531145073,4.807548835092177,4.068106444637992,Rashomon (Rashômon) (1950),Crime|Drama|Mystery,42876,548
89864,1.3955501374614787,4.8665427159464905,4.068014122325378,50/50 (2011),Comedy|Drama,1306980,40807
74458,3.7232113646715863,12.984072850970174,4.068002170960071,Shutter Island (2010),Drama|Mystery|Thriller,1130884,11324
4235,1.5910915346970098,5.564205036940497,4.067201225410027,Amores Perros (Love's a Bitch) (2000),Drama|Thriller,245712,55
3362,2.435159992080137,8.519657320658878,4.067078363113488,Dog Day Afternoon (1975),Crime|Drama,72890,968
1269,1.7848119176298538,6.252358348628804,4.066712146065114,Arsenic and Old Lace (1944),Comedy|Mystery|Thriller,36613,212
8636,5.461688327604051,19.1346817194063,4.066683963431483,Spider-Man 2 (2004),Action|Adventure|Sci-Fi|IMAX,316654,558
3967,2.9430304966098566,10.32393210532004,4.066318729774438,Billy Elliot (2000),Drama,249462,71
428,1.181131702254253,4.148385489549208,4.065970747507449,"Bronx Tale, A (1993)",Drama,106489,1607
3098,2.5504405226844056,8.982747824749346,4.0651765098515735,"Natural, The (1984)",Drama,87781,11393
104879,1.175694689852288,4.163175097520735,4.063653305147827,Prisoners (2013),Drama|Mystery|Thriller,1392214,146233
5630,2.410254605651424,8.553187027904512,4.063046050523856,Red Dragon (2002),Crime|Mystery|Thriller,289765,9533
4034,4.428036925176211,15.778926788437566,4.061879773109233,Traffic (2000),Crime|Drama|Thriller,181865,1900
1292,1.1824284699824683,4.218979882506014,4.061514002827177,Being There (1979),Comedy|Drama,78841,10322
68237,2.884609609553028,10.297148103748398,4.061386723328884,Moon (2009),Drama|Mystery|Sci-Fi|Thriller,1182345,17431
79702,3.034973277515952,10.880141206060534,4.060196103831749,Scott Pilgrim vs. the World (2010),Action|Comedy|Fantasy|Musical|Romance,446029,22538
3114,6.6082706024503235,23.699753299077674,4.060082873921714,Toy Story 2 (1999),Adventure|Animation|Children|Comedy|Fantasy,120363,863
68358,3.858526254954747,13.84767780555885,4.059890652280715,Star Trek (2009),Action|Adventure|Sci-Fi|IMAX,796366,13475
2918,7.669411081719138,27.586597469375903,4.0592622054639325,Ferris Bueller's Day Off (1986),Comedy,91042,9377
64614,3.6118356048199294,13.023344517172346,4.058585466532576,Gran Torino (2008),Crime|Drama,1205489,13223
50872,4.368162213094018,15.804053984462914,4.057645027566558,Ratatouille (2007),Animation|Children|Drama,382932,2062
3535,3.956706477512043,14.387496504758165,4.0562600548204095,American Psycho (2000),Crime|Horror|Mystery|Thriller,144084,1359
4361,1.7538106580003938,6.419015076438794,4.054471103844531,Tootsie (1982),Comedy|Romance,84805,9576
83134,1.097942305246863,4.0202202546832595,4.054354945148937,Tucker & Dale vs Evil (2010),Comedy|Horror,1465522,46838
54001,3.344263321175441,12.285513149195697,4.053461914012112,Harry Potter and the Order of the Phoenix (2007),Adventure|Drama|Fantasy|IMAX,373889,675
34,10.722020539342255,39.41724392845115,4.053263443831615,Babe (1995),Children|Drama,112431,9598
45950,1.2038697289843008,4.466549556129965,4.050780080059676,"Inconvenient Truth, An (2006)",Documentary,497116,1781
30749,3.0586847041673204,11.373640808813919,4.050177468930578,Hotel Rwanda (2004),Drama|War,395169,205
51662,5.623977530562372,20.930080992084086,4.049953081654883,300 (2007),Action|Fantasy|War|IMAX,416449,1271
119145,2.309776492877279,8.63329057179491,4.048792972882249,Kingsman: The Secret Service (2015),Action|Adventure|Comedy|Crime,2802144,207703
97304,1.7403260866189134,6.516565231955014,4.048311827452156,Argo (2012),Drama|Thriller,1024648,68734
1729,3.8244251001757745,14.321777488029458,4.048285627130551,Jackie Brown (1997),Crime|Drama|Thriller,119396,184
111362,2.196310353708761,8.285103788983195,4.046341439353817,X-Men: Days of Future Past (2014),Action|Adventure|Sci-Fi,1877832,127585
431,3.2335664318898307,12.203657650452888,4.046216968063289,Carlito's Way (1993),Crime|Drama,106519,6075
44199,3.5899531103631572,13.560972778785182,4.045976793881077,Inside Man (2006),Crime|Drama|Thriller,454848,388
166528,2.7594763560980327,10.434062491192952,4.045718043387623,Rogue One: A Star Wars Story (2016),Action|Adventure|Fantasy|Sci-Fi,3748528,330459
1663,2.3757152921656486,8.992053732850524,4.04545160494425,Stripes (1981),Comedy|War,83131,10890
4448,1.347084475470775,5.105731232528861,4.0450876660037975,"Score, The (2001)",Action|Drama,227445,11371
8961,7.174219389059196,27.249531260810198,4.044528625129908,"Incredibles, The (2004)",Action|Adventure|Animation|Children|Comedy,317705,9806
116797,2.2144493707867254,8.434866784212545,4.0437851608867525,The Imitation Game (2014),Drama|Thriller|War,2084970,205596
1302,4.622965230474283,17.617197789140643,4.0436620489191455,Field of Dreams (1989),Children|Drama|Fantasy,97351,2323
261,3.5172015418622546,13.404318563000446,4.043643143145489,Little Women (1994),Drama,110367,9587
4848,3.1253379218428177,11.981827236894222,4.042089820105193,Mulholland Drive (2001),Crime|Drama|Film-Noir|Mystery|Thriller,166924,1018
6003,1.1381623299181207,4.367987683460216,4.0418189740515755,Confessions of a Dangerous Mind (2002),Comedy|Crime|Drama|Thriller,290538,4912
534,1.051821534942173,4.040522093433192,4.0415681594609945,Shadowlands (1993),Drama|Romance,108101,10445
7323,1.2518105079790747,4.826771812649207,4.040597302342165,"Good bye, Lenin! (2003)",Comedy|Drama,301357,338
51540,2.8019462996184594,10.809300726467992,4.040466216784617,Zodiac (2007),Crime|Drama|Thriller,443706,1949
2968,2.581780804812597,9.970641656378024,4.040188254412426,Time Bandits (1981),Adventure|Comedy|Fantasy|Sci-Fi,81633,36819
5903,3.511424468532837,13.563945215210193,4.040129268084625,Equilibrium (2002),Action|Sci-Fi|Thriller,238380,7299
5010,4.047694227413655,15.681737017613706,4.039365154255688,Black Hawk Down (2001),Action|Drama|War,265086,855
5060,3.124042380169522,12.13021241178947,4.038792243826744,M*A*S*H (a.k.a. MASH) (1970),Comedy|Drama|War,66026,651
6936,2.446043653771223,9.502236051614425,4.038667662860309,Elf (2003),Children|Comedy|Fantasy,319343,10719
3462,1.139459922757321,4.4275184426633105,4.038608536199199,Modern Times (1936),Comedy|Drama|Romance,27977,3082
7254,3.1423716629567378,12.21739967296348,4.03845460080438,The Butterfly Effect (2004),Drama|Sci-Fi|Thriller,289879,1954
3635,1.4343397116897119,5.584845680926566,4.038077052493363,"Spy Who Loved Me, The (1977)",Action|Adventure|Thriller,76752,691
1120,1.6172317523435866,6.306293390373624,4.037697233864034,"People vs. Larry Flynt, The (1996)",Comedy|Drama,117318,1630
3421,3.7429436441183577,14.601813819605626,4.037584139992843,Animal House (1978),Comedy,77975,8469
11,6.633801656801033,25.885233790684005,4.037527438101064,"American President, The (1995)",Comedy|Drama|Romance,112346,9087
800,1.07870256220296,4.212086596936766,4.037346896699737,Lone Star (1996),Drama|Mystery|Western,116905,26748
52973,3.2461483393543236,12.71755850071688,4.036499314081946,Knocked Up (2007),Comedy|Drama|Romance,478311,4964
2989,1.7441449735613284,6.8345465935277865,4.0364453804832685,For Your Eyes Only (1981),Action|Adventure|Thriller,82398,699
3105,1.9064948202694807,7.4974796962009425,4.035534725432574,Awakenings (1990),Drama|Mystery,99077,11005
152081,1.3437473366906434,5.301103653878504,4.034734400785694,Zootopia (2016),Action|Adventure|Animation|Children|Comedy,2948356,269149
4886,6.623662263430647,26.186015748185866,4.034196537349539,"Monsters, Inc. (2001)",Adventure|Animation|Children|Comedy|Fantasy,198781,585
89492,2.442637683706902,9.693360085115106,4.033240786504153,Moneyball (2011),Drama,1210166,60308
595,10.875394314502561,43.40629653872077,4.031798766680713,Beauty and the Beast (1991),Animation|Children|Fantasy|Musical|Romance|IMAX,101414,10020
58998,2.529841315255848,10.119572913536741,4.0312448453236485,Forgetting Sarah Marshall (2008),Comedy|Romance,800039,9870
952,0.974799350690096,3.906664031223277,4.030772122551895,Around the World in 80 Days (1956),Adventure|Comedy,48960,2897
1748,3.1360571314100385,12.57157787184091,4.030706107572494,Dark City (1998),Adventure|Film-Noir|Sci-Fi|Thriller,118929,2666
164179,1.815194029870486,7.288585620066247,4.030296094186912,Arrival (2016),Sci-Fi,2543164,329865
139385,2.4048745136052023,9.657729958512256,4.030260303138085,The Revenant (2015),Adventure|Drama,1663202,281957
8665,4.60980662443961,18.520952420296684,4.030146831595496,"Bourne Supremacy, The (2004)",Action|Crime|Thriller,372183,2502
2476,1.1565536834344905,4.651765793455057,4.0298767551206005,Heartbreak Ridge (1986),Action|War,91187,10015
1073,7.6036643599746006,30.617677013227784,4.029592292863932,Willy Wonka & the Chocolate Factory (1971),Children|Comedy|Fantasy|Musical,67992,252
6659,0.7258289117765173,2.9299342493346523,4.028978652686554,Tremors (1990),Comedy|Horror|Sci-Fi,100814,9362
1753,0.9400709093186668,3.820347075188451,4.027319439437739,Half Baked (1998),Comedy,120693,9490
5669,3.184781682693706,13.005546907236203,4.026128701413396,Bowling for Columbine (2002),Documentary,310793,1430
2664,1.0561211361657876,4.312846788986957,4.0261279061627535,Invasion of the Body Snatchers (1956),Horror|Sci-Fi|Thriller,49366,11549
497,2.9087621692429124,11.88622040403838,4.02596714520265,Much Ado About Nothing (1993),Comedy|Romance,107616,11971
35836,4.071384093846873,16.818855199365316,4.023322590762772,"40-Year-Old Virgin, The (2005)",Comedy|Romance,405422,6957
3108,2.126785769082467,8.815651096291878,4.022501100412306,"Fisher King, The (1991)",Comedy|Drama|Fantasy|Romance,101889,177
2083,0.965140450687901,4.009798692227228,4.021945427394733,"Muppet Christmas Carol, The (1992)",Children|Comedy|Musical,104940,10437
1298,1.242038870567152,5.16558775775473,4.021694783511379,Pink Floyd: The Wall (1982),Drama|Musical,84503,12104
588,12.541018380044957,52.3680886233307,4.020728248495392,Aladdin (1992),Adventure|Animation|Children|Comedy|Musical,103639,812
2396,5.2777053663401725,22.10033520323025,4.020056564651662,Shakespeare in Love (1998),Comedy|Drama|Romance,138097,1934
920,3.2333664860356035,13.545586130749998,4.019952571902217,Gone with the Wind (1939),Drama|Romance|War,31381,770
91542,3.0908573854951067,12.964136562430042,4.019665966400448,Sherlock Holmes: A Game of Shadows (2011),Action|Adventure|Comedy|Crime|Mystery|Thriller,1515091,58574
4855,1.3769806566168696,5.807835768298446,4.018340109717442,Dirty Harry (1971),Action|Crime|Thriller,66999,984
40278,1.4550908278593635,6.1464698847975425,4.017985983157153,Jarhead (2005),Action|Drama|War,418763,25
158238,1.1524650399019483,4.869323315909941,4.017928636527948,The Nice Guys (2016),Crime|Mystery|Thriller,3799694,290250
6874,7.117065939028915,30.129803774932746,4.017463476728205,Kill Bill: Vol. 1 (2003),Action|Crime|Thriller,266697,24
2140,1.732850807417164,7.349399329118238,4.0170312515058715,"Dark Crystal, The (1982)",Adventure|Fantasy,83791,11639
58,2.0780964119575938,8.821894116609005,4.016811224032822,"Postman, The (Postino, Il) (1994)",Comedy|Drama|Romance,110877,11010
562,0.8621260303370635,3.661055879683731,4.016735560227499,Welcome to the Dollhouse (1995),Comedy|Drama,114906,11446
4239,3.0354935844893878,12.9594985237488,4.01547922921728,Blow (2001),Crime|Drama,221027,4133
2391,1.3987938140596752,5.975173885114422,4.015350899296588,"Simple Plan, A (1998)",Crime|Drama|Thriller,120324,10223
1356,5.512167627967048,23.548339582523443,4.015328813691778,Star Trek: First Contact (1996),Action|Adventure|Sci-Fi|Thriller,117731,199
1220,4.338201100252591,18.5550479475523,4.015051652181837,"Blues Brothers, The (1980)",Action|Comedy|Musical,80455,525
7387,0.9010008153817131,3.873229773381738,4.013872549003205,Dawn of the Dead (1978),Action|Drama|Horror,77402,923
4979,3.2787618417705833,14.158734219339683,4.012821661661704,"Royal Tenenbaums, The (2001)",Comedy|Drama,265666,9428
48304,1.1913799015317126,5.1764401140849525,4.011404245991518,Apocalypto (2006),Adventure|Drama|Thriller,472043,1579
2403,2.4620464981607206,10.73644750434748,4.010566658778158,First Blood (Rambo: First Blood) (1982),Action|Adventure|Drama|Thriller,83944,1368
37729,2.3473728516971004,10.24687028252156,4.010331910660974,Corpse Bride (2005),Animation|Comedy|Fantasy|Musical|Romance,121164,3933
56757,1.4282724011335917,6.319994745777393,4.007242620657675,Sweeney Todd: The Demon Barber of Fleet Street (2007),Drama|Horror|Musical|Thriller,408236,13885
25,4.956083109844902,21.956359806843825,4.006974251548102,Leaving Las Vegas (1995),Drama|Romance,113627,451
7438,5.582099534419642,24.731174961127785,4.006961043550599,Kill Bill: Vol. 2 (2004),Action|Drama|Thriller,378194,393
3911,2.7707397786980623,12.308844666017844,4.006351512674539,Best in Show (2000),Comedy,218839,13785
553,4.828925835342127,21.46391360193187,4.006228803955337,Tombstone (1993),Action|Drama|Western,108358,11969
97752,1.0602392836363035,4.729530663906569,4.005424264806709,Cloud Atlas (2012),Drama|Sci-Fi|IMAX,1371111,83542
3267,0.9725263956436955,4.345429715969396,4.005054372733334,"Mariachi, El (1992)",Action|Crime|Thriller|Western,104815,9367
838,1.4476270729782401,6.489986775301134,4.004305439100742,Emma (1996),Comedy|Drama|Romance,116191,3573
98809,2.060071510043466,9.255127648560565,4.003837020480138,"Hobbit: An Unexpected Journey, The (2012)",Adventure|Fantasy|IMAX,903624,49051
671,1.847908102894348,8.321071825252215,4.003325703662447,Mystery Science Theater 3000: The Movie (1996),Comedy|Sci-Fi,117128,3065
3186,1.366247207751876,6.190593697064841,4.001947247131953,"Girl, Interrupted (1999)",Drama,172493,3558
2139,0.8940368957232554,4.054765565990264,4.00174034911703,"Secret of NIMH, The (1982)",Adventure|Animation|Children|Drama,84649,11704
5445,6.083812425047865,27.6947675707395,4.000923705144286,Minority Report (2002),Action|Crime|Mystery|Sci-Fi|Thriller,181689,180
281,1.246839650535486,5.683144334519423,4.000642533033105,Nobody's Fool (1994),Comedy|Drama|Romance,110684,11593
3159,0.9557623362722277,4.3767520808685685,3.999622459815018,Fantasia 2000 (1999),Animation|Children|Musical|IMAX,120910,49948
52604,1.0806039826437368,4.961762484269985,3.9990362741885055,Fracture (2007),Crime|Drama|Mystery|Thriller,488120,6145
104211,0.9850946143217402,4.5270569035881145,3.998851505282484,We're the Millers (2013),Comedy|Crime,1723121,138832
64839,2.271721942684256,10.447466812822762,3.998692349034667,"Wrestler, The (2008)",Drama,1125849,12163
47099,2.3093766991028497,10.66269136484174,3.99783476303017,"Pursuit of Happyness, The (2006)",Drama,454921,1402
8949,1.979555707855937,9.179212547266946,3.996906352002546,Sideways (2004),Comedy|Drama|Romance,375063,9675
1994,2.628879193555168,12.237429058151964,3.996072816642285,Poltergeist (1982),Horror|Thriller,84516,609
2420,2.3979973583312693,11.181687502567966,3.995707535441141,"Karate Kid, The (1984)",Drama,87538,1885
1253,1.3904584369504667,6.564118013301728,3.993077121679665,"Day the Earth Stood Still, The (1951)",Drama|Sci-Fi|Thriller,43456,828
2795,1.822155485122103,8.656975194726332,3.9917340586522725,National Lampoon's Vacation (1983),Comedy,85995,11153
2991,1.365875743002331,6.497360402218334,3.9914700660311113,Live and Let Die (1973),Action|Adventure|Thriller,70328,253
161,8.302322141873018,39.79273978039482,3.989889113040523,Crimson Tide (1995),Drama|Thriller|War,112740,8963
3555,1.71060088774774,8.202142533404867,3.9898053466335934,U-571 (2000),Action|Thriller|War,141926,3536
6333,3.7530942323427112,18.108659100597922,3.988504109994521,X2: X-Men United (2003),Action|Adventure|Sci-Fi|Thriller,290334,36658
799,1.0294829207390803,4.991124533494027,3.987512678393984,"Frighteners, The (1996)",Comedy|Horror|Thriller,116365,10779
97938,1.853225341875974,8.994481139904593,3.987290249238366,Life of Pi (2012),Adventure|Drama|IMAX,454876,87827
48394,3.6414426810856213,17.72993429281005,3.9866338675069684,"Pan's Labyrinth (Laberinto del fauno, El) (2006)",Drama|Fantasy|Thriller,457430,1417
69,1.1493843353740048,5.617646488163954,3.985852431497471,Friday (1995),Comedy,113118,10634
6796,0.952965910680047,4.665484872951167,3.9855086638628583,Boyz N the Hood (1991),Crime|Drama,101507,650
72011,2.1500399700231387,10.546541556775185,3.9851120674452156,Up in the Air (2009),Drama|Romance,1193138,22947
6385,0.8954933413263851,4.4080960240413845,3.9843973754870734,Whale Rider (2002),Drama,298228,1088
89745,3.3114512412509884,16.34155009313359,3.983889958861824,"Avengers, The (2012)",Action|Adventure|Sci-Fi|IMAX,848228,24428
111781,1.0996942077834129,5.440704187569166,3.9833734692693836,Mission: Impossible - Rogue Nation (2015),Action|Adventure|Thriller,2381249,177677
4489,1.583113038696567,7.853114311149692,3.9828404486272975,Coming to America (1988),Comedy|Romance,94898,9602
1500,2.8760997204723937,14.282293340781267,3.982625188877046,Grosse Pointe Blank (1997),Comedy|Crime|Romance,119229,9434
87232,2.2805580000053984,11.325711163179074,3.9826111124093106,X-Men: First Class (2011),Action|Adventure|Sci-Fi|Thriller|War,1270798,49538
3793,6.071271926579519,30.357579138287555,3.981241959139138,X-Men (2000),Action|Adventure|Sci-Fi,120903,36657
5971,1.9991326944426613,10.031285660218646,3.9805397583488147,My Neighbor Totoro (Tonari no Totoro) (1988),Animation|Children|Drama|Fantasy,96283,8392
88129,1.9513370584392038,9.859901094645812,3.9791563321023067,Drive (2011),Crime|Drama|Film-Noir|Thriller,780504,64690
6539,6.402893181007657,32.45516000313247,3.978534283396088,Pirates of the Caribbean: The Curse of the Black Pearl (2003),Action|Adventure|Comedy|Fantasy,325980,22
4874,1.6296428349130327,8.267762678054437,3.9783580570721537,K-PAX (2001),Drama|Fantasy|Mystery|Sci-Fi,272152,167
1466,2.882246652810982,14.762497483618786,3.976491114233425,Donnie Brasco (1997),Crime|Drama,119008,9366
2600,1.235957320034896,6.3404104597637865,3.976183298552984,eXistenZ (1999),Action|Sci-Fi|Thriller,120907,1946
1293,1.3769635941297338,7.094949295777335,3.9753265666743647,Gandhi (1982),Drama,83987,783
69757,1.9613137909985179,10.135706404846974,3.974755367968752,(500) Days of Summer (2009),Comedy|Drama|Romance,1022603,19913
115713,1.3535063030645418,7.001608497187856,3.974563595053847,Ex Machina (2015),Drama|Sci-Fi|Thriller,470752,264660
27831,0.8994378780236719,4.665241859444446,3.9740455103565133,Layer Cake (2004),Crime|Drama|Thriller,375912,4836
5782,0.7291727909718984,3.796372424668931,3.9733208817087684,"Professional, The (Le professionnel) (1981)",Action|Drama|Thriller,82949,1672
7347,0.6084784515538844,3.181593870755129,3.972499507329469,Secret Window (2004),Mystery|Thriller,363988,1586
594,3.9304021379066976,20.717669619442535,3.9709625507062656,Snow White and the Seven Dwarfs (1937),Animation|Children|Drama|Fantasy|Musical,29583,408
3255,2.1977690259236042,11.628456038935646,3.9702491955566246,"League of Their Own, A (1992)",Comedy|Drama,104694,11287
64969,1.0769266327391842,5.712878402616512,3.9697585535406104,Yes Man (2008),Comedy,1068680,10201
2467,0.7554151699668653,4.038903852216948,3.9682846536022556,"Name of the Rose, The (Name der Rose, Der) (1986)",Crime|Drama|Mystery|Thriller,91605,192
54286,3.3468381822404436,17.937756788552097,3.967830631854467,"Bourne Ultimatum, The (2007)",Action|Crime|Thriller,440963,2503
33162,0.9671954429314997,5.191028008725237,3.9675705621285893,Kingdom of Heaven (2005),Action|Drama|Romance|War,320661,1495
1965,0.7942453789371275,4.2893652831207945,3.9664161356276764,Repo Man (1984),Comedy|Sci-Fi,87995,13820
2076,1.4842346548622705,8.050028858180852,3.9656262918908824,Blue Velvet (1986),Drama|Mystery|Thriller,90756,793
69122,3.3735487831647433,18.36101029310583,3.9649843667683182,"Hangover, The (2009)",Comedy|Crime,1119646,18785
2973,0.5788549783227994,3.153114958125636,3.9648318872538066,Crimes and Misdemeanors (1989),Comedy|Crime|Drama,97123,11562
2395,2.2249847462766015,12.130069431960395,3.9646771910255523,Rushmore (1998),Comedy|Drama,128445,11545
1476,1.4061536236827548,7.67696718698791,3.9644152273961635,Private Parts (1997),Comedy|Drama,119951,9403
51935,1.2158036260830565,6.6794860971747525,3.9632705067238336,Shooter (2007),Action|Drama|Thriller,822854,7485
88744,1.6779356289204979,9.237031394621042,3.962903106456312,Rise of the Planet of the Apes (2011),Action|Drama|Sci-Fi|Thriller,1318514,61791
26776,0.556043502219995,3.0775368752981356,3.961928037038335,Porco Rosso (Crimson Pig) (Kurenai no buta) (1992),Adventure|Animation|Comedy|Fantasy|Romance,104652,11621
2700,3.282520884465392,18.18934748666045,3.961713906493006,"South Park: Bigger, Longer and Uncut (1999)",Animation|Comedy|Musical,158983,9473
6947,1.84206646422138,10.208952833523199,3.9616863595192857,Master and Commander: The Far Side of the World (2003),Adventure|Drama|War,311113,8619
247,0.8415985082840369,4.700867716781949,3.960280421606874,Heavenly Creatures (1994),Crime|Drama,110005,1024
3984,1.1771075061934568,6.592889551714792,3.959791945594303,Diamonds Are Forever (1971),Action|Adventure|Thriller,66995,681
362,1.563078672236582,8.80136963143268,3.958844915348105,"Jungle Book, The (1994)",Adventure|Children|Romance,110213,10714
1275,2.4436878024142636,13.767939530583812,3.958741164854025,Highlander (1986),Action|Adventure|Fantasy,91203,8009
96079,2.122293319340839,11.971018297827511,3.9585359325125298,Skyfall (2012),Action|Adventure|Thriller|IMAX,1074638,37724
1343,1.2996724614336501,7.341601130532006,3.9582784521451546,Cape Fear (1991),Thriller,101540,1598
555,3.3141981600399326,18.738748822644997,3.958113354888001,True Romance (1993),Crime|Thriller,108399,319
70286,2.9081392174984897,16.450236144186235,3.958034030042161,District 9 (2009),Mystery|Sci-Fi|Thriller,1136608,17654
81834,1.8270249048868075,10.34785922516307,3.957810647818184,Harry Potter and the Deathly Hallows: Part 1 (2010),Action|Adventure|Fantasy|IMAX,926084,12444
47610,2.122123585666178,12.12522683528365,3.9562672132428665,"Illusionist, The (2006)",Drama|Fantasy|Mystery|Romance,443543,1491
53996,1.8906070343035546,10.805934354017868,3.9562100541151293,Transformers (2007),Action|Sci-Fi|Thriller|IMAX,418279,1858
45186,1.384085600270973,7.924058710870981,3.9559187494507584,Mission: Impossible III (2006),Action|Adventure|Thriller,317919,956
4016,1.2944935774466506,7.503205082543007,3.953775392906164,"Emperor's New Groove, The (2000)",Adventure|Animation|Children|Comedy|Fantasy,120917,11688
1127,3.2230540754398262,18.814233402698832,3.9525593398569274,"Abyss, The (1989)",Action|Adventure|Sci-Fi|Thriller,96754,2756
30822,0.6239903907868487,3.6467769537043626,3.952357316844725,In Good Company (2004),Comedy|Drama,385267,1901
3527,3.4672440637395363,20.478225123677245,3.9505636916644677,Predator (1987),Action|Sci-Fi|Thriller,93773,106
115210,0.765824573037637,4.543829134728009,3.9497916378540476,Fury (2014),Action|Drama|War,2713180,228150
39183,1.2680278142618957,7.564690624611684,3.9488745215517276,Brokeback Mountain (2005),Drama|Romance,388795,142
49530,2.569614586416794,15.415618888636024,3.9479390209397964,Blood Diamond (2006),Action|Adventure|Crime|Drama|Thriller|War,450259,1372
147,0.8320575915856199,4.993464853380059,3.947879274339065,"Basketball Diaries, The (1995)",Drama,112461,10474
2186,0.9415190958721229,5.6768606667729475,3.9471020413458193,Strangers on a Train (1951),Crime|Drama|Film-Noir|Thriller,44079,845
90866,0.7638847081610898,4.631598338102226,3.9461789267914282,Hugo (2011),Children|Drama|Mystery,970179,44826
52281,0.922640889157865,5.602400251758946,3.9459366848154067,Grindhouse (2007),Action|Crime|Horror|Sci-Fi|Thriller,462322,253768
538,0.7410716032128742,4.521946232059547,3.9451332930112164,Six Degrees of Separation (1993),Drama,108149,23210
59315,3.7911679861735488,23.201882557279745,3.9446491471776026,Iron Man (2008),Action|Adventure|Sci-Fi,371746,1726
2291,3.040085947283511,18.891102576760478,3.942176858239419,Edward Scissorhands (1990),Drama|Fantasy|Romance,99487,162
1297,0.9441118453047305,5.894464586715365,3.9414192013322666,Real Genius (1985),Comedy,89886,14370
54259,1.379050962557753,8.62129510606708,3.9412086588363753,Stardust (2007),Adventure|Comedy|Fantasy|Romance,486655,2270
8873,1.2656637018100907,7.913189901691661,3.941193531949864,"Motorcycle Diaries, The (Diarios de motocicleta) (2004)",Adventure|Drama,318462,1653
29,1.1951823430533768,7.507366232918276,3.9404512627026884,"City of Lost Children, The (Cité des enfants perdus, La) (1995)",Adventure|Drama|Fantasy|Mystery|Sci-Fi,112682,902
2912,0.61288561700908,3.849810755595882,3.9404488533252886,"Limey, The (1999)",Crime|Drama|Thriller,165854,10388
348,1.2278841885846035,7.714610935534762,3.9404134419002683,Bullets Over Broadway (1994),Comedy,109348,11382
543,1.3601590488429338,8.680615975396606,3.937939213761881,So I Married an Axe Murderer (1993),Comedy|Romance|Thriller,108174,10442
1372,1.4742031858287175,9.43526208411926,3.9374939936953095,Star Trek VI: The Undiscovered Country (1991),Action|Mystery|Sci-Fi,102975,174
53519,0.7217759390751742,4.62485754268195,3.937314435790639,Death Proof (2007),Action|Adventure|Crime|Horror|Thriller,1028528,1991
235,2.703376837949268,17.445687054642406,3.93620959972928,Ed Wood (1994),Comedy|Drama,109707,522
4896,3.748493464466861,24.27038921725987,3.9356971856822938,Harry Potter and the Sorcerer's Stone (a.k.a. Harry Potter and the Philosopher's Stone) (2001),Adventure|Children|Fantasy,241527,671
1339,1.0741884323515682,7.0129411394553305,3.9344222935953095,Dracula (Bram Stoker's Dracula) (1992),Fantasy|Horror|Romance|Thriller,103874,6114
2841,0.7703986685246158,5.053444489656071,3.93370017881395,Stir of Echoes (1999),Horror|Mystery|Thriller,164181,11601
6870,2.1983177978666353,14.49017492375771,3.93296091154679,Mystic River (2003),Crime|Drama|Mystery,327056,322
524,1.609474755765465,10.609265316851802,3.9329546238352004,Rudy (1993),Drama,108002,14534
342,1.17439643523339,7.749842438669416,3.932788085191954,Muriel's Wedding (1994),Comedy,110598,236
4623,0.9475937997508972,6.280043110145573,3.9321396726091518,Major League (1989),Comedy,97815,9942
1429,0.7094410430552045,4.704537396973166,3.9320492885150324,First Strike (Police Story 4: First Strike) (Ging chaat goo si 4: Ji gaan daan yam mo) (1996),Action|Adventure|Comedy|Thriller,116704,9404
991,0.576033754185106,3.8389946452874293,3.9312980353220035,Michael Collins (1996),Drama,117039,1770
3300,1.5112936212688193,10.08186531708839,3.9311521682827943,Pitch Black (2000),Horror|Sci-Fi|Thriller,134847,2787
3396,1.0739525406643897,7.165531640023621,3.9311275589501538,"Muppet Movie, The (1979)",Adventure|Children|Comedy|Musical,79588,11176
1639,1.8214038404811401,12.232458517188016,3.930149233054633,Chasing Amy (1997),Comedy|Drama|Romance,118842,2255
104841,1.3456025010973078,9.073829347852023,3.9295448710205765,Gravity (2013),Action|Sci-Fi|IMAX,1454468,49047
108932,0.9730334992183161,6.568314619350934,3.929390490744942,The Lego Movie (2014),Action|Adventure|Animation|Children|Comedy|Fantasy,1490017,137106
2005,1.9339000706176388,13.056914159105899,3.929363091572701,"Goonies, The (1985)",Action|Adventure|Children|Comedy|Fantasy,89218,9340
81591,1.4614563474827333,9.933161874401776,3.928379002711611,Black Swan (2010),Drama|Thriller,947798,44214
3072,0.8265973093788785,5.620714151853909,3.9283126578730356,Moonstruck (1987),Comedy|Romance,93565,2039
3386,1.1692773850694278,7.967986240392792,3.9279968947668378,JFK (1991),Drama|Mystery|Thriller,102138,820
81932,0.9220545567053838,6.285849457325831,3.927937319872648,"Fighter, The (2010)",Drama,964517,45317
81562,0.8117170649553792,5.566360765103063,3.9270754240757832,127 Hours (2010),Adventure|Drama|Thriller,1542344,44115
45720,1.0493502949829667,7.228524226423051,3.92641796471114,"Devil Wears Prada, The (2006)",Comedy|Drama,458352,350
2109,0.9553546118301393,6.623070633816064,3.925496456123514,"Jerk, The (1979)",Comedy,79367,6471
2278,1.9316048890810593,13.40220841536996,3.925375854865829,Ronin (1998),Action|Crime|Thriller,122690,8195
2949,1.395272609014673,9.695204319087035,3.925163673108891,Dr. No (1962),Action|Adventure|Thriller,55928,646
4008,0.6333419836667314,4.414565947439266,3.924716390068931,Born on the Fourth of July (1989),Drama|War,96969,2604
4571,1.5434760520738924,10.834659039611775,3.923707266442224,Bill & Ted's Excellent Adventure (1989),Adventure|Comedy|Sci-Fi,96928,1648
135143,0.6906996316092158,4.8636472709635985,3.923262660687812,Fantastic Beasts and Where to Find Them (2016),Fantasy,3183660,259316
40815,2.3446394025771333,16.513199444092205,3.9232357652982075,Harry Potter and the Goblet of Fire (2005),Adventure|Fantasy|Thriller|IMAX,330373,674
2115,4.43639980741203,31.255471848940438,3.923189935730725,Indiana Jones and the Temple of Doom (1984),Action|Adventure|Fantasy,87469,87
6378,2.1155313262716984,15.129903889303934,3.9210744960394477,"Italian Job, The (2003)",Action|Crime,317740,9654
3052,2.70541440615182,19.37897279503313,3.9208556589356256,Dogma (1999),Adventure|Comedy|Fantasy,120655,1832
3210,1.3233287957915543,9.537374813166643,3.9200018770063205,Fast Times at Ridgemont High (1982),Comedy|Drama|Romance,83929,13342
1025,0.8755508286556749,6.312145511414743,3.919958888818146,"Sword in the Stone, The (1963)",Animation|Children|Fantasy|Musical,57546,9078
54272,1.3601336574651275,9.810219287395613,3.919894558187206,"Simpsons Movie, The (2007)",Animation|Comedy,462538,35
1093,1.1214053058996185,8.107815831548962,3.9195616231161057,"Doors, The (1991)",Drama,101761,10537
14,0.6745882442918028,4.915400404402286,3.918489706138269,Nixon (1995),Drama,113987,10858
2916,3.6551942439394147,26.79416619685813,3.9176675350957733,Total Recall (1990),Action|Adventure|Sci-Fi|Thriller,100802,861
1393,3.335641587459009,24.49942148475084,3.917401845601063,Jerry Maguire (1996),Drama|Romance,116695,9390
2987,3.124827761103919,22.95678654969214,3.917367815018322,Who Framed Roger Rabbit? (1988),Adventure|Animation|Children|Comedy|Crime|Fantasy|Mystery,96438,856
50068,0.6447560116490669,4.76803437068932,3.916474670440281,Letters from Iwo Jima (2006),Drama|War,498380,1251
2125,0.5935398810602538,4.419031791825057,3.9155644323704197,Ever After: A Cinderella Story (1998),Comedy|Drama|Romance,120631,9454
2423,1.1182910957230607,8.388974413987139,3.9145548483916768,Christmas Vacation (National Lampoon's Christmas Vacation) (1989),Comedy,97958,5825
41,0.492143837515413,3.6984990585905466,3.9143157914611373,Richard III (1995),Drama|War,114279,31174
63131,0.7250849785607402,5.461134726733944,3.9140218289459874,Role Models (2008),Comedy,430922,15373
1095,0.6099604525681032,4.6209252443453295,3.913249607938888,Glengarry Glen Ross (1992),Drama,104348,9504
2144,1.4227801512906812,10.79161241008267,3.913091282413005,Sixteen Candles (1984),Comedy|Romance,88128,15144
2908,1.0901782370702156,8.300287870965716,3.9125922043519044,Boys Don't Cry (1999),Drama,171804,226
87869,0.7239258507323656,5.536431003214668,3.9120067491684223,Horrible Bosses (2011),Comedy|Crime,1499658,51540
2003,1.3597250102340117,10.43659941192332,3.911534283824893,Gremlins (1984),Comedy|Horror,87363,927
5464,1.6833919254382137,12.9246681038638,3.9114964234798064,Road to Perdition (2002),Crime|Drama,257044,4147
805,1.6754692938878153,12.979581870164912,3.910334987603036,"Time to Kill, A (1996)",Drama|Thriller,117913,1645
4308,1.7914978649249336,13.98149723907948,3.909383468551857,Moulin Rouge (2001),Drama|Musical|Romance,203009,824
17,2.158674134520014,16.853130922739155,3.9093374168917774,Sense and Sensibility (1995),Drama|Romance,114388,4584
1960,0.8971466355504667,7.034110623028873,3.9087922801954567,"Last Emperor, The (1987)",Drama,93389,746
2193,1.4129143641038464,11.082923848566224,3.908735693840704,Willow (1988),Action|Adventure|Fantasy,96446,847
1129,1.2790109564955827,10.17545405157239,3.9069457010780506,Escape from New York (1981),Action|Adventure|Sci-Fi|Thriller,82340,1103
110102,0.9856024404452016,7.851167529930382,3.906785764095226,Captain America: The Winter Soldier (2014),Action|Adventure|Sci-Fi|IMAX,1843866,100402
112623,0.5334156699674195,4.348891109678473,3.9039055307684687,Dawn of the Planet of the Apes (2014),Sci-Fi,2103281,119450
96610,1.0261660261998895,8.490307972823954,3.9021132135160776,Looper (2012),Action|Crime|Sci-Fi,1276104,59967
5218,2.379272665355444,19.80930805662171,3.901358816443556,Ice Age (2002),Adventure|Animation|Children|Comedy,268380,425
3039,1.2019270737183458,10.052976520651193,3.900809311780943,Trading Places (1983),Comedy,86465,1621
7360,0.5444139341184693,4.579011957274991,3.9001432940784806,Dawn of the Dead (2004),Action|Drama|Horror|Thriller,363547,924
1022,1.3585406680011858,11.437864315824521,3.9000257182384037,Cinderella (1950),Animation|Children|Fantasy|Musical|Romance,42332,11224
102445,0.7646321652019683,6.454011425931123,3.899723922072075,Star Trek Into Darkness (2013),Action|Adventure|Sci-Fi|IMAX,1408101,54138
55269,0.6839620675758885,5.794747924754558,3.8992813550176564,"Darjeeling Limited, The (2007)",Adventure|Comedy|Drama,838221,4538
5267,0.4914503105834069,4.182490296415069,3.8987518130951386,"Rookie, The (2002)",Drama,265662,14635
3969,0.7616060344380176,6.511790669454941,3.898207985313091,Pay It Forward (2000),Drama,223897,10647
272,0.9796196524921432,8.55009604998453,3.8958240974359954,"Madness of King George, The (1994)",Comedy|Drama,110428,11318
454,4.132946525098905,36.22537946756459,3.8953398031091613,"Firm, The (1993)",Drama|Thriller,106918,37233
52,0.8608562488196643,7.54751739026296,3.89530818499631,Mighty Aphrodite (1995),Comedy|Drama|Romance,113819,11448
105844,0.4888946009328551,4.346069637294058,3.893741176912221,12 Years a Slave (2013),Drama,2024544,76203
1183,1.5449036711443382,13.790466230005121,3.893276927396844,"English Patient, The (1996)",Drama|Romance|War,116209,409
122920,0.7254559146349377,6.506429568786927,3.892748294950713,Captain America: Civil War (2016),Action|Sci-Fi|Thriller,3498820,271110
2671,1.3749447467456406,12.435938208744274,3.891812195879733,Notting Hill (1999),Comedy|Romance,125439,509
4022,2.889076389527959,26.205781288229854,3.8914957601819262,Cast Away (2000),Drama,162222,8358
1376,1.2901510912156038,11.709247810485394,3.8914322253584963,Star Trek IV: The Voyage Home (1986),Adventure|Comedy|Sci-Fi,92007,168
86882,0.7495349567803709,6.8128477990650715,3.8912678469956985,Midnight in Paris (2011),Comedy|Fantasy|Romance,1605783,59436
38038,0.8787401368718446,8.041304763529741,3.8905282892123383,Wallace & Gromit in The Curse of the Were-Rabbit (2005),Adventure|Animation|Children|Comedy,312004,533
1271,0.9297623886985469,8.567675501098682,3.8897697822979564,Fried Green Tomatoes (1991),Comedy|Crime|Drama,101921,1633
102903,0.6607315471688546,6.096369662274088,3.889631130966598,Now You See Me (2013),Crime|Mystery|Thriller,1670345,75656
224,1.439058171643887,13.283400232587322,3.8895850676868466,Don Juan DeMarco (1995),Comedy|Drama|Romance,112883,1909
539,3.5142307914999527,32.50428346009446,3.889365925327148,Sleepless in Seattle (1993),Comedy|Drama|Romance,108160,858
6296,0.4428410468783447,4.106298594295506,3.889094310116471,"Mighty Wind, A (2003)",Comedy|Musical,310281,13370
1641,1.6311980785355873,15.136869897011778,3.889013228584952,"Full Monty, The (1997)",Comedy|Drama,119164,9427
491,0.6623913323211438,6.224888514571423,3.887660134793653,"Man Without a Face, The (1993)",Drama,107501,10502
116823,0.798537090958846,7.524701093003082,3.887372087105797,The Hunger Games: Mockingjay - Part 1 (2014),Adventure|Sci-Fi|Thriller,1951265,131631
616,1.0874831207807365,10.253708028376186,3.8873075366212584,"Aristocats, The (1970)",Animation|Children,65421,10112
2413,0.4029018384422017,3.8466349684786154,3.8859913484779414,Clue (1985),Comedy|Crime|Mystery|Thriller,88930,15196
1285,1.152416136350043,11.035866381040567,3.8856746090098793,Heathers (1989),Comedy,97493,2640
2915,0.8623587318218652,8.332021454494456,3.8847493288282235,Risky Business (1983),Comedy,86200,9346
2010,0.5530844153679275,5.404007369701178,3.883597068607244,Metropolis (1927),Drama|Sci-Fi,17136,19
4128,0.7114356947014125,7.001661418697158,3.8828595395861423,"Lost Boys, The (1987)",Comedy|Horror|Thriller,93437,1547
2890,1.2615146336018634,12.45202501779779,3.8825599901814187,Three Kings (1999),Action|Adventure|Comedy|Drama|War,120188,6415
6708,0.9944288790240216,9.847329192185903,3.8822346181265583,Matchstick Men (2003),Comedy|Crime|Drama,325805,7270
2117,0.37130408859204145,3.7321222078959675,3.8807387006427017,1984 (Nineteen Eighty-Four) (1984),Drama|Sci-Fi,87803,9314
76251,1.1731832975115695,11.804516107771178,3.8806342684796684,Kick-Ass (2010),Action|Comedy,1250777,23483
610,0.8826205858685336,8.88493343167143,3.8805890094948055,Heavy Metal (1981),Action|Adventure|Animation|Horror|Sci-Fi,82509,11827
1125,0.4700467093854764,4.7576575903918,3.880047906670888,"Return of the Pink Panther, The (1975)",Comedy|Crime,72081,11843
1527,3.1341996974237336,31.788712671671394,3.8798447317590514,"Fifth Element, The (1997)",Action|Adventure|Comedy|Sci-Fi,119116,18
4327,0.4769206321052238,4.86183144523458,3.8793448310081495,"Magnificent Seven, The (1960)",Adventure|Western,54047,966
79091,0.7601932495886632,7.879617197932205,3.877725899021117,Despicable Me (2010),Animation|Children|Comedy|Crime,1323594,20352
2087,1.0929660181787586,11.33655713896583,3.877660745199818,Peter Pan (1953),Animation|Children|Fantasy|Musical,46183,10693
40583,0.49780385093865154,5.182804934251187,3.8772991010571816,Syriana (2005),Drama|Thriller,365737,231
6188,0.8551709472271294,8.922672177989426,3.877092460008137,Old School (2003),Comedy,302886,11635
5956,1.571325816291454,16.39793979739043,3.877074581617072,Gangs of New York (2002),Crime|Drama,217505,3131
471,0.8555912959177012,8.961536371557003,3.8767237184529586,"Hudsucker Proxy, The (1994)",Comedy,110074,11934
5528,0.3925850655172351,4.150342089791178,3.8758409909190155,One Hour Photo (2002),Drama|Thriller,265459,9357
1019,0.4054997169403156,4.29765317125866,3.8756037336373335,"20,000 Leagues Under the Sea (1954)",Adventure|Drama|Sci-Fi,46672,173
40629,0.4656373841838305,4.954239934699099,3.8752376340939625,Pride & Prejudice (2005),Drama|Romance,414387,4348
2289,0.6774307900302406,7.236873538539545,3.8748581987358803,"Player, The (1992)",Comedy|Crime|Drama,105151,10403
515,0.6996139763773627,7.481950479465359,3.874756884974795,"Remains of the Day, The (1993)",Drama|Romance,107943,1245
3868,0.941666198119878,10.110917689198965,3.8743835941931586,"Naked Gun: From the Files of Police Squad!, The (1988)",Action|Comedy|Crime|Romance,95705,37136
41285,0.39735660137246404,4.274494977144219,3.8742098725784593,Match Point (2005),Crime|Drama|Romance,416320,116
128360,0.49901284938811785,5.41740474256002,3.873362880796022,The Hateful Eight (2015),Western,3460252,273248
2359,0.46930431556293345,5.181275837933487,3.8718269620582775,Waking Ned Devine (a.k.a. Waking Ned) (1998),Comedy,166396,10162
36529,0.8837833494300675,9.835854556718939,3.8711032257141933,Lord of War (2005),Action|Crime|Drama|Thriller|War,399295,1830
7445,0.8338459725002753,9.38784093044833,3.8700719016338354,Man on Fire (2004),Action|Crime|Drama|Mystery|Thriller,328107,9509
27904,0.42232423496490745,4.763723251306103,3.86990421520759,"Scanner Darkly, A (2006)",Animation|Drama|Mystery|Sci-Fi|Thriller,405296,3509
1799,0.3338296857807777,3.771619893971574,3.8697609334064724,Suicide Kings (1997),Comedy|Crime|Drama|Mystery|Thriller,120241,10668
26,0.2925530036737061,3.347192006367212,3.8686524901214825,Othello (1995),Drama,114057,16420
1619,0.32870726268494893,3.764428248051427,3.868569282957728,Seven Years in Tibet (1997),Adventure|Drama|War,120102,978
4321,0.8242011811906917,9.439253596432641,3.868566341854174,City Slickers (1991),Comedy|Western,101587,1406
1333,0.9388297561254776,10.898258925368134,3.8673949224513486,"Birds, The (1963)",Horror|Thriller,56869,571
4105,0.4782653436900453,5.594410902218088,3.8667398337929715,"Evil Dead, The (1981)",Fantasy|Horror|Thriller,83907,764
1032,0.8555509845741236,10.18902519448683,3.8652178854724166,Alice in Wonderland (1951),Adventure|Animation|Children|Fantasy|Musical,43274,12092
8983,0.6485750744464508,7.806900539829587,3.864327142850787,House of Flying Daggers (Shi mian mai fu) (2004),Action|Drama|Romance,385004,9550
122904,0.9294990796456215,11.24001135201349,3.8639455567783796,Deadpool (2016),Action|Adventure|Comedy|Sci-Fi,1431045,293660
1912,0.7083471331828232,8.573460064560777,3.8638709074548485,Out of Sight (1998),Comedy|Crime|Drama|Romance|Thriller,120780,1389
440,2.1823818612265913,26.49282005972297,3.863626348532564,Dave (1993),Comedy|Romance,106673,11566
55276,0.453138397728376,5.5034283638425965,3.863587460476096,Michael Clayton (2007),Drama|Thriller,465538,4566
4641,0.6256051869384088,7.677520453941617,3.8627353062529997,Ghost World (2001),Comedy|Drama,162346,1548
1589,0.3974756895619472,4.879762752841371,3.8627038796740942,Cop Land (1997),Action|Crime|Drama|Thriller,118887,2142
2993,0.6160295088739824,7.585875857388773,3.86245742274823,Thunderball (1965),Action|Adventure|Thriller,59800,660
1179,0.6639969390754907,8.213210528230116,3.8620949821112274,"Grifters, The (1990)",Crime|Drama|Film-Noir,99703,18129
135569,0.38531078833016735,4.853128007225893,3.860644301646726,Star Trek Beyond (2016),Action|Adventure|Sci-Fi,2660888,188927
2640,1.415488067785701,18.13910575688245,3.8592851583326246,Superman (1978),Action|Adventure|Sci-Fi,78346,1924
7346,0.3624008509430674,4.646423712436893,3.8592456360797245,"Girl Next Door, The (2004)",Comedy|Romance,265208,10591
4223,0.8387084613108626,10.785535540153049,3.8590123308945703,Enemy at the Gates (2001),Drama|War,215750,853
53322,0.6685197807144622,8.730096852500063,3.857826436141895,Ocean's Thirteen (2007),Crime|Thriller,496806,298
1947,0.7169128819452739,9.421492953458856,3.8573433335505753,West Side Story (1961),Drama|Musical|Romance,55614,1725
66097,0.4739446231449873,6.3782375987848186,3.855556505754627,Coraline (2009),Animation|Fantasy|Thriller,327597,14836
6979,0.5150401602133685,6.938597379494602,3.8554782709048916,WarGames (1983),Drama|Sci-Fi|Thriller,86567,860
3034,0.599776216410666,8.13536210210343,3.8549745785938665,Robin Hood (1973),Adventure|Animation|Children|Comedy|Musical,70608,11886
97913,0.3836364649841251,5.2552749771634755,3.8542502509194945,Wreck-It Ralph (2012),Animation|Comedy,1772341,82690
2096,0.48640318455683074,6.674080718417178,3.8541294169862494,Sleeping Beauty (1959),Animation|Children|Musical,53285,10882
1031,0.3918960635141151,5.412725119990538,3.853652714422728,Bedknobs and Broomsticks (1971),Adventure|Children|Musical,66817,12335
237,0.48659855721664924,6.759463426990538,3.8532377384476884,Forget Paris (1995),Comedy|Romance,113097,10525
5945,0.4940720416275505,7.133797541019212,3.8505079190156053,About Schmidt (2002),Comedy|Drama,257360,2755
72641,0.5945408894519696,8.58977283201522,3.8504649643377147,"Blind Side, The  (2009)",Drama,878804,22881
33493,1.5830424537728522,23.620335411965115,3.8482703178381046,Star Wars: Episode III - Revenge of the Sith (2005),Action|Adventure|Sci-Fi,121766,1895
2021,0.68366175202171,10.211329221816994,3.848201292061933,Dune (1984),Adventure|Sci-Fi,87182,841
6755,0.24507836644572095,3.7492070175692898,3.8466180364752374,Bubba Ho-tep (2002),Comedy|Horror,281686,9707
8984,0.6597244296764374,10.20247283754938,3.845913182692846,Ocean's Twelve (2004),Action|Comedy|Crime|Thriller,349903,163
218,0.36625150353659,5.731119501734485,3.845155741194195,Boys on the Side (1995),Comedy|Drama,112571,9382
2819,0.3426364510880427,5.422175191188296,3.8444416852213084,Three Days of the Condor (3 Days of the Condor) (1975),Drama|Mystery|Romance|Thriller,73802,11963
357,1.9637726556774808,31.105289894000396,3.8443830747675554,Four Weddings and a Funeral (1994),Comedy|Romance,109831,712
56587,0.2713661671294784,4.305854164295814,3.8442725952279235,"Bucket List, The (2007)",Comedy|Drama,825232,7350
230,0.5574970118707965,8.850097575491715,3.844243310991434,Dolores Claiborne (1995),Drama|Thriller,109642,11929
3536,0.33531083329542,5.377061839200527,3.8436094782733234,Keeping the Faith (2000),Comedy|Drama|Romance,171433,4967
8360,1.3678009790852128,22.160626864368254,3.842972122110289,Shrek 2 (2004),Adventure|Animation|Children|Comedy|Musical|Romance,298148,809
8464,0.6621684241466559,10.823098739123822,3.8424310331704716,Super Size Me (2004),Comedy|Documentary|Drama,390521,9372
97306,0.28223268054470435,4.689108303376833,3.841438974554604,Seven Psychopaths (2012),Comedy|Crime,1931533,86838
2011,1.385572138830975,23.095928981521258,3.8412420479469565,Back to the Future Part II (1989),Adventure|Comedy|Sci-Fi,96874,165
59369,0.6886198554495508,11.484635746562546,3.8412100902184094,Taken (2008),Action|Crime|Drama|Thriller,936501,8681
41997,0.3937649601898884,6.608867140093585,3.840831300737574,Munich (2005),Action|Crime|Drama|Thriller,408306,612
3556,0.3634842976885284,6.2639907507686745,3.8392775824347827,"Virgin Suicides, The (1999)",Drama|Romance,159097,1443
72998,1.2453592591767946,23.550352796178224,3.8341307027679936,Avatar (2009),Action|Adventure|Sci-Fi|IMAX,499549,19995
1907,0.6079375730688112,11.883287836565222,3.8324090336168695,Mulan (1998),Adventure|Animation|Children|Comedy|Drama|Musical|Romance,120762,10674
6297,0.286704654528125,5.60977189620335,3.8323580679793943,Holes (2003),Adventure|Children|Comedy|Mystery,311289,8326
55290,0.33182802695383684,6.620577134406926,3.83137070248508,Gone Baby Gone (2007),Crime|Drama|Mystery,452623,4771
3450,0.3521605317478397,7.081748652733404,3.83097789903861,Grumpy Old Men (1993),Comedy,107050,11520
345,0.4427966737387218,8.925022362315193,3.830862942819665,"Adventures of Priscilla, Queen of the Desert, The (1994)",Comedy|Drama,109045,2759
44665,0.5011798486484058,10.165249325684881,3.8305532471007684,Lucky Number Slevin (2006),Crime|Drama|Mystery,425210,186
628,0.48920651057416265,10.04949068104314,3.829929726905688,Primal Fear (1996),Crime|Drama|Mystery|Thriller,117381,1592
7263,0.20545041234155534,4.300704445621066,3.829021328434209,Miracle (2004),Drama,349825,14292
3082,0.45037609049643523,9.49354330913357,3.8286902473755915,"World Is Not Enough, The (1999)",Action|Adventure|Thriller,143145,36643
2728,0.1876899999844605,4.134052890192618,3.826650956293706,Spartacus (1960),Action|Drama|Romance|War,54331,967
45880,0.17365001775862837,3.828051972370215,3.82661249080459,Marie Antoinette (2006),Drama|Romance,422720,1887
4975,0.5463529941418469,12.59704829294324,3.824621505615042,Vanilla Sky (2001),Mystery|Romance|Sci-Fi|Thriller,259711,1903
5791,0.19486000012807853,4.532697765526636,3.824239841197938,Frida (2002),Drama|Romance,120679,1360
66934,0.25844138205099904,6.1597841626627075,3.8232062330870775,Dr. Horrible's Sing-Along Blog (2008),Comedy|Drama|Musical|Sci-Fi,1227926,14301
6957,0.30270757866359055,7.282413277821999,3.8228169264498537,Bad Santa (2003),Comedy|Crime,307987,10147
122900,0.36392097424385755,8.796723179129692,3.822620056265634,Ant-Man (2015),Action|Adventure|Sci-Fi,478970,102899
93510,0.23528896020203552,5.75800497907103,3.82211292391103,21 Jump Street (2012),Action|Comedy|Crime,1232829,64688
61024,0.33470788623943293,8.281010456698851,3.8216687203446837,Pineapple Express (2008),Action|Comedy|Crime,910936,10189
1635,0.14908386427456288,3.7610145044807397,3.82088925809318,"Ice Storm, The (1997)",Drama,119349,68924
1033,0.20084672388887032,5.4362874532667576,3.818195560489561,"Fox and the Hound, The (1981)",Animation|Children|Drama,82406,10948
3994,0.8353127497563156,22.80275455870648,3.817882096836094,Unbreakable (2000),Drama|Sci-Fi,217869,9741
1396,0.561133425463137,15.52545474049523,3.817392798951758,Sneakers (1992),Action|Comedy|Crime|Drama|Sci-Fi,105435,2322
477,0.23807395559069816,6.6462244074647305,3.817070927066859,What's Love Got to Do with It? (1993),Drama|Musical,108551,15765
4014,0.41748434359875164,11.662409019883675,3.817047433196652,Chocolat (2000),Drama|Romance,241303,392
3639,0.1918265318767628,5.361688554887646,3.8170272545226713,"Man with the Golden Gun, The (1974)",Action|Adventure|Thriller,71807,682
353,0.7541659971587136,21.401547881526096,3.8164888512314503,"Crow, The (1994)",Action|Crime|Fantasy|Thriller,109506,9495
102125,0.28694152867439904,8.144830096834339,3.8164798930773314,Iron Man 3 (2013),Action|Sci-Fi|Thriller|IMAX,1300854,68721
6879,0.2153581205678968,6.168591521631469,3.8161620354137025,Runaway Jury (2003),Drama|Thriller,313542,11329
1625,0.6279335065949632,18.50074568628498,3.8151909818015866,"Game, The (1997)",Drama|Mystery|Thriller,119174,2649
2409,0.2291278495682187,6.775847811139342,3.8150653722071746,Rocky II (1979),Action|Drama,79817,1367
1061,0.2508501513503419,7.477406497573998,3.814797743844605,Sleepers (1996),Thriller,117665,819
514,0.17839220473260153,5.472970121280698,3.8138451299174507,"Ref, The (1994)",Comedy,110955,10872
22,0.41958652246631284,13.486251040569895,3.8123621667609426,Copycat (1995),Crime|Drama|Horror|Mystery|Thriller,112722,1710
4246,0.4215366403895029,13.582645156152415,3.8122849423480023,Bridget Jones's Diary (2001),Comedy|Drama|Romance,243155,634
48043,0.12134770477191681,4.110144187344192,3.8107739460507544,"Fountain, The (2006)",Drama|Fantasy|Romance,414993,1381
1321,0.15054649767622497,5.112923781294477,3.8106943012787897,"American Werewolf in London, An (1981)",Comedy|Horror|Thriller,82010,814
3301,0.25611561057235416,8.879553007750738,3.8100932966733234,"Whole Nine Yards, The (2000)",Comedy|Crime,190138,2069
3101,0.23870992062307847,8.745949865304214,3.8085437642000777,Fatal Attraction (1987),Drama|Thriller,93010,10998
3256,0.24464290507887299,9.21310903134665,3.8078037808890266,Patriot Games (1992),Action|Crime|Drama|Thriller,105112,9869
34437,0.13568311437644598,5.230776097565853,3.8071893799134715,Broken Flowers (2005),Comedy|Drama,412019,308
2243,0.11792133825199205,5.0581878581115705,3.804562956783511,Broadcast News (1987),Comedy|Drama|Romance,92699,12626
88140,0.1974541507354543,9.260027316948998,3.802573277205756,Captain America: The First Avenger (2011),Action|Adventure|Sci-Fi|Thriller|War,458339,1771
180,0.17349605127428208,8.278982667013654,3.8022062016610265,Mallrats (1995),Comedy|Romance,113749,2293
86332,0.20220491429591597,9.80649569314385,3.801869485288491,Thor (2011),Action|Adventure|Drama|Fantasy|IMAX,800369,10195
257,0.10519607959912763,5.5942699404400535,3.800054251835334,Just Cause (1995),Mystery|Thriller,113501,9061
27660,0.08639549976708419,4.716411073172336,3.799568055849809,"Animatrix, The (2003)",Action|Animation|Drama|Sci-Fi,328832,55931
587,0.6409017431934647,35.252180637224285,3.7994304845382025,Ghost (1990),Comedy|Drama|Fantasy|Romance|Thriller,99653,251
2336,0.09051704532815069,5.060429673814902,3.7991372216937047,Elizabeth (1998),Drama,127536,4518
3489,0.23085129945311778,13.037658863047737,3.7989564980892325,Hook (1991),Adventure|Comedy|Fantasy,102057,879
1909,0.2665443000879125,15.456513686165774,3.798494786777609,"X-Files: Fight the Future, The (1998)",Action|Crime|Mystery|Sci-Fi|Thriller,120902,846
91658,0.16962901725919033,10.474295467776518,3.7974447886219416,"Girl with the Dragon Tattoo, The (2011)",Drama|Thriller,1568346,65754
3178,0.06923676133429563,4.290932210106701,3.7973855952060074,"Hurricane, The (1999)",Drama,174856,10400
968,0.09616607102435087,5.971633094134847,3.7973538117052086,Night of the Living Dead (1968),Horror|Sci-Fi|Thriller,63350,10331
88125,0.168715930370231,10.829161718179314,3.7968297760880443,Harry Potter and the Deathly Hallows: Part 2 (2011),Action|Adventure|Drama|Fantasy|Mystery|IMAX,1201607,12445
8622,0.15808078265257686,10.51606767312925,3.796282307943795,Fahrenheit 9/11 (2004),Documentary,361596,1777
2490,0.1181926941219767,9.01204077602896,3.794364974060191,Payback (1999),Action|Thriller,120784,2112
2355,0.2950615911659329,22.7782645812311,3.794203646102408,"Bug's Life, A (1998)",Adventure|Animation|Children|Comedy,120623,9487
1077,0.05903386469293029,4.607831131074459,3.794061635279596,Sleeper (1973),Comedy|Sci-Fi,70707,11561
69951,0.04899681300561037,4.497045958263576,3.7921453305269752,"Imaginarium of Doctor Parnassus, The (2009)",Drama|Fantasy,1054606,8054
708,0.1663939802254733,16.229989391403368,3.7915022537729666,"Truth About Cats & Dogs, The (1996)",Comedy|Romance,117979,8866
6773,0.05522088298764252,5.422477546927985,3.791433697825587,"Triplets of Belleville, The (Les triplettes de Belleville) (2003)",Animation|Comedy|Fantasy,286244,9662
2080,0.1637249294318044,16.20615702047938,3.7913526368634014,Lady and the Tramp (1955),Animation|Children|Comedy|Romance,48280,10340
5816,0.20322016542829666,21.34438234602479,3.7907710136612423,Harry Potter and the Chamber of Secrets (2002),Adventure|Fantasy,295297,672
1645,0.12409528284421206,13.627588653536382,3.7903561798894136,The Devil's Advocate (1997),Drama|Mystery|Thriller,118971,1813
6753,0.044109453222739375,5.011311229202805,3.790051976649089,Secondhand Lions (2003),Children|Comedy|Drama,327137,13156
2232,0.058982300068300686,7.063214036678309,3.789600630663517,Cube (1997),Horror|Mystery|Sci-Fi|Thriller,123755,431
41569,0.051274092799400706,11.49893311439515,3.7857090300535083,King Kong (2005),Action|Adventure|Drama|Fantasy|Thriller,360717,254
8910,0.01818680899767204,4.570573128897947,3.7852291082005833,I Heart Huckabees (2004),Comedy,356721,1599
81564,0.015337633313834198,4.715608885825267,3.784502523784874,Megamind (2010),Action|Animation|Children|Comedy|Sci-Fi|IMAX,1001526,38055
2406,0.038241483992439616,14.165520090156186,3.783949617172503,Romancing the Stone (1984),Action|Adventure|Comedy|Romance,88011,9326
417,0.008461384542949923,3.617632689759376,3.7835889279480956,Barcelona (1994),Comedy|Romance,109219,16771
4901,0.0006991409682436805,8.21872222369129,3.7813350668588313,Spy Game (2001),Action|Crime|Drama|Thriller,266987,1535
6059,0.0002934329482414122,4.4336137177150645,3.7813161836823728,"Recruit, The (2003)",Action|Thriller,292506,1647
30812,0.0003812740792644709,10.013187961872463,3.7812880771880684,"Aviator, The (2004)",Drama,338751,2567
3510,-0.005410997122069994,8.883217313492663,3.780640874238242,Frequency (2000),Drama|Thriller,186151,10559
2245,-0.006707082194375338,5.5774044525198185,3.7800474547930087,Working Girl (1988),Comedy|Drama|Romance,96463,3525
3534,-0.009180418268097235,4.764566638246644,3.779323189643819,28 Days (2000),Drama,191754,10468
663,-0.007260200423394023,3.641382132350346,3.7792561970521876,Kids in the Hall: Brain Candy (1996),Comedy,116768,18414
339,-0.06991498369475796,29.798608354996215,3.778903750117603,While You Were Sleeping (1995),Comedy|Romance,114924,2064
1517,-0.07122253118583692,26.00263205238485,3.7785109492645477,Austin Powers: International Man of Mystery (1997),Action|Adventure|Comedy,118655,816
141,-0.0746981130014102,25.738163778341285,3.778347768483312,"Birdcage, The (1996)",Comedy,115685,11000
252,-0.03941791388623071,11.92482619857795,3.7779444666593633,I.Q. (1994),Comedy|Romance,110099,11777
2687,-0.023745250105858373,6.769789437081576,3.7777424689580057,Tarzan (1999),Adventure|Animation|Children|Drama,120855,37135
67087,-0.026256392030438322,4.414329146063405,3.7753020098946717,"I Love You, Man (2009)",Comedy,1155056,16538
6754,-0.046861211609406095,7.513391325291612,3.7750129755534445,Underworld (2003),Action|Fantasy|Horror,320691,277
106916,-0.029649379273143636,4.635590006929885,3.7748539699730155,American Hustle (2013),Crime|Drama,1800241,168672
2161,-0.1034556496334355,12.259135247252104,3.7728109348369365,"NeverEnding Story, The (1984)",Adventure|Children|Fantasy,88323,34584
2081,-0.1579306828242838,18.601555687424558,3.772759813642046,"Little Mermaid, The (1989)",Animation|Children|Comedy|Musical|Romance,97757,10144
1754,-0.03055520585342275,3.497557832462411,3.7725138479244933,Fallen (1998),Crime|Drama|Fantasy|Thriller,119099,9411
597,-0.36791205592128834,39.65700385844887,3.771972646421874,Pretty Woman (1990),Comedy|Romance,100405,114
55820,-0.18091192118125626,16.65129564241757,3.770385265254935,No Country for Old Men (2007),Crime|Drama,477348,6977
2763,-0.152859710442184,13.795763023178836,3.7701698082697446,"Thomas Crown Affair, The (1999)",Action|Mystery,155267,913
122922,-0.06963749426367415,6.193435789524993,3.770006243644651,Doctor Strange (2016),Action|Adventure|Sci-Fi,1211837,284052
1587,-0.11881995167127496,10.285463186760653,3.769697779359903,Conan the Barbarian (1982),Action|Adventure|Fantasy,82198,9387
1777,-0.16463777057202084,13.099145334925447,3.768681412218592,"Wedding Singer, The (1998)",Comedy|Romance,120888,11003
371,-0.10569686612893833,8.364689122355749,3.768613923279543,"Paper, The (1994)",Comedy|Drama,110771,12280
2366,-0.09106494738046979,6.7445445615744966,3.7677479861802268,King Kong (1933),Action|Adventure|Fantasy|Horror,24216,244
300,-0.3534238503753939,26.02945684286236,3.7676721585978092,Quiz Show (1994),Drama,110932,11450
106696,-0.09838668434468252,7.173180001791593,3.7675340928842993,Frozen (2013),Adventure|Animation|Comedy|Fantasy|Musical|Romance,2294629,109445
3253,-0.20389256989759008,14.843854721966732,3.7675141773325875,Wayne's World (1992),Comedy,105793,8872
2145,-0.10844456804230726,7.87969267862688,3.7674874639846148,Pretty in Pink (1986),Comedy|Drama|Romance,91790,11522
30810,-0.1422449493334838,9.785380107000009,3.7667135248460863,"Life Aquatic with Steve Zissou, The (2004)",Adventure|Comedy|Fantasy,362270,421
34319,-0.137267067809559,8.82311900897925,3.765692343788834,"Island, The (2005)",Action|Sci-Fi|Thriller,399201,1635
53000,-0.06719820266395075,4.254827414256006,3.765456601037353,28 Weeks Later (2007),Horror|Sci-Fi|Thriller,463854,1562
2133,-0.08178897307773131,5.121669072936521,3.7652808001271083,Adventures in Babysitting (1987),Adventure|Comedy,92513,14367
2,-0.5202241808924286,31.528201004599897,3.7647497193681856,Jumanji (1995),Adventure|Children|Fantasy,113497,8844
2023,-0.23602263489157205,12.626733134858634,3.762557705351934,"Godfather: Part III, The (1990)",Crime|Drama|Mystery|Thriller,99674,242
5349,-0.6335185926843513,29.48114725254215,3.759761061127691,Spider-Man (2002),Action|Adventure|Sci-Fi|Thriller,145487,557
8917,-0.17019505990630346,7.601219934429831,3.7588595101860016,Team America: World Police (2004),Action|Adventure|Animation|Comedy,372588,3989
104,-0.5819366138113221,25.849110673167836,3.7587371716610907,Happy Gilmore (1996),Comedy,116483,9614
2431,-0.2194445215478173,9.18421238131728,3.7573563345942924,Patch Adams (1998),Comedy|Drama,129290,10312
3633,-0.12743506252692993,4.963565708783292,3.75557590916902,On Her Majesty's Secret Service (1969),Action|Adventure|Romance|Thriller,64757,668
3175,-0.4797424460908916,18.13893921845017,3.7548017929761452,Galaxy Quest (1999),Adventure|Comedy|Sci-Fi,177789,926
266,-0.6238731814942625,23.505733163074016,3.754708681308737,Legends of the Fall (1994),Drama|Romance|War|Western,110322,4476
105,-0.2219788331287069,8.213160549204792,3.754222791074565,"Bridges of Madison County, The (1995)",Drama|Romance,112579,688
87306,-0.18357576695520023,6.7042111362673475,3.753867846329456,Super 8 (2011),Mystery|Sci-Fi|Thriller|IMAX,1650062,37686
62434,-0.15341042635138813,5.577545464267618,3.753744998054394,Zack and Miri Make a Porno (2008),Comedy|Drama|Romance,1007028,10358
67734,-0.14533927838258726,5.160321297698602,3.7530852323754265,Adventureland (2009),Comedy|Drama,1091722,16614
2058,-0.2485133788231153,8.373804367290793,3.751572527462384,"Negotiator, The (1998)",Action|Crime|Drama|Mystery|Thriller,120768,9631
2662,-0.14386708425634637,4.7713293825836685,3.751097595383147,"War of the Worlds, The (1953)",Action|Drama|Sci-Fi,46534,8974
59784,-0.4218869608752682,13.844193600888087,3.7507760740665836,Kung Fu Panda (2008),Action|Animation|Children|Comedy|IMAX,441773,9502
236,-0.44543975867266017,14.321517227232787,3.7501471691684447,French Kiss (1995),Action|Comedy|Romance,113117,397
3668,-0.14147194706771768,4.384674788230605,3.748984912704958,Romeo and Juliet (1968),Drama|Romance,63518,6003
1282,-0.46995368034238705,14.394157621129828,3.748601083678311,Fantasia (1940),Animation|Children|Fantasy|Musical,32455,756
85414,-0.3145404197447106,8.751844895279206,3.745310105318539,Source Code (2011),Action|Drama|Mystery|Sci-Fi|Thriller,945513,45612
81229,-0.17263688932885382,4.676872405522905,3.744337115181483,Red (2010),Action|Comedy,1245526,39514
7160,-0.16735467314760466,4.442162384232114,3.7435758627222837,Monster (2003),Crime|Drama,340855,504
2371,-0.22667425302168157,5.985073231934114,3.7433767432553746,Fletch (1985),Comedy|Crime|Mystery,89155,9749
4545,-0.23865325812867128,5.740034320828382,3.7396730331714703,Short Circuit (1986),Comedy|Sci-Fi,91949,2605
2018,-0.4057843059730118,9.654283723757302,3.739218475388502,Bambi (1942),Animation|Children|Drama,34492,3170
2474,-0.17183932973255583,4.0797646162134225,3.739130097560103,"Color of Money, The (1986)",Drama,90863,11873
2297,-0.18653365374535166,4.414119658745982,3.7389916051426324,What Dreams May Come (1998),Adventure|Drama|Fantasy|Romance,120889,12159
2455,-0.5478798504102907,12.719537014216343,3.7381761202884936,"Fly, The (1986)",Drama|Horror|Sci-Fi|Thriller,91064,9426
3081,-0.6876972814831017,15.608706649695025,3.7371914336588885,Sleepy Hollow (1999),Fantasy|Horror|Mystery|Romance,162661,2668
18,-0.2852700256818336,6.453469030072529,3.7370458703840717,Four Rooms (1995),Comedy,113101,5
5574,-0.39339465159041836,8.889296057163515,3.7369951338322194,"Transporter, The (2002)",Action|Crime,293662,4108
3702,-0.5188865185063118,11.71220922202291,3.736946959952902,Mad Max (1979),Action|Adventure|Sci-Fi,79501,9659
2174,-1.0143067953722653,22.231163693362014,3.7356245543986217,Beetlejuice (1988),Comedy|Fantasy,94721,4011
3174,-0.3284439975278203,7.195661570129941,3.7356052807921776,Man on the Moon (1999),Comedy|Drama,125664,1850
3418,-0.4541350713804975,9.939257376368664,3.735558958054633,Thelma & Louise (1991),Adventure|Crime|Drama,103074,1541
3006,-0.3023998512145312,6.6055071411662425,3.7354700471558058,"Insider, The (1999)",Drama|Thriller,140352,9008
21,-1.348145374863224,29.36108226232196,3.7353339361130367,Get Shorty (1995),Comedy|Crime|Thriller,113161,8012
2990,-0.37975308402686997,8.155300510596472,3.734684819848973,Licence to Kill (1989),Action|Adventure|Thriller,97742,709
1088,-0.47714252054632333,10.240460574969227,3.734656150977354,Dirty Dancing (1987),Drama|Musical|Romance,92890,88
3107,-0.35953179115084555,7.184097599609672,3.7312045021319196,Backdraft (1991),Action|Drama,101393,2924
8972,-0.5677913008401062,10.91930888370912,3.729251173436133,National Treasure (2004),Action|Adventure|Drama|Mystery|Thriller,368891,2059
1580,-2.322555193979772,43.81404899409932,3.728240629848358,Men in Black (a.k.a. MIB) (1997),Action|Comedy|Sci-Fi,119654,607
53125,-0.7178725079263932,13.330225818213757,3.727397014772057,Pirates of the Caribbean: At World's End (2007),Action|Adventure|Comedy|Fantasy,449088,285
381,-0.2703331146260935,4.8634403245355715,3.7256652614194623,When a Man Loves a Woman (1994),Drama|Romance,111693,10449
2706,-1.396501092486755,24.467030529904264,3.724173149840228,American Pie (1999),Comedy|Romance,163651,2105
7458,-0.8376407898543918,14.328741934159893,3.7227912228620945,Troy (2004),Action|Adventure|Drama|War,332452,652
3408,-0.9724648366214701,16.514607905623997,3.722364873371885,Erin Brockovich (2000),Drama,195685,462
8644,-0.9644432301074342,16.311200444356093,3.722122336510739,"I, Robot (2004)",Action|Adventure|Sci-Fi|Thriller,343818,2048
2572,-0.5138278271620484,8.618694221089054,3.7216321792068054,10 Things I Hate About You (1999),Comedy|Romance,147800,4951
3608,-0.32855367401597235,5.3592373381166105,3.7199439611027945,Pee-wee's Big Adventure (1985),Adventure|Comedy,89791,5683
3033,-1.1291119564439833,18.35945050799369,3.7197496901485665,Spaceballs (1987),Comedy|Sci-Fi,94012,957
164,-0.2971919245887884,4.685119572430167,3.7178168567127963,Devil in a Blue Dress (1995),Crime|Film-Noir|Mystery|Thriller,112857,8512
94777,-0.3389176864521248,5.331729769468834,3.717683833382422,Men in Black III (M.III.B.) (M.I.B.³) (2012),Action|Comedy|Sci-Fi|IMAX,1409024,41154
1569,-0.7170347171750302,11.151276741787438,3.7169493221962298,My Best Friend's Wedding (1997),Comedy|Romance,119738,8874
41566,-0.9665085865454929,15.029695739169098,3.7169434073043095,"Chronicles of Narnia: The Lion, the Witch and the Wardrobe, The (2005)",Adventure|Children|Fantasy,363771,411
61323,-0.5896739736510662,9.155155281482548,3.7168410532249725,Burn After Reading (2008),Comedy|Crime|Drama,887883,4944
95167,-0.46361592338318425,7.165517517931895,3.7165490405058654,Brave (2012),Action|Adventure|Animation|Children,1217209,62177
225,-1.305475753483343,20.058454694067283,3.716166437566554,Disclosure (1994),Drama|Thriller,109635,8984
2376,-0.45504965745804266,6.991738165924213,3.7161660993196333,"View to a Kill, A (1985)",Action|Adventure|Thriller,90264,707
64983,-0.2935894033042798,4.5102709535055485,3.716156496474987,Valkyrie (2008),Drama|Thriller|War,985699,2253
1254,-0.3084517294569704,4.716477539466999,3.715851265143925,"Treasure of the Sierra Madre, The (1948)",Action|Adventure|Drama|Western,40897,3090
4041,-0.29169315797321554,4.445179050535369,3.715629900328653,"Officer and a Gentleman, An (1982)",Drama|Romance,84434,2623
53972,-0.6979375844922877,10.46715658356566,3.7145711926045606,Live Free or Die Hard (2007),Action|Adventure|Crime|Thriller,337978,1571
2301,-0.35259289788898124,5.285607155183809,3.7145418961192425,History of the World: Part I (1981),Comedy|Musical,82517,10156
7373,-0.8001543153750169,11.90127091152311,3.714017327616447,Hellboy (2004),Action|Adventure|Fantasy|Horror,167190,1487
1375,-0.8041265150415273,11.651533790463457,3.712235356907685,Star Trek III: The Search for Spock (1984),Action|Adventure|Sci-Fi,88170,157
118696,-0.34886105452813065,5.029124886441371,3.7118818707454375,The Hobbit: The Battle of the Five Armies (2014),Adventure|Fantasy,2310332,122917
203,-0.425888913783081,5.978159070308592,3.7100091986875157,"To Wong Foo, Thanks for Everything! Julie Newmar (1995)",Comedy,114682,9090
253,-2.3946059227014818,33.59850643136833,3.7099788005994627,Interview with the Vampire: The Vampire Chronicles (1994),Drama|Horror,110148,628
77561,-0.901309433796131,12.57895981292902,3.709597862180337,Iron Man 2 (2010),Action|Adventure|Sci-Fi|Thriller|IMAX,1228705,10138
2110,-0.31980189933654274,4.43832278720919,3.7091953427309248,Dead Men Don't Wear Plaid (1982),Comedy|Crime|Thriller,83798,9442
4720,-1.0237136737018284,13.888052545275071,3.7075381821153326,"Others, The (2001)",Drama|Horror|Mystery|Thriller,230600,1933
6595,-0.3215542202595854,4.318542551904691,3.7067910495703433,S.W.A.T. (2003),Action|Thriller,257076,9257
596,-1.249530872564667,16.36607803225824,3.7049011769189315,Pinocchio (1940),Animation|Children|Fantasy|Musical,32910,10895
8783,-0.6205712640276758,8.112852725118858,3.7047576478568476,"Village, The (2004)",Drama|Mystery|Thriller,368447,6947
8376,-0.7816761134560899,10.162406257132597,3.704331599302423,Napoleon Dynamite (2004),Comedy,374900,8193
103772,-0.381766952106696,4.943356850718347,3.7040217345910493,"Wolverine, The (2013)",Action|Adventure|Fantasy|Sci-Fi,1430132,76170
2134,-0.4228628272184168,5.370987337710296,3.7025190848257012,Weird Science (1985),Comedy|Fantasy|Sci-Fi,90305,11814
33004,-0.7585183857960981,9.578640831656132,3.7020614888178307,"Hitchhiker's Guide to the Galaxy, The (2005)",Adventure|Comedy|Sci-Fi,371724,7453
6323,-0.454868521215028,5.67505626093325,3.7010977653527277,Identity (2003),Crime|Horror|Mystery|Thriller,309698,2832
3751,-1.4209271884738484,17.623980891914137,3.700625360393115,Chicken Run (2000),Animation|Children|Comedy,120630,7443
163,-1.6717558724512782,20.06281393040199,3.6979239124967953,Desperado (1995),Action|Romance|Western,112851,8068
101864,-0.6058582841773437,7.229885121589521,3.697450853791022,Oblivion (2013),Action|Adventure|Sci-Fi|IMAX,1483013,75612
34162,-1.1834823455519954,14.08473340715302,3.6972241098880105,Wedding Crashers (2005),Comedy|Romance,396269,9522
500,-3.6992005517508404,43.09649497543552,3.6954147025349964,Mrs. Doubtfire (1993),Comedy|Drama,107614,788
551,-2.4006805812451804,27.626453671935433,3.6943521113728384,"Nightmare Before Christmas, The (1993)",Animation|Children|Fantasy|Musical,107688,9479
37733,-0.6551809639464635,7.502166585078447,3.6939177781432666,"History of Violence, A (2005)",Action|Crime|Drama|Thriller,399146,59
48385,-1.3137537836334716,14.641684257938696,3.6915230484579187,Borat: Cultural Learnings of America for Make Benefit Glorious Nation of Kazakhstan (2006),Comedy,443453,496
2146,-0.3965219200955448,4.410243634896894,3.6913407199210697,St. Elmo's Fire (1985),Drama|Romance,90060,11557
785,-0.9437488267941955,10.394630994858215,3.6904580578455275,Kingpin (1996),Comedy,116778,11543
1835,-0.49212274226256825,5.384453867722294,3.6898530518683232,City of Angels (1998),Drama|Fantasy|Romance,120632,795
837,-0.6393525371401901,6.937923095696592,3.6890967091421825,Matilda (1996),Children|Comedy|Fantasy,117008,10830
30816,-0.3677393373883262,3.952273600056504,3.6882050133527997,"Phantom of the Opera, The (2004)",Drama|Musical|Romance,293508,9833
7325,-0.5172477184357154,5.482829747784198,3.6869104622266056,Starsky & Hutch (2004),Action|Comedy|Crime|Thriller,335438,9384
4446,-0.6473031471025348,6.7480404339528235,3.6853254041838532,Final Fantasy: The Spirits Within (2001),Adventure|Animation|Fantasy|Sci-Fi,173840,2114
2424,-1.4453767312660455,15.048458812342314,3.6852018496051944,You've Got Mail (1998),Comedy|Romance,128853,9489
3869,-0.6162481012182965,6.404367775644659,3.6850269180997444,"Naked Gun 2 1/2: The Smell of Fear, The (1991)",Comedy,102510,37137
45517,-0.9449625347459669,9.806234477348871,3.6848865650275573,Cars (2006),Animation|Children|Comedy,317219,920
1801,-0.6447289536503119,6.639708684157069,3.684148020497991,"Man in the Iron Mask, The (1998)",Action|Adventure|Drama,120744,9313
2004,-0.2881374583983532,2.959811385036822,3.6839000936832966,Gremlins 2: The New Batch (1990),Comedy|Horror,99700,928
53953,-0.5240740493722363,5.3564865339287016,3.6834108757506328,1408 (2007),Drama|Horror|Thriller,450385,3021
647,-0.863272187029583,8.729739876253053,3.682361361807097,Courage Under Fire (1996),Action|Crime|Drama|War,115956,10684
4487,-0.37206458915143675,3.7579222393142073,3.682241966717411,Cocktail (1988),Drama|Romance,94889,7520
494,-1.460850860390376,14.50305960644836,3.680522925899458,Executive Decision (1996),Action|Adventure|Thriller,116253,2320
3753,-1.9048010758836142,18.902492325046786,3.6804801680456274,"Patriot, The (2000)",Action|Drama|War,187393,2024
661,-1.0916066925668577,10.677364832002063,3.679014419638493,James and the Giant Peach (1996),Adventure|Animation|Children|Fantasy|Musical,116683,10539
2478,-0.7279898262530753,7.112078159215123,3.6788903650808895,¡Three Amigos! (1986),Comedy|Western,92086,8388
2779,-0.2796473674744653,2.704765016443185,3.6778594051114237,Heaven Can Wait (1978),Comedy,77663,12185
282,-1.4172519981391842,13.697720819155315,3.6777837435779097,Nell (1994),Drama,110638,1945
70,-1.3250206394404167,12.77403244601904,3.6775223367650685,From Dusk Till Dawn (1996),Action|Comedy|Horror|Thriller,116367,755
1680,-0.514409850402074,4.957161053718661,3.6774789622918047,Sliding Doors (1998),Drama|Romance,120148,10215
2085,-1.3185201056205473,12.654532030267111,3.6770564985513956,101 Dalmatians (One Hundred and One Dalmatians) (1961),Adventure|Animation|Children,55254,12230
7324,-0.5085634586152825,4.872308354814628,3.676871681305449,Hidalgo (2004),Adventure|Drama,317648,2023
1566,-0.7682031750198786,7.297001113407324,3.67597345449806,Hercules (1997),Adventure|Animation|Children|Comedy|Musical,119282,11970
531,-0.5664043105076084,5.310790560271509,3.6745984200839823,"Secret Garden, The (1993)",Children|Drama,108071,11236
68791,-0.5728468287405246,5.35227157553078,3.6742212901096565,Terminator Salvation (2009),Action|Adventure|Sci-Fi|Thriller,438488,534
2335,-0.7865247313847212,7.257698279521847,3.6728789169483833,"Waterboy, The (1998)",Comedy,120484,10663
2394,-0.5496159100514717,5.015779869064568,3.671672663110884,"Prince of Egypt, The (1998)",Animation|Musical,120794,9837
2407,-1.493450886990764,13.554060524067657,3.671065249522154,Cocoon (1985),Comedy|Sci-Fi,88933,10328
49651,-0.5371339440152462,4.816399003609827,3.669728128142872,Rocky Balboa (2006),Action|Drama,479143,1246
3638,-0.9552340029897994,8.54225720516361,3.6694254706955145,Moonraker (1979),Action|Adventure|Sci-Fi|Thriller,79574,698
3,-1.593582503533924,14.20020521615929,3.669027509757535,Grumpier Old Men (1995),Comedy|Romance,113228,15602
27706,-0.6596659212673269,5.840320169283473,3.668299718303718,Lemony Snicket's A Series of Unfortunate Events (2004),Adventure|Children|Comedy|Fantasy,339291,11774
2311,-0.6731938481566542,5.9380013399600635,3.6678795751306184,2010: The Year We Make Contact (1984),Sci-Fi,86837,4437
8807,-1.06750730568019,9.348201171760744,3.667056138328401,Harold and Kumar Go to White Castle (2004),Adventure|Comedy,366551,11282
3917,-0.4879990109498827,4.248204241520216,3.666378193388497,Hellraiser (1987),Horror,93177,9003
45,-1.0810808591053993,9.284544731915856,3.6648112543337303,To Die For (1995),Comedy|Drama|Thriller,114681,577
3176,-1.5175896499760615,12.851241776431301,3.6631610590020705,"Talented Mr. Ripley, The (1999)",Drama|Mystery|Thriller,134119,1213
4085,-1.6782921197644385,14.14734135390722,3.662620502121133,Beverly Hills Cop (1984),Action|Comedy|Crime|Drama,86960,90
2012,-2.684408148188817,22.417419935631337,3.661503479831746,Back to the Future Part III (1990),Adventure|Comedy|Sci-Fi|Western,99088,196
3479,-0.5759133418532693,4.7772094943506795,3.6606956843519205,Ladyhawke (1985),Adventure|Fantasy|Romance,89457,526
1958,-0.5846353274979954,4.748202635685136,3.6581223137516328,Terms of Endearment (1983),Comedy|Drama,86425,11050
2393,-1.0217969408825471,8.276443299187221,3.6577915552929063,Star Trek: Insurrection (1998),Action|Drama|Romance|Sci-Fi,120844,200
4816,-1.4637429636390686,11.748729379273758,3.6566626687406756,Zoolander (2001),Comedy,196229,9398
103042,-0.8938484393352517,7.170387915510215,3.6565917074209495,Man of Steel (2013),Action|Adventure|Fantasy|Sci-Fi|IMAX,770828,49521
1348,-0.4639339328992275,3.6615123098120943,3.6545444840986976,"Nosferatu (Nosferatu, eine Symphonie des Grauens) (1922)",Horror,13442,653
2527,-0.8709703552678894,6.591102693051121,3.64910667532645,Westworld (1973),Action|Sci-Fi|Thriller|Western,70909,2362
24,-1.0004709848147066,7.510086864001511,3.6480330519519866,Powder (1995),Drama|Sci-Fi,114168,12665
2746,-1.491441394327308,11.176362349203416,3.6478039632412176,Little Shop of Horrors (1986),Comedy|Horror|Musical,91419,10776
2072,-0.6040561127339725,4.521110848027305,3.6476421325021984,"'burbs, The (1989)",Comedy,96734,11974
106072,-0.8148708077361507,6.0977897266852645,3.6476162227419353,Thor: The Dark World (2013),Action|Adventure|Fantasy|IMAX,1981115,76338
6593,-0.8565219085249083,6.373620833725839,3.64686457035423,Freaky Friday (2003),Children|Comedy|Fantasy,322330,10330
5152,-0.7822696681986098,5.789989699075801,3.6461427590983044,We Were Soldiers (2002),Action|Drama|War,277434,10590
802,-1.9738979438423785,14.39884152465651,3.644162734793628,Phenomenon (1996),Drama|Romance,117333,9294
507,-0.6160791921603241,4.453037909838167,3.642899717275272,"Perfect World, A (1993)",Crime|Drama|Thriller,107808,9559
6365,-3.3444116409096307,24.006668210112284,3.6419382274405283,"Matrix Reloaded, The (2003)",Action|Adventure|Sci-Fi|Thriller|IMAX,234215,604
3699,-0.5483072974123487,3.8594315989934582,3.6391805938506745,Starman (1984),Adventure|Drama|Romance|Sci-Fi,88172,9663
3698,-1.3448354299591991,9.282303182061014,3.6363683624688545,"Running Man, The (1987)",Action|Sci-Fi,93894,865
56174,-2.3924733440995,16.353592620483024,3.6349535100894945,I Am Legend (2007),Action|Horror|Sci-Fi|Thriller|IMAX,480249,6479
46723,-1.248528602082933,8.524189901313775,3.634781130809083,Babel (2006),Drama|Thriller,449467,1164
46970,-1.2759086296809257,8.710845089965616,3.634776440887218,Talladega Nights: The Ballad of Ricky Bobby (2006),Action|Comedy,415306,9718
509,-2.7583973804118904,18.617239736427052,3.633086401566494,"Piano, The (1993)",Drama|Romance,107822,713
2985,-3.1069219287534744,20.922889346010837,3.6327560836541717,RoboCop (1987),Action|Crime|Drama|Sci-Fi|Thriller,93870,5548
1688,-0.9027406648287891,6.067764224128913,3.632473534285906,Anastasia (1997),Adventure|Animation|Children|Drama|Musical,118617,9444
63113,-1.451999066676626,9.612651487113421,3.630199177282425,Quantum of Solace (2008),Action|Adventure|Thriller,830515,10764
3755,-2.0677447348243656,13.681665909313693,3.6301174846033004,"Perfect Storm, The (2000)",Drama|Thriller,177971,2133
57368,-1.275952547610591,8.43570723097284,3.629993873937489,Cloverfield (2008),Action|Mystery|Sci-Fi|Thriller,1060277,7191
7439,-0.6399392130096409,4.212102255514637,3.62932133771666,"Punisher, The (2004)",Action|Crime|Thriller,330793,7220
145,-2.3452629904558333,15.223033289074976,3.6271898470816724,Bad Boys (1995),Action|Comedy|Crime|Drama|Thriller,112442,9737
2001,-2.0324696614525437,13.104156442078127,3.6261488673681392,Lethal Weapon 2 (1989),Action|Comedy|Crime|Drama,97733,942
112138,-0.6490680683960595,4.151837366315354,3.6249173080382726,22 Jump Street (2014),Action|Comedy|Crime,2294449,187017
350,-3.30718000007481,21.075556761846208,3.624329835065532,"Client, The (1994)",Drama|Mystery|Thriller,109446,10731
34048,-2.228610571242651,14.166548383246862,3.6239350102341668,War of the Worlds (2005),Action|Adventure|Sci-Fi|Thriller,407304,74
1615,-0.7792762791303365,4.9477223372578765,3.6237480084755047,"Edge, The (1997)",Adventure|Drama,119051,9433
3355,-0.5932197184100685,3.746710565458989,3.6229192323265624,"Ninth Gate, The (1999)",Fantasy|Horror|Mystery|Thriller,142688,622
207,-1.0658753465904571,6.730085783303144,3.6228753191214684,"Walk in the Clouds, A (1995)",Drama|Romance,114887,9560
140,-0.7024933645345635,4.4316388621316,3.622732298564607,Up Close and Personal (1996),Drama|Romance,118055,9302
421,-0.6888253306721512,4.316892431226749,3.621684946647176,Black Beauty (1994),Adventure|Children|Drama,109279,14522
3441,-0.8552326823721106,5.29560196957368,3.619751359092455,Red Dawn (1984),Action|Drama|War,87985,1880
198,-1.5546305410511843,9.600025374603698,3.619309763547747,Strange Days (1995),Action|Crime|Drama|Mystery|Sci-Fi|Thriller,114558,281
4344,-1.2937914449442056,7.934774260085351,3.6181966805881167,Swordfish (2001),Action|Crime|Drama,244244,9705
2009,-1.0895116952037214,6.626315573181207,3.616828079741418,Soylent Green (1973),Drama|Mystery|Sci-Fi|Thriller,70723,12101
2013,-0.9867915382612142,5.998467784950725,3.6167427609631098,"Poseidon Adventure, The (1972)",Action|Adventure|Drama,69113,551
2530,-0.8730994170793017,5.306554941247162,3.6167177823533687,Beneath the Planet of the Apes (1970),Action|Sci-Fi,65462,1685
63859,-0.7362021984427721,4.412621963931145,3.6144099584962275,Bolt (2008),Action|Adventure|Animation|Children|Comedy,397892,13053
3798,-1.1596121750947126,6.936310495091214,3.6140700548785385,What Lies Beneath (2000),Drama|Horror|Mystery,161081,2655
87222,-0.6806836546566695,4.063373299625388,3.613733152064179,Kung Fu Panda 2 (2011),Action|Adventure|Animation|Children|Comedy|IMAX,1302011,49444
144,-0.7015290213153822,4.174144364527314,3.613184693200407,"Brothers McMullen, The (1995)",Comedy,112585,16388
329,-6.167048072860905,35.994974280354754,3.609919195496663,Star Trek: Generations (1994),Adventure|Drama|Sci-Fi,111280,193
117529,-1.1784310624129692,6.827761014128737,3.608655955278694,Jurassic World (2015),Action|Adventure|Drama|Sci-Fi|Thriller,369610,135397
56145,-0.694347950318192,4.005744539744686,3.6079119925232574,"Mist, The (2007)",Horror|Sci-Fi,884328,5876
5957,-0.7857978478617265,4.531017608923443,3.607823687798552,Two Weeks Notice (2002),Comedy|Romance,313737,2642
91500,-2.2324938208865284,12.871477567397191,3.6078049828485654,The Hunger Games (2012),Action|Adventure|Drama|Sci-Fi|Thriller,1392170,70160
45431,-0.6547319247040977,3.739448717072384,3.6061622265998303,Over the Hedge (2006),Adventure|Animation|Children|Comedy,327084,7518
592,-10.530299277002522,59.96508955681919,3.605642839580144,Batman (1989),Action|Crime|Thriller,96895,268
1479,-1.5057351091135613,8.530365890870245,3.604735305101578,"Saint, The (1997)",Action|Romance|Sci-Fi|Thriller,120053,10003
2105,-2.337991150928091,13.22068035849517,3.6044065312308375,Tron (1982),Action|Adventure|Sci-Fi,84827,97
4734,-1.4966818160931836,8.444621574644836,3.6040151025414677,Jay and Silent Bob Strike Back (2001),Adventure|Comedy,261392,2294
112183,-1.3271521230227403,7.409500282221595,3.602135094357549,Birdman: Or (The Unexpected Virtue of Ignorance) (2014),Comedy|Drama,2562232,194662
32031,-0.8443179109954182,4.70290741612552,3.601718987212171,Robots (2005),Adventure|Animation|Children|Comedy|Fantasy|Sci-Fi|IMAX,358082,9928
490,-0.8571141758390779,4.754470883852411,3.6009746304578876,Malice (1993),Thriller,107497,2246
832,-2.2464297308125913,12.355192316225875,3.599429313482502,Ransom (1996),Crime|Thriller,117438,3595
31878,-0.735916595648662,4.014252982307749,3.597924132007564,Kung Fu Hustle (Gong fu) (2004),Action|Comedy,373074,9470
3763,-0.7472684503344079,4.056942965140957,3.5970550846264415,F/X (1986),Action|Crime|Thriller,89118,9873
6953,-1.1296904306516946,6.096616330168867,3.5959520930670084,21 Grams (2003),Crime|Drama|Mystery|Romance|Thriller,315733,470
2046,-1.2056770400557322,6.493048962730102,3.5955626809471237,Flight of the Navigator (1986),Adventure|Children|Sci-Fi,91059,10122
5015,-0.8815220561930334,4.745239381929461,3.5954802633287044,Monster's Ball (2001),Drama|Romance,285742,1365
1441,-1.0575592839200918,5.668475543251897,3.5946814791901054,Benny & Joon (1993),Comedy|Romance,106387,4104
2694,-1.8274150678535261,9.745732139310203,3.5937407544941387,Big Daddy (1999),Comedy,142342,9032
2353,-3.421248304892953,17.97414734835654,3.5909072789661116,Enemy of the State (1998),Action|Thriller,120660,9798
1171,-0.7597321712409708,3.968516893919149,3.5898102253664805,Bob Roberts (1992),Comedy,103850,10608
852,-2.240989029849923,11.65980061337724,3.589052130417138,Tin Cup (1996),Comedy|Drama|Romance,117918,10478
412,-0.8417711244827628,4.374958809085043,3.5888434040045945,"Age of Innocence, The (1993)",Drama,106226,10436
2533,-0.6894685527235892,3.5815962971089976,3.588746908354237,Escape from the Planet of the Apes (1971),Action|Sci-Fi,67065,1687
1711,-1.1788885259239477,6.002261446233602,3.5848426391949597,Midnight in the Garden of Good and Evil (1997),Crime|Drama|Mystery,119668,8197
2137,-1.0197591154201637,5.17003554157579,3.5840059172513414,Charlotte's Web (1973),Animation|Children,70016,15171
4366,-1.0806656878521983,5.4732003487404235,3.5838032738529897,Atlantis: The Lost Empire (2001),Adventure|Animation|Children|Fantasy,230011,10865
112,-2.736199606899402,13.834535151787158,3.5834696352028805,Rumble in the Bronx (Hont faan kui) (1995),Action|Adventure|Comedy|Crime,113326,33542
2100,-2.4713345625290795,12.420640954568373,3.5822800456636132,Splash (1984),Comedy|Fantasy|Romance,88161,2619
830,-0.9924672214658959,4.973433893481632,3.581696322768463,"First Wives Club, The (1996)",Comedy,116313,2925
2167,-3.417212118310977,16.990462975075335,3.580124702696527,Blade (1998),Action|Horror|Thriller,120611,36647
2528,-1.4640039638306541,7.238420239478969,3.5789954039499867,Logan's Run (1976),Action|Adventure|Sci-Fi,74812,10803
6863,-3.2988312763715273,16.192955931357314,3.577529870912062,School of Rock (2003),Comedy|Musical,332379,1584
1407,-3.42318835141023,16.773232928976086,3.577163634430591,Scream (1996),Comedy|Horror|Mystery|Thriller,117571,4232
7444,-1.0400255207897662,5.077835238660026,3.5764333277190885,13 Going on 30 (2004),Comedy|Fantasy|Romance,337563,10096
1892,-0.82601783210618,3.9563611678265507,3.572467841778131,"Perfect Murder, A (1998)",Thriller,120787,1965
45499,-2.9601352844274746,14.140325860740875,3.5719100523750282,X-Men: The Last Stand (2006),Action|Sci-Fi|Thriller,376994,36668
7293,-2.3187101695288708,11.075538981633258,3.571895858046287,50 First Dates (2004),Comedy|Romance,343660,1824
5388,-1.7640345010450593,8.383316083138547,3.570827981656798,Insomnia (2002),Action|Crime|Drama|Mystery|Thriller,278504,320
3087,-1.0795460593984565,5.11109521262716,3.570033850961092,Scrooged (1988),Comedy|Fantasy|Romance,96061,9647
2375,-1.1737563542348,5.505575070914526,3.568055896582621,"Money Pit, The (1986)",Comedy,91541,10466
15,-0.9355153568744655,4.36489915776569,3.566923137285839,Cutthroat Island (1995),Action|Adventure|Romance,112760,1408
1049,-1.4191519361297598,6.558115247883955,3.5648537236168747,"Ghost and the Darkness, The (1996)",Action|Adventure,116409,10586
2712,-2.4292463065753283,11.197258831349878,3.5642999297896107,Eyes Wide Shut (1999),Drama|Mystery|Thriller,120663,345
2541,-2.124463208716431,9.775658217930703,3.5639282663598073,Cruel Intentions (1999),Drama,139134,796
103341,-1.309255886590306,5.980572307152963,3.5623318763772374,"World's End, The (2013)",Action|Comedy|Sci-Fi,1213663,107985
60756,-1.7300126469547616,7.887630279200868,3.561917657283032,Step Brothers (2008),Comedy,838283,12133
2060,-0.8072233223915208,3.675462246064983,3.561625079724781,BASEketball (1998),Comedy,131857,14013
49286,-1.1862416528877382,5.380247042727394,3.5607691516325706,"Holiday, The (2006)",Comedy|Romance,457939,1581
1092,-2.846937948336574,12.902478223340953,3.560599542126262,Basic Instinct (1992),Crime|Mystery|Thriller,103772,402
122892,-1.4879933651417638,6.718101272779756,3.559759867113697,Avengers: Age of Ultron (2015),Action|Adventure|Sci-Fi,2395427,99861
2707,-1.2407534193063194,5.5840458524698775,3.5590539024229315,Arlington Road (1999),Thriller,137363,1073
1378,-1.6761553760683328,7.541307425545791,3.5589867955949868,Young Guns (1988),Action|Comedy|Western,96487,11967
6537,-2.6224272681142344,11.79573440242087,3.5589300531168218,Terminator 3: Rise of the Machines (2003),Action|Adventure|Sci-Fi,181852,296
277,-2.483750588975957,11.145423780486546,3.5584006570728,Miracle on 34th Street (1994),Drama,110527,10510
31,-2.460226921940124,10.937994859373838,3.5563251642649676,Dangerous Minds (1995),Drama,112792,9909
2321,-3.64721746482075,16.157181159279823,3.555516488496202,Pleasantville (1998),Comedy|Drama|Fantasy,120789,2657
316,-10.527161169024197,46.52069329961975,3.5549601449685317,Stargate (1994),Action|Adventure|Sci-Fi,111282,2164
45722,-3.9015154473009894,17.203883993350928,3.554468929979544,Pirates of the Caribbean: Dead Man's Chest (2006),Action|Adventure|Fantasy,383574,58
5400,-1.0395383563133516,4.523736853327215,3.5514536700582084,"Sum of All Fears, The (2002)",Drama|Thriller,164184,4614
42738,-0.8970051601903684,3.894330817519424,3.5509139109808228,Underworld: Evolution (2006),Action|Fantasy|Horror,401855,834
5299,-2.986888229388046,12.94816174937344,3.5505695330331646,My Big Fat Greek Wedding (2002),Comedy|Romance,259446,8346
85510,-1.006178889721743,4.354204699544566,3.5501679246109146,Sucker Punch (2011),Action|Fantasy|Thriller|IMAX,978764,23629
3254,-1.4745530231343331,6.374292226887693,3.549921918493731,Wayne's World 2 (1993),Comedy,108525,8873
136020,-1.148177993701461,4.955258628723246,3.549541052390872,Spectre (2015),Action|Adventure|Crime,2379713,206647
3752,-1.8856012624763705,8.091438390723152,3.5482134324100336,"Me, Myself & Irene (2000)",Adventure|Comedy,183505,2123
2387,-1.127415882433767,4.809728556675663,3.5468468242811135,Very Bad Things (1998),Comedy|Crime,124198,10029
216,-3.275753961012823,13.962315536632772,3.546636069538084,Billy Madison (1995),Comedy,112508,11017
3745,-1.7590613482113908,7.480273291461846,3.5460899938730557,Titan A.E. (2000),Action|Adventure|Animation|Children|Sci-Fi,120913,7450
6709,-1.1484876490881961,4.859728422004707,3.544922511500768,Once Upon a Time in Mexico (2003),Action|Adventure|Crime|Thriller,285823,1428
6218,-2.4748132309283197,10.470219945005859,3.54488314165698,Bend It Like Beckham (2002),Comedy|Drama|Romance,286499,455
5254,-2.5906170767168613,10.959167366702408,3.544861891885153,Blade II (2002),Action|Horror|Thriller,187738,36586
4161,-1.228901200949876,5.198527500354873,3.5448559510174875,"Mexican, The (2001)",Action|Comedy,236493,6073
60126,-0.9917779973433819,4.192377649844047,3.5446831055997827,Get Smart (2008),Action|Comedy,425061,11665
4677,-1.0215743818306078,4.3180686996484825,3.5446687373321533,Turner & Hooch (1989),Comedy|Crime,98536,6951
3704,-1.8669411797381912,7.879368430773187,3.54430957016728,Mad Max Beyond Thunderdome (1985),Action|Adventure|Sci-Fi,89530,9355
30793,-3.5239486227410763,14.846281330993309,3.5438876392300966,Charlie and the Chocolate Factory (2005),Adventure|Children|Comedy|Fantasy|IMAX,367594,118
1380,-3.576221478720216,15.029884927388634,3.5433093066376276,Grease (1978),Comedy|Musical|Romance,77631,621
317,-5.856329161558978,24.60664181089543,3.543252106237512,"Santa Clause, The (1994)",Comedy|Drama|Fantasy,111070,11395
3948,-4.739113133613006,19.877624539395338,3.542835551341603,Meet the Parents (2000),Comedy,212338,1597
5881,-1.2236962409871965,5.095488135087233,3.5410971494010464,Solaris (2002),Drama|Romance|Sci-Fi,307479,2103
2094,-3.0838011164676065,12.765499188040094,3.5396769263998915,"Rocketeer, The (1991)",Action|Adventure|Sci-Fi,102803,10249
2470,-3.9149614865661087,16.012292197928343,3.536752760399577,Crocodile Dundee (1986),Adventure|Comedy,90555,9671
46530,-1.8402615774925184,7.509042508853098,3.536177298620275,Superman Returns (2006),Action|Adventure|Sci-Fi|IMAX,348150,1452
2416,-1.3512925507242965,5.504425149473228,3.535758006097309,Back to School (1986),Comedy,90685,15596
6373,-4.1456403468359095,16.849819081269292,3.535215304861367,Bruce Almighty (2003),Comedy|Drama|Fantasy|Romance,315327,310
1029,-1.8463132002930358,7.487290730736271,3.5346570707150775,Dumbo (1941),Animation|Children|Drama|Musical,33563,11360
1345,-1.7943691199120173,7.269525681141575,3.534415618806115,Carrie (1976),Drama|Fantasy|Horror|Thriller,74285,7340
86880,-1.4819101849827565,5.9939254897831376,3.5340147048210007,Pirates of the Caribbean: On Stranger Tides (2011),Action|Adventure|Fantasy|IMAX,1298650,1865
5541,-0.9761243634242505,3.9480219885384704,3.5340061601697754,Hot Shots! (1991),Action|Comedy|Romance|War,102059,9595
4299,-2.737673825481294,11.026166025322805,3.532961195813203,"Knight's Tale, A (2001)",Action|Comedy|Romance,183790,9476
46972,-1.5256431108318154,6.04505634117464,3.528871399644927,Night at the Museum (2006),Action|Comedy|Fantasy|IMAX,477347,1593
5679,-2.6615600186308406,10.489372513794308,3.5275112981480077,"Ring, The (2002)",Horror|Mystery|Thriller,298130,565
60040,-2.746671723445669,10.750210890264748,3.5257506897089144,"Incredible Hulk, The (2008)",Action|Sci-Fi,800080,1724
95510,-1.9145864108422384,7.434809755798932,3.52373350445922,"Amazing Spider-Man, The (2012)",Action|Adventure|Sci-Fi|IMAX,948470,1930
3452,-1.0908720830650172,4.220301842688047,3.5227680559956673,Romeo Must Die (2000),Action|Crime|Romance|Thriller,165929,2085
3809,-2.80127463299975,10.776289783455324,3.5213020560098003,What About Bob? (1991),Comedy,103241,10276
106489,-1.806361774290054,6.896755056043241,3.5193353027696634,"Hobbit: The Desolation of Smaug, The (2013)",Adventure|Fantasy|IMAX,1170358,57158
36519,-1.4496724063320716,5.479283713594548,3.516676705837111,Transporter 2 (2005),Action|Crime|Thriller,388482,9335
33615,-2.4884733220432795,9.404798397321265,3.5166538914692786,Madagascar (2005),Adventure|Animation|Children|Comedy,351283,953
468,-1.4309884670153663,5.401481925471499,3.516324888366799,"Englishman Who Went Up a Hill But Came Down a Mountain, The (1995)",Comedy|Romance,112966,10612
1347,-1.4864668168686441,5.578764837176969,3.514799164769955,"Nightmare on Elm Street, A (1984)",Horror|Thriller,87800,377
4890,-2.3782870221736667,8.897047670967968,3.51393809578009,Shallow Hal (2001),Comedy|Fantasy|Romance,256380,9889
95441,-1.438585980504739,5.35257033676851,3.5124845992247433,Ted (2012),Comedy|Fantasy,1637725,72105
58295,-0.969495961477237,3.6057368595031107,3.512374114050033,"Bank Job, The (2008)",Action|Crime|Thriller,200465,8848
1371,-2.829730491371011,10.51249690783796,3.512072254027636,Star Trek: The Motion Picture (1979),Adventure|Sci-Fi,79945,152
5151,-1.1167632703507215,4.089373499582319,3.5081609810156085,40 Days and 40 Nights (2002),Comedy|Romance,243736,2752
30825,-1.6501385451266313,6.021004685402327,3.507186391469066,Meet the Fockers (2004),Comedy,290002,693
3893,-1.0552205790751745,3.8396709328100167,3.5064294951390744,Nurse Betty (2000),Comedy|Crime|Drama|Romance|Thriller,171580,10480
1676,-5.552250115347098,20.14781926656173,3.505674278066354,Starship Troopers (1997),Action|Sci-Fi,120201,563
6873,-1.587459562670939,5.6943510824884145,3.502472091701568,Intolerable Cruelty (2003),Comedy|Romance,138524,11775
4232,-1.5190966794638103,5.448666275313177,3.502448487133444,Spy Kids (2001),Action|Adventure|Children|Comedy,227538,10054
94864,-2.1767668086056413,7.7973110361472795,3.502081127635466,Prometheus (2012),Action|Horror|Sci-Fi|IMAX,1446714,70981
724,-2.143593275095126,7.59280616650007,3.4989310594436285,"Craft, The (1996)",Drama|Fantasy|Horror|Thriller,115963,9100
8529,-3.3956067200895435,11.995958058722417,3.49818745339848,"Terminal, The (2004)",Comedy|Drama|Romance,362227,594
4238,-0.9951143983338389,3.51302128171815,3.4979855289738873,Along Came a Spider (2001),Action|Crime|Mystery|Thriller,164334,2043
45447,-3.8047793440661772,13.416820639478615,3.4976672375318216,"Da Vinci Code, The (2006)",Drama|Mystery|Thriller,382625,591
1094,-3.5127330503967027,12.343999951294661,3.496679943317666,"Crying Game, The (1992)",Drama|Romance|Thriller,104036,11386
194,-1.2014811079278878,4.125534809822495,3.4900196814878495,Smoke (1995),Comedy|Drama,114478,10149
4018,-4.181952616488883,14.349361528153867,3.4898117839619167,What Women Want (2000),Comedy|Romance,207201,3981
4121,-1.0749684103159507,3.6800572288133218,3.48914364094856,Innerspace (1987),Action|Adventure|Comedy|Sci-Fi,93260,2614
39,-9.035737922640491,30.833432452260297,3.488199991909574,Clueless (1995),Comedy|Romance,112697,9603
2273,-3.680020235813776,12.370120649418814,3.4837573527885093,Rush Hour (1998),Action|Comedy|Crime|Thriller,120812,2109
5502,-5.321437478693486,17.811907963422517,3.482492719709534,Signs (2002),Horror|Sci-Fi|Thriller,286106,2675
91485,-1.0266796665686222,3.4351347779808226,3.482373992492633,"Expendables 2, The (2012)",Action|Adventure,1764651,76163
2141,-1.416805438099209,4.735286043697081,3.482048404610962,"American Tail, An (1986)",Adventure|Animation|Children|Comedy,90633,4978
71264,-1.4067841131187857,4.690560087404937,3.4813319119707717,Cloudy with a Chance of Meatballs (2009),Animation|Children|Fantasy|IMAX,844471,22794
3070,-1.7525700348997115,5.812027990177332,3.4797081395134715,"Adventures of Buckaroo Banzai Across the 8th Dimension, The (1984)",Adventure|Comedy|Sci-Fi,86856,11379
84954,-1.9329207041899568,6.362214417482118,3.477437479147803,"Adjustment Bureau, The (2011)",Romance|Sci-Fi|Thriller,1385826,38050
107,-1.8258344531167459,6.00265233740676,3.477078769297956,Muppet Treasure Island (1996),Adventure|Children|Comedy|Musical,117110,10874
4701,-2.919036648349768,9.579308049518714,3.4765269105516614,Rush Hour 2 (2001),Action|Comedy,266915,5175
2628,-11.684798012761949,37.576116911944844,3.470286583285589,Star Wars: Episode I - The Phantom Menace (1999),Action|Adventure|Sci-Fi,120915,1893
2334,-1.0468990799960862,3.348893452475271,3.468639646089834,"Siege, The (1998)",Action|Thriller,133952,9882
48,-4.9059879901133225,15.663697298993563,3.468042486904032,Pocahontas (1995),Animation|Children|Drama|Musical|Romance,114148,10530
222,-1.4176200293482808,4.518803587458292,3.4675342811829455,Circle of Friends (1995),Drama|Romance,112679,22625
49278,-1.645004633920536,5.203690061538601,3.4651273450485838,Déjà Vu (Deja Vu) (2006),Action|Sci-Fi|Thriller,453467,7551
5103,-2.315637033811901,7.3243775361504175,3.4650952542583955,"Sandlot, The (1993)",Children|Comedy|Drama,108037,11528
8781,-1.0408096931494935,3.28808939130398,3.464710741863385,"Manchurian Candidate, The (2004)",Thriller,368008,14462
516,-2.2654729873322554,7.118747739109344,3.4630096644637725,Renaissance Man (1994),Comedy|Drama,110971,11858
106002,-1.4154190707581389,4.440559436846086,3.462502154792551,Ender's Game (2013),Action|Adventure|Sci-Fi|IMAX,1731141,80274
4992,-1.6958453257943829,5.296840726921702,3.4610883993285873,Kate & Leopold (2001),Comedy|Romance,35423,11232
4700,-2.4051340468768445,7.482302078321258,3.459806986839343,"Princess Diaries, The (2001)",Children|Comedy|Romance,247638,9880
33679,-4.931121617007402,15.29389246485048,3.45882578354129,Mr. & Mrs. Smith (2005),Action|Adventure|Comedy|Romance,356910,787
6764,-1.6460209609629672,5.103661820801082,3.4587324241416866,"Rundown, The (2003)",Action|Adventure|Comedy,327850,10159
2302,-4.989649391392739,15.438680165147856,3.45805857334779,My Cousin Vinny (1992),Comedy,104952,10377
4370,-4.636520235022872,14.28819523659248,3.456749961069361,A.I. Artificial Intelligence (2001),Adventure|Drama|Sci-Fi,212720,644
1665,-1.1587219874503611,3.5568643590850515,3.4554794491157166,Bean (1997),Comedy,118689,1281
6586,-1.2729132803184104,3.891874250123486,3.454180605810651,American Wedding (American Pie 3) (2003),Comedy,328828,8273
31685,-3.6268424676505324,11.086740903352398,3.4541166997692216,Hitch (2005),Comedy|Romance,386588,8488
2881,-1.6589129735952928,5.06446706828661,3.4536908267112385,Double Jeopardy (1999),Action|Crime|Drama|Thriller,150377,10398
783,-3.32613743682867,10.139321494248607,3.453206638255132,"Hunchback of Notre Dame, The (1996)",Animation|Children|Drama|Musical|Romance,116583,10545
552,-5.538784327396666,16.878747722623498,3.4530986412459748,"Three Musketeers, The (1993)",Action|Adventure|Comedy|Romance,108333,10057
999,-1.3080732081906492,3.9615408098283167,3.451057042059885,2 Days in the Valley (1996),Crime|Film-Noir,115438,9401
8957,-2.6813310470734772,8.0941685360071,3.4499830262671773,Saw (2004),Horror|Mystery|Thriller,387564,176
44022,-1.9087756410226562,5.752631308656761,3.449440918764221,Ice Age 2: The Meltdown (2006),Adventure|Animation|Children|Comedy,438097,950
3717,-5.128150376345658,15.349433357041887,3.447156231001079,Gone in 60 Seconds (2000),Action|Crime,187078,9679
2124,-3.5078063712563665,10.492868070512067,3.446946164920775,"Addams Family, The (1991)",Children|Comedy|Fantasy,101272,2907
2427,-2.7644952740898185,8.182439662679268,3.443392948778243,"Thin Red Line, The (1998)",Action|Drama|War,120863,8741
2143,-1.2441296781157583,3.673127627347697,3.4425388345774803,Legend (1985),Adventure|Fantasy|Romance,89469,11976
4823,-2.181642933315134,6.408036610382307,3.440795860064798,Serendipity (2001),Comedy|Romance,240890,9778
1320,-4.686213676372701,13.636868469176687,3.4376070776295164,Alien³ (a.k.a. Alien 3) (1992),Action|Horror|Sci-Fi|Thriller,103644,8077
4023,-2.401734217628216,6.976944310117834,3.4370113524438457,"Family Man, The (2000)",Comedy|Drama|Romance,218967,5994
103253,-1.1739052391617468,3.4041334250460147,3.436403089571109,Elysium (2013),Action|Drama|Sci-Fi|IMAX,1535108,68724
79293,-1.7095380619987879,4.935877587206259,3.4349007063950294,Salt (2010),Action|Thriller,944835,27576
7173,-2.0000143200134635,5.774026606965812,3.4348688504536007,Along Came Polly (2004),Comedy|Romance,343135,5966
1015,-1.9274681952412784,5.551961494418363,3.434081193081897,Homeward Bound: The Incredible Journey (1993),Adventure|Children|Drama,107131,6878
4447,-4.416058815503181,12.648782971425453,3.4321208801194336,Legally Blonde (2001),Comedy|Romance,250494,8835
5378,-9.299150424893632,26.557801856526527,3.4311024190750823,Star Wars: Episode II - Attack of the Clones (2002),Action|Adventure|Sci-Fi|IMAX,121765,1894
1047,-3.6148345681171064,10.303832706001012,3.4304257659081974,"Long Kiss Goodnight, The (1996)",Action|Drama|Thriller,116908,11412
2294,-4.335603513974676,12.328270334170647,3.429570239192209,Antz (1998),Adventure|Animation|Children|Comedy|Fantasy,120587,8916
7163,-1.7214550540239708,4.867130016271778,3.427560105836722,Paycheck (2003),Action|Sci-Fi|Thriller,338337,9620
76,-1.626217909439948,4.592414504958405,3.427140510629073,Screamers (1995),Action|Sci-Fi|Thriller,114367,9102
748,-2.4213017381324056,6.836909784968093,3.4270985689975686,"Arrival, The (1996)",Action|Sci-Fi|Thriller,115571,10547
91535,-1.979129279407494,5.582652499206288,3.426735918176925,"Bourne Legacy, The (2012)",Action|Adventure|Drama|Thriller|IMAX,1194173,49040
361,-2.49050862824084,7.015757879611889,3.4262622259078244,It Could Happen to You (1994),Comedy|Drama|Romance,110167,10660
8371,-2.4924205213417334,7.015527962343741,3.425978069013763,"Chronicles of Riddick, The (2004)",Action|Sci-Fi|Thriller,296572,2789
6934,-7.461373562135129,20.970881638098508,3.425453170133631,"Matrix Revolutions, The (2003)",Action|Adventure|Sci-Fi|Thriller|IMAX,242653,605
2641,-4.3098304880978935,12.083230502539672,3.4245713675338383,Superman II (1980),Action|Sci-Fi,81573,8536
3168,-2.750502270684552,7.699806674175479,3.4240329905531914,Easy Rider (1969),Adventure|Drama,64276,624
73321,-1.7272215614004203,4.797322225382535,3.421211395083465,"Book of Eli, The (2010)",Action|Adventure|Drama,1037705,20504
6281,-3.079604872843269,8.542037976485528,3.420726607245555,Phone Booth (2002),Drama|Thriller,183649,1817
114180,-1.8224512120036618,5.047911630846157,3.420219343314848,"Maze Runner, The (2014)",Action|Mystery|Sci-Fi,1790864,198663
3686,-1.7871117325977708,4.9397470718102054,3.419468041362002,Flatliners (1990),Horror|Sci-Fi|Thriller,99582,1551
372,-2.098600376785569,5.790580430249546,3.418833824342294,Reality Bites (1994),Comedy|Drama|Romance,110950,2788
1747,-2.1916221028662957,6.032098215327164,3.4179233993205003,Wag the Dog (1997),Comedy,120885,586
4369,-4.373703322273938,12.027138389157146,3.417597166125224,"Fast and the Furious, The (2001)",Action|Crime|Thriller,232500,9799
6548,-2.162213984232615,5.943427141309942,3.417450870470008,Bad Boys II (2003),Action|Comedy|Crime|Thriller,172156,8961
5025,-1.5466527558802874,4.201167036866925,3.4131017273511097,Orange County (2002),Comedy,273923,11857
71745,-1.5407306372414955,4.172542701520077,3.4119954762714166,Where the Wild Things Are (2009),Adventure|Children|Drama|Fantasy|IMAX,386117,16523
5693,-1.441147126760096,3.862364302256257,3.4081244631901524,Saturday Night Fever (1977),Comedy|Drama|Romance,76666,11009
276,-2.669319610114972,7.153051050618745,3.408077878334246,Milk Money (1994),Comedy|Romance,110516,8986
56171,-1.8507868099316729,4.953441954448584,3.4076135562271856,"Golden Compass, The (2007)",Adventure|Children|Fantasy,385752,2268
533,-2.1807101445779953,5.833324538125926,3.407413475649502,"Shadow, The (1994)",Action|Adventure|Fantasy|Mystery,111143,8850
31696,-3.48445910923675,9.271829395830201,3.4054386487910944,Constantine (2005),Action|Fantasy|Horror|Thriller,360486,561
2532,-1.5598197467197115,4.150512993912042,3.405436366072335,Conquest of the Planet of the Apes (1972),Action|Sci-Fi,68408,1688
2802,-1.4612442378886743,3.876817092543145,3.4043315573474286,Tequila Sunrise (1988),Action|Drama|Romance|Thriller,96244,10396
1620,-1.4165522943353765,3.75521482685263,3.40402739558777,Kiss the Girls (1997),Crime|Drama|Mystery|Thriller,119468,9437
76077,-1.6703608343111918,4.4272899169504045,3.403962655290842,Hot Tub Time Machine (2010),Comedy|Sci-Fi,1231587,23048
8640,-1.4570775664637527,3.83571160656586,3.4013785873270144,King Arthur (2004),Action|Adventure|Drama|War,349683,9477
1464,-1.4944912754852426,3.9203485375722193,3.400036217616007,Lost Highway (1997),Crime|Drama|Fantasy|Film-Noir|Mystery|Romance,116922,638
3173,-1.9387786474251496,5.080208378668082,3.39961638947085,Any Given Sunday (1999),Drama,146838,9563
3863,-3.1078485643756624,8.121243956855787,3.398568701641664,"Cell, The (2000)",Drama|Horror|Thriller,209958,8843
2006,-6.004035239194619,15.613992031653053,3.396720864690211,"Mask of Zorro, The (1998)",Action|Comedy|Romance,120746,9342
2539,-3.724490799723322,9.614064915892898,3.3938498269299973,Analyze This (1999),Comedy,122933,9535
2340,-1.9776945133550299,5.104129788955861,3.39378059627032,Meet Joe Black (1998),Romance,119643,297
4148,-4.148467822772404,10.65584959533344,3.391936374995802,Hannibal (2001),Horror|Thriller,212985,9740
103249,-2.084811804955865,5.338483825447925,3.3907249965350066,World War Z (2013),Action|Drama|Horror|IMAX,816711,72190
82461,-2.127936705069229,5.435930160123946,3.3897923743628295,Tron: Legacy (2010),Action|Adventure|Sci-Fi|IMAX,1104001,20526
6287,-3.5668983110967156,9.101096101121811,3.389330402673975,Anger Management (2003),Comedy,305224,9506
1805,-2.4898015131553457,6.324353910125292,3.3875653398982757,Wild Things (1998),Crime|Drama|Mystery|Thriller,120890,617
4084,-1.9182944504357555,4.87166485163838,3.3874843952037232,Beverly Hills Cop II (1987),Action|Comedy|Crime|Thriller,92644,96
2116,-1.7601345962555655,4.402733642230087,3.3814678783675194,"Lord of the Rings, The (1978)",Adventure|Animation|Children|Fantasy,77869,123
78469,-2.0685191852673057,5.104352710594423,3.3760039487763245,"A-Team, The (2010)",Action|Comedy|Thriller,429493,34544
47200,-1.607513267782321,3.957125820432042,3.375017564010796,Crank (2006),Action|Thriller,479884,1948
2126,-1.2611729108815155,3.0968299213030366,3.374003707602849,Snake Eyes (1998),Action|Crime|Mystery|Thriller,120832,8688
481,-2.3715802643338746,5.809079217387601,3.3729959949622805,Kalifornia (1993),Drama|Thriller,107302,10909
382,-2.109763694323226,5.161406583360626,3.3724925708977733,Wolf (1994),Drama|Horror|Romance|Thriller,111742,10395
1020,-4.260478406778205,10.325455282067272,3.368631100612707,Cool Runnings (1993),Comedy,106611,864
8361,-5.395893538734174,13.010884805600764,3.3665285414186465,"Day After Tomorrow, The (2004)",Action|Adventure|Drama|Sci-Fi|Thriller,319262,435
3005,-2.093217435033784,5.034406061601201,3.365467682555047,"Bone Collector, The (1999)",Thriller,145681,9481
2496,-1.8740095542206892,4.5008714885297,3.364884160044185,Blast from the Past (1999),Comedy|Romance,124298,11622
6156,-1.9949298782779001,4.736875288125594,3.360101175978821,Shanghai Knights (2003),Action|Adventure|Comedy,300471,6038
2683,-12.29894271418522,29.111420792191087,3.3587717438028286,Austin Powers: The Spy Who Shagged Me (1999),Action|Adventure|Comedy,145660,817
4958,-2.845218202797785,6.730933425159464,3.3585422415998165,Behind Enemy Lines (2001),Action|Drama|War,159273,8007
60074,-3.8707021423743297,9.140948058649407,3.357803581303271,Hancock (2008),Action|Adventure|Comedy|Crime|Fantasy,448157,8960
1876,-5.386895822953027,12.705586998961317,3.357271525064924,Deep Impact (1998),Drama|Sci-Fi|Thriller,120647,8656
288,-13.018739114981718,30.662490923859814,3.3566680988515394,Natural Born Killers (1994),Action|Crime|Thriller,110632,241
1027,-3.4102043885246345,8.028632102622348,3.3564947091634094,Robin Hood: Prince of Thieves (1991),Adventure|Drama,102798,8367
586,-16.048395200458856,37.399863369349035,3.3521469679149085,Home Alone (1990),Children|Comedy,99785,771
2616,-2.4349735003702833,5.6683450866644645,3.351676106108997,Dick Tracy (1990),Action|Crime,99422,8592
5810,-3.8760583551893437,8.919031954913367,3.346667195475875,8 Mile (2002),Drama,298203,65
5219,-3.0865839801310586,7.096328891445423,3.346295026464748,Resident Evil (2002),Action|Horror|Sci-Fi|Thriller,120804,1576
4310,-5.815315088184745,13.326416120600264,3.3448750137184056,Pearl Harbor (2001),Action|Drama|Romance|War,213149,676
84772,-2.019638536087316,4.62638736507265,3.344702443522735,Paul (2011),Adventure|Comedy|Sci-Fi,1092026,39513
3617,-3.871665870574727,8.861428322940512,3.3443378801288026,Road Trip (2000),Comedy,215129,9285
60,-3.778599156412706,8.644582829079733,3.344144035025517,"Indian in the Cupboard, The (1995)",Adventure|Children|Fantasy,113419,11359
1135,-1.6496636488111132,3.7570009099664614,3.3421595527913,Private Benjamin (1980),Comedy,81375,10765
6155,-2.5839479768668276,5.867635426962753,3.3408771157849584,How to Lose a Guy in 10 Days (2003),Comedy|Romance,251127,9919
72378,-2.3632636566720606,5.366072893407972,3.3408416672755394,2012 (2009),Action|Drama|Sci-Fi|Thriller,1190080,14161
2657,-6.384217883558827,14.477780917153508,3.340283426522698,"Rocky Horror Picture Show, The (1975)",Comedy|Horror|Musical|Sci-Fi,73629,36685
786,-7.822970808771628,17.60029305993606,3.3367704485714116,Eraser (1996),Action|Drama|Thriller,116213,9268
2803,-1.9298131762023363,4.340409863754259,3.3366346774466105,"Pelican Brief, The (1993)",Crime|Drama|Mystery|Romance|Thriller,107798,9944
79592,-2.6713969017056476,6.0022148723394,3.3361815521928313,"Other Guys, The (2010)",Action|Comedy,1386588,27581
1722,-6.1761292999257416,13.86300339870351,3.335738397875475,Tomorrow Never Dies (1997),Action|Adventure|Thriller,120347,714
58025,-2.3214934931857005,5.192592280076992,3.3341721396767516,Jumper (2008),Action|Adventure|Drama|Sci-Fi|Thriller,489099,8247
2723,-3.7349557041831973,8.319274052110124,3.332297936173735,Mystery Men (1999),Action|Comedy|Fantasy,132347,9824
1894,-1.8220165842911231,4.036059002695481,3.329815535925063,Six Days Seven Nights (1998),Adventure|Comedy|Romance,120828,6068
7,-7.733576728193231,17.11727679445764,3.3294505479459318,Sabrina (1995),Comedy|Romance,114319,11860
68554,-2.200551469927795,4.865236528993078,3.3289490677609885,Angels & Demons (2009),Crime|Drama|Mystery|Thriller,808151,13448
8985,-1.6373396150843051,3.6164403774546128,3.3285011664943047,Blade: Trinity (2004),Action|Fantasy|Horror|Thriller,359013,36648
5944,-1.8903004769112155,4.1736921741694655,3.3283416528771017,Star Trek: Nemesis (2002),Action|Drama|Sci-Fi|Thriller,253754,201
8969,-2.02788976525658,4.466667930298518,3.3272450587559996,Bridget Jones: The Edge of Reason (2004),Comedy|Drama|Romance,317198,9801
2384,-2.6119101851890485,5.744481191430351,3.326568429381588,Babe: Pig in the City (1998),Adventure|Children|Drama,120595,9447
5463,-1.8040193291871496,3.9401508020198386,3.3233947142563505,Reign of Fire (2002),Action|Adventure|Fantasy,253556,6278
3791,-2.6052572346874707,5.645831549377218,3.3198021600397354,Footloose (1984),Drama,87277,1788
4638,-5.30079860638246,11.470353845719556,3.3191196929885667,Jurassic Park III (2001),Action|Adventure|Sci-Fi|Thriller,163025,331
1042,-4.33366096412967,9.372442568593373,3.3188667450448492,That Thing You Do! (1996),Comedy|Drama,117887,9591
37386,-3.104970076476819,6.711326611156015,3.3186038208274127,Aeon Flux (2005),Action|Sci-Fi,402022,8202
3269,-3.8344165742134284,8.287893184113976,3.3185973057169167,Forever Young (1992),Drama|Romance|Sci-Fi,104291,10326
1690,-6.296734714039782,13.605362957590815,3.318437337753897,Alien: Resurrection (1997),Action|Horror|Sci-Fi,118583,8078
4718,-5.276306792763278,11.3754158645442,3.3174158517140686,American Pie 2 (2001),Comedy,252866,2770
410,-11.451633252527976,24.613390403564328,3.3159897250234422,Addams Family Values (1993),Children|Comedy|Fantasy,106220,2758
2581,-3.4545031940699547,7.383896832925603,3.3134072329094333,Never Been Kissed (1999),Comedy|Romance,151738,11355
56775,-3.475444893296244,7.421094480358247,3.3129303425458057,National Treasure: Book of Secrets (2007),Action|Adventure,465234,6637
1833,-1.3647946716491264,2.8755178672593766,3.3066244681738444,Mercury Rising (1998),Action|Drama|Thriller,120749,8838
367,-22.011861336894796,46.30564673962347,3.305889813686066,"Mask, The (1994)",Action|Comedy|Crime|Fantasy,110475,854
2378,-2.6372513366813797,5.540075788107819,3.305218450700461,Police Academy (1984),Comedy|Crime,87928,9336
383,-3.470025089927122,7.267170817073877,3.3037568049479082,Wyatt Earp (1994),Western,111756,12160
315,-5.732480903143384,11.932559880598173,3.3008434082796803,"Specialist, The (1994)",Action|Drama|Thriller,111255,2636
1792,-3.4318047979292907,7.112000872857923,3.298712894515488,U.S. Marshals (1998),Action|Crime|Thriller,120873,11808
71530,-2.3888950947003726,4.9395243593043405,3.297621529462739,Surrogates (2009),Action|Sci-Fi|Thriller,986263,19959
3257,-4.619916642232693,9.535740316771848,3.2967657329921485,"Bodyguard, The (1992)",Drama|Romance|Thriller,103855,619
2108,-2.7749434515048947,5.721334914286533,3.2962333023130688,L.A. Story (1991),Comedy|Romance,102250,2107
45672,-3.6093263518523764,7.429711137064073,3.2954537423163694,Click (2006),Adventure|Comedy|Drama|Fantasy|Romance,389860,9339
51086,-2.0109472925087,4.117484787728105,3.292857957821689,"Number 23, The (2007)",Drama|Mystery|Thriller,481369,3594
52245,-1.9866323296171775,4.033273461118231,3.2886893402262087,Blades of Glory (2007),Comedy|Romance,445934,9955
3624,-4.706879065535205,9.553190676804952,3.288547746682561,Shanghai Noon (2000),Action|Adventure|Comedy|Western,184894,8584
102407,-2.1757322179191476,4.406450734004787,3.2874894077463908,"Great Gatsby, The (2013)",Drama,1343092,64682
2717,-6.327822980302463,12.803412168698348,3.287020617808956,Ghostbusters II (1989),Comedy|Fantasy|Sci-Fi,97428,2978
157,-1.4987435590570024,3.0087893105800196,3.2831283616170044,Canadian Bacon (1995),Comedy|War,109370,1775
5,-7.734361394098434,15.474495757667633,3.281436564046676,Father of the Bride Part II (1995),Comedy,113041,11862
4343,-3.0421203662347946,6.071538236250634,3.280204013494377,Evolution (2001),Comedy|Sci-Fi,251075,9397
88,-2.16621268385583,4.28458044523638,3.275666733222743,Black Sheep (1996),Comedy,115697,13997
3157,-2.6179964982789894,5.164738926899653,3.274351969250454,Stuart Little (1999),Children|Comedy|Fantasy,164912,10137
1367,-4.373548732934029,8.583262902303499,3.2717062200679514,101 Dalmatians (1996),Adventure|Children|Comedy,115433,11674
3263,-2.57694913366569,5.049836451981322,3.2709466173327786,White Men Can't Jump (1992),Comedy|Drama,105812,10158
4025,-6.703361316035247,13.10582015359867,3.269770311892506,Miss Congeniality (2000),Comedy|Crime,212346,1493
79,-3.55150100426635,6.934286720271577,3.2690847787785104,"Juror, The (1996)",Drama|Thriller,116731,9623
2405,-3.436192886473578,6.705229706280889,3.2687854723805634,"Jewel of the Nile, The (1985)",Action|Adventure|Comedy|Romance,89370,10303
2617,-11.031794404958953,21.525840613800167,3.26875926431204,"Mummy, The (1999)",Action|Adventure|Comedy|Fantasy|Horror|Thriller,120616,564
1513,-3.644390968916994,7.097066938321612,3.267743436361431,Romy and Michele's High School Reunion (1997),Comedy,120032,9611
3285,-4.063223524018213,7.9116761498980805,3.2676770309525263,"Beach, The (2000)",Adventure|Drama,163978,1907
46,-2.4950531422160314,4.854142227889036,3.267245154019986,How to Make an American Quilt (1995),Drama|Romance,113347,11861
1769,-2.348844264073803,4.568398602306322,3.267099647896824,"Replacement Killers, The (1998)",Action|Crime|Thriller,120008,11702
419,-2.864963079997752,5.565140491924348,3.2664449255638623,"Beverly Hillbillies, The (1993)",Comedy,106400,11041
2792,-2.655756774781842,5.15336351397234,3.2659057491554737,Airplane II: The Sequel (1982),Comedy,83530,2665
3258,-2.228260333367598,4.311481642939459,3.264430029260555,Death Becomes Her (1992),Comedy|Fantasy,104070,9374
273,-4.134036704820954,7.99114935578322,3.2639231420678203,Mary Shelley's Frankenstein (Frankenstein) (1994),Drama|Horror|Sci-Fi,109836,3036
1544,-11.109237747277056,21.36931903333741,3.261381434694881,"Lost World: Jurassic Park, The (1997)",Action|Adventure|Sci-Fi|Thriller,119567,330
168,-7.922901450682497,15.155333125534424,3.2584702720800713,First Knight (1995),Action|Drama|Romance,113071,6520
442,-12.064506252674146,23.075925947441668,3.2584321612994103,Demolition Man (1993),Action|Adventure|Sci-Fi,106697,9739
303,-6.079273936669856,11.611373054966736,3.2576880246565683,"Quick and the Dead, The (1995)",Action|Thriller|Western,114214,12106
12,-2.057594966994449,3.9001984309785436,3.2536885243863782,Dracula: Dead and Loving It (1995),Comedy|Horror,112896,12110
185,-20.367899274444124,38.58748576666496,3.2534131030907254,"Net, The (1995)",Action|Crime|Thriller,113957,1642
520,-9.32568955370133,17.62638032683286,3.252174327530307,Robin Hood: Men in Tights (1993),Comedy,107977,8005
3986,-2.728005390322997,5.116509346789118,3.2480730482451845,"6th Day, The (2000)",Action|Sci-Fi|Thriller,216216,8452
707,-3.817130469568348,7.150375800619851,3.2474137315060867,Mulholland Falls (1996),Crime|Drama|Thriller,117107,10990
485,-7.113555862340603,13.273666166954275,3.2453351113059172,Last Action Hero (1993),Action|Adventure|Comedy|Fantasy,107362,9593
5449,-3.06034815704628,5.698902667349666,3.244243527232313,Mr. Deeds (2002),Comedy|Romance,280590,2022
59615,-6.6306183354995,12.320969223073641,3.2430928406650756,Indiana Jones and the Kingdom of the Crystal Skull (2008),Action|Adventure|Comedy|Sci-Fi,367882,217
1377,-9.169653488360698,16.82080320586603,3.236112361149005,Batman Returns (1992),Action|Crime,103776,364
88405,-2.8405930348781823,5.210618523334923,3.236095432072512,Friends with Benefits (2011),Comedy|Romance,1632708,50544
5507,-3.043754596406084,5.581004417171997,3.2358725332373153,xXx (2002),Action|Crime|Thriller,295701,7451
3156,-2.5462451395222763,4.642990813958903,3.232843877062818,Bicentennial Man (1999),Drama|Romance|Sci-Fi,182789,2277
5266,-5.521831153708524,10.061511258893239,3.2324427221648167,Panic Room (2002),Thriller,258000,4547
370,-7.8819162476082925,14.328290789109111,3.2311553785602474,Naked Gun 33 1/3: The Final Insult (1994),Action|Comedy,110622,36593
5283,-3.321012659020935,6.018885572655384,3.229484716017287,National Lampoon's Van Wilder (2002),Comedy,283111,11452
653,-10.375818719875275,18.77949116932168,3.2287420500339574,Dragonheart (1996),Action|Adventure|Fantasy,116136,8840
489,-2.6175673931603627,4.724864255056391,3.227251684310652,Made in America (1993),Comedy,107478,12121
1373,-4.023329900636446,7.247515680804434,3.2261177970907577,Star Trek V: The Final Frontier (1989),Action|Sci-Fi,98382,172
248,-3.2700245975642472,5.88696990205932,3.2257818905142948,Houseguest (1994),Comedy,110066,17207
79695,-3.0156943405511507,5.406612838197132,3.223471244053792,"Expendables, The (2010)",Action|Adventure|Thriller,1320253,27578
6367,-2.203936999436671,3.9202654597229047,3.21905938819336,Down with Love (2003),Comedy|Romance,309530,10720
1588,-2.747392689192087,4.87819179951463,3.2180511265431235,George of the Jungle (1997),Children|Comedy,119190,10603
4728,-2.6287366594077346,4.652904759797123,3.2162833329075737,Rat Race (2001),Comedy,250687,9896
135,-3.1340243411313704,5.5460552166452715,3.2161593808812676,Down Periscope (1996),Comedy,116130,9101
2598,-3.0436257494403214,5.3678544574975176,3.2142403676543383,Pushing Tin (1999),Comedy,120797,12596
5481,-8.784179713294785,15.488529233303543,3.214109052409829,Austin Powers in Goldmember (2002),Comedy,295178,818
1037,-3.3242368621927727,5.860822013911287,3.2140537454292097,"Lawnmower Man, The (1992)",Action|Horror|Sci-Fi|Thriller,104692,10163
81,-3.002486703943523,5.2859753101654245,3.213240132424646,Things to Do in Denver When You're Dead (1995),Crime|Drama|Romance,114660,400
7318,-2.5627461691777804,4.500260685570221,3.2117839670812813,"Passion of the Christ, The (2004)",Drama,335345,615
231,-22.807551022759743,39.9902499528439,3.210922220620616,Dumb & Dumber (Dumb and Dumber) (1994),Adventure|Comedy,109686,8467
227,-3.6196354404625564,6.341773531202237,3.2104893363003453,Drop Zone (1994),Action|Thriller,109676,4954
3988,-5.261911455610609,9.212128223272948,3.2100561610862726,How the Grinch Stole Christmas (a.k.a. The Grinch) (2000),Children|Comedy|Fantasy,170016,8871
2367,-1.9088042141626695,3.3399084183247356,3.209736232683488,King Kong (1976),Adventure|Fantasy|Romance|Sci-Fi|Thriller,74751,10730
2735,-2.702508039854022,4.724654362741771,3.2092489052395714,"Golden Child, The (1986)",Action|Adventure|Comedy|Fantasy|Mystery,91129,10136
1405,-3.950422833839643,6.874516762347361,3.20660273448901,Beavis and Butt-Head Do America (1996),Adventure|Animation|Comedy|Crime,115641,3179
2567,-3.297485441458446,5.732551034482498,3.2060288032933006,EDtv (1999),Comedy,131369,11374
1883,-3.3087926333348894,5.739155483069284,3.2047205669559724,Bulworth (1998),Comedy|Drama|Romance,118798,9452
3438,-4.036989297395358,6.989756787225707,3.203692176068926,Teenage Mutant Ninja Turtles (1990),Action|Children|Comedy|Fantasy|Sci-Fi,100758,1498
1717,-4.460105222585017,7.681298502581592,3.2006053810672235,Scream 2 (1997),Comedy|Horror|Mystery|Thriller,120082,4233
60072,-3.662292220919339,6.289869026910644,3.1989975519763445,Wanted (2008),Action|Thriller,493464,8909
6534,-5.436587941856965,9.274424854082039,3.1950586791147173,Hulk (2003),Action|Adventure|Sci-Fi,286716,1927
51412,-3.163949582963863,5.384561756134656,3.1936536200786847,Next (2007),Action|Sci-Fi|Thriller,435705,1738
2410,-4.379237829363274,7.452543725365326,3.193633556121684,Rocky III (1982),Action|Drama,84602,1371
1388,-2.8550416439240878,4.83491555660016,3.190745156637882,Jaws 2 (1978),Horror|Thriller,77766,579
4980,-3.179465172379158,5.381339983010218,3.190418610125756,Bill & Ted's Bogus Journey (1991),Adventure|Comedy|Fantasy|Sci-Fi,101452,1649
159,-2.896871010644009,4.892705701599158,3.1891705668107635,Clockers (1995),Crime|Drama|Mystery,112688,20649
68319,-5.1673908731034,8.672691437138162,3.1854268562003165,X-Men Origins: Wolverine (2009),Action|Sci-Fi|Thriller,458525,2080
5872,-4.124369367906374,6.909287040499678,3.1843188337595922,Die Another Day (2002),Action|Adventure|Thriller,246460,36669
1614,-4.107585638238206,6.87474536115836,3.183760954957457,In & Out (1997),Comedy,119360,10806
2840,-2.55659123525066,4.253454517645521,3.1801878225199243,Stigmata (1999),Drama|Thriller,145531,10307
344,-30.951029853560545,51.236025320224506,3.1771627575562356,Ace Ventura: Pet Detective (1994),Comedy,109040,3049
5459,-10.022038566193466,16.555315204973848,3.1758832137599122,Men in Black II (a.k.a. MIIB) (a.k.a. MIB 2) (2002),Action|Comedy|Sci-Fi,120912,608
3264,-3.6788694047104897,6.032362639820663,3.1713946225115404,Buffy the Vampire Slayer (1992),Action|Comedy|Horror,103893,10206
186,-8.83675805566397,14.468676012045808,3.170499062073403,Nine Months (1995),Comedy|Romance,113986,11472
4270,-6.542078240472626,10.70621710978881,3.1701959215770006,"Mummy Returns, The (2001)",Action|Adventure|Comedy|Thriller,209163,1734
52722,-7.559394327555815,12.360650567965148,3.169680756583468,Spider-Man 3 (2007),Action|Adventure|Sci-Fi|Thriller|IMAX,413300,559
2054,-11.97144160803322,19.18740524682924,3.1573281705442064,"Honey, I Shrunk the Kids (1989)",Adventure|Children|Comedy|Fantasy|Sci-Fi,97523,9354
53121,-2.7813240604490184,4.444702302463581,3.1554885326580955,Shrek the Third (2007),Adventure|Animation|Children|Comedy|Fantasy,413267,810
4643,-8.01706285779443,12.792069426070052,3.1545287116731493,Planet of the Apes (2001),Action|Adventure|Drama|Sci-Fi,133152,869
4367,-5.457343661931915,8.683643966647079,3.152787679984273,Lara Croft: Tomb Raider (2001),Action|Adventure,146316,1995
637,-4.923632667085222,7.830707299723265,3.152490444844661,Sgt. Bilko (1996),Comedy,117608,9099
540,-4.791462719614973,7.612285845749571,3.1518119852869373,Sliver (1993),Thriller,108162,867
1485,-11.291137685374435,17.938064417574257,3.1517987507971568,Liar Liar (1997),Comedy,119528,1624
3273,-3.634368050153044,5.769789764419588,3.1513540126853465,Scream 3 (2000),Comedy|Horror|Mystery|Thriller,134084,4234
3247,-5.482062980569929,8.625915741197888,3.145716045169753,Sister Act (1992),Comedy|Crime,105417,2005
239,-2.0885189255974494,3.283281579608651,3.1451430323668976,"Goofy Movie, A (1995)",Animation|Children|Comedy|Romance,113198,15789
338,-4.037880263861485,6.32543033812799,3.142893491484567,Virtuosity (1995),Action|Sci-Fi|Thriller,114857,9271
2805,-2.4840010439067015,3.8856808763907633,3.1419796935450672,Mickey Blue Eyes (1999),Comedy|Romance,130121,10154
7454,-4.433837534867677,6.92151690265489,3.140662545452351,Van Helsing (2004),Action|Adventure|Fantasy|Horror,338526,7131
4069,-4.25669060630672,6.636739577474406,3.139867297660504,"Wedding Planner, The (2001)",Comedy|Romance,209475,2018
1590,-4.8024867057729965,7.487485241256022,3.1398482596787542,Event Horizon (1997),Horror|Sci-Fi|Thriller,119081,8413
2505,-2.8588591702607493,4.4495410538542615,3.1387436171724996,8MM (1999),Drama|Mystery|Thriller,134273,8224
5308,-3.530700515508829,5.492261451361636,3.1384000730753496,Three Men and a Baby (1987),Comedy,94137,12154
1974,-3.232451574041323,5.026215525668889,3.1381317504114294,Friday the 13th (1980),Horror|Mystery|Thriller,80761,4488
2794,-2.970602700643611,4.593235481530913,3.134515891580327,European Vacation (aka National Lampoon's European Vacation) (1985),Adventure|Comedy|Romance,89670,11418
2605,-6.969620639187854,10.771385272203707,3.134200450103769,Entrapment (1999),Crime|Thriller,137494,1844
3623,-11.7402464532592,18.086984410660847,3.1321508722736486,Mission: Impossible II (2000),Action|Adventure|Thriller,120755,955
2986,-3.517817480039706,5.406854539198855,3.130628311564627,RoboCop 2 (1990),Action|Crime|Sci-Fi|Thriller,100502,5549
23,-2.979623800197252,4.575934953819662,3.130099321697766,Assassins (1995),Action|Crime|Thriller,112401,9691
2402,-3.7578336854206476,5.7683587691541245,3.1297938086723747,Rambo: First Blood Part II (1985),Action|Adventure|Thriller,89880,1369
765,-2.6384846407536484,4.047996904607281,3.1294500972009835,Jack (1996),Comedy|Drama,116669,7095
267,-2.411628998870943,3.6697799748209396,3.124091162614994,Major Payne (1995),Comedy,110443,11008
5620,-4.381365212130857,6.653496733679349,3.122744445853221,Sweet Home Alabama (2002),Comedy|Romance,256415,11529
111360,-3.171422279085129,4.8144399432563985,3.122518837552707,Lucy (2014),Action|Sci-Fi,2872732,240832
110553,-3.00972667068657,4.558542713741257,3.1210113668562482,The Amazing Spider-Man 2 (2014),Action|Sci-Fi|IMAX,1872181,102382
60397,-2.4872961489697496,3.766091352352714,3.1208051897669447,Mamma Mia! (2008),Comedy|Musical|Romance,795421,11631
34150,-7.873317777117972,11.845230242706494,3.116567511680843,Fantastic Four (2005),Action|Adventure|Sci-Fi,120667,9738
1591,-4.960445508543855,7.42407735917773,3.1130935947794525,Spawn (1997),Action|Adventure|Sci-Fi|Thriller,120177,10336
535,-2.9698974389668136,4.441639394136784,3.112601218147411,Short Cuts (1993),Drama,108122,695
1702,-2.732082723421359,4.039861994198299,3.104968965879551,Flubber (1997),Children|Comedy|Fantasy,119137,9574
8907,-3.0855536406669004,4.548176864871218,3.1028346582213056,Shark Tale (2004),Animation|Children|Comedy,307453,10555
836,-3.82353773130346,5.635368188663693,3.1027606937456693,Chain Reaction (1996),Action|Adventure|Thriller,115857,12123
761,-2.7722593129060438,4.082651899755606,3.102216199925545,"Phantom, The (1996)",Action|Adventure,117331,9826
719,-6.070227904300453,8.929487268004511,3.1014542802328493,Multiplicity (1996),Comedy,117108,9304
122,-3.908050158111402,5.740849668200783,3.100505911017067,Boomerang (1992),Comedy|Romance,103859,11066
20,-2.642118772247839,3.8622529222443593,3.097162722094538,Money Train (1995),Action|Comedy|Crime|Drama|Thriller,113845,11517
6564,-2.4308136352807996,3.5367930856848284,3.0939570515302215,Lara Croft Tomb Raider: The Cradle of Life (2003),Action|Adventure|Comedy|Romance|Thriller,325703,1996
5171,-3.262961070510923,4.728403843186136,3.09117349878564,"Time Machine, The (2002)",Action|Adventure|Sci-Fi,268695,2135
1779,-4.8857861267920395,7.0685649476178405,3.090050941662207,Sphere (1998),Sci-Fi|Thriller,120184,10153
1488,-3.021050225863115,4.322679892514166,3.082366529074621,"Devil's Own, The (1997)",Action|Drama|Thriller,118972,4477
3968,-4.525841130387816,6.445557734880097,3.079085716569262,Bedazzled (2000),Comedy,230030,1636
8810,-3.7547046707282004,5.326502300141036,3.076340144667932,AVP: Alien vs. Predator (2004),Action|Horror|Sci-Fi|Thriller,370263,395
160,-14.02535703332559,19.88670321804799,3.07598698207886,Congo (1995),Action|Adventure|Mystery|Sci-Fi,112715,10329
1483,-2.5750634723217734,3.6510112677782316,3.07594876202613,Crash (1996),Drama|Thriller,115964,884
108190,-3.729963800295175,5.284685731469896,3.0754439627029297,Divergent (2014),Adventure|Romance|Sci-Fi|IMAX,1840309,157350
3827,-5.95729868567562,8.406271063040206,3.0725769233971105,Space Cowboys (2000),Action|Adventure|Comedy|Sci-Fi,186566,5551
784,-10.216862683158096,14.396077801006273,3.0715523924512036,"Cable Guy, The (1996)",Comedy|Thriller,115798,9894
2082,-5.779327157567749,8.122868487345633,3.0697616316874,"Mighty Ducks, The (1992)",Children|Comedy,104868,10414
3354,-3.628865446337291,5.077430395638897,3.066545031370745,Mission to Mars (2000),Sci-Fi,183523,2067
880,-4.576678288183634,6.398677179136611,3.065996292897453,"Island of Dr. Moreau, The (1996)",Sci-Fi|Thriller,116654,9306
256,-7.0644097071937715,9.843749361903157,3.063595706923437,Junior (1994),Comedy|Sci-Fi,110216,6280
3697,-5.860861413375482,8.113236157004032,3.0588673924219765,Predator 2 (1990),Action|Sci-Fi|Thriller,100403,169
2052,-3.6335696808429114,5.029204804929554,3.058756266042774,Hocus Pocus (1993),Children|Comedy|Fantasy|Horror,107120,10439
122924,-3.3277610637424333,4.588506670255118,3.0560117955801713,X-Men: Apocalypse (2016),Action|Adventure|Fantasy|Sci-Fi,3385516,246655
3882,-5.197303345852045,7.133707535855671,3.052694393932105,Bring It On (2000),Comedy,204946,1588
78105,-2.8615906205369805,3.927388156150464,3.0526258411092,Prince of Persia: The Sands of Time (2010),Action|Adventure|Fantasy|Romance|IMAX,473075,9543
2369,-3.395204705389395,4.636928774461617,3.0490403547108165,Desperately Seeking Susan (1985),Comedy|Drama|Romance,89017,8130
111364,-3.638715672134402,4.968937884384,3.048957702429209,Godzilla (2014),Action|Adventure|Sci-Fi|IMAX,831387,124905
74789,-6.048425387969012,8.25184893165639,3.048271887447859,Alice in Wonderland (2010),Adventure|Fantasy|IMAX,1014759,12155
6541,-5.935028406393545,8.08735028556056,3.0473844614781167,"League of Extraordinary Gentlemen, The (a.k.a. LXG) (2003)",Action|Fantasy|Sci-Fi,311429,8698
100,-3.407286495246561,4.6191481233032965,3.0436062469423146,City Hall (1996),Drama|Thriller,115907,11062
788,-15.383287917678896,20.75224831644116,3.0399670825144556,"Nutty Professor, The (1996)",Comedy|Fantasy|Romance|Sci-Fi,117218,9327
2942,-4.405778721149765,5.915002279697958,3.0364019394297377,Flashdance (1983),Drama|Romance,85549,535
3113,-3.2627701639681295,4.380010000641768,3.036327175950001,End of Days (1999),Action|Fantasy|Horror|Mystery|Thriller,146675,9946
6157,-6.99502283552546,9.386902775754567,3.0360604249675056,Daredevil (2003),Action|Crime,287978,9480
849,-8.901361244029307,11.925737665623078,3.034850846571608,Escape from L.A. (1996),Action|Adventure|Sci-Fi|Thriller,116225,10061
2950,-3.5169070178076063,4.707764403231871,3.034206186943118,"Blue Lagoon, The (1980)",Adventure|Drama|Romance,80453,5689
8865,-2.836451845463425,3.780617496862789,3.0309886742891003,Sky Captain and the World of Tomorrow (2004),Action|Adventure|Sci-Fi,346156,5137
2421,-6.0246622917572425,8.008667388505753,3.0289823320810743,"Karate Kid, Part II, The (1986)",Action|Adventure|Drama,91326,8856
9,-3.39984988042712,4.477147484085622,3.021871593741607,Sudden Death (1995),Action,114576,9091
7004,-3.8720962745430154,5.086333636996903,3.019975614634511,Kindergarten Cop (1990),Action|Comedy|Crime|Thriller,99938,951
4054,-2.7860539877824197,3.6573640247504655,3.019484639165527,Save the Last Dance (2001),Drama|Romance,206275,9816
673,-10.216451298448444,13.371585775645647,3.0172081948003218,Space Jam (1996),Adventure|Animation|Children|Comedy|Fantasy|Sci-Fi,117705,2300
737,-4.005413300710569,5.234902434344269,3.0161139567193294,Barb Wire (1996),Action|Sci-Fi,115624,11867
2411,-6.140939086773464,7.970568119858337,3.010798229940874,Rocky IV (1985),Action|Drama,89927,1374
1911,-5.299270692862182,6.856445757883496,3.0083612312264196,Dr. Dolittle (1998),Comedy,118998,3050
2471,-4.57555210383979,5.892958072460137,3.0048061035502607,Crocodile Dundee II (1988),Action|Adventure|Comedy,92493,9396
3591,-4.078603294313107,5.2453567616214585,3.0036856317208915,Mr. Mom (1983),Comedy|Drama,85970,13105
7367,-3.585563413182616,4.585338607962929,2.9992875458001182,"Ladykillers, The (2004)",Comedy|Crime,335245,5516
6294,-2.911695992770791,3.713033460215929,2.9970676758204764,Bulletproof Monk (2003),Action|Adventure|Sci-Fi,245803,11817
1726,-4.201221367437834,5.3407342478018895,2.994612735183896,"Postman, The (1997)",Action|Adventure|Drama|Sci-Fi,119925,9922
432,-14.327925155976963,18.11839128073375,2.9904554894289594,City Slickers II: The Legend of Curly's Gold (1994),Adventure|Comedy|Western,109439,11310
158,-13.458160680220878,16.96458190094751,2.987940741599712,Casper (1995),Adventure|Children,112642,8839
19,-20.895572425524104,26.289924627585325,2.98643708491138,Ace Ventura: When Nature Calls (1995),Comedy,112281,9273
36401,-3.6859437941553095,4.632757453800093,2.9856238453206307,"Brothers Grimm, The (2005)",Comedy|Fantasy|Horror|Thriller,355295,4442
2724,-7.982777316950655,9.922357184245644,2.976725796305619,Runaway Bride (1999),Comedy|Romance,163187,4806
2722,-4.853625590079529,5.976971131309937,2.9691957552337978,Deep Blue Sea (1999),Action|Horror|Sci-Fi|Thriller,149261,8914
585,-9.759252609393535,11.970758584083402,2.9659924099662263,"Brady Bunch Movie, The (1995)",Comedy,112572,9066
2826,-5.755095346275101,7.040437477836386,2.963815778482065,"13th Warrior, The (1999)",Action|Adventure|Fantasy,120657,1911
542,-3.1931859611207964,3.8982327313680223,2.96211339066175,Son in Law (1993),Comedy|Drama|Romance,108186,13203
3861,-3.5491542549428803,4.308888839761521,2.9575681731424095,"Replacements, The (2000)",Comedy,191397,10393
1431,-4.781039734095756,5.777339245225382,2.953699685987078,Beverly Hills Ninja (1997),Action|Comedy,118708,9622
455,-9.753590720401274,11.758459151262016,2.9517544202276405,Free Willy (1993),Adventure|Children|Drama,106965,1634
204,-7.843216324794446,9.272157521506326,2.935361061992471,Under Siege 2: Dark Territory (1995),Action,114781,3512
2699,-12.714497404559207,14.89191689733227,2.927464913873728,Arachnophobia (1990),Comedy|Horror,99052,6488
327,-5.187351445280605,6.072890974921391,2.927068587469975,Tank Girl (1995),Action|Comedy|Sci-Fi,114614,9067
196,-12.841638298506776,14.949979868836792,2.922276439353167,Species (1995),Horror|Sci-Fi,114508,9348
172,-12.650357381431785,14.5749300731695,2.9132968468822193,Johnny Mnemonic (1995),Action|Sci-Fi|Thriller,113481,9886
53993,-3.9725405120213706,4.552753089797404,2.9086923275081507,Evan Almighty (2007),Comedy|Fantasy,413099,2698
2770,-6.258966763001249,7.166641169634829,2.9079028152444133,Bowfinger (1999),Comedy,131325,11353
65,-6.401063723518644,7.298183528357491,2.904173831447812,Bio-Dome (1996),Comedy,115683,9536
415,-6.096418269466438,6.944692429467988,2.9033972435920807,Another Stakeout (1993),Comedy|Thriller,106292,9409
3979,-5.549316341905212,6.312335629113803,2.902127629321824,Little Nicky (2000),Comedy,185431,9678
2710,-13.231999534955856,14.977581760771692,2.897796391610518,"Blair Witch Project, The (1999)",Drama|Horror|Thriller,185937,2667
4887,-2.943996281951186,3.328127268628676,2.8966698263024786,"One, The (2001)",Action|Sci-Fi|Thriller,267804,10796
413,-7.022933715037643,7.912628675170791,2.8936899847657402,Airheads (1994),Comedy,109068,13595
379,-5.228967684404115,5.865270260751137,2.889736640780794,Timecop (1994),Action|Sci-Fi|Thriller,111438,8831
3977,-16.02385159305476,17.91709074865879,2.8869167109909593,Charlie's Angels (2000),Action|Comedy,160127,4327
53464,-6.158945438763689,6.82893944792009,2.879361121961894,Fantastic Four: Rise of the Silver Surfer (2007),Action|Adventure|Sci-Fi,486576,1979
6383,-3.782354995557601,4.155505256418396,2.8710468232593667,"2 Fast 2 Furious (Fast and the Furious 2, The) (2003)",Action|Crime|Thriller,322259,584
6503,-6.188638806070274,6.786707723311424,2.869373704968634,Charlie's Angels: Full Throttle (2003),Action|Adventure|Comedy|Crime|Thriller,305357,9471
1021,-6.716253189897228,7.364341752994419,2.8692537207439415,Angels in the Outfield (1994),Children|Comedy,109127,24795
3785,-11.308909314844751,12.383597520737567,2.8680332725756688,Scary Movie (2000),Comedy|Horror,175142,4247
2088,-4.481443079735088,4.879340530038517,2.8627975710920954,Popeye (1980),Adventure|Comedy|Musical,81353,11335
2253,-4.370691983245326,4.739392555294731,2.859045095036474,Toys (1992),Comedy|Fantasy,105629,11597
2428,-4.137973573421362,4.468006196010215,2.8551159559195796,"Faculty, The (1998)",Horror|Sci-Fi,133751,9276
4621,-3.391153196391022,3.66005711785339,2.854720123370631,Look Who's Talking (1989),Comedy|Romance,97778,9494
420,-16.049688076298324,17.21833474422805,2.849122277860622,Beverly Hills Cop III (1994),Action|Comedy|Crime|Thriller,109254,306
3826,-8.998141936046284,9.65258575806384,2.8490499419659012,Hollow Man (2000),Horror|Sci-Fi|Thriller,164052,9383
234,-5.20154989151126,5.539441952672737,2.8422476606038423,Exit to Eden (1994),Comedy,109758,18395
4388,-5.590852189799517,5.941646123299391,2.8402900146996743,Scary Movie 2 (2001),Comedy,257106,4248
3825,-5.338748830553812,5.634119258856503,2.833675474560715,Coyote Ugly (2000),Comedy|Drama|Romance,200550,6282
45666,-4.412983282654405,4.623634116913704,2.8268097876849567,Nacho Libre (2006),Comedy,457510,9353
46965,-4.364332764762162,4.566750197428333,2.8255743837720257,Snakes on a Plane (2006),Action|Comedy|Horror|Thriller,417148,326
136864,-5.02404883928822,5.2392732463224325,2.8223292405427687,Batman v Superman: Dawn of Justice (2016),Action|Adventure|Fantasy|Sci-Fi,2975590,209112
5313,-5.670720044068627,5.8801710934026215,2.816870054312525,The Scorpion King (2002),Action|Adventure|Fantasy|Thriller,277296,9334
996,-3.544396163366581,3.654996717277684,2.8115103619663766,Last Man Standing (1996),Action|Crime|Drama|Thriller,116830,9333
2485,-5.461526582669381,5.615146168436416,2.8086082474615375,She's All That (1999),Comedy|Romance,160862,10314
173,-18.724769713240594,18.98887271910797,2.7951583554809054,Judge Dredd (1995),Action|Crime|Sci-Fi,113492,9482
2953,-7.86564188717935,7.974722023103652,2.7949283604406427,Home Alone 2: Lost in New York (1992),Children|Comedy,104431,772
4876,-3.2293631381948265,3.2659844078111453,2.7924632373674205,Thirteen Ghosts (a.k.a. Thir13en Ghosts) (2001),Horror|Thriller,245674,9378
58293,-3.7421562783945355,3.7097721131961086,2.7725208502082683,"10,000 BC (2008)",Adventure|Romance|Thriller,443649,7840
405,-4.374523002426987,4.323206048225494,2.769380118768529,Highlander III: The Sorcerer (a.k.a. Highlander: The Final Dimension) (1994),Action|Fantasy,110027,8011
1409,-4.022064625276235,3.9496270770857285,2.7629099065084746,Michael (1996),Comedy|Drama|Fantasy|Romance,117038,2928
3646,-4.83448712105959,4.737476732261384,2.7607729879102987,Big Momma's House (2000),Comedy,208003,9600
2468,-3.294900850502508,3.1950729392471566,2.7500059933968624,Jumpin' Jack Flash (1986),Action|Comedy|Romance|Thriller,91306,10945
1831,-7.687503517416502,7.372876296524185,2.7385765350502114,Lost in Space (1998),Action|Adventure|Sci-Fi,120738,2157
69526,-6.684192203397257,6.409317752045866,2.738363468375457,Transformers: Revenge of the Fallen (2009),Action|Adventure|Sci-Fi|IMAX,1055369,8373
3409,-6.728440148728986,6.427638389396038,2.7344519858131444,Final Destination (2000),Drama|Thriller,195714,9532
4015,-9.050695813665829,8.644891542436362,2.7343086101287613,"Dude, Where's My Car? (2000)",Comedy|Sci-Fi,242423,8859
33836,-4.822091941947871,4.578855593416036,2.728128583425918,Bewitched (2005),Comedy|Fantasy|Romance,374536,9722
4247,-6.599680868239015,6.261530648031488,2.7272457660177545,Joe Dirt (2001),Adventure|Comedy|Mystery|Romance,245686,10956
1091,-4.3463242290218504,4.07863667369906,2.715618635623371,Weekend at Bernie's (1989),Comedy,98627,8491
8373,-3.8316746623786555,3.5663709840918107,2.706859925304972,"Stepford Wives, The (2004)",Comedy|Fantasy|Thriller,327162,9890
2808,-4.782636171800476,4.423346357344659,2.700024451692282,Universal Soldier (1992),Action|Sci-Fi,105698,9349
355,-13.59696003346293,12.48232885720524,2.691953355142126,"Flintstones, The (1994)",Children|Comedy|Fantasy,109813,888
2642,-7.343075586008051,6.69457571697449,2.6843807136432907,Superman III (1983),Action|Adventure|Sci-Fi,86393,9531
4639,-5.772421860178802,5.23756302203317,2.679130420001433,America's Sweethearts (2001),Comedy|Romance,265029,11467
1920,-4.339287288520875,3.92434575584656,2.6755150691975347,Small Soldiers (1998),Animation|Children|Fantasy|War,122718,11551
3999,-5.0385071159734105,4.509296522018912,2.663890346668108,Vertical Limit (2000),Action|Adventure,190865,11678
435,-23.1975747967955,20.562842245502967,2.653119297458719,Coneheads (1993),Comedy|Sci-Fi,106598,9612
5943,-6.585758168080336,5.8339101777935225,2.6523747107860194,Maid in Manhattan (2002),Comedy|Romance,252076,7303
2053,-5.134737469749576,4.518846304299053,2.644956356073464,"Honey, I Blew Up the Kid (1992)",Children|Comedy|Sci-Fi,104437,11158
2404,-4.373603865417192,3.8356400046492816,2.640996295308703,Rambo III (1988),Action|Adventure|Thriller|War,95956,1370
762,-13.594384898567766,11.88074355990389,2.6370132200554828,Striptease (1996),Comedy|Crime,117765,9879
51077,-6.086672805730752,5.316723394209712,2.6364336893483573,Ghost Rider (2007),Action|Fantasy|Thriller,259324,1250
1359,-3.962459146970422,3.360617794658598,2.602163828944718,Jingle All the Way (1996),Children|Comedy,116705,9279
2701,-16.83473257243261,13.909787182186474,2.5709704219118192,Wild Wild West (1999),Action|Comedy|Sci-Fi|Western,120891,8487
193,-10.162216000804689,8.339325093794287,2.5626604057680504,Showgirls (1995),Drama,114436,10802
31221,-5.192934931134883,4.215221386728289,2.5493019662533247,Elektra (2005),Action|Adventure|Crime|Drama,357277,9947
1644,-10.158582348687418,8.240661370562961,2.548511429739484,I Know What You Did Last Summer (1997),Horror|Mystery|Thriller,119345,3597
743,-9.201175607486519,7.436075554412884,2.5438803279481235,Spy Hard (1996),Comedy,117723,10535
76175,-4.893487631349908,3.941823307016452,2.5398228712871616,Clash of the Titans (2010),Action|Adventure|Drama|Fantasy,800320,18823
3146,-5.294857683474524,4.260059345362232,2.538343267648465,Deuce Bigalow: Male Gigolo (1999),Comedy,205000,10402
63992,-6.8159512173188075,5.224695001296346,2.476685827150969,Twilight (2008),Drama|Fantasy|Romance|Thriller,1099212,8966
1562,-13.311748330851751,10.152625538491845,2.4700869940150296,Batman & Robin (1997),Action|Adventure|Fantasy|Thriller,118688,415
3440,-4.3303771015934105,3.2661319516184997,2.455407737685621,Teenage Mutant Ninja Turtles III (1993),Action|Adventure|Children|Comedy|Fantasy,108308,1499
6888,-5.320396337181644,3.9477862184795125,2.4335592449671615,Scary Movie 3 (2003),Comedy|Horror,306047,4256
43928,-6.237138363545723,4.50753156501747,2.397535456936782,Ultraviolet (2006),Action|Fantasy|Sci-Fi|Thriller,370032,9920
519,-6.892704803455299,4.915372250270511,2.37897504497477,RoboCop 3 (1993),Action|Crime|Drama|Sci-Fi|Thriller,107978,5550
2412,-6.621801563676988,4.718477587986125,2.377873585293578,Rocky V (1990),Action|Drama,100507,1375
374,-8.876495322889097,6.324655503106869,2.3777753103423587,Richie Rich (1994),Children|Comedy,110989,11011
1381,-7.446842946161377,5.2901334575316055,2.373564995782527,Grease 2 (1982),Comedy|Musical|Romance,84021,9037
181,-5.217700339275802,3.5921582029969534,2.3287251968335223,Mighty Morphin Power Rangers: The Movie (1995),Action|Children,113820,9070
3248,-4.989481560756644,3.419366523849446,2.3220674096653995,Sister Act 2: Back in the Habit (1993),Comedy,108147,6279
2643,-6.729140972849814,4.6016873328337535,2.318929980446229,Superman IV: The Quest for Peace (1987),Action|Adventure|Sci-Fi,94074,11411
546,-8.31290614187165,5.617904468300371,2.30153372695516,Super Mario Bros. (1993),Action|Adventure|Children|Comedy|Fantasy|Sci-Fi,108255,9607
2720,-8.162315434203464,5.336050551883082,2.2515954689595343,Inspector Gadget (1999),Action|Adventure|Children|Comedy,141369,332
1499,-13.900292400592768,8.935855094680115,2.2256864084076744,Anaconda (1997),Action|Adventure|Thriller,118615,9360
2450,-7.462293186784433,4.756481907421722,2.2123821343884718,Howard the Duck (1986),Adventure|Comedy|Sci-Fi,91225,10658
2338,-7.9067908608812285,4.795908185063798,2.1325968341923893,I Still Know What You Did Last Summer (1998),Horror|Mystery|Thriller,130018,3600
3593,-9.148831235001891,5.02224985813692,1.9595904506409327,Battlefield Earth (2000),Action|Sci-Fi,185183,5491
1556,-6.95809403679088,3.6956721422468712,1.89848229599235,Speed 2: Cruise Control (1997),Action|Romance|Thriller,120179,1639
